# NCA Z-up, recomputed normals from futuristic+tower+3d+model.glb
o rook
v 0.311742 -0.001761 1.018004
v 0.297652 -0.001761 1.049706
v 0.297652 -0.001761 1.049706
v -0.280039 -0.001761 1.060274
v -0.280039 -0.001761 1.060274
v -0.280039 -0.001761 1.060274
v 0.280039 -0.001761 1.060274
v 0.280039 -0.001761 1.060274
v 0.294129 -0.001761 1.165949
v 0.294129 -0.001761 1.165949
v -0.294129 -0.001761 1.197652
v -0.294129 -0.001761 1.197652
v -0.294129 -0.001761 1.197652
v -0.290607 -0.001761 1.222309
v -0.290607 -0.001761 1.222309
v -0.075734 -0.001761 1.320939
v -0.142661 -0.001761 1.356164
v -0.174364 -0.001761 1.380822
v 0.199022 -0.001761 1.409002
v 0.220157 -0.001761 1.444227
v 0.220157 -0.001761 1.666145
v 0.220157 -0.001761 1.666145
v -0.174364 -0.001761 1.729550
v -0.142661 -0.001761 1.754207
v 0.361057 -0.001761 0.697456
v 0.361057 -0.001761 0.697456
v 0.361057 -0.001761 0.697456
v 0.361057 -0.001761 0.697456
v -0.403327 -0.001761 0.563601
v -0.403327 -0.001761 0.563601
v 0.403327 -0.001761 0.563601
v 0.403327 -0.001761 0.563601
v 0.403327 -0.001761 0.563601
v 0.403327 -0.001761 0.563601
v 0.403327 -0.001761 0.563601
v -0.276517 -0.005284 1.106067
v -0.276517 -0.005284 1.106067
v 0.315264 -0.005284 1.282192
v 0.315264 -0.005284 1.282192
v 0.001761 -0.005284 1.306849
v -0.036986 -0.005284 1.310372
v 0.036986 -0.005284 1.310372
v 0.075734 -0.005284 1.320939
v 0.142661 -0.005284 1.356164
v 0.174364 -0.005284 1.380822
v -0.199022 -0.005284 1.409002
v -0.223679 -0.005284 1.444227
v -0.237769 -0.005284 1.479452
v -0.248337 -0.005284 1.518200
v -0.248337 -0.005284 1.518200
v 0.424462 -0.005284 1.542857
v 0.424462 -0.005284 1.542857
v -0.251859 -0.005284 1.553425
v -0.251859 -0.005284 1.553425
v -0.251859 -0.005284 1.553425
v 0.403327 -0.005284 1.567515
v 0.403327 -0.005284 1.567515
v 0.332877 -0.005284 1.574560
v 0.332877 -0.005284 1.574560
v -0.248337 -0.005284 1.592172
v -0.248337 -0.005284 1.592172
v -0.237769 -0.005284 1.630920
v -0.223679 -0.005284 1.666145
v -0.202544 -0.005284 1.701370
v 0.199022 -0.005284 1.701370
v 0.174364 -0.005284 1.729550
v 0.142661 -0.005284 1.754207
v -0.110959 -0.005284 1.775342
v -0.110959 -0.005284 1.775342
v 0.110959 -0.005284 1.775342
v 0.110959 -0.005284 1.775342
v -0.075734 -0.005284 1.789432
v 0.075734 -0.005284 1.789432
v -0.001761 -0.005284 1.800000
v -0.036986 -0.005284 1.800000
v 0.036986 -0.005284 1.800000
v -0.322309 -0.005284 0.781996
v -0.322309 -0.005284 0.781996
v -0.322309 -0.005284 0.781996
v -0.438552 -0.005284 0.429746
v -0.438552 -0.005284 0.429746
v -0.438552 -0.005284 0.429746
v -0.449119 -0.005284 0.398043
v -0.470254 -0.005284 0.366341
v -0.290607 -0.008806 1.056751
v -0.290607 -0.008806 1.056751
v 0.283562 -0.008806 1.127202
v 0.283562 -0.008806 1.127202
v 0.283562 -0.008806 1.229354
v 0.283562 -0.008806 1.229354
v 0.304697 -0.008806 1.239922
v 0.304697 -0.008806 1.239922
v 0.322309 -0.008806 1.257534
v 0.322309 -0.008806 1.257534
v 0.322309 -0.008806 1.257534
v 0.322309 -0.008806 1.257534
v 0.325832 -0.008806 1.275147
v 0.325832 -0.008806 1.275147
v 0.325832 -0.008806 1.275147
v 0.389237 -0.008806 1.331507
v 0.396282 -0.008806 1.342074
v 0.413894 -0.008806 1.377299
v 0.413894 -0.008806 1.377299
v 0.403327 -0.008806 1.398434
v 0.403327 -0.008806 1.398434
v 0.308219 -0.008806 1.553425
v 0.308219 -0.008806 1.553425
v 0.336399 -0.008806 0.831311
v 0.332877 -0.008806 0.796086
v 0.332877 -0.008806 0.796086
v -0.329354 -0.008806 0.785519
v -0.329354 -0.008806 0.785519
v -0.368102 -0.008806 0.690411
v 0.368102 -0.008806 0.679843
v 0.368102 -0.008806 0.679843
v 0.368102 -0.008806 0.679843
v -0.399804 -0.008806 0.549511
v -0.399804 -0.008806 0.549511
v -0.382192 -0.008806 0.545988
v -0.382192 -0.008806 0.545988
v -0.382192 -0.008806 0.545988
v -0.435029 -0.008806 0.528376
v -0.445597 -0.008806 0.510763
v -0.445597 -0.008806 0.510763
v -0.445597 -0.008806 0.510763
v -0.526615 -0.008806 0.331115
v -0.572407 -0.008806 0.288845
v -0.579452 -0.008806 0.271233
v -0.579452 -0.008806 0.271233
v -0.579452 -0.008806 0.271233
v -0.579452 -0.008806 0.271233
v -0.579452 -0.008806 0.253620
v -0.579452 -0.008806 0.253620
v -0.579452 -0.008806 0.253620
v -0.558317 -0.008806 0.193738
v -0.540705 -0.008806 0.176125
v -0.540705 -0.008806 0.176125
v -0.505480 -0.008806 0.165558
v -0.505480 -0.008806 0.165558
v -0.505480 -0.008806 0.165558
v -0.526615 -0.008806 0.119765
v -0.526615 -0.008806 0.119765
v -0.505480 -0.008806 0.116243
v -0.505480 -0.008806 0.116243
v -0.505480 -0.008806 0.116243
v -0.572407 -0.008806 0.095108
v -0.593542 -0.008806 0.070450
v -0.593542 -0.008806 0.070450
v -0.593542 -0.008806 0.000000
v -0.593542 -0.008806 0.000000
v 0.301174 -0.012329 1.028571
v 0.290607 -0.012329 1.053229
v 0.290607 -0.012329 1.053229
v 0.290607 -0.012329 1.053229
v 0.290607 -0.012329 1.053229
v 0.280039 -0.012329 1.095499
v 0.290607 -0.012329 1.204697
v 0.114481 -0.012329 1.335029
v 0.114481 -0.012329 1.335029
v 0.424462 -0.012329 1.412524
v 0.424462 -0.012329 1.412524
v 0.424462 -0.012329 1.412524
v 0.304697 -0.012329 1.493542
v 0.304697 -0.012329 1.493542
v -0.332877 -0.012329 0.789041
v -0.336399 -0.012329 0.708023
v -0.336399 -0.012329 0.708023
v 0.339922 -0.012329 0.704501
v 0.339922 -0.012329 0.704501
v 0.339922 -0.012329 0.704501
v -0.382192 -0.012329 0.545988
v -0.382192 -0.012329 0.545988
v 0.382192 -0.012329 0.545988
v 0.382192 -0.012329 0.545988
v 0.382192 -0.012329 0.545988
v 0.382192 -0.012329 0.545988
v 0.290607 -0.015851 1.165949
v -0.280039 -0.015851 1.236399
v -0.280039 -0.015851 1.236399
v -0.280039 -0.015851 1.236399
v -0.339922 -0.015851 0.803131
v -0.339922 -0.015851 0.803131
v -0.339922 -0.015851 0.803131
v 0.403327 -0.015851 0.574168
v 0.403327 -0.015851 0.574168
v 0.403327 -0.015851 0.574168
v -0.308219 -0.019374 1.042661
v 0.280039 -0.019374 1.053229
v 0.280039 -0.019374 1.053229
v 0.280039 -0.019374 1.053229
v -0.290607 -0.019374 1.225832
v 0.329354 -0.019374 0.820744
v 0.322309 -0.019374 0.789041
v 0.322309 -0.019374 0.789041
v -0.357534 -0.019374 0.704501
v -0.357534 -0.019374 0.704501
v -0.399804 -0.019374 0.563601
v -0.399804 -0.019374 0.563601
v 0.276517 -0.022896 1.123679
v 0.276517 -0.022896 1.123679
v 0.280039 -0.022896 1.208219
v -0.294129 -0.022896 1.215264
v -0.294129 -0.022896 1.215264
v -0.294129 -0.022896 1.215264
v -0.294129 -0.022896 1.215264
v 0.280039 -0.026419 1.165949
v -0.072211 -0.026419 1.320939
v 0.068689 -0.026419 1.789432
v 0.343444 -0.026419 0.686888
v 0.343444 -0.026419 0.686888
v 0.385714 -0.026419 0.563601
v 0.385714 -0.026419 0.563601
v 0.385714 -0.026419 0.563601
v 0.385714 -0.026419 0.563601
v 0.385714 -0.026419 0.563601
v 0.290607 -0.029941 1.028571
v 0.290607 -0.029941 1.028571
v -0.036986 -0.029941 1.310372
v 0.036986 -0.029941 1.310372
v 0.072211 -0.029941 1.320939
v -0.068689 -0.029941 1.789432
v -0.029941 -0.029941 1.800000
v 0.325832 -0.029941 0.817221
v 0.325832 -0.029941 0.817221
v 0.280039 -0.033464 1.028571
v 0.280039 -0.033464 1.028571
v 0.280039 -0.033464 1.028571
v 0.022896 -0.033464 1.800000
v 0.318787 -0.036986 0.813699
v 0.103914 -0.040509 1.335029
v 0.103914 -0.040509 1.335029
v -0.103914 -0.040509 1.775342
v -0.103914 -0.040509 1.775342
v 0.103914 -0.040509 1.775342
v 0.103914 -0.040509 1.775342
v -0.008806 -0.040509 1.800000
v -0.022896 -0.044031 1.310372
v 0.022896 -0.044031 1.310372
v -0.135616 -0.047554 1.356164
v -0.135616 -0.047554 1.356164
v 0.135616 -0.047554 1.356164
v 0.135616 -0.047554 1.356164
v 0.058121 -0.047554 1.789432
v -0.058121 -0.051076 1.320939
v 0.061644 -0.051076 1.320939
v -0.135616 -0.051076 1.754207
v 0.135616 -0.051076 1.754207
v 0.135616 -0.051076 1.754207
v -0.058121 -0.051076 1.789432
v 0.167319 -0.054599 1.380822
v -0.163797 -0.058121 1.380822
v -0.297652 -0.058121 1.493542
v -0.297652 -0.058121 1.493542
v -0.301174 -0.058121 1.553425
v -0.301174 -0.058121 1.553425
v -0.163797 -0.058121 1.729550
v 0.167319 -0.058121 1.729550
v -0.297652 -0.061644 1.239922
v -0.297652 -0.061644 1.239922
v 0.191977 -0.061644 1.409002
v 0.191977 -0.061644 1.409002
v 0.304697 -0.061644 1.553425
v 0.304697 -0.061644 1.553425
v 0.304697 -0.061644 1.553425
v 0.044031 -0.061644 1.789432
v -0.301174 -0.065166 1.042661
v -0.283562 -0.065166 1.225832
v -0.272994 -0.065166 1.236399
v -0.272994 -0.065166 1.236399
v -0.272994 -0.065166 1.236399
v -0.315264 -0.065166 1.257534
v -0.315264 -0.065166 1.257534
v -0.315264 -0.065166 1.257534
v -0.315264 -0.065166 1.271624
v -0.315264 -0.065166 1.271624
v -0.308219 -0.065166 1.282192
v -0.308219 -0.065166 1.282192
v 0.044031 -0.065166 1.320939
v -0.093346 -0.065166 1.335029
v -0.093346 -0.065166 1.335029
v -0.093346 -0.065166 1.335029
v -0.093346 -0.065166 1.335029
v -0.191977 -0.065166 1.409002
v 0.213112 -0.065166 1.444227
v 0.213112 -0.065166 1.444227
v 0.227202 -0.065166 1.479452
v 0.227202 -0.065166 1.479452
v -0.325832 -0.065166 1.574560
v -0.325832 -0.065166 1.574560
v 0.332877 -0.065166 1.574560
v 0.332877 -0.065166 1.574560
v 0.332877 -0.065166 1.574560
v -0.191977 -0.065166 1.701370
v 0.191977 -0.065166 1.701370
v 0.191977 -0.065166 1.701370
v -0.040509 -0.065166 1.789432
v -0.332877 -0.065166 0.806654
v -0.332877 -0.065166 0.806654
v -0.329354 -0.065166 0.708023
v -0.329354 -0.065166 0.708023
v -0.350489 -0.065166 0.704501
v -0.350489 -0.065166 0.704501
v -0.396282 -0.065166 0.563601
v -0.396282 -0.065166 0.563601
v -0.290607 -0.068689 1.056751
v -0.290607 -0.068689 1.056751
v -0.040509 -0.068689 1.320939
v 0.237769 -0.068689 1.518200
v 0.241292 -0.068689 1.553425
v 0.237769 -0.068689 1.592172
v 0.227202 -0.068689 1.630920
v 0.213112 -0.068689 1.666145
v 0.213112 -0.068689 1.666145
v 0.089824 -0.068689 1.775342
v -0.325832 -0.068689 0.789041
v -0.269472 -0.072211 1.106067
v -0.269472 -0.072211 1.106067
v -0.269472 -0.072211 1.106067
v 0.272994 -0.072211 1.236399
v 0.272994 -0.072211 1.236399
v 0.272994 -0.072211 1.236399
v -0.209589 -0.072211 1.444227
v 0.301174 -0.072211 1.493542
v 0.301174 -0.072211 1.493542
v 0.301174 -0.072211 1.493542
v -0.209589 -0.072211 1.666145
v -0.086301 -0.072211 1.775342
v -0.086301 -0.072211 1.775342
v -0.311742 -0.072211 0.781996
v -0.311742 -0.072211 0.781996
v -0.311742 -0.072211 0.781996
v -0.318787 -0.072211 0.781996
v -0.318787 -0.072211 0.781996
v -0.375147 -0.072211 0.545988
v -0.375147 -0.072211 0.545988
v 0.297652 -0.075734 1.239922
v 0.297652 -0.075734 1.239922
v 0.022896 -0.075734 1.320939
v -0.227202 -0.075734 1.479452
v -0.227202 -0.075734 1.479452
v -0.227202 -0.075734 1.630920
v -0.227202 -0.075734 1.630920
v 0.019374 -0.075734 1.789432
v -0.361057 -0.075734 0.690411
v -0.361057 -0.075734 0.690411
v -0.297652 -0.079256 1.035616
v -0.297652 -0.079256 1.035616
v -0.269472 -0.079256 1.060274
v -0.269472 -0.079256 1.060274
v -0.269472 -0.079256 1.060274
v 0.311742 -0.079256 1.257534
v 0.311742 -0.079256 1.257534
v 0.315264 -0.079256 1.275147
v 0.315264 -0.079256 1.275147
v 0.308219 -0.079256 1.282192
v 0.308219 -0.079256 1.282192
v -0.001761 -0.079256 1.320939
v -0.382192 -0.079256 1.331507
v -0.389237 -0.079256 1.342074
v -0.234247 -0.079256 1.518200
v -0.234247 -0.079256 1.518200
v -0.237769 -0.079256 1.553425
v -0.237769 -0.079256 1.553425
v -0.237769 -0.079256 1.553425
v -0.234247 -0.079256 1.592172
v -0.234247 -0.079256 1.592172
v -0.001761 -0.079256 1.789432
v 0.371624 -0.079256 0.542466
v 0.371624 -0.079256 0.542466
v 0.371624 -0.079256 0.542466
v 0.371624 -0.079256 0.542466
v 0.371624 -0.079256 0.542466
v -0.283562 -0.082779 1.197652
v -0.283562 -0.082779 1.197652
v -0.283562 -0.082779 1.197652
v -0.280039 -0.082779 1.222309
v -0.280039 -0.082779 1.222309
v 0.082779 -0.082779 1.335029
v 0.082779 -0.082779 1.335029
v 0.118004 -0.082779 1.356164
v 0.118004 -0.082779 1.356164
v 0.118004 -0.082779 1.356164
v -0.403327 -0.082779 1.377299
v -0.403327 -0.082779 1.377299
v -0.396282 -0.082779 1.567515
v -0.396282 -0.082779 1.567515
v -0.329354 -0.082779 0.810176
v -0.329354 -0.082779 0.810176
v -0.329354 -0.082779 0.810176
v -0.350489 -0.082779 0.697456
v -0.350489 -0.082779 0.697456
v -0.350489 -0.082779 0.697456
v -0.350489 -0.082779 0.697456
v 0.332877 -0.082779 0.690411
v 0.332877 -0.082779 0.690411
v 0.389237 -0.082779 0.549511
v 0.389237 -0.082779 0.549511
v -0.287084 -0.086301 1.049706
v -0.287084 -0.086301 1.049706
v -0.287084 -0.086301 1.049706
v -0.280039 -0.086301 1.165949
v -0.280039 -0.086301 1.165949
v -0.265949 -0.086301 1.229354
v -0.265949 -0.086301 1.229354
v -0.265949 -0.086301 1.229354
v -0.265949 -0.086301 1.229354
v -0.392759 -0.086301 1.398434
v -0.392759 -0.086301 1.398434
v -0.392759 -0.086301 1.398434
v 0.410372 -0.086301 1.567515
v 0.410372 -0.086301 1.567515
v 0.410372 -0.086301 1.567515
v 0.410372 -0.086301 1.567515
v 0.118004 -0.086301 1.754207
v 0.118004 -0.086301 1.754207
v 0.118004 -0.086301 1.754207
v -0.361057 -0.086301 0.676321
v -0.361057 -0.086301 0.676321
v -0.361057 -0.086301 0.676321
v -0.361057 -0.086301 0.676321
v -0.392759 -0.086301 0.563601
v -0.392759 -0.086301 0.563601
v -0.392759 -0.086301 0.563601
v -0.392759 -0.086301 0.563601
v -0.262427 -0.089824 1.095499
v -0.262427 -0.089824 1.095499
v -0.269472 -0.089824 1.127202
v -0.269472 -0.089824 1.127202
v -0.114481 -0.089824 1.356164
v -0.114481 -0.089824 1.356164
v -0.114481 -0.089824 1.356164
v -0.114481 -0.089824 1.356164
v -0.417417 -0.089824 1.412524
v -0.417417 -0.089824 1.412524
v -0.417417 -0.089824 1.542857
v -0.417417 -0.089824 1.542857
v -0.417417 -0.089824 1.542857
v -0.417417 -0.089824 1.542857
v -0.114481 -0.089824 1.754207
v -0.114481 -0.089824 1.754207
v 0.068689 -0.089824 1.775342
v 0.068689 -0.089824 1.775342
v -0.329354 -0.089824 0.704501
v -0.329354 -0.089824 0.704501
v -0.329354 -0.089824 0.704501
v -0.329354 -0.089824 0.704501
v 0.378669 -0.089824 0.560078
v 0.378669 -0.089824 0.560078
v 0.378669 -0.089824 0.560078
v 0.378669 -0.089824 0.560078
v 0.420939 -0.089824 0.528376
v 0.420939 -0.089824 0.528376
v 0.420939 -0.089824 0.528376
v -0.272994 -0.093346 1.053229
v -0.272994 -0.093346 1.053229
v -0.272994 -0.093346 1.053229
v -0.276517 -0.093346 1.204697
v 0.301174 -0.093346 1.630920
v 0.301174 -0.093346 1.630920
v 0.301174 -0.093346 1.630920
v -0.058121 -0.093346 1.775342
v -0.322309 -0.093346 0.831311
v -0.322309 -0.093346 0.831311
v -0.318787 -0.093346 0.796086
v -0.318787 -0.093346 0.796086
v -0.375147 -0.093346 0.549511
v -0.375147 -0.093346 0.549511
v -0.371624 -0.093346 0.545988
v -0.371624 -0.093346 0.545988
v -0.371624 -0.093346 0.545988
v -0.371624 -0.093346 0.545988
v -0.371624 -0.093346 0.545988
v 0.431507 -0.093346 0.510763
v 0.431507 -0.093346 0.510763
v 0.427984 -0.093346 0.429746
v 0.438552 -0.093346 0.398043
v 0.438552 -0.093346 0.398043
v -0.283562 -0.096869 1.025049
v -0.262427 -0.096869 1.053229
v -0.262427 -0.096869 1.053229
v -0.262427 -0.096869 1.053229
v -0.262427 -0.096869 1.053229
v -0.272994 -0.096869 1.165949
v 0.378669 -0.096869 1.331507
v 0.392759 -0.096869 1.398434
v 0.392759 -0.096869 1.398434
v 0.392759 -0.096869 1.398434
v 0.392759 -0.096869 1.398434
v 0.392759 -0.096869 1.398434
v 0.431507 -0.096869 1.542857
v 0.431507 -0.096869 1.542857
v 0.431507 -0.096869 1.542857
v -0.311742 -0.096869 0.792564
v -0.311742 -0.096869 0.792564
v -0.311742 -0.096869 0.792564
v -0.311742 -0.096869 0.792564
v -0.389237 -0.096869 0.549511
v -0.389237 -0.096869 0.549511
v -0.258904 -0.100391 1.123679
v -0.258904 -0.100391 1.123679
v -0.258904 -0.100391 1.123679
v -0.258904 -0.100391 1.123679
v -0.258904 -0.100391 1.123679
v -0.262427 -0.100391 1.208219
v -0.262427 -0.100391 1.208219
v 0.385714 -0.100391 1.342074
v 0.385714 -0.100391 1.342074
v 0.146184 -0.100391 1.380822
v 0.146184 -0.100391 1.380822
v 0.325832 -0.100391 1.652055
v 0.325832 -0.100391 1.652055
v 0.325832 -0.100391 1.652055
v 0.146184 -0.100391 1.729550
v 0.146184 -0.100391 1.729550
v -0.304697 -0.100391 0.789041
v -0.304697 -0.100391 0.789041
v -0.304697 -0.100391 0.789041
v -0.350489 -0.100391 0.683366
v -0.350489 -0.100391 0.683366
v -0.350489 -0.100391 0.683366
v -0.350489 -0.100391 0.683366
v -0.350489 -0.100391 0.683366
v -0.389237 -0.100391 0.574168
v -0.389237 -0.100391 0.574168
v -0.389237 -0.100391 0.574168
v 0.459687 -0.100391 0.366341
v 0.459687 -0.100391 0.366341
v -0.258904 -0.103914 1.165949
v 0.403327 -0.103914 1.377299
v 0.403327 -0.103914 1.377299
v 0.403327 -0.103914 1.377299
v -0.311742 -0.103914 0.820744
v -0.329354 -0.103914 0.686888
v -0.329354 -0.103914 0.686888
v -0.329354 -0.103914 0.686888
v -0.420939 -0.103914 0.528376
v -0.427984 -0.103914 0.429746
v -0.427984 -0.103914 0.429746
v -0.427984 -0.103914 0.429746
v -0.272994 -0.107436 1.028571
v -0.272994 -0.107436 1.028571
v -0.139139 -0.107436 1.380822
v -0.290607 -0.107436 1.553425
v -0.290607 -0.107436 1.553425
v -0.290607 -0.107436 1.553425
v -0.290607 -0.107436 1.553425
v -0.139139 -0.107436 1.729550
v -0.029941 -0.107436 1.775342
v 0.029941 -0.107436 1.775342
v 0.029941 -0.107436 1.775342
v -0.371624 -0.107436 0.563601
v -0.371624 -0.107436 0.563601
v -0.371624 -0.107436 0.563601
v -0.431507 -0.107436 0.510763
v -0.431507 -0.107436 0.510763
v -0.431507 -0.107436 0.510763
v -0.438552 -0.107436 0.398043
v 0.491389 -0.107436 0.165558
v 0.491389 -0.107436 0.165558
v 0.491389 -0.107436 0.116243
v 0.491389 -0.107436 0.116243
v -0.262427 -0.110959 1.028571
v -0.262427 -0.110959 1.028571
v -0.262427 -0.110959 1.028571
v -0.262427 -0.110959 1.028571
v -0.262427 -0.110959 1.028571
v -0.033464 -0.110959 1.335029
v -0.033464 -0.110959 1.335029
v -0.033464 -0.110959 1.335029
v 0.029941 -0.110959 1.335029
v 0.029941 -0.110959 1.335029
v 0.167319 -0.110959 1.409002
v 0.167319 -0.110959 1.409002
v 0.420939 -0.110959 1.412524
v 0.420939 -0.110959 1.412524
v -0.304697 -0.110959 0.817221
v -0.459687 -0.110959 0.366341
v 0.512525 -0.110959 0.331115
v 0.516047 -0.110959 0.119765
v 0.516047 -0.110959 0.119765
v -0.001761 -0.114481 1.335029
v -0.001761 -0.114481 1.335029
v 0.089824 -0.114481 1.356164
v 0.167319 -0.114481 1.701370
v 0.167319 -0.114481 1.701370
v 0.167319 -0.114481 1.701370
v 0.089824 -0.114481 1.754207
v 0.089824 -0.114481 1.754207
v -0.001761 -0.114481 1.775342
v -0.001761 -0.114481 1.775342
v -0.297652 -0.114481 0.813699
v -0.297652 -0.114481 0.813699
v 0.526615 -0.114481 0.176125
v 0.526615 -0.114481 0.176125
v 0.244814 -0.118004 1.116634
v 0.244814 -0.118004 1.116634
v 0.244814 -0.118004 1.116634
v 0.244814 -0.118004 1.116634
v -0.315264 -0.118004 1.574560
v -0.315264 -0.118004 1.574560
v -0.315264 -0.118004 1.574560
v -0.315264 -0.118004 1.574560
v 0.410372 -0.118004 1.634442
v 0.410372 -0.118004 1.634442
v 0.410372 -0.118004 1.634442
v 0.410372 -0.118004 1.634442
v 0.544227 -0.118004 0.193738
v 0.544227 -0.118004 0.193738
v -0.079256 -0.121526 1.356164
v -0.079256 -0.121526 1.356164
v -0.160274 -0.121526 1.409002
v -0.160274 -0.121526 1.409002
v 0.188454 -0.121526 1.444227
v 0.188454 -0.121526 1.444227
v 0.188454 -0.121526 1.444227
v -0.280039 -0.121526 1.493542
v -0.280039 -0.121526 1.493542
v -0.280039 -0.121526 1.493542
v -0.079256 -0.121526 1.754207
v -0.079256 -0.121526 1.754207
v -0.079256 -0.121526 1.754207
v 0.558317 -0.121527 0.288845
v 0.558317 -0.121527 0.288845
v 0.565362 -0.121527 0.271233
v 0.565362 -0.121527 0.253620
v -0.491389 -0.121526 0.165558
v -0.491389 -0.121526 0.165558
v -0.491389 -0.121526 0.165558
v -0.491389 -0.121526 0.116243
v -0.491389 -0.121526 0.116243
v -0.491389 -0.121526 0.116243
v 0.558317 -0.121527 0.095108
v 0.558317 -0.121527 0.095108
v -0.255382 -0.125049 1.236399
v -0.255382 -0.125049 1.236399
v -0.255382 -0.125049 1.236399
v -0.255382 -0.125049 1.236399
v -0.255382 -0.125049 1.236399
v 0.435029 -0.125049 1.609785
v 0.435029 -0.125049 1.609785
v 0.435029 -0.125049 1.609785
v 0.188454 -0.125049 1.666145
v 0.188454 -0.125049 1.666145
v -0.160274 -0.125049 1.701370
v -0.160274 -0.125049 1.701370
v -0.509002 -0.125049 0.331115
v 0.579452 -0.125049 0.070450
v 0.579452 -0.125049 0.070450
v 0.579452 -0.125049 0.000000
v 0.248337 -0.128571 1.236399
v 0.248337 -0.128571 1.236399
v 0.248337 -0.128571 1.236399
v -0.276517 -0.128571 1.239922
v -0.276517 -0.128571 1.239922
v -0.283562 -0.128571 1.630920
v -0.283562 -0.128571 1.630920
v -0.283562 -0.128571 1.630920
v -0.512525 -0.128571 0.119765
v -0.512525 -0.128571 0.119765
v 0.199022 -0.132094 1.479452
v 0.199022 -0.132094 1.479452
v 0.199022 -0.132094 1.630920
v -0.523092 -0.132094 0.176125
v -0.523092 -0.132094 0.176125
v 0.181409 -0.135616 1.109589
v 0.181409 -0.135616 1.109589
v 0.181409 -0.135616 1.109589
v 0.181409 -0.135616 1.109589
v 0.181409 -0.135616 1.239922
v 0.181409 -0.135616 1.239922
v -0.294129 -0.135616 1.257534
v -0.294129 -0.135616 1.257534
v -0.294129 -0.135616 1.275147
v -0.294129 -0.135616 1.275147
v -0.287084 -0.135616 1.282192
v -0.287084 -0.135616 1.282192
v 0.110959 -0.135616 1.380822
v -0.177887 -0.135616 1.444227
v -0.177887 -0.135616 1.444227
v 0.209589 -0.135616 1.518200
v 0.209589 -0.135616 1.553425
v 0.209589 -0.135616 1.592172
v -0.177887 -0.135616 1.666145
v -0.177887 -0.135616 1.666145
v -0.177887 -0.135616 1.666145
v -0.177887 -0.135616 1.666145
v 0.110959 -0.135616 1.729550
v -0.544227 -0.135616 0.193738
v 0.188454 -0.139139 1.120157
v 0.188454 -0.139139 1.120157
v 0.188454 -0.139139 1.120157
v 0.272994 -0.139139 1.239922
v 0.272994 -0.139139 1.239922
v 0.272994 -0.139139 1.239922
v 0.269472 -0.139139 1.292759
v 0.269472 -0.139139 1.292759
v 0.269472 -0.139139 1.292759
v 0.044031 -0.139139 1.356164
v -0.308219 -0.139139 1.652055
v -0.308219 -0.139139 1.652055
v -0.308219 -0.139139 1.652055
v -0.308219 -0.139139 1.652055
v 0.044031 -0.139139 1.754207
v -0.554795 -0.139139 0.288845
v -0.561840 -0.139139 0.253620
v -0.561840 -0.139139 0.253620
v -0.561840 -0.139139 0.253620
v -0.561840 -0.139139 0.253620
v -0.554795 -0.139139 0.095108
v 0.283562 -0.142662 1.282192
v 0.283562 -0.142662 1.282192
v 0.283562 -0.142662 1.282192
v -0.036986 -0.142661 1.356164
v -0.036986 -0.142661 1.356164
v -0.036986 -0.142661 1.356164
v -0.036986 -0.142661 1.754207
v -0.036986 -0.142661 1.754207
v -0.565362 -0.142661 0.271233
v -0.565362 -0.142661 0.271233
v -0.575930 -0.142661 0.070450
v -0.575930 -0.142661 0.070450
v -0.575930 -0.142661 0.000000
v -0.575930 -0.142661 0.000000
v 0.290607 -0.146184 1.257534
v 0.290607 -0.146184 1.257534
v 0.290607 -0.146184 1.275147
v 0.290607 -0.146184 1.275147
v 0.005284 -0.146184 1.356164
v -0.096869 -0.146184 1.380822
v -0.096869 -0.146184 1.380822
v -0.096869 -0.146184 1.380822
v -0.188454 -0.146184 1.479452
v -0.188454 -0.146184 1.479452
v 0.272994 -0.146184 1.493542
v 0.272994 -0.146184 1.493542
v -0.188454 -0.146184 1.630920
v -0.188454 -0.146184 1.630920
v 0.280039 -0.146184 1.630920
v 0.280039 -0.146184 1.630920
v -0.096869 -0.146184 1.729550
v -0.096869 -0.146184 1.729550
v 0.001761 -0.146184 1.754207
v 0.234247 -0.149706 1.032094
v 0.234247 -0.149706 1.032094
v 0.234247 -0.149706 1.032094
v 0.234247 -0.149706 1.032094
v 0.234247 -0.149706 1.032094
v 0.202544 -0.149706 1.148337
v 0.202544 -0.149706 1.148337
v 0.202544 -0.149706 1.239922
v 0.202544 -0.149706 1.239922
v 0.202544 -0.149706 1.239922
v -0.195499 -0.149706 1.518200
v -0.195499 -0.149706 1.592172
v 0.308219 -0.149707 0.690411
v 0.308219 -0.149707 0.690411
v 0.308219 -0.149707 0.690411
v 0.343444 -0.149707 0.542466
v 0.343444 -0.149707 0.542466
v 0.343444 -0.149707 0.542466
v 0.343444 -0.149707 0.542466
v -0.199022 -0.153229 1.553425
v -0.378669 -0.153229 1.567515
v -0.378669 -0.153229 1.567515
v -0.378669 -0.153229 1.567515
v 0.315264 -0.153229 0.683366
v 0.315264 -0.153229 0.683366
v 0.315264 -0.153229 0.683366
v 0.206067 -0.156752 1.116634
v 0.206067 -0.156752 1.116634
v 0.206067 -0.156752 1.116634
v 0.209589 -0.156752 1.239922
v 0.209589 -0.156752 1.239922
v 0.209589 -0.156752 1.239922
v 0.209589 -0.156752 1.239922
v 0.209589 -0.156752 1.239922
v 0.128571 -0.156751 1.409002
v 0.304697 -0.156752 1.652055
v 0.304697 -0.156752 1.652055
v 0.128571 -0.156751 1.701370
v -0.304697 -0.156751 0.690411
v -0.304697 -0.156751 0.690411
v -0.304697 -0.156751 0.690411
v 0.244814 -0.160274 1.025049
v 0.244814 -0.160274 1.025049
v 0.244814 -0.160274 1.025049
v 0.269472 -0.160274 0.827789
v 0.269472 -0.160274 0.827789
v 0.269472 -0.160274 0.827789
v 0.216634 -0.160274 0.799609
v 0.216634 -0.160274 0.799609
v 0.216634 -0.160274 0.799609
v -0.311742 -0.160274 0.683366
v -0.311742 -0.160274 0.683366
v 0.361057 -0.160274 0.545988
v 0.361057 -0.160274 0.545988
v 0.361057 -0.160274 0.545988
v 0.361057 -0.160274 0.545988
v 0.216634 -0.163797 1.049706
v 0.354012 -0.163797 0.560078
v 0.354012 -0.163797 0.560078
v 0.354012 -0.163797 0.560078
v 0.354012 -0.163797 0.560078
v -0.354012 -0.167319 1.331507
v 0.058121 -0.167319 1.380822
v -0.364579 -0.167319 1.398434
v -0.364579 -0.167319 1.398434
v -0.110959 -0.167319 1.409002
v -0.110959 -0.167319 1.409002
v -0.110959 -0.167319 1.409002
v -0.396282 -0.167319 1.412524
v -0.396282 -0.167319 1.412524
v -0.396282 -0.167319 1.412524
v -0.396282 -0.167319 1.412524
v -0.396282 -0.167319 1.412524
v -0.399804 -0.167319 1.542857
v -0.399804 -0.167319 1.542857
v -0.399804 -0.167319 1.542857
v -0.399804 -0.167319 1.542857
v -0.110959 -0.167319 1.701370
v -0.110959 -0.167319 1.701370
v -0.110959 -0.167319 1.701370
v -0.110959 -0.167319 1.701370
v -0.110959 -0.167319 1.701370
v 0.058121 -0.167319 1.729550
v 0.227202 -0.167319 0.693933
v 0.227202 -0.167319 0.693933
v 0.227202 -0.167319 0.693933
v 0.241292 -0.170842 1.035616
v 0.241292 -0.170842 1.035616
v 0.153229 -0.170842 1.109589
v 0.153229 -0.170842 1.109589
v 0.153229 -0.170842 1.109589
v 0.209589 -0.170842 1.116634
v 0.209589 -0.170842 1.116634
v 0.209589 -0.170842 1.116634
v 0.209589 -0.170842 1.116634
v 0.209589 -0.170842 1.116634
v 0.213112 -0.170842 1.120157
v 0.213112 -0.170842 1.120157
v 0.213112 -0.170842 1.120157
v 0.213112 -0.170842 1.120157
v 0.220157 -0.170842 1.130724
v 0.220157 -0.170842 1.130724
v 0.220157 -0.170842 1.130724
v 0.220157 -0.170842 1.144814
v 0.220157 -0.170842 1.144814
v 0.220157 -0.170842 1.236399
v 0.220157 -0.170842 1.236399
v 0.220157 -0.170842 1.236399
v 0.332877 -0.170842 1.331507
v 0.332877 -0.170842 1.331507
v -0.361057 -0.170841 1.342074
v -0.047554 -0.170842 1.380822
v -0.047554 -0.170842 1.380822
v 0.142661 -0.170842 1.444227
v 0.142661 -0.170842 1.666145
v -0.047554 -0.170842 1.729550
v 0.234247 -0.170842 0.792564
v 0.234247 -0.170842 0.792564
v 0.234247 -0.170842 0.792564
v 0.241292 -0.170842 0.686888
v 0.241292 -0.170842 0.686888
v 0.241292 -0.170842 0.686888
v -0.339922 -0.170841 0.545988
v -0.339922 -0.170841 0.545988
v 0.149706 -0.174364 1.239922
v 0.149706 -0.174364 1.239922
v 0.276517 -0.174364 0.834834
v 0.276517 -0.174364 0.834834
v 0.276517 -0.174364 0.834834
v 0.269472 -0.174364 0.806654
v 0.269472 -0.174364 0.806654
v 0.269472 -0.174364 0.806654
v 0.269472 -0.174364 0.806654
v 0.269472 -0.174364 0.806654
v 0.269472 -0.174364 0.806654
v 0.392759 -0.174364 0.528376
v 0.392759 -0.174364 0.528376
v 0.223679 -0.177887 1.053229
v 0.223679 -0.177887 1.053229
v 0.223679 -0.177887 1.053229
v 0.223679 -0.177887 1.053229
v 0.223679 -0.177887 1.053229
v 0.160274 -0.177887 1.120157
v 0.160274 -0.177887 1.120157
v 0.160274 -0.177887 1.120157
v -0.216634 -0.177886 1.236399
v -0.216634 -0.177886 1.236399
v 0.241292 -0.177887 1.236399
v 0.241292 -0.177887 1.236399
v 0.248337 -0.177887 1.292759
v 0.248337 -0.177887 1.292759
v 0.248337 -0.177887 1.292759
v 0.350489 -0.177887 1.331507
v 0.350489 -0.177887 1.331507
v 0.350489 -0.177887 1.331507
v 0.350489 -0.177887 1.331507
v -0.375147 -0.177886 1.377299
v -0.375147 -0.177886 1.377299
v 0.005284 -0.177887 1.380822
v 0.343444 -0.177887 1.391389
v 0.343444 -0.177887 1.391389
v -0.375147 -0.177886 1.641487
v -0.375147 -0.177886 1.641487
v -0.375147 -0.177886 1.641487
v 0.005284 -0.177887 1.729550
v -0.346967 -0.177886 0.563601
v -0.346967 -0.177886 0.563601
v -0.346967 -0.177886 0.563601
v -0.346967 -0.177886 0.563601
v 0.403327 -0.177887 0.507241
v 0.399804 -0.177887 0.429746
v -0.202544 -0.181409 1.116634
v -0.202544 -0.181409 1.116634
v 0.339922 -0.181409 1.356164
v 0.339922 -0.181409 1.356164
v 0.339922 -0.181409 1.356164
v 0.339922 -0.181409 1.356164
v 0.361057 -0.181409 1.398434
v -0.244814 -0.181409 1.493542
v -0.244814 -0.181409 1.493542
v 0.251859 -0.181409 0.693933
v 0.251859 -0.181409 0.693933
v -0.354012 -0.181409 0.549511
v -0.354012 -0.181409 0.549511
v 0.410372 -0.181409 0.398043
v 0.410372 -0.181409 0.398043
v 0.237769 -0.184932 1.039139
v 0.237769 -0.184932 1.039139
v 0.237769 -0.184932 1.039139
v 0.237769 -0.184932 1.039139
v -0.132094 -0.184932 1.109589
v -0.132094 -0.184932 1.109589
v -0.132094 -0.184932 1.109589
v -0.135616 -0.184932 1.239922
v -0.135616 -0.184932 1.239922
v 0.258904 -0.184932 1.282192
v 0.258904 -0.184932 1.282192
v 0.258904 -0.184932 1.282192
v 0.258904 -0.184932 1.282192
v 0.357534 -0.184932 1.342074
v 0.357534 -0.184932 1.342074
v 0.357534 -0.184932 1.342074
v 0.357534 -0.184932 1.342074
v 0.357534 -0.184932 1.342074
v 0.343444 -0.184932 1.370254
v 0.343444 -0.184932 1.370254
v 0.343444 -0.184932 1.370254
v 0.343444 -0.184932 1.370254
v -0.125049 -0.184932 1.444227
v 0.153229 -0.184932 1.479452
v 0.153229 -0.184932 1.479452
v -0.251859 -0.184931 1.630920
v -0.251859 -0.184931 1.630920
v 0.153229 -0.184932 1.630920
v 0.153229 -0.184932 1.630920
v 0.382192 -0.184932 1.634442
v 0.382192 -0.184932 1.634442
v -0.125049 -0.184932 1.666145
v -0.125049 -0.184932 1.666145
v 0.177886 -0.188454 1.116634
v 0.177886 -0.188454 1.116634
v 0.177886 -0.188454 1.116634
v 0.170841 -0.188454 1.148337
v 0.170841 -0.188454 1.148337
v -0.241292 -0.188454 1.239922
v -0.241292 -0.188454 1.239922
v 0.174364 -0.188454 1.239922
v 0.174364 -0.188454 1.239922
v 0.174364 -0.188454 1.239922
v 0.265949 -0.188454 1.257534
v 0.265949 -0.188454 1.257534
v 0.265949 -0.188454 1.257534
v 0.265949 -0.188454 1.275147
v 0.265949 -0.188454 1.275147
v 0.265949 -0.188454 1.275147
v 0.350489 -0.188454 1.349119
v 0.350489 -0.188454 1.349119
v 0.350489 -0.188454 1.349119
v 0.350489 -0.188454 1.349119
v 0.357534 -0.188454 1.359687
v 0.357534 -0.188454 1.359687
v 0.357534 -0.188454 1.359687
v 0.364579 -0.188454 1.359687
v 0.364579 -0.188454 1.359687
v 0.160274 -0.188454 1.518200
v 0.160274 -0.188454 1.518200
v 0.160274 -0.188454 1.592172
v 0.160274 -0.188454 1.592172
v 0.255382 -0.188454 1.630920
v 0.255382 -0.188454 1.630920
v 0.255382 -0.188454 1.630920
v 0.276517 -0.188454 0.817221
v 0.276517 -0.188454 0.817221
v 0.248337 -0.188454 0.803131
v 0.248337 -0.188454 0.803131
v 0.248337 -0.188454 0.803131
v 0.248337 -0.188454 0.803131
v 0.248337 -0.188454 0.803131
v 0.248337 -0.188454 0.803131
v 0.248337 -0.188454 0.803131
v 0.265949 -0.188454 0.545988
v 0.265949 -0.188454 0.545988
v 0.265949 -0.188454 0.545988
v 0.427984 -0.188454 0.366341
v 0.427984 -0.188454 0.366341
v 0.427984 -0.188454 0.366341
v 0.427984 -0.188454 0.366341
v -0.237769 -0.191977 1.292759
v -0.237769 -0.191977 1.292759
v -0.237769 -0.191977 1.292759
v 0.371624 -0.191977 1.380822
v 0.371624 -0.191977 1.380822
v 0.371624 -0.191977 1.380822
v 0.371624 -0.191977 1.380822
v 0.068689 -0.191977 1.409002
v 0.392759 -0.191977 1.412524
v 0.392759 -0.191977 1.412524
v 0.163796 -0.191977 1.553425
v 0.163796 -0.191977 1.553425
v 0.163796 -0.191977 1.553425
v -0.392759 -0.191976 1.613307
v -0.392759 -0.191976 1.613307
v -0.392759 -0.191976 1.613307
v 0.068689 -0.191977 1.701370
v 0.248337 -0.191977 0.796086
v 0.248337 -0.191977 0.796086
v 0.248337 -0.191977 0.796086
v 0.269472 -0.191977 0.563601
v 0.269472 -0.191977 0.563601
v 0.188454 -0.195499 1.049706
v 0.188454 -0.195499 1.049706
v 0.188454 -0.195499 1.049706
v 0.188454 -0.195499 1.049706
v 0.188454 -0.195499 1.049706
v 0.188454 -0.195499 1.049706
v 0.188454 -0.195499 1.049706
v 0.188454 -0.195499 1.049706
v 0.188454 -0.195499 1.049706
v -0.139139 -0.195499 1.120157
v -0.139139 -0.195499 1.120157
v -0.139139 -0.195499 1.120157
v 0.191977 -0.195499 1.120157
v 0.191977 -0.195499 1.120157
v 0.191977 -0.195499 1.120157
v 0.177886 -0.195499 1.236399
v 0.177886 -0.195499 1.236399
v 0.177886 -0.195499 1.236399
v 0.177886 -0.195499 1.236399
v 0.357534 -0.195499 1.366732
v 0.357534 -0.195499 1.366732
v 0.357534 -0.195499 1.366732
v -0.054599 -0.195499 1.409002
v -0.054599 -0.195499 1.409002
v 0.403327 -0.195499 1.609785
v 0.403327 -0.195499 1.609785
v -0.054599 -0.195499 1.701370
v -0.054599 -0.195499 1.701370
v 0.188454 -0.195499 0.799609
v 0.188454 -0.195499 0.799609
v 0.188454 -0.195499 0.799609
v 0.188454 -0.195499 0.799609
v 0.188454 -0.195499 0.799609
v 0.258904 -0.195499 0.693933
v 0.258904 -0.195499 0.693933
v 0.258904 -0.195499 0.693933
v 0.258904 -0.195499 0.693933
v -0.385714 -0.195499 0.528376
v -0.392759 -0.195499 0.429746
v -0.392759 -0.195499 0.429746
v 0.223679 -0.199022 1.236399
v 0.223679 -0.199022 1.236399
v -0.255382 -0.199022 1.257534
v -0.255382 -0.199022 1.257534
v -0.248337 -0.199022 1.282192
v -0.248337 -0.199022 1.282192
v -0.248337 -0.199022 1.282192
v -0.132094 -0.199022 1.479452
v -0.132094 -0.199022 1.630920
v -0.269472 -0.199022 1.652055
v -0.269472 -0.199022 1.652055
v 0.265949 -0.199022 0.683366
v 0.265949 -0.199022 0.683366
v 0.265949 -0.199022 0.683366
v 0.265949 -0.199022 0.683366
v 0.265949 -0.199022 0.683366
v 0.283562 -0.199022 0.528376
v 0.283562 -0.199022 0.528376
v 0.283562 -0.199022 0.528376
v -0.392759 -0.199021 0.510763
v -0.392759 -0.199021 0.510763
v -0.403327 -0.199021 0.398043
v -0.403327 -0.199021 0.398043
v 0.195499 -0.202544 1.130724
v 0.195499 -0.202544 1.130724
v 0.195499 -0.202544 1.130724
v 0.195499 -0.202544 1.236399
v 0.195499 -0.202544 1.236399
v 0.195499 -0.202544 1.236399
v -0.255382 -0.202544 1.275147
v -0.255382 -0.202544 1.275147
v 0.227202 -0.202544 1.292759
v 0.227202 -0.202544 1.292759
v 0.227202 -0.202544 1.292759
v 0.227202 -0.202544 1.292759
v 0.008806 -0.202544 1.409002
v 0.234247 -0.202544 1.493542
v 0.234247 -0.202544 1.493542
v 0.008806 -0.202544 1.701370
v 0.262427 -0.202544 0.799609
v 0.262427 -0.202544 0.799609
v 0.262427 -0.202544 0.799609
v 0.199022 -0.202544 0.693933
v 0.199022 -0.202544 0.693933
v 0.199022 -0.202544 0.693933
v -0.191977 -0.206067 1.032094
v -0.191977 -0.206067 1.032094
v -0.191977 -0.206067 1.032094
v 0.199022 -0.206067 1.053229
v 0.199022 -0.206067 1.053229
v 0.199022 -0.206067 1.053229
v 0.199022 -0.206067 1.053229
v 0.163796 -0.206067 1.116634
v 0.163796 -0.206067 1.116634
v 0.199022 -0.206067 1.144814
v 0.199022 -0.206067 1.144814
v -0.149706 -0.206067 1.148337
v -0.149706 -0.206067 1.148337
v -0.139139 -0.206067 1.518200
v 0.234247 -0.206067 1.553425
v 0.234247 -0.206067 1.553425
v 0.234247 -0.206067 1.553425
v -0.139139 -0.206067 1.592172
v 0.276517 -0.206067 1.652055
v 0.276517 -0.206067 1.652055
v 0.276517 -0.206067 1.652055
v 0.269472 -0.206067 0.817221
v 0.459687 -0.206067 0.165558
v 0.459687 -0.206067 0.165558
v 0.459687 -0.206067 0.116243
v 0.459687 -0.206067 0.116243
v -0.096869 -0.209589 1.109589
v -0.096869 -0.209589 1.109589
v -0.096869 -0.209589 1.109589
v -0.146184 -0.209589 1.116634
v -0.146184 -0.209589 1.116634
v -0.146184 -0.209589 1.116634
v -0.139139 -0.209589 1.553425
v 0.269472 -0.209589 0.693933
v 0.290607 -0.209589 0.686888
v 0.290607 -0.209589 0.686888
v 0.290607 -0.209589 0.686888
v 0.297652 -0.209589 0.524853
v 0.297652 -0.209589 0.524853
v -0.149706 -0.213112 1.236399
v -0.149706 -0.213112 1.236399
v -0.149706 -0.213112 1.236399
v -0.149706 -0.213112 1.236399
v -0.149706 -0.213112 1.236399
v -0.149706 -0.213112 1.236399
v -0.149706 -0.213112 1.236399
v -0.096869 -0.213112 1.239922
v -0.096869 -0.213112 1.239922
v 0.237769 -0.213112 1.282192
v 0.237769 -0.213112 1.282192
v 0.237769 -0.213112 1.282192
v 0.237769 -0.213112 1.282192
v 0.075734 -0.213112 1.444227
v 0.075734 -0.213112 1.666145
v 0.202544 -0.213112 0.792564
v 0.202544 -0.213112 0.792564
v -0.420939 -0.213112 0.366341
v 0.477299 -0.213112 0.331115
v 0.477299 -0.213112 0.331115
v 0.480822 -0.213112 0.119765
v -0.177887 -0.216634 1.049706
v -0.177887 -0.216634 1.049706
v -0.177887 -0.216634 1.049706
v -0.177887 -0.216634 1.049706
v -0.177887 -0.216634 1.049706
v 0.241292 -0.216634 1.257534
v 0.241292 -0.216634 1.257534
v 0.244814 -0.216634 1.275147
v 0.244814 -0.216634 1.275147
v -0.058121 -0.216634 1.444227
v -0.058121 -0.216634 1.444227
v -0.058121 -0.216634 1.666145
v -0.058121 -0.216634 1.666145
v 0.220157 -0.216634 0.803131
v 0.220157 -0.216634 0.803131
v 0.220157 -0.216634 0.803131
v -0.160274 -0.216634 0.799609
v -0.160274 -0.216634 0.799609
v -0.160274 -0.216634 0.799609
v 0.206067 -0.216634 0.686888
v 0.206067 -0.216634 0.686888
v 0.206067 -0.216634 0.686888
v 0.206067 -0.216634 0.686888
v 0.213112 -0.220157 1.039139
v 0.213112 -0.220157 1.039139
v 0.213112 -0.220157 1.039139
v -0.153229 -0.220157 1.049706
v -0.153229 -0.220157 1.049706
v -0.153229 -0.220157 1.049706
v -0.153229 -0.220157 1.049706
v -0.153229 -0.220157 1.049706
v -0.100391 -0.220157 1.120157
v -0.100391 -0.220157 1.120157
v -0.227202 -0.220157 0.827789
v -0.227202 -0.220157 0.827789
v -0.262427 -0.220157 0.690411
v -0.262427 -0.220157 0.690411
v -0.262427 -0.220157 0.690411
v 0.308219 -0.220157 0.545988
v 0.308219 -0.220157 0.545988
v 0.294129 -0.220157 0.542466
v 0.294129 -0.220157 0.542466
v 0.294129 -0.220157 0.542466
v 0.294129 -0.220157 0.542466
v 0.294129 -0.220157 0.542466
v 0.294129 -0.220157 0.542466
v 0.294129 -0.220157 0.542466
v 0.308219 -0.220157 0.517808
v 0.308219 -0.220157 0.517808
v 0.308219 -0.220157 0.517808
v 0.308219 -0.220157 0.517808
v 0.491389 -0.220157 0.176125
v 0.491389 -0.220157 0.176125
v -0.199022 -0.223679 1.028571
v -0.199022 -0.223679 1.028571
v -0.199022 -0.223679 1.028571
v -0.156752 -0.223679 1.116634
v -0.156752 -0.223679 1.116634
v -0.156752 -0.223679 1.116634
v -0.160274 -0.223679 1.120157
v -0.160274 -0.223679 1.120157
v -0.160274 -0.223679 1.120157
v 0.008806 -0.223679 1.444227
v 0.255382 -0.223679 1.574560
v 0.255382 -0.223679 1.574560
v 0.255382 -0.223679 1.574560
v 0.008806 -0.223679 1.666145
v 0.311742 -0.223679 0.545988
v 0.311742 -0.223679 0.545988
v 0.311742 -0.223679 0.422701
v 0.311742 -0.223679 0.422701
v 0.301174 -0.227202 1.356164
v 0.301174 -0.227202 1.356164
v 0.079256 -0.227202 1.479452
v 0.079256 -0.227202 1.630920
v 0.223679 -0.227202 0.796086
v 0.223679 -0.227202 0.796086
v 0.223679 -0.227202 0.796086
v -0.170842 -0.227202 0.693933
v -0.170842 -0.227202 0.693933
v -0.170842 -0.227202 0.693933
v 0.220157 -0.227202 0.693933
v 0.220157 -0.227202 0.693933
v 0.220157 -0.227202 0.693933
v 0.220157 -0.227202 0.693933
v 0.230724 -0.227202 0.693933
v 0.230724 -0.227202 0.693933
v 0.230724 -0.227202 0.693933
v 0.230724 -0.227202 0.693933
v -0.269472 -0.227202 0.683366
v -0.269472 -0.227202 0.683366
v -0.269472 -0.227202 0.683366
v -0.269472 -0.227202 0.683366
v -0.269472 -0.227202 0.683366
v 0.325832 -0.227202 0.549511
v 0.325832 -0.227202 0.549511
v 0.325832 -0.227202 0.549511
v 0.318787 -0.227202 0.528376
v 0.318787 -0.227202 0.528376
v 0.318787 -0.227202 0.528376
v 0.315264 -0.227202 0.500196
v 0.315264 -0.227202 0.500196
v 0.509002 -0.227202 0.193738
v 0.509002 -0.227202 0.193738
v -0.118004 -0.230724 1.116634
v -0.118004 -0.230724 1.116634
v -0.118004 -0.230724 1.116634
v -0.118004 -0.230724 1.116634
v -0.167319 -0.230724 1.130724
v -0.167319 -0.230724 1.130724
v -0.167319 -0.230724 1.130724
v -0.167319 -0.230724 1.144814
v -0.167319 -0.230724 1.144814
v -0.167319 -0.230724 1.239922
v -0.167319 -0.230724 1.239922
v -0.167319 -0.230724 1.239922
v 0.199022 -0.230724 1.239922
v 0.199022 -0.230724 1.239922
v 0.308219 -0.230724 1.373777
v 0.308219 -0.230724 1.373777
v 0.308219 -0.230724 1.373777
v -0.065166 -0.230724 1.479452
v -0.065166 -0.230724 1.479452
v -0.065166 -0.230724 1.630920
v -0.065166 -0.230724 1.630920
v 0.325832 -0.230724 0.563601
v 0.325832 -0.230724 0.563601
v 0.325832 -0.230724 0.553033
v 0.325832 -0.230724 0.553033
v 0.325832 -0.230724 0.553033
v 0.325832 -0.230724 0.553033
v 0.322309 -0.230724 0.387476
v 0.322309 -0.230724 0.387476
v 0.322309 -0.230724 0.387476
v -0.449119 -0.230724 0.165558
v -0.449119 -0.230724 0.165558
v -0.449119 -0.230724 0.116243
v -0.449119 -0.230724 0.116243
v -0.167319 -0.234247 1.053229
v -0.167319 -0.234247 1.053229
v -0.167319 -0.234247 1.053229
v -0.110959 -0.234247 1.148337
v -0.110959 -0.234247 1.148337
v -0.110959 -0.234247 1.148337
v 0.311742 -0.234247 1.331507
v 0.311742 -0.234247 1.331507
v 0.082779 -0.234247 1.518200
v 0.082779 -0.234247 1.592172
v -0.227202 -0.234247 0.806654
v -0.227202 -0.234247 0.806654
v -0.227202 -0.234247 0.806654
v -0.227202 -0.234247 0.806654
v -0.227202 -0.234247 0.806654
v -0.227202 -0.234247 0.806654
v -0.227202 -0.234247 0.806654
v 0.199022 -0.234247 0.799609
v 0.199022 -0.234247 0.799609
v 0.199022 -0.234247 0.799609
v 0.237769 -0.234247 0.683366
v 0.237769 -0.234247 0.683366
v 0.237769 -0.234247 0.683366
v 0.237769 -0.234247 0.683366
v 0.237769 -0.234247 0.683366
v 0.230724 -0.234247 0.545988
v 0.230724 -0.234247 0.545988
v 0.230724 -0.234247 0.545988
v 0.308219 -0.234247 0.545988
v 0.308219 -0.234247 0.545988
v 0.308219 -0.234247 0.545988
v 0.519569 -0.234247 0.288845
v 0.519569 -0.234247 0.288845
v 0.526614 -0.234247 0.253620
v 0.519569 -0.234247 0.095108
v 0.519569 -0.234247 0.095108
v 0.519569 -0.234247 0.095108
v 0.519569 -0.234247 0.095108
v -0.110959 -0.237769 1.236399
v -0.110959 -0.237769 1.236399
v -0.110959 -0.237769 1.236399
v -0.290607 -0.237769 1.331507
v -0.290607 -0.237769 1.331507
v 0.318787 -0.237769 1.398434
v 0.318787 -0.237769 1.398434
v 0.318787 -0.237769 1.398434
v 0.082779 -0.237769 1.553425
v 0.082779 -0.237769 1.553425
v -0.230724 -0.237769 0.834834
v -0.230724 -0.237769 0.834834
v -0.230724 -0.237769 0.834834
v -0.170842 -0.237769 0.792564
v -0.170842 -0.237769 0.792564
v -0.170842 -0.237769 0.792564
v -0.170842 -0.237769 0.792564
v -0.177887 -0.237769 0.686888
v -0.177887 -0.237769 0.686888
v -0.177887 -0.237769 0.686888
v 0.237769 -0.237769 0.563601
v 0.237769 -0.237769 0.563601
v -0.466732 -0.237769 0.331115
v 0.526614 -0.237769 0.271233
v -0.125049 -0.241292 1.049706
v -0.125049 -0.241292 1.049706
v -0.125049 -0.241292 1.049706
v -0.125049 -0.241292 1.049706
v -0.125049 -0.241292 1.049706
v -0.125049 -0.241292 1.049706
v -0.125049 -0.241292 1.049706
v -0.125049 -0.241292 1.049706
v -0.125049 -0.241292 1.049706
v -0.181409 -0.241292 1.239922
v -0.181409 -0.241292 1.239922
v 0.206067 -0.241292 1.282192
v 0.206067 -0.241292 1.282192
v 0.206067 -0.241292 1.282192
v 0.206067 -0.241292 1.282192
v 0.318787 -0.241292 1.342074
v 0.318787 -0.241292 1.342074
v 0.318787 -0.241292 1.349119
v 0.318787 -0.241292 1.349119
v 0.318787 -0.241292 1.349119
v 0.008806 -0.241292 1.479452
v -0.191977 -0.241292 1.493542
v -0.191977 -0.241292 1.493542
v 0.191977 -0.241292 1.493542
v 0.191977 -0.241292 1.493542
v -0.065166 -0.241292 1.518200
v -0.065166 -0.241292 1.518200
v -0.068689 -0.241292 1.553425
v -0.065166 -0.241292 1.592172
v -0.065166 -0.241292 1.592172
v 0.008806 -0.241292 1.630920
v 0.237769 -0.241292 0.799609
v 0.237769 -0.241292 0.799609
v 0.237769 -0.241292 0.799609
v -0.294129 -0.241292 0.545988
v -0.294129 -0.241292 0.545988
v 0.251859 -0.241292 0.524853
v 0.251859 -0.241292 0.524853
v 0.251859 -0.241292 0.524853
v 0.251859 -0.241292 0.524853
v -0.470255 -0.241292 0.119765
v -0.470255 -0.241292 0.119765
v 0.537182 -0.241292 0.070450
v 0.537182 -0.241292 0.070450
v 0.537182 -0.241292 0.070450
v 0.537182 -0.241292 0.000000
v -0.139139 -0.244814 1.120157
v -0.139139 -0.244814 1.120157
v -0.139139 -0.244814 1.120157
v -0.139139 -0.244814 1.120157
v 0.213112 -0.244814 1.257534
v 0.213112 -0.244814 1.257534
v -0.181409 -0.244814 1.292759
v -0.181409 -0.244814 1.292759
v -0.308219 -0.244814 1.331507
v -0.308219 -0.244814 1.331507
v -0.308219 -0.244814 1.331507
v -0.283562 -0.244814 1.359687
v -0.283562 -0.244814 1.359687
v -0.283562 -0.244814 1.359687
v -0.283562 -0.244814 1.359687
v 0.325832 -0.244814 1.370254
v 0.325832 -0.244814 1.370254
v 0.191977 -0.244814 1.553425
v 0.191977 -0.244814 1.553425
v -0.325832 -0.244814 1.641487
v -0.325832 -0.244814 1.641487
v 0.241292 -0.244814 0.817221
v 0.241292 -0.244814 0.817221
v -0.121526 -0.244814 0.799609
v -0.121526 -0.244814 0.799609
v -0.121526 -0.244814 0.799609
v -0.121526 -0.244814 0.799609
v -0.121526 -0.244814 0.799609
v -0.121526 -0.244814 0.799609
v 0.241292 -0.244814 0.693933
v 0.241292 -0.244814 0.693933
v 0.350489 -0.244814 0.528376
v 0.350489 -0.244814 0.528376
v 0.350489 -0.244814 0.528376
v 0.350489 -0.244814 0.528376
v -0.480822 -0.244814 0.176125
v -0.480822 -0.244814 0.176125
v -0.177887 -0.248337 1.042661
v -0.177887 -0.248337 1.042661
v -0.177887 -0.248337 1.042661
v -0.177887 -0.248337 1.042661
v -0.118004 -0.248337 1.116634
v -0.118004 -0.248337 1.116634
v -0.114481 -0.248337 1.239922
v -0.114481 -0.248337 1.239922
v -0.114481 -0.248337 1.239922
v -0.114481 -0.248337 1.239922
v -0.114481 -0.248337 1.239922
v 0.213112 -0.248337 1.275147
v 0.213112 -0.248337 1.275147
v 0.213112 -0.248337 1.275147
v 0.213112 -0.248337 1.275147
v -0.287084 -0.248337 1.366732
v -0.287084 -0.248337 1.366732
v -0.287084 -0.248337 1.366732
v -0.287084 -0.248337 1.366732
v -0.315264 -0.248337 1.398434
v -0.315264 -0.248337 1.398434
v 0.012329 -0.248337 1.518200
v 0.012329 -0.248337 1.592172
v -0.195499 -0.248337 1.627397
v -0.195499 -0.248337 1.627397
v -0.195499 -0.248337 1.627397
v -0.227202 -0.248337 0.817221
v -0.227202 -0.248337 0.817221
v -0.181409 -0.248337 0.803131
v -0.181409 -0.248337 0.803131
v -0.181409 -0.248337 0.803131
v -0.181409 -0.248337 0.803131
v 0.269472 -0.248337 0.542466
v 0.269472 -0.248337 0.542466
v 0.269472 -0.248337 0.542466
v 0.269472 -0.248337 0.542466
v 0.346967 -0.248337 0.348728
v 0.346967 -0.248337 0.348728
v 0.346967 -0.248337 0.348728
v 0.346967 -0.248337 0.348728
v -0.149707 -0.251859 1.053229
v -0.149707 -0.251859 1.053229
v -0.149707 -0.251859 1.053229
v -0.149707 -0.251859 1.053229
v -0.149707 -0.251859 1.053229
v -0.139139 -0.251859 1.130724
v -0.139139 -0.251859 1.130724
v -0.191977 -0.251859 1.282192
v -0.191977 -0.251859 1.282192
v 0.276517 -0.251859 1.331507
v 0.276517 -0.251859 1.331507
v -0.311742 -0.251859 1.342074
v -0.311742 -0.251859 1.342074
v -0.311742 -0.251859 1.342074
v 0.280039 -0.251859 1.359687
v 0.280039 -0.251859 1.359687
v 0.280039 -0.251859 1.359687
v 0.287084 -0.251859 1.373777
v 0.287084 -0.251859 1.373777
v 0.287084 -0.251859 1.373777
v 0.332877 -0.251859 1.380822
v 0.332877 -0.251859 1.380822
v 0.012329 -0.251859 1.553425
v 0.012329 -0.251859 1.553425
v 0.012329 -0.251859 1.553425
v 0.258904 -0.251859 0.686888
v 0.258904 -0.251859 0.686888
v 0.258904 -0.251859 0.686888
v 0.258904 -0.251859 0.686888
v -0.301174 -0.251859 0.563601
v -0.301174 -0.251859 0.563601
v -0.301174 -0.251859 0.563601
v -0.308219 -0.251859 0.549511
v -0.308219 -0.251859 0.549511
v 0.265949 -0.251859 0.524853
v 0.265949 -0.251859 0.524853
v 0.265949 -0.251859 0.524853
v 0.361057 -0.251859 0.510763
v 0.361057 -0.251859 0.510763
v 0.361057 -0.251859 0.510763
v 0.357534 -0.251859 0.429746
v 0.357534 -0.251859 0.429746
v 0.357534 -0.251859 0.429746
v -0.139139 -0.255382 1.144814
v -0.139139 -0.255382 1.144814
v -0.135616 -0.255382 1.239922
v -0.135616 -0.255382 1.239922
v -0.135616 -0.255382 1.239922
v -0.195499 -0.255382 1.257534
v -0.195499 -0.255382 1.257534
v -0.318787 -0.255382 1.359687
v -0.318787 -0.255382 1.359687
v -0.283562 -0.255382 1.373777
v -0.283562 -0.255382 1.373777
v -0.283562 -0.255382 1.373777
v -0.128571 -0.255382 0.693933
v -0.128571 -0.255382 0.693933
v -0.128571 -0.255382 0.693933
v -0.188454 -0.255382 0.693933
v -0.188454 -0.255382 0.693933
v -0.188454 -0.255382 0.693933
v 0.280039 -0.255382 0.545988
v 0.280039 -0.255382 0.545988
v 0.280039 -0.255382 0.545988
v 0.332877 -0.255382 0.521331
v 0.332877 -0.255382 0.521331
v -0.498435 -0.255382 0.193738
v -0.498435 -0.255382 0.193738
v 0.114481 -0.258904 1.183562
v 0.114481 -0.258904 1.183562
v 0.114481 -0.258904 1.183562
v 0.114481 -0.258904 1.236399
v 0.114481 -0.258904 1.236399
v 0.114481 -0.258904 1.236399
v 0.114481 -0.258904 1.236399
v -0.199022 -0.258904 1.275147
v -0.199022 -0.258904 1.275147
v -0.199022 -0.258904 1.275147
v -0.199022 -0.258904 1.275147
v -0.167319 -0.258904 1.493542
v -0.167319 -0.258904 1.493542
v -0.188454 -0.258904 0.796086
v -0.188454 -0.258904 0.796086
v 0.343444 -0.258904 0.507241
v 0.343444 -0.258904 0.507241
v 0.343444 -0.258904 0.507241
v 0.339922 -0.258904 0.429746
v 0.339922 -0.258904 0.429746
v 0.339922 -0.258904 0.429746
v 0.364579 -0.258904 0.398043
v 0.364579 -0.258904 0.398043
v 0.364579 -0.258904 0.398043
v 0.103914 -0.262427 1.172994
v 0.103914 -0.262427 1.172994
v 0.103914 -0.262427 1.172994
v 0.103914 -0.262427 1.172994
v 0.103914 -0.262427 1.172994
v 0.294129 -0.262427 1.349119
v 0.294129 -0.262427 1.349119
v 0.294129 -0.262427 1.349119
v 0.294129 -0.262427 1.349119
v -0.325832 -0.262427 1.380822
v -0.325832 -0.262427 1.380822
v -0.325832 -0.262427 1.380822
v -0.325832 -0.262427 1.380822
v 0.301174 -0.262427 1.398434
v 0.301174 -0.262427 1.398434
v -0.343444 -0.262427 1.412524
v -0.343444 -0.262427 1.412524
v -0.167319 -0.262427 1.553425
v -0.167319 -0.262427 1.553425
v -0.167319 -0.262427 1.553425
v -0.346967 -0.262427 1.613307
v -0.346967 -0.262427 1.613307
v 0.343444 -0.262427 1.634442
v 0.343444 -0.262427 1.634442
v 0.343444 -0.262427 1.634442
v -0.199022 -0.262427 0.545988
v -0.199022 -0.262427 0.545988
v -0.199022 -0.262427 0.545988
v 0.272994 -0.262427 0.545988
v 0.272994 -0.262427 0.545988
v 0.272994 -0.262427 0.545988
v 0.276517 -0.262427 0.517808
v 0.276517 -0.262427 0.517808
v 0.276517 -0.262427 0.517808
v 0.276517 -0.262427 0.517808
v -0.509002 -0.262427 0.288845
v -0.509002 -0.262427 0.095108
v -0.160274 -0.265949 1.039139
v -0.160274 -0.265949 1.039139
v -0.160274 -0.265949 1.039139
v -0.160274 -0.265949 1.039139
v -0.160274 -0.265949 1.039139
v 0.103914 -0.265949 1.116634
v 0.103914 -0.265949 1.116634
v -0.142662 -0.265949 1.239922
v -0.142662 -0.265949 1.239922
v -0.146184 -0.265949 1.292759
v -0.146184 -0.265949 1.292759
v -0.146184 -0.265949 1.292759
v 0.287084 -0.265949 1.331507
v 0.287084 -0.265949 1.331507
v 0.287084 -0.265949 1.331507
v 0.287084 -0.265949 1.331507
v 0.287084 -0.265949 1.331507
v -0.301174 -0.265949 1.349119
v -0.301174 -0.265949 1.349119
v -0.301174 -0.265949 1.349119
v -0.308219 -0.265949 1.359687
v -0.308219 -0.265949 1.359687
v -0.308219 -0.265949 1.359687
v -0.308219 -0.265949 1.359687
v 0.297652 -0.265949 1.363209
v 0.297652 -0.265949 1.363209
v 0.297652 -0.265949 1.363209
v 0.297652 -0.265949 1.363209
v 0.304697 -0.265949 1.370254
v 0.304697 -0.265949 1.370254
v 0.304697 -0.265949 1.370254
v 0.304697 -0.265949 1.370254
v 0.209589 -0.265949 1.574560
v 0.209589 -0.265949 1.574560
v -0.132094 -0.265949 0.792564
v -0.132094 -0.265949 0.792564
v -0.191977 -0.265949 0.693933
v -0.191977 -0.265949 0.693933
v -0.191977 -0.265949 0.693933
v -0.135616 -0.265949 0.686888
v -0.135616 -0.265949 0.686888
v -0.135616 -0.265949 0.686888
v 0.283562 -0.265949 0.528376
v 0.283562 -0.265949 0.528376
v 0.287084 -0.265949 0.419178
v 0.287084 -0.265949 0.419178
v 0.350489 -0.265949 0.394521
v 0.350489 -0.265949 0.394521
v -0.516047 -0.265949 0.271233
v -0.516047 -0.265949 0.271233
v -0.516047 -0.265949 0.271233
v -0.516047 -0.265949 0.253620
v -0.516047 -0.265949 0.253620
v -0.051076 -0.269472 1.116634
v 0.294129 -0.269472 1.342074
v 0.294129 -0.269472 1.342074
v 0.294129 -0.269472 1.342074
v 0.294129 -0.269472 1.342074
v 0.294129 -0.269472 1.342074
v -0.209589 -0.269472 1.648532
v -0.209589 -0.269472 1.648532
v -0.209589 -0.269472 1.648532
v -0.199022 -0.269472 0.799609
v -0.199022 -0.269472 0.799609
v -0.199022 -0.269472 0.799609
v -0.202544 -0.269472 0.563601
v -0.202544 -0.269472 0.563601
v 0.276517 -0.269472 0.545988
v 0.276517 -0.269472 0.545988
v 0.276517 -0.269472 0.545988
v 0.287084 -0.269472 0.500196
v 0.287084 -0.269472 0.500196
v 0.287084 -0.269472 0.500196
v -0.526615 -0.269472 0.070450
v -0.526615 -0.269472 0.070450
v -0.526615 -0.269472 0.000000
v 0.029941 -0.272994 1.088454
v 0.029941 -0.272994 1.088454
v 0.029941 -0.272994 1.088454
v 0.029941 -0.272994 1.088454
v 0.047554 -0.272994 1.088454
v 0.047554 -0.272994 1.088454
v 0.047554 -0.272994 1.088454
v 0.047554 -0.272994 1.088454
v 0.114481 -0.272994 1.187084
v 0.114481 -0.272994 1.187084
v 0.114481 -0.272994 1.187084
v 0.114481 -0.272994 1.187084
v 0.114481 -0.272994 1.187084
v 0.114481 -0.272994 1.229354
v 0.114481 -0.272994 1.229354
v 0.114481 -0.272994 1.229354
v -0.308219 -0.272994 1.370254
v -0.308219 -0.272994 1.370254
v -0.308219 -0.272994 1.370254
v 0.142661 -0.272994 1.493542
v 0.142661 -0.272994 1.493542
v 0.149706 -0.272994 1.553425
v 0.149706 -0.272994 1.553425
v 0.149706 -0.272994 1.553425
v -0.146184 -0.272994 0.803131
v -0.146184 -0.272994 0.803131
v -0.146184 -0.272994 0.803131
v -0.202544 -0.272994 0.683366
v -0.202544 -0.272994 0.683366
v -0.202544 -0.272994 0.683366
v -0.202544 -0.272994 0.683366
v -0.202544 -0.272994 0.683366
v -0.202544 -0.272994 0.683366
v -0.202544 -0.272994 0.683366
v 0.283562 -0.272994 0.553033
v 0.283562 -0.272994 0.553033
v 0.283562 -0.272994 0.549511
v 0.283562 -0.272994 0.549511
v 0.283562 -0.272994 0.549511
v 0.283562 -0.272994 0.549511
v -0.332877 -0.272994 0.528376
v 0.294129 -0.272994 0.383953
v 0.294129 -0.272994 0.383953
v 0.294129 -0.272994 0.383953
v 0.385714 -0.272994 0.366341
v 0.385714 -0.272994 0.366341
v 0.385714 -0.272994 0.366341
v 0.065166 -0.276517 1.169472
v 0.065166 -0.276517 1.169472
v 0.065166 -0.276517 1.169472
v 0.103914 -0.276517 1.180039
v 0.103914 -0.276517 1.180039
v 0.103914 -0.276517 1.180039
v 0.051076 -0.276517 1.239922
v 0.051076 -0.276517 1.239922
v 0.051076 -0.276517 1.239922
v 0.051076 -0.276517 1.239922
v 0.051076 -0.276517 1.239922
v 0.051076 -0.276517 1.239922
v 0.132094 -0.276517 1.239922
v 0.132094 -0.276517 1.239922
v -0.153229 -0.276517 1.282192
v -0.153229 -0.276517 1.282192
v -0.153229 -0.276517 1.282192
v -0.153229 -0.276517 1.282192
v -0.153229 -0.276517 1.282192
v -0.153229 -0.276517 1.282192
v -0.153229 -0.276517 1.282192
v 0.304697 -0.276517 1.363209
v 0.304697 -0.276517 1.363209
v 0.304697 -0.276517 1.363209
v 0.339922 -0.276517 1.412524
v 0.339922 -0.276517 1.412524
v 0.339922 -0.276517 1.412524
v 0.339922 -0.276517 1.412524
v 0.361057 -0.276517 1.609785
v 0.361057 -0.276517 1.609785
v 0.361057 -0.276517 1.609785
v -0.206067 -0.276517 0.817221
v -0.206067 -0.276517 0.817221
v -0.199022 -0.276517 0.693933
v -0.199022 -0.276517 0.693933
v 0.311742 -0.276517 0.521331
v 0.311742 -0.276517 0.521331
v 0.311742 -0.276517 0.521331
v 0.311742 -0.276517 0.521331
v -0.339922 -0.276517 0.429746
v 0.378669 -0.276517 0.162035
v 0.378669 -0.276517 0.162035
v 0.378669 -0.276517 0.162035
v 0.378669 -0.276517 0.162035
v 0.378669 -0.276517 0.116243
v 0.378669 -0.276517 0.116243
v 0.378669 -0.276517 0.116243
v 0.378669 -0.276517 0.116243
v 0.378669 -0.276517 0.116243
v -0.033464 -0.280039 1.183562
v -0.033464 -0.280039 1.183562
v 0.103914 -0.280039 1.232877
v 0.103914 -0.280039 1.232877
v 0.103914 -0.280039 1.232877
v 0.103914 -0.280039 1.232877
v 0.103914 -0.280039 1.232877
v -0.033464 -0.280039 1.236399
v -0.033464 -0.280039 1.236399
v -0.033464 -0.280039 1.236399
v 0.311742 -0.280039 1.380822
v 0.311742 -0.280039 1.380822
v 0.311742 -0.280039 1.380822
v 0.311742 -0.280039 1.380822
v 0.318787 -0.280039 1.567515
v 0.318787 -0.280039 1.567515
v 0.318787 -0.280039 1.567515
v -0.163797 -0.280039 0.796086
v -0.163797 -0.280039 0.796086
v -0.163797 -0.280039 0.796086
v -0.149707 -0.280039 0.693933
v -0.149707 -0.280039 0.693933
v -0.149707 -0.280039 0.693933
v 0.287084 -0.280039 0.563601
v 0.287084 -0.280039 0.563601
v 0.287084 -0.280039 0.563601
v -0.216634 -0.280039 0.524853
v -0.216634 -0.280039 0.524853
v -0.216634 -0.280039 0.524853
v -0.216634 -0.280039 0.524853
v -0.339922 -0.280039 0.510763
v -0.339922 -0.280039 0.510763
v 0.371624 -0.280039 0.359295
v 0.371624 -0.280039 0.359295
v -0.019374 -0.283562 1.116634
v 0.047554 -0.283562 1.116634
v -0.022896 -0.283562 1.172994
v -0.022896 -0.283562 1.172994
v -0.022896 -0.283562 1.172994
v -0.022896 -0.283562 1.172994
v 0.103914 -0.283562 1.190607
v 0.103914 -0.283562 1.190607
v 0.103914 -0.283562 1.190607
v -0.156752 -0.283562 1.257534
v -0.156752 -0.283562 1.257534
v -0.156752 -0.283562 1.257534
v -0.156752 -0.283562 1.257534
v -0.156752 -0.283562 1.275147
v -0.156752 -0.283562 1.275147
v -0.156752 -0.283562 1.275147
v -0.181409 -0.283562 1.574560
v -0.181409 -0.283562 1.574560
v -0.181409 -0.283562 1.574560
v 0.132094 -0.283562 1.630920
v 0.132094 -0.283562 1.630920
v 0.132094 -0.283562 1.630920
v 0.322309 -0.283562 0.507241
v 0.322309 -0.283562 0.507241
v 0.322309 -0.283562 0.507241
v 0.322309 -0.283562 0.429746
v 0.322309 -0.283562 0.429746
v -0.346967 -0.283562 0.398043
v -0.346967 -0.283562 0.398043
v 0.392759 -0.283562 0.317025
v 0.392759 -0.283562 0.317025
v 0.392759 -0.283562 0.317025
v 0.392759 -0.283562 0.317025
v 0.392759 -0.283562 0.169080
v 0.392759 -0.283562 0.169080
v 0.392759 -0.283562 0.169080
v 0.072211 -0.287084 1.116634
v 0.012329 -0.287084 1.172994
v 0.012329 -0.287084 1.172994
v 0.012329 -0.287084 1.172994
v 0.135616 -0.287084 1.282192
v 0.135616 -0.287084 1.282192
v 0.135616 -0.287084 1.282192
v 0.135616 -0.287084 1.282192
v -0.156752 -0.287084 0.693933
v -0.156752 -0.287084 0.693933
v -0.156752 -0.287084 0.693933
v -0.156752 -0.287084 0.693933
v -0.216634 -0.287084 0.686888
v -0.216634 -0.287084 0.686888
v -0.216634 -0.287084 0.686888
v -0.216634 -0.287084 0.686888
v 0.068689 -0.290607 1.180039
v -0.156752 -0.290607 0.545988
v -0.156752 -0.290607 0.545988
v -0.156752 -0.290607 0.545988
v -0.156752 -0.290607 0.545988
v 0.329354 -0.290607 0.394521
v 0.329354 -0.290607 0.394521
v 0.329354 -0.290607 0.394521
v 0.318787 -0.290607 0.345205
v 0.318787 -0.290607 0.345205
v 0.318787 -0.290607 0.345205
v 0.058121 -0.294129 1.091977
v 0.058121 -0.294129 1.091977
v 0.058121 -0.294129 1.091977
v 0.036986 -0.294129 1.099022
v 0.036986 -0.294129 1.099022
v 0.036986 -0.294129 1.099022
v 0.047554 -0.294129 1.099022
v 0.047554 -0.294129 1.099022
v 0.047554 -0.294129 1.099022
v 0.012329 -0.294129 1.116634
v 0.012329 -0.294129 1.116634
v -0.026419 -0.294129 1.187084
v -0.026419 -0.294129 1.187084
v 0.068689 -0.294129 1.232877
v 0.068689 -0.294129 1.232877
v 0.139139 -0.294129 1.257534
v 0.139139 -0.294129 1.257534
v -0.089824 -0.294129 1.493542
v -0.089824 -0.294129 1.493542
v 0.339922 -0.294129 1.542857
v 0.339922 -0.294129 1.542857
v 0.339922 -0.294129 1.542857
v 0.339922 -0.294129 1.542857
v -0.096869 -0.294129 1.553425
v -0.096869 -0.294129 1.553425
v -0.174364 -0.294129 0.799609
v -0.174364 -0.294129 0.799609
v -0.174364 -0.294129 0.799609
v 0.237769 -0.294129 0.545988
v 0.237769 -0.294129 0.545988
v 0.237769 -0.294129 0.545988
v 0.311742 -0.294129 0.528376
v 0.311742 -0.294129 0.528376
v 0.311742 -0.294129 0.528376
v -0.227202 -0.294129 0.524853
v -0.227202 -0.294129 0.524853
v -0.227202 -0.294129 0.524853
v -0.227202 -0.294129 0.524853
v 0.026419 -0.297652 1.091977
v 0.026419 -0.297652 1.091977
v 0.026419 -0.297652 1.091977
v -0.019374 -0.297652 1.180039
v -0.019374 -0.297652 1.180039
v -0.019374 -0.297652 1.180039
v -0.019374 -0.297652 1.180039
v 0.012329 -0.297652 1.180039
v 0.068689 -0.297652 1.190607
v 0.068689 -0.297652 1.190607
v -0.015851 -0.297652 1.232877
v -0.015851 -0.297652 1.232877
v -0.015851 -0.297652 1.232877
v -0.015851 -0.297652 1.232877
v -0.075734 -0.297652 1.239922
v -0.075734 -0.297652 1.239922
v 0.142661 -0.297652 1.275147
v 0.142661 -0.297652 1.275147
v 0.142661 -0.297652 1.275147
v 0.160274 -0.297652 1.574560
v 0.160274 -0.297652 1.574560
v 0.160274 -0.297652 1.574560
v 0.160274 -0.297652 1.574560
v -0.181409 -0.297652 0.817221
v -0.181409 -0.297652 0.817221
v 0.132094 -0.297652 0.799609
v 0.132094 -0.297652 0.799609
v -0.156752 -0.297652 0.683366
v -0.156752 -0.297652 0.683366
v -0.156752 -0.297652 0.683366
v -0.160274 -0.297652 0.563601
v -0.160274 -0.297652 0.563601
v 0.410372 -0.297652 0.186693
v 0.410372 -0.297652 0.186693
v 0.410372 -0.297652 0.186693
v 0.410372 -0.297652 0.186693
v 0.019374 -0.301174 1.232877
v 0.019374 -0.301174 1.232877
v 0.019374 -0.301174 1.232877
v 0.251859 -0.301174 1.331507
v 0.251859 -0.301174 1.331507
v -0.220157 -0.301174 1.359687
v -0.220157 -0.301174 1.359687
v -0.220157 -0.301174 1.359687
v 0.061644 -0.301174 1.493542
v 0.061644 -0.301174 1.493542
v 0.061644 -0.301174 1.493542
v -0.167319 -0.301174 0.693933
v -0.167319 -0.301174 0.693933
v 0.318787 -0.301174 0.510763
v 0.318787 -0.301174 0.510763
v 0.318787 -0.301174 0.510763
v 0.318787 -0.301174 0.429746
v 0.318787 -0.301174 0.429746
v -0.361057 -0.301174 0.366341
v 0.410372 -0.301174 0.165558
v 0.410372 -0.301174 0.165558
v 0.410372 -0.301174 0.116243
v 0.410372 -0.301174 0.116243
v -0.015851 -0.304697 1.190607
v -0.015851 -0.304697 1.190607
v -0.015851 -0.304697 1.190607
v 0.015851 -0.304697 1.190607
v 0.015851 -0.304697 1.190607
v 0.015851 -0.304697 1.190607
v 0.015851 -0.304697 1.190607
v -0.026419 -0.304697 1.239922
v -0.026419 -0.304697 1.239922
v -0.220157 -0.304697 1.331507
v 0.061644 -0.304697 1.630920
v 0.061644 -0.304697 1.630920
v 0.061644 -0.304697 1.630920
v -0.100391 -0.304697 0.799609
v -0.100391 -0.304697 0.799609
v 0.160274 -0.304697 0.690411
v 0.160274 -0.304697 0.690411
v 0.160274 -0.304697 0.690411
v 0.160274 -0.304697 0.690411
v 0.167319 -0.304697 0.679843
v 0.167319 -0.304697 0.679843
v 0.167319 -0.304697 0.679843
v 0.248337 -0.304697 0.549511
v 0.248337 -0.304697 0.549511
v -0.234247 -0.304697 0.545988
v -0.234247 -0.304697 0.545988
v -0.223679 -0.304697 0.542466
v -0.223679 -0.304697 0.542466
v -0.223679 -0.304697 0.542466
v -0.223679 -0.304697 0.542466
v -0.223679 -0.304697 0.542466
v -0.237769 -0.304697 0.517808
v -0.237769 -0.304697 0.517808
v -0.237769 -0.304697 0.517808
v -0.237769 -0.304697 0.517808
v 0.325832 -0.304697 0.398043
v 0.325832 -0.304697 0.398043
v 0.325832 -0.304697 0.398043
v 0.350489 -0.304697 0.359295
v 0.350489 -0.304697 0.359295
v -0.079256 -0.308219 1.282192
v -0.079256 -0.308219 1.282192
v 0.068689 -0.308219 1.282192
v 0.068689 -0.308219 1.282192
v 0.255382 -0.308219 1.342074
v -0.033464 -0.308219 1.493542
v -0.033464 -0.308219 1.493542
v -0.047554 -0.308219 1.553425
v -0.047554 -0.308219 1.553425
v -0.047554 -0.308219 1.553425
v 0.142661 -0.308219 1.652055
v 0.142661 -0.308219 1.652055
v 0.142661 -0.308219 1.652055
v 0.142661 -0.308219 1.652055
v 0.051076 -0.308219 0.813699
v 0.051076 -0.308219 0.813699
v 0.051076 -0.308219 0.813699
v 0.051076 -0.308219 0.813699
v -0.234247 -0.308219 0.419178
v -0.234247 -0.308219 0.419178
v 0.431507 -0.308219 0.331115
v 0.431507 -0.308219 0.331115
v 0.431507 -0.308219 0.331115
v 0.420939 -0.308219 0.281800
v 0.420939 -0.308219 0.281800
v 0.420939 -0.308219 0.281800
v 0.406849 -0.308219 0.116243
v 0.406849 -0.308219 0.116243
v 0.406849 -0.308219 0.116243
v 0.427984 -0.308219 0.116243
v -0.223679 -0.311742 1.377299
v -0.223679 -0.311742 1.377299
v -0.026419 -0.311742 1.630920
v -0.026419 -0.311742 1.630920
v -0.026419 -0.311742 1.630920
v 0.033464 -0.311742 0.813699
v 0.033464 -0.311742 0.813699
v 0.033464 -0.311742 0.813699
v 0.033464 -0.311742 0.813699
v 0.427984 -0.311742 0.264188
v 0.427984 -0.311742 0.264188
v 0.424462 -0.311742 0.246575
v 0.424462 -0.311742 0.246575
v 0.438552 -0.311742 0.176125
v 0.438552 -0.311742 0.176125
v 0.438552 -0.311742 0.176125
v 0.406849 -0.311742 0.165558
v 0.406849 -0.311742 0.165558
v 0.406849 -0.311742 0.165558
v 0.406849 -0.311742 0.165558
v 0.406849 -0.311742 0.165558
v 0.399804 -0.311742 0.095108
v 0.399804 -0.311742 0.095108
v 0.399804 -0.311742 0.095108
v -0.082779 -0.315264 1.257534
v -0.082779 -0.315264 1.257534
v -0.082779 -0.315264 1.257534
v -0.082779 -0.315264 1.257534
v 0.072211 -0.315264 1.257534
v 0.072211 -0.315264 1.257534
v 0.251859 -0.315264 1.398434
v 0.251859 -0.315264 1.398434
v 0.139139 -0.315264 0.711546
v 0.139139 -0.315264 0.711546
v -0.241292 -0.315264 0.553033
v -0.241292 -0.315264 0.553033
v -0.241292 -0.315264 0.553033
v -0.248337 -0.315264 0.549511
v -0.248337 -0.315264 0.549511
v -0.248337 -0.315264 0.549511
v -0.170842 -0.315264 0.528376
v -0.170842 -0.315264 0.528376
v -0.170842 -0.315264 0.528376
v -0.170842 -0.315264 0.528376
v -0.241292 -0.315264 0.503718
v -0.241292 -0.315264 0.503718
v -0.241292 -0.315264 0.503718
v 0.417417 -0.315264 0.176125
v 0.417417 -0.315264 0.176125
v 0.346967 -0.315264 0.162035
v 0.346967 -0.315264 0.162035
v 0.346967 -0.315264 0.162035
v 0.346967 -0.315264 0.162035
v 0.346967 -0.315264 0.116243
v 0.346967 -0.315264 0.116243
v 0.346967 -0.315264 0.116243
v 0.346967 -0.315264 0.116243
v 0.346967 -0.315264 0.116243
v 0.410372 -0.315264 0.116243
v 0.410372 -0.315264 0.116243
v -0.082779 -0.318787 1.275147
v -0.082779 -0.318787 1.275147
v -0.082779 -0.318787 1.275147
v -0.082779 -0.318787 1.275147
v -0.082779 -0.318787 1.275147
v 0.072211 -0.318787 1.275147
v 0.072211 -0.318787 1.275147
v -0.029941 -0.318787 1.282192
v -0.029941 -0.318787 1.282192
v -0.029941 -0.318787 1.282192
v -0.029941 -0.318787 1.282192
v -0.230724 -0.318787 1.331507
v -0.230724 -0.318787 1.331507
v -0.230724 -0.318787 1.331507
v -0.174364 -0.318787 0.686888
v -0.174364 -0.318787 0.686888
v -0.174364 -0.318787 0.686888
v -0.174364 -0.318787 0.686888
v -0.244814 -0.318787 0.563601
v -0.244814 -0.318787 0.563601
v -0.230724 -0.318787 0.545988
v -0.230724 -0.318787 0.545988
v -0.230724 -0.318787 0.545988
v -0.230724 -0.318787 0.545988
v -0.230724 -0.318787 0.545988
v -0.241292 -0.318787 0.383953
v -0.241292 -0.318787 0.383953
v -0.241292 -0.318787 0.383953
v 0.343444 -0.318787 0.366341
v 0.343444 -0.318787 0.366341
v 0.343444 -0.318787 0.366341
v 0.417417 -0.318787 0.320548
v 0.417417 -0.318787 0.320548
v 0.417417 -0.318787 0.320548
v 0.417417 -0.318787 0.320548
v -0.195499 -0.322309 1.359687
v -0.195499 -0.322309 1.359687
v -0.195499 -0.322309 1.359687
v -0.195499 -0.322309 1.359687
v -0.103914 -0.322309 1.574560
v -0.103914 -0.322309 1.574560
v 0.167319 -0.322309 0.679843
v 0.167319 -0.322309 0.679843
v 0.167319 -0.322309 0.679843
v -0.195499 -0.322309 0.542466
v -0.195499 -0.322309 0.542466
v -0.195499 -0.322309 0.542466
v -0.195499 -0.322309 0.542466
v -0.026419 -0.325832 1.257534
v -0.026419 -0.325832 1.257534
v -0.026419 -0.325832 1.257534
v -0.026419 -0.325832 1.257534
v -0.026419 -0.325832 1.257534
v -0.029941 -0.325832 1.275147
v -0.029941 -0.325832 1.275147
v -0.029941 -0.325832 1.275147
v -0.188454 -0.325832 1.331507
v -0.188454 -0.325832 1.331507
v -0.237769 -0.325832 1.349119
v -0.237769 -0.325832 1.349119
v 0.262427 -0.325832 1.380822
v 0.262427 -0.325832 1.380822
v 0.361057 -0.325832 0.313503
v 0.361057 -0.325832 0.313503
v 0.361057 -0.325832 0.313503
v 0.452642 -0.325832 0.193738
v 0.452642 -0.325832 0.193738
v 0.452642 -0.325832 0.193738
v 0.361057 -0.325832 0.169080
v 0.361057 -0.325832 0.169080
v 0.361057 -0.325832 0.169080
v 0.361057 -0.325832 0.169080
v -0.382192 -0.325832 0.165558
v -0.382192 -0.325832 0.165558
v -0.382192 -0.325832 0.116243
v -0.382192 -0.325832 0.116243
v 0.410372 -0.325832 0.066928
v 0.410372 -0.325832 0.066928
v 0.410372 -0.325832 0.000000
v 0.410372 -0.325832 0.000000
v -0.199022 -0.329354 1.377299
v -0.199022 -0.329354 1.377299
v -0.199022 -0.329354 1.377299
v -0.230724 -0.329354 1.398434
v -0.230724 -0.329354 1.398434
v -0.230724 -0.329354 1.398434
v -0.244814 -0.329354 1.637965
v -0.244814 -0.329354 1.637965
v -0.244814 -0.329354 1.637965
v -0.244814 -0.329354 1.637965
v 0.061644 -0.329354 0.817221
v 0.061644 -0.329354 0.817221
v 0.061644 -0.329354 0.817221
v -0.029941 -0.329354 0.796086
v -0.029941 -0.329354 0.796086
v 0.079256 -0.329354 0.792564
v 0.139139 -0.329354 0.700978
v 0.139139 -0.329354 0.700978
v 0.269472 -0.329354 0.528376
v 0.269472 -0.329354 0.528376
v -0.191977 -0.332877 1.398434
v -0.191977 -0.332877 1.398434
v -0.051076 -0.332877 1.574560
v -0.051076 -0.332877 1.574560
v -0.051076 -0.332877 1.574560
v -0.051076 -0.332877 1.574560
v 0.065166 -0.332877 1.652055
v 0.065166 -0.332877 1.652055
v 0.054599 -0.332877 0.810176
v 0.054599 -0.332877 0.810176
v 0.054599 -0.332877 0.810176
v 0.054599 -0.332877 0.810176
v -0.191977 -0.332877 0.545988
v -0.191977 -0.332877 0.545988
v -0.206067 -0.332877 0.545988
v -0.206067 -0.332877 0.545988
v -0.206067 -0.332877 0.545988
v -0.206067 -0.332877 0.545988
v 0.466732 -0.332877 0.288845
v 0.466732 -0.332877 0.288845
v 0.466732 -0.332877 0.288845
v 0.438552 -0.332877 0.193738
v 0.438552 -0.332877 0.193738
v 0.438552 -0.332877 0.193738
v 0.385714 -0.332877 0.165558
v 0.385714 -0.332877 0.165558
v 0.385714 -0.332877 0.165558
v 0.385714 -0.332877 0.165558
v 0.385714 -0.332877 0.165558
v 0.385714 -0.332877 0.116243
v 0.385714 -0.332877 0.116243
v 0.385714 -0.332877 0.116243
v 0.385714 -0.332877 0.116243
v -0.237769 -0.336399 1.370254
v -0.237769 -0.336399 1.370254
v -0.026419 -0.336399 1.652055
v -0.026419 -0.336399 1.652055
v -0.026419 -0.336399 1.652055
v -0.026419 -0.336399 1.652055
v 0.029941 -0.336399 0.817221
v 0.029941 -0.336399 0.817221
v 0.029941 -0.336399 0.817221
v 0.036986 -0.336399 0.810176
v 0.036986 -0.336399 0.810176
v 0.036986 -0.336399 0.810176
v 0.036986 -0.336399 0.810176
v 0.082779 -0.336399 0.715068
v 0.082779 -0.336399 0.715068
v -0.075734 -0.336399 0.679843
v -0.075734 -0.336399 0.679843
v -0.195499 -0.336399 0.517808
v -0.195499 -0.336399 0.517808
v -0.195499 -0.336399 0.517808
v -0.195499 -0.336399 0.517808
v 0.276517 -0.336399 0.510763
v 0.276517 -0.336399 0.510763
v -0.191977 -0.336399 0.422701
v -0.191977 -0.336399 0.422701
v 0.470254 -0.336399 0.253620
v 0.470254 -0.336399 0.253620
v 0.459687 -0.336399 0.095108
v 0.459687 -0.336399 0.095108
v 0.459687 -0.336399 0.095108
v -0.195499 -0.339922 1.331507
v -0.195499 -0.339922 1.331507
v -0.195499 -0.339922 1.331507
v -0.195499 -0.339922 1.331507
v -0.195499 -0.339922 1.331507
v -0.241292 -0.339922 1.380822
v -0.241292 -0.339922 1.380822
v 0.244814 -0.339922 1.567515
v 0.244814 -0.339922 1.567515
v 0.012329 -0.339922 0.792564
v 0.012329 -0.339922 0.792564
v 0.012329 -0.339922 0.792564
v -0.047554 -0.339922 0.715068
v -0.047554 -0.339922 0.715068
v -0.047554 -0.339922 0.715068
v -0.047554 -0.339922 0.715068
v 0.188454 -0.339922 0.556556
v 0.188454 -0.339922 0.556556
v 0.188454 -0.339922 0.556556
v 0.188454 -0.339922 0.556556
v 0.167319 -0.339922 0.545988
v 0.167319 -0.339922 0.545988
v -0.269472 -0.339922 0.528376
v -0.269472 -0.339922 0.528376
v 0.276517 -0.339922 0.429746
v 0.276517 -0.339922 0.429746
v 0.276517 -0.339922 0.429746
v -0.399804 -0.339922 0.331115
v -0.399804 -0.339922 0.331115
v 0.396282 -0.339922 0.320548
v 0.396282 -0.339922 0.320548
v 0.470254 -0.339922 0.271233
v 0.470254 -0.339922 0.271233
v 0.470254 -0.339922 0.271233
v 0.378669 -0.339922 0.186693
v 0.378669 -0.339922 0.186693
v 0.378669 -0.339922 0.186693
v -0.399804 -0.339922 0.119765
v 0.378669 -0.339922 0.116243
v 0.378669 -0.339922 0.116243
v 0.378669 -0.339922 0.116243
v 0.378669 -0.339922 0.116243
v 0.389237 -0.339922 0.116243
v 0.389237 -0.339922 0.116243
v 0.389237 -0.339922 0.116243
v -0.213112 -0.343444 1.349119
v -0.213112 -0.343444 1.349119
v -0.213112 -0.343444 1.349119
v 0.269472 -0.343444 1.412524
v 0.269472 -0.343444 1.412524
v 0.269472 -0.343444 1.412524
v -0.251859 -0.343444 0.524853
v -0.251859 -0.343444 0.524853
v -0.251859 -0.343444 0.524853
v -0.251859 -0.343444 0.524853
v -0.199022 -0.343444 0.503718
v -0.199022 -0.343444 0.503718
v -0.265949 -0.343444 0.429746
v -0.265949 -0.343444 0.429746
v 0.449119 -0.343444 0.285323
v 0.449119 -0.343444 0.285323
v 0.396282 -0.343444 0.176125
v 0.396282 -0.343444 0.176125
v 0.396282 -0.343444 0.176125
v 0.378669 -0.343444 0.165558
v 0.378669 -0.343444 0.165558
v 0.378669 -0.343444 0.165558
v 0.442074 -0.343444 0.095108
v 0.442074 -0.343444 0.095108
v 0.442074 -0.343444 0.095108
v -0.199022 -0.346967 1.342074
v -0.199022 -0.346967 1.342074
v -0.202544 -0.346967 1.398434
v -0.255382 -0.346967 1.412524
v -0.255382 -0.346967 1.412524
v 0.012329 -0.346967 0.718591
v 0.012329 -0.346967 0.718591
v 0.012329 -0.346967 0.718591
v 0.012329 -0.346967 0.718591
v -0.199022 -0.346967 0.553033
v -0.199022 -0.346967 0.553033
v -0.199022 -0.346967 0.553033
v -0.199022 -0.346967 0.553033
v -0.276517 -0.346967 0.510763
v -0.276517 -0.346967 0.510763
v -0.276517 -0.346967 0.510763
v -0.248337 -0.346967 0.429746
v -0.248337 -0.346967 0.429746
v -0.248337 -0.346967 0.429746
v 0.283562 -0.346967 0.398043
v 0.283562 -0.346967 0.398043
v -0.199022 -0.346967 0.383953
v -0.199022 -0.346967 0.383953
v -0.199022 -0.346967 0.383953
v -0.258904 -0.346967 0.345205
v -0.258904 -0.346967 0.345205
v -0.258904 -0.346967 0.345205
v 0.452642 -0.346967 0.271233
v 0.452642 -0.346967 0.271233
v 0.452642 -0.346967 0.271233
v 0.452642 -0.346967 0.253620
v 0.452642 -0.346967 0.253620
v -0.410372 -0.346967 0.176125
v -0.410372 -0.346967 0.176125
v -0.209589 -0.350489 1.359687
v -0.209589 -0.350489 1.359687
v -0.209589 -0.350489 1.359687
v -0.216634 -0.350489 1.370254
v -0.216634 -0.350489 1.370254
v -0.216634 -0.350489 1.370254
v -0.209589 -0.350489 1.567515
v -0.209589 -0.350489 1.567515
v -0.209589 -0.350489 1.567515
v -0.258904 -0.350489 1.613307
v -0.258904 -0.350489 1.613307
v -0.258904 -0.350489 1.613307
v 0.184931 -0.350489 0.567123
v 0.184931 -0.350489 0.567123
v 0.184931 -0.350489 0.567123
v -0.202544 -0.350489 0.563601
v -0.202544 -0.350489 0.563601
v -0.199022 -0.350489 0.549511
v -0.199022 -0.350489 0.549511
v -0.153229 -0.350489 0.545988
v -0.153229 -0.350489 0.545988
v -0.255382 -0.350489 0.507241
v -0.255382 -0.350489 0.507241
v -0.255382 -0.350489 0.507241
v 0.389237 -0.350489 0.281800
v 0.389237 -0.350489 0.281800
v 0.389237 -0.350489 0.281800
v 0.392759 -0.350489 0.246575
v 0.392759 -0.350489 0.246575
v 0.371624 -0.350489 0.095108
v 0.371624 -0.350489 0.095108
v 0.371624 -0.350489 0.095108
v 0.371624 -0.350489 0.095108
v 0.470254 -0.350489 0.070450
v 0.470254 -0.350489 0.070450
v 0.470254 -0.350489 0.070450
v 0.470254 -0.350489 0.070450
v 0.470254 -0.350489 0.070450
v 0.470254 -0.350489 0.000000
v 0.470254 -0.350489 0.000000
v -0.206067 -0.354012 1.359687
v 0.086301 -0.354012 0.708023
v 0.086301 -0.354012 0.708023
v -0.068689 -0.354012 0.679843
v -0.068689 -0.354012 0.679843
v -0.272994 -0.354012 0.398043
v -0.272994 -0.354012 0.398043
v -0.272994 -0.354012 0.398043
v -0.251859 -0.354012 0.394521
v -0.251859 -0.354012 0.394521
v 0.396282 -0.354012 0.264188
v 0.396282 -0.354012 0.264188
v 0.385714 -0.354012 0.116243
v 0.385714 -0.354012 0.116243
v 0.167319 -0.357534 1.331507
v 0.258904 -0.357534 1.542857
v 0.258904 -0.357534 1.542857
v 0.258904 -0.357534 1.542857
v 0.258904 -0.357534 1.542857
v -0.044031 -0.357534 0.704501
v -0.044031 -0.357534 0.704501
v -0.044031 -0.357534 0.704501
v -0.044031 -0.357534 0.704501
v 0.174364 -0.357534 0.549511
v 0.174364 -0.357534 0.549511
v 0.389237 -0.357534 0.331115
v 0.389237 -0.357534 0.331115
v 0.389237 -0.357534 0.331115
v 0.417417 -0.357534 0.193738
v 0.417417 -0.357534 0.193738
v 0.417417 -0.357534 0.193738
v 0.452642 -0.357534 0.070450
v 0.452642 -0.357534 0.070450
v 0.452642 -0.357534 0.070450
v 0.452642 -0.357534 0.000000
v 0.452642 -0.357534 0.000000
v -0.209589 -0.361057 1.380822
v -0.209589 -0.361057 1.380822
v -0.209589 -0.361057 1.380822
v -0.223679 -0.361057 0.524853
v -0.223679 -0.361057 0.524853
v -0.227202 -0.361057 0.429746
v -0.227202 -0.361057 0.429746
v -0.227202 -0.361057 0.429746
v 0.301174 -0.361057 0.366341
v 0.301174 -0.361057 0.366341
v -0.424462 -0.361057 0.193738
v -0.424462 -0.361057 0.193738
v 0.396282 -0.361057 0.176125
v 0.396282 -0.361057 0.176125
v 0.396282 -0.361057 0.176125
v 0.170841 -0.364579 1.342074
v 0.012329 -0.364579 0.708023
v 0.012329 -0.364579 0.708023
v 0.012329 -0.364579 0.708023
v 0.382192 -0.364579 0.066928
v 0.382192 -0.364579 0.066928
v 0.382192 -0.364579 0.000000
v 0.382192 -0.364579 0.000000
v 0.170841 -0.368102 1.398434
v 0.170841 -0.368102 1.398434
v 0.160274 -0.368102 0.563601
v 0.160274 -0.368102 0.563601
v -0.160274 -0.368102 0.549511
v -0.230724 -0.368102 0.507241
v -0.230724 -0.368102 0.507241
v -0.230724 -0.368102 0.507241
v 0.427984 -0.368102 0.285323
v 0.427984 -0.368102 0.285323
v 0.420939 -0.368102 0.095108
v 0.420939 -0.368102 0.095108
v 0.420939 -0.368102 0.095108
v 0.420939 -0.368102 0.095108
v 0.420939 -0.368102 0.095108
v -0.220157 -0.371624 1.412524
v -0.220157 -0.371624 1.412524
v -0.223679 -0.371624 1.542857
v -0.223679 -0.371624 1.542857
v 0.089824 -0.371624 0.545988
v 0.089824 -0.371624 0.545988
v -0.230724 -0.371624 0.394521
v -0.230724 -0.371624 0.394521
v -0.216634 -0.371624 0.348728
v -0.216634 -0.371624 0.348728
v -0.216634 -0.371624 0.348728
v -0.216634 -0.371624 0.348728
v -0.435029 -0.371624 0.288845
v -0.435029 -0.371624 0.288845
v 0.435029 -0.371624 0.271233
v 0.435029 -0.371624 0.271233
v 0.435029 -0.371624 0.271233
v 0.431507 -0.371624 0.253620
v 0.431507 -0.371624 0.253620
v -0.435029 -0.371624 0.095108
v -0.435029 -0.371624 0.095108
v -0.086301 -0.375147 0.556556
v -0.086301 -0.375147 0.556556
v -0.086301 -0.375147 0.556556
v -0.079256 -0.375147 0.545988
v -0.079256 -0.375147 0.545988
v -0.079256 -0.375147 0.545988
v -0.287084 -0.375147 0.366341
v -0.287084 -0.375147 0.366341
v -0.287084 -0.375147 0.366341
v -0.438552 -0.375147 0.271233
v -0.438552 -0.375147 0.271233
v -0.438552 -0.375147 0.253620
v 0.413894 -0.375147 0.193738
v 0.413894 -0.375147 0.193738
v 0.413894 -0.375147 0.193738
v -0.283562 -0.375147 0.162035
v -0.283562 -0.375147 0.162035
v -0.283562 -0.375147 0.162035
v -0.283562 -0.375147 0.162035
v -0.283562 -0.375147 0.116243
v -0.283562 -0.375147 0.116243
v -0.283562 -0.375147 0.116243
v -0.283562 -0.375147 0.116243
v -0.283562 -0.375147 0.116243
v -0.096869 -0.378669 1.331507
v -0.096869 -0.378669 1.331507
v -0.058121 -0.378669 0.545988
v -0.058121 -0.378669 0.545988
v -0.058121 -0.378669 0.545988
v -0.216634 -0.378669 0.528376
v -0.216634 -0.378669 0.528376
v -0.216634 -0.378669 0.528376
v -0.216634 -0.378669 0.528376
v -0.269472 -0.378669 0.359295
v -0.269472 -0.378669 0.359295
v 0.082779 -0.382192 1.331507
v 0.174364 -0.382192 1.380822
v 0.174364 -0.382192 1.380822
v 0.184931 -0.382192 1.567515
v 0.184931 -0.382192 1.567515
v 0.184931 -0.382192 1.567515
v 0.184931 -0.382192 1.567515
v 0.005284 -0.382192 0.545988
v 0.005284 -0.382192 0.545988
v 0.005284 -0.382192 0.545988
v -0.216634 -0.382192 0.429746
v -0.216634 -0.382192 0.429746
v 0.325832 -0.382192 0.165558
v 0.325832 -0.382192 0.165558
v 0.325832 -0.382192 0.165558
v 0.325832 -0.382192 0.165558
v 0.325832 -0.382192 0.116243
v 0.325832 -0.382192 0.116243
v 0.325832 -0.382192 0.116243
v -0.449119 -0.382192 0.070450
v -0.449119 -0.382192 0.070450
v 0.431507 -0.382192 0.070450
v 0.431507 -0.382192 0.070450
v -0.449119 -0.382192 0.000000
v 0.431507 -0.382192 0.000000
v 0.431507 -0.382192 0.000000
v -0.100391 -0.385714 1.342074
v -0.100391 -0.385714 1.342074
v 0.079256 -0.385714 1.356164
v 0.079256 -0.385714 1.356164
v 0.079256 -0.385714 1.356164
v -0.079256 -0.385714 0.567123
v -0.079256 -0.385714 0.567123
v -0.079256 -0.385714 0.567123
v 0.191976 -0.385714 0.528376
v -0.220157 -0.385714 0.510763
v -0.220157 -0.385714 0.510763
v 0.424462 -0.385714 0.288845
v 0.424462 -0.385714 0.288845
v 0.424462 -0.385714 0.288845
v -0.294129 -0.385714 0.169080
v -0.294129 -0.385714 0.169080
v -0.294129 -0.385714 0.169080
v 0.417417 -0.385714 0.095108
v 0.417417 -0.385714 0.095108
v 0.417417 -0.385714 0.095108
v 0.417417 -0.385714 0.095108
v 0.082779 -0.389237 1.342074
v 0.082779 -0.389237 1.363209
v 0.082779 -0.389237 1.363209
v 0.082779 -0.389237 1.363209
v -0.110959 -0.389237 1.398434
v -0.110959 -0.389237 1.398434
v -0.110959 -0.389237 1.398434
v -0.110959 -0.389237 1.398434
v 0.093346 -0.389237 0.549511
v 0.093346 -0.389237 0.549511
v -0.223679 -0.389237 0.398043
v -0.223679 -0.389237 0.398043
v -0.223679 -0.389237 0.398043
v 0.431507 -0.389237 0.271233
v 0.431507 -0.389237 0.271233
v 0.427984 -0.389237 0.253620
v 0.427984 -0.389237 0.253620
v -0.033464 -0.392759 1.331507
v -0.033464 -0.392759 1.331507
v 0.082779 -0.392759 1.349119
v 0.082779 -0.392759 1.349119
v 0.082779 -0.392759 1.349119
v 0.079256 -0.392759 1.370254
v 0.079256 -0.392759 1.370254
v 0.079256 -0.392759 1.370254
v -0.054599 -0.392759 0.563601
v -0.054599 -0.392759 0.563601
v -0.054599 -0.392759 0.563601
v 0.096869 -0.392759 0.563601
v 0.096869 -0.392759 0.563601
v -0.082779 -0.392759 0.549511
v -0.082779 -0.392759 0.549511
v 0.195499 -0.392759 0.429746
v 0.195499 -0.392759 0.429746
v -0.248337 -0.392759 0.359295
v -0.248337 -0.392759 0.359295
v -0.294129 -0.392759 0.313503
v -0.294129 -0.392759 0.313503
v -0.294129 -0.392759 0.313503
v -0.012329 -0.396282 1.356164
v -0.012329 -0.396282 1.356164
v -0.012329 -0.396282 1.356164
v 0.086301 -0.396282 1.359687
v 0.086301 -0.396282 1.359687
v 0.086301 -0.396282 1.359687
v 0.075734 -0.396282 1.398434
v 0.075734 -0.396282 1.398434
v -0.118004 -0.396282 1.567515
v -0.118004 -0.396282 1.567515
v 0.167319 -0.396282 1.641487
v 0.167319 -0.396282 1.641487
v 0.167319 -0.396282 1.641487
v 0.167319 -0.396282 1.641487
v -0.174364 -0.396282 0.528376
v -0.174364 -0.396282 0.528376
v 0.195499 -0.396282 0.510763
v 0.195499 -0.396282 0.510763
v 0.195499 -0.396282 0.510763
v -0.033464 -0.399804 1.342074
v -0.012329 -0.399804 1.363209
v -0.012329 -0.399804 1.363209
v -0.012329 -0.399804 1.363209
v -0.008806 -0.399804 1.370254
v -0.008806 -0.399804 1.370254
v -0.008806 -0.399804 1.370254
v 0.188454 -0.399804 1.412524
v 0.188454 -0.399804 1.412524
v 0.005284 -0.399804 0.549511
v 0.005284 -0.399804 0.549511
v -0.177887 -0.399804 0.429746
v 0.339922 -0.399804 0.331115
v -0.241292 -0.399804 0.162035
v -0.241292 -0.399804 0.162035
v -0.241292 -0.399804 0.162035
v -0.241292 -0.399804 0.162035
v 0.339922 -0.399804 0.119765
v -0.241292 -0.399804 0.116243
v -0.241292 -0.399804 0.116243
v -0.241292 -0.399804 0.116243
v -0.241292 -0.399804 0.116243
v -0.241292 -0.399804 0.116243
v 0.427984 -0.399804 0.070450
v 0.427984 -0.399804 0.070450
v 0.427984 -0.399804 0.000000
v -0.012329 -0.403327 1.349119
v -0.012329 -0.403327 1.349119
v -0.012329 -0.403327 1.349119
v 0.079256 -0.403327 1.366732
v 0.079256 -0.403327 1.366732
v 0.079256 -0.403327 1.366732
v -0.103914 -0.403327 1.377299
v -0.103914 -0.403327 1.377299
v -0.103914 -0.403327 1.377299
v -0.044031 -0.403327 1.398434
v -0.044031 -0.403327 1.398434
v 0.012329 -0.403327 0.563601
v 0.012329 -0.403327 0.563601
v 0.199021 -0.403327 0.398043
v -0.308219 -0.403327 0.186693
v -0.308219 -0.403327 0.186693
v -0.308219 -0.403327 0.186693
v -0.308219 -0.403327 0.116243
v -0.308219 -0.403327 0.116243
v -0.308219 -0.403327 0.116243
v -0.308219 -0.403327 0.116243
v -0.015851 -0.406849 1.359687
v -0.015851 -0.406849 1.359687
v -0.015851 -0.406849 1.359687
v 0.082779 -0.406849 1.377299
v 0.082779 -0.406849 1.377299
v 0.188454 -0.406849 1.542857
v 0.188454 -0.406849 1.542857
v 0.188454 -0.406849 1.542857
v -0.177887 -0.406849 0.510763
v -0.177887 -0.406849 0.510763
v -0.237769 -0.406849 0.366341
v -0.237769 -0.406849 0.366341
v -0.237769 -0.406849 0.366341
v -0.308219 -0.406849 0.165558
v -0.308219 -0.406849 0.165558
v -0.308219 -0.406849 0.165558
v -0.294129 -0.406849 0.116243
v -0.294129 -0.406849 0.116243
v -0.294129 -0.406849 0.116243
v -0.294129 -0.406849 0.116243
v -0.012329 -0.410372 1.366732
v -0.012329 -0.410372 1.366732
v -0.012329 -0.410372 1.366732
v -0.181409 -0.410372 0.398043
v -0.181409 -0.410372 0.398043
v 0.346967 -0.410372 0.176125
v 0.346967 -0.410372 0.176125
v -0.054599 -0.413894 1.567515
v -0.054599 -0.413894 1.567515
v -0.054599 -0.413894 1.567515
v 0.072211 -0.413894 1.641487
v 0.072211 -0.413894 1.641487
v -0.251859 -0.413894 0.169080
v -0.251859 -0.413894 0.169080
v -0.251859 -0.413894 0.169080
v -0.033464 -0.417417 1.377299
v -0.033464 -0.417417 1.377299
v -0.125049 -0.417417 1.412524
v -0.125049 -0.417417 1.412524
v -0.125049 -0.417417 1.542857
v -0.125049 -0.417417 1.542857
v -0.322309 -0.417417 0.116243
v 0.170841 -0.420939 1.613307
v 0.170841 -0.420939 1.613307
v 0.170841 -0.420939 1.613307
v -0.029941 -0.420939 1.641487
v -0.029941 -0.420939 1.641487
v -0.029941 -0.420939 1.641487
v 0.100391 -0.420939 0.528376
v 0.213112 -0.420939 0.366341
v -0.325832 -0.420939 0.331115
v -0.325832 -0.420939 0.331115
v -0.325832 -0.420939 0.331115
v -0.251859 -0.420939 0.317025
v -0.251859 -0.420939 0.317025
v -0.251859 -0.420939 0.317025
v -0.251859 -0.420939 0.317025
v -0.318787 -0.420939 0.281800
v -0.318787 -0.420939 0.281800
v -0.318787 -0.420939 0.281800
v -0.322309 -0.420939 0.246575
v -0.322309 -0.420939 0.246575
v -0.311742 -0.420939 0.176125
v -0.311742 -0.420939 0.176125
v -0.311742 -0.420939 0.176125
v -0.311742 -0.420939 0.176125
v -0.332877 -0.420939 0.176125
v -0.332877 -0.420939 0.176125
v -0.332877 -0.420939 0.176125
v -0.332877 -0.420939 0.176125
v -0.272994 -0.420939 0.165558
v -0.272994 -0.420939 0.165558
v -0.272994 -0.420939 0.165558
v -0.272994 -0.420939 0.165558
v -0.272994 -0.420939 0.116243
v -0.272994 -0.420939 0.116243
v -0.272994 -0.420939 0.116243
v -0.272994 -0.420939 0.116243
v -0.089824 -0.424462 0.528376
v -0.089824 -0.424462 0.528376
v -0.308219 -0.424462 0.320548
v -0.308219 -0.424462 0.320548
v -0.322309 -0.424462 0.264188
v -0.322309 -0.424462 0.264188
v 0.361057 -0.424462 0.193738
v -0.304697 -0.424462 0.165558
v -0.304697 -0.424462 0.165558
v -0.304697 -0.424462 0.165558
v -0.304697 -0.424462 0.165558
v -0.304697 -0.424462 0.165558
v -0.304697 -0.424462 0.165558
v -0.304697 -0.424462 0.116243
v -0.304697 -0.424462 0.116243
v -0.304697 -0.424462 0.116243
v -0.304697 -0.424462 0.116243
v -0.093346 -0.427984 0.429746
v -0.093346 -0.427984 0.429746
v 0.103914 -0.427984 0.429746
v 0.103914 -0.427984 0.429746
v -0.188454 -0.427984 0.366341
v -0.188454 -0.427984 0.366341
v -0.294129 -0.427984 0.095108
v -0.294129 -0.427984 0.095108
v -0.294129 -0.427984 0.095108
v -0.294129 -0.427984 0.095108
v -0.294129 -0.427984 0.095108
v 0.082779 -0.431507 1.412524
v 0.082779 -0.431507 1.412524
v 0.103914 -0.431507 0.510763
v 0.103914 -0.431507 0.510763
v -0.265949 -0.431507 0.186693
v -0.265949 -0.431507 0.186693
v -0.265949 -0.431507 0.186693
v -0.258904 -0.431507 0.165558
v -0.258904 -0.431507 0.165558
v -0.258904 -0.431507 0.116243
v -0.258904 -0.431507 0.116243
v -0.051076 -0.435029 1.412524
v -0.051076 -0.435029 1.412524
v -0.051076 -0.435029 1.412524
v 0.005284 -0.435029 0.528376
v 0.005284 -0.435029 0.528376
v -0.093346 -0.435029 0.510763
v -0.093346 -0.435029 0.510763
v 0.371624 -0.435029 0.288845
v 0.371624 -0.435029 0.095108
v 0.371624 -0.435029 0.095108
v -0.054599 -0.438552 1.542857
v -0.054599 -0.438552 1.542857
v -0.054599 -0.438552 1.542857
v 0.075734 -0.438552 1.613307
v 0.075734 -0.438552 1.613307
v 0.005284 -0.438552 0.429746
v 0.005284 -0.438552 0.429746
v 0.005284 -0.438552 0.429746
v -0.093346 -0.438552 0.398043
v -0.093346 -0.438552 0.398043
v 0.107436 -0.438552 0.398043
v -0.287084 -0.438552 0.320548
v -0.287084 -0.438552 0.320548
v -0.287084 -0.438552 0.320548
v 0.375147 -0.438552 0.271233
v 0.375147 -0.438552 0.271233
v 0.375147 -0.438552 0.271233
v 0.375147 -0.438552 0.253620
v 0.375147 -0.438552 0.253620
v -0.343444 -0.438552 0.193738
v -0.343444 -0.438552 0.193738
v -0.343444 -0.438552 0.193738
v -0.283562 -0.438552 0.176125
v -0.283562 -0.438552 0.176125
v -0.283562 -0.438552 0.176125
v -0.283562 -0.438552 0.176125
v -0.280039 -0.438552 0.116243
v -0.280039 -0.438552 0.116243
v -0.280039 -0.438552 0.116243
v -0.325832 -0.442074 0.193738
v -0.325832 -0.442074 0.193738
v -0.029941 -0.445597 1.613307
v -0.029941 -0.445597 1.613307
v -0.029941 -0.445597 1.613307
v -0.029941 -0.445597 1.613307
v 0.005284 -0.445597 0.510763
v 0.005284 -0.445597 0.510763
v 0.005284 -0.445597 0.510763
v -0.304697 -0.445597 0.066928
v -0.304697 -0.445597 0.066928
v -0.304697 -0.445597 0.000000
v -0.304697 -0.445597 0.000000
v 0.005284 -0.449119 0.398043
v -0.276517 -0.449119 0.281800
v -0.276517 -0.449119 0.281800
v -0.276517 -0.449119 0.281800
v -0.280039 -0.449119 0.246575
v -0.280039 -0.449119 0.246575
v 0.230724 -0.449119 0.165558
v 0.230724 -0.449119 0.165558
v -0.269472 -0.449119 0.116243
v -0.269472 -0.449119 0.116243
v 0.230724 -0.449119 0.116243
v 0.230724 -0.449119 0.116243
v -0.276517 -0.452642 0.331115
v -0.276517 -0.452642 0.331115
v -0.276517 -0.452642 0.331115
v -0.350489 -0.452642 0.288845
v -0.350489 -0.452642 0.288845
v -0.350489 -0.452642 0.288845
v -0.350489 -0.452642 0.288845
v -0.251859 -0.452642 0.095108
v -0.251859 -0.452642 0.095108
v -0.251859 -0.452642 0.095108
v -0.332877 -0.456164 0.285323
v -0.332877 -0.456164 0.285323
v -0.280039 -0.456164 0.264188
v -0.280039 -0.456164 0.264188
v -0.357534 -0.456164 0.253620
v -0.357534 -0.456164 0.253620
v -0.301174 -0.456164 0.193738
v -0.301174 -0.456164 0.193738
v -0.339922 -0.456164 0.095108
v -0.339922 -0.456164 0.095108
v -0.339922 -0.456164 0.095108
v -0.100391 -0.459687 0.366341
v -0.100391 -0.459687 0.366341
v 0.110959 -0.459687 0.366341
v -0.357534 -0.459687 0.271233
v -0.357534 -0.459687 0.271233
v -0.357534 -0.459687 0.271233
v -0.336399 -0.459687 0.253620
v -0.336399 -0.459687 0.253620
v -0.276517 -0.459687 0.176125
v -0.276517 -0.459687 0.176125
v -0.276517 -0.459687 0.176125
v -0.276517 -0.459687 0.176125
v -0.206067 -0.459687 0.165558
v -0.206067 -0.459687 0.165558
v -0.206067 -0.459687 0.116243
v -0.206067 -0.459687 0.116243
v -0.322309 -0.459687 0.095108
v -0.322309 -0.459687 0.095108
v -0.322309 -0.459687 0.095108
v -0.322309 -0.459687 0.095108
v -0.339922 -0.463209 0.271233
v -0.339922 -0.463209 0.271233
v -0.339922 -0.463209 0.271233
v -0.339922 -0.463209 0.271233
v 0.237769 -0.466732 0.331115
v 0.005284 -0.470254 0.366341
v -0.311742 -0.470254 0.285323
v -0.311742 -0.470254 0.285323
v -0.311742 -0.470254 0.285323
v 0.241292 -0.470255 0.119765
v -0.262427 -0.470254 0.066928
v -0.262427 -0.470254 0.066928
v -0.262427 -0.470254 0.066928
v -0.262427 -0.470254 0.000000
v -0.262427 -0.470254 0.000000
v -0.315264 -0.473777 0.253620
v -0.315264 -0.473777 0.253620
v -0.315264 -0.473777 0.253620
v -0.294129 -0.473777 0.193738
v -0.294129 -0.473777 0.193738
v -0.294129 -0.473777 0.193738
v -0.297652 -0.473777 0.095108
v -0.297652 -0.473777 0.095108
v -0.297652 -0.473777 0.095108
v -0.350489 -0.473777 0.070450
v -0.350489 -0.473777 0.070450
v -0.350489 -0.473777 0.070450
v -0.350489 -0.473777 0.000000
v -0.213112 -0.477299 0.331115
v -0.213112 -0.477299 0.331115
v -0.315264 -0.477299 0.271233
v -0.315264 -0.477299 0.271233
v -0.315264 -0.477299 0.271233
v -0.315264 -0.477299 0.271233
v -0.332877 -0.477299 0.070450
v -0.332877 -0.477299 0.070450
v -0.332877 -0.477299 0.070450
v -0.332877 -0.477299 0.000000
v -0.332877 -0.477299 0.000000
v 0.244814 -0.480822 0.176125
v 0.244814 -0.480822 0.176125
v -0.213112 -0.480822 0.119765
v -0.301174 -0.487867 0.288845
v -0.301174 -0.487867 0.288845
v -0.301174 -0.487867 0.288845
v -0.304697 -0.491389 0.253620
v -0.304697 -0.491389 0.253620
v -0.220157 -0.491389 0.176125
v -0.220157 -0.491389 0.176125
v -0.107436 -0.491389 0.165558
v -0.107436 -0.491389 0.165558
v 0.121526 -0.491389 0.165558
v 0.121526 -0.491389 0.165558
v -0.107436 -0.491389 0.116243
v -0.107436 -0.491389 0.116243
v 0.121526 -0.491389 0.116243
v 0.121526 -0.491389 0.116243
v -0.287084 -0.491389 0.095108
v -0.287084 -0.491389 0.095108
v -0.287084 -0.491389 0.095108
v -0.308219 -0.491389 0.070450
v -0.308219 -0.491389 0.070450
v -0.308219 -0.491389 0.070450
v -0.308219 -0.491389 0.070450
v -0.308219 -0.491389 0.000000
v -0.308219 -0.491389 0.000000
v -0.308219 -0.494912 0.271233
v -0.308219 -0.494912 0.271233
v -0.308219 -0.494912 0.271233
v 0.255382 -0.498435 0.193738
v 0.008806 -0.505480 0.165558
v 0.008806 -0.505480 0.165558
v 0.008806 -0.505480 0.165558
v 0.008806 -0.505480 0.116243
v 0.008806 -0.505480 0.116243
v 0.008806 -0.505480 0.116243
v -0.297652 -0.505479 0.070450
v -0.297652 -0.505479 0.070450
v -0.297652 -0.505479 0.070450
v -0.297652 -0.505479 0.070450
v -0.297652 -0.505479 0.000000
v 0.125049 -0.509002 0.331115
v 0.262427 -0.509002 0.288845
v -0.227202 -0.509002 0.193738
v -0.227202 -0.509002 0.193738
v -0.227202 -0.509002 0.193738
v 0.262427 -0.509002 0.095108
v 0.262427 -0.509002 0.095108
v -0.110959 -0.512525 0.331115
v -0.110959 -0.512525 0.331115
v 0.128571 -0.512525 0.119765
v 0.265949 -0.516047 0.271233
v 0.265949 -0.516047 0.271233
v 0.265949 -0.516047 0.253620
v -0.110959 -0.516047 0.119765
v -0.234247 -0.519569 0.288845
v -0.234247 -0.519569 0.288845
v -0.234247 -0.519569 0.095108
v -0.234247 -0.519569 0.095108
v -0.234247 -0.519569 0.095108
v 0.132094 -0.523092 0.176125
v 0.132094 -0.523092 0.176125
v 0.008806 -0.526615 0.331115
v -0.237769 -0.526614 0.271233
v -0.234247 -0.526614 0.253620
v -0.114481 -0.526615 0.176125
v -0.114481 -0.526615 0.176125
v 0.008806 -0.526615 0.119765
v 0.269472 -0.526615 0.070450
v 0.269472 -0.526615 0.070450
v 0.269472 -0.526615 0.070450
v 0.269472 -0.526615 0.000000
v 0.269472 -0.526615 0.000000
v -0.241292 -0.537182 0.070450
v -0.241292 -0.537182 0.070450
v -0.241292 -0.537182 0.000000
v 0.008806 -0.540705 0.176125
v 0.008806 -0.540705 0.176125
v -0.118004 -0.544227 0.193738
v -0.118004 -0.544227 0.193738
v 0.135616 -0.544227 0.193738
v 0.139139 -0.554795 0.288845
v 0.139139 -0.554795 0.095108
v 0.139139 -0.554795 0.095108
v -0.121527 -0.558317 0.288845
v -0.121527 -0.558317 0.288845
v 0.008806 -0.558317 0.193738
v -0.121527 -0.558317 0.095108
v -0.121527 -0.558317 0.095108
v 0.139139 -0.561840 0.253620
v -0.121527 -0.565362 0.271233
v -0.121527 -0.565362 0.271233
v 0.142661 -0.565362 0.271233
v 0.142661 -0.565362 0.271233
v -0.121527 -0.565362 0.253620
v -0.121527 -0.565362 0.253620
v 0.008806 -0.572407 0.288845
v 0.008806 -0.572407 0.095108
v 0.008806 -0.572407 0.095108
v 0.142661 -0.575930 0.070450
v 0.142661 -0.575930 0.070450
v 0.142661 -0.575930 0.000000
v 0.008806 -0.579452 0.271233
v 0.008806 -0.579452 0.271233
v 0.008806 -0.579452 0.271233
v 0.008806 -0.579452 0.253620
v 0.008806 -0.579452 0.253620
v -0.125049 -0.579452 0.070450
v -0.125049 -0.579452 0.070450
v -0.125049 -0.579452 0.000000
v 0.008806 -0.593542 0.070450
v 0.008806 -0.593542 0.070450
v 0.008806 -0.593542 0.070450
v 0.008806 -0.593542 0.000000
v 0.008806 -0.593542 0.000000
v -0.311742 0.001761 1.018004
v -0.311742 0.001761 1.018004
v -0.297652 0.001761 1.049706
v -0.297652 0.001761 1.049706
v -0.294129 0.001761 1.165949
v -0.294129 0.001761 1.165949
v 0.294129 0.001761 1.197652
v 0.290607 0.001761 1.222309
v 0.290607 0.001761 1.222309
v -0.114481 0.001761 1.335029
v -0.114481 0.001761 1.335029
v -0.114481 0.001761 1.335029
v -0.114481 0.001761 1.335029
v 0.237769 0.001761 1.479452
v 0.237769 0.001761 1.479452
v 0.248337 0.001761 1.518200
v 0.248337 0.001761 1.518200
v 0.248337 0.001761 1.556947
v 0.248337 0.001761 1.592172
v 0.248337 0.001761 1.592172
v 0.237769 0.001761 1.630920
v 0.237769 0.001761 1.630920
v -0.361057 0.001761 0.697456
v -0.361057 0.001761 0.697456
v -0.361057 0.001761 0.697456
v -0.361057 0.001761 0.697456
v 0.276517 0.005284 1.106067
v 0.276517 0.005284 1.106067
v -0.315264 0.005284 1.282192
v -0.315264 0.005284 1.282192
v -0.424462 0.005284 1.542857
v -0.424462 0.005284 1.542857
v -0.403327 0.005284 1.567515
v -0.403327 0.005284 1.567515
v -0.332877 0.005284 1.574560
v -0.332877 0.005284 1.574560
v 0.322309 0.005284 0.781996
v 0.322309 0.005284 0.781996
v 0.322309 0.005284 0.781996
v 0.322309 0.005284 0.781996
v 0.399804 0.005284 0.549511
v 0.399804 0.005284 0.549511
v 0.382192 0.005284 0.545988
v 0.382192 0.005284 0.545988
v 0.382192 0.005284 0.545988
v 0.435029 0.005284 0.528376
v 0.445597 0.005284 0.510763
v 0.445597 0.005284 0.510763
v 0.438552 0.005284 0.429746
v 0.438552 0.005284 0.429746
v 0.449119 0.005284 0.398043
v 0.449119 0.005284 0.398043
v 0.470254 0.005284 0.366341
v 0.290607 0.008806 1.056751
v 0.290607 0.008806 1.056751
v -0.283562 0.008806 1.127202
v -0.283562 0.008806 1.127202
v -0.290607 0.008806 1.204697
v -0.290607 0.008806 1.204697
v -0.283562 0.008806 1.229354
v -0.283562 0.008806 1.229354
v -0.304697 0.008806 1.239922
v -0.304697 0.008806 1.239922
v -0.322309 0.008806 1.257534
v -0.325832 0.008806 1.271624
v -0.325832 0.008806 1.271624
v -0.389237 0.008806 1.331507
v -0.396282 0.008806 1.342074
v -0.413894 0.008806 1.377299
v -0.413894 0.008806 1.377299
v -0.403327 0.008806 1.398434
v -0.403327 0.008806 1.398434
v -0.308219 0.008806 1.553425
v -0.308219 0.008806 1.553425
v -0.336399 0.008806 0.831311
v -0.336399 0.008806 0.831311
v -0.332877 0.008806 0.796086
v -0.332877 0.008806 0.796086
v 0.329354 0.008806 0.785519
v 0.329354 0.008806 0.785519
v 0.368102 0.008806 0.690411
v 0.368102 0.008806 0.690411
v -0.368102 0.008806 0.679843
v -0.368102 0.008806 0.679843
v 0.526615 0.008806 0.331115
v 0.572407 0.008806 0.288845
v 0.572407 0.008806 0.288845
v 0.579452 0.008806 0.271233
v 0.579452 0.008806 0.271233
v 0.579452 0.008806 0.271233
v 0.579452 0.008806 0.253620
v 0.579452 0.008806 0.253620
v 0.558317 0.008806 0.193738
v 0.558317 0.008806 0.193738
v 0.540705 0.008806 0.176125
v 0.540705 0.008806 0.176125
v 0.505480 0.008806 0.165558
v 0.505480 0.008806 0.165558
v 0.526615 0.008806 0.119765
v 0.526615 0.008806 0.119765
v 0.505480 0.008806 0.116243
v 0.505480 0.008806 0.116243
v 0.572407 0.008806 0.095108
v 0.593542 0.008806 0.070450
v 0.593542 0.008806 0.070450
v 0.593542 0.008806 0.000000
v -0.301174 0.012329 1.028571
v -0.290607 0.012329 1.053229
v -0.290607 0.012329 1.053229
v -0.290607 0.012329 1.053229
v -0.290607 0.012329 1.053229
v -0.280039 0.012329 1.095499
v -0.280039 0.012329 1.095499
v -0.280039 0.012329 1.095499
v -0.424462 0.012329 1.412524
v -0.424462 0.012329 1.412524
v -0.304697 0.012329 1.493542
v -0.304697 0.012329 1.493542
v 0.332877 0.012329 0.789041
v 0.336399 0.012329 0.708023
v 0.336399 0.012329 0.708023
v 0.336399 0.012329 0.708023
v -0.339922 0.012329 0.704501
v -0.339922 0.012329 0.704501
v -0.339922 0.012329 0.704501
v -0.403327 0.012329 0.574168
v -0.403327 0.012329 0.574168
v -0.403327 0.012329 0.574168
v -0.382192 0.012329 0.545988
v -0.382192 0.012329 0.545988
v -0.382192 0.012329 0.545988
v -0.382192 0.012329 0.545988
v 0.382192 0.012329 0.545988
v 0.382192 0.012329 0.545988
v -0.290607 0.015851 1.165949
v 0.280039 0.015851 1.236399
v 0.280039 0.015851 1.236399
v 0.280039 0.015851 1.236399
v -0.029941 0.015851 1.800000
v 0.339922 0.015851 0.803131
v 0.339922 0.015851 0.803131
v 0.357534 0.015851 0.704501
v 0.357534 0.015851 0.704501
v 0.308219 0.019374 1.042661
v 0.308219 0.019374 1.042661
v -0.280039 0.019374 1.053229
v -0.280039 0.019374 1.053229
v -0.280039 0.019374 1.053229
v -0.280039 0.019374 1.208219
v 0.290607 0.019374 1.225832
v 0.290607 0.019374 1.225832
v -0.036986 0.019374 1.310372
v 0.036986 0.019374 1.310372
v -0.072211 0.019374 1.320939
v 0.072211 0.019374 1.320939
v -0.072211 0.019374 1.789432
v 0.068689 0.019374 1.789432
v 0.029941 0.019374 1.800000
v -0.329354 0.019374 0.820744
v -0.322309 0.019374 0.789041
v -0.322309 0.019374 0.789041
v -0.322309 0.019374 0.789041
v 0.399804 0.019374 0.563601
v 0.399804 0.019374 0.563601
v -0.276517 0.022896 1.123679
v -0.276517 0.022896 1.123679
v -0.276517 0.022896 1.123679
v -0.276517 0.022896 1.123679
v -0.276517 0.022896 1.123679
v 0.294129 0.022896 1.215264
v 0.294129 0.022896 1.215264
v -0.290607 0.026419 1.028571
v -0.290607 0.026419 1.028571
v -0.280039 0.026419 1.165949
v -0.343444 0.026419 0.686888
v -0.343444 0.026419 0.686888
v -0.343444 0.026419 0.686888
v -0.343444 0.026419 0.686888
v -0.343444 0.026419 0.686888
v -0.385714 0.026419 0.563601
v -0.385714 0.026419 0.563601
v -0.385714 0.026419 0.563601
v -0.103914 0.029941 1.775342
v -0.103914 0.029941 1.775342
v 0.103914 0.029941 1.775342
v 0.103914 0.029941 1.775342
v -0.012329 0.029941 1.800000
v -0.325832 0.029941 0.817221
v -0.280039 0.033464 1.028571
v -0.280039 0.033464 1.028571
v -0.280039 0.033464 1.028571
v -0.280039 0.033464 1.028571
v -0.280039 0.033464 1.028571
v -0.022896 0.033464 1.310372
v 0.022896 0.033464 1.310372
v -0.103914 0.033464 1.335029
v -0.103914 0.033464 1.335029
v 0.008806 0.033464 1.800000
v 0.001761 0.036986 1.310372
v 0.001761 0.036986 1.310372
v -0.318787 0.036986 0.813699
v -0.318787 0.036986 0.813699
v -0.061644 0.040509 1.320939
v 0.061644 0.040509 1.320939
v -0.135616 0.040509 1.356164
v 0.135616 0.040509 1.356164
v -0.135616 0.040509 1.754207
v 0.135616 0.040509 1.754207
v -0.058121 0.040509 1.789432
v 0.058121 0.040509 1.789432
v -0.167319 0.047554 1.380822
v 0.163796 0.047554 1.380822
v -0.167319 0.051076 1.729550
v 0.163797 0.051076 1.729550
v -0.191977 0.054599 1.409002
v -0.191977 0.054599 1.701370
v -0.044031 0.054599 1.789432
v -0.044031 0.058121 1.320939
v 0.093346 0.058121 1.335029
v 0.093346 0.058121 1.335029
v 0.191977 0.058121 1.409002
v -0.213112 0.058121 1.444227
v -0.213112 0.058121 1.444227
v 0.297652 0.058121 1.493542
v 0.297652 0.058121 1.493542
v 0.301174 0.058121 1.553425
v -0.213112 0.058121 1.666145
v -0.213112 0.058121 1.666145
v 0.191977 0.058121 1.701370
v -0.089824 0.058121 1.775342
v -0.089824 0.058121 1.775342
v -0.089824 0.058121 1.775342
v 0.040509 0.058121 1.789432
v 0.301174 0.061644 1.042661
v 0.301174 0.061644 1.042661
v 0.283562 0.061644 1.225832
v 0.283562 0.061644 1.225832
v 0.297652 0.061644 1.239922
v 0.297652 0.061644 1.239922
v 0.040509 0.061644 1.320939
v 0.040509 0.061644 1.320939
v -0.227202 0.061644 1.479452
v -0.227202 0.061644 1.479452
v -0.237769 0.061644 1.518200
v -0.237769 0.061644 1.518200
v -0.241292 0.061644 1.553425
v -0.304697 0.061644 1.553425
v -0.304697 0.061644 1.553425
v -0.304697 0.061644 1.553425
v -0.237769 0.061644 1.592172
v -0.237769 0.061644 1.592172
v -0.227202 0.061644 1.630920
v -0.227202 0.061644 1.630920
v 0.086301 0.061644 1.775342
v 0.086301 0.061644 1.775342
v 0.350489 0.061644 0.704501
v 0.350489 0.061644 0.704501
v 0.272994 0.065166 1.236399
v 0.272994 0.065166 1.236399
v 0.315264 0.065166 1.257534
v 0.315264 0.065166 1.257534
v 0.315264 0.065166 1.271624
v 0.315264 0.065166 1.271624
v 0.315264 0.065166 1.271624
v 0.308219 0.065166 1.282192
v 0.308219 0.065166 1.282192
v 0.209589 0.065166 1.444227
v -0.332877 0.065166 1.574560
v -0.332877 0.065166 1.574560
v -0.332877 0.065166 1.574560
v 0.325832 0.065166 1.574560
v 0.325832 0.065166 1.574560
v 0.209589 0.065166 1.666145
v -0.022896 0.065166 1.789432
v 0.332877 0.065166 0.806654
v 0.332877 0.065166 0.806654
v 0.332877 0.065166 0.806654
v 0.332877 0.065166 0.806654
v 0.329354 0.065166 0.708023
v 0.329354 0.065166 0.708023
v 0.329354 0.065166 0.708023
v 0.396282 0.065166 0.563601
v 0.396282 0.065166 0.563601
v 0.396282 0.065166 0.563601
v 0.290607 0.068689 1.056751
v 0.290607 0.068689 1.056751
v -0.272994 0.068689 1.236399
v -0.272994 0.068689 1.236399
v -0.272994 0.068689 1.236399
v -0.022896 0.068689 1.320939
v -0.022896 0.068689 1.320939
v 0.019374 0.068689 1.320939
v 0.019374 0.068689 1.320939
v 0.019374 0.068689 1.320939
v 0.227202 0.068689 1.479452
v 0.223679 0.068689 1.630920
v -0.001761 0.068689 1.789432
v 0.019374 0.068689 1.789432
v 0.325832 0.068689 0.789041
v 0.269472 0.072211 1.106067
v 0.269472 0.072211 1.106067
v 0.269472 0.072211 1.106067
v -0.301174 0.072211 1.493542
v -0.301174 0.072211 1.493542
v 0.234247 0.072211 1.518200
v 0.234247 0.072211 1.518200
v 0.234247 0.072211 1.518200
v 0.237769 0.072211 1.556947
v 0.237769 0.072211 1.556947
v 0.234247 0.072211 1.592172
v 0.234247 0.072211 1.592172
v 0.234247 0.072211 1.592172
v 0.311742 0.072211 0.781996
v 0.311742 0.072211 0.781996
v 0.311742 0.072211 0.781996
v 0.311742 0.072211 0.781996
v 0.311742 0.072211 0.781996
v 0.318787 0.072211 0.781996
v 0.318787 0.072211 0.781996
v 0.361057 0.072211 0.690411
v 0.375147 0.072211 0.545988
v 0.375147 0.072211 0.545988
v -0.297652 0.075734 1.239922
v -0.297652 0.075734 1.239922
v -0.118004 0.075734 1.356164
v -0.118004 0.075734 1.356164
v -0.118004 0.075734 1.754207
v -0.118004 0.075734 1.754207
v -0.375147 0.075734 0.545988
v -0.375147 0.075734 0.545988
v -0.375147 0.075734 0.545988
v 0.297652 0.079256 1.035616
v 0.297652 0.079256 1.035616
v 0.297652 0.079256 1.035616
v 0.297652 0.079256 1.035616
v 0.269472 0.079256 1.060274
v 0.269472 0.079256 1.060274
v 0.269472 0.079256 1.060274
v 0.269472 0.079256 1.060274
v 0.269472 0.079256 1.060274
v 0.269472 0.079256 1.060274
v -0.311742 0.079256 1.257534
v -0.311742 0.079256 1.257534
v -0.315264 0.079256 1.275147
v -0.315264 0.079256 1.275147
v -0.315264 0.079256 1.275147
v -0.308219 0.079256 1.282192
v -0.308219 0.079256 1.282192
v 0.382192 0.079256 1.331507
v -0.079256 0.079256 1.335029
v -0.079256 0.079256 1.335029
v -0.079256 0.079256 1.335029
v 0.389237 0.079256 1.342074
v -0.392759 0.079256 0.549511
v -0.392759 0.079256 0.549511
v 0.283562 0.082779 1.197652
v 0.283562 0.082779 1.197652
v 0.283562 0.082779 1.197652
v 0.283562 0.082779 1.197652
v 0.280039 0.082779 1.222309
v 0.280039 0.082779 1.222309
v 0.280039 0.082779 1.222309
v 0.061644 0.082779 1.335029
v 0.061644 0.082779 1.335029
v 0.061644 0.082779 1.335029
v 0.114481 0.082779 1.356164
v 0.403327 0.082779 1.377299
v 0.403327 0.082779 1.377299
v 0.392759 0.082779 1.398434
v 0.392759 0.082779 1.398434
v 0.396282 0.082779 1.567515
v 0.396282 0.082779 1.567515
v 0.110959 0.082779 1.754207
v -0.068689 0.082779 1.775342
v -0.068689 0.082779 1.775342
v 0.329354 0.082779 0.810176
v 0.329354 0.082779 0.810176
v 0.329354 0.082779 0.810176
v 0.329354 0.082779 0.810176
v 0.350489 0.082779 0.697456
v 0.350489 0.082779 0.697456
v -0.332877 0.082779 0.690411
v -0.332877 0.082779 0.690411
v -0.332877 0.082779 0.690411
v -0.332877 0.082779 0.690411
v 0.396282 0.082779 0.563601
v 0.396282 0.082779 0.563601
v 0.396282 0.082779 0.563601
v 0.396282 0.082779 0.563601
v 0.287084 0.086301 1.049706
v 0.287084 0.086301 1.049706
v 0.280039 0.086301 1.165949
v 0.280039 0.086301 1.165949
v 0.280039 0.086301 1.165949
v 0.265949 0.086301 1.229354
v 0.265949 0.086301 1.229354
v -0.410372 0.086301 1.567515
v -0.410372 0.086301 1.567515
v -0.410372 0.086301 1.567515
v -0.410372 0.086301 1.567515
v 0.058121 0.086301 1.775342
v 0.058121 0.086301 1.775342
v 0.058121 0.086301 1.775342
v 0.361057 0.086301 0.676321
v 0.361057 0.086301 0.676321
v 0.361057 0.086301 0.676321
v -0.424462 0.086301 0.528376
v 0.262427 0.089824 1.095499
v 0.262427 0.089824 1.095499
v 0.262427 0.089824 1.095499
v 0.262427 0.089824 1.095499
v 0.269472 0.089824 1.127202
v 0.269472 0.089824 1.127202
v 0.269472 0.089824 1.127202
v 0.269472 0.089824 1.127202
v 0.417417 0.089824 1.412524
v 0.417417 0.089824 1.412524
v 0.417417 0.089824 1.412524
v 0.417417 0.089824 1.542857
v 0.417417 0.089824 1.542857
v 0.329354 0.089824 0.704501
v 0.329354 0.089824 0.704501
v 0.329354 0.089824 0.704501
v 0.329354 0.089824 0.704501
v 0.329354 0.089824 0.704501
v -0.378669 0.089824 0.560078
v -0.378669 0.089824 0.560078
v -0.378669 0.089824 0.560078
v 0.371624 0.089824 0.545988
v 0.371624 0.089824 0.545988
v 0.371624 0.089824 0.545988
v 0.371624 0.089824 0.545988
v 0.371624 0.089824 0.545988
v 0.378669 0.089824 0.545988
v 0.378669 0.089824 0.545988
v 0.378669 0.089824 0.545988
v -0.435029 0.089824 0.510763
v -0.435029 0.089824 0.510763
v 0.272994 0.093346 1.053229
v 0.272994 0.093346 1.053229
v 0.272994 0.093346 1.053229
v 0.272994 0.093346 1.053229
v 0.276517 0.093346 1.204697
v -0.146184 0.093346 1.380822
v -0.146184 0.093346 1.380822
v -0.301174 0.093346 1.630920
v -0.301174 0.093346 1.630920
v -0.301174 0.093346 1.630920
v -0.146184 0.093346 1.729550
v -0.146184 0.093346 1.729550
v 0.322309 0.093346 0.831311
v 0.322309 0.093346 0.831311
v 0.318787 0.093346 0.796086
v 0.318787 0.093346 0.796086
v 0.375147 0.093346 0.549511
v 0.375147 0.093346 0.549511
v 0.389237 0.093346 0.549511
v 0.389237 0.093346 0.549511
v -0.427984 0.093346 0.429746
v -0.427984 0.093346 0.429746
v -0.438552 0.093346 0.398043
v -0.438552 0.093346 0.398043
v 0.283562 0.096869 1.025049
v 0.262427 0.096869 1.053229
v 0.262427 0.096869 1.053229
v 0.262427 0.096869 1.053229
v 0.262427 0.096869 1.053229
v 0.262427 0.096869 1.053229
v 0.272994 0.096869 1.165949
v -0.378669 0.096869 1.331507
v -0.431507 0.096869 1.542857
v -0.431507 0.096869 1.542857
v -0.431507 0.096869 1.542857
v 0.311742 0.096869 0.792564
v 0.311742 0.096869 0.792564
v 0.311742 0.096869 0.792564
v 0.311742 0.096869 0.792564
v 0.350489 0.096869 0.683366
v 0.350489 0.096869 0.683366
v 0.350489 0.096869 0.683366
v 0.350489 0.096869 0.683366
v 0.350489 0.096869 0.683366
v 0.389237 0.096869 0.574168
v 0.389237 0.096869 0.574168
v 0.389237 0.096869 0.574168
v 0.258904 0.100391 1.123679
v 0.258904 0.100391 1.123679
v 0.258904 0.100391 1.123679
v 0.258904 0.100391 1.123679
v 0.262427 0.100391 1.208219
v 0.262427 0.100391 1.208219
v -0.033464 0.100391 1.335029
v -0.033464 0.100391 1.335029
v -0.033464 0.100391 1.335029
v -0.385714 0.100391 1.342074
v 0.139139 0.100391 1.380822
v -0.382192 0.100391 1.398434
v -0.382192 0.100391 1.398434
v -0.382192 0.100391 1.398434
v -0.325832 0.100391 1.652055
v -0.325832 0.100391 1.652055
v -0.325832 0.100391 1.652055
v 0.139139 0.100391 1.729550
v -0.036986 0.100391 1.775342
v -0.036986 0.100391 1.775342
v 0.026419 0.100391 1.775342
v 0.026419 0.100391 1.775342
v 0.304697 0.100391 0.789041
v 0.304697 0.100391 0.789041
v 0.304697 0.100391 0.789041
v 0.304697 0.100391 0.789041
v 0.420939 0.100391 0.528376
v -0.459687 0.100391 0.366341
v 0.258904 0.103914 1.165949
v -0.001761 0.103914 1.335029
v -0.001761 0.103914 1.335029
v -0.001761 0.103914 1.335029
v -0.403327 0.103914 1.377299
v -0.403327 0.103914 1.377299
v -0.167319 0.103914 1.409002
v -0.167319 0.103914 1.409002
v -0.167319 0.103914 1.409002
v -0.167319 0.103914 1.409002
v -0.001761 0.103914 1.775342
v -0.001761 0.103914 1.775342
v 0.311742 0.103914 0.820744
v 0.329354 0.103914 0.686888
v 0.329354 0.103914 0.686888
v 0.329354 0.103914 0.686888
v 0.329354 0.103914 0.686888
v 0.329354 0.103914 0.686888
v 0.431507 0.103914 0.510763
v 0.431507 0.103914 0.510763
v 0.431507 0.103914 0.510763
v 0.427984 0.103914 0.429746
v 0.427984 0.103914 0.429746
v 0.427984 0.103914 0.429746
v 0.269472 0.107436 1.028571
v 0.269472 0.107436 1.028571
v 0.290607 0.107436 1.553425
v 0.290607 0.107436 1.553425
v 0.290607 0.107436 1.553425
v -0.167319 0.107436 1.701370
v -0.167319 0.107436 1.701370
v -0.167319 0.107436 1.701370
v -0.089824 0.107436 1.754207
v 0.371624 0.107436 0.563601
v 0.371624 0.107436 0.563601
v 0.371624 0.107436 0.563601
v 0.371624 0.107436 0.563601
v 0.371624 0.107436 0.563601
v 0.371624 0.107436 0.563601
v 0.438552 0.107436 0.398043
v -0.491389 0.107436 0.165558
v -0.491389 0.107436 0.165558
v -0.491389 0.107436 0.116243
v -0.491389 0.107436 0.116243
v 0.262427 0.110959 1.028571
v 0.262427 0.110959 1.028571
v 0.262427 0.110959 1.028571
v 0.262427 0.110959 1.028571
v -0.420939 0.110959 1.412524
v -0.420939 0.110959 1.412524
v -0.420939 0.110959 1.412524
v 0.304697 0.110959 0.817221
v 0.459687 0.110959 0.366341
v -0.512525 0.110959 0.331115
v -0.516047 0.110959 0.119765
v -0.516047 0.110959 0.119765
v 0.079256 0.114481 1.356164
v 0.079256 0.114481 1.356164
v 0.160274 0.114481 1.409002
v -0.188454 0.114481 1.444227
v -0.188454 0.114481 1.444227
v -0.188454 0.114481 1.444227
v -0.188454 0.114481 1.666145
v -0.188454 0.114481 1.666145
v 0.079256 0.114481 1.754207
v 0.079256 0.114481 1.754207
v 0.297652 0.114481 0.813699
v 0.297652 0.114481 0.813699
v 0.297652 0.114481 0.813699
v -0.526615 0.114481 0.176125
v -0.526615 0.114481 0.176125
v -0.244814 0.118004 1.116634
v 0.315264 0.118004 1.574560
v 0.315264 0.118004 1.574560
v 0.315264 0.118004 1.574560
v -0.410372 0.118004 1.634442
v -0.410372 0.118004 1.634442
v -0.410372 0.118004 1.634442
v -0.410372 0.118004 1.634442
v 0.160274 0.118004 1.701370
v -0.544227 0.118004 0.193738
v -0.544227 0.118004 0.193738
v 0.251859 0.121526 1.236399
v 0.251859 0.121526 1.236399
v 0.251859 0.121526 1.236399
v 0.251859 0.121526 1.236399
v -0.199022 0.121526 1.479452
v 0.280039 0.121526 1.493542
v 0.280039 0.121526 1.493542
v 0.280039 0.121526 1.493542
v -0.199022 0.121526 1.630920
v -0.558317 0.121527 0.288845
v -0.558317 0.121527 0.288845
v -0.565362 0.121527 0.271233
v -0.565362 0.121527 0.271233
v -0.565362 0.121527 0.253620
v -0.565362 0.121527 0.253620
v 0.491389 0.121526 0.165558
v 0.491389 0.121526 0.165558
v 0.491389 0.121526 0.165558
v 0.491389 0.121526 0.116243
v 0.491389 0.121526 0.116243
v 0.491389 0.121526 0.116243
v -0.558317 0.121527 0.095108
v -0.558317 0.121527 0.095108
v -0.435029 0.125049 1.609785
v -0.435029 0.125049 1.609785
v -0.435029 0.125049 1.609785
v -0.435029 0.125049 1.609785
v 0.509002 0.125049 0.331115
v -0.579452 0.125049 0.070450
v -0.579452 0.125049 0.070450
v -0.579452 0.125049 0.000000
v -0.248337 0.128571 1.236399
v -0.248337 0.128571 1.236399
v 0.276517 0.128571 1.239922
v 0.276517 0.128571 1.239922
v -0.051076 0.128571 1.356164
v -0.110959 0.128571 1.380822
v 0.177887 0.128571 1.444227
v 0.177887 0.128571 1.444227
v -0.209589 0.128571 1.518200
v -0.213112 0.128571 1.553425
v 0.283562 0.128571 1.630920
v 0.283562 0.128571 1.630920
v 0.283562 0.128571 1.630920
v 0.177887 0.128571 1.666145
v 0.177887 0.128571 1.666145
v -0.114481 0.128571 1.729550
v -0.051076 0.128571 1.754207
v 0.523092 0.128571 0.176125
v 0.523092 0.128571 0.176125
v 0.512525 0.128571 0.119765
v 0.512525 0.128571 0.119765
v -0.181409 0.132094 1.109589
v -0.181409 0.132094 1.109589
v -0.181409 0.132094 1.109589
v -0.181409 0.132094 1.239922
v -0.181409 0.132094 1.239922
v -0.184932 0.135616 1.120157
v -0.184932 0.135616 1.120157
v 0.294129 0.135616 1.257534
v 0.294129 0.135616 1.257534
v 0.294129 0.135616 1.257534
v 0.294129 0.135616 1.275147
v 0.294129 0.135616 1.275147
v 0.294129 0.135616 1.275147
v 0.287084 0.135616 1.282192
v 0.287084 0.135616 1.282192
v 0.033464 0.135616 1.356164
v 0.033464 0.135616 1.754207
v 0.544227 0.135616 0.193738
v -0.272994 0.139139 1.239922
v -0.272994 0.139139 1.239922
v -0.272994 0.139139 1.239922
v -0.269472 0.139139 1.292759
v -0.269472 0.139139 1.292759
v -0.269472 0.139139 1.292759
v -0.269472 0.139139 1.292759
v -0.008806 0.139139 1.356164
v -0.008806 0.139139 1.356164
v 0.096869 0.139139 1.380822
v 0.096869 0.139139 1.380822
v 0.188454 0.139139 1.479452
v 0.188454 0.139139 1.479452
v 0.188454 0.139139 1.479452
v 0.188454 0.139139 1.479452
v 0.188454 0.139139 1.630920
v 0.188454 0.139139 1.630920
v 0.188454 0.139139 1.630920
v 0.188454 0.139139 1.630920
v 0.308219 0.139139 1.652055
v 0.308219 0.139139 1.652055
v 0.308219 0.139139 1.652055
v 0.096869 0.139139 1.729550
v 0.096869 0.139139 1.729550
v -0.008806 0.139139 1.754207
v 0.554795 0.139139 0.288845
v 0.565362 0.139139 0.271233
v 0.565362 0.139139 0.271233
v 0.561840 0.139139 0.253620
v 0.561840 0.139139 0.253620
v 0.554795 0.139139 0.095108
v -0.237769 0.142661 1.032094
v -0.237769 0.142661 1.032094
v -0.237769 0.142661 1.032094
v -0.199022 0.142661 1.148337
v -0.199022 0.142661 1.148337
v -0.202544 0.142661 1.239922
v -0.202544 0.142661 1.239922
v -0.202544 0.142661 1.239922
v -0.283562 0.142662 1.282192
v -0.283562 0.142662 1.282192
v -0.283562 0.142662 1.282192
v 0.195499 0.142661 1.518200
v 0.195499 0.142661 1.518200
v 0.195499 0.142661 1.592172
v 0.195499 0.142661 1.592172
v 0.575930 0.142661 0.070450
v 0.575930 0.142661 0.070450
v 0.575930 0.142661 0.070450
v 0.575930 0.142661 0.000000
v 0.575930 0.142661 0.000000
v -0.290607 0.146184 1.257534
v -0.290607 0.146184 1.257534
v -0.290607 0.146184 1.275147
v -0.290607 0.146184 1.275147
v -0.132094 0.146184 1.409002
v -0.132094 0.146184 1.409002
v -0.272994 0.146184 1.493542
v -0.272994 0.146184 1.493542
v 0.199022 0.146184 1.556947
v -0.280039 0.146184 1.630920
v -0.280039 0.146184 1.630920
v -0.132094 0.146184 1.701370
v -0.132094 0.146184 1.701370
v -0.308219 0.149707 0.690411
v -0.350489 0.149707 0.545988
v -0.350489 0.149707 0.545988
v -0.248337 0.153229 1.025049
v -0.248337 0.153229 1.025049
v -0.248337 0.153229 1.025049
v -0.206067 0.153229 1.116634
v -0.206067 0.153229 1.116634
v -0.206067 0.153229 1.116634
v -0.209589 0.153229 1.239922
v -0.209589 0.153229 1.239922
v -0.209589 0.153229 1.239922
v -0.209589 0.153229 1.239922
v 0.378669 0.153229 1.567515
v 0.378669 0.153229 1.567515
v 0.378669 0.153229 1.567515
v 0.378669 0.153229 1.567515
v -0.065166 0.156751 1.380822
v -0.304697 0.156752 1.652055
v -0.304697 0.156752 1.652055
v -0.065166 0.156751 1.729550
v -0.272994 0.156752 0.827789
v -0.272994 0.156752 0.827789
v -0.272994 0.156752 0.827789
v -0.216634 0.156752 0.799609
v 0.304697 0.156751 0.690411
v 0.304697 0.156751 0.690411
v 0.304697 0.156751 0.690411
v -0.364579 0.156752 0.549511
v -0.364579 0.156752 0.549511
v -0.216634 0.160274 1.049706
v -0.216634 0.160274 1.049706
v -0.216634 0.160274 1.049706
v -0.160274 0.160274 1.109589
v -0.160274 0.160274 1.109589
v -0.160274 0.160274 1.109589
v -0.223679 0.160274 1.239922
v -0.223679 0.160274 1.239922
v -0.223679 0.160274 1.239922
v 0.110959 0.160274 1.409002
v 0.110959 0.160274 1.409002
v 0.110959 0.160274 1.701370
v 0.110959 0.160274 1.701370
v 0.311742 0.160274 0.683366
v -0.244814 0.163797 1.035616
v -0.244814 0.163797 1.035616
v -0.213112 0.163797 1.116634
v -0.213112 0.163797 1.116634
v -0.213112 0.163797 1.116634
v -0.213112 0.163797 1.116634
v -0.216634 0.163797 1.120157
v -0.216634 0.163797 1.120157
v -0.216634 0.163797 1.120157
v -0.223679 0.163797 1.130724
v -0.223679 0.163797 1.130724
v -0.223679 0.163797 1.130724
v -0.223679 0.163797 1.130724
v -0.223679 0.163797 1.144814
v -0.223679 0.163797 1.144814
v -0.156751 0.163797 1.239922
v -0.156751 0.163797 1.239922
v 0.040509 0.163796 1.380822
v -0.146184 0.163797 1.444227
v -0.146184 0.163797 1.444227
v -0.146184 0.163797 1.444227
v -0.146184 0.163797 1.444227
v -0.146184 0.163797 1.666145
v -0.146184 0.163797 1.666145
v 0.040509 0.163796 1.729550
v -0.227202 0.163797 0.693933
v -0.227202 0.163797 0.693933
v -0.227202 0.163797 0.693933
v -0.354012 0.163797 0.560078
v -0.354012 0.163797 0.560078
v 0.354012 0.167319 1.331507
v -0.012329 0.167319 1.380822
v 0.396282 0.167319 1.412524
v 0.396282 0.167319 1.412524
v 0.396282 0.167319 1.412524
v 0.396282 0.167319 1.412524
v 0.396282 0.167319 1.412524
v 0.399804 0.167319 1.542857
v 0.399804 0.167319 1.542857
v 0.399804 0.167319 1.542857
v 0.399804 0.167319 1.542857
v -0.012329 0.167319 1.729550
v -0.230724 0.167319 0.792564
v -0.230724 0.167319 0.792564
v -0.230724 0.167319 0.792564
v -0.237769 0.167319 0.686888
v -0.237769 0.167319 0.686888
v -0.237769 0.167319 0.686888
v -0.227202 0.170842 1.053229
v -0.227202 0.170842 1.053229
v -0.227202 0.170842 1.053229
v -0.160274 0.170842 1.120157
v -0.160274 0.170842 1.120157
v -0.160274 0.170842 1.120157
v -0.216634 0.170842 1.239922
v -0.216634 0.170842 1.239922
v 0.361057 0.170841 1.342074
v -0.280039 0.170842 0.834834
v -0.280039 0.170842 0.834834
v -0.280039 0.170842 0.834834
v -0.272994 0.170842 0.806654
v -0.272994 0.170842 0.806654
v -0.272994 0.170842 0.806654
v -0.272994 0.170842 0.806654
v -0.272994 0.170842 0.806654
v 0.343444 0.170841 0.545988
v 0.343444 0.170841 0.545988
v 0.346967 0.170841 0.545988
v 0.346967 0.170841 0.545988
v 0.346967 0.170841 0.545988
v 0.346967 0.170841 0.545988
v -0.396282 0.170842 0.528376
v -0.396282 0.170842 0.528376
v -0.396282 0.170842 0.528376
v -0.156751 0.174364 1.479452
v -0.156751 0.174364 1.479452
v -0.156751 0.174364 1.630920
v -0.156751 0.174364 1.630920
v -0.241292 0.177887 1.039139
v -0.241292 0.177887 1.039139
v 0.216634 0.177886 1.236399
v 0.216634 0.177886 1.236399
v -0.350489 0.177887 1.331507
v -0.350489 0.177887 1.331507
v -0.350489 0.177887 1.331507
v -0.350489 0.177887 1.331507
v 0.375147 0.177886 1.377299
v 0.375147 0.177886 1.377299
v 0.350489 0.177886 1.394912
v 0.350489 0.177886 1.394912
v 0.350489 0.177886 1.394912
v 0.350489 0.177886 1.394912
v 0.350489 0.177886 1.394912
v 0.121526 0.177887 1.444227
v 0.121526 0.177887 1.444227
v 0.121526 0.177887 1.444227
v 0.121526 0.177887 1.444227
v 0.121526 0.177887 1.444227
v 0.375147 0.177886 1.641487
v 0.375147 0.177886 1.641487
v 0.375147 0.177886 1.641487
v 0.375147 0.177886 1.641487
v 0.121526 0.177887 1.666145
v 0.121526 0.177887 1.666145
v 0.121526 0.177887 1.666145
v 0.121526 0.177887 1.666145
v 0.121526 0.177887 1.666145
v -0.251859 0.177887 0.693933
v -0.251859 0.177887 0.693933
v -0.251859 0.177887 0.693933
v 0.346967 0.177886 0.563601
v 0.346967 0.177886 0.563601
v 0.346967 0.177886 0.563601
v 0.346967 0.177886 0.563601
v 0.357534 0.177886 0.549511
v 0.357534 0.177886 0.549511
v -0.406849 0.177887 0.510763
v -0.406849 0.177887 0.510763
v -0.399804 0.177887 0.429746
v 0.139139 0.181409 1.109589
v 0.139139 0.181409 1.109589
v 0.139139 0.181409 1.109589
v -0.188454 0.181409 1.116634
v -0.188454 0.181409 1.116634
v 0.202544 0.181409 1.116634
v 0.202544 0.181409 1.116634
v -0.170841 0.181409 1.148337
v -0.170841 0.181409 1.148337
v -0.174364 0.181409 1.239922
v -0.174364 0.181409 1.239922
v -0.174364 0.181409 1.239922
v -0.241292 0.181409 1.239922
v -0.241292 0.181409 1.239922
v 0.142661 0.181409 1.239922
v 0.142661 0.181409 1.239922
v -0.339922 0.181409 1.356164
v -0.339922 0.181409 1.356164
v -0.339922 0.181409 1.356164
v -0.354012 0.181409 1.398434
v -0.354012 0.181409 1.398434
v -0.354012 0.181409 1.398434
v -0.354012 0.181409 1.398434
v -0.354012 0.181409 1.398434
v -0.079256 0.181409 1.409002
v 0.244814 0.181409 1.493542
v 0.244814 0.181409 1.493542
v -0.163796 0.181409 1.518200
v -0.163796 0.181409 1.592172
v -0.079256 0.181409 1.701370
v -0.410372 0.181409 0.398043
v -0.410372 0.181409 0.398043
v -0.184932 0.184932 1.239922
v -0.184932 0.184932 1.239922
v -0.184932 0.184932 1.239922
v -0.184932 0.184932 1.239922
v -0.357534 0.184932 1.342074
v -0.357534 0.184932 1.342074
v -0.357534 0.184932 1.342074
v -0.357534 0.184932 1.342074
v -0.343444 0.184932 1.370254
v -0.343444 0.184932 1.370254
v -0.343444 0.184932 1.370254
v -0.343444 0.184932 1.370254
v 0.251859 0.184931 1.630920
v 0.251859 0.184931 1.630920
v -0.382192 0.184932 1.634442
v -0.382192 0.184932 1.634442
v -0.280039 0.184932 0.817221
v -0.280039 0.184932 0.817221
v -0.248337 0.184932 0.803131
v -0.248337 0.184932 0.803131
v -0.248337 0.184932 0.803131
v -0.248337 0.184932 0.803131
v -0.248337 0.184932 0.803131
v -0.248337 0.184932 0.803131
v -0.199022 0.188454 1.049706
v -0.199022 0.188454 1.049706
v -0.199022 0.188454 1.049706
v -0.199022 0.188454 1.049706
v -0.199022 0.188454 1.049706
v -0.199022 0.188454 1.049706
v -0.199022 0.188454 1.049706
v -0.199022 0.188454 1.120157
v -0.199022 0.188454 1.120157
v -0.199022 0.188454 1.120157
v -0.199022 0.188454 1.120157
v -0.199022 0.188454 1.120157
v 0.241292 0.188454 1.239922
v 0.241292 0.188454 1.239922
v -0.262427 0.188454 1.257534
v -0.262427 0.188454 1.257534
v -0.262427 0.188454 1.257534
v -0.255382 0.188454 1.282192
v -0.255382 0.188454 1.282192
v -0.255382 0.188454 1.282192
v -0.255382 0.188454 1.282192
v -0.350489 0.188454 1.349119
v -0.350489 0.188454 1.349119
v -0.350489 0.188454 1.349119
v -0.350489 0.188454 1.349119
v -0.357534 0.188454 1.359687
v -0.357534 0.188454 1.359687
v -0.357534 0.188454 1.359687
v -0.364579 0.188454 1.359687
v -0.364579 0.188454 1.359687
v -0.364579 0.188454 1.359687
v -0.364579 0.188454 1.359687
v -0.364579 0.188454 1.359687
v 0.047554 0.188454 1.409002
v -0.255382 0.188454 1.630920
v -0.255382 0.188454 1.630920
v 0.047554 0.188454 1.701370
v -0.195499 0.188454 0.799609
v -0.195499 0.188454 0.799609
v -0.195499 0.188454 0.799609
v -0.195499 0.188454 0.799609
v -0.195499 0.188454 0.799609
v -0.195499 0.188454 0.799609
v -0.195499 0.188454 0.799609
v -0.255382 0.188454 0.796086
v -0.255382 0.188454 0.796086
v -0.255382 0.188454 0.796086
v -0.262427 0.188454 0.545988
v -0.262427 0.188454 0.545988
v -0.262427 0.188454 0.545988
v -0.427984 0.188454 0.366341
v -0.427984 0.188454 0.366341
v 0.146184 0.191977 1.120157
v 0.146184 0.191977 1.120157
v 0.146184 0.191977 1.120157
v -0.262427 0.191977 1.275147
v -0.262427 0.191977 1.275147
v -0.262427 0.191977 1.275147
v 0.237769 0.191977 1.292759
v 0.237769 0.191977 1.292759
v 0.237769 0.191977 1.292759
v -0.371624 0.191977 1.380822
v -0.371624 0.191977 1.380822
v -0.371624 0.191977 1.380822
v -0.371624 0.191977 1.380822
v -0.371624 0.191977 1.380822
v -0.392759 0.191977 1.412524
v -0.392759 0.191977 1.412524
v 0.132094 0.191977 1.479452
v 0.132094 0.191977 1.479452
v 0.392759 0.191976 1.613307
v 0.392759 0.191976 1.613307
v 0.392759 0.191976 1.613307
v 0.392759 0.191976 1.613307
v 0.132094 0.191977 1.630920
v 0.132094 0.191977 1.630920
v -0.258904 0.191977 0.693933
v -0.258904 0.191977 0.693933
v -0.258904 0.191977 0.693933
v -0.269472 0.191977 0.563601
v -0.269472 0.191977 0.563601
v 0.389237 0.191976 0.528376
v -0.202544 0.195499 1.130724
v -0.202544 0.195499 1.130724
v -0.202544 0.195499 1.130724
v -0.202544 0.195499 1.144814
v -0.202544 0.195499 1.144814
v -0.199022 0.195499 1.239922
v -0.199022 0.195499 1.239922
v -0.199022 0.195499 1.239922
v 0.248337 0.195499 1.282192
v 0.248337 0.195499 1.282192
v 0.248337 0.195499 1.282192
v -0.357534 0.195499 1.366732
v -0.357534 0.195499 1.366732
v -0.357534 0.195499 1.366732
v -0.357534 0.195499 1.366732
v -0.015851 0.195499 1.409002
v -0.403327 0.195499 1.609785
v -0.403327 0.195499 1.609785
v -0.015851 0.195499 1.701370
v -0.269472 0.195499 0.799609
v -0.269472 0.195499 0.799609
v -0.269472 0.195499 0.799609
v -0.206067 0.195499 0.693933
v -0.206067 0.195499 0.693933
v -0.206067 0.195499 0.693933
v -0.265949 0.195499 0.686888
v -0.265949 0.195499 0.686888
v -0.265949 0.195499 0.686888
v -0.265949 0.195499 0.686888
v 0.396282 0.195499 0.510763
v 0.396282 0.195499 0.510763
v 0.396282 0.195499 0.510763
v 0.392759 0.195499 0.429746
v 0.392759 0.195499 0.429746
v 0.392759 0.195499 0.429746
v 0.195499 0.199022 1.032094
v 0.195499 0.199022 1.032094
v 0.195499 0.199022 1.032094
v -0.209589 0.199022 1.053229
v -0.209589 0.199022 1.053229
v -0.209589 0.199022 1.053229
v 0.255382 0.199022 1.257534
v 0.255382 0.199022 1.257534
v -0.086301 0.199022 1.444227
v 0.139139 0.199022 1.518200
v 0.139139 0.199022 1.592172
v 0.269472 0.199022 1.652055
v 0.269472 0.199022 1.652055
v -0.086301 0.199022 1.666145
v 0.403327 0.199021 0.398043
v -0.170841 0.202544 1.116634
v 0.149706 0.202544 1.116634
v 0.153229 0.202544 1.148337
v 0.153229 0.202544 1.148337
v 0.255382 0.202544 1.275147
v 0.255382 0.202544 1.275147
v -0.234247 0.202544 1.493542
v -0.234247 0.202544 1.493542
v 0.139139 0.202544 1.556947
v -0.276517 0.202544 0.817221
v -0.276517 0.202544 0.817221
v -0.276517 0.202544 0.693933
v -0.276517 0.202544 0.693933
v -0.290607 0.202544 0.686888
v -0.290607 0.202544 0.686888
v -0.290607 0.202544 0.686888
v -0.290607 0.202544 0.686888
v -0.287084 0.202544 0.528376
v -0.287084 0.202544 0.528376
v -0.287084 0.202544 0.528376
v -0.287084 0.202544 0.528376
v -0.287084 0.202544 0.528376
v 0.100391 0.206067 1.109589
v 0.100391 0.206067 1.109589
v 0.100391 0.206067 1.109589
v 0.103914 0.206067 1.239922
v 0.103914 0.206067 1.239922
v -0.234247 0.206067 1.553425
v -0.234247 0.206067 1.553425
v -0.234247 0.206067 1.553425
v -0.276517 0.206067 1.652055
v -0.276517 0.206067 1.652055
v -0.276517 0.206067 1.652055
v -0.202544 0.206067 0.792564
v -0.202544 0.206067 0.792564
v -0.459687 0.206067 0.165558
v -0.459687 0.206067 0.165558
v -0.459687 0.206067 0.116243
v -0.459687 0.206067 0.116243
v -0.220157 0.209589 1.039139
v -0.220157 0.209589 1.039139
v -0.220157 0.209589 1.039139
v 0.181409 0.209589 1.049706
v 0.181409 0.209589 1.049706
v 0.181409 0.209589 1.049706
v 0.181409 0.209589 1.049706
v 0.181409 0.209589 1.049706
v 0.156752 0.209589 1.236399
v 0.156752 0.209589 1.236399
v 0.156752 0.209589 1.236399
v 0.156752 0.209589 1.236399
v 0.156752 0.209589 1.239922
v 0.156752 0.209589 1.239922
v 0.156752 0.209589 1.239922
v 0.156752 0.209589 1.239922
v 0.054599 0.209589 1.444227
v 0.054599 0.209589 1.444227
v 0.051076 0.209589 1.666145
v 0.051076 0.209589 1.666145
v -0.209589 0.209589 0.686888
v -0.209589 0.209589 0.686888
v -0.209589 0.209589 0.686888
v -0.209589 0.209589 0.686888
v 0.202544 0.213112 1.028571
v 0.202544 0.213112 1.028571
v 0.160274 0.213112 1.049706
v 0.160274 0.213112 1.049706
v 0.160274 0.213112 1.049706
v -0.216634 0.213112 1.239922
v -0.216634 0.213112 1.239922
v -0.093346 0.213112 1.479452
v -0.093346 0.213112 1.479452
v -0.093346 0.213112 1.630920
v -0.093346 0.213112 1.630920
v 0.230724 0.213112 0.827789
v 0.230724 0.213112 0.827789
v 0.420939 0.213112 0.366341
v -0.477299 0.213112 0.331115
v -0.480822 0.213112 0.119765
v 0.132094 0.216634 1.116634
v 0.132094 0.216634 1.116634
v 0.107436 0.216634 1.120157
v 0.107436 0.216634 1.120157
v 0.107436 0.216634 1.120157
v 0.107436 0.216634 1.120157
v 0.167319 0.216634 1.120157
v 0.167319 0.216634 1.120157
v 0.167319 0.216634 1.120157
v -0.227202 0.216634 1.282192
v -0.227202 0.216634 1.282192
v -0.019374 0.216634 1.444227
v -0.019374 0.216634 1.666145
v 0.167319 0.216634 0.799609
v 0.167319 0.216634 0.799609
v 0.167319 0.216634 0.799609
v -0.311742 0.216634 0.545988
v -0.311742 0.216634 0.545988
v -0.311742 0.216634 0.545988
v 0.174364 0.220157 1.236399
v 0.174364 0.220157 1.236399
v 0.174364 0.220157 1.236399
v -0.234247 0.220157 1.257534
v -0.234247 0.220157 1.257534
v -0.234247 0.220157 0.796086
v -0.234247 0.220157 0.796086
v -0.234247 0.220157 0.796086
v -0.234247 0.220157 0.796086
v -0.223679 0.220157 0.693933
v -0.223679 0.220157 0.693933
v -0.223679 0.220157 0.693933
v -0.241292 0.220157 0.693933
v -0.241292 0.220157 0.693933
v -0.241292 0.220157 0.693933
v 0.262427 0.220157 0.690411
v 0.262427 0.220157 0.690411
v 0.262427 0.220157 0.690411
v -0.315264 0.220157 0.545988
v -0.315264 0.220157 0.545988
v -0.491389 0.220157 0.176125
v -0.491389 0.220157 0.176125
v 0.174364 0.223679 1.053229
v 0.174364 0.223679 1.053229
v 0.170842 0.223679 1.130724
v 0.170842 0.223679 1.130724
v 0.170842 0.223679 1.130724
v 0.174364 0.223679 1.144814
v 0.174364 0.223679 1.144814
v 0.174364 0.223679 1.144814
v -0.234247 0.223679 1.275147
v -0.234247 0.223679 1.275147
v -0.096869 0.223679 1.518200
v -0.096869 0.223679 1.518200
v -0.100391 0.223679 1.553425
v -0.100391 0.223679 1.553425
v -0.100391 0.223679 1.553425
v -0.100391 0.223679 1.553425
v -0.255382 0.223679 1.574560
v -0.255382 0.223679 1.574560
v -0.255382 0.223679 1.574560
v -0.255382 0.223679 1.574560
v -0.248337 0.223679 0.686888
v -0.248337 0.223679 0.686888
v -0.248337 0.223679 0.686888
v -0.248337 0.223679 0.686888
v -0.325832 0.223679 0.549511
v -0.325832 0.223679 0.549511
v -0.297652 0.223679 0.542466
v -0.297652 0.223679 0.542466
v -0.297652 0.223679 0.542466
v -0.297652 0.223679 0.542466
v -0.311742 0.223679 0.528376
v -0.311742 0.223679 0.528376
v -0.311742 0.223679 0.528376
v -0.311742 0.223679 0.422701
v -0.311742 0.223679 0.422701
v 0.139139 0.227202 1.049706
v 0.139139 0.227202 1.049706
v 0.139139 0.227202 1.049706
v 0.139139 0.227202 1.049706
v 0.139139 0.227202 1.049706
v 0.118004 0.227202 1.148337
v 0.118004 0.227202 1.148337
v 0.135616 0.227202 1.239922
v 0.135616 0.227202 1.239922
v 0.135616 0.227202 1.239922
v 0.135616 0.227202 1.239922
v 0.058121 0.227202 1.479452
v 0.058121 0.227202 1.479452
v 0.058121 0.227202 1.630920
v 0.058121 0.227202 1.630920
v 0.237769 0.227202 0.834834
v 0.237769 0.227202 0.834834
v 0.230724 0.227202 0.806654
v 0.230724 0.227202 0.806654
v 0.230724 0.227202 0.806654
v 0.230724 0.227202 0.806654
v 0.230724 0.227202 0.806654
v 0.230724 0.227202 0.806654
v -0.206067 0.227202 0.799609
v -0.206067 0.227202 0.799609
v 0.174364 0.227202 0.693933
v 0.174364 0.227202 0.693933
v 0.174364 0.227202 0.693933
v 0.269472 0.227202 0.683366
v 0.269472 0.227202 0.683366
v 0.269472 0.227202 0.683366
v -0.315264 0.227202 0.500196
v -0.315264 0.227202 0.500196
v -0.315264 0.227202 0.500196
v -0.509002 0.227202 0.193738
v -0.509002 0.227202 0.193738
v -0.294129 0.230724 1.356164
v -0.294129 0.230724 1.356164
v -0.019374 0.230724 1.479452
v -0.019374 0.230724 1.479452
v -0.019374 0.230724 1.630920
v -0.019374 0.230724 1.630920
v -0.325832 0.230724 0.563601
v -0.325832 0.230724 0.563601
v -0.325832 0.230724 0.553033
v -0.325832 0.230724 0.553033
v -0.325832 0.230724 0.553033
v -0.234247 0.230724 0.545988
v -0.234247 0.230724 0.545988
v -0.234247 0.230724 0.545988
v -0.304697 0.230724 0.545988
v -0.304697 0.230724 0.545988
v -0.304697 0.230724 0.545988
v -0.304697 0.230724 0.545988
v -0.322309 0.230724 0.387476
v -0.322309 0.230724 0.387476
v -0.322309 0.230724 0.387476
v 0.449119 0.230724 0.165558
v 0.449119 0.230724 0.165558
v 0.449119 0.230724 0.116243
v 0.449119 0.230724 0.116243
v 0.146184 0.234247 1.120157
v 0.146184 0.234247 1.120157
v 0.146184 0.234247 1.120157
v 0.146184 0.234247 1.120157
v 0.146184 0.234247 1.120157
v 0.118004 0.234247 1.236399
v 0.118004 0.234247 1.236399
v 0.118004 0.234247 1.236399
v 0.184932 0.234247 1.236399
v 0.184932 0.234247 1.236399
v 0.184932 0.234247 1.236399
v -0.301174 0.234247 1.373777
v -0.301174 0.234247 1.373777
v 0.058121 0.234247 1.518200
v 0.058121 0.234247 1.518200
v 0.058121 0.234247 1.592172
v 0.058121 0.234247 1.592172
v -0.244814 0.234247 0.799609
v -0.244814 0.234247 0.799609
v -0.244814 0.234247 0.799609
v -0.244814 0.234247 0.799609
v 0.177887 0.234247 0.792564
v 0.177887 0.234247 0.792564
v 0.177887 0.234247 0.792564
v 0.177887 0.234247 0.792564
v 0.177887 0.234247 0.792564
v 0.177887 0.234247 0.792564
v -0.237769 0.234247 0.563601
v -0.237769 0.234247 0.563601
v -0.519569 0.234247 0.288845
v -0.519569 0.234247 0.288845
v -0.526614 0.234247 0.253620
v -0.519569 0.234247 0.095108
v -0.519569 0.234247 0.095108
v 0.184932 0.237769 1.042661
v 0.184932 0.237769 1.042661
v 0.184932 0.237769 1.042661
v -0.304697 0.237769 1.331507
v -0.304697 0.237769 1.331507
v -0.304697 0.237769 1.331507
v 0.290607 0.237769 1.331507
v 0.290607 0.237769 1.331507
v 0.290607 0.237769 1.331507
v 0.061644 0.237769 1.556947
v -0.251859 0.237769 0.817221
v -0.251859 0.237769 0.817221
v -0.251859 0.237769 0.693933
v -0.251859 0.237769 0.693933
v 0.181409 0.237769 0.686888
v 0.181409 0.237769 0.686888
v 0.181409 0.237769 0.686888
v 0.466732 0.237769 0.331115
v -0.526614 0.237769 0.271233
v -0.526614 0.237769 0.271233
v 0.156752 0.241292 1.053229
v 0.156752 0.241292 1.053229
v 0.156752 0.241292 1.053229
v 0.156752 0.241292 1.053229
v 0.156752 0.241292 1.053229
v 0.146184 0.241292 1.130724
v 0.146184 0.241292 1.130724
v -0.184932 0.241292 1.239922
v -0.184932 0.241292 1.239922
v 0.188454 0.241292 1.292759
v 0.188454 0.241292 1.292759
v 0.188454 0.241292 1.292759
v 0.188454 0.241292 1.292759
v -0.311742 0.241292 1.342074
v -0.311742 0.241292 1.342074
v -0.311742 0.241292 1.349119
v -0.311742 0.241292 1.349119
v -0.315264 0.241292 1.398434
v -0.315264 0.241292 1.398434
v -0.315264 0.241292 1.398434
v -0.191977 0.241292 1.493542
v -0.191977 0.241292 1.493542
v -0.191977 0.241292 1.493542
v -0.022896 0.241292 1.518200
v -0.022896 0.241292 1.518200
v -0.022896 0.241292 1.518200
v -0.022896 0.241292 1.518200
v -0.022896 0.241292 1.592172
v -0.022896 0.241292 1.592172
v -0.022896 0.241292 1.592172
v 0.234247 0.241292 0.817221
v 0.234247 0.241292 0.817221
v 0.234247 0.241292 0.817221
v 0.234247 0.241292 0.817221
v 0.128571 0.241292 0.799609
v 0.128571 0.241292 0.799609
v 0.128571 0.241292 0.799609
v 0.128571 0.241292 0.799609
v 0.294129 0.241292 0.545988
v 0.294129 0.241292 0.545988
v 0.301174 0.241292 0.545988
v 0.301174 0.241292 0.545988
v 0.301174 0.241292 0.545988
v 0.301174 0.241292 0.545988
v 0.470255 0.241292 0.119765
v 0.470255 0.241292 0.119765
v -0.537182 0.241292 0.070450
v -0.537182 0.241292 0.070450
v -0.537182 0.241292 0.000000
v 0.146184 0.244814 1.144814
v 0.146184 0.244814 1.144814
v 0.142661 0.244814 1.236399
v 0.142661 0.244814 1.236399
v 0.142661 0.244814 1.236399
v 0.283562 0.244814 1.359687
v 0.283562 0.244814 1.359687
v 0.283562 0.244814 1.359687
v -0.191977 0.244814 1.553425
v -0.191977 0.244814 1.553425
v -0.022896 0.244814 1.556947
v -0.022896 0.244814 1.556947
v -0.022896 0.244814 1.556947
v 0.325832 0.244814 1.641487
v 0.325832 0.244814 1.641487
v -0.354012 0.244814 0.528376
v -0.354012 0.244814 0.528376
v -0.354012 0.244814 0.528376
v -0.258904 0.244814 0.524853
v -0.258904 0.244814 0.524853
v -0.258904 0.244814 0.524853
v 0.480822 0.244814 0.176125
v 0.480822 0.244814 0.176125
v -0.195499 0.248337 1.282192
v -0.195499 0.248337 1.282192
v 0.199022 0.248337 1.282192
v 0.199022 0.248337 1.282192
v 0.304697 0.248337 1.331507
v 0.304697 0.248337 1.331507
v 0.304697 0.248337 1.331507
v 0.287084 0.248337 1.366732
v 0.287084 0.248337 1.366732
v 0.287084 0.248337 1.366732
v 0.287084 0.248337 1.366732
v -0.318787 0.248337 1.370254
v -0.318787 0.248337 1.370254
v -0.318787 0.248337 1.370254
v 0.318787 0.248337 1.394912
v 0.318787 0.248337 1.394912
v 0.195499 0.248337 1.627397
v 0.195499 0.248337 1.627397
v 0.195499 0.248337 0.796086
v 0.195499 0.248337 0.796086
v -0.262427 0.248337 0.686888
v -0.262427 0.248337 0.686888
v -0.262427 0.248337 0.686888
v -0.276517 0.248337 0.542466
v -0.276517 0.248337 0.542466
v -0.276517 0.248337 0.542466
v -0.276517 0.248337 0.542466
v -0.276517 0.248337 0.542466
v -0.346967 0.248337 0.348728
v -0.346967 0.248337 0.348728
v -0.346967 0.248337 0.348728
v -0.346967 0.248337 0.348728
v 0.160274 0.251859 1.239922
v 0.160274 0.251859 1.239922
v 0.160274 0.251859 1.239922
v 0.160274 0.251859 1.239922
v 0.202544 0.251859 1.257534
v 0.202544 0.251859 1.257534
v 0.202544 0.251859 1.257534
v 0.202544 0.251859 1.257534
v -0.202544 0.251859 1.275147
v -0.202544 0.251859 1.275147
v 0.311742 0.251859 1.342074
v 0.311742 0.251859 1.342074
v 0.311742 0.251859 1.342074
v 0.311742 0.251859 1.342074
v -0.272994 0.251859 1.359687
v -0.272994 0.251859 1.359687
v -0.272994 0.251859 1.359687
v -0.325832 0.251859 1.380822
v -0.325832 0.251859 1.380822
v -0.325832 0.251859 1.380822
v -0.325832 0.251859 1.380822
v 0.135616 0.251859 0.693933
v 0.135616 0.251859 0.693933
v 0.135616 0.251859 0.693933
v 0.191977 0.251859 0.693933
v 0.191977 0.251859 0.693933
v 0.191977 0.251859 0.693933
v 0.191977 0.251859 0.693933
v 0.191977 0.251859 0.693933
v 0.191977 0.251859 0.693933
v 0.191977 0.251859 0.693933
v 0.191977 0.251859 0.693933
v 0.301174 0.251859 0.563601
v 0.301174 0.251859 0.563601
v 0.301174 0.251859 0.563601
v 0.301174 0.251859 0.563601
v 0.308219 0.251859 0.549511
v 0.308219 0.251859 0.549511
v -0.361057 0.251859 0.510763
v -0.361057 0.251859 0.510763
v -0.361057 0.251859 0.510763
v -0.361057 0.251859 0.510763
v -0.357534 0.251859 0.429746
v -0.357534 0.251859 0.429746
v 0.163797 0.255382 1.039139
v 0.163797 0.255382 1.039139
v 0.163797 0.255382 1.039139
v -0.114481 0.255382 1.183562
v -0.114481 0.255382 1.183562
v -0.199022 0.255382 1.257534
v -0.199022 0.255382 1.257534
v 0.202544 0.255382 1.275147
v 0.202544 0.255382 1.275147
v 0.202544 0.255382 1.275147
v 0.202544 0.255382 1.275147
v 0.163797 0.255382 1.292759
v 0.163797 0.255382 1.292759
v 0.163797 0.255382 1.292759
v -0.280039 0.255382 1.373777
v -0.280039 0.255382 1.373777
v -0.280039 0.255382 1.373777
v 0.283562 0.255382 1.373777
v 0.283562 0.255382 1.373777
v 0.283562 0.255382 1.373777
v 0.283562 0.255382 1.373777
v 0.297652 0.255382 1.398434
v 0.297652 0.255382 1.398434
v 0.174364 0.255382 1.493542
v 0.174364 0.255382 1.493542
v -0.287084 0.255382 0.545988
v -0.287084 0.255382 0.545988
v -0.287084 0.255382 0.545988
v -0.272994 0.255382 0.524853
v 0.498435 0.255382 0.193738
v 0.318787 0.258904 1.359687
v 0.318787 0.258904 1.359687
v 0.318787 0.258904 1.359687
v 0.170842 0.258904 1.556947
v 0.170842 0.258904 1.556947
v 0.170842 0.258904 1.556947
v 0.139139 0.258904 0.792564
v 0.139139 0.258904 0.792564
v 0.139139 0.258904 0.792564
v 0.139139 0.258904 0.792564
v 0.199022 0.258904 0.686888
v 0.199022 0.258904 0.686888
v 0.199022 0.258904 0.686888
v 0.199022 0.258904 0.686888
v 0.199022 0.258904 0.686888
v -0.343444 0.258904 0.507241
v -0.343444 0.258904 0.507241
v -0.343444 0.258904 0.507241
v -0.339922 0.258904 0.429746
v -0.339922 0.258904 0.429746
v -0.339922 0.258904 0.429746
v -0.364579 0.258904 0.398043
v -0.364579 0.258904 0.398043
v -0.364579 0.258904 0.398043
v -0.103914 0.262427 1.116634
v -0.103914 0.262427 1.172994
v -0.103914 0.262427 1.172994
v -0.103914 0.262427 1.172994
v 0.322309 0.262427 1.380822
v 0.322309 0.262427 1.380822
v 0.322309 0.262427 1.380822
v 0.322309 0.262427 1.380822
v 0.322309 0.262427 1.380822
v 0.343444 0.262427 1.412524
v 0.343444 0.262427 1.412524
v 0.343444 0.262427 1.412524
v 0.346967 0.262427 1.613307
v 0.346967 0.262427 1.613307
v -0.343444 0.262427 1.634442
v -0.343444 0.262427 1.634442
v -0.343444 0.262427 1.634442
v 0.160274 0.262427 0.803131
v 0.160274 0.262427 0.803131
v 0.160274 0.262427 0.803131
v 0.160274 0.262427 0.803131
v 0.160274 0.262427 0.803131
v 0.206067 0.262427 0.799609
v 0.206067 0.262427 0.799609
v 0.206067 0.262427 0.799609
v 0.139139 0.262427 0.686888
v 0.139139 0.262427 0.686888
v 0.139139 0.262427 0.686888
v -0.276517 0.262427 0.545988
v -0.276517 0.262427 0.545988
v -0.276517 0.262427 0.545988
v 0.202544 0.262427 0.545988
v 0.202544 0.262427 0.545988
v 0.202544 0.262427 0.545988
v -0.283562 0.262427 0.517808
v 0.509002 0.262427 0.288845
v 0.509002 0.262427 0.095108
v -0.114481 0.265949 1.236399
v -0.114481 0.265949 1.236399
v -0.114481 0.265949 1.236399
v -0.114481 0.265949 1.236399
v -0.114481 0.265949 1.236399
v 0.170842 0.265949 1.282192
v 0.170842 0.265949 1.282192
v 0.170842 0.265949 1.282192
v 0.170842 0.265949 1.282192
v 0.170842 0.265949 1.282192
v 0.301174 0.265949 1.349119
v 0.301174 0.265949 1.349119
v 0.301174 0.265949 1.349119
v 0.301174 0.265949 1.349119
v 0.301174 0.265949 1.349119
v -0.287084 0.265949 1.352642
v -0.287084 0.265949 1.352642
v -0.287084 0.265949 1.352642
v -0.287084 0.265949 1.352642
v 0.308219 0.265949 1.359687
v 0.308219 0.265949 1.359687
v 0.308219 0.265949 1.359687
v 0.308219 0.265949 1.359687
v -0.294129 0.265949 1.398434
v -0.294129 0.265949 1.398434
v -0.294129 0.265949 1.398434
v -0.209589 0.265949 1.574560
v -0.209589 0.265949 1.574560
v -0.209589 0.265949 0.690411
v -0.209589 0.265949 0.690411
v 0.206067 0.265949 0.563601
v 0.206067 0.265949 0.563601
v 0.206067 0.265949 0.563601
v 0.206067 0.265949 0.563601
v -0.280039 0.265949 0.545988
v -0.280039 0.265949 0.545988
v -0.287084 0.265949 0.419178
v -0.287084 0.265949 0.419178
v -0.350489 0.265949 0.394521
v -0.350489 0.265949 0.394521
v 0.516047 0.265949 0.271233
v 0.516047 0.265949 0.271233
v 0.516047 0.265949 0.271233
v 0.516047 0.265949 0.253620
v 0.516047 0.265949 0.253620
v -0.047554 0.269472 1.088454
v -0.047554 0.269472 1.088454
v -0.047554 0.269472 1.088454
v -0.047554 0.269472 1.088454
v 0.058121 0.269472 1.116634
v -0.280039 0.269472 1.331507
v -0.290607 0.269472 1.363209
v -0.290607 0.269472 1.363209
v -0.290607 0.269472 1.363209
v -0.290607 0.269472 1.363209
v -0.297652 0.269472 1.370254
v -0.297652 0.269472 1.370254
v -0.297652 0.269472 1.370254
v -0.297652 0.269472 1.370254
v 0.209589 0.269472 1.648532
v 0.209589 0.269472 1.648532
v 0.209589 0.269472 1.648532
v 0.209589 0.269472 0.817221
v 0.209589 0.269472 0.817221
v 0.167319 0.269472 0.796086
v 0.167319 0.269472 0.796086
v 0.167319 0.269472 0.796086
v -0.213112 0.269472 0.683366
v -0.213112 0.269472 0.683366
v -0.290607 0.269472 0.528376
v -0.290607 0.269472 0.528376
v -0.290607 0.269472 0.528376
v -0.290607 0.269472 0.500196
v -0.290607 0.269472 0.500196
v -0.290607 0.269472 0.500196
v -0.290607 0.269472 0.500196
v 0.526615 0.269472 0.070450
v 0.526615 0.269472 0.070450
v 0.526615 0.269472 0.000000
v -0.029941 0.272994 1.088454
v -0.029941 0.272994 1.088454
v -0.029941 0.272994 1.088454
v -0.029941 0.272994 1.088454
v -0.114481 0.272994 1.187084
v -0.114481 0.272994 1.187084
v 0.065166 0.272994 1.236399
v 0.065166 0.272994 1.236399
v 0.065166 0.272994 1.236399
v 0.065166 0.272994 1.236399
v 0.174364 0.272994 1.257534
v 0.174364 0.272994 1.257534
v 0.174364 0.272994 1.257534
v 0.177887 0.272994 1.275147
v 0.177887 0.272994 1.275147
v 0.177887 0.272994 1.275147
v -0.287084 0.272994 1.342074
v -0.287084 0.272994 1.342074
v -0.287084 0.272994 1.342074
v -0.287084 0.272994 1.342074
v -0.287084 0.272994 1.342074
v 0.304697 0.272994 1.370254
v 0.304697 0.272994 1.370254
v 0.304697 0.272994 1.370254
v 0.304697 0.272994 1.370254
v -0.142661 0.272994 1.493542
v -0.142661 0.272994 1.493542
v -0.149706 0.272994 1.553425
v -0.149706 0.272994 1.553425
v 0.206067 0.272994 0.693933
v 0.206067 0.272994 0.693933
v -0.290607 0.272994 0.553033
v -0.290607 0.272994 0.553033
v -0.290607 0.272994 0.553033
v -0.287084 0.272994 0.549511
v -0.287084 0.272994 0.549511
v -0.287084 0.272994 0.549511
v 0.336399 0.272994 0.528376
v -0.294129 0.272994 0.383953
v -0.294129 0.272994 0.383953
v -0.294129 0.272994 0.383953
v -0.385714 0.272994 0.366341
v -0.385714 0.272994 0.366341
v -0.072211 0.276517 1.091977
v -0.072211 0.276517 1.091977
v -0.065166 0.276517 1.169472
v -0.065166 0.276517 1.169472
v -0.065166 0.276517 1.169472
v -0.107436 0.276517 1.180039
v -0.107436 0.276517 1.180039
v -0.107436 0.276517 1.180039
v -0.051076 0.276517 1.239922
v -0.051076 0.276517 1.239922
v -0.051076 0.276517 1.239922
v -0.051076 0.276517 1.239922
v -0.051076 0.276517 1.239922
v -0.294129 0.276517 1.363209
v -0.294129 0.276517 1.363209
v -0.294129 0.276517 1.363209
v -0.339922 0.276517 1.412524
v -0.339922 0.276517 1.412524
v -0.361057 0.276517 1.609785
v -0.361057 0.276517 1.609785
v -0.361057 0.276517 1.609785
v 0.153229 0.276517 0.693933
v 0.153229 0.276517 0.693933
v 0.153229 0.276517 0.693933
v 0.163797 0.276517 0.693933
v 0.163797 0.276517 0.693933
v -0.294129 0.276517 0.563601
v -0.294129 0.276517 0.563601
v 0.339922 0.276517 0.429746
v 0.339922 0.276517 0.429746
v -0.378669 0.276517 0.162035
v -0.378669 0.276517 0.162035
v -0.378669 0.276517 0.162035
v -0.378669 0.276517 0.162035
v -0.378669 0.276517 0.116243
v -0.378669 0.276517 0.116243
v -0.378669 0.276517 0.116243
v -0.378669 0.276517 0.116243
v -0.378669 0.276517 0.116243
v -0.047554 0.280039 1.116634
v -0.047554 0.280039 1.116634
v -0.047554 0.280039 1.116634
v 0.022896 0.280039 1.172994
v 0.022896 0.280039 1.172994
v 0.022896 0.280039 1.172994
v 0.033464 0.280039 1.183562
v 0.033464 0.280039 1.183562
v -0.103914 0.280039 1.232877
v -0.103914 0.280039 1.232877
v -0.128571 0.280039 1.239922
v -0.128571 0.280039 1.239922
v -0.301174 0.280039 1.380822
v -0.301174 0.280039 1.380822
v -0.301174 0.280039 1.380822
v -0.301174 0.280039 1.380822
v -0.318787 0.280039 1.567515
v -0.318787 0.280039 1.567515
v -0.318787 0.280039 1.567515
v 0.213112 0.280039 0.524853
v 0.213112 0.280039 0.524853
v 0.213112 0.280039 0.524853
v 0.213112 0.280039 0.524853
v 0.343444 0.280039 0.510763
v 0.343444 0.280039 0.510763
v -0.371624 0.280039 0.359295
v -0.371624 0.280039 0.359295
v -0.072211 0.283562 1.116634
v -0.072211 0.283562 1.116634
v -0.072211 0.283562 1.116634
v 0.019374 0.283562 1.116634
v -0.012329 0.283562 1.172994
v -0.012329 0.283562 1.172994
v -0.012329 0.283562 1.172994
v -0.012329 0.283562 1.172994
v -0.107436 0.283562 1.190607
v -0.107436 0.283562 1.190607
v 0.181409 0.283562 1.574560
v 0.181409 0.283562 1.574560
v 0.181409 0.283562 1.574560
v -0.132094 0.283562 1.630920
v -0.132094 0.283562 1.630920
v 0.181409 0.283562 0.799609
v 0.181409 0.283562 0.799609
v 0.181409 0.283562 0.799609
v 0.181409 0.283562 0.799609
v 0.167319 0.283562 0.686888
v 0.167319 0.283562 0.686888
v 0.220157 0.283562 0.686888
v 0.220157 0.283562 0.686888
v 0.220157 0.283562 0.686888
v 0.220157 0.283562 0.686888
v -0.322309 0.283562 0.507241
v -0.322309 0.283562 0.507241
v -0.322309 0.283562 0.507241
v -0.322309 0.283562 0.507241
v -0.322309 0.283562 0.429746
v -0.322309 0.283562 0.429746
v -0.322309 0.283562 0.429746
v 0.346967 0.283562 0.398043
v 0.346967 0.283562 0.398043
v -0.392759 0.283562 0.317025
v -0.392759 0.283562 0.317025
v -0.392759 0.283562 0.317025
v -0.392759 0.283562 0.317025
v -0.392759 0.283562 0.169080
v -0.392759 0.283562 0.169080
v -0.392759 0.283562 0.169080
v -0.012329 0.287084 1.091977
v -0.012329 0.287084 1.091977
v 0.188454 0.287084 0.817221
v 0.188454 0.287084 0.817221
v 0.156752 0.287084 0.545988
v 0.156752 0.287084 0.545988
v 0.156752 0.287084 0.545988
v -0.058121 0.290607 1.091977
v -0.058121 0.290607 1.091977
v -0.058121 0.290607 1.091977
v -0.047554 0.290607 1.099022
v -0.047554 0.290607 1.099022
v -0.047554 0.290607 1.099022
v -0.068689 0.290607 1.180039
v 0.026419 0.290607 1.236399
v 0.026419 0.290607 1.236399
v 0.026419 0.290607 1.236399
v 0.026419 0.290607 1.236399
v 0.026419 0.290607 1.236399
v -0.132094 0.290607 1.282192
v -0.132094 0.290607 1.282192
v -0.329354 0.290607 0.394521
v -0.329354 0.290607 0.394521
v -0.318787 0.290607 0.345205
v -0.318787 0.290607 0.345205
v -0.318787 0.290607 0.345205
v -0.318787 0.290607 0.345205
v -0.036986 0.294129 1.099022
v -0.036986 0.294129 1.099022
v -0.036986 0.294129 1.099022
v -0.012329 0.294129 1.116634
v -0.012329 0.294129 1.116634
v -0.012329 0.294129 1.116634
v -0.012329 0.294129 1.116634
v -0.012329 0.294129 1.116634
v 0.019374 0.294129 1.180039
v 0.019374 0.294129 1.180039
v 0.019374 0.294129 1.180039
v 0.026419 0.294129 1.187084
v 0.026419 0.294129 1.187084
v -0.068689 0.294129 1.232877
v -0.068689 0.294129 1.232877
v -0.068689 0.294129 1.232877
v -0.135616 0.294129 1.257534
v -0.135616 0.294129 1.257534
v 0.089824 0.294129 1.493542
v 0.089824 0.294129 1.493542
v -0.339922 0.294129 1.542857
v -0.339922 0.294129 1.542857
v -0.339922 0.294129 1.542857
v 0.096869 0.294129 1.553425
v 0.096869 0.294129 1.553425
v 0.096869 0.294129 1.553425
v 0.174364 0.294129 0.693933
v 0.174364 0.294129 0.693933
v 0.163797 0.294129 0.563601
v 0.163797 0.294129 0.563601
v 0.237769 0.294129 0.542466
v 0.237769 0.294129 0.542466
v -0.311742 0.294129 0.528376
v -0.311742 0.294129 0.528376
v -0.311742 0.294129 0.528376
v -0.311742 0.294129 0.528376
v 0.227202 0.294129 0.524853
v 0.227202 0.294129 0.524853
v 0.227202 0.294129 0.524853
v 0.227202 0.294129 0.524853
v -0.026419 0.297652 1.091977
v -0.026419 0.297652 1.091977
v -0.026419 0.297652 1.091977
v -0.026419 0.297652 1.091977
v -0.015851 0.297652 1.180039
v -0.068689 0.297652 1.190607
v -0.068689 0.297652 1.190607
v -0.068689 0.297652 1.190607
v 0.015851 0.297652 1.232877
v 0.015851 0.297652 1.232877
v 0.075734 0.297652 1.239922
v 0.075734 0.297652 1.239922
v -0.139139 0.297652 1.275147
v -0.139139 0.297652 1.275147
v -0.139139 0.297652 1.275147
v -0.160274 0.297652 1.574560
v -0.160274 0.297652 1.574560
v -0.160274 0.297652 1.574560
v -0.160274 0.297652 1.574560
v -0.132094 0.297652 0.799609
v -0.241292 0.297652 0.563601
v -0.237769 0.297652 0.545988
v -0.237769 0.297652 0.545988
v -0.237769 0.297652 0.545988
v -0.410372 0.297652 0.186693
v -0.410372 0.297652 0.186693
v -0.410372 0.297652 0.186693
v -0.410372 0.297652 0.186693
v 0.015851 0.301174 1.190607
v 0.015851 0.301174 1.190607
v -0.019374 0.301174 1.232877
v -0.019374 0.301174 1.232877
v -0.019374 0.301174 1.232877
v -0.019374 0.301174 1.232877
v 0.223679 0.301174 1.331507
v 0.223679 0.301174 1.331507
v 0.223679 0.301174 1.359687
v 0.223679 0.301174 1.359687
v 0.223679 0.301174 1.359687
v -0.061644 0.301174 1.493542
v -0.061644 0.301174 1.493542
v 0.100391 0.301174 0.799609
v 0.100391 0.301174 0.799609
v -0.160274 0.301174 0.690411
v -0.160274 0.301174 0.690411
v -0.160274 0.301174 0.690411
v 0.248337 0.301174 0.517808
v 0.248337 0.301174 0.517808
v 0.248337 0.301174 0.517808
v 0.248337 0.301174 0.517808
v 0.248337 0.301174 0.517808
v -0.322309 0.301174 0.510763
v -0.322309 0.301174 0.510763
v -0.322309 0.301174 0.510763
v -0.322309 0.301174 0.510763
v -0.318787 0.301174 0.429746
v -0.318787 0.301174 0.429746
v -0.318787 0.301174 0.429746
v -0.318787 0.301174 0.429746
v 0.361057 0.301174 0.366341
v -0.410372 0.301174 0.165558
v -0.410372 0.301174 0.165558
v -0.410372 0.301174 0.116243
v -0.410372 0.301174 0.116243
v -0.015851 0.304697 1.190607
v -0.015851 0.304697 1.190607
v -0.015851 0.304697 1.190607
v -0.241292 0.304697 1.331507
v -0.061644 0.304697 1.630920
v -0.167319 0.304697 0.679843
v -0.167319 0.304697 0.679843
v -0.167319 0.304697 0.679843
v 0.234247 0.304697 0.545988
v 0.234247 0.304697 0.545988
v 0.234247 0.304697 0.545988
v 0.234247 0.304697 0.545988
v 0.223679 0.304697 0.542466
v 0.223679 0.304697 0.542466
v 0.223679 0.304697 0.542466
v 0.223679 0.304697 0.542466
v 0.223679 0.304697 0.542466
v 0.223679 0.304697 0.542466
v 0.237769 0.304697 0.517808
v 0.237769 0.304697 0.517808
v 0.237769 0.304697 0.517808
v 0.237769 0.304697 0.517808
v 0.237769 0.304697 0.517808
v 0.237769 0.304697 0.517808
v 0.237769 0.304697 0.517808
v 0.248337 0.304697 0.422701
v 0.248337 0.304697 0.422701
v -0.325832 0.304697 0.398043
v -0.325832 0.304697 0.398043
v -0.325832 0.304697 0.398043
v -0.350489 0.304697 0.359295
v -0.350489 0.304697 0.359295
v -0.068689 0.308219 1.282192
v -0.068689 0.308219 1.282192
v 0.079256 0.308219 1.282192
v 0.079256 0.308219 1.282192
v 0.227202 0.308219 1.377299
v 0.227202 0.308219 1.377299
v 0.033464 0.308219 1.493542
v 0.033464 0.308219 1.493542
v 0.033464 0.308219 1.493542
v 0.047554 0.308219 1.553425
v 0.047554 0.308219 1.553425
v 0.047554 0.308219 1.553425
v -0.142661 0.308219 1.652055
v -0.142661 0.308219 1.652055
v -0.142661 0.308219 1.652055
v -0.142661 0.308219 1.652055
v -0.051076 0.308219 0.813699
v -0.051076 0.308219 0.813699
v -0.051076 0.308219 0.813699
v -0.051076 0.308219 0.813699
v 0.177887 0.308219 0.686888
v 0.177887 0.308219 0.686888
v 0.177887 0.308219 0.686888
v 0.177887 0.308219 0.686888
v 0.241292 0.308219 0.553033
v 0.241292 0.308219 0.553033
v 0.241292 0.308219 0.553033
v 0.244814 0.308219 0.553033
v -0.431507 0.308219 0.331115
v -0.431507 0.308219 0.331115
v -0.420939 0.308219 0.281800
v -0.420939 0.308219 0.281800
v -0.420939 0.308219 0.281800
v -0.427984 0.308219 0.116243
v -0.427984 0.308219 0.116243
v -0.248337 0.311742 1.342074
v -0.248337 0.311742 1.342074
v -0.241292 0.311742 1.398434
v -0.241292 0.311742 1.398434
v 0.026419 0.311742 1.630920
v 0.026419 0.311742 1.630920
v 0.026419 0.311742 1.630920
v -0.033464 0.311742 0.813699
v -0.033464 0.311742 0.813699
v -0.033464 0.311742 0.813699
v -0.033464 0.311742 0.813699
v -0.082779 0.311742 0.778474
v -0.082779 0.311742 0.778474
v -0.139139 0.311742 0.711546
v -0.139139 0.311742 0.711546
v -0.139139 0.311742 0.711546
v -0.248337 0.311742 0.549511
v -0.248337 0.311742 0.549511
v 0.251859 0.311742 0.549511
v 0.251859 0.311742 0.549511
v 0.251859 0.311742 0.549511
v 0.170842 0.311742 0.528376
v 0.170842 0.311742 0.528376
v 0.170842 0.311742 0.528376
v 0.170842 0.311742 0.528376
v 0.234247 0.311742 0.422701
v 0.234247 0.311742 0.422701
v -0.427984 0.311742 0.264188
v -0.427984 0.311742 0.264188
v -0.424462 0.311742 0.246575
v -0.424462 0.311742 0.246575
v -0.438552 0.311742 0.176125
v -0.438552 0.311742 0.176125
v -0.438552 0.311742 0.176125
v -0.406849 0.311742 0.165558
v -0.406849 0.311742 0.165558
v -0.406849 0.311742 0.165558
v -0.406849 0.311742 0.165558
v -0.406849 0.311742 0.165558
v -0.406849 0.311742 0.116243
v -0.406849 0.311742 0.116243
v -0.406849 0.311742 0.116243
v -0.406849 0.311742 0.116243
v -0.399804 0.311742 0.095108
v -0.399804 0.311742 0.095108
v -0.399804 0.311742 0.095108
v -0.072211 0.315264 1.257534
v -0.072211 0.315264 1.257534
v 0.079256 0.315264 1.257534
v 0.079256 0.315264 1.257534
v 0.082779 0.315264 1.275147
v 0.082779 0.315264 1.275147
v 0.234247 0.315264 1.331507
v 0.234247 0.315264 1.331507
v 0.234247 0.315264 1.331507
v 0.234247 0.315264 1.331507
v 0.188454 0.315264 0.545988
v 0.188454 0.315264 0.545988
v 0.241292 0.315264 0.503718
v 0.241292 0.315264 0.503718
v 0.241292 0.315264 0.503718
v 0.251859 0.315264 0.383953
v 0.251859 0.315264 0.383953
v 0.251859 0.315264 0.383953
v 0.251859 0.315264 0.383953
v -0.417417 0.315264 0.176125
v -0.417417 0.315264 0.176125
v -0.346967 0.315264 0.162035
v -0.346967 0.315264 0.162035
v -0.346967 0.315264 0.162035
v -0.346967 0.315264 0.162035
v -0.346967 0.315264 0.116243
v -0.346967 0.315264 0.116243
v -0.346967 0.315264 0.116243
v -0.346967 0.315264 0.116243
v -0.346967 0.315264 0.116243
v -0.410372 0.315264 0.116243
v -0.410372 0.315264 0.116243
v -0.410372 0.315264 0.116243
v -0.410372 0.315264 0.116243
v -0.072211 0.318787 1.275147
v -0.072211 0.318787 1.275147
v -0.072211 0.318787 1.275147
v 0.026419 0.318787 1.285714
v 0.026419 0.318787 1.285714
v 0.191977 0.318787 1.331507
v 0.191977 0.318787 1.331507
v 0.195499 0.318787 1.359687
v 0.195499 0.318787 1.359687
v 0.195499 0.318787 1.359687
v -0.167319 0.318787 0.679843
v -0.167319 0.318787 0.679843
v 0.244814 0.318787 0.563601
v 0.244814 0.318787 0.563601
v 0.244814 0.318787 0.563601
v 0.234247 0.318787 0.545988
v 0.234247 0.318787 0.545988
v 0.234247 0.318787 0.545988
v 0.234247 0.318787 0.545988
v 0.234247 0.318787 0.545988
v 0.195499 0.318787 0.542466
v 0.195499 0.318787 0.542466
v 0.195499 0.318787 0.542466
v 0.195499 0.318787 0.542466
v 0.237769 0.318787 0.380431
v 0.237769 0.318787 0.380431
v 0.237769 0.318787 0.380431
v -0.343444 0.318787 0.366341
v -0.343444 0.318787 0.366341
v -0.417417 0.318787 0.320548
v -0.417417 0.318787 0.320548
v -0.417417 0.318787 0.320548
v 0.202544 0.322309 1.377299
v 0.202544 0.322309 1.377299
v 0.202544 0.322309 1.377299
v 0.202544 0.322309 1.377299
v 0.103914 0.322309 1.574560
v 0.103914 0.322309 1.574560
v -0.015851 0.322309 0.778474
v -0.015851 0.322309 0.778474
v 0.026419 0.325832 1.257534
v 0.026419 0.325832 1.257534
v 0.026419 0.325832 1.257534
v 0.026419 0.325832 1.257534
v 0.026419 0.325832 1.275147
v 0.026419 0.325832 1.275147
v 0.237769 0.325832 1.349119
v 0.237769 0.325832 1.349119
v 0.237769 0.325832 1.349119
v 0.237769 0.325832 1.349119
v -0.255382 0.325832 1.380822
v -0.255382 0.325832 1.380822
v -0.255382 0.325832 1.380822
v 0.234247 0.325832 1.398434
v 0.234247 0.325832 1.398434
v 0.234247 0.325832 1.398434
v 0.234247 0.325832 1.398434
v 0.234247 0.325832 1.398434
v 0.029941 0.325832 0.796086
v 0.265949 0.325832 0.524853
v 0.265949 0.325832 0.524853
v -0.361057 0.325832 0.313503
v -0.361057 0.325832 0.313503
v -0.452642 0.325832 0.193738
v -0.452642 0.325832 0.193738
v -0.452642 0.325832 0.193738
v -0.361057 0.325832 0.169080
v -0.361057 0.325832 0.169080
v -0.361057 0.325832 0.169080
v -0.361057 0.325832 0.169080
v 0.382192 0.325832 0.165558
v 0.382192 0.325832 0.165558
v 0.382192 0.325832 0.116243
v 0.382192 0.325832 0.116243
v -0.410372 0.325832 0.066928
v -0.410372 0.325832 0.066928
v -0.410372 0.325832 0.000000
v -0.410372 0.325832 0.000000
v -0.255382 0.329354 1.567515
v -0.255382 0.329354 1.567515
v 0.244814 0.329354 1.637965
v 0.244814 0.329354 1.637965
v 0.244814 0.329354 1.637965
v 0.244814 0.329354 1.637965
v -0.061644 0.329354 0.817221
v -0.061644 0.329354 0.817221
v -0.061644 0.329354 0.817221
v -0.079256 0.329354 0.792564
v -0.079256 0.329354 0.792564
v -0.079256 0.329354 0.792564
v -0.079256 0.329354 0.792564
v -0.139139 0.329354 0.700978
v -0.139139 0.329354 0.700978
v -0.139139 0.329354 0.700978
v -0.139139 0.329354 0.700978
v -0.139139 0.329354 0.700978
v -0.139139 0.329354 0.700978
v 0.191977 0.329354 0.521331
v 0.191977 0.329354 0.521331
v 0.191977 0.329354 0.521331
v 0.191977 0.329354 0.521331
v 0.241292 0.332877 1.370254
v 0.241292 0.332877 1.370254
v 0.051076 0.332877 1.574560
v 0.051076 0.332877 1.574560
v 0.051076 0.332877 1.574560
v -0.065166 0.332877 1.652055
v -0.065166 0.332877 1.652055
v -0.029941 0.332877 0.817221
v -0.029941 0.332877 0.817221
v -0.029941 0.332877 0.817221
v -0.029941 0.332877 0.817221
v -0.036986 0.332877 0.810176
v -0.036986 0.332877 0.810176
v -0.036986 0.332877 0.810176
v -0.054599 0.332877 0.810176
v -0.054599 0.332877 0.810176
v -0.054599 0.332877 0.810176
v -0.054599 0.332877 0.810176
v -0.054599 0.332877 0.810176
v 0.195499 0.332877 0.545988
v 0.195499 0.332877 0.545988
v 0.195499 0.332877 0.545988
v 0.206067 0.332877 0.545988
v 0.206067 0.332877 0.545988
v 0.206067 0.332877 0.545988
v 0.206067 0.332877 0.545988
v -0.466732 0.332877 0.288845
v -0.466732 0.332877 0.288845
v -0.466732 0.332877 0.288845
v -0.438552 0.332877 0.193738
v -0.438552 0.332877 0.193738
v -0.438552 0.332877 0.193738
v -0.385714 0.332877 0.165558
v -0.385714 0.332877 0.165558
v -0.385714 0.332877 0.165558
v -0.385714 0.332877 0.165558
v -0.385714 0.332877 0.165558
v -0.385714 0.332877 0.116243
v -0.385714 0.332877 0.116243
v -0.385714 0.332877 0.116243
v -0.385714 0.332877 0.116243
v 0.202544 0.336399 1.331507
v 0.202544 0.336399 1.331507
v 0.202544 0.336399 1.331507
v 0.202544 0.336399 1.331507
v 0.209589 0.336399 1.398434
v 0.209589 0.336399 1.398434
v 0.026419 0.336399 1.652055
v 0.026419 0.336399 1.652055
v 0.026419 0.336399 1.652055
v -0.082779 0.336399 0.715068
v -0.082779 0.336399 0.715068
v -0.082779 0.336399 0.715068
v -0.082779 0.336399 0.715068
v 0.075734 0.336399 0.679843
v 0.075734 0.336399 0.679843
v 0.202544 0.336399 0.553033
v 0.202544 0.336399 0.553033
v -0.272994 0.336399 0.528376
v -0.272994 0.336399 0.528376
v 0.269472 0.336399 0.528376
v 0.269472 0.336399 0.528376
v 0.195499 0.336399 0.422701
v 0.195499 0.336399 0.422701
v 0.195499 0.336399 0.422701
v 0.195499 0.336399 0.422701
v 0.195499 0.336399 0.422701
v -0.470254 0.336399 0.253620
v -0.459687 0.336399 0.095108
v -0.459687 0.336399 0.095108
v -0.459687 0.336399 0.095108
v 0.216634 0.339922 1.349119
v 0.216634 0.339922 1.349119
v 0.216634 0.339922 1.349119
v 0.244814 0.339922 1.380822
v 0.244814 0.339922 1.380822
v -0.012329 0.339922 0.792564
v -0.012329 0.339922 0.792564
v -0.012329 0.339922 0.792564
v -0.012329 0.339922 0.792564
v 0.047554 0.339922 0.715068
v 0.047554 0.339922 0.715068
v 0.047554 0.339922 0.715068
v -0.188454 0.339922 0.556556
v -0.188454 0.339922 0.556556
v -0.188454 0.339922 0.556556
v 0.251859 0.339922 0.524853
v 0.251859 0.339922 0.524853
v 0.251859 0.339922 0.524853
v 0.251859 0.339922 0.524853
v -0.276517 0.339922 0.429746
v 0.272994 0.339922 0.345205
v 0.272994 0.339922 0.345205
v 0.272994 0.339922 0.345205
v 0.272994 0.339922 0.345205
v 0.272994 0.339922 0.345205
v 0.399804 0.339922 0.331115
v -0.396282 0.339922 0.320548
v -0.396282 0.339922 0.320548
v -0.470254 0.339922 0.271233
v -0.470254 0.339922 0.271233
v -0.378669 0.339922 0.186693
v -0.378669 0.339922 0.186693
v -0.378669 0.339922 0.186693
v 0.399804 0.339922 0.119765
v 0.399804 0.339922 0.119765
v -0.378669 0.339922 0.116243
v -0.378669 0.339922 0.116243
v -0.389237 0.339922 0.116243
v -0.389237 0.339922 0.116243
v -0.389237 0.339922 0.116243
v -0.389237 0.339922 0.116243
v 0.206067 0.343444 1.342074
v 0.206067 0.343444 1.342074
v 0.206067 0.343444 1.342074
v -0.269472 0.343444 1.412524
v -0.269472 0.343444 1.412524
v 0.206067 0.343444 0.563601
v 0.206067 0.343444 0.563601
v 0.206067 0.343444 0.563601
v -0.280039 0.343444 0.510763
v -0.280039 0.343444 0.510763
v -0.280039 0.343444 0.510763
v -0.280039 0.343444 0.510763
v 0.199022 0.343444 0.503718
v 0.199022 0.343444 0.503718
v 0.199022 0.343444 0.503718
v 0.199022 0.343444 0.503718
v 0.199022 0.343444 0.503718
v 0.199022 0.343444 0.503718
v 0.269472 0.343444 0.429746
v 0.199022 0.343444 0.383953
v 0.199022 0.343444 0.383953
v 0.199022 0.343444 0.383953
v 0.199022 0.343444 0.383953
v 0.199022 0.343444 0.383953
v -0.449119 0.343444 0.285323
v -0.449119 0.343444 0.285323
v -0.449119 0.343444 0.285323
v -0.396282 0.343444 0.176125
v -0.396282 0.343444 0.176125
v -0.396282 0.343444 0.176125
v -0.378669 0.343444 0.165558
v -0.378669 0.343444 0.165558
v -0.442074 0.343444 0.095108
v -0.442074 0.343444 0.095108
v 0.213112 0.346967 1.359687
v 0.213112 0.346967 1.359687
v 0.213112 0.346967 1.359687
v 0.213112 0.346967 1.359687
v 0.220157 0.346967 1.370254
v 0.220157 0.346967 1.370254
v 0.220157 0.346967 1.370254
v 0.255382 0.346967 1.412524
v 0.255382 0.346967 1.412524
v -0.269472 0.346967 1.542857
v -0.269472 0.346967 1.542857
v -0.012329 0.346967 0.718591
v -0.012329 0.346967 0.718591
v -0.012329 0.346967 0.718591
v -0.012329 0.346967 0.718591
v -0.167319 0.346967 0.545988
v -0.167319 0.346967 0.545988
v -0.167319 0.346967 0.545988
v 0.276517 0.346967 0.510763
v 0.276517 0.346967 0.510763
v 0.276517 0.346967 0.510763
v 0.248337 0.346967 0.429746
v 0.248337 0.346967 0.429746
v -0.283562 0.346967 0.398043
v -0.283562 0.346967 0.398043
v 0.258904 0.346967 0.341683
v 0.258904 0.346967 0.341683
v 0.258904 0.346967 0.341683
v -0.452642 0.346967 0.271233
v -0.452642 0.346967 0.271233
v -0.452642 0.346967 0.271233
v -0.452642 0.346967 0.253620
v -0.452642 0.346967 0.253620
v -0.452642 0.346967 0.253620
v 0.410372 0.346967 0.176125
v 0.410372 0.346967 0.176125
v 0.209589 0.350489 1.359687
v 0.209589 0.350489 1.359687
v 0.209589 0.350489 1.567515
v 0.209589 0.350489 1.567515
v 0.209589 0.350489 1.567515
v 0.258904 0.350489 1.613307
v 0.258904 0.350489 1.613307
v 0.258904 0.350489 1.613307
v 0.068689 0.350489 0.679843
v 0.068689 0.350489 0.679843
v -0.184931 0.350489 0.567123
v -0.184931 0.350489 0.567123
v -0.184931 0.350489 0.567123
v 0.199022 0.350489 0.549511
v 0.199022 0.350489 0.549511
v 0.199022 0.350489 0.549511
v 0.153229 0.350489 0.545988
v 0.153229 0.350489 0.545988
v 0.258904 0.350489 0.507241
v 0.258904 0.350489 0.507241
v 0.258904 0.350489 0.507241
v 0.272994 0.350489 0.398043
v 0.272994 0.350489 0.398043
v 0.272994 0.350489 0.398043
v -0.389237 0.350489 0.281800
v -0.389237 0.350489 0.281800
v -0.389237 0.350489 0.281800
v -0.392759 0.350489 0.246575
v -0.392759 0.350489 0.246575
v -0.371624 0.350489 0.095108
v -0.371624 0.350489 0.095108
v -0.371624 0.350489 0.095108
v -0.371624 0.350489 0.095108
v -0.470254 0.350489 0.070450
v -0.470254 0.350489 0.070450
v -0.470254 0.350489 0.070450
v -0.470254 0.350489 0.000000
v -0.086301 0.354012 0.708023
v -0.086301 0.354012 0.708023
v -0.086301 0.354012 0.708023
v 0.044031 0.354012 0.704501
v 0.044031 0.354012 0.704501
v 0.044031 0.354012 0.704501
v 0.213112 0.354012 0.524853
v 0.213112 0.354012 0.524853
v 0.251859 0.354012 0.394521
v 0.251859 0.354012 0.394521
v 0.251859 0.354012 0.394521
v -0.396282 0.354012 0.264188
v -0.396282 0.354012 0.264188
v -0.385714 0.354012 0.116243
v -0.385714 0.354012 0.116243
v -0.163796 0.357534 1.331507
v 0.216634 0.357534 1.380822
v 0.216634 0.357534 1.380822
v 0.216634 0.357534 1.380822
v 0.216634 0.357534 1.380822
v -0.177886 0.357534 0.549511
v -0.177886 0.357534 0.549511
v -0.389237 0.357534 0.331115
v -0.389237 0.357534 0.331115
v -0.417417 0.357534 0.193738
v -0.417417 0.357534 0.193738
v -0.452642 0.357534 0.070450
v -0.452642 0.357534 0.070450
v -0.452642 0.357534 0.070450
v -0.452642 0.357534 0.000000
v -0.452642 0.357534 0.000000
v -0.012329 0.361057 0.708023
v -0.012329 0.361057 0.708023
v 0.223679 0.361057 0.524853
v 0.223679 0.361057 0.524853
v 0.223679 0.361057 0.524853
v 0.223679 0.361057 0.524853
v 0.213112 0.361057 0.429746
v 0.213112 0.361057 0.429746
v 0.213112 0.361057 0.429746
v 0.213112 0.361057 0.429746
v 0.227202 0.361057 0.429746
v 0.227202 0.361057 0.429746
v 0.227202 0.361057 0.429746
v 0.227202 0.361057 0.429746
v 0.227202 0.361057 0.429746
v -0.301174 0.361057 0.366341
v 0.424462 0.361057 0.193738
v 0.424462 0.361057 0.193738
v -0.392759 0.361057 0.176125
v -0.392759 0.361057 0.176125
v -0.392759 0.361057 0.176125
v -0.167319 0.364579 1.342074
v -0.163796 0.364579 1.398434
v -0.163796 0.364579 1.398434
v -0.160274 0.364579 0.563601
v -0.160274 0.364579 0.563601
v -0.160274 0.364579 0.563601
v 0.160274 0.364579 0.549511
v 0.160274 0.364579 0.549511
v -0.382192 0.364579 0.066928
v -0.382192 0.364579 0.066928
v -0.382192 0.364579 0.000000
v -0.382192 0.364579 0.000000
v 0.230724 0.368102 0.507241
v 0.230724 0.368102 0.507241
v 0.230724 0.368102 0.507241
v 0.230724 0.368102 0.507241
v -0.427984 0.368102 0.285323
v -0.427984 0.368102 0.285323
v -0.420939 0.368102 0.095108
v -0.420939 0.368102 0.095108
v -0.420939 0.368102 0.095108
v 0.220157 0.371624 1.412524
v 0.220157 0.371624 1.412524
v 0.223679 0.371624 1.546380
v 0.223679 0.371624 1.546380
v -0.089824 0.371624 0.545988
v -0.089824 0.371624 0.545988
v 0.230724 0.371624 0.394521
v 0.230724 0.371624 0.394521
v 0.287084 0.371624 0.366341
v 0.287084 0.371624 0.366341
v 0.216634 0.371624 0.345205
v 0.216634 0.371624 0.345205
v 0.216634 0.371624 0.345205
v 0.435029 0.371624 0.288845
v 0.435029 0.371624 0.288845
v -0.435029 0.371624 0.271233
v -0.435029 0.371624 0.271233
v -0.435029 0.371624 0.271233
v -0.431507 0.371624 0.253620
v -0.431507 0.371624 0.253620
v -0.431507 0.371624 0.253620
v 0.435029 0.371624 0.095108
v 0.435029 0.371624 0.095108
v 0.086301 0.375147 0.556556
v 0.086301 0.375147 0.556556
v 0.079256 0.375147 0.545988
v 0.079256 0.375147 0.545988
v 0.079256 0.375147 0.545988
v 0.216634 0.375147 0.528376
v 0.216634 0.375147 0.528376
v 0.438552 0.375147 0.271233
v 0.438552 0.375147 0.271233
v 0.438552 0.375147 0.271233
v 0.438552 0.375147 0.271233
v 0.438552 0.375147 0.253620
v 0.438552 0.375147 0.253620
v -0.413894 0.375147 0.193738
v -0.413894 0.375147 0.193738
v -0.413894 0.375147 0.193738
v 0.283562 0.375147 0.162035
v 0.283562 0.375147 0.162035
v 0.283562 0.375147 0.162035
v 0.283562 0.375147 0.162035
v 0.283562 0.375147 0.116243
v 0.283562 0.375147 0.116243
v 0.283562 0.375147 0.116243
v 0.283562 0.375147 0.116243
v 0.283562 0.375147 0.116243
v 0.096869 0.378669 1.331507
v -0.089824 0.378669 0.545988
v -0.089824 0.378669 0.545988
v 0.216634 0.378669 0.429746
v 0.216634 0.378669 0.429746
v 0.269472 0.378669 0.359295
v 0.269472 0.378669 0.359295
v -0.082779 0.382192 1.331507
v -0.170841 0.382192 1.377299
v -0.170841 0.382192 1.377299
v -0.184931 0.382192 1.567515
v -0.184931 0.382192 1.567515
v -0.184931 0.382192 1.567515
v 0.079256 0.382192 0.567123
v 0.079256 0.382192 0.567123
v -0.005284 0.382192 0.545988
v -0.005284 0.382192 0.545988
v 0.061644 0.382192 0.545988
v 0.061644 0.382192 0.545988
v 0.061644 0.382192 0.545988
v -0.325832 0.382192 0.165558
v -0.325832 0.382192 0.165558
v -0.325832 0.382192 0.116243
v -0.325832 0.382192 0.116243
v -0.431507 0.382192 0.070450
v -0.431507 0.382192 0.070450
v -0.431507 0.382192 0.070450
v 0.449119 0.382192 0.070450
v 0.449119 0.382192 0.070450
v -0.431507 0.382192 0.000000
v -0.431507 0.382192 0.000000
v 0.449119 0.382192 0.000000
v 0.100391 0.385714 1.342074
v 0.100391 0.385714 1.342074
v -0.079256 0.385714 1.356164
v -0.079256 0.385714 1.356164
v -0.079256 0.385714 1.356164
v 0.220157 0.385714 0.510763
v 0.220157 0.385714 0.510763
v 0.220157 0.385714 0.510763
v 0.223679 0.385714 0.398043
v 0.223679 0.385714 0.398043
v 0.223679 0.385714 0.398043
v 0.308219 0.385714 0.309980
v 0.308219 0.385714 0.309980
v -0.424462 0.385714 0.288845
v -0.424462 0.385714 0.288845
v -0.424462 0.385714 0.288845
v 0.294129 0.385714 0.169080
v 0.294129 0.385714 0.169080
v 0.294129 0.385714 0.169080
v 0.294129 0.385714 0.169080
v -0.417417 0.385714 0.095108
v -0.417417 0.385714 0.095108
v -0.417417 0.385714 0.095108
v -0.082779 0.389237 1.363209
v -0.082779 0.389237 1.363209
v -0.082779 0.389237 1.363209
v 0.110959 0.389237 1.398434
v 0.110959 0.389237 1.398434
v 0.110959 0.389237 1.398434
v 0.110959 0.389237 1.398434
v -0.093346 0.389237 0.549511
v -0.093346 0.389237 0.549511
v -0.008806 0.389237 0.545988
v -0.008806 0.389237 0.545988
v -0.191976 0.389237 0.528376
v -0.431507 0.389237 0.271233
v -0.431507 0.389237 0.271233
v -0.427984 0.389237 0.253620
v -0.427984 0.389237 0.253620
v 0.033464 0.392759 1.335029
v -0.082779 0.392759 1.349119
v -0.082779 0.392759 1.349119
v -0.082779 0.392759 1.349119
v -0.079256 0.392759 1.370254
v -0.079256 0.392759 1.370254
v -0.079256 0.392759 1.370254
v -0.079256 0.392759 1.370254
v -0.096869 0.392759 0.563601
v -0.096869 0.392759 0.563601
v -0.096869 0.392759 0.563601
v -0.096869 0.392759 0.563601
v 0.054599 0.392759 0.563601
v 0.054599 0.392759 0.563601
v 0.082779 0.392759 0.549511
v 0.082779 0.392759 0.549511
v -0.195499 0.392759 0.429746
v -0.195499 0.392759 0.429746
v 0.248337 0.392759 0.359295
v 0.248337 0.392759 0.359295
v 0.248337 0.392759 0.359295
v 0.294129 0.392759 0.309980
v 0.294129 0.392759 0.309980
v 0.012329 0.396282 1.356164
v 0.012329 0.396282 1.356164
v 0.012329 0.396282 1.356164
v 0.012329 0.396282 1.356164
v -0.086301 0.396282 1.359687
v -0.086301 0.396282 1.359687
v -0.086301 0.396282 1.359687
v -0.075734 0.396282 1.398434
v -0.075734 0.396282 1.398434
v 0.118004 0.396282 1.567515
v 0.118004 0.396282 1.567515
v -0.167319 0.396282 1.641487
v -0.167319 0.396282 1.641487
v -0.167319 0.396282 1.641487
v 0.174364 0.396282 0.528376
v -0.199021 0.396282 0.510763
v -0.199021 0.396282 0.510763
v 0.033464 0.399804 1.342074
v 0.012329 0.399804 1.363209
v 0.012329 0.399804 1.363209
v 0.012329 0.399804 1.363209
v 0.012329 0.399804 1.363209
v 0.008806 0.399804 1.370254
v 0.008806 0.399804 1.370254
v 0.008806 0.399804 1.370254
v -0.188454 0.399804 1.412524
v -0.188454 0.399804 1.412524
v -0.188454 0.399804 1.412524
v -0.188454 0.399804 1.412524
v -0.005284 0.399804 0.549511
v -0.005284 0.399804 0.549511
v 0.177887 0.399804 0.429746
v -0.339922 0.399804 0.331115
v 0.241292 0.399804 0.162035
v 0.241292 0.399804 0.162035
v 0.241292 0.399804 0.162035
v 0.241292 0.399804 0.162035
v -0.339922 0.399804 0.119765
v -0.339922 0.399804 0.119765
v 0.241292 0.399804 0.116243
v 0.241292 0.399804 0.116243
v 0.241292 0.399804 0.116243
v 0.241292 0.399804 0.116243
v -0.427984 0.399804 0.070450
v -0.427984 0.399804 0.070450
v -0.427984 0.399804 0.070450
v -0.427984 0.399804 0.000000
v 0.012329 0.403327 1.352642
v 0.012329 0.403327 1.352642
v 0.012329 0.403327 1.352642
v -0.079256 0.403327 1.366732
v -0.079256 0.403327 1.366732
v -0.079256 0.403327 1.366732
v 0.103914 0.403327 1.377299
v 0.103914 0.403327 1.377299
v 0.103914 0.403327 1.377299
v 0.040509 0.403327 1.398434
v 0.040509 0.403327 1.398434
v -0.012329 0.403327 0.563601
v -0.012329 0.403327 0.563601
v -0.012329 0.403327 0.563601
v -0.199021 0.403327 0.398043
v -0.199021 0.403327 0.398043
v 0.308219 0.403327 0.186693
v 0.308219 0.403327 0.186693
v 0.308219 0.403327 0.186693
v 0.297652 0.403327 0.165558
v 0.297652 0.403327 0.165558
v 0.297652 0.403327 0.165558
v 0.297652 0.403327 0.165558
v 0.297652 0.403327 0.116243
v 0.297652 0.403327 0.116243
v 0.015851 0.406849 1.359687
v 0.015851 0.406849 1.359687
v 0.015851 0.406849 1.359687
v 0.015851 0.406849 1.359687
v -0.082779 0.406849 1.377299
v -0.082779 0.406849 1.377299
v -0.188454 0.406849 1.542857
v -0.188454 0.406849 1.542857
v -0.188454 0.406849 1.542857
v 0.177887 0.406849 0.510763
v 0.177887 0.406849 0.510763
v 0.237769 0.406849 0.366341
v 0.237769 0.406849 0.366341
v 0.301174 0.406849 0.116243
v 0.301174 0.406849 0.116243
v 0.301174 0.406849 0.116243
v 0.012329 0.410372 1.366732
v 0.012329 0.410372 1.366732
v 0.012329 0.410372 1.366732
v 0.181409 0.410372 0.398043
v 0.181409 0.410372 0.398043
v -0.346967 0.410372 0.176125
v -0.346967 0.410372 0.176125
v 0.054599 0.413894 1.567515
v 0.054599 0.413894 1.567515
v 0.054599 0.413894 1.567515
v 0.054599 0.413894 1.567515
v -0.072211 0.413894 1.641487
v -0.072211 0.413894 1.641487
v 0.251859 0.413894 0.169080
v 0.251859 0.413894 0.169080
v 0.251859 0.413894 0.169080
v 0.304697 0.413894 0.165558
v 0.304697 0.413894 0.165558
v 0.304697 0.413894 0.165558
v 0.304697 0.413894 0.165558
v 0.033464 0.417417 1.377299
v 0.033464 0.417417 1.377299
v 0.125049 0.417417 1.412524
v 0.125049 0.417417 1.412524
v 0.125049 0.417417 1.542857
v 0.125049 0.417417 1.542857
v 0.322309 0.417417 0.116243
v 0.322309 0.417417 0.116243
v -0.170841 0.420939 1.613307
v -0.170841 0.420939 1.613307
v -0.170841 0.420939 1.613307
v -0.170841 0.420939 1.613307
v 0.029941 0.420939 1.641487
v 0.029941 0.420939 1.641487
v 0.029941 0.420939 1.641487
v 0.029941 0.420939 1.641487
v -0.100391 0.420939 0.528376
v -0.213112 0.420939 0.366341
v 0.325832 0.420939 0.331115
v 0.325832 0.420939 0.331115
v 0.251859 0.420939 0.317025
v 0.251859 0.420939 0.317025
v 0.251859 0.420939 0.317025
v 0.318787 0.420939 0.281800
v 0.318787 0.420939 0.281800
v 0.318787 0.420939 0.281800
v 0.318787 0.420939 0.281800
v 0.322309 0.420939 0.246575
v 0.322309 0.420939 0.246575
v 0.311742 0.420939 0.176125
v 0.311742 0.420939 0.176125
v 0.311742 0.420939 0.176125
v 0.332877 0.420939 0.176125
v 0.332877 0.420939 0.176125
v 0.332877 0.420939 0.176125
v 0.332877 0.420939 0.176125
v 0.265949 0.420939 0.165558
v 0.265949 0.420939 0.165558
v 0.265949 0.420939 0.116243
v 0.265949 0.420939 0.116243
v 0.265949 0.420939 0.116243
v 0.265949 0.420939 0.116243
v 0.089824 0.424462 0.528376
v 0.308219 0.424462 0.320548
v 0.308219 0.424462 0.320548
v 0.322309 0.424462 0.264188
v 0.322309 0.424462 0.264188
v -0.361057 0.424462 0.193738
v -0.361057 0.424462 0.193738
v 0.304697 0.424462 0.116243
v 0.304697 0.424462 0.116243
v 0.304697 0.424462 0.116243
v 0.304697 0.424462 0.116243
v -0.103914 0.427984 0.429746
v -0.103914 0.427984 0.429746
v -0.103914 0.427984 0.429746
v 0.093346 0.427984 0.429746
v 0.093346 0.427984 0.429746
v 0.188454 0.427984 0.366341
v 0.294129 0.427984 0.095108
v 0.294129 0.427984 0.095108
v 0.294129 0.427984 0.095108
v 0.294129 0.427984 0.095108
v 0.294129 0.427984 0.095108
v -0.082779 0.431507 1.412524
v -0.082779 0.431507 1.412524
v -0.082779 0.431507 1.412524
v -0.103914 0.431507 0.510763
v -0.103914 0.431507 0.510763
v -0.103914 0.431507 0.510763
v 0.265949 0.431507 0.186693
v 0.265949 0.431507 0.186693
v 0.265949 0.431507 0.186693
v 0.265949 0.431507 0.186693
v 0.272994 0.431507 0.165558
v 0.272994 0.431507 0.165558
v 0.272994 0.431507 0.165558
v 0.272994 0.431507 0.165558
v 0.272994 0.431507 0.116243
v 0.272994 0.431507 0.116243
v 0.272994 0.431507 0.116243
v 0.272994 0.431507 0.116243
v 0.047554 0.435029 1.412524
v 0.047554 0.435029 1.412524
v -0.005284 0.435029 0.528376
v 0.093346 0.435029 0.510763
v 0.093346 0.435029 0.510763
v -0.371624 0.435029 0.288845
v -0.371624 0.435029 0.288845
v 0.272994 0.435029 0.207828
v 0.272994 0.435029 0.207828
v 0.272994 0.435029 0.207828
v 0.272994 0.435029 0.207828
v -0.371624 0.435029 0.095108
v -0.371624 0.435029 0.095108
v 0.054599 0.438552 1.542857
v 0.054599 0.438552 1.542857
v 0.054599 0.438552 1.542857
v -0.075734 0.438552 1.613307
v -0.075734 0.438552 1.613307
v -0.075734 0.438552 1.613307
v -0.075734 0.438552 1.613307
v -0.005284 0.438552 0.429746
v -0.005284 0.438552 0.429746
v -0.005284 0.438552 0.429746
v -0.107436 0.438552 0.398043
v 0.093346 0.438552 0.398043
v 0.093346 0.438552 0.398043
v 0.287084 0.438552 0.320548
v 0.287084 0.438552 0.320548
v -0.375147 0.438552 0.271233
v -0.375147 0.438552 0.253620
v 0.343444 0.438552 0.193738
v 0.343444 0.438552 0.193738
v 0.343444 0.438552 0.193738
v 0.343444 0.438552 0.193738
v 0.343444 0.438552 0.193738
v 0.283562 0.438552 0.176125
v 0.283562 0.438552 0.176125
v 0.283562 0.438552 0.176125
v 0.280039 0.438552 0.116243
v 0.280039 0.438552 0.116243
v 0.280039 0.438552 0.116243
v 0.325832 0.442074 0.193738
v 0.325832 0.442074 0.193738
v 0.325832 0.442074 0.193738
v 0.029941 0.445597 1.613307
v 0.029941 0.445597 1.613307
v 0.029941 0.445597 1.613307
v -0.005284 0.445597 0.510763
v -0.005284 0.445597 0.510763
v -0.005284 0.445597 0.510763
v 0.304697 0.445597 0.066928
v 0.304697 0.445597 0.066928
v 0.304697 0.445597 0.066928
v 0.304697 0.445597 0.000000
v 0.304697 0.445597 0.000000
v -0.005284 0.449119 0.398043
v 0.276517 0.449119 0.281800
v 0.276517 0.449119 0.281800
v 0.276517 0.449119 0.281800
v -0.230724 0.449119 0.165558
v -0.230724 0.449119 0.165558
v -0.230724 0.449119 0.116243
v -0.230724 0.449119 0.116243
v 0.269472 0.449119 0.116243
v 0.269472 0.449119 0.116243
v 0.269472 0.449119 0.116243
v 0.269472 0.449119 0.116243
v -0.382192 0.449119 0.070450
v -0.382192 0.449119 0.070450
v -0.382192 0.449119 0.000000
v 0.276517 0.452642 0.331115
v 0.276517 0.452642 0.331115
v 0.350489 0.452642 0.288845
v 0.350489 0.452642 0.288845
v 0.350489 0.452642 0.288845
v 0.350489 0.452642 0.288845
v 0.255382 0.452642 0.095108
v 0.255382 0.452642 0.095108
v 0.255382 0.452642 0.095108
v 0.332877 0.456164 0.285323
v 0.332877 0.456164 0.285323
v 0.280039 0.456164 0.264188
v 0.280039 0.456164 0.264188
v 0.280039 0.456164 0.264188
v 0.357534 0.456164 0.253620
v 0.357534 0.456164 0.253620
v 0.301174 0.456164 0.193738
v 0.301174 0.456164 0.193738
v 0.301174 0.456164 0.193738
v 0.301174 0.456164 0.193738
v 0.276517 0.456164 0.176125
v 0.276517 0.456164 0.176125
v 0.276517 0.456164 0.176125
v 0.339922 0.456164 0.095108
v 0.339922 0.456164 0.095108
v 0.339922 0.456164 0.095108
v -0.110959 0.459687 0.366341
v 0.100391 0.459687 0.366341
v 0.357534 0.459687 0.271233
v 0.357534 0.459687 0.271233
v 0.357534 0.459687 0.271233
v 0.336399 0.459687 0.253620
v 0.336399 0.459687 0.253620
v 0.336399 0.459687 0.253620
v 0.336399 0.459687 0.253620
v 0.206067 0.459687 0.165558
v 0.206067 0.459687 0.165558
v 0.206067 0.459687 0.116243
v 0.206067 0.459687 0.116243
v 0.322309 0.459687 0.095108
v 0.322309 0.459687 0.095108
v 0.339922 0.463209 0.271233
v 0.339922 0.463209 0.271233
v 0.339922 0.463209 0.271233
v -0.237769 0.466732 0.331115
v -0.005284 0.470254 0.366341
v 0.311742 0.470254 0.285323
v 0.311742 0.470254 0.285323
v -0.241292 0.470255 0.119765
v -0.241292 0.470255 0.119765
v 0.262427 0.470254 0.066928
v 0.262427 0.470254 0.066928
v 0.262427 0.470254 0.066928
v 0.262427 0.470254 0.066928
v 0.262427 0.470254 0.000000
v 0.262427 0.470254 0.000000
v 0.315264 0.473777 0.253620
v 0.315264 0.473777 0.253620
v 0.315264 0.473777 0.253620
v 0.315264 0.473777 0.253620
v 0.294129 0.473777 0.193738
v 0.294129 0.473777 0.193738
v 0.294129 0.473777 0.193738
v 0.297652 0.473777 0.095108
v 0.297652 0.473777 0.095108
v 0.350489 0.473777 0.070450
v 0.350489 0.473777 0.070450
v 0.350489 0.473777 0.070450
v 0.350489 0.473777 0.000000
v 0.213112 0.477299 0.331115
v 0.315264 0.477299 0.271233
v 0.315264 0.477299 0.271233
v 0.315264 0.477299 0.271233
v 0.315264 0.477299 0.271233
v 0.315264 0.477299 0.271233
v 0.332877 0.477299 0.070450
v 0.332877 0.477299 0.070450
v 0.332877 0.477299 0.070450
v 0.332877 0.477299 0.000000
v 0.332877 0.477299 0.000000
v -0.244814 0.480822 0.176125
v -0.244814 0.480822 0.176125
v 0.213112 0.480822 0.119765
v 0.213112 0.480822 0.119765
v 0.301174 0.487867 0.288845
v 0.301174 0.487867 0.288845
v 0.301174 0.487867 0.288845
v 0.304697 0.491389 0.253620
v 0.304697 0.491389 0.253620
v 0.304697 0.491389 0.253620
v 0.304697 0.491389 0.253620
v 0.220157 0.491389 0.176125
v 0.220157 0.491389 0.176125
v -0.121526 0.491389 0.165558
v -0.121526 0.491389 0.165558
v -0.121526 0.491389 0.165558
v 0.107436 0.491389 0.165558
v 0.107436 0.491389 0.165558
v -0.121526 0.491389 0.116243
v -0.121526 0.491389 0.116243
v -0.121526 0.491389 0.116243
v 0.107436 0.491389 0.116243
v 0.107436 0.491389 0.116243
v 0.287084 0.491389 0.095108
v 0.287084 0.491389 0.095108
v 0.287084 0.491389 0.095108
v 0.308219 0.491389 0.070450
v 0.308219 0.491389 0.070450
v 0.308219 0.491389 0.070450
v 0.308219 0.491389 0.000000
v 0.308219 0.491389 0.000000
v 0.308219 0.494912 0.271233
v 0.308219 0.494912 0.271233
v 0.308219 0.494912 0.271233
v -0.255382 0.498435 0.193738
v -0.255382 0.498435 0.193738
v -0.008806 0.505480 0.165558
v -0.008806 0.505480 0.165558
v -0.008806 0.505480 0.116243
v -0.008806 0.505480 0.116243
v 0.297652 0.505479 0.070450
v 0.297652 0.505479 0.070450
v 0.297652 0.505479 0.070450
v 0.297652 0.505479 0.000000
v -0.125049 0.509002 0.331115
v -0.262427 0.509002 0.288845
v 0.227202 0.509002 0.193738
v 0.227202 0.509002 0.193738
v -0.262427 0.509002 0.095108
v 0.110959 0.512525 0.331115
v -0.128571 0.512525 0.119765
v -0.128571 0.512525 0.119765
v -0.265949 0.516047 0.271233
v -0.265949 0.516047 0.271233
v -0.265949 0.516047 0.271233
v -0.265949 0.516047 0.253620
v -0.265949 0.516047 0.253620
v 0.110959 0.516047 0.119765
v 0.110959 0.516047 0.119765
v 0.234247 0.519569 0.288845
v 0.234247 0.519569 0.288845
v 0.234247 0.519569 0.095108
v 0.234247 0.519569 0.095108
v -0.128571 0.523092 0.176125
v -0.128571 0.523092 0.176125
v -0.008806 0.526615 0.331115
v 0.237769 0.526614 0.271233
v 0.234247 0.526614 0.253620
v 0.114481 0.526615 0.176125
v 0.114481 0.526615 0.176125
v -0.008806 0.526615 0.119765
v -0.008806 0.526615 0.119765
v -0.269472 0.526615 0.070450
v -0.269472 0.526615 0.070450
v -0.269472 0.526615 0.000000
v 0.241292 0.537182 0.070450
v 0.241292 0.537182 0.070450
v 0.241292 0.537182 0.000000
v -0.008806 0.540705 0.176125
v -0.008806 0.540705 0.176125
v -0.135616 0.544227 0.193738
v 0.118004 0.544227 0.193738
v 0.118004 0.544227 0.193738
v -0.139139 0.554795 0.288845
v -0.139139 0.554795 0.095108
v 0.121527 0.558317 0.288845
v 0.121527 0.558317 0.288845
v -0.008806 0.558317 0.193738
v 0.121527 0.558317 0.095108
v -0.139139 0.561840 0.253620
v -0.139139 0.561840 0.253620
v -0.139139 0.561840 0.253620
v -0.139139 0.561840 0.253620
v -0.139139 0.565362 0.271233
v -0.139139 0.565362 0.271233
v 0.121527 0.565362 0.271233
v 0.121527 0.565362 0.271233
v 0.121527 0.565362 0.253620
v 0.121527 0.565362 0.253620
v -0.008806 0.572407 0.288845
v -0.008806 0.572407 0.095108
v -0.142661 0.575930 0.070450
v -0.142661 0.575930 0.070450
v -0.142661 0.575930 0.070450
v -0.142661 0.575930 0.000000
v -0.142661 0.575930 0.000000
v -0.008806 0.579452 0.271233
v -0.008806 0.579452 0.271233
v -0.008806 0.579452 0.271233
v -0.008806 0.579452 0.253620
v -0.008806 0.579452 0.253620
v 0.125049 0.579452 0.070450
v 0.125049 0.579452 0.070450
v 0.125049 0.579452 0.000000
v -0.008806 0.593542 0.070450
v -0.008806 0.593542 0.070450
v -0.008806 0.593542 0.000000
vn 0.975324 -0.154694 0.157523
vn 0.848411 -0.374299 0.374299
vn 0.630470 -0.093403 0.770574
vn -0.988118 -0.139132 0.065307
vn -0.235906 0.027754 0.971379
vn -1.000000 0.000000 0.000000
vn 0.991928 0.117402 0.047919
vn 0.241373 -0.027325 0.970048
vn 0.996727 0.057160 -0.057160
vn 0.953050 0.143857 -0.266462
vn -0.954547 0.296239 0.032915
vn -0.960617 0.177892 0.213470
vn -0.989533 -0.129070 -0.064535
vn -0.902775 0.393517 0.173611
vn -0.884492 0.091499 0.457496
vn -0.300105 0.000000 -0.953906
vn -0.595916 0.039978 -0.802051
vn -0.687995 -0.013211 -0.725596
vn 0.801258 0.003514 -0.598308
vn 0.886858 0.008062 -0.461972
vn 0.869896 0.069591 0.488301
vn 0.907888 -0.116396 0.402730
vn -0.674056 -0.004821 0.738665
vn -0.580800 0.002309 0.814043
vn 0.420907 -0.263067 0.868121
vn 0.852266 -0.269137 0.448561
vn 0.554763 -0.629443 0.544095
vn 0.772487 -0.096561 0.627646
vn -0.692143 0.157857 -0.704286
vn -0.961242 -0.089418 0.260802
vn 0.695022 -0.431393 -0.575191
vn 0.929491 0.221307 0.295076
vn 0.946486 -0.166050 0.276750
vn 0.960721 0.120090 0.250188
vn 0.606587 0.101098 -0.788563
vn -0.990932 -0.123097 0.053855
vn -0.974804 -0.081758 -0.207539
vn 0.659288 0.050015 0.750225
vn 0.552413 0.016740 -0.833402
vn -0.000000 0.000000 -1.000000
vn -0.215879 -0.033043 -0.975861
vn 0.206952 0.008063 -0.978318
vn 0.300286 -0.000000 -0.953849
vn 0.596463 -0.040524 -0.801617
vn 0.689124 0.013533 -0.724517
vn -0.787079 0.005133 -0.616831
vn -0.886197 -0.008056 -0.463239
vn -0.943191 -0.005421 -0.332208
vn -0.976266 -0.112090 -0.185310
vn -0.982979 0.155207 -0.098298
vn 0.997330 0.072975 -0.002630
vn 0.762112 0.060167 0.644644
vn -0.977633 -0.186216 -0.097763
vn -0.987763 0.155963 -0.000000
vn -0.978445 -0.186370 0.088950
vn 0.755021 0.060402 0.652913
vn 0.097015 0.006848 0.995259
vn -0.632528 -0.012164 0.774442
vn 0.099502 0.005378 0.995023
vn -0.983805 0.155338 0.089437
vn -0.977193 -0.114964 0.178542
vn -0.943191 -0.005421 0.332208
vn -0.897548 -0.016319 0.440615
vn -0.787079 0.005133 0.616831
vn 0.802427 0.003386 0.596741
vn 0.688404 0.012932 0.725212
vn 0.581893 -0.002314 0.813262
vn -0.364267 -0.026983 0.930904
vn -0.546470 0.034154 0.836782
vn 0.546726 -0.033135 0.836656
vn 0.364267 0.026983 0.930904
vn -0.322286 -0.010135 0.946588
vn 0.314981 -0.004145 0.949089
vn 0.000000 0.000000 1.000000
vn -0.176787 0.033998 0.983662
vn 0.167598 -0.043451 0.984897
vn -0.971926 -0.122856 0.200665
vn -0.239549 -0.012608 -0.970802
vn -0.525786 0.233682 -0.817889
vn -0.990209 -0.106094 -0.090718
vn -0.947033 -0.033425 0.319392
vn -0.990997 0.106178 -0.081557
vn -0.893038 0.000000 0.449980
vn -0.681630 0.013221 0.731577
vn -0.626889 0.026395 0.778662
vn -0.340365 0.040844 0.939406
vn 0.903717 -0.314003 -0.291028
vn 0.954631 0.136376 -0.264730
vn 0.972489 -0.232849 -0.006848
vn 0.768654 -0.080441 0.634587
vn 0.727268 -0.036980 -0.685357
vn 0.140804 -0.004400 -0.990028
vn 0.704745 0.011553 -0.709366
vn 0.972306 0.129641 -0.194461
vn 0.995495 0.094809 0.000000
vn 0.970143 -0.145521 -0.194029
vn 0.972306 0.129641 -0.194461
vn 0.970143 -0.145521 -0.194029
vn 0.603851 -0.004831 0.797083
vn 0.598553 -0.019150 -0.800854
vn 0.887907 0.007117 -0.459968
vn 0.893912 0.033946 0.446956
vn 0.892553 -0.033895 -0.449666
vn 0.889297 -0.034204 0.456049
vn 0.529209 0.013230 -0.848388
vn -0.944140 -0.051055 0.325566
vn -0.996687 0.066446 0.046903
vn 0.926941 -0.357259 0.114661
vn 0.761266 -0.208734 -0.613925
vn 0.917360 -0.387143 -0.092578
vn -0.437853 -0.023045 -0.898751
vn -0.696899 0.010100 -0.717099
vn -0.943156 -0.046098 0.329137
vn 0.929491 0.221307 0.295076
vn 0.938389 -0.177800 0.296333
vn 0.539526 -0.809290 0.232296
vn 0.195101 -0.002637 0.980780
vn -0.523668 -0.034004 0.851244
vn 0.000000 0.000000 -1.000000
vn 0.194567 0.010661 0.980831
vn 0.000000 0.000000 -1.000000
vn -0.655618 0.011866 0.754999
vn -0.989848 -0.123731 -0.069935
vn -0.852714 -0.051368 0.519847
vn -0.990997 0.106178 -0.081557
vn -0.611850 -0.007023 0.790943
vn -0.773072 0.001607 0.634316
vn -0.990992 -0.133918 0.000000
vn -0.971311 -0.102243 -0.214711
vn -0.902544 -0.040292 0.428708
vn -0.994207 0.107482 0.000000
vn -0.990992 -0.133918 0.000000
vn -0.947092 -0.043050 -0.318061
vn -0.994207 0.107482 0.000000
vn -0.888434 0.015998 -0.458726
vn -0.285304 0.008310 -0.958401
vn -0.704304 0.019933 -0.709619
vn -0.292683 -0.014634 -0.956098
vn -0.992734 0.120331 0.000000
vn -0.992278 -0.124035 0.000000
vn -0.483606 -0.006811 0.875259
vn 0.162288 0.008114 0.986710
vn -0.992734 0.120331 0.000000
vn 0.154996 -0.004697 0.987904
vn -0.992278 -0.124035 0.000000
vn -0.622230 0.006691 0.782806
vn -0.954195 -0.099920 0.282006
vn -0.994505 0.104685 0.000000
vn -0.991454 -0.130455 0.000000
vn -0.994505 0.104685 0.000000
vn 0.807112 -0.569726 0.154866
vn 0.813733 -0.464991 0.348743
vn 0.476842 -0.715263 0.510902
vn 0.594737 -0.132164 0.792982
vn 0.355265 -0.245953 0.901828
vn 0.998343 -0.013179 0.056013
vn 0.898297 -0.424921 0.111821
vn 0.370500 0.026464 -0.928455
vn 0.540945 0.112271 -0.833531
vn 0.440850 -0.015745 -0.897443
vn 0.998938 0.036106 -0.028625
vn 0.553488 -0.010250 -0.832794
vn -0.997817 -0.026968 0.060281
vn 0.000000 0.000000 1.000000
vn -0.833827 0.018808 -0.551706
vn -0.168835 0.004563 0.985634
vn -0.969026 -0.136989 0.205483
vn 0.295935 -0.184960 0.937130
vn 0.977325 0.065944 0.201214
vn 0.508979 -0.619627 0.597497
vn 0.000000 0.000000 -1.000000
vn -0.694257 -0.057855 -0.717398
vn 0.671973 -0.479981 -0.563977
vn 0.316228 0.000000 -0.948683
vn 0.945735 -0.133740 -0.296139
vn 0.659092 0.050699 -0.750351
vn 0.872717 -0.477200 -0.103178
vn -0.138104 -0.019099 -0.990234
vn 0.000000 0.000000 1.000000
vn -0.735786 0.006511 0.677183
vn -0.986242 -0.101647 0.130365
vn -0.909140 -0.090349 -0.406573
vn -0.939682 0.328889 -0.093968
vn 0.671973 -0.479981 -0.563977
vn 0.929491 0.221307 0.295076
vn 0.414563 -0.888350 0.197411
vn -0.971766 -0.084215 0.220407
vn 1.000000 0.000000 0.000000
vn 0.387694 -0.775388 0.498464
vn 0.240337 -0.360505 0.901263
vn -0.785454 -0.054799 0.616490
vn 0.867218 -0.486543 0.105868
vn 0.675352 -0.202606 -0.709120
vn 0.991750 -0.049743 0.118140
vn -0.234912 0.076346 0.969014
vn -0.822676 -0.070515 0.564121
vn -0.666563 -0.063482 -0.742741
vn -0.959413 -0.139914 0.244850
vn 0.278354 0.955681 -0.095877
vn 0.942923 -0.319799 0.092871
vn 0.959249 -0.279567 0.041037
vn -0.987135 0.137102 0.082261
vn -0.960617 0.177892 0.213470
vn -0.979869 -0.127809 -0.153371
vn -0.964497 -0.168496 0.203358
vn 0.923609 -0.382259 -0.028725
vn -0.319872 -0.108462 -0.941232
vn 0.293757 -0.129152 0.947115
vn 0.951892 -0.136263 0.274472
vn 0.601866 -0.742390 0.294304
vn 0.908583 -0.078158 -0.410328
vn 0.646904 -0.527107 -0.551066
vn 0.945735 -0.133740 -0.296139
vn 0.938857 -0.122200 0.321894
vn 0.531030 -0.822174 0.205031
vn 0.874379 -0.459478 0.156017
vn 0.338636 -0.928115 0.154686
vn -0.192598 -0.101195 -0.976046
vn 0.204157 -0.068872 -0.976512
vn 0.327172 -0.106397 -0.938956
vn -0.318139 -0.104427 0.942275
vn -0.163098 -0.108732 0.980600
vn 0.831037 -0.551062 0.075549
vn 0.315789 -0.947369 0.052632
vn 0.278354 0.955681 -0.095877
vn 0.948987 -0.273137 0.157543
vn 0.314536 -0.943610 0.103281
vn 0.096659 -0.152619 0.983547
vn 0.962379 -0.209550 0.172962
vn 0.403631 -0.192642 -0.894411
vn 0.570782 -0.142695 -0.808608
vn -0.336472 -0.134589 0.932026
vn -0.525482 -0.143313 0.838648
vn 0.527046 -0.105409 0.843274
vn 0.404599 -0.170566 0.898447
vn -0.033772 -0.175612 0.983880
vn -0.021029 -0.226463 -0.973793
vn 0.069205 -0.205143 -0.976282
vn -0.410152 -0.205076 -0.888662
vn -0.603473 -0.147148 -0.783689
vn 0.498273 -0.249137 -0.830455
vn 0.559629 -0.181835 -0.808549
vn 0.251540 -0.181194 0.950735
vn -0.276372 -0.230603 -0.932974
vn 0.287024 -0.203125 -0.936140
vn -0.561908 -0.177384 0.807957
vn 0.560556 -0.168313 0.810831
vn 0.481543 -0.240772 0.842701
vn -0.276157 -0.197999 0.940497
vn 0.649728 -0.205405 -0.731890
vn -0.645488 -0.200390 -0.737013
vn 0.985981 0.155681 0.060034
vn 0.000000 0.000000 1.000000
vn 0.631892 0.095741 0.769121
vn 0.978504 0.191863 0.075617
vn -0.640055 -0.208525 0.739491
vn 0.645927 -0.201852 0.736230
vn -0.674738 -0.160107 -0.720482
vn -0.129294 -0.026522 -0.991252
vn 0.762455 -0.202563 -0.614516
vn 0.789135 -0.345247 -0.508006
vn -0.161056 0.916008 0.367410
vn -0.624576 0.019518 0.780720
vn -0.992388 0.117244 0.037686
vn 0.181337 -0.288707 0.940088
vn -0.974381 -0.166859 0.150797
vn -0.919625 -0.192390 0.342455
vn -0.953313 -0.280386 -0.112155
vn 0.000000 0.000000 1.000000
vn -0.664534 -0.181237 0.724946
vn -0.957826 -0.287348 0.000000
vn -0.753897 -0.112406 -0.647305
vn -0.989949 -0.141421 0.000000
vn -0.957826 -0.287348 0.000000
vn -0.882740 -0.175118 0.436009
vn -0.535124 -0.131723 -0.834441
vn -0.786212 -0.141776 0.601474
vn 0.129439 -0.306426 -0.943053
vn -0.580034 -0.183169 -0.793731
vn -0.311194 -0.215442 -0.925604
vn -0.371665 -0.486023 -0.790979
vn -0.270393 -0.396577 -0.877276
vn -0.755970 -0.248053 -0.605788
vn 0.877075 -0.099292 -0.469980
vn 0.838430 -0.361676 -0.407707
vn 0.907321 -0.122611 -0.402164
vn 0.901256 -0.318804 -0.293432
vn 0.631763 0.092906 0.769574
vn -0.097384 -0.014608 0.995140
vn 0.113471 0.903400 0.413513
vn -0.600000 0.000000 0.800000
vn 0.095484 0.004774 0.995420
vn -0.757608 -0.258615 0.599290
vn 0.762186 -0.153004 0.629016
vn 0.767306 -0.358076 0.531999
vn -0.164637 -0.299677 0.939728
vn -0.976518 -0.169468 0.133016
vn -0.909415 -0.229090 -0.347105
vn -0.215372 -0.119651 0.969174
vn -0.970166 -0.098271 0.221633
vn -0.160738 -0.077934 0.983915
vn -0.782052 -0.121163 0.611322
vn -0.652078 -0.068640 -0.755038
vn -0.954857 -0.100511 0.279547
vn -0.719192 -0.091165 0.688804
vn -0.240682 -0.077018 0.967543
vn -0.144597 -0.321327 -0.935864
vn 0.960149 -0.220034 -0.172334
vn 0.950309 -0.311308 0.000000
vn 0.961428 -0.221926 0.162495
vn 0.910719 -0.257923 0.322594
vn 0.853627 -0.094848 0.512176
vn 0.868169 -0.301972 0.393822
vn 0.360870 -0.272355 0.891962
vn -0.857684 -0.172255 -0.484466
vn -0.994377 -0.104671 0.016103
vn -0.961694 -0.210590 -0.175491
vn -0.922774 -0.384489 0.025632
vn 0.946549 -0.312808 -0.078710
vn 0.786938 -0.062955 0.613812
vn 0.131003 -0.030232 -0.990921
vn -0.838639 -0.289711 -0.461251
vn -0.996753 0.058633 0.055184
vn -0.951145 0.304893 0.048621
vn 0.000000 0.000000 1.000000
vn -0.842045 -0.288268 0.455918
vn -0.292457 -0.313347 0.903484
vn -0.472309 -0.259770 0.842285
vn -0.548823 -0.329292 -0.768349
vn -0.966592 -0.132687 0.219303
vn 0.000000 -0.114624 -0.993409
vn -0.203807 -0.075087 -0.976127
vn -0.710552 -0.232968 -0.663959
vn 0.000000 0.000000 -1.000000
vn -0.667588 -0.081874 -0.740015
vn 0.714153 -0.191291 -0.673345
vn 0.136687 -0.033248 -0.990056
vn 0.120653 -0.303643 -0.945116
vn -0.898047 -0.267411 -0.349289
vn -0.858681 -0.472274 -0.199058
vn -0.898047 -0.267411 0.349289
vn -0.858681 -0.472274 0.199058
vn 0.108485 -0.320410 0.941046
vn -0.682318 -0.584844 0.438633
vn -0.948826 -0.139880 0.283131
vn -0.953668 -0.264711 0.142991
vn -0.730752 -0.668254 0.139420
vn -0.991736 -0.120943 0.042795
vn -0.228378 -0.154022 0.961312
vn -0.915210 -0.397917 0.063667
vn 0.737255 -0.139824 -0.660987
vn 0.961642 -0.195588 -0.192328
vn 0.955993 -0.263722 -0.128565
vn 0.671833 -0.200371 0.713086
vn 0.636389 -0.129435 0.760431
vn 0.541530 -0.124490 -0.831413
vn -0.021323 -0.345429 -0.938203
vn -0.583175 -0.107173 -0.805246
vn -0.883117 -0.189239 -0.429293
vn -0.971578 -0.185062 -0.147609
vn -0.864243 -0.475334 -0.164746
vn -0.977633 -0.186216 -0.097763
vn -0.978445 -0.186370 0.088950
vn -0.882045 -0.469231 -0.042657
vn -0.972520 -0.185242 0.141036
vn -0.868761 -0.471919 0.150156
vn -0.058544 -0.315235 0.947206
vn 0.908583 -0.078158 -0.410328
vn 0.798188 -0.319276 -0.510841
vn -0.304534 0.053427 0.951002
vn 0.316228 0.000000 -0.948683
vn 0.945735 -0.133740 -0.296139
vn -0.841794 -0.538748 0.033672
vn -0.987138 -0.140762 -0.075795
vn -0.968183 -0.212205 0.132628
vn -0.592232 -0.727951 0.345468
vn -0.791633 -0.321601 0.519509
vn 0.336076 -0.271662 -0.901805
vn 0.344766 -0.466448 -0.814594
vn 0.498273 -0.249137 -0.830455
vn 0.534522 -0.267261 -0.801784
vn 0.454977 -0.423348 -0.783436
vn -0.890984 -0.184921 0.414672
vn -0.902833 -0.150472 -0.402803
vn -0.745623 -0.093203 0.659817
vn -0.095803 -0.014903 0.995289
vn -0.961067 -0.238878 0.138882
vn -0.855971 -0.260513 -0.446594
vn -0.747378 -0.660182 -0.074738
vn -0.606853 -0.496516 0.620646
vn -0.272268 -0.233373 0.933492
vn -0.682318 -0.584844 0.438633
vn -0.654892 -0.280668 0.701670
vn 0.278354 0.955681 -0.095877
vn 0.941019 -0.267153 0.207637
vn -0.296189 0.064389 0.952956
vn 0.522213 -0.116966 0.844756
vn -0.802369 -0.382080 0.458496
vn -0.359967 -0.378913 0.852554
vn -0.645719 -0.712189 0.275380
vn -0.826806 -0.557006 -0.078329
vn -0.971535 -0.155446 -0.178762
vn -0.965281 -0.260886 0.013045
vn -0.953313 -0.280386 -0.112155
vn -0.422693 -0.785000 0.452885
vn -0.487713 -0.418040 0.766406
vn -0.402146 -0.139877 -0.904828
vn -0.871346 -0.186113 0.454002
vn -0.484555 -0.089000 -0.870221
vn 0.270874 0.868282 0.415588
vn 0.689246 0.654783 0.310161
vn 0.764345 0.062395 0.641782
vn 0.092713 0.008062 0.995660
vn 0.551249 -0.275625 0.787499
vn 0.449977 -0.449977 0.771389
vn 0.449232 -0.293729 0.843750
vn -0.804295 -0.371212 0.464016
vn -0.682318 -0.584844 0.438633
vn -0.830330 -0.505981 0.233530
vn -0.956796 -0.132479 0.258826
vn -0.942319 0.015200 0.334371
vn -0.830330 -0.505981 0.233530
vn -0.667643 -0.248226 -0.701881
vn -0.950495 -0.158416 0.267327
vn -0.973708 -0.224700 0.037450
vn -0.921029 -0.387506 0.039312
vn -0.770146 -0.611586 -0.181211
vn -0.957170 -0.153061 -0.245760
vn -0.580034 -0.183169 -0.793731
vn -0.410152 -0.205076 -0.888662
vn -0.527711 -0.346781 -0.775412
vn -0.364965 -0.405516 -0.838068
vn -0.964764 -0.263117 0.000000
vn -0.973337 -0.078389 -0.215571
vn -0.964764 -0.263117 0.000000
vn -0.997268 -0.073872 0.000000
vn -0.727284 -0.126484 0.674582
vn -0.974794 -0.221544 -0.026346
vn -0.342505 -0.411006 0.844846
vn -0.516427 -0.334658 0.788230
vn 0.240772 -0.481543 0.842701
vn 0.250543 -0.313179 0.916050
vn -0.424264 -0.565685 0.707107
vn -0.352865 -0.132324 0.926270
vn -0.228086 -0.760286 0.608229
vn -0.957071 -0.158796 0.242486
vn 0.908583 -0.078158 -0.410328
vn 0.798188 -0.319276 -0.510841
vn 0.732798 -0.244266 -0.635092
vn 0.921933 -0.202263 0.330348
vn 0.819279 -0.283477 0.498421
vn 0.431042 -0.143681 0.890819
vn 0.606893 -0.143551 0.781712
vn -0.278005 -0.834016 0.476581
vn -0.285133 -0.370673 0.883912
vn -0.487378 -0.758142 0.433225
vn -0.646682 -0.759737 0.067834
vn -0.126047 0.913839 0.386018
vn -0.945745 0.321130 0.049405
vn -0.592349 0.236940 0.770053
vn -0.248431 -0.385798 0.888505
vn -0.928024 -0.346837 0.135923
vn -0.700885 -0.703848 0.115579
vn -0.817418 -0.351680 -0.456233
vn -0.701428 -0.701427 -0.126487
vn -0.558896 -0.652044 -0.512322
vn -0.672014 -0.311117 -0.672014
vn 0.186545 0.058628 0.980695
vn -0.529814 -0.662265 -0.529813
vn 0.000000 0.000000 -1.000000
vn -0.702247 -0.117041 -0.702247
vn -0.885801 -0.362373 -0.289900
vn 0.980944 -0.193785 -0.014021
vn 0.845510 -0.122983 0.519604
vn 0.973176 -0.220597 0.065303
vn 0.812973 -0.137128 0.565925
vn 0.920642 -0.227172 0.317509
vn -0.700449 -0.702219 0.127515
vn -0.278005 -0.834016 0.476581
vn -0.138343 -0.415029 0.899229
vn -0.989882 -0.135306 0.042728
vn -0.917171 -0.393073 0.065512
vn -0.656133 -0.749865 -0.084806
vn 0.609224 -0.138747 -0.780766
vn 0.399258 -0.090457 -0.912366
vn 0.875041 -0.105005 0.472521
vn 0.239843 -0.228048 0.943647
vn 0.545927 -0.065511 -0.835268
vn 0.820078 -0.275158 0.501757
vn 0.612741 0.727271 0.309234
vn 0.998860 0.007165 -0.047204
vn 0.770329 0.059256 0.634887
vn -0.548823 -0.329292 -0.768349
vn 0.000000 -0.393919 -0.919145
vn -0.569803 -0.455842 -0.683764
vn -0.541275 -0.787308 -0.295241
vn 0.189455 0.041524 0.981011
vn -0.527521 -0.139955 0.837934
vn -0.265085 0.959356 -0.096777
vn -0.814945 -0.566930 0.120233
vn -0.700518 -0.548230 -0.456858
vn -0.989882 -0.135306 0.042728
vn -0.932193 -0.361462 -0.019025
vn -0.965281 -0.260886 0.013045
vn -0.742584 -0.660074 0.113450
vn 0.867323 -0.118619 -0.483405
vn 0.851329 -0.291551 -0.436161
vn 0.600492 -0.283251 -0.747782
vn 0.513828 -0.481461 -0.710054
vn 0.220760 0.881441 0.417525
vn 0.189248 -0.070968 0.979361
vn -0.585877 0.226791 0.778019
vn 0.592588 -0.296294 0.749032
vn 0.505446 -0.489009 0.710912
vn -0.548823 -0.329292 -0.768349
vn -0.953198 -0.177022 0.245108
vn -0.541276 -0.787308 -0.295240
vn -0.942319 0.015200 0.334371
vn -0.606853 -0.496516 0.620646
vn -0.244847 -0.964397 0.099938
vn -0.228086 -0.760286 0.608229
vn -0.830330 -0.505981 0.233530
vn -0.942319 0.015200 0.334371
vn -0.362177 -0.931942 0.017667
vn -0.643451 -0.555707 -0.526460
vn 0.615810 -0.115159 0.779433
vn 0.807521 -0.290708 0.513224
vn -0.788949 -0.609590 -0.077192
vn 0.882879 -0.101871 0.458418
vn 0.886108 -0.098457 -0.452900
vn 0.930396 -0.327172 -0.165291
vn -0.674215 -0.734311 0.078878
vn -0.178174 -0.979958 0.089087
vn -0.228086 -0.760286 0.608229
vn -0.906658 -0.323759 0.270465
vn -0.618284 -0.153203 0.770879
vn -0.989848 -0.123731 -0.069935
vn -0.931876 -0.358414 -0.056100
vn -0.906814 -0.260709 0.331239
vn -0.278005 -0.834016 0.476581
vn -0.571763 -0.810165 0.129303
vn -0.545713 -0.411695 -0.729867
vn 0.618689 0.128004 0.775138
vn 0.970459 0.207955 0.122327
vn -0.171052 0.946488 0.273683
vn 0.883960 0.465242 0.046524
vn -0.540821 -0.402318 0.738683
vn -0.177220 -0.428280 0.886098
vn 0.143857 -0.511493 0.847160
vn 0.142886 -0.350721 0.925515
vn -0.282423 -0.958385 0.041669
vn -0.898305 -0.308135 0.313211
vn -0.867502 -0.330477 -0.371787
vn -0.988754 -0.141250 -0.049131
vn -0.926627 -0.374215 -0.036414
vn -0.829123 -0.259101 0.495401
vn -0.865016 -0.207189 0.456968
vn 0.280029 -0.049588 -0.958710
vn 0.978036 -0.208434 0.000000
vn -0.137264 0.029253 0.990102
vn 0.978036 -0.208434 0.000000
vn -0.265085 0.959356 -0.096777
vn -0.278005 -0.834016 0.476581
vn -0.938371 -0.306956 0.158863
vn -0.358057 -0.930949 0.071611
vn -0.995734 -0.080114 0.045781
vn -0.198583 -0.324004 -0.924979
vn -0.371665 -0.486023 -0.790979
vn -0.052948 -0.555957 -0.829523
vn 0.113337 -0.351344 -0.929361
vn 0.221773 -0.512850 -0.829338
vn 0.705011 -0.344584 -0.619856
vn 0.626509 -0.549452 -0.552802
vn 0.398356 -0.095605 -0.912235
vn 0.963976 -0.254888 -0.076037
vn -0.568059 -0.819556 0.075074
vn -0.652768 -0.130782 0.746184
vn 0.604870 -0.141889 0.783581
vn 0.495217 -0.043696 0.867670
vn 0.064788 -0.036085 0.997246
vn -0.036645 -0.354232 -0.934439
vn 0.038533 -0.558726 -0.828456
vn 0.339134 -0.497539 -0.798401
vn 0.666667 -0.333333 0.666667
vn 0.599657 -0.568461 0.563262
vn 0.742781 -0.371391 0.557086
vn 0.328758 -0.516619 0.790584
vn 0.386494 -0.386494 0.837404
vn 0.027618 -0.552362 0.833147
vn -0.023450 -0.410374 0.911616
vn -0.927519 -0.328083 0.179079
vn -0.447214 -0.894427 0.000000
vn 0.276827 -0.068463 -0.958478
vn 0.672797 -0.168199 -0.720453
vn -0.447214 -0.894427 0.000000
vn 0.580590 -0.809373 -0.088491
vn 0.944559 -0.306194 0.118548
vn 0.725544 -0.677121 0.122858
vn 0.614940 0.122988 0.778924
vn -0.502105 0.817477 0.282175
vn -0.171052 0.946488 0.273683
vn -0.099484 -0.019897 0.994840
vn 0.267363 0.870838 0.412502
vn 0.612741 0.727271 0.309234
vn 0.191129 -0.076452 0.978583
vn 0.641189 -0.269974 0.718325
vn 0.692245 -0.122161 -0.711248
vn 0.916691 -0.231488 -0.325717
vn -0.428353 -0.471188 -0.771035
vn -0.275890 -0.451456 -0.848571
vn -0.655287 -0.456715 -0.601673
vn -0.574856 -0.619075 -0.535058
vn 0.742781 -0.371391 -0.557086
vn 0.657581 -0.596411 -0.460307
vn 0.821908 -0.359585 -0.441776
vn 0.966608 0.241651 0.085289
vn 0.000000 0.000000 1.000000
vn 0.866127 0.497541 0.047723
vn -0.284356 -0.568711 0.771822
vn -0.275913 -0.435653 0.856784
vn -0.428353 -0.471188 0.771035
vn 0.653500 -0.142065 0.743475
vn 0.905545 -0.195442 0.376551
vn 0.962553 -0.229446 0.144383
vn 0.949060 -0.171364 -0.264425
vn -0.286049 -0.084309 -0.954499
vn -0.932568 -0.360994 0.000000
vn -0.992278 -0.124035 0.000000
vn 0.151333 0.037540 0.987770
vn -0.932568 -0.360994 0.000000
vn -0.992278 -0.124035 0.000000
vn 0.619486 -0.121749 0.775509
vn 0.466575 -0.160624 0.869775
vn -0.965281 -0.260886 0.013045
vn -0.953313 -0.280386 -0.112155
vn -0.835170 -0.536895 -0.119310
vn -0.140521 -0.062454 -0.988106
vn 0.000000 0.000000 1.000000
vn 0.530879 0.790670 0.304973
vn 0.939615 -0.329999 -0.090687
vn 0.650173 -0.283409 0.704950
vn 0.615457 -0.615458 0.492366
vn 0.784907 -0.437489 0.438776
vn -0.569469 -0.664380 0.484049
vn -0.653503 -0.448674 0.609611
vn -0.583414 -0.164170 0.795410
vn 0.744175 -0.137810 0.653614
vn 0.983580 -0.180473 0.000000
vn 0.965616 -0.259974 0.000000
vn 0.580590 -0.809373 -0.088491
vn 0.914384 -0.400043 -0.062192
vn 0.042620 -0.018646 -0.998917
vn -0.616808 -0.308404 -0.724178
vn -0.138653 -0.047597 -0.989197
vn 0.559072 0.338832 0.756724
vn -0.171052 0.946488 0.273683
vn 0.867840 0.494146 0.051706
vn -0.472504 -0.135669 0.870824
vn 0.152300 0.036921 0.987644
vn 0.695938 -0.603146 -0.389725
vn 0.820518 -0.493788 -0.287966
vn 0.801125 -0.523329 0.290388
vn -0.291113 -0.061751 -0.954694
vn -0.638491 -0.158458 -0.753140
vn -0.651584 0.473879 0.592349
vn -0.569803 0.455842 0.683763
vn 0.751451 0.584461 -0.306147
vn 0.172032 -0.141674 -0.974850
vn 0.000000 0.000000 1.000000
vn -0.017571 0.059743 -0.998059
vn -0.927288 -0.374349 0.000000
vn -0.637160 -0.257099 -0.726586
vn -0.897016 -0.440639 -0.034622
vn -0.679109 -0.278609 0.679109
vn -0.493885 -0.246942 -0.833725
vn -0.694972 -0.287575 0.659025
vn 0.408533 -0.541211 -0.734977
vn -0.792893 -0.410605 -0.450250
vn -0.593878 -0.637332 -0.491036
vn 0.855740 -0.492070 -0.159923
vn 0.811534 -0.584305 0.000000
vn 0.855421 -0.496959 0.145903
vn -0.569469 -0.664380 0.484049
vn -0.575100 -0.616179 0.538130
vn -0.797416 -0.412947 0.440003
vn -0.628182 -0.673052 0.390370
vn 0.407521 -0.548846 0.729859
vn -0.890798 -0.217814 -0.398793
vn 0.778891 0.605803 -0.162269
vn -0.676527 0.492020 0.547931
vn 0.751451 0.584461 -0.306147
vn 0.617101 -0.287981 -0.732293
vn 0.517380 -0.352418 -0.779820
vn 0.128533 -0.042845 -0.990779
vn 0.421265 -0.229781 -0.877346
vn 0.540748 -0.305640 0.783693
vn -0.360704 -0.918156 -0.163957
vn 0.172501 -0.564222 -0.807401
vn 0.524188 0.339180 0.781143
vn -0.514031 0.814541 0.268878
vn -0.114985 -0.079851 0.990153
vn -0.171052 0.946488 0.273683
vn 0.184984 -0.546143 0.817012
vn -0.706062 -0.178825 0.685199
vn -0.990992 -0.133918 0.000000
vn -0.943666 -0.232685 -0.235270
vn -0.930063 -0.229330 -0.287038
vn -0.940554 -0.339644 0.000000
vn -0.591292 -0.123186 0.796993
vn 0.596771 -0.290831 0.747852
vn -0.357523 -0.918183 -0.170636
vn 0.511363 -0.198864 -0.836039
vn -0.371665 -0.486023 -0.790979
vn -0.252555 -0.505109 -0.825276
vn -0.049938 -0.599251 -0.799002
vn -0.187842 -0.587005 0.787490
vn -0.190693 -0.476731 0.858116
vn -0.943666 -0.232685 -0.235270
vn -0.821327 -0.202519 0.533300
vn -0.899720 -0.191404 0.392261
vn -0.932005 -0.362446 0.000000
vn -0.991454 -0.130455 0.000000
vn -0.932005 -0.362446 0.000000
vn 0.660416 -0.269558 -0.700849
vn 0.926174 -0.370470 -0.070389
vn 0.898567 -0.438835 0.000000
vn 0.607843 -0.274510 0.745098
vn -0.009043 -0.591675 -0.806126
vn -0.483962 -0.525341 -0.699855
vn -0.284356 -0.568711 -0.771822
vn -0.333334 -0.666667 -0.666667
vn -0.811448 -0.446296 -0.377323
vn -0.746028 -0.606825 -0.274238
vn -0.873834 0.483250 0.053694
vn 0.000000 0.000000 1.000000
vn -0.811448 -0.446296 0.377323
vn -0.746028 -0.606825 0.274238
vn -0.915018 0.400321 0.049857
vn -0.571974 0.252733 0.780367
vn -0.302003 -0.604005 0.737544
vn -0.468020 -0.523609 0.711893
vn 0.014107 -0.587350 0.809210
vn 0.644670 0.329831 0.689647
vn 0.955062 -0.183666 0.232643
vn 0.917495 0.229374 0.324946
vn 0.715179 -0.679120 0.165273
vn 0.734044 0.672874 0.091756
vn 0.757668 0.648227 -0.075767
vn -0.782867 0.604943 0.145479
vn 0.768222 0.640184 0.000000
vn -0.808736 0.588172 0.000000
vn 0.105877 -0.077001 0.991393
vn -0.774032 -0.613350 -0.157085
vn -0.754058 -0.636922 0.160395
vn -0.447214 -0.894427 0.000000
vn 0.739812 -0.653910 0.158364
vn 0.470016 -0.506171 0.723102
vn 0.798188 -0.319276 -0.510841
vn 0.732798 -0.244266 -0.635092
vn -0.215366 0.083613 0.972947
vn 0.593851 -0.415696 -0.688867
vn -0.814838 -0.579458 0.016346
vn -0.560557 0.777244 0.285775
vn -0.711258 -0.169347 0.682227
vn -0.096082 -0.021961 0.995131
vn -0.447214 -0.894427 0.000000
vn 0.944203 -0.256689 0.206375
vn 0.648398 -0.698274 0.303305
vn -0.902081 -0.225520 0.367954
vn 0.917495 0.229374 0.324946
vn 0.722958 -0.688562 0.056690
vn 0.580590 -0.809373 -0.088491
vn -0.040124 0.014044 -0.999096
vn 0.747290 -0.663925 -0.027589
vn 0.017571 -0.059743 0.998059
vn 0.042149 0.056199 -0.997530
vn 0.503465 -0.634661 -0.586283
vn 0.186576 -0.086719 0.978606
vn -0.552200 0.276100 0.786666
vn 0.492084 -0.639048 0.591161
vn -0.265085 0.959356 -0.096777
vn -0.821588 -0.547725 0.158083
vn -0.898977 -0.356502 0.254453
vn 0.733674 0.342381 0.586939
vn 0.966916 -0.187538 0.172925
vn 0.809556 0.578254 0.101195
vn 0.756078 -0.636455 0.152549
vn 0.911685 0.341881 -0.227921
vn 0.809556 0.578254 0.101195
vn 0.583856 0.706773 0.399480
vn -0.255405 0.204324 -0.944998
vn -0.064712 0.051769 0.996560
vn -0.803567 -0.507516 0.310978
vn -0.883311 -0.311320 0.350488
vn -0.170097 0.096598 0.980681
vn 0.412115 -0.187325 0.891667
vn 0.506235 -0.221965 0.833341
vn 0.529758 -0.235943 0.814670
vn 0.747381 -0.664338 0.008741
vn 0.732798 -0.244266 -0.635092
vn 0.904608 -0.280423 0.321010
vn 0.593851 -0.415696 -0.688867
vn 0.639833 -0.726946 0.249325
vn -0.546415 -0.229894 -0.805344
vn 0.238582 -0.638420 -0.731778
vn -0.398687 -0.190676 -0.897046
vn -0.750577 -0.358971 0.554774
vn -0.508340 -0.547443 -0.664753
vn -0.517457 -0.665302 -0.538156
vn -0.333334 -0.666667 -0.666667
vn -0.964764 -0.263117 0.000000
vn -0.382339 -0.193788 -0.903473
vn -0.883602 -0.466372 -0.041772
vn -0.477809 -0.130312 -0.868744
vn -0.974794 -0.221544 -0.026346
vn -0.771756 0.582403 0.255340
vn -0.939702 -0.341050 -0.025397
vn -0.702581 -0.159677 0.693457
vn -0.974794 -0.221544 -0.026346
vn -0.569469 -0.664380 0.484049
vn -0.333334 -0.666667 0.666667
vn -0.575100 -0.616179 0.538130
vn -0.484972 -0.565801 0.666837
vn -0.379049 -0.758098 0.530669
vn 0.238582 -0.638420 0.731778
vn 0.000000 0.000000 1.000000
vn 0.433225 0.758142 0.487377
vn -0.359112 0.281044 -0.889973
vn 0.669522 0.241467 0.702449
vn 0.950739 -0.259629 0.169377
vn -0.569803 0.455842 0.683763
vn 0.176069 -0.140855 -0.974248
vn -0.470129 -0.846233 -0.250736
vn 0.747381 -0.664338 0.008741
vn -0.902081 -0.225520 0.367954
vn 0.955062 -0.183666 0.232643
vn 0.917495 0.229374 0.324946
vn 0.423390 -0.885270 0.192450
vn 0.725477 0.652928 -0.217643
vn 0.677419 -0.580645 -0.451613
vn 0.751451 0.584461 -0.306147
vn 0.166572 -0.142776 -0.975638
vn 0.669711 0.717547 -0.191346
vn 0.813125 -0.556349 -0.171184
vn 0.666025 -0.541145 -0.513394
vn 0.768222 0.640184 0.000000
vn 0.857493 -0.514496 0.000000
vn 0.768222 0.640184 0.000000
vn 0.825013 -0.564482 0.026721
vn 0.107134 -0.080351 0.990992
vn 0.376400 -0.155752 -0.913271
vn -0.367177 -0.917942 -0.150209
vn -0.803595 -0.386519 -0.452590
vn -0.284356 -0.568711 -0.771822
vn -0.192390 -0.672752 -0.714416
vn 0.554183 -0.690929 -0.464218
vn 0.541341 -0.702280 0.462334
vn -0.211299 -0.656463 0.724161
vn 0.823842 0.506979 -0.253490
vn 0.583856 0.706773 0.399480
vn -0.117626 0.091896 -0.988797
vn 0.614742 0.788055 0.032589
vn -0.370673 0.285133 -0.883912
vn -0.762131 0.586255 -0.274702
vn 0.175913 0.092145 0.980084
vn -0.824220 -0.385522 -0.414769
vn 0.017571 -0.059743 0.998059
vn -0.077080 0.063065 -0.995028
vn 0.959391 -0.220268 0.176215
vn 0.920316 0.316358 -0.230079
vn 0.866449 0.487377 0.108306
vn -0.462573 0.792983 -0.396491
vn -0.184627 -0.962695 0.197814
vn 0.997304 0.061059 -0.040706
vn 0.341972 0.146560 -0.928211
vn 0.906468 0.188847 -0.377695
vn 0.539269 -0.835425 0.106086
vn 0.780247 -0.372247 0.502639
vn 0.412115 -0.187325 0.891667
vn 0.647630 0.211184 0.732104
vn -0.173016 0.151389 0.973215
vn 0.955062 -0.183666 0.232643
vn 0.510841 -0.446986 0.734333
vn 0.423390 -0.885270 0.192450
vn -0.680796 0.521184 0.514669
vn -0.569803 0.455842 0.683763
vn -0.478243 -0.860837 -0.173906
vn -0.675869 -0.734182 -0.064636
vn -0.074137 -0.087111 -0.993436
vn -0.018400 0.015333 -0.999713
vn 0.500991 -0.389659 -0.772770
vn 0.366161 -0.250061 -0.896323
vn 0.487713 -0.418040 0.766407
vn 0.562809 -0.306987 0.767467
vn 0.000000 0.000000 -1.000000
vn -0.360704 -0.918156 -0.163957
vn 0.604312 -0.415464 -0.679851
vn 0.540187 -0.196585 -0.818262
vn -0.764164 -0.335851 0.550688
vn -0.852366 -0.337395 -0.399546
vn 0.013336 -0.688338 -0.725268
vn 0.335068 -0.175911 -0.925627
vn 0.281605 -0.147843 0.948072
vn -0.581054 0.764707 0.278566
vn -0.109648 -0.080793 0.990681
vn -0.615568 -0.426162 0.662919
vn 0.013182 -0.687516 0.726050
vn -0.803567 -0.507516 0.310978
vn -0.897328 -0.314065 0.310106
vn -0.760954 -0.411664 -0.501481
vn -0.806607 -0.499329 0.316316
vn 0.923690 -0.374831 0.079365
vn 0.905955 -0.417437 0.070650
vn -0.128043 -0.896299 0.424563
vn -0.731144 -0.672634 0.113980
vn 0.372151 -0.314897 0.873123
vn -0.376220 -0.926078 0.028940
vn 0.735279 -0.591107 -0.331597
vn 0.700140 -0.592426 -0.398541
vn 0.333698 -0.174167 -0.926451
vn 0.000000 0.000000 1.000000
vn 0.825730 0.561496 0.053778
vn 0.037347 0.023342 0.999030
vn 0.548821 0.768349 0.329293
vn 0.174564 0.091342 0.980400
vn -0.473363 -0.246972 0.845537
vn 0.779275 -0.249368 0.574932
vn 0.825153 -0.394639 0.404206
vn 0.707107 -0.000000 0.707107
vn 0.510841 -0.446986 0.734333
vn 0.477818 -0.334473 0.812291
vn 0.833412 -0.526615 0.167631
vn -0.128142 -0.157713 -0.979135
vn 0.366844 0.524062 0.768625
vn -0.798228 0.598671 0.066519
vn -0.066503 -0.022168 0.997540
vn 0.066243 0.091083 -0.993638
vn 0.487713 -0.418040 0.766407
vn 0.464990 -0.348743 0.813733
vn 0.549738 -0.313291 0.774362
vn 0.538138 -0.403604 0.739940
vn 0.604312 -0.415464 -0.679851
vn 0.201802 -0.941742 -0.269069
vn 0.742013 -0.252600 -0.620975
vn 0.724843 -0.498330 0.475678
vn 0.867472 -0.289157 -0.404820
vn -0.577351 -0.577350 -0.577350
vn -0.341973 -0.928211 -0.146559
vn -0.191018 0.071632 -0.978969
vn 0.735279 -0.591107 -0.331597
vn -0.502303 -0.727974 -0.466632
vn 0.555887 -0.765258 -0.324606
vn 0.741448 -0.642588 -0.193226
vn 0.561570 0.391479 0.728961
vn 0.786488 0.615079 0.055808
vn 0.516156 -0.799304 0.307727
vn 0.728921 -0.631731 0.263800
vn 0.190177 -0.088131 0.977786
vn 0.648710 -0.297768 0.700364
vn -0.575100 -0.616179 0.538130
vn -0.485170 -0.749809 0.449885
vn -0.554700 -0.832050 -0.000000
vn 0.617549 -0.771583 0.152621
vn 0.764049 -0.640948 0.073585
vn -0.765736 0.626511 0.145367
vn -0.537834 -0.842494 -0.030636
vn -0.509050 -0.466629 -0.723275
vn -0.114502 -0.092576 -0.989100
vn -0.791193 0.611377 0.015215
vn 0.107134 -0.080351 0.990992
vn -0.552122 -0.833493 0.021235
vn 0.591169 -0.344848 -0.729108
vn 0.836048 -0.548656 0.000000
vn 0.501767 -0.381686 -0.776238
vn 0.576517 -0.336301 0.744668
vn 0.812855 -0.580611 -0.046449
vn 0.538138 -0.403604 0.739940
vn 0.302283 -0.215917 0.928442
vn -0.403604 -0.874474 0.269070
vn 0.145521 -0.970143 -0.194029
vn 0.808199 -0.521419 0.273745
vn -0.577351 -0.577350 -0.577350
vn -0.376220 -0.926078 0.028940
vn 0.000000 -0.928477 -0.371391
vn 0.293266 -0.902358 -0.315825
vn 0.859689 -0.302731 -0.411447
vn 0.498898 -0.856669 -0.131224
vn 0.739872 -0.655480 -0.151443
vn 0.499227 -0.857646 0.123352
vn 0.740888 -0.655868 0.144644
vn -0.777586 -0.533202 0.333251
vn -0.830778 0.552955 0.063630
vn -0.535463 0.308921 0.786032
vn 0.949364 -0.273656 0.154337
vn 0.888889 0.111111 -0.444444
vn -0.116841 0.993151 0.000000
vn -0.462573 0.792983 -0.396491
vn 0.823842 0.506979 -0.253490
vn 0.583856 0.706773 0.399480
vn 0.700275 -0.700275 0.138668
vn -0.064712 0.051769 0.996560
vn 0.539269 -0.835425 0.106086
vn 0.000000 0.000000 -1.000000
vn 0.576664 0.815642 -0.046756
vn -0.763176 0.587058 0.270047
vn 0.700119 -0.350059 0.622328
vn 0.515202 -0.181275 0.837679
vn 0.478836 -0.234724 0.845944
vn 0.777524 -0.363947 0.512835
vn 0.502056 -0.834880 -0.225644
vn -0.444305 -0.473925 0.760255
vn -0.333051 -0.352643 -0.874483
vn 0.563000 -0.364294 0.741836
vn 0.281605 -0.147843 0.948072
vn 0.642539 -0.484627 -0.593532
vn 0.936945 -0.333067 0.105834
vn 0.271240 -0.744295 -0.610290
vn 0.351619 -0.172069 -0.920194
vn 0.892311 -0.446156 -0.068744
vn 0.488325 -0.863960 0.122935
vn 0.487552 -0.862592 -0.135014
vn 0.776114 -0.630593 0.000000
vn -0.821591 0.507453 0.259768
vn -0.866408 -0.498376 -0.030964
vn -0.655826 -0.426287 0.623035
vn 0.271240 -0.744295 0.610290
vn -0.462573 0.792983 -0.396491
vn 0.823842 0.506979 -0.253490
vn 0.155627 -0.065527 -0.985640
vn 0.589579 0.807544 0.016437
vn -0.789346 0.576830 -0.210239
vn 0.747381 -0.664338 0.008741
vn -0.116841 0.993151 0.000000
vn -0.902081 -0.225520 0.367954
vn -0.173016 0.151389 0.973215
vn 0.423390 -0.885270 0.192450
vn 0.699127 -0.699127 0.149813
vn -0.554700 -0.832050 -0.000000
vn 0.734549 -0.652932 0.184711
vn -0.707107 -0.707107 0.000000
vn 0.521014 0.716395 0.464028
vn 0.419378 0.646185 0.637626
vn -0.799471 0.599604 -0.036339
vn 0.666025 -0.541145 -0.513394
vn 0.172032 -0.141674 -0.974850
vn -0.513859 -0.834187 -0.200205
vn 0.087404 -0.047064 -0.995061
vn 0.732093 -0.680705 -0.026066
vn 0.034940 -0.118797 0.992304
vn -0.017571 0.059743 -0.998059
vn -0.577351 -0.577350 -0.577350
vn -0.177721 0.052271 -0.982692
vn 0.629226 -0.563486 -0.535311
vn -0.373988 -0.769975 -0.516983
vn -0.154669 -0.762680 -0.628011
vn 0.913418 -0.401350 -0.067716
vn 0.654811 -0.322369 0.683594
vn -0.154669 -0.762680 0.628011
vn -0.373988 -0.769975 0.516983
vn -0.116841 0.993151 0.000000
vn -0.521672 -0.642058 0.561801
vn -0.249980 0.193166 -0.948787
vn -0.064712 0.051769 0.996560
vn -0.689562 -0.724204 -0.005618
vn 0.588004 -0.495161 0.639583
vn 0.722510 -0.680010 0.124760
vn -0.184627 -0.962695 0.197814
vn 0.539269 -0.835425 0.106086
vn -0.629549 -0.315731 0.709917
vn -0.888107 -0.457698 0.042173
vn -0.880671 -0.338719 0.331192
vn -0.131110 0.038847 -0.990606
vn 0.479843 -0.434682 -0.762104
vn -0.802537 -0.590546 -0.084796
vn -0.560812 -0.417860 -0.714760
vn 0.583979 -0.810598 -0.043580
vn -0.468907 -0.286554 -0.835472
vn -0.462559 -0.447797 0.765191
vn -0.543684 -0.777397 -0.316325
vn -0.543684 -0.777397 0.316325
vn 0.540628 0.383151 0.748943
vn -0.095364 -0.111570 0.989170
vn 0.631055 -0.504844 0.588984
vn 0.746451 -0.622043 0.236376
vn -0.184627 -0.962695 0.197814
vn 0.794249 -0.591409 0.139299
vn 0.637374 -0.723254 0.265816
vn 0.490808 -0.299938 -0.818013
vn 0.117419 -0.169605 0.978492
vn -0.568824 -0.650084 -0.503815
vn -0.868784 -0.494724 -0.021510
vn -0.779788 -0.450300 0.434925
vn -0.788006 -0.525338 0.321040
vn -0.781492 -0.387669 0.488860
vn 0.744845 -0.579324 -0.331042
vn 0.655039 -0.509475 -0.557996
vn -0.579865 -0.795628 -0.175308
vn 0.788205 -0.613048 0.053894
vn 0.108710 -0.084552 0.990471
vn -0.539049 -0.842119 0.016195
vn -0.745420 -0.643107 -0.175393
vn -0.569030 -0.407984 0.713971
vn 0.369574 -0.316777 -0.873537
vn 0.487713 -0.418040 0.766407
vn 0.464990 -0.348743 0.813733
vn 0.707107 0.707107 0.000000
vn 0.018902 -0.807624 -0.589394
vn -0.760690 0.647995 0.038117
vn 0.000000 0.000000 1.000000
vn 0.018902 -0.807624 0.589394
vn 0.795793 -0.447634 -0.407844
vn 0.235860 -0.009434 -0.971741
vn 0.799002 -0.049938 -0.599251
vn 0.000000 0.000000 1.000000
vn -0.667424 -0.572078 0.476731
vn -0.345033 0.276026 -0.897085
vn -0.723923 0.155126 0.672214
vn -0.944809 0.297225 0.137819
vn -0.615024 -0.774310 0.148963
vn -0.173016 0.151389 0.973215
vn 0.510841 -0.446986 0.734333
vn 0.477818 -0.334473 0.812291
vn -0.707107 -0.707107 0.000000
vn 0.712150 -0.696024 0.091611
vn 0.525049 -0.812185 -0.254320
vn 0.825307 -0.564684 0.000000
vn -0.529999 -0.847998 0.000000
vn 0.579268 0.796493 0.173342
vn -0.808969 0.587851 0.000000
vn -0.519820 -0.838783 -0.161957
vn -0.777586 -0.533202 0.333251
vn -0.413990 0.451626 0.790346
vn -0.760809 0.646515 0.056458
vn -0.520272 -0.839867 0.154730
vn -0.648996 -0.684279 0.332517
vn 0.174058 -0.099462 0.979699
vn -0.534090 0.305194 0.788419
vn 0.870322 -0.478179 0.117830
vn 0.269171 -0.104502 -0.957406
vn 0.933055 -0.359733 0.000000
vn -0.140969 0.055381 0.988464
vn 0.911505 -0.411289 0.000000
vn -0.111935 -0.159907 -0.980765
vn 0.371391 0.557086 0.742781
vn 0.447112 -0.702605 -0.553568
vn -0.491254 -0.870818 0.018615
vn -0.799955 0.599967 -0.010526
vn 0.704853 -0.528640 0.472993
vn -0.611872 -0.790957 0.000000
vn 0.140217 -0.056087 0.988531
vn 0.315597 -0.063119 0.946792
vn 0.591956 0.805718 0.020180
vn 0.753644 -0.579726 0.309739
vn 0.151544 -0.142359 0.978145
vn -0.736404 -0.592445 -0.326676
vn 0.075426 0.107751 0.991313
vn 0.562646 0.825214 0.049513
vn -0.767988 0.639991 0.024615
vn -0.573548 -0.817420 -0.053548
vn -0.028991 -0.091805 -0.995355
vn -0.148159 -0.049386 0.987730
vn 0.066503 0.022168 -0.997540
vn 0.000000 0.000000 1.000000
vn 0.066503 0.022168 -0.997540
vn 0.464990 -0.348743 0.813733
vn 0.374523 -0.421339 -0.825958
vn 0.497757 -0.466647 0.731080
vn 0.744378 0.664826 -0.062505
vn 0.321658 -0.826075 -0.462748
vn 0.321658 -0.826075 0.462748
vn -0.521672 -0.642058 0.561801
vn -0.007067 0.007067 -0.999950
vn -0.605087 -0.284161 0.743721
vn 0.593308 -0.254144 0.763804
vn 0.485121 -0.233577 0.842674
vn 0.300959 -0.133033 0.944313
vn -0.128043 -0.896299 0.424563
vn -0.693746 -0.069375 0.716871
vn 0.016025 0.112176 0.993559
vn 0.408249 0.408249 0.816496
vn -0.688805 -0.714554 0.122311
vn 0.748816 -0.655214 -0.099842
vn 0.477278 -0.438655 -0.761438
vn 0.728087 -0.669840 -0.145617
vn 0.479054 -0.435504 0.762131
vn -0.383947 -0.810555 -0.442250
vn -0.093748 -0.874983 -0.474991
vn -0.093748 -0.874983 0.474991
vn -0.383947 -0.810555 0.442250
vn 0.710408 -0.690148 0.137899
vn -0.554700 -0.832050 -0.000000
vn 0.618451 -0.771751 0.148050
vn -0.713186 0.515079 -0.475457
vn -0.149935 0.180957 -0.971995
vn 0.199007 -0.398015 0.895533
vn -0.667424 -0.572078 0.476731
vn -0.359112 0.281044 -0.889973
vn -0.554685 -0.832027 -0.007496
vn -0.773929 0.565563 -0.284908
vn 0.477818 -0.334473 0.812291
vn 0.807943 -0.565560 0.165436
vn -0.690495 -0.723329 -0.003380
vn -0.128043 -0.896299 0.424563
vn 0.054236 0.116220 0.991742
vn -0.439490 -0.878980 0.185048
vn -0.799955 0.599967 -0.010526
vn -0.598378 -0.797837 -0.073485
vn 0.433193 0.680732 0.590718
vn 0.508043 -0.798354 -0.323300
vn -0.619160 -0.768806 0.159934
vn -0.955371 0.293602 0.032622
vn -0.777706 -0.607206 0.162709
vn -0.486664 -0.324443 0.811107
vn -0.329775 -0.481979 0.811754
vn 0.632805 -0.550265 0.544763
vn -0.624323 0.520269 -0.582702
vn -0.168059 0.119267 0.978535
vn 0.490808 -0.299938 -0.818013
vn 0.730228 -0.638950 0.241888
vn 0.593851 -0.415696 -0.688867
vn 0.628032 -0.741284 0.236799
vn 0.527918 -0.461928 -0.712689
vn -0.492069 -0.639688 -0.590481
vn 0.343947 -0.257960 0.902861
vn 0.649227 -0.486921 0.584305
vn 0.727607 -0.485071 0.485072
vn -0.801052 -0.576757 -0.160210
vn 0.275187 -0.129305 -0.952655
vn 0.621570 -0.277487 -0.732565
vn -0.669332 -0.082804 0.738335
vn -0.929462 0.346405 0.126901
vn -0.793661 -0.583215 0.173097
vn -0.799955 0.599967 -0.010526
vn 0.704853 -0.528640 0.472993
vn -0.598378 -0.797837 -0.073485
vn -0.514496 -0.514496 -0.685994
vn -0.154100 -0.154100 -0.975964
vn -0.793227 0.606586 -0.053326
vn 0.015433 -0.879672 -0.475331
vn -0.602692 -0.712776 0.358764
vn -0.413760 0.449739 0.791541
vn 0.056408 -0.061108 0.996536
vn 0.015433 -0.879672 0.475331
vn 0.042561 -0.032740 -0.998557
vn 0.560772 0.729004 -0.392539
vn 0.848710 -0.528029 0.029621
vn -0.777705 -0.627961 -0.028983
vn 0.299504 -0.190226 0.934939
vn 0.685335 -0.618473 -0.384456
vn 0.348892 -0.886884 -0.302838
vn 0.348892 -0.886884 0.302838
vn -0.521672 -0.642058 0.561801
vn 0.126663 -0.088664 -0.987975
vn -0.679805 -0.732097 -0.043577
vn 0.000000 0.000000 1.000000
vn 0.269069 0.403604 -0.874475
vn -0.846810 0.529256 0.052925
vn -0.492068 -0.590481 -0.639688
vn 0.000000 0.000000 1.000000
vn -0.667424 -0.572078 0.476731
vn -0.549442 -0.824163 -0.137361
vn 0.544262 -0.483788 0.685367
vn 0.740530 -0.658249 0.135366
vn 0.620983 -0.772143 0.134819
vn 0.857143 0.428571 0.285714
vn -0.803567 -0.507516 0.310978
vn -0.524836 -0.340434 0.780162
vn -0.537914 -0.786181 0.304250
vn -0.329775 -0.481979 0.811754
vn -0.806607 -0.499329 0.316316
vn -0.186667 0.133333 0.973333
vn 0.127483 -0.685221 0.717092
vn 0.529758 -0.235943 0.814670
vn 0.602470 -0.547701 0.580563
vn -0.640488 0.582262 -0.500745
vn -0.624323 0.520269 -0.582702
vn 0.830955 -0.553970 0.051294
vn -0.767053 -0.641233 -0.021223
vn 0.625188 -0.277257 -0.729567
vn 0.872411 -0.384452 -0.301821
vn -0.997376 0.000000 0.072390
vn 0.832051 -0.554699 -0.000000
vn -0.650932 -0.758930 -0.017672
vn -0.566082 -0.808688 0.159920
vn -0.584915 -0.779887 -0.222825
vn -0.514496 -0.514496 -0.685994
vn -0.793969 0.605570 -0.053828
vn -0.652198 -0.757740 -0.021650
vn -0.771731 0.635544 0.022698
vn -0.635663 -0.771877 0.011772
vn 0.086625 0.111375 0.989996
vn -0.707107 0.707107 0.000000
vn 0.042723 -0.050992 -0.997785
vn 0.425772 -0.503185 -0.752013
vn -0.162731 0.065092 -0.984521
vn 0.735279 -0.591107 -0.331597
vn 0.684268 -0.612240 -0.396155
vn -0.410063 -0.864011 -0.292118
vn -0.121514 -0.923801 -0.363079
vn -0.121514 -0.923801 0.363079
vn -0.410063 -0.864011 0.292118
vn 0.567142 0.823309 0.022638
vn 0.752223 -0.591033 0.291274
vn 0.539164 -0.539164 -0.646997
vn 0.328614 -0.252780 -0.910008
vn 0.581914 0.800132 -0.145478
vn 0.786318 -0.617822 0.000000
vn 0.630834 -0.471884 0.615933
vn 0.796366 -0.523037 0.303699
vn -0.756601 -0.636953 -0.147801
vn -0.250276 -0.146713 -0.956994
vn -0.861934 -0.507020 0.000000
vn 0.128642 0.076288 0.988752
vn -0.900415 -0.435032 0.000000
vn -0.639382 -0.166795 0.750580
vn -0.366508 -0.366508 0.855186
vn 0.408249 0.408249 0.816496
vn 0.563068 0.818309 0.115435
vn 0.455646 0.716015 0.528875
vn 0.589344 -0.802831 -0.090206
vn 0.286666 -0.199420 -0.937046
vn 0.600917 -0.441490 -0.666323
vn 0.397517 -0.904778 -0.152829
vn 0.396889 -0.905944 0.147461
vn 0.265276 -0.903371 0.336972
vn -0.889001 0.381000 -0.254000
vn -0.181195 0.132877 -0.974429
vn -0.276725 -0.944120 0.179057
vn -0.830139 -0.334534 -0.446045
vn 0.199007 -0.398015 0.895533
vn 0.233635 0.560723 0.794358
vn 0.618451 -0.771751 0.148050
vn 0.857143 0.428571 0.285714
vn 0.688799 -0.704511 0.170943
vn 0.588004 -0.495161 0.639583
vn 0.746566 -0.613070 0.258427
vn 0.857143 0.428571 0.285714
vn 0.666831 -0.711287 0.222277
vn 0.662415 -0.678313 0.317959
vn 0.000000 0.000000 -1.000000
vn -0.607502 -0.789752 0.085050
vn -0.759611 0.555100 0.338903
vn -0.209401 0.034900 0.977207
vn 0.130396 -0.684580 0.717180
vn -0.706457 -0.606375 -0.365003
vn 0.619368 -0.250531 0.744054
vn 0.837819 -0.363055 0.407739
vn 0.882836 -0.383735 -0.270830
vn 0.720442 -0.422328 0.550092
vn 0.749885 -0.257773 0.609282
vn 0.424939 -0.215761 0.879133
vn 0.679363 -0.416384 0.604226
vn 0.066785 0.104948 0.992233
vn 0.536570 0.843182 0.033727
vn 0.577839 -0.815499 -0.032620
vn 0.319747 -0.799371 -0.508692
vn -0.280675 -0.295447 -0.913199
vn 0.557086 -0.371391 0.742781
vn 0.307692 -0.230769 -0.923077
vn 0.338377 -0.028676 0.940574
vn 0.369644 -0.924111 0.096859
vn 0.369281 -0.923202 -0.106440
vn -0.949232 0.289305 0.123541
vn -0.985460 -0.101944 -0.135926
vn -0.810752 -0.559139 0.173333
vn -0.713186 0.515079 -0.475457
vn 0.007193 0.014387 -0.999871
vn 0.199007 -0.398015 0.895533
vn 0.114768 0.642702 0.757471
vn 0.269069 0.403604 -0.874475
vn 0.527555 0.791332 -0.308996
vn -0.788013 0.615359 0.019184
vn -0.605911 -0.795474 0.009650
vn -0.803818 0.556489 -0.210229
vn -0.544832 -0.272957 0.792876
vn 0.894508 -0.403159 0.193180
vn 0.089883 0.119844 0.988716
vn 0.402778 -0.780384 0.478300
vn 0.832051 -0.554699 -0.000000
vn -0.589511 -0.786016 0.186162
vn -0.059589 0.998112 -0.014897
vn -0.566740 -0.809628 0.152673
vn 0.704853 -0.528640 0.472993
vn 0.569400 -0.821827 0.019595
vn -0.598378 -0.797837 -0.073485
vn -0.421494 -0.513123 -0.747694
vn -0.080270 -0.142415 -0.986547
vn 0.389490 -0.389491 -0.834622
vn 0.374523 -0.421339 -0.825958
vn 0.375698 -0.475884 0.795227
vn 0.298962 -0.459941 -0.836107
vn 0.584844 -0.438633 -0.682318
vn 0.802760 -0.555757 0.216128
vn 0.287509 -0.200385 0.936581
vn 0.518321 -0.604708 0.604708
vn 0.820905 -0.571065 0.000000
vn 0.021263 -0.948028 -0.317476
vn 0.000000 0.000000 1.000000
vn 0.724831 0.686682 0.055575
vn 0.000000 0.000000 1.000000
vn -0.614261 0.787515 0.050030
vn -0.334882 -0.936274 -0.106046
vn -0.105854 -0.978093 -0.179246
vn -0.325080 -0.945687 0.000000
vn -0.105442 -0.979100 0.173910
vn -0.331916 -0.938025 0.099706
vn 0.021263 -0.948028 0.317476
vn 0.777254 -0.529946 -0.339165
vn 0.155126 -0.103418 -0.982467
vn -0.707107 -0.707107 0.000000
vn 0.172995 0.135543 0.975551
vn -0.666620 -0.510032 -0.543586
vn 0.490808 -0.299938 -0.818013
vn 0.059669 -0.086189 0.994490
vn 0.584898 0.764866 -0.269953
vn 0.527918 -0.461928 -0.712689
vn -0.432078 -0.226327 0.872974
vn -0.092515 -0.084585 0.992112
vn 0.731770 -0.258934 0.630448
vn 0.914200 -0.405264 0.000000
vn 0.679363 -0.416384 0.604226
vn 0.884918 -0.465747 0.000000
vn -0.529412 -0.705882 -0.470589
vn -0.514496 -0.514496 -0.685994
vn -0.128142 -0.157713 -0.979135
vn 0.540189 -0.767916 -0.344238
vn 0.700140 -0.700140 -0.140028
vn 0.448229 -0.631180 -0.633010
vn -0.425566 -0.496494 0.756563
vn -0.290836 -0.377009 -0.879362
vn 0.502056 -0.834880 -0.225644
vn -0.503495 -0.322266 -0.801646
vn 0.000000 0.000000 -1.000000
vn -0.542763 -0.610608 -0.576686
vn -0.238326 -0.268117 0.933442
vn 0.649836 -0.758143 -0.054153
vn 0.597022 -0.696526 0.398015
vn -0.138450 0.073840 -0.987613
vn 0.601107 -0.436805 -0.669232
vn -0.391899 0.467751 0.792227
vn -0.620044 0.783213 0.046071
vn -0.102486 -0.098190 0.989876
vn -0.521358 -0.483828 0.702920
vn 0.804328 -0.574937 0.150009
vn -0.681294 -0.731963 -0.008217
vn 0.170174 0.233990 -0.957230
vn -0.059589 0.998112 -0.014897
vn 0.285714 -0.428572 0.857143
vn 0.569400 -0.821827 0.019595
vn 0.666771 -0.744509 0.033497
vn -0.000000 0.707107 0.707107
vn -0.492068 -0.590481 -0.639688
vn 0.119073 -0.095258 0.988305
vn 0.205189 -0.773406 0.599784
vn 0.695788 -0.417473 0.584462
vn 0.390482 -0.234289 0.890299
vn 0.529758 -0.235943 0.814670
vn -0.265869 -0.127155 -0.955586
vn -0.567300 -0.330406 -0.754322
vn -0.356880 -0.513015 0.780675
vn -0.631763 -0.102448 0.768361
vn -0.366508 -0.366508 0.855186
vn -0.711298 -0.681509 0.172049
vn -0.997376 0.000000 0.072390
vn -0.300273 -0.950863 0.075472
vn -0.999592 0.000000 0.028560
vn -0.066503 -0.022168 0.997540
vn -0.700696 -0.708820 -0.081240
vn -0.336560 -0.941590 -0.011673
vn -0.007301 -0.042591 -0.999066
vn 0.700140 -0.700140 -0.140028
vn 0.351113 -0.462831 0.813945
vn 0.550609 -0.806250 -0.216311
vn 0.278225 -0.397464 0.874421
vn -0.542763 -0.610608 -0.576686
vn 0.577350 -0.577351 -0.577350
vn 0.649836 -0.758143 -0.054153
vn -0.593214 -0.697899 -0.401292
vn -0.345961 -0.251177 -0.904003
vn -0.612554 -0.440324 0.656424
vn 0.095303 -0.984798 -0.145224
vn 0.095392 -0.985722 0.138753
vn 0.898155 -0.215558 0.383213
vn 0.525320 0.417166 0.741628
vn 0.690125 0.721592 0.055067
vn -0.780502 -0.415781 -0.466842
vn -0.793115 -0.583733 0.173851
vn -0.059589 0.998112 -0.014897
vn -0.496678 -0.851448 0.168365
vn 0.114768 0.642702 0.757471
vn -0.566082 -0.808688 0.159920
vn 0.771927 -0.590115 0.236418
vn -0.166571 0.181714 0.969141
vn 0.596285 0.745356 -0.298142
vn 0.527918 -0.461928 -0.712689
vn 0.630834 -0.471884 0.615933
vn 0.363900 -0.315628 0.876331
vn -0.738582 -0.642506 -0.204161
vn -0.718403 -0.545986 -0.431042
vn -0.356880 -0.513015 0.780675
vn 0.054236 0.116220 0.991742
vn -0.366508 -0.366508 0.855186
vn 0.408249 0.408249 0.816496
vn 0.402778 -0.780384 0.478300
vn -0.608811 -0.765362 -0.208735
vn 0.634387 -0.710514 -0.304506
vn -0.314945 -0.494913 0.809858
vn -0.394228 -0.494514 0.774623
vn 0.247012 -0.329350 -0.911325
vn 0.744378 0.664826 -0.062505
vn -0.723803 -0.483070 -0.492700
vn 0.816497 0.408248 0.408248
vn -0.605918 -0.649481 -0.459389
vn 0.317011 -0.246565 0.915811
vn 0.635572 0.758585 -0.143516
vn 0.688062 -0.638916 -0.344031
vn 0.576684 0.720854 -0.384455
vn -0.109764 0.109764 -0.987878
vn 0.668657 -0.645601 -0.368914
vn 0.553716 -0.380680 0.740595
vn 0.606696 -0.412553 -0.679500
vn 0.047370 -0.994775 0.090434
vn 0.047330 -0.993922 -0.099392
vn -0.129339 -0.991600 0.000000
vn -0.492068 -0.590481 -0.639688
vn 0.295735 -0.228523 0.927533
vn -0.603028 -0.797676 0.008397
vn 0.761939 -0.571455 0.304776
vn -0.513260 -0.811450 0.279488
vn -0.635406 -0.523087 -0.568014
vn -0.806607 -0.499329 0.316316
vn 0.153974 0.121558 0.980569
vn -0.428363 -0.338181 0.837937
vn 0.228828 -0.171621 0.958219
vn 0.352463 0.736968 -0.576757
vn 0.490185 0.851797 -0.184824
vn 0.240772 -0.842701 0.481543
vn 0.374145 -0.927228 -0.016267
vn 0.864910 -0.494445 0.086343
vn 0.372767 -0.927777 -0.016567
vn 0.860048 -0.495269 0.122582
vn 0.356803 -0.892008 0.277514
vn -0.637246 -0.770659 -0.001570
vn 0.602994 -0.796468 -0.045144
vn -0.613782 -0.789148 0.022733
vn 0.075426 0.107751 0.991313
vn 0.591150 -0.806114 -0.026870
vn -0.632029 -0.753056 -0.182885
vn -0.446878 -0.515628 -0.731046
vn 0.816497 0.408248 0.408248
vn -0.638081 -0.648716 -0.414753
vn 0.462222 -0.500742 -0.731853
vn 0.105864 0.050411 -0.993102
vn -0.582623 -0.661356 -0.472397
vn 0.000000 0.000000 1.000000
vn 0.269069 0.403604 -0.874475
vn 0.741999 -0.635999 0.212000
vn 0.000000 0.000000 1.000000
vn -0.481543 0.240772 0.842701
vn -0.783221 0.569615 0.249206
vn -0.222375 0.148250 0.963624
vn 0.697223 0.272087 0.663211
vn 0.501292 0.842751 -0.196158
vn 0.167703 -0.722415 0.670814
vn -0.762362 -0.596799 -0.250271
vn -0.744408 -0.317323 -0.587505
vn -0.775013 -0.546321 -0.317628
vn 0.724462 -0.167183 -0.668734
vn 0.805056 -0.593199 0.000000
vn 0.525049 -0.812185 -0.254320
vn 0.512148 -0.384111 0.768221
vn 0.054670 -0.105813 -0.992882
vn 0.754424 -0.656230 -0.014370
vn 0.114614 -0.218809 0.969013
vn -0.336301 -0.576517 0.744668
vn -0.314945 -0.494913 0.809858
vn -0.610994 -0.743818 -0.270962
vn -0.437969 -0.452097 0.777041
vn 0.000000 0.000000 1.000000
vn 0.474097 0.878890 0.052765
vn -0.713186 0.515079 -0.475457
vn -0.157156 0.029467 -0.987134
vn 0.279751 -0.839254 0.466252
vn 0.372767 -0.927777 -0.016567
vn -0.743551 -0.667936 -0.031507
vn 0.371338 -0.928344 -0.016879
vn 0.363210 -0.887848 0.282497
vn -0.768053 -0.640045 -0.020924
vn 0.700119 -0.350059 0.622328
vn 0.785727 -0.464293 0.408737
vn 0.333067 -0.865974 0.373035
vn 0.236985 -0.434474 -0.868948
vn 0.667860 -0.261337 -0.696897
vn 0.436910 -0.888101 0.142781
vn 0.706417 -0.706417 0.044151
vn 0.525049 -0.812185 -0.254320
vn 0.340777 -0.397574 0.851943
vn 0.619116 0.784214 0.041274
vn 0.518321 -0.604708 0.604708
vn 0.962250 0.192450 -0.192450
vn -0.550573 -0.484314 0.679934
vn -0.779808 -0.473285 -0.409757
vn 0.816497 0.408248 0.408248
vn -0.632737 -0.674919 -0.379643
vn 0.516830 -0.468753 0.716350
vn 0.265908 -0.237918 -0.934178
vn -0.316627 -0.273839 -0.908163
vn -0.801119 -0.598018 -0.024150
vn 0.266194 0.559007 0.785272
vn 0.898155 -0.215558 0.383213
vn 0.452575 0.890188 0.052364
vn -0.738371 -0.674164 -0.017647
vn -0.569409 -0.462645 0.679510
vn -0.534173 -0.764948 0.359881
vn 0.182332 -0.096231 0.978517
vn 0.652957 -0.333733 0.679904
vn 0.000000 0.000000 -1.000000
vn 0.507020 0.760530 0.405616
vn -0.764223 0.636852 0.101896
vn 0.661944 -0.551620 0.507490
vn -0.624323 0.520269 -0.582702
vn -0.640488 0.582262 -0.500745
vn 0.343947 -0.257960 0.902861
vn 0.649227 -0.486921 0.584305
vn 0.352463 0.736968 -0.576757
vn 0.386298 0.910559 -0.147161
vn -0.623633 -0.341937 0.702966
vn -0.557532 -0.262040 0.787714
vn -0.356880 -0.513015 0.780675
vn 0.402778 -0.780384 0.478300
vn 0.569400 -0.821827 0.019595
vn -0.680333 -0.713682 0.166748
vn 0.668024 -0.742924 0.042511
vn 0.520539 -0.845155 0.121459
vn 0.702064 -0.702064 0.119218
vn -0.268190 -0.595978 -0.756892
vn -0.095410 -0.149929 -0.984082
vn -0.822739 0.568082 -0.019589
vn -0.345865 -0.558705 0.753808
vn -0.240966 -0.401610 -0.883541
vn 0.000000 0.000000 -1.000000
vn 0.389490 -0.389491 -0.834622
vn 0.374523 -0.421339 -0.825958
vn 0.605049 -0.541360 -0.583819
vn 0.790302 0.592726 -0.155238
vn -0.232915 -0.254089 0.938717
vn 0.597022 -0.696526 0.398015
vn -0.633871 -0.665045 -0.394870
vn 0.659897 -0.625166 -0.416777
vn 0.649836 -0.758143 -0.054153
vn 0.597022 -0.696526 0.398015
vn -0.639602 -0.639602 -0.426401
vn 0.605617 0.760902 -0.232929
vn 0.810680 0.540452 -0.225189
vn 0.962250 0.192450 -0.192450
vn 0.639603 0.426401 -0.639601
vn 0.485073 0.727607 -0.485070
vn 0.847216 0.294684 -0.442025
vn -0.109764 0.109764 -0.987878
vn 0.408248 -0.408248 -0.816497
vn -0.366290 0.492597 0.789418
vn 0.053361 -0.067403 0.996298
vn 0.038751 0.053282 -0.997827
vn 0.285714 -0.428572 0.857143
vn -0.348481 -0.580802 0.735683
vn 0.265276 -0.903371 0.336972
vn -0.446366 -0.877341 0.176152
vn 0.269069 0.403604 -0.874475
vn 0.805076 -0.592841 0.019809
vn 0.527555 0.791332 -0.308996
vn 0.632805 -0.550265 0.544763
vn -0.640488 0.582262 -0.500745
vn 0.843465 -0.519561 0.136467
vn 0.447214 0.894427 0.000000
vn 0.274973 -0.856166 0.437457
vn -0.757181 -0.635747 -0.150007
vn -0.898607 -0.359442 -0.251610
vn -0.804685 -0.382424 0.454129
vn -0.860664 -0.500590 0.093092
vn -0.893685 -0.331940 -0.301900
vn -0.825599 -0.534975 -0.179407
vn -0.377322 -0.919959 0.106320
vn 0.810680 0.540452 -0.225189
vn 0.518321 -0.604708 0.604708
vn 0.962250 0.192450 -0.192450
vn 0.594834 -0.565093 -0.571702
vn 0.752576 -0.658505 0.000000
vn 0.831254 -0.394363 0.391785
vn 0.520483 0.404820 0.751810
vn -0.086928 -0.123316 0.988553
vn -0.232028 -0.090793 -0.968463
vn -0.694879 -0.481070 -0.534522
vn -0.615457 -0.615457 -0.492366
vn 0.548230 0.822346 -0.152286
vn -0.772182 0.635305 0.011061
vn 0.485071 -0.485071 -0.727607
vn 0.075896 -0.058382 -0.995405
vn -0.597358 -0.793750 0.114562
vn 0.649227 -0.486921 0.584305
vn 0.846984 -0.531303 0.018321
vn 0.404795 0.914401 0.003614
vn -0.693607 -0.399349 0.599525
vn -0.865031 -0.501718 0.000000
vn -0.901253 -0.433294 0.000000
vn 0.000000 -0.447214 -0.894427
vn 0.588348 -0.196116 -0.784465
vn 0.098606 -0.986063 0.134003
vn 0.990072 -0.136868 0.031995
vn 0.000000 -0.447214 -0.894427
vn 0.000000 -0.991882 0.127164
vn -0.512148 -0.384111 -0.768221
vn -0.896501 -0.440748 0.045013
vn 0.554700 -0.832050 0.000000
vn 0.667860 -0.261337 -0.696897
vn 0.715519 -0.696180 0.058015
vn 1.000000 0.000000 0.000000
vn 0.543305 -0.698535 -0.465690
vn 0.554700 -0.832050 0.000000
vn 0.512148 -0.384111 0.768221
vn 1.000000 0.000000 0.000000
vn 0.577350 -0.577351 -0.577350
vn 0.137030 0.120201 -0.983247
vn -0.623385 -0.672277 -0.399293
vn 0.000000 0.000000 1.000000
vn -0.377466 0.924647 0.050475
vn 0.789844 0.557537 0.255538
vn -0.338296 0.517394 0.786040
vn -0.510867 0.857956 0.054092
vn -0.995984 0.000000 0.089527
vn 0.832051 -0.554699 -0.000000
vn -0.489088 -0.859387 0.149152
vn -0.348481 -0.580802 0.735683
vn -0.641652 -0.749142 0.164526
vn 0.265276 -0.903371 0.336972
vn -0.355830 -0.660827 0.660827
vn -0.826107 0.468871 -0.312581
vn -0.501240 -0.820149 0.275887
vn -0.329775 -0.481979 0.811754
vn 0.539164 -0.539164 -0.646997
vn -0.620606 -0.778387 -0.094669
vn -0.162614 0.178351 0.970437
vn 0.364965 -0.405517 0.838067
vn 0.697652 0.268974 0.664030
vn 0.335998 -0.403199 0.851197
vn -0.518858 -0.403846 0.753455
vn 0.630834 -0.471884 0.615933
vn 0.791109 -0.549754 0.268173
vn 0.459993 0.883264 -0.090839
vn 0.700119 -0.350059 0.622328
vn 0.471929 -0.235965 0.849472
vn 0.128155 -0.788646 0.601343
vn 0.236985 -0.434474 -0.868948
vn 0.172710 -0.974161 0.145542
vn 0.128456 -0.574276 -0.808521
vn 0.236985 -0.434474 -0.868948
vn 0.597614 -0.358569 -0.717137
vn 0.300786 -0.669493 -0.679196
vn 0.226732 -0.623512 -0.748215
vn -0.000000 -0.196116 -0.980581
vn 0.072686 -0.379580 -0.922299
vn -0.000000 -0.707107 -0.707107
vn 0.046619 -0.128202 -0.990652
vn 0.043202 -0.259214 0.964853
vn 0.046680 -0.150812 -0.987460
vn 0.265356 -0.619165 -0.739067
vn -0.336301 -0.576517 0.744668
vn -0.314945 -0.494913 0.809858
vn -0.216564 -0.505316 -0.835318
vn -0.849000 0.521528 -0.084901
vn -0.211079 -0.492518 0.844317
vn -0.286652 -0.601969 0.745295
vn -0.343433 -0.539680 0.768635
vn 0.810680 0.540452 -0.225189
vn 0.847216 0.294684 -0.442025
vn 0.615614 -0.658234 -0.433298
vn 0.282778 -0.222795 -0.932952
vn 0.612847 -0.783083 -0.105822
vn 0.688574 -0.724816 -0.022528
vn 0.833589 -0.545118 -0.089313
vn -0.249318 -0.912141 0.325330
vn 0.856785 -0.510187 -0.075028
vn 0.659781 -0.344233 0.667977
vn -0.698005 -0.523503 -0.488603
vn -0.745777 -0.651033 0.141322
vn -0.100803 -0.129604 0.986429
vn -0.481543 0.240772 0.842701
vn 0.352463 0.736968 -0.576757
vn 0.768328 0.200682 0.607782
vn 0.458434 0.874222 -0.159919
vn 0.380575 0.909150 -0.169144
vn -0.770441 -0.632715 0.078057
vn 0.773957 -0.633238 0.000000
vn -0.764074 -0.644687 -0.023877
vn 0.308864 -0.241720 -0.919878
vn -0.557086 -0.371390 0.742782
vn 0.773957 -0.633238 0.000000
vn -0.747410 -0.664363 0.000000
vn 0.000000 0.000000 1.000000
vn 0.371232 -0.303736 0.877457
vn -0.745014 -0.609557 0.270914
vn -0.694879 -0.481070 -0.534522
vn -0.600624 -0.799327 -0.018064
vn 0.554700 -0.832050 0.000000
vn 0.512148 -0.384111 0.768221
vn 0.715519 -0.696180 0.058015
vn 0.370283 -0.925710 0.077143
vn 0.112328 -0.242392 0.963654
vn -0.447176 -0.894351 -0.013043
vn -0.016349 -0.096050 -0.995242
vn -0.028587 -0.233458 0.971947
vn 0.481297 -0.458378 0.747156
vn 0.920602 0.216612 -0.324918
vn 0.627646 -0.675927 -0.386244
vn 0.496494 -0.425566 -0.756562
vn 0.448606 -0.554161 0.701183
vn -0.460322 -0.803116 0.378297
vn 0.055831 -0.065457 0.996292
vn -0.084681 -0.105851 -0.990770
vn 0.285714 -0.428572 0.857143
vn 0.681756 -0.730453 -0.040581
vn 0.590482 -0.492068 0.639688
vn 0.000000 0.000000 1.000000
vn 0.744587 -0.575363 0.338448
vn 0.577350 -0.577350 -0.577350
vn -0.650791 -0.759257 -0.000000
vn 0.756540 -0.582505 0.297212
vn 0.792623 -0.487769 -0.365828
vn -0.124441 -0.168884 0.977749
vn 0.696019 -0.522013 -0.493011
vn -0.314945 -0.494913 -0.809858
vn -0.747452 -0.661679 -0.059136
vn -0.668394 -0.558821 0.490886
vn 0.044761 -0.749739 0.660218
vn -0.741098 -0.640611 -0.200976
vn -0.359864 -0.925365 0.119154
vn 0.147333 -0.974037 0.171889
vn -0.712173 -0.464461 -0.526389
vn -0.045584 -0.455842 -0.888892
vn -0.098743 -0.987429 0.123429
vn -0.362299 -0.931627 -0.028466
vn 0.715519 -0.696180 0.058015
vn 0.370283 -0.925710 0.077143
vn 0.350153 -0.779375 -0.519583
vn -0.247976 -0.578611 -0.776992
vn -0.469155 -0.883116 0.000000
vn -0.392213 -0.539293 -0.745206
vn -0.331623 -0.521122 -0.786421
vn -0.336301 -0.576517 0.744668
vn -0.460766 -0.880875 -0.108415
vn -0.286652 -0.601969 0.745295
vn 0.287348 0.574696 0.766261
vn 0.795889 -0.415006 0.440829
vn -0.043274 -0.086548 0.995307
vn 0.789844 0.557537 0.255538
vn -0.313642 0.948808 0.037301
vn -0.180922 0.584517 0.790953
vn 0.790773 -0.035945 0.611053
vn 0.376983 0.925057 -0.046398
vn 0.980580 -0.196118 0.000000
vn 0.426284 0.904486 -0.013663
vn 0.977939 -0.195589 0.073346
vn -0.751903 -0.583566 0.306746
vn -0.603141 -0.538187 0.588707
vn 0.517641 -0.448928 0.728362
vn -0.766686 -0.598301 -0.232872
vn 0.363337 -0.329969 0.871267
vn -0.718403 -0.545986 -0.431042
vn 0.492515 -0.369386 -0.788024
vn 0.331042 -0.248282 -0.910366
vn -0.706417 -0.459171 0.538644
vn 0.418731 -0.896903 0.142231
vn -0.045584 -0.455842 -0.888892
vn 0.141486 -0.985027 0.098503
vn 0.053461 -0.570248 -0.819731
vn 0.150601 -0.476904 0.865957
vn 0.319265 -0.491177 0.810441
vn 0.278225 -0.397464 0.874421
vn 0.262913 -0.473243 -0.840784
vn -0.839785 -0.383902 0.383902
vn -0.348481 -0.580802 0.735683
vn -0.355830 -0.660827 0.660827
vn -0.534478 -0.830123 0.158836
vn -0.213866 -0.280699 0.935665
vn -0.481543 0.240772 0.842701
vn -0.773044 0.634234 0.012271
vn -0.567568 -0.756757 0.324324
vn 0.160646 -0.680383 -0.715032
vn 0.683763 -0.569802 -0.455844
vn 0.000000 0.000000 -1.000000
vn 0.792183 -0.604560 -0.083388
vn 0.507020 0.760530 0.405616
vn 0.464625 0.881999 -0.078750
vn 0.841191 -0.076473 0.535304
vn 0.955006 -0.186612 0.230519
vn 0.630834 -0.471884 0.615933
vn 0.363337 -0.329969 0.871267
vn 0.470294 0.859966 -0.198196
vn -0.512148 -0.384111 -0.768221
vn 0.212199 -0.968310 0.131710
vn -0.896501 -0.440748 0.045013
vn 0.000000 -0.447214 -0.894427
vn 0.588348 -0.196116 -0.784465
vn 0.194211 -0.912793 0.359291
vn 0.000000 -0.447214 -0.894427
vn -0.512148 -0.384111 -0.768221
vn -0.011518 -0.909911 0.414643
vn 0.044129 -0.987798 0.149358
vn -0.269627 -0.954311 0.128811
vn -0.712173 -0.464461 -0.526389
vn -0.768014 -0.637766 0.058387
vn 0.237155 -0.968383 0.077405
vn 0.075974 -0.303895 0.949671
vn 0.113430 -0.359195 -0.926344
vn 0.355016 -0.815222 -0.457576
vn 0.000000 0.000000 1.000000
vn 0.326749 0.943942 0.046984
vn 0.612847 -0.783083 -0.105822
vn 0.451834 -0.568020 0.687895
vn -0.241039 -0.917124 0.317466
vn 0.780845 -0.619098 -0.083662
vn 0.211117 0.552151 0.806573
vn 0.379507 0.924015 0.046589
vn -0.144364 -0.155469 -0.977235
vn -0.610551 -0.657516 -0.441475
vn 0.806505 -0.551820 0.212238
vn 0.368433 -0.566820 -0.736867
vn 0.741685 -0.614872 0.268021
vn -0.146968 0.186398 0.971420
vn 0.557763 -0.669317 0.490831
vn 0.796748 0.224436 0.561089
vn 0.335998 -0.403199 0.851197
vn -0.072122 -0.216366 0.973645
vn 0.742780 -0.371390 -0.557088
vn 0.838117 -0.419058 -0.349214
vn 0.696019 -0.522013 -0.493011
vn 0.588348 -0.196116 -0.784465
vn 0.990072 -0.136868 0.031995
vn 0.011843 -0.988910 0.148040
vn -0.735215 -0.441129 -0.514650
vn -0.045584 -0.455842 -0.888892
vn -0.633750 -0.724286 -0.271607
vn 0.000000 -0.707107 -0.707107
vn 0.060609 -0.746244 -0.662907
vn 0.232610 -0.969211 0.080768
vn 0.159080 -0.815285 -0.556780
vn 0.000000 -0.986394 0.164399
vn -0.702959 -0.702959 0.108148
vn -0.099092 -0.990924 0.090835
vn -0.021688 -0.216879 0.975957
vn -0.183820 -0.643370 -0.743159
vn -0.032996 -0.051556 -0.998125
vn 0.152139 -0.494454 0.855786
vn 0.431934 -0.863869 -0.259161
vn 0.278225 -0.397464 0.874421
vn 0.935586 0.252293 0.247037
vn 0.789844 0.557537 0.255538
vn -0.337520 0.525031 0.781296
vn 0.047771 -0.070519 0.996366
vn -0.659908 -0.736897 0.146646
vn 0.669250 -0.742158 0.036142
vn 0.481978 -0.864157 0.144671
vn 0.687902 -0.710350 0.148971
vn -0.839785 -0.383902 0.383902
vn -0.355830 -0.660827 0.660827
vn -0.432042 -0.860967 0.268468
vn 0.793106 -0.608884 -0.015578
vn 0.535029 0.802543 -0.263948
vn 0.492515 -0.369386 -0.788024
vn -0.784047 -0.619493 0.038718
vn -0.765913 -0.527186 0.368037
vn 0.751726 -0.588307 -0.297999
vn -0.099092 -0.990924 0.090835
vn 0.141069 -0.987484 0.070535
vn -0.006797 -0.261673 0.965133
vn 0.389490 -0.389491 -0.834622
vn 0.332416 -0.482872 -0.810144
vn -0.542763 -0.610608 -0.576686
vn -0.229981 -0.253569 0.939581
vn -0.578087 -0.660086 -0.479689
vn 0.000000 0.000000 1.000000
vn -0.309376 0.950226 0.036830
vn -0.073848 0.996942 0.025563
vn 0.590482 -0.492068 0.639688
vn -0.099881 -0.131094 0.986326
vn 0.557763 -0.669317 0.490831
vn 0.882596 0.051917 0.467256
vn 0.720757 -0.693036 0.014463
vn 0.644695 -0.703303 0.299555
vn 0.831502 -0.551040 0.070424
vn -0.522053 -0.399484 0.753573
vn 0.275608 -0.147647 -0.949863
vn 0.891278 -0.453457 0.000000
vn -0.076273 0.023671 0.996806
vn 0.894425 -0.447213 -0.001996
vn 0.000000 -0.986394 0.164399
vn -0.714196 -0.698325 0.047613
vn 0.000000 -0.832050 -0.554700
vn 0.000000 -0.986394 0.164399
vn -0.099092 -0.990924 0.090835
vn 0.136236 -0.987708 0.076633
vn 0.068288 -0.819453 -0.569064
vn 0.106095 -0.636571 -0.763885
vn 0.022513 -0.135079 -0.990579
vn -0.255045 -0.286925 -0.923378
vn -0.287261 0.957538 0.024552
vn -0.076667 0.996677 0.027522
vn -0.104588 0.588309 0.801844
vn -0.839785 -0.383902 0.383902
vn -0.419305 -0.892679 0.165251
vn 0.592880 -0.779213 0.203273
vn 0.758535 -0.084282 0.646159
vn 0.668769 -0.709949 0.220727
vn 0.630915 -0.651946 0.420610
vn 0.832050 0.000000 0.554700
vn 0.985622 0.000000 0.168964
vn 0.662415 -0.678313 0.317959
vn -0.124268 0.171289 0.977352
vn 0.326776 -0.432979 0.840087
vn -0.031947 -0.047920 -0.998340
vn -0.767177 0.629893 0.121133
vn 0.792623 -0.487769 -0.365828
vn 0.204054 0.166953 0.964618
vn -0.498853 -0.826518 0.260794
vn -0.308173 -0.493076 -0.813576
vn -0.561128 -0.591296 -0.579228
vn 0.934013 -0.357122 -0.009157
vn -0.257960 -0.343947 0.902861
vn 0.742780 -0.371390 -0.557088
vn -0.480000 -0.640000 0.600000
vn 0.577350 -0.577350 0.577351
vn 0.838133 -0.114291 0.533358
vn 0.761315 -0.603802 0.236270
vn 0.453168 0.868855 -0.199325
vn 0.764292 -0.040226 0.643615
vn -0.176433 -0.529299 -0.829888
vn -0.173363 -0.505643 0.845145
vn 0.114926 -0.513338 0.850456
vn 0.119895 -0.532033 -0.838192
vn 0.523550 -0.715621 -0.462366
vn 0.000000 0.000000 1.000000
vn -0.028489 0.999129 0.030495
vn -0.908814 0.307032 0.282469
vn 0.144893 0.600271 0.786562
vn 0.213368 0.976191 0.039048
vn 0.935861 0.241174 0.256903
vn 0.789844 0.557537 0.255538
vn 0.034826 -0.109454 0.993382
vn -0.188182 0.591429 0.784091
vn -0.642024 -0.197546 0.740797
vn 0.027503 -0.137516 0.990118
vn 0.098606 -0.986063 0.134003
vn -0.896501 -0.440748 0.045013
vn 0.940618 -0.339321 0.009980
vn -0.553087 -0.827333 0.098054
vn 0.635865 -0.306157 0.708479
vn 0.478836 -0.234724 0.845944
vn 0.096334 -0.725036 0.681940
vn 0.518023 -0.419576 0.745391
vn -0.771971 -0.617576 -0.150534
vn 0.732252 -0.549189 0.402739
vn -0.764074 -0.644687 -0.023877
vn 0.000000 0.000000 1.000000
vn 0.893971 -0.446986 -0.031928
vn 0.320204 -0.239097 0.916680
vn 0.137606 0.131445 -0.981726
vn -0.565276 -0.668053 -0.483910
vn -0.936709 0.227848 0.265823
vn -0.052268 0.998233 0.028276
vn -0.036634 0.622785 0.781535
vn 0.027503 -0.137516 0.990118
vn 0.707107 -0.000000 0.707107
vn 0.194201 -0.971003 0.139426
vn 0.990072 -0.136868 0.031995
vn -0.804954 -0.593124 -0.015887
vn 0.777910 -0.583432 0.233373
vn -0.785001 -0.617086 0.054572
vn 0.748486 -0.602258 -0.277584
vn 0.292823 -0.161558 -0.942419
vn 0.589439 -0.338382 -0.733525
vn 0.182678 -0.690115 -0.700264
vn 0.314485 -0.104828 -0.943456
vn -0.777897 -0.626794 -0.044771
vn 0.147442 -0.884652 -0.442326
vn -0.640011 -0.401867 0.654896
vn 0.928395 -0.371358 -0.013263
vn 0.694292 -0.504940 0.512829
vn 0.372168 -0.287584 0.882489
vn -0.640898 -0.741038 0.200281
vn -0.231892 -0.618379 -0.750889
vn -0.410468 -0.907350 -0.090735
vn -0.184163 -0.982205 -0.036833
vn -0.129641 -0.972306 -0.194461
vn 0.072686 -0.379580 -0.922299
vn 0.184545 -0.963738 -0.192748
vn 0.460471 -0.620635 0.634649
vn 0.247425 -0.305158 -0.919597
vn 0.433842 -0.845437 0.311477
vn 0.730153 -0.112331 0.673987
vn -0.257872 -0.364054 -0.894967
vn -0.768082 0.638406 0.049876
vn -0.543710 -0.724946 -0.422885
vn 0.181871 0.155470 0.970954
vn 0.018325 -0.659690 0.751314
vn -0.397184 -0.375714 0.837307
vn -0.542720 0.783929 -0.301511
vn -0.534522 0.267261 -0.801784
vn -0.231302 -0.205602 0.950909
vn -0.319553 -0.496149 -0.807293
vn 0.935953 -0.347382 0.057597
vn -0.480000 -0.640000 0.600000
vn -0.550392 -0.832367 -0.065071
vn 0.120701 -0.724204 -0.678941
vn -0.754480 -0.502986 0.421622
vn 0.300676 0.773166 0.558398
vn 0.773957 -0.633238 0.000000
vn 0.287661 -0.235360 -0.928362
vn 0.413803 0.910366 0.000000
vn 0.773957 -0.633238 0.000000
vn 0.383582 0.657568 -0.648436
vn 0.000000 0.000000 -1.000000
vn 0.372168 -0.287584 0.882489
vn 0.413803 0.910366 0.000000
vn 0.126738 -0.316844 0.939972
vn -0.672959 -0.706606 0.218712
vn -0.173363 -0.505643 0.845145
vn -0.423091 -0.888491 -0.177698
vn -0.093865 -0.703985 0.703985
vn -0.286652 -0.601969 0.745295
vn -0.129641 -0.972306 -0.194461
vn 0.086838 -0.811392 0.578015
vn 0.213694 -0.954501 -0.207996
vn -0.117216 -0.547006 -0.828882
vn -0.112489 -0.524949 0.843668
vn 0.026466 -0.635175 0.771914
vn 0.054216 -0.551200 -0.832610
vn -0.562366 -0.589145 -0.580218
vn -0.534976 -0.669540 -0.515283
vn 0.000000 0.000000 -1.000000
vn 0.590482 -0.492068 0.639688
vn -0.215387 -0.287183 0.933346
vn 0.793960 -0.607968 -0.001470
vn -0.567568 -0.756757 0.324325
vn -0.759253 0.650789 0.002854
vn -0.585443 -0.780589 0.218946
vn 0.792623 -0.487769 -0.365828
vn 0.219687 0.131812 0.966625
vn 0.838117 -0.419058 -0.349214
vn 0.018325 -0.659690 0.751314
vn 0.696019 -0.522013 -0.493011
vn 0.930205 -0.345170 -0.124807
vn -0.421474 -0.630934 0.651369
vn -0.521818 -0.782727 0.339182
vn 0.358979 -0.358979 0.861550
vn 0.577350 -0.577350 0.577351
vn 0.713427 0.056028 0.698486
vn -0.768790 -0.567611 -0.294583
vn 0.044113 -0.735215 0.676398
vn -0.732430 -0.643650 -0.221948
vn -0.718403 -0.545986 -0.431042
vn -0.212268 -0.270159 0.939125
vn -0.768222 0.384111 0.512147
vn -0.894427 0.447214 -0.000000
vn -0.548876 -0.698569 -0.459060
vn 0.219151 0.576284 0.787318
vn -0.034442 -0.087182 0.995597
vn 0.463400 -0.815844 0.345918
vn 0.758535 -0.084282 0.646159
vn 0.982662 -0.056628 0.176546
vn -0.534522 0.267261 -0.801784
vn -0.504366 -0.818110 0.276245
vn 0.077557 0.232670 0.969458
vn -0.314945 -0.494913 -0.809858
vn 0.037614 -0.651981 -0.757301
vn 0.068796 -0.997536 0.013759
vn -0.184163 -0.982205 -0.036833
vn 0.042241 -0.394247 -0.918033
vn 0.104487 -0.975213 -0.195043
vn 0.040004 -0.932082 0.360032
vn -0.184163 -0.982205 -0.036833
vn -0.129641 -0.972306 -0.194461
vn -0.849000 0.521528 -0.084901
vn -0.233277 -0.369356 -0.899532
vn -0.221574 -0.253227 0.941690
vn -0.585641 -0.658846 -0.472173
vn 0.468631 -0.564487 0.679514
vn 0.548347 -0.721744 -0.422376
vn 0.518023 -0.419576 0.745391
vn 0.362692 -0.344187 0.866019
vn 0.435747 0.850852 -0.293556
vn 0.586519 -0.335154 -0.737338
vn 0.447646 -0.815185 -0.367541
vn 0.828441 -0.465090 -0.312054
vn 0.492515 -0.369386 -0.788025
vn 0.302156 0.793159 0.528773
vn 0.308864 -0.241720 -0.919878
vn 0.369740 0.869976 0.326242
vn -0.224481 -0.179585 -0.957788
vn -0.762888 -0.646335 -0.015893
vn 0.090672 0.061589 0.993975
vn -0.789912 -0.613221 0.000000
vn 0.780170 -0.567396 0.263434
vn -0.600577 -0.797908 0.051478
vn 0.808736 -0.588171 0.000000
vn -0.600000 -0.800000 0.000000
vn -0.817876 0.549951 -0.169216
vn 0.139602 0.201647 -0.969458
vn -0.531674 -0.744344 -0.404072
vn -0.269381 -0.305907 -0.913156
vn -0.493170 -0.551190 0.673033
vn -0.046227 -0.508497 0.859822
vn 0.772829 -0.448740 0.448740
vn 0.413167 -0.794552 0.444949
vn -0.086043 -0.123159 0.988650
vn -0.492438 -0.501556 0.711299
vn -0.642024 -0.197546 0.740797
vn 0.184274 -0.974022 0.131625
vn -0.896501 -0.440748 0.045013
vn -0.309775 -0.939300 0.147495
vn -0.124413 -0.980068 0.154882
vn 0.398418 -0.909447 0.119033
vn 0.266930 -0.311418 0.912013
vn 0.458095 -0.819298 0.344818
vn 0.437148 -0.571287 0.694646
vn 0.335998 -0.403199 0.851197
vn 0.000000 0.000000 -1.000000
vn -0.210166 -0.420331 0.882696
vn 0.127000 0.635001 0.762001
vn -0.876676 0.379103 0.296174
vn -0.950691 0.007471 0.310049
vn -0.017175 -0.085876 0.996158
vn 0.017691 -0.122660 0.992291
vn -0.104360 0.606592 0.788134
vn 0.195515 -0.977577 -0.078205
vn -0.642024 -0.197546 0.740797
vn 0.027503 -0.137516 0.990118
vn 0.181490 -0.981696 0.057747
vn 0.683763 -0.569802 -0.455844
vn -0.097977 -0.138320 -0.985529
vn -0.608478 0.726628 -0.319008
vn -0.534522 0.267261 -0.801784
vn 0.092253 0.230633 0.968658
vn -0.674497 -0.124249 0.727747
vn 0.610728 -0.310916 0.728247
vn 0.328401 -0.761889 0.558281
vn 0.813708 -0.442543 0.376876
vn -0.784047 -0.619493 0.038718
vn 0.320453 -0.771703 -0.549348
vn -0.758098 -0.530668 0.379050
vn 0.302156 0.793159 0.528773
vn 0.707107 0.000000 -0.707107
vn 0.780675 -0.624538 -0.022305
vn 0.330401 -0.220267 -0.917779
vn 0.413803 0.910366 0.000000
vn 0.000000 0.000000 1.000000
vn 0.000000 0.000000 -1.000000
vn 0.707108 -0.707105 0.000000
vn 0.413803 0.910366 0.000000
vn 0.155341 0.189861 -0.969444
vn -0.565685 -0.707106 -0.424265
vn -0.908814 0.307032 0.282469
vn -0.952901 0.001795 0.303277
vn 0.004778 -0.124229 0.992242
vn -0.025023 0.650588 0.759019
vn 0.707107 -0.000000 0.707107
vn 0.002511 -0.990418 0.138081
vn 0.990072 -0.136868 0.031995
vn 0.195515 -0.977577 -0.078205
vn 0.027503 -0.137516 0.990118
vn 0.707107 -0.000000 0.707107
vn 0.082761 -0.993127 0.082761
vn 0.146559 -0.341972 0.928211
vn 0.324385 -0.914436 0.242036
vn -0.398847 -0.889665 0.222301
vn -0.886969 -0.354787 0.295656
vn -0.623751 0.725399 -0.291084
vn -0.156814 -0.211358 0.964747
vn -0.480000 -0.640000 0.600000
vn -0.485071 -0.727606 0.485072
vn 0.539301 -0.685059 0.489744
vn 0.610442 -0.791313 0.034405
vn -0.576517 0.816732 -0.024022
vn -0.555216 -0.831034 -0.033432
vn 0.478509 -0.849981 -0.220366
vn 0.849114 -0.468477 -0.243998
vn 0.720442 -0.422328 0.550092
vn 0.305724 -0.764308 0.567773
vn 0.365448 -0.259350 0.893972
vn -0.210986 -0.516916 -0.829628
vn -0.878438 0.439218 -0.188238
vn -0.293592 -0.747324 -0.596080
vn -0.412949 -0.688247 -0.596481
vn 0.000000 0.000000 -1.000000
vn -0.494006 -0.582221 0.645737
vn -0.601674 -0.693233 -0.396757
vn 0.444999 -0.577551 0.684405
vn 0.050919 -0.069679 0.996269
vn 0.195515 -0.977577 -0.078205
vn 0.082054 -0.990716 0.108391
vn -0.230484 -0.964615 0.128046
vn -0.114291 -0.519503 0.846790
vn -0.324251 -0.927909 0.183972
vn -0.713024 -0.388922 0.583383
vn -0.124413 -0.980068 0.154882
vn 0.356968 -0.602384 -0.713937
vn 0.982662 -0.056628 0.176546
vn 0.683686 -0.668983 0.291608
vn 0.664896 -0.680315 0.308358
vn 0.317128 -0.573851 -0.755067
vn -0.100190 0.170593 0.980235
vn -0.024286 -0.765000 0.643572
vn -0.532511 -0.504484 0.679653
vn 0.569437 -0.766550 0.296886
vn 0.545906 -0.837056 -0.036394
vn 0.628523 -0.777384 0.025170
vn -0.376253 -0.343536 0.860475
vn -0.495151 -0.396791 0.772905
vn 0.409355 0.859168 -0.307016
vn 0.705451 0.095763 0.702259
vn 0.365148 -0.912871 -0.182576
vn 0.339227 -0.848066 0.407073
vn 0.867607 -0.478679 0.134629
vn 0.492515 -0.369386 -0.788024
vn 0.391811 0.908447 0.145629
vn 0.767492 -0.575619 -0.282166
vn -0.166985 -0.159278 0.973009
vn 0.000000 0.000000 1.000000
vn 0.590385 -0.805071 -0.057505
vn 0.780675 -0.624538 -0.022305
vn 0.624695 -0.780869 0.000000
vn 0.359533 -0.089883 0.928793
vn 0.326720 0.707892 -0.626213
vn 0.000000 0.000000 -1.000000
vn -0.208918 -0.292486 0.933169
vn -0.768222 0.384111 0.512147
vn -0.480975 -0.721462 -0.498153
vn 0.235927 -0.290372 -0.927374
vn 0.571646 -0.819359 -0.043260
vn 0.688574 -0.724816 -0.022528
vn 0.935919 -0.348986 -0.047589
vn 0.742780 -0.371390 -0.557088
vn 0.838117 -0.419058 -0.349214
vn -0.023750 -0.771884 0.635320
vn -0.599988 0.799984 0.006349
vn -0.554583 -0.831875 -0.020540
vn -0.633921 -0.773371 -0.006392
vn -0.183903 -0.919517 0.347373
vn -0.770558 -0.604359 -0.202460
vn 0.234268 -0.755393 0.611964
vn 0.303046 0.808121 0.505078
vn 0.664364 0.000000 -0.747409
vn 0.360683 0.880491 0.307642
vn 0.590385 -0.805071 -0.057505
vn 0.249268 -0.302683 -0.919918
vn 0.831399 -0.554264 -0.039590
vn 0.180743 -0.451856 0.873589
vn 0.305724 -0.764308 0.567772
vn -0.594133 -0.784994 0.175469
vn -0.293592 -0.747324 -0.596079
vn -0.367270 -0.785449 -0.498179
vn -0.145605 -0.296063 -0.944005
vn -0.285499 -0.322337 -0.902546
vn -0.671121 -0.741103 -0.019068
vn -0.110293 -0.511357 0.852261
vn 0.156341 -0.968231 0.195156
vn -0.234268 -0.967793 0.092171
vn -0.124413 -0.980068 0.154882
vn 0.683763 -0.569802 -0.455844
vn -0.248282 -0.331042 -0.910367
vn 0.789283 -0.613162 -0.032615
vn -0.543710 -0.724946 -0.422886
vn -0.094573 -0.914208 0.394055
vn -0.638692 -0.760611 -0.116378
vn -0.631917 -0.598658 0.492230
vn 0.939695 -0.341342 0.021418
vn -0.195735 -0.978677 -0.062279
vn -0.063568 -0.962603 0.263354
vn 0.544888 -0.711012 0.444475
vn 0.688247 -0.688247 0.229416
vn -0.613390 0.772760 -0.163077
vn -0.420610 -0.630915 0.651946
vn -0.533966 -0.780652 0.324751
vn 0.883541 -0.401610 -0.240966
vn -0.422290 -0.630951 0.650824
vn -0.301171 -0.364380 0.881205
vn -0.797863 -0.597002 -0.083692
vn 0.445436 -0.890870 -0.089088
vn 0.386184 -0.845925 0.367794
vn -0.792235 -0.607783 0.054428
vn 0.473514 -0.842854 -0.255698
vn -0.235038 -0.192731 -0.952687
vn -0.508172 -0.426865 -0.748029
vn -0.768222 0.384111 0.512147
vn -0.817876 0.549951 -0.169216
vn -0.666667 -0.666667 -0.333334
vn -0.625166 0.659897 -0.416777
vn 0.138343 0.207514 -0.968400
vn -0.552750 -0.737000 -0.388972
vn 0.776731 -0.379923 0.502342
vn -0.143425 -0.728157 0.670236
vn -0.043274 -0.086548 0.995307
vn 0.413168 -0.794552 0.444949
vn -0.670727 -0.741290 -0.024772
vn -0.500394 -0.504541 0.703594
vn 0.437310 -0.603905 -0.666377
vn 0.483107 -0.824220 0.295414
vn 0.972753 -0.137808 0.186445
vn 0.780809 -0.624648 -0.012328
vn -0.573161 -0.764214 0.295741
vn -0.104063 -0.224314 0.968945
vn -0.674497 -0.124249 0.727747
vn -0.442838 -0.848439 0.289906
vn 0.067966 0.193702 0.978703
vn 0.930959 -0.362523 0.043503
vn -0.088891 -0.918544 0.385196
vn -0.184152 -0.980809 -0.064053
vn 0.517785 -0.388338 0.762294
vn 0.415110 0.873588 -0.254022
vn 0.732252 -0.549189 0.402739
vn 0.437820 0.895244 0.082772
vn 0.750942 -0.590988 -0.294652
vn 0.326720 0.707892 -0.626213
vn 0.694292 -0.504940 0.512829
vn 0.373000 -0.271273 0.887289
vn 0.317971 0.890320 -0.325921
vn 0.720442 -0.422328 0.550092
vn 0.305723 -0.764308 0.567773
vn 0.852601 -0.522562 0.000000
vn 0.371391 -0.928477 0.000000
vn 0.679363 -0.416384 0.604226
vn 0.852601 -0.522562 0.000000
vn 0.371391 -0.928477 0.000000
vn -0.350908 -0.846024 -0.401381
vn 0.296382 -0.913108 0.279986
vn 0.146559 -0.341972 0.928211
vn -0.868742 -0.389358 0.306085
vn -0.309843 -0.912630 0.266653
vn -0.641291 -0.690621 0.334348
vn -0.541352 -0.568419 0.619547
vn 0.012126 -0.905392 0.424403
vn 0.936913 -0.321935 -0.136203
vn 0.065512 -0.917170 0.393073
vn 0.431742 0.901957 -0.008549
vn 0.791774 -0.610797 0.004524
vn 0.255145 -0.189137 0.948224
vn 0.483368 -0.096674 0.870063
vn 0.240000 -0.529560 -0.813613
vn 0.572956 -0.818508 -0.042031
vn 0.612847 -0.783083 -0.105822
vn 0.688574 -0.724816 -0.022528
vn 0.437357 -0.596396 0.673075
vn -0.118575 -0.528196 0.840802
vn -0.143898 -0.956615 0.253341
vn -0.653233 -0.481330 0.584472
vn -0.378389 -0.890934 0.251113
vn -0.083762 0.167525 0.982303
vn 0.257300 -0.471717 0.843374
vn 0.358979 -0.358979 0.861550
vn 0.401253 -0.468128 0.787307
vn 0.735290 0.078431 0.673199
vn 0.645175 -0.064517 -0.761306
vn 0.425801 0.898665 0.105330
vn 0.945028 -0.189006 -0.266831
vn 0.305724 -0.764308 0.567773
vn 0.371391 -0.928477 0.000000
vn -0.601940 -0.796900 0.051177
vn 0.371391 -0.928477 0.000000
vn -0.600000 -0.800000 0.000000
vn -0.426401 -0.639602 0.639603
vn -0.378440 -0.901169 -0.211370
vn -0.210166 -0.420331 0.882696
vn -0.658341 0.720546 -0.217719
vn -0.722758 -0.154375 0.673639
vn -0.598604 0.800681 -0.024148
vn -0.891481 -0.383253 0.241616
vn -0.891485 -0.445742 -0.081044
vn 0.358979 -0.358979 0.861550
vn 0.384278 -0.533648 0.753359
vn -0.503584 -0.424590 -0.752414
vn -0.724586 -0.613111 -0.314752
vn 0.659092 -0.050699 -0.750351
vn 0.444525 -0.460401 -0.768393
vn 0.225382 -0.249530 -0.941774
vn 0.349562 -0.817510 -0.457694
vn -0.114291 -0.519503 0.846790
vn 0.051709 -0.361961 0.930758
vn 0.062259 -0.954759 0.290790
vn 0.804407 -0.585023 0.103333
vn 0.337813 0.935768 -0.101097
vn 0.808736 -0.588171 0.000000
vn 0.336336 0.941742 0.000000
vn 0.286265 -0.758415 0.585541
vn 0.174759 -0.327112 -0.928686
vn 0.269956 -0.566192 -0.778813
vn 0.415486 -0.862432 0.289105
vn -0.083872 -0.227879 0.970070
vn -0.612212 0.790369 0.022675
vn -0.851159 -0.346769 0.394055
vn -0.872955 -0.482609 -0.070972
vn 0.420857 0.889358 -0.178666
vn 0.781723 0.014388 0.623460
vn 0.475457 -0.118864 0.871672
vn 0.268920 0.752977 -0.600589
vn 0.483368 -0.096674 0.870063
vn 0.865584 -0.173117 0.469888
vn 0.327089 0.881899 -0.339510
vn -0.208173 -0.374711 -0.903469
vn -0.475478 -0.879634 -0.012851
vn 0.102673 -0.783476 0.612881
vn -0.472186 -0.881434 -0.010738
vn 0.149401 -0.597603 -0.787750
vn -0.047121 0.184558 0.981691
vn -0.637544 0.755890 -0.148888
vn -0.852279 -0.291424 0.434387
vn -0.594699 0.757761 -0.268573
vn -0.421474 -0.630934 0.651369
vn -0.286610 -0.364776 0.885885
vn -0.401621 0.680713 -0.612642
vn -0.551813 -0.443237 0.706430
vn -0.732679 -0.624134 0.271363
vn 0.421292 0.905329 -0.053782
vn 0.882696 -0.084066 0.462364
vn 0.980497 -0.196099 0.013073
vn 0.457516 0.887020 0.062247
vn 0.947507 -0.189501 -0.257527
vn -0.562117 -0.433497 0.704347
vn -0.332363 -0.319342 0.887443
vn -0.306987 -0.767467 -0.562809
vn -0.383836 -0.875424 0.293774
vn -0.904589 -0.379442 0.194274
vn 0.000000 0.000000 -1.000000
vn -0.279127 -0.942051 -0.186085
vn 0.036584 0.186987 0.981681
vn -0.376253 -0.343536 0.860475
vn -0.486669 -0.494234 0.720338
vn 0.163957 -0.743040 0.648852
vn -0.628445 -0.602259 0.492282
vn -0.773386 -0.624233 0.110484
vn -0.733291 -0.619885 -0.279333
vn 0.647442 -0.129488 -0.751033
vn 0.621666 -0.666071 -0.412167
vn 0.945028 -0.189006 -0.266831
vn 0.931164 -0.362791 0.036279
vn -0.220781 -0.378481 -0.898893
vn 0.698226 -0.251362 0.670297
vn -0.503871 -0.863779 0.000000
vn 0.000000 0.000000 -1.000000
vn 0.948683 -0.316228 0.000000
vn -0.193016 -0.330885 0.923721
vn 0.813733 -0.348743 0.464991
vn -0.503871 -0.863779 0.000000
vn -0.174464 -0.535023 -0.826627
vn -0.248770 -0.771187 -0.585990
vn 0.000000 0.000000 -1.000000
vn -0.156061 -0.785339 -0.599073
vn -0.163420 -0.980522 -0.108947
vn -0.208389 -0.500133 0.840501
vn -0.787130 -0.248117 0.564680
vn -0.325307 -0.780737 0.533503
vn -0.408248 -0.816497 0.408248
vn 0.880666 -0.398890 -0.255566
vn 0.100602 -0.784697 0.611661
vn 0.094428 -0.581971 -0.807708
vn 0.346279 -0.690697 0.634845
vn 0.400825 -0.811152 -0.425877
vn 0.973094 -0.077848 0.216861
vn 0.935861 0.241174 0.256903
vn 0.425943 -0.606150 0.671680
vn 0.048607 -0.068860 0.996442
vn 0.000000 0.000000 -1.000000
vn -0.011144 -0.679810 -0.733303
vn -0.004086 0.196114 0.980572
vn -0.857143 -0.428571 0.285714
vn -0.639552 -0.768722 -0.006301
vn 0.590385 -0.805071 -0.057505
vn 0.191328 -0.243508 -0.950841
vn 0.624695 -0.780869 0.000000
vn 0.575493 -0.817807 0.000000
vn -0.065025 0.105967 0.992241
vn 0.624695 -0.780869 0.000000
vn 0.575493 -0.817807 0.000000
vn -0.583737 -0.548143 0.598991
vn -0.732794 -0.680451 0.000000
vn 0.971374 -0.194275 0.136712
vn 0.340995 0.934669 -0.100581
vn -0.780869 -0.624695 0.000000
vn 0.980581 -0.196116 0.000000
vn 0.336336 0.941742 0.000000
vn -0.199535 -0.847622 -0.491652
vn -0.334525 -0.841797 -0.423640
vn 0.100265 -0.868963 -0.484614
vn 0.078680 -0.695011 0.714681
vn -0.844441 -0.519656 0.129914
vn -0.303559 -0.770574 -0.560417
vn -0.895096 -0.400247 0.196485
vn -0.225829 -0.932059 0.283313
vn 0.297498 -0.571444 0.764818
vn -0.834830 -0.432875 0.340116
vn -0.515883 -0.856340 -0.023390
vn 0.506978 -0.564181 0.651669
vn 0.789809 -0.035497 0.612324
vn 0.900353 -0.180071 0.396155
vn 0.869976 -0.369740 0.326241
vn -0.273711 -0.422297 -0.864145
vn 0.732820 -0.257130 0.629968
vn 0.312639 -0.290308 0.904421
vn 0.483368 -0.096674 0.870063
vn 0.599515 -0.556692 0.575045
vn 0.865584 -0.173117 0.469888
vn 0.148319 -0.853294 -0.499891
vn 0.100117 -0.889933 -0.444967
vn -0.845154 -0.507093 0.169030
vn -0.845154 -0.169031 -0.507093
vn -0.177920 -0.845117 0.504105
vn -0.103482 -0.325227 -0.939957
vn -0.318705 -0.834257 0.449936
vn -0.267678 -0.384787 0.883339
vn -0.046727 0.186908 0.981266
vn 0.155095 -0.521683 0.838923
vn -0.367118 -0.734235 0.571072
vn -0.881383 -0.336834 0.331220
vn -0.410629 -0.858589 0.306935
vn 0.608443 -0.695363 0.382450
vn 0.798865 -0.599148 -0.053258
vn 0.647454 -0.693701 -0.315566
vn 0.825216 -0.546143 -0.144038
vn -0.119848 -0.547877 -0.827930
vn 0.042962 -0.639065 -0.767952
vn 0.076194 -0.685745 0.723842
vn -0.843274 -0.527047 0.105410
vn 0.089087 -0.836048 -0.541375
vn 0.092880 -0.965949 -0.241487
vn -0.820553 0.063119 -0.568075
vn -0.025089 0.319889 -0.947123
vn -0.112081 -0.728528 -0.675784
vn -0.150994 -0.956296 0.250398
vn -0.309843 -0.912630 0.266653
vn 0.143988 -0.604748 -0.783293
vn 0.194901 -0.944520 0.264378
vn -0.092211 -0.375784 0.922108
vn -0.060483 -0.544345 0.836678
vn 0.464412 -0.826880 0.317160
vn 0.422558 -0.905481 -0.039369
vn -0.608665 0.759721 -0.228805
vn -0.698519 -0.097306 0.708945
vn 0.845826 -0.436017 -0.307356
vn -0.315628 -0.363900 0.876331
vn -0.391695 -0.541028 0.744220
vn 0.099600 -0.879797 -0.464798
vn 0.081319 -0.704765 0.704765
vn 0.953206 -0.293294 0.073324
vn -0.844441 -0.519656 0.129914
vn -0.820553 0.063119 -0.568075
vn 0.247237 -0.870209 -0.426158
vn 0.117255 -0.847841 0.517123
vn 0.074838 -0.358434 -0.930550
vn -0.281225 -0.687438 0.669583
vn -0.035981 -0.087954 0.995475
vn 0.971227 -0.095163 0.218316
vn 0.935929 0.230061 0.266662
vn 0.029049 -0.118618 0.992515
vn 0.136484 -0.737017 0.661950
vn -0.188071 -0.519075 0.833781
vn -0.287077 -0.794983 0.534405
vn 0.443747 -0.732699 0.515985
vn 0.454130 -0.890095 -0.038700
vn 0.594028 -0.803685 0.034943
vn -0.056802 -0.859305 -0.508300
vn 0.095569 -0.943742 -0.316572
vn 0.912871 -0.365149 -0.182574
vn 0.866921 -0.157622 -0.472866
vn 0.079682 -0.996024 -0.039841
vn 0.884652 -0.147442 -0.442326
vn -0.025911 0.323884 -0.945742
vn 0.138498 -0.335752 -0.931713
vn 0.403251 -0.912884 -0.063496
vn -0.018743 -0.069617 0.997398
vn 0.070982 -0.527294 0.846713
vn -0.364953 -0.927946 0.075674
vn 0.372382 -0.506196 0.777880
vn -0.323117 0.605844 0.727013
vn -0.212959 -0.340734 -0.915723
vn -0.503871 -0.863779 0.000000
vn -0.554700 0.832050 0.000000
vn 0.149887 -0.159158 0.975809
vn 0.000000 0.000000 -1.000000
vn -0.193016 -0.330885 0.923721
vn -0.408248 0.408248 -0.816496
vn -0.554700 0.832050 0.000000
vn -0.503871 -0.863779 0.000000
vn 0.604045 -0.700692 0.379685
vn 0.677907 -0.734994 0.015065
vn 0.665370 -0.746513 0.000000
vn 0.078680 -0.695011 0.714681
vn 0.942809 -0.235702 0.235702
vn 0.055199 -0.816944 -0.574069
vn -0.784464 0.196116 -0.588349
vn 0.108338 -0.931705 -0.346681
vn -0.024318 0.316134 -0.948403
vn -0.174625 -0.851298 0.494771
vn -0.174714 -0.873571 -0.454257
vn -0.372026 -0.919463 -0.127221
vn -0.004271 -0.388626 -0.921386
vn -0.069228 -0.842270 0.534592
vn 0.028402 -0.634322 -0.772547
vn -0.036214 -0.965701 0.257118
vn 0.392601 -0.785202 0.478876
vn 0.906716 -0.387098 0.167394
vn -0.342193 -0.513290 -0.787044
vn -0.519342 -0.779012 -0.351319
vn 0.000000 0.000000 1.000000
vn -0.730838 -0.682116 -0.024361
vn -0.980484 -0.196097 -0.014007
vn -0.225310 -0.901235 -0.370150
vn 0.953206 -0.293294 0.073324
vn 0.845154 -0.169031 -0.507093
vn 0.053149 -0.903540 -0.425195
vn 0.164322 -0.831775 0.530235
vn 0.160639 -0.890561 -0.425553
vn 0.565044 -0.823907 -0.043608
vn 0.971227 -0.095163 0.218316
vn 0.426006 -0.608581 0.669439
vn -0.279206 -0.797731 0.534480
vn -0.348243 -0.935579 -0.058474
vn -0.352302 -0.763321 0.541501
vn -0.206158 -0.481034 0.852118
vn -0.731202 -0.182801 0.657212
vn -0.238437 -0.214107 -0.947262
vn -0.980484 -0.196097 -0.014007
vn -0.737630 -0.673489 -0.048106
vn 0.000000 0.000000 -1.000000
vn 0.000000 0.000000 1.000000
vn 0.931164 -0.362791 0.036279
vn -0.225310 -0.901235 -0.370150
vn 0.866921 -0.157622 -0.472866
vn 0.076125 -0.913499 -0.399656
vn -0.025089 0.319889 -0.947123
vn -0.299073 -0.783776 0.544289
vn -0.333911 -0.882479 0.331261
vn 0.396808 -0.526673 -0.751771
vn 0.175472 -0.231755 -0.956817
vn -0.948630 -0.061485 0.310354
vn -0.203444 -0.702807 0.681670
vn -0.021359 -0.088107 0.995882
vn 0.015994 -0.127955 0.991651
vn 0.107213 -0.741559 0.662266
vn -0.324846 0.615497 0.718080
vn -0.310668 -0.466002 -0.828449
vn -0.523223 0.774370 0.355792
vn 0.009841 -0.856146 0.516640
vn -0.104145 -0.887632 -0.448623
vn -0.156330 -0.385614 -0.909320
vn -0.359612 -0.933046 -0.010245
vn -0.270406 -0.672361 0.689066
vn -0.368049 -0.929807 0.000000
vn -0.196463 -0.257990 0.945962
vn 0.969033 -0.112678 0.219723
vn 0.254742 -0.965548 -0.053142
vn 0.136484 -0.737017 0.661950
vn -0.949575 -0.068995 0.305856
vn 0.006899 -0.126484 0.991945
vn 0.050849 -0.750026 0.659451
vn 0.142197 -0.646554 0.749499
vn 0.280810 -0.579710 0.764907
vn -0.376253 -0.343536 0.860475
vn -0.539025 -0.492154 0.683547
vn 0.149174 -0.766687 0.624451
vn -0.301171 -0.364380 0.881205
vn -0.421361 -0.541066 0.727806
vn -0.423056 0.742141 -0.519857
vn -0.513782 0.808452 -0.287114
vn 0.881430 -0.404703 -0.243508
vn -0.360217 -0.540324 0.760456
vn -0.543778 -0.767687 0.339061
vn 0.929539 -0.363137 0.063949
vn -0.527107 -0.790660 -0.311472
vn 0.880491 -0.360683 0.307642
vn 0.000000 -0.948683 0.316228
vn 0.760612 -0.261461 0.594228
vn 0.000000 -0.640184 -0.768221
vn -0.266100 -0.235396 -0.934762
vn 0.000000 -0.948683 0.316228
vn -0.456869 -0.478119 -0.750115
vn -0.059148 -0.650626 -0.757092
vn -0.324846 0.615497 0.718080
vn -0.275654 -0.367538 -0.888218
vn -0.554700 0.832050 0.000000
vn -0.600000 -0.800000 0.000000
vn 0.000000 0.000000 1.000000
vn 0.000000 0.000000 -1.000000
vn -0.554700 0.832050 0.000000
vn -0.600000 -0.800000 0.000000
vn -0.173133 -0.519399 0.836809
vn -0.153181 -0.727948 0.668302
vn 0.858441 -0.422737 -0.290469
vn 0.194167 -0.735289 0.649346
vn 0.916559 -0.393450 -0.071536
vn -0.584159 -0.808836 -0.067403
vn 0.544743 -0.712115 -0.442884
vn -0.358057 -0.071611 -0.930949
vn 0.000000 -0.948683 0.316228
vn 0.919098 -0.389775 0.057745
vn -0.980484 -0.196097 -0.014007
vn -0.225310 -0.901235 -0.370150
vn 0.732820 -0.257130 0.629968
vn 0.000000 0.000000 -1.000000
vn -0.103800 -0.259500 0.960149
vn 0.672639 -0.597902 0.435971
vn 0.813733 -0.348743 0.464991
vn -0.101124 -0.943820 0.314607
vn -0.250682 -0.967267 -0.039400
vn 0.260709 -0.906814 0.331239
vn 0.202670 -0.977586 -0.057017
vn -0.308053 -0.800938 0.513422
vn -0.188617 -0.506907 0.841112
vn 0.740695 -0.658396 0.133736
vn 0.672639 -0.597902 0.435971
vn -0.193016 -0.330885 0.923721
vn 0.813733 -0.348743 0.464991
vn -0.407200 -0.698057 0.588986
vn 0.044324 -0.376750 -0.925254
vn 0.155797 -0.986713 -0.046101
vn 0.242885 -0.809617 0.534347
vn 0.287099 -0.956997 -0.041609
vn -0.342193 -0.513289 -0.787044
vn -0.544348 0.818234 0.184873
vn -0.519342 -0.779012 -0.351319
vn -0.205160 -0.253434 -0.945347
vn -0.487821 -0.872944 0.000000
vn 0.011379 0.068277 0.997602
vn -0.519947 -0.854199 0.000000
vn -0.041373 -0.403390 -0.914092
vn 0.044029 -0.998002 -0.045317
vn -0.220628 -0.974823 -0.032309
vn -0.041125 -0.514060 0.856768
vn -0.003765 -0.690918 0.722923
vn -0.148423 -0.837532 0.525843
vn -0.171752 -0.981437 -0.085342
vn 0.469105 -0.623477 0.625473
vn 0.295057 -0.358195 0.885798
vn 0.552554 -0.692639 0.463612
vn -0.910867 -0.301707 0.281593
vn -0.207515 -0.691714 0.691714
vn -0.248578 -0.968428 -0.018872
vn 0.083845 -0.995657 -0.040451
vn 0.078122 -0.746500 0.660783
vn 0.033425 -0.947033 0.319392
vn 0.106137 -0.990613 -0.086140
vn -0.106137 -0.990613 -0.086140
vn -0.147766 -0.854934 0.497246
vn -0.294404 -0.901612 0.316893
vn 0.185639 -0.883385 0.430312
vn -0.595880 0.749106 -0.289427
vn -0.735215 -0.044113 0.676397
vn -0.423056 0.742141 -0.519857
vn 0.598511 -0.742154 0.301650
vn 0.578747 -0.815507 0.000000
vn 0.668786 -0.740441 -0.066879
vn 0.602405 -0.747986 -0.278612
vn 0.682318 -0.731055 0.000000
vn -0.456412 -0.477158 -0.751005
vn -0.659258 -0.673908 -0.333507
vn -0.166958 -0.907567 -0.385288
vn -0.326078 0.622513 0.711443
vn -0.588348 -0.196116 -0.784464
vn -0.330400 -0.220267 -0.917779
vn -0.514263 0.791965 0.329128
vn -0.183017 -0.183017 0.965924
vn 0.000000 0.000000 -1.000000
vn -0.349931 0.494021 -0.795922
vn 0.925358 -0.363617 0.107220
vn -0.130207 -0.828591 -0.544503
vn 0.066402 -0.996023 -0.059412
vn -0.902579 -0.324003 0.283502
vn -0.189927 -0.981288 -0.031654
vn 0.050109 -0.751631 0.657677
vn 0.051368 -0.852714 0.519847
vn 0.123776 -0.990207 -0.064579
vn -0.106137 -0.990613 -0.086140
vn 0.747914 -0.662613 0.039604
vn -0.499872 -0.856923 0.125744
vn 0.747409 -0.664364 0.000000
vn -0.503871 -0.863779 0.000000
vn -0.013114 -0.883002 0.469186
vn -0.391695 -0.541028 0.744220
vn -0.519365 0.811508 -0.267798
vn -0.507021 -0.760530 0.405615
vn -0.548648 0.824075 0.141018
vn -0.529466 -0.783075 -0.326281
vn 0.146713 -0.250276 -0.956994
vn 0.507020 -0.861934 0.000000
vn -0.214392 -0.311978 0.925584
vn -0.426617 -0.255970 0.867454
vn -0.076288 0.128642 0.988752
vn 0.435032 -0.900415 0.000000
vn -0.257818 -0.662960 0.702861
vn -0.200427 -0.493359 0.846419
vn -0.702578 -0.113002 0.702578
vn -0.497738 -0.486917 0.717752
vn -0.072793 -0.829843 0.553229
vn -0.628445 -0.602259 0.492282
vn -0.665797 -0.694745 0.272109
vn -0.193016 -0.330885 0.923721
vn -0.372857 0.616456 -0.693513
vn -0.407200 -0.698057 0.588986
vn 0.891530 -0.394331 -0.222883
vn 0.060609 -0.808122 0.585888
vn -0.519813 0.849586 0.089430
vn -0.580560 -0.803852 0.129509
vn -0.660631 -0.686487 -0.303813
vn -0.157187 -0.943122 -0.292939
vn -0.769219 -0.296699 -0.565925
vn -0.550250 0.824243 0.133600
vn -0.535774 -0.589351 0.604659
vn -0.154303 -0.771517 0.617213
vn -0.280047 -0.358460 0.890550
vn -0.138385 -0.742725 0.655140
vn -0.186770 -0.518806 0.834240
vn 0.148531 -0.667530 0.729618
vn -0.177443 -0.887217 0.425864
vn -0.628445 -0.602259 0.492282
vn -0.683184 -0.725883 -0.079705
vn 0.936393 -0.347425 0.049632
vn -0.168815 -0.939306 -0.298673
vn -0.302056 -0.573905 -0.761180
vn -0.335140 -0.595805 -0.729861
vn -0.587840 -0.213760 -0.780224
vn -0.170613 -0.244793 -0.954446
vn -0.109004 -0.269483 -0.956816
vn -0.343866 -0.939019 0.000000
vn 0.052856 0.140950 0.988605
vn -0.395829 -0.918324 0.000000
vn 0.744039 -0.653692 0.138179
vn -0.154303 -0.771517 0.617213
vn -0.132973 -0.443242 0.886484
vn 0.672639 -0.597902 0.435971
vn 0.905329 -0.421292 -0.053782
vn -0.131492 -0.882872 0.450829
vn -0.192450 -0.962250 -0.192450
vn -0.160210 -0.961262 -0.224295
vn 0.272957 -0.544832 0.792876
vn -0.016926 -0.626255 0.779434
vn -0.750844 -0.231392 0.618620
vn -0.440311 0.798530 -0.410459
vn -0.514006 0.809287 -0.284345
vn 0.158774 -0.300455 0.940488
vn -0.419058 0.907959 0.000000
vn -0.397685 0.828858 -0.393498
vn -0.478037 -0.819492 0.316090
vn -0.419058 0.907959 0.000000
vn -0.503871 -0.863779 0.000000
vn -0.830455 -0.498273 -0.249136
vn -0.882311 -0.352924 -0.311404
vn -0.532403 0.830296 0.164791
vn -0.302056 -0.573905 -0.761180
vn -0.485581 -0.815776 -0.314199
vn -0.819778 -0.327911 -0.469509
vn -0.348155 -0.348155 0.870388
vn -0.361977 0.762638 -0.536057
vn -0.548821 -0.329293 0.768350
vn -0.527450 -0.568023 0.631781
vn -0.154303 -0.771517 0.617213
vn -0.593199 -0.805056 0.000000
vn -0.655872 -0.754872 0.000000
vn -0.249069 -0.632252 0.733636
vn -0.184009 -0.508732 0.841031
vn -0.898606 -0.359443 -0.251610
vn -0.852989 -0.511793 -0.102359
vn -0.821282 -0.366956 0.436852
vn -0.521111 0.846807 -0.106591
vn 0.748995 -0.661411 0.039262
vn -0.154303 -0.771517 0.617213
vn -0.196116 -0.980581 0.000000
vn 0.747409 -0.664364 0.000000
vn -0.196116 -0.980581 0.000000
vn 0.277340 -0.585495 -0.761760
vn 0.127155 -0.265869 -0.955586
vn -0.136179 -0.318188 0.938196
vn -0.272864 -0.630997 0.726215
vn -0.376474 -0.815692 0.439219
vn -0.750725 -0.320823 0.577481
vn -0.898606 -0.359443 -0.251610
vn -0.506265 -0.818124 -0.272708
vn -0.259764 -0.628901 -0.732807
vn -0.111275 -0.269403 -0.956577
vn -0.049588 -0.280029 -0.958710
vn -0.177964 -0.984037 0.000000
vn 0.084309 -0.286049 -0.954499
vn 0.285476 -0.958386 0.000000
vn 0.024571 0.145892 0.988995
vn -0.239969 -0.970781 0.000000
vn -0.037540 0.151333 0.987770
vn 0.206010 -0.978550 0.000000
vn -0.197942 -0.371141 0.907234
vn -0.384456 -0.720854 0.576683
vn -0.582686 -0.375926 0.720525
vn -0.419058 0.907959 0.000000
vn -0.408248 0.816497 -0.408248
vn -0.677420 -0.451612 0.580645
vn -0.800001 -0.599999 0.000000
vn -0.419058 0.907959 0.000000
vn -0.800001 -0.599999 0.000000
vn -0.898606 -0.359443 -0.251610
vn -0.406824 -0.904052 0.131088
vn -0.823778 -0.329511 0.461316
vn 0.394299 -0.798557 -0.454790
vn 0.014634 -0.292683 -0.956098
vn 0.124035 -0.992278 0.000000
vn -0.120331 -0.992734 0.000000
vn 0.000000 0.164399 0.986394
vn 0.124035 -0.992278 0.000000
vn -0.120331 -0.992734 0.000000
vn -0.384456 -0.720854 0.576683
vn -0.389833 -0.693037 0.606407
vn -0.659783 -0.494836 0.565529
vn -0.611448 -0.791285 0.000000
vn -0.532172 -0.846636 0.000000
vn 0.164170 -0.583414 0.795410
vn 0.341937 -0.623633 0.702966
vn -0.302056 -0.573905 -0.761180
vn -0.242769 -0.644593 -0.724958
vn -0.354052 -0.885128 -0.301985
vn 0.223399 -0.433657 0.872946
vn 0.333167 -0.707981 0.622706
vn -0.125866 -0.605519 0.785814
vn -0.181275 -0.515202 0.837679
vn 0.069971 -0.349853 0.934188
vn 0.426847 -0.804912 0.412212
vn 0.431403 -0.898024 -0.086281
vn 0.484438 -0.837683 -0.252205
vn -0.048192 -0.302564 0.951910
vn -0.234912 -0.626432 0.743236
vn -0.333502 -0.850430 0.406872
vn -0.202114 -0.426572 0.881582
vn -0.384456 -0.720854 0.576683
vn -0.286389 -0.724921 0.626475
vn 0.131760 -0.646254 -0.751662
vn 0.061751 -0.291113 -0.954694
vn 0.014901 -0.619787 0.784629
vn -0.360205 -0.910804 0.201715
vn -0.355530 -0.895668 -0.267166
vn -0.168199 -0.672797 -0.720453
vn -0.068463 -0.276827 -0.958478
vn 0.003408 -0.194804 0.980836
vn 0.362446 -0.932005 0.000000
vn 0.464744 -0.733118 0.496538
vn 0.624695 -0.780869 0.000000
vn 0.362446 -0.932005 0.000000
vn 0.624695 -0.780869 0.000000
vn -0.312253 -0.728589 0.609636
vn -0.393920 -0.919145 0.000000
vn -0.393920 -0.919145 0.000000
vn -0.019933 -0.704304 -0.709619
vn -0.008310 -0.285304 -0.958401
vn -0.299865 -0.899595 -0.317504
vn -0.116562 -0.827738 -0.548874
vn 0.193596 -0.868759 -0.455828
vn 0.178825 -0.706062 0.685199
vn 0.136264 -0.472384 0.870796
vn 0.155030 -0.741446 0.652858
vn -0.119876 -0.718363 0.685263
vn -0.296534 -0.876122 0.380102
vn -0.015998 -0.888434 -0.458726
vn -0.121671 -0.476950 0.870468
vn -0.160431 -0.737981 0.655474
vn 0.258786 -0.933022 -0.250001
vn -0.099874 -0.923834 0.369534
vn -0.263514 -0.961469 0.078342
vn 0.202519 -0.821327 0.533300
vn 0.232685 -0.943666 -0.235270
vn -0.249821 -0.951445 -0.179836
vn -0.102691 -0.937053 -0.333745
vn 0.010132 -0.749799 0.661588
vn 0.006811 -0.483606 0.875259
vn -0.020282 -0.757188 0.652882
vn 0.287348 -0.957826 0.000000
vn 0.216222 -0.736505 0.640943
vn 0.209529 -0.977802 0.000000
vn 0.006106 -0.909721 0.415175
vn -0.107482 -0.994207 0.000000
vn 0.118415 -0.986794 -0.110521
vn -0.107482 -0.994207 0.000000
vn 0.051124 -0.955090 -0.291872
vn -0.165307 -0.746548 0.644469
vn -0.219839 -0.975536 0.000000
vn -0.219839 -0.975536 0.000000
vn 0.130455 -0.991454 0.000000
vn 0.040156 -0.756277 0.653018
vn -0.104685 -0.994505 0.000000
vn 0.130455 -0.991454 0.000000
vn -0.104685 -0.994505 0.000000
vn -0.988559 0.012915 0.150280
vn -0.772375 0.615486 0.156889
vn -0.796610 0.226198 0.560577
vn -0.820663 0.444526 0.359040
vn -0.965033 0.255692 -0.057737
vn -0.973089 -0.144765 -0.179278
vn 0.996826 0.071202 -0.035601
vn 0.915177 -0.323547 0.240350
vn 0.786796 -0.121045 0.605228
vn -0.580034 -0.183169 -0.793731
vn -0.366627 -0.026826 -0.929981
vn -0.410152 -0.205076 -0.888662
vn -0.601962 0.027362 -0.798056
vn 0.911854 0.073744 -0.403838
vn 0.952635 -0.146559 -0.266471
vn 0.958863 0.172104 -0.225746
vn 0.995816 0.012448 -0.090529
vn 0.999445 -0.033315 0.000000
vn 0.944224 0.193687 0.266319
vn 0.995239 0.008496 0.097096
vn 0.914149 0.176932 0.364728
vn 0.937630 -0.140644 0.317915
vn -0.508979 0.619627 0.597497
vn -0.408143 0.226746 0.884311
vn -0.815603 0.176347 0.551083
vn -0.594692 0.635705 0.492159
vn 0.994708 0.102470 0.007498
vn 0.963546 0.137649 -0.229416
vn -0.552413 -0.016740 -0.833402
vn -0.707000 0.017350 0.707000
vn -0.997330 -0.072975 -0.002630
vn -0.758943 -0.060114 0.648376
vn -0.757741 -0.063145 0.649493
vn -0.097015 -0.006848 0.995259
vn 0.632528 0.012164 0.774442
vn -0.099502 -0.005378 0.995023
vn 0.637517 -0.250453 -0.728591
vn 0.239549 0.012608 -0.970802
vn 0.975637 0.084161 0.202608
vn 0.968019 0.152845 0.198941
vn -0.256533 0.002591 0.966532
vn 0.523777 0.027209 0.851421
vn -0.194534 -0.021319 0.980664
vn 0.000000 0.000000 -1.000000
vn 0.316228 0.000000 -0.948683
vn 0.654305 -0.028126 0.755708
vn 0.996753 0.035598 -0.072228
vn 0.853119 0.041114 0.520094
vn 0.943820 0.101123 0.314607
vn 0.998192 -0.054389 -0.025595
vn 0.878815 0.054926 0.473990
vn 0.943820 -0.101124 0.314607
vn 0.681630 -0.013221 0.731577
vn 0.626889 -0.026395 0.778662
vn 0.352318 -0.040652 0.934997
vn -0.921201 0.317303 -0.225183
vn -0.953691 -0.109750 -0.280052
vn -0.869845 0.478854 0.118615
vn -0.960617 0.177892 0.213470
vn -0.967741 0.249267 -0.036657
vn -0.765632 0.082032 0.638027
vn -0.704559 -0.023485 -0.709256
vn -0.140174 0.004450 -0.990117
vn -0.852535 0.052906 -0.519986
vn -0.969718 0.029565 -0.242430
vn -0.852475 -0.066798 0.518483
vn -0.598553 0.019150 -0.800854
vn -0.887907 -0.007117 -0.459968
vn -0.896151 -0.033606 0.442475
vn -0.892553 0.033895 -0.449666
vn -0.827252 0.062044 0.558395
vn -0.529118 0.006453 -0.848524
vn 0.645438 0.035858 0.762971
vn 0.997975 0.028112 0.057051
vn -0.991399 -0.007684 0.130649
vn -0.783450 0.614833 0.090477
vn -0.812034 0.184554 -0.553661
vn -0.917360 0.387143 -0.092578
vn 0.701811 -0.010475 -0.712286
vn 0.437853 0.023045 -0.898751
vn 0.938389 -0.177800 0.296333
vn 0.936594 0.102217 0.335177
vn -0.953244 0.018100 0.301659
vn -0.579999 0.780559 0.233084
vn 0.602331 0.019615 0.798005
vn 0.704952 -0.005236 0.709236
vn 0.923834 -0.099874 0.369534
vn 0.889182 0.108144 0.444591
vn 0.975117 0.105418 -0.195023
vn 0.985743 -0.058612 0.157719
vn 0.943972 0.116380 -0.308826
vn 0.974343 -0.061445 -0.216521
vn 0.820561 0.066823 -0.567639
vn 0.937053 -0.102691 -0.333745
vn 0.285284 -0.008391 -0.958406
vn 0.704276 -0.020122 -0.709641
vn 0.293845 0.014841 -0.955738
vn 1.000000 0.000000 0.000000
vn 0.483606 0.006811 0.875259
vn -0.162288 -0.008114 0.986710
vn -0.154996 0.004697 0.987904
vn 1.000000 0.000000 0.000000
vn 0.622230 -0.006691 0.782806
vn 0.756277 0.040156 0.653018
vn 0.998618 0.052559 0.000000
vn 0.999654 -0.026307 0.000000
vn -0.780216 0.606834 0.151709
vn -0.500959 0.751439 0.429394
vn -0.307692 0.230769 0.923077
vn -0.594737 0.132164 0.792982
vn -0.788071 0.514658 0.337745
vn -0.985354 -0.133156 0.106525
vn -0.982468 0.177780 0.056141
vn -1.000000 0.000000 0.000000
vn -0.338802 0.012100 -0.940780
vn -0.991472 -0.028620 -0.127135
vn 0.997817 0.026968 0.060281
vn 0.000000 0.000000 1.000000
vn 0.851790 0.029887 -0.523030
vn 0.168184 -0.004672 0.985745
vn 0.974252 0.111157 0.196158
vn 0.967848 0.142331 0.207396
vn -0.508979 0.619627 0.597497
vn -0.304875 0.169375 0.937210
vn -0.977325 -0.065944 0.201214
vn -0.729537 0.410365 -0.547153
vn -0.926384 -0.225947 0.301263
vn -0.591540 0.801954 0.083371
vn 0.000000 0.000000 -1.000000
vn -0.699827 0.098889 -0.707434
vn -0.955287 0.106143 -0.275972
vn -0.700973 0.481919 -0.525730
vn 0.000000 0.000000 -1.000000
vn 0.694257 0.057855 -0.717398
vn -0.874140 0.477978 -0.086122
vn 0.738470 -0.006421 0.674255
vn 0.000000 0.000000 1.000000
vn 0.130667 0.013938 -0.991328
vn -0.130530 0.130530 0.982814
vn 0.909140 0.090349 -0.406573
vn 0.988579 0.087525 0.122684
vn 0.230022 -0.080819 0.969824
vn 0.814853 0.071899 0.575191
vn 0.985356 0.094582 0.141873
vn 0.696294 0.031177 0.717079
vn -0.500959 0.751439 0.429394
vn -0.206284 0.309426 0.928279
vn -1.000000 0.000000 0.000000
vn -0.959027 0.281005 0.036092
vn 0.952786 -0.059549 0.297746
vn 0.769029 0.066649 0.635730
vn -0.196596 0.068809 -0.978067
vn 0.195967 0.105332 -0.974937
vn -0.325736 0.108579 -0.939205
vn 0.335279 0.090805 -0.937733
vn -0.299155 0.124040 0.946108
vn 0.318139 0.104427 0.942275
vn 0.159821 0.086570 0.983343
vn -0.849649 0.516970 0.104112
vn -0.974882 -0.075824 0.209419
vn -0.667468 0.241030 -0.704550
vn -0.758801 0.572972 -0.309715
vn 0.959336 0.128523 0.251309
vn 0.667502 0.062093 -0.742014
vn -0.981966 -0.100201 0.160321
vn -0.939535 0.327755 0.099248
vn -0.278354 -0.955681 -0.095877
vn -0.982468 0.177780 0.056141
vn -0.829288 0.296174 -0.473879
vn 0.999691 0.019894 -0.014921
vn 0.955455 0.201857 0.215314
vn -0.500959 0.751439 0.429394
vn -0.774445 0.616254 0.143059
vn -0.922975 0.384758 -0.008896
vn -0.508979 0.619627 0.597497
vn -0.981500 -0.006173 0.191362
vn -0.969740 0.170932 0.174316
vn -0.609088 0.752403 0.250801
vn -0.934521 0.137430 0.328304
vn -0.949751 0.097264 -0.297512
vn -0.601170 0.784861 0.150293
vn -0.938857 0.122200 0.321894
vn -0.369399 0.103432 0.923497
vn -0.497999 0.195643 0.844820
vn 0.522053 0.146827 0.840180
vn 0.336471 0.134589 0.932026
vn -0.047399 0.181696 0.982212
vn -0.752171 0.653000 0.088491
vn -0.500959 0.751439 0.429394
vn -0.278354 -0.955681 -0.095877
vn -0.982468 0.177780 0.056141
vn -1.000000 0.000000 0.000000
vn -0.897594 0.407916 0.167120
vn -0.104447 0.176068 -0.978821
vn 0.082417 0.183853 -0.979493
vn -0.344250 0.159831 -0.925173
vn -0.537319 0.189642 -0.821781
vn 0.078201 0.163511 0.983437
vn 0.215882 0.455752 -0.863531
vn -0.034136 0.265326 -0.963554
vn -0.978900 -0.044328 0.199474
vn -0.953006 0.252667 0.167149
vn -0.284676 0.193822 -0.938825
vn 0.269967 0.238631 -0.932831
vn -0.536489 0.206342 -0.818293
vn 0.561640 0.163267 -0.811113
vn -0.539077 0.181782 0.822406
vn 0.555250 0.189984 0.809693
vn -0.252042 0.186859 0.949504
vn 0.259805 0.195373 0.945691
vn -0.649728 0.205405 -0.731890
vn 0.645488 0.200390 -0.737013
vn -0.648063 0.202187 0.734258
vn 0.639145 0.202679 0.741899
vn -0.769359 0.229881 -0.596022
vn -0.767354 0.238454 0.595237
vn -0.173519 0.266566 0.948068
vn -0.164037 0.272468 -0.948079
vn 0.335956 0.183249 -0.923880
vn 0.449649 0.312256 -0.836846
vn 0.761163 0.239126 -0.602868
vn -0.846092 0.183933 -0.500298
vn -0.850798 0.386726 -0.355788
vn -0.983420 -0.166212 0.072514
vn 0.000000 0.000000 1.000000
vn -0.931178 -0.141087 0.336157
vn -0.850798 0.386726 0.355788
vn -0.852840 0.197760 0.483276
vn 0.763651 0.232700 0.602236
vn -0.410511 0.359197 0.838127
vn -0.310488 0.206992 0.927767
vn -0.481543 0.240772 0.842701
vn 0.207361 0.269076 0.940531
vn 0.980630 0.145838 0.130751
vn 0.941492 0.247992 0.228240
vn 0.972806 0.185296 0.138972
vn 0.904260 0.192786 0.380983
vn 0.693072 0.115512 -0.711554
vn 0.130249 0.030203 -0.991021
vn 0.147442 0.442326 -0.884652
vn 0.217095 0.260514 -0.940746
vn -0.930543 0.149466 -0.334289
vn -0.867295 0.392275 -0.306465
vn -0.953761 0.150594 -0.260117
vn -0.944966 0.300361 -0.129701
vn -0.960564 0.278058 -0.000000
vn 0.624576 -0.019518 0.780720
vn 0.992388 -0.117244 0.037686
vn 0.161056 -0.916008 0.367410
vn -0.945621 0.298617 0.128948
vn -0.953761 0.150594 0.260117
vn -0.870620 0.423170 0.250896
vn -0.930543 0.149466 0.334289
vn 0.442128 0.315806 0.839517
vn 0.286970 0.245975 0.925821
vn 0.173269 0.077009 0.981859
vn 0.776792 0.120348 0.618151
vn 0.744893 0.218780 0.630294
vn 0.000000 0.000000 1.000000
vn 0.675395 0.157592 -0.720421
vn 0.973514 0.228628 0.000000
vn 0.972306 0.129641 -0.194461
vn 0.981491 0.191510 0.000000
vn 0.750825 0.142795 0.644881
vn 0.788685 0.167595 0.591514
vn 0.535124 0.131723 -0.834441
vn 0.835476 0.275937 -0.475225
vn 0.600000 0.000000 0.800000
vn -0.113471 -0.903400 0.413513
vn -0.095484 -0.004774 0.995420
vn -0.631763 -0.092906 0.769574
vn 0.097384 0.014608 0.995140
vn 0.847836 0.285181 0.447041
vn -0.095119 0.300490 0.949030
vn 0.909415 0.229090 -0.347105
vn 0.975950 0.167219 0.139856
vn 0.982328 0.130768 0.133906
vn 0.960368 0.245139 0.132663
vn 0.227155 0.116490 0.966866
vn 0.972984 0.032650 0.228553
vn 0.967378 0.128984 0.218044
vn 0.954480 0.000000 0.298275
vn 0.955739 0.073518 0.284884
vn 0.646813 0.035934 -0.761802
vn 0.686286 0.140893 0.713555
vn 0.216902 0.016268 0.976058
vn -0.947916 0.309935 -0.073459
vn -0.129070 0.029785 -0.991188
vn -0.782378 0.065198 0.619382
vn 0.215882 0.455752 -0.863531
vn -0.152532 0.318622 -0.935529
vn 0.379049 0.530669 -0.758098
vn 0.097542 0.447969 -0.888712
vn 0.012871 0.317488 -0.948175
vn 0.892733 0.313445 -0.323698
vn 0.892733 0.313445 0.323698
vn -0.008741 0.337984 0.941111
vn 0.080451 0.326538 0.941754
vn 0.857684 0.172255 -0.484466
vn 0.872551 0.448394 -0.193900
vn 0.994370 0.104670 -0.016527
vn 0.913330 0.402484 0.061921
vn 0.960355 -0.274324 0.049635
vn 0.000000 0.000000 1.000000
vn 0.899219 0.389662 -0.198918
vn 0.873449 0.480397 -0.079404
vn 0.976708 0.195342 -0.088792
vn 0.881893 0.469631 -0.041360
vn 0.985030 0.172380 -0.000000
vn 0.893648 0.372353 0.250492
vn 0.875709 0.469892 0.111065
vn 0.975900 0.195180 0.097590
vn 0.548823 0.329292 -0.768349
vn 0.972984 0.032650 0.228553
vn 0.000000 0.114624 -0.993409
vn 0.951012 0.173840 0.255648
vn 0.967848 0.142331 0.207396
vn 0.710552 0.232968 -0.663959
vn 0.203807 0.075087 -0.976127
vn 0.946727 0.143054 0.288519
vn 0.000000 0.000000 -1.000000
vn 0.656228 0.069744 -0.751333
vn -0.711810 0.168587 -0.681839
vn -0.132329 0.032188 -0.990683
vn -0.393870 0.471157 -0.789226
vn -0.509022 0.254511 -0.822266
vn -0.435991 0.389361 0.811363
vn -0.501377 0.250688 0.828116
vn 0.000000 0.000000 -1.000000
vn 0.191295 -0.030061 0.981072
vn -0.914543 0.164618 -0.369476
vn 0.975950 0.167219 0.139856
vn 0.730752 0.668254 0.139420
vn 0.928024 0.346837 0.135923
vn 0.954276 0.253939 0.157709
vn 0.138343 0.415029 0.899229
vn 0.917171 0.393073 0.065512
vn 0.992265 0.118127 0.038164
vn 0.913330 0.402484 0.061921
vn 0.359967 0.378913 0.852554
vn 0.175481 0.022889 0.984217
vn -0.834887 0.169808 -0.523573
vn -0.941957 0.322249 -0.094196
vn -0.965123 0.150130 -0.214472
vn -0.697149 0.118664 0.707038
vn -0.922243 0.339774 -0.184449
vn -0.541530 0.124490 -0.831413
vn -0.674134 0.185968 0.714814
vn 0.583175 0.107173 -0.805246
vn -0.347939 0.530193 -0.773198
vn -0.237970 0.273225 -0.932050
vn -0.488136 0.254680 -0.834783
vn 0.883117 0.189239 -0.429293
vn 0.194237 -0.048559 0.979752
vn -0.526342 0.092466 0.845230
vn 0.972806 0.185296 0.138972
vn 0.841794 0.538748 0.033672
vn 0.987138 0.140762 -0.075795
vn 0.962206 0.217858 0.163393
vn 0.972806 0.185296 0.138972
vn 0.592232 0.727951 0.345468
vn 0.609234 0.332309 0.720003
vn 0.172740 0.444804 -0.878812
vn 0.264317 0.304981 -0.914944
vn 0.311874 0.400980 -0.861365
vn 0.500931 0.294724 -0.813761
vn 0.879403 0.182517 0.439702
vn 0.902833 0.150472 -0.402803
vn 0.803015 0.199105 0.561715
vn 0.467648 0.115819 -0.876294
vn 0.726183 0.130062 0.675087
vn 0.095803 0.014903 0.995289
vn 0.462763 0.341750 0.817959
vn -0.312393 0.451235 0.835941
vn -0.229936 0.273049 0.934116
vn 0.855971 0.260513 -0.446594
vn 0.975950 0.167219 0.139856
vn 0.747378 0.660182 -0.074738
vn 0.928024 0.346837 0.135923
vn 0.287183 0.215387 0.933346
vn 0.655406 0.478270 0.584552
vn -0.278354 -0.955681 -0.095877
vn -0.922993 0.327084 0.202729
vn -0.968496 0.176090 0.176090
vn -0.929674 0.153381 0.334933
vn 0.758929 0.613602 0.217990
vn 0.920338 0.215240 0.326572
vn 0.954480 0.000000 0.298275
vn 0.650560 0.270362 -0.709701
vn 0.610339 0.744971 0.269267
vn 0.635078 0.379151 0.672993
vn 0.826806 0.557006 -0.078329
vn 0.983274 0.157324 -0.091772
vn 0.956836 0.153094 -0.247038
vn 0.422693 0.785000 0.452885
vn 0.886952 0.389013 0.248969
vn -0.689246 -0.654783 0.310161
vn -0.270874 -0.868282 0.415588
vn -0.764345 -0.062395 0.641782
vn -0.092713 -0.008062 0.995660
vn 0.364545 0.387329 0.846808
vn 0.212899 0.479022 0.851594
vn 0.205029 0.336834 0.918970
vn 0.758929 0.613602 0.217990
vn 0.954480 0.000000 0.298275
vn 0.950192 0.143968 0.276420
vn -0.637593 0.162906 0.752952
vn 0.932193 0.361462 -0.019025
vn 0.917171 0.393073 0.065512
vn 0.973708 0.224700 0.037450
vn 0.913330 0.402484 0.061921
vn 0.700518 0.548230 -0.456858
vn 0.770146 0.611586 -0.181211
vn 0.990743 0.104289 -0.086907
vn 0.955503 0.142498 -0.258278
vn 0.377688 0.103006 -0.920186
vn 0.991881 0.127164 -0.001375
vn 0.496958 0.091862 -0.862899
vn 0.983614 0.180098 -0.008237
vn 0.746072 0.090738 0.659654
vn 0.352865 0.132324 0.926270
vn 0.342381 0.733674 0.586940
vn 0.972984 0.032650 0.228553
vn 0.943671 0.219235 0.247833
vn 0.426401 0.639602 0.639602
vn -0.895307 0.298436 0.330699
vn -0.868767 0.224313 -0.441505
vn -0.934521 0.137430 0.328304
vn 0.000000 0.000000 -1.000000
vn -0.187482 -0.043879 0.981288
vn -0.000001 -0.707107 0.707106
vn 0.000000 0.000000 -1.000000
vn 0.635001 0.127000 -0.762001
vn 0.000000 0.000000 -1.000000
vn 0.000000 -0.707107 0.707107
vn 0.931212 0.364387 0.008096
vn -0.837890 0.146631 0.525776
vn -0.982384 0.169795 -0.078042
vn 0.138343 0.415029 0.899229
vn 0.283190 0.849569 0.445013
vn 0.487914 0.786084 0.379489
vn 0.382692 0.334855 0.861057
vn 0.646682 0.759737 0.067834
vn -0.512522 0.479188 -0.712531
vn -0.600492 0.283251 -0.747782
vn 0.945745 -0.321130 0.049405
vn 0.126047 -0.913839 0.386018
vn 0.592349 -0.236940 0.770053
vn -0.520419 0.470127 0.712843
vn -0.581153 0.290577 0.760149
vn 0.700885 0.703848 0.115579
vn 0.928024 0.346837 0.135923
vn 0.817418 0.351680 -0.456233
vn 0.701428 0.701427 -0.126487
vn 0.000000 -0.707107 0.707107
vn 0.647980 0.447985 -0.615980
vn -0.193961 -0.046470 0.979908
vn 0.516661 0.144665 0.843880
vn -0.943820 0.101124 0.314607
vn -0.968141 0.248004 -0.034594
vn -0.848493 0.129949 0.513003
vn -0.901612 0.294404 0.316893
vn 0.671797 0.729549 0.128244
vn 0.138343 0.415029 0.899229
vn 0.917171 0.393073 0.065512
vn 0.283190 0.849569 0.445013
vn 0.989882 0.135306 0.042728
vn 0.398216 0.796432 0.455104
vn 0.656133 0.749865 -0.084806
vn -0.600565 0.131667 -0.788661
vn -0.612741 -0.727271 0.309234
vn -0.998860 -0.007165 -0.047204
vn -0.770329 -0.059256 0.634887
vn 0.569803 0.455842 -0.683764
vn 0.548823 0.329292 -0.768349
vn 0.000000 0.393919 -0.919145
vn 0.541275 0.787308 -0.295241
vn 0.342381 0.733674 0.586940
vn 0.386701 0.910162 0.148550
vn 0.758929 0.613602 0.217990
vn 0.920338 0.215240 0.326572
vn 0.577350 0.577350 0.577351
vn 0.438008 0.885434 0.155422
vn 0.920338 0.215240 0.326572
vn 0.631169 0.631168 -0.450835
vn 0.872551 0.448394 -0.193900
vn 0.265085 -0.959356 -0.096777
vn 0.989882 0.135306 0.042728
vn 0.814945 0.566930 0.120233
vn 0.680738 0.721994 0.123770
vn 0.930896 0.355930 0.082139
vn -0.166398 0.522966 -0.835953
vn 0.215882 0.455752 -0.863531
vn -0.094141 0.349231 -0.932296
vn -0.860171 0.202954 -0.467884
vn 0.547351 0.402270 -0.733884
vn -0.327226 0.057746 -0.943180
vn -0.663060 0.194833 0.722767
vn -0.536082 0.123711 -0.835052
vn -0.189248 0.070968 0.979361
vn -0.220760 -0.881441 0.417525
vn 0.585877 -0.226791 0.778019
vn 0.535472 0.391809 0.748168
vn -0.150514 0.518438 0.841765
vn -0.119087 0.330798 0.936158
vn 0.176927 0.482527 0.857826
vn 0.082624 0.380071 0.921260
vn 0.548823 0.329292 -0.768349
vn 0.969075 0.070908 0.236360
vn 0.541276 0.787308 -0.295240
vn 0.943671 0.219235 0.247833
vn 0.648364 0.134426 0.749369
vn -0.641311 0.135432 0.755234
vn 0.798483 0.600849 -0.037482
vn 0.379049 0.530669 -0.758098
vn -0.099947 0.524722 -0.845386
vn -0.044190 0.343319 -0.938179
vn -0.749112 0.162920 0.642096
vn -0.866240 0.208632 -0.453983
vn -0.595138 0.495948 -0.632334
vn -0.705011 0.344584 -0.619856
vn -0.650753 0.542294 -0.531448
vn -0.636363 0.545455 -0.545455
vn 0.017064 0.511909 0.858870
vn -0.015253 0.366082 0.930458
vn 0.674215 0.734311 0.078878
vn 0.342381 0.733674 0.586940
vn 0.894727 0.350904 0.276278
vn 0.334159 0.931881 0.141194
vn 0.969075 0.070908 0.236360
vn 0.927257 0.292376 0.233903
vn 0.835159 0.240108 0.494831
vn 0.989034 0.141290 -0.043001
vn 0.932578 0.358684 -0.040547
vn 0.918945 0.219198 0.327860
vn 0.990207 0.123776 -0.064579
vn 0.932578 0.358684 -0.040547
vn 0.283190 0.849569 0.445013
vn 0.560066 0.814992 0.148707
vn -0.883960 -0.465242 0.046524
vn 0.171052 -0.946488 0.273683
vn -0.914918 -0.219172 0.338953
vn -0.552379 0.502162 0.665365
vn -0.640488 0.582262 0.500746
vn -0.715619 0.340213 0.610036
vn -0.354639 0.461152 0.813370
vn 0.000000 -0.707107 0.707107
vn 0.898305 0.308135 0.313211
vn 0.386701 0.910162 0.148550
vn 0.931212 0.364387 0.008096
vn 0.935724 0.327503 -0.131001
vn 0.642807 0.616021 -0.455321
vn 0.847286 0.225536 0.480874
vn -0.280029 0.049588 -0.958710
vn -0.978036 0.208434 0.000000
vn -0.978036 0.208434 0.000000
vn 0.137264 -0.029253 0.990102
vn 0.265085 -0.959356 -0.096777
vn 0.938371 0.306956 0.158863
vn 0.995734 0.080114 0.045781
vn 0.428338 0.897150 0.107928
vn -0.322873 0.074174 -0.943531
vn -0.927388 0.366642 -0.074330
vn -0.996260 0.040332 -0.076418
vn 0.568421 0.818826 0.080130
vn 0.652768 0.130782 0.746184
vn -0.590279 0.154875 0.792202
vn -0.495217 0.043696 0.867670
vn -0.064788 0.036085 0.997246
vn 0.239047 0.517935 -0.821340
vn 0.388200 0.440837 -0.809298
vn 0.642334 0.487849 -0.591110
vn -0.767306 0.358076 -0.531999
vn -0.636363 0.545455 -0.545455
vn -0.769168 0.529871 -0.357236
vn -0.722497 0.538589 0.433498
vn -0.778538 0.351598 0.519863
vn 0.409936 0.424727 0.807193
vn 0.234614 0.512930 0.825748
vn 0.920173 0.351217 0.172998
vn 0.969075 0.070908 0.236360
vn 0.447214 0.894427 0.000000
vn -0.276827 0.068463 -0.958478
vn -0.672797 0.168199 -0.720453
vn -0.888693 0.445460 0.108582
vn 0.454901 -0.844310 0.283207
vn -0.614940 -0.122988 0.778924
vn 0.099484 0.019897 0.994840
vn -0.612741 -0.727271 0.309234
vn -0.191129 0.076452 0.978583
vn -0.267363 -0.870838 0.412502
vn -0.641189 0.269974 0.718325
vn 0.642334 0.487849 0.591110
vn -0.827738 0.116562 -0.548874
vn -0.899595 0.299865 -0.317504
vn 0.852848 0.520237 -0.044774
vn 0.930726 0.353675 0.093073
vn 0.000000 0.000000 1.000000
vn 0.119574 0.049579 -0.991587
vn -0.799804 0.507800 -0.320082
vn -0.866127 -0.497541 0.047723
vn -0.958043 -0.266123 0.106449
vn 0.000000 0.000000 1.000000
vn -0.811184 0.516452 0.274332
vn -0.711220 0.136306 0.689627
vn -0.886968 0.295657 0.354787
vn -0.923834 0.099874 0.369534
vn -0.970869 0.231428 0.062090
vn -0.937053 0.102691 -0.333745
vn -0.936998 0.276146 -0.213960
vn 0.290755 0.084804 -0.953032
vn 0.992278 0.124035 0.000000
vn 0.932568 0.360994 0.000000
vn -0.151333 -0.037540 0.987770
vn 0.992278 0.124035 0.000000
vn 0.932568 0.360994 0.000000
vn -0.619486 0.121749 0.775509
vn -0.466575 0.160624 0.869775
vn -0.530879 -0.790670 0.304973
vn -0.907881 0.408546 -0.094031
vn -0.995749 0.053536 -0.074949
vn -0.650173 0.283409 0.704950
vn 0.583414 0.164170 0.795410
vn -0.744175 0.137810 0.653614
vn -0.983580 0.180473 0.000000
vn -0.965616 0.259974 0.000000
vn -0.796133 0.600282 -0.076382
vn -0.052067 0.061985 -0.996718
vn 0.631714 0.281710 -0.722203
vn 0.125558 0.055804 -0.990516
vn -0.257452 0.533137 -0.805905
vn -0.390886 0.513735 -0.763731
vn 0.606408 0.693037 -0.389833
vn 0.713895 0.507468 -0.482525
vn -0.818261 0.553807 -0.154097
vn -0.865500 0.490657 0.100820
vn -0.867840 -0.494146 0.051706
vn 0.171052 -0.946488 0.273683
vn -0.559072 -0.338832 0.756724
vn 0.727362 0.514475 0.454158
vn 0.606408 0.693037 0.389833
vn -0.419536 0.529245 0.737489
vn -0.205502 0.560237 0.802436
vn 0.295815 0.062749 -0.953182
vn 0.635993 0.129668 -0.760722
vn -0.152300 -0.036921 0.987644
vn 0.472504 0.135669 0.870824
vn -0.174778 0.131084 -0.975843
vn -0.664110 -0.747123 0.027671
vn 0.724946 -0.543710 0.422885
vn 0.000000 0.000000 1.000000
vn 0.000000 0.000000 -1.000000
vn -0.661187 -0.743835 -0.097675
vn 0.716946 -0.513489 0.471505
vn 0.621363 0.277978 -0.732554
vn 0.957826 0.287348 0.000000
vn 0.858416 0.510409 -0.051041
vn 0.957826 0.287348 0.000000
vn 0.732758 0.265492 0.626561
vn 0.865426 0.501036 0.000000
vn 0.610683 0.305341 0.730639
vn 0.489041 0.252671 -0.834863
vn 0.158751 0.519467 -0.839614
vn 0.168502 0.559750 0.811349
vn 0.865963 0.192560 -0.461550
vn -0.609711 0.304855 -0.731653
vn -0.119142 0.058304 -0.991164
vn -0.512147 0.384111 -0.768221
vn -0.320432 0.245036 -0.915030
vn -0.686064 0.040357 -0.726421
vn -0.516704 0.317971 0.794929
vn 0.357523 0.918183 -0.170636
vn 0.379049 0.530669 -0.758098
vn -0.018315 0.567780 -0.822976
vn 0.277339 0.624485 -0.730138
vn 0.483962 0.525341 -0.699855
vn 0.612470 0.653301 -0.445061
vn 0.606408 0.693037 -0.389833
vn 0.846566 0.465611 -0.257938
vn 0.671837 0.716626 -0.187300
vn 0.852438 0.440870 0.281038
vn 0.606408 0.693037 0.389833
vn 0.612470 0.653301 0.445061
vn 0.671837 0.716626 0.187300
vn 0.113805 0.073638 0.990770
vn 0.379834 -0.883115 0.275380
vn -0.524188 -0.339180 0.781143
vn 0.468020 0.523609 0.711893
vn 0.277339 0.624485 0.730138
vn -0.031180 0.594908 0.803189
vn 0.708662 0.179484 0.682337
vn 0.838945 0.206863 0.503367
vn 0.953116 0.235015 -0.190623
vn 0.927534 0.267588 -0.260918
vn 0.990992 0.133918 0.000000
vn 0.591292 0.123186 0.796993
vn -0.654982 0.738344 0.160768
vn -0.909775 -0.134284 0.392781
vn -0.730803 -0.677973 0.079244
vn -0.639302 -0.766517 -0.061193
vn 0.804684 -0.585225 0.099976
vn 0.000000 0.000000 1.000000
vn -0.639991 -0.767988 -0.024615
vn 0.808345 -0.587887 0.031090
vn -0.511363 0.198864 -0.836039
vn -0.566434 0.312208 0.762679
vn 0.357523 0.918183 -0.170636
vn 0.858681 0.472274 -0.199058
vn 0.759449 0.635308 -0.140073
vn 0.858681 0.472274 0.199058
vn 0.726463 0.668245 0.160311
vn 0.736505 0.216222 0.640943
vn 0.991454 0.130455 0.000000
vn 0.932005 0.362446 0.000000
vn 0.991454 0.130455 0.000000
vn 0.932005 0.362446 0.000000
vn -0.655507 0.280932 -0.700991
vn -0.911371 0.411587 0.000000
vn -0.630429 0.277389 0.724993
vn -0.905640 0.416882 -0.077626
vn -0.483515 0.636204 -0.601213
vn -0.650753 0.542294 -0.531448
vn 0.882038 -0.468020 0.054464
vn 0.000000 0.000000 1.000000
vn 0.813564 0.581236 0.016654
vn 0.915018 -0.400321 0.049857
vn 0.562409 -0.266404 0.782768
vn -0.486129 0.642385 0.592470
vn -0.641862 0.564839 0.518624
vn -0.854248 0.475328 0.210532
vn 0.195533 -0.077028 0.977667
vn -0.769070 0.345481 -0.537749
vn -0.733674 -0.342381 0.586939
vn -0.966183 0.188345 0.176114
vn -0.810360 -0.578829 0.090959
vn -0.753543 0.656039 0.042271
vn -0.777436 -0.518291 0.356325
vn 0.777908 0.518605 0.354835
vn -0.666483 0.744239 -0.043692
vn 0.027754 0.031223 -0.999127
vn 0.000000 0.000000 1.000000
vn 0.000000 0.000000 -1.000000
vn 0.771756 -0.582403 0.255340
vn 0.488752 -0.820406 0.296743
vn 0.696311 0.174077 0.696311
vn 0.096082 0.021961 0.995131
vn -0.222030 0.635661 -0.739350
vn -0.186576 0.086719 0.978606
vn 0.560968 -0.261785 0.785355
vn -0.228470 0.627099 0.744680
vn -0.715838 0.680350 0.157160
vn -0.974784 -0.185673 -0.123782
vn -0.810360 -0.578829 0.090959
vn 0.058677 -0.039118 -0.997510
vn 0.265085 -0.959356 -0.096777
vn 0.898977 0.356502 0.254453
vn 0.821588 0.547725 0.158083
vn -0.185713 0.114740 0.975882
vn -0.504885 0.175612 0.845134
vn 0.692679 0.717417 -0.074216
vn 0.199378 -0.124611 0.971967
vn -0.847880 0.529925 0.016734
vn 0.305995 0.673189 -0.673190
vn -0.175010 0.128341 -0.976166
vn 0.717643 -0.518298 0.465140
vn 0.000000 0.000000 1.000000
vn -0.831875 0.554583 0.020540
vn -0.644522 -0.764124 -0.026578
vn 0.320790 0.724985 -0.609501
vn 0.555517 0.611960 -0.562944
vn 0.547229 0.633310 0.547229
vn 0.320790 0.724985 0.609501
vn 0.859814 0.382384 0.338382
vn -0.669522 -0.241467 0.702449
vn -0.967415 0.183972 0.173960
vn 0.692679 0.717417 -0.074216
vn -0.952077 -0.075164 0.296480
vn 0.777908 0.518605 0.354835
vn -0.847880 0.529925 0.016734
vn -0.715263 0.510902 -0.476842
vn -0.175010 0.128341 -0.976166
vn -0.625034 -0.766551 -0.147414
vn -0.715263 0.510902 -0.476842
vn -0.698536 0.465690 -0.543305
vn -0.832050 0.554700 0.000000
vn -0.572131 -0.803707 -0.163466
vn -0.831908 0.554605 0.018487
vn -0.648572 -0.760757 -0.024541
vn 0.000000 0.000000 1.000000
vn 0.000000 0.000000 -1.000000
vn 0.186171 0.675478 -0.713492
vn -0.458819 0.769632 -0.444018
vn -0.650753 0.542294 -0.531448
vn -0.636363 0.545455 -0.545455
vn -0.699266 0.599371 -0.389592
vn -0.458819 0.769632 0.444018
vn -0.694209 0.581198 0.424598
vn 0.186171 0.675478 0.713492
vn -0.473880 -0.829288 0.296176
vn 0.000000 0.000000 1.000000
vn 0.456172 -0.304114 -0.836315
vn -0.796686 0.510806 0.323063
vn -0.739807 0.374205 -0.559157
vn 0.542768 0.232948 -0.806931
vn -0.035316 0.684118 -0.728516
vn 0.393859 0.218811 -0.892747
vn 0.858678 0.511553 -0.031411
vn 0.377688 0.103006 -0.920186
vn 0.939702 0.341050 -0.025397
vn 0.970059 0.242514 -0.013109
vn 0.740146 -0.608182 0.286878
vn 0.939702 0.341050 -0.025397
vn 0.974794 0.221544 -0.026346
vn 0.711258 0.169347 0.682227
vn -0.035316 0.684118 0.728516
vn -0.612827 -0.754247 0.235702
vn 0.006849 -0.006849 -0.999953
vn 0.089087 -0.445435 0.890871
vn -0.553334 -0.832928 -0.007319
vn 0.791332 -0.527555 -0.308997
vn 0.456172 -0.304114 -0.836314
vn 0.692679 0.717417 -0.074216
vn 0.199378 -0.124611 0.971967
vn -0.822689 0.179773 0.539318
vn 0.305995 0.673189 -0.673190
vn 0.406810 0.894982 -0.183064
vn 0.721983 -0.505388 0.472571
vn 0.000000 0.000000 1.000000
vn -0.825067 0.564519 0.024125
vn 0.807214 0.396555 -0.437206
vn -0.920316 -0.316358 -0.230079
vn -0.957372 0.225559 0.180447
vn -0.869051 -0.484515 0.099979
vn -0.482398 0.869898 0.102806
vn 0.304060 -0.694995 -0.651559
vn 0.261712 0.942163 0.209370
vn -0.336280 -0.213996 -0.917127
vn -0.959820 -0.179645 -0.215575
vn 0.000000 0.000000 -1.000000
vn -0.182854 -0.093505 0.978683
vn 0.000000 0.000000 -1.000000
vn 0.819204 0.532483 -0.212993
vn 0.931212 0.364387 0.008096
vn 0.935724 0.327503 -0.131001
vn -0.453399 0.259085 0.852822
vn -0.632648 0.262318 0.728660
vn -0.762131 0.435504 0.479054
vn -0.482062 0.788829 -0.381268
vn -0.642128 0.706523 -0.297483
vn -0.482062 0.788829 0.381268
vn -0.591458 0.769694 0.240308
vn -0.609557 0.270914 0.745014
vn -0.842598 0.504633 0.188080
vn 0.679942 0.730690 -0.061412
vn 0.084882 0.131181 -0.987718
vn -0.580370 0.443813 -0.682789
vn -0.558544 0.201545 -0.804617
vn -0.320432 0.245036 -0.915030
vn 0.357523 0.918183 -0.170636
vn 0.659977 0.289630 0.693213
vn 0.848391 0.346868 -0.399893
vn 0.536136 0.296555 0.790325
vn 0.427662 0.218381 -0.877163
vn -0.191697 -0.086264 -0.977656
vn 0.377688 0.103006 -0.920186
vn 0.452288 0.168580 -0.875795
vn 0.357348 0.777757 -0.517104
vn 0.612470 0.653301 -0.445061
vn 0.606408 0.693037 -0.389833
vn 0.571148 0.652740 -0.497715
vn 0.384429 0.811573 -0.439958
vn 0.114985 0.079851 0.990153
vn 0.801244 -0.555147 0.223204
vn 0.502105 -0.817477 0.282175
vn 0.615568 0.426162 0.662919
vn 0.571148 0.652740 0.497715
vn 0.606408 0.693037 0.389833
vn 0.612470 0.653301 0.445061
vn 0.352678 0.788339 0.504122
vn 0.368812 0.819583 0.438477
vn -0.527271 -0.828567 0.188313
vn -0.408248 -0.408248 0.816497
vn 0.000000 0.000000 1.000000
vn 0.837687 0.446767 0.314133
vn 0.810792 0.501920 -0.301152
vn 0.819204 0.532483 -0.212993
vn 0.935724 0.327503 -0.131001
vn -0.194316 -0.099317 0.975898
vn 0.463761 0.237033 0.853663
vn -0.761725 0.315572 0.565853
vn -0.921217 0.381647 -0.075528
vn -0.903655 0.425324 0.050063
vn -0.343433 -0.539680 0.768635
vn 0.751439 -0.644091 0.143132
vn 0.125919 0.178385 -0.975871
vn -0.745528 0.656356 0.115691
vn -0.927654 0.326721 0.180863
vn 0.154512 0.927074 0.341554
vn 0.714716 0.690326 0.112390
vn 0.446670 0.893340 -0.049288
vn 0.792014 -0.572204 0.212832
vn 0.496049 0.868085 0.019079
vn 0.000000 0.000000 1.000000
vn 0.808345 -0.587887 0.031090
vn -0.007458 0.033562 -0.999409
vn -0.514917 0.411934 -0.751779
vn 0.000000 0.000000 1.000000
vn 0.000000 0.000000 -1.000000
vn -0.690937 0.641585 -0.333130
vn 0.376220 0.926078 0.028940
vn -0.358974 0.333333 0.871795
vn 0.000000 0.000000 1.000000
vn -0.622340 0.216466 0.752220
vn -0.289977 0.148073 -0.945509
vn -0.646131 0.418085 0.638529
vn -0.518968 0.396858 0.757083
vn -0.306124 0.742727 -0.595520
vn -0.794088 -0.604681 0.061522
vn 0.000000 0.000000 1.000000
vn -0.650970 0.750684 -0.112744
vn -0.684785 0.722489 0.095279
vn -0.305058 0.746809 0.590946
vn -0.793773 0.269883 0.545057
vn -0.826706 0.422539 0.371507
vn -0.779207 0.626764 0.001456
vn -0.021675 0.000000 -0.999765
vn 0.000000 0.000000 1.000000
vn 0.000000 0.000000 -1.000000
vn -0.201802 0.941742 -0.269069
vn -0.704873 0.572710 0.418518
vn -0.603501 0.475486 -0.640077
vn -0.816024 0.272008 -0.510015
vn -0.686958 0.626506 -0.368210
vn 0.167827 -0.065266 -0.983654
vn 0.577351 0.577350 -0.577350
vn 0.341973 0.928211 -0.146559
vn -0.805159 -0.590369 0.056428
vn -0.561570 -0.391479 0.728961
vn -0.190177 0.088131 0.977786
vn -0.651918 0.310437 0.691832
vn -0.912830 -0.063686 -0.403343
vn -0.965907 0.190441 0.175370
vn -0.927654 0.326721 0.180863
vn -0.612827 -0.754247 0.235702
vn -0.693789 0.705744 0.143463
vn 0.304060 -0.694995 -0.651559
vn 0.089087 -0.445435 0.890871
vn 0.066581 -0.997781 0.000938
vn -0.927654 0.326721 0.180863
vn -0.833143 0.520714 0.186361
vn 0.199378 -0.124611 0.971967
vn 0.777908 0.518605 0.354835
vn -0.847880 0.529925 0.016734
vn 0.066581 -0.997781 0.000938
vn 0.673233 0.739420 0.003951
vn -0.715263 0.510902 -0.476842
vn -0.698536 0.465690 -0.543305
vn 0.305995 0.673189 -0.673190
vn 0.446656 0.864496 -0.230532
vn -0.175274 0.125196 -0.976527
vn 0.546119 0.449745 -0.706742
vn 0.053902 0.032668 -0.998012
vn -0.572703 0.381802 -0.725423
vn -0.501423 0.405914 -0.764074
vn -0.814563 0.574986 -0.076665
vn -0.456633 0.429772 0.778962
vn -0.408248 0.408248 -0.816497
vn -0.686064 0.040357 -0.726421
vn -0.536824 0.330353 0.776329
vn 0.295241 0.934929 0.196827
vn -0.201802 0.941742 -0.269069
vn -0.768483 0.594955 0.235503
vn -0.302989 0.250749 0.919414
vn 0.577351 0.577350 -0.577350
vn 0.323588 0.945871 0.024892
vn 0.000000 0.707107 -0.707107
vn 0.000000 1.000000 0.000000
vn -0.201802 0.941742 -0.269069
vn 0.000000 0.707107 -0.707107
vn -0.882525 0.286404 -0.372992
vn -0.505076 0.808122 -0.303046
vn 0.222861 0.767987 -0.600441
vn 0.829219 -0.556040 0.056711
vn 0.770278 0.196203 0.606775
vn 0.222021 0.773079 0.594185
vn 0.295302 0.454311 0.840475
vn 0.508340 0.547443 -0.664753
vn 0.324938 -0.236318 -0.915734
vn 0.066581 -0.997781 0.000938
vn 0.089087 -0.445435 0.890871
vn 0.661287 0.749958 0.016236
vn 0.058677 -0.039118 -0.997510
vn -0.612827 -0.754247 0.235702
vn 0.304060 -0.694995 -0.651559
vn -0.165538 0.049661 -0.984952
vn -0.552503 -0.831289 0.060826
vn 0.760530 -0.507020 0.405616
vn 0.000000 0.000000 -1.000000
vn -0.560047 0.236264 0.794057
vn -0.741053 0.437895 0.509006
vn -0.343433 -0.539680 0.768635
vn -0.499026 -0.748540 0.436648
vn 0.756905 -0.648776 0.078639
vn -0.507899 0.451466 0.733632
vn -0.568995 0.350150 0.744070
vn -0.784863 0.607636 -0.121527
vn 0.514496 0.514496 0.685994
vn 0.343415 0.343415 -0.874147
vn -0.522423 0.814980 -0.250763
vn -0.650322 0.215144 0.728556
vn -0.640964 0.490150 -0.590693
vn -0.857298 0.306799 -0.413418
vn -0.643807 0.580333 -0.498724
vn -0.518968 0.396858 0.757083
vn -0.302126 0.147849 -0.941733
vn -0.892311 0.446156 -0.068744
vn 0.612470 0.653301 -0.445061
vn 0.518342 0.794898 -0.315372
vn 0.771756 -0.582403 0.255340
vn 0.837303 0.544247 -0.052148
vn 0.939702 0.341050 -0.025397
vn 0.655826 0.426287 0.623035
vn 0.612470 0.653301 0.445061
vn 0.513187 0.794999 0.323444
vn -0.566749 0.354218 0.743858
vn -0.697834 0.707264 0.113162
vn 0.261712 0.942163 0.209370
vn -0.561026 -0.827335 -0.027696
vn 0.795346 -0.563370 -0.223691
vn 0.581637 0.279979 0.763747
vn -0.698536 0.465690 -0.543305
vn 0.480129 0.859178 -0.176890
vn -0.832050 0.554700 0.000000
vn 0.407322 0.913190 -0.013139
vn -0.825000 0.564732 0.021280
vn 0.447214 0.894427 -0.000000
vn 0.000000 0.000000 1.000000
vn -0.813364 0.580974 0.030125
vn 0.479311 0.434293 0.762660
vn -0.552614 0.804896 -0.216241
vn 0.456908 0.295646 -0.838945
vn 0.577351 0.577350 -0.577350
vn 0.189505 -0.073696 -0.979110
vn 0.000000 0.707107 -0.707107
vn -0.643807 0.580333 -0.498724
vn -0.032358 0.791155 -0.610759
vn -0.913418 0.401350 -0.067716
vn -0.648775 0.316843 0.691883
vn -0.032696 0.791257 0.610609
vn -0.242536 0.000000 -0.970143
vn -0.872330 0.064617 -0.484628
vn -0.738538 0.469979 -0.483407
vn 0.649234 0.463739 0.602861
vn 0.000000 0.000000 1.000000
vn 0.456172 -0.304114 -0.836314
vn -0.566749 0.354218 0.743858
vn -0.706330 0.659743 0.256587
vn 0.261712 0.942163 0.209370
vn -0.988434 -0.126183 -0.084122
vn 0.789707 0.432716 0.434880
vn 0.932578 0.358684 -0.040547
vn 0.841939 0.537408 -0.048289
vn 0.826880 0.464412 0.317160
vn 0.932578 0.358684 -0.040547
vn 0.837056 0.545906 -0.036394
vn 0.710134 -0.185252 0.679258
vn 0.881288 -0.456105 0.123690
vn 0.528385 0.838879 0.130734
vn 0.199378 -0.124611 0.971967
vn -0.589668 0.368542 0.718657
vn 0.707107 0.707107 -0.000000
vn 0.529219 0.430685 -0.731053
vn 0.754039 0.644075 -0.128815
vn -0.344245 0.826189 -0.445989
vn 0.505179 0.848981 -0.154998
vn 0.504731 0.847895 0.162235
vn 0.098870 0.104049 0.989646
vn -0.540628 -0.383151 0.748943
vn -0.344245 0.826189 0.445989
vn 0.784984 0.410687 0.463828
vn -0.698018 0.712936 0.067031
vn 0.461069 0.887172 0.018483
vn -0.564757 -0.806795 0.173583
vn 0.729004 -0.684142 0.022431
vn 0.512595 0.371883 0.773918
vn 0.812100 0.577840 -0.081210
vn 0.779241 -0.623902 0.059419
vn 0.000000 0.000000 1.000000
vn 0.606914 0.794768 -0.000000
vn -0.887217 0.177443 -0.425864
vn -0.893903 0.429128 0.129561
vn -0.408248 -0.408248 0.816497
vn -0.127006 0.082830 0.988437
vn -0.560563 -0.827851 -0.020789
vn -0.408248 -0.408248 0.816497
vn -0.431183 0.265343 0.862366
vn -0.789422 0.516161 0.332251
vn 0.758359 0.612815 -0.222146
vn -0.351031 0.391535 -0.850575
vn -0.623554 0.357777 -0.695109
vn -0.400034 0.337691 0.852020
vn -0.525469 0.306524 0.793678
vn -0.343433 -0.539680 0.768635
vn -0.349404 0.768690 -0.535754
vn 0.114614 0.180108 -0.976947
vn 0.000000 0.000000 1.000000
vn 0.000000 0.000000 -1.000000
vn 0.685493 -0.726823 0.042754
vn 0.413990 -0.451626 0.790346
vn 0.777586 0.533202 0.333251
vn 0.557438 0.763707 0.325598
vn -0.174058 0.099462 0.979699
vn 0.767990 0.179667 0.614744
vn 0.295302 0.454311 0.840475
vn 0.056854 -0.041348 -0.997526
vn -0.269171 0.104502 -0.957406
vn -0.933055 0.359733 0.000000
vn -0.911505 0.411289 0.000000
vn 0.140969 -0.055381 0.988464
vn -0.572075 0.370166 0.731920
vn 0.709940 0.704168 -0.011544
vn -0.817531 0.545021 0.185999
vn 0.707107 -0.000000 0.707107
vn 0.154512 0.927074 0.341554
vn -0.408248 -0.408248 0.816497
vn -0.021101 -0.126604 0.991729
vn 0.671912 0.734254 0.096977
vn -0.553035 -0.829553 0.077425
vn 0.709158 -0.704493 0.027993
vn 0.514216 -0.857027 -0.032963
vn 0.000000 0.000000 1.000000
vn 0.537055 0.839790 -0.079532
vn -0.024186 0.002016 -0.999705
vn 0.000000 0.000000 1.000000
vn 0.000000 0.000000 -1.000000
vn 0.160612 0.845888 -0.508603
vn 0.384940 0.810401 -0.441669
vn 0.163331 0.849322 0.501971
vn 0.374045 0.807149 0.456728
vn 0.649234 0.463739 0.602861
vn 0.778595 -0.551504 -0.299388
vn 0.591204 0.806187 0.023241
vn 0.456172 -0.304114 -0.836314
vn 0.858342 0.433247 0.274856
vn 0.899376 -0.416378 0.133241
vn 0.154512 0.927074 0.341554
vn -0.054393 -0.130543 0.989949
vn 0.420719 0.883509 0.205931
vn 0.000000 0.000000 -1.000000
vn -0.496491 0.478103 -0.724510
vn -0.318988 0.881097 -0.349163
vn -0.502122 0.821655 -0.269735
vn -0.327952 0.897213 0.295730
vn -0.514595 0.842065 0.161609
vn 0.868169 -0.495396 -0.029429
vn 0.470558 0.869483 0.150252
vn 0.605087 0.284161 0.743721
vn -0.572216 0.250345 0.780958
vn -0.300959 0.133033 0.944313
vn -0.608577 0.791158 0.060859
vn 0.569703 0.815423 0.102589
vn -0.343433 -0.539680 0.768635
vn -0.476773 -0.749214 0.459745
vn -0.349404 0.768690 -0.535754
vn -0.406810 0.894982 -0.183064
vn 0.518166 0.621799 -0.587256
vn 0.770623 -0.631177 0.088071
vn 0.146045 0.175254 -0.973631
vn -0.424813 0.441806 0.790153
vn -0.411057 0.379438 -0.828890
vn -0.066664 0.888854 -0.453315
vn -0.067761 0.888422 0.453999
vn 0.577350 -0.577351 -0.577350
vn 0.146169 -0.236654 -0.960536
vn -0.172723 0.453399 0.874412
vn -0.895466 0.413292 0.165317
vn -0.595629 0.458176 0.659773
vn 0.770053 -0.592349 -0.236940
vn 0.514216 -0.857027 -0.032963
vn 0.000000 0.000000 1.000000
vn 0.613658 0.788989 0.030346
vn -0.511802 0.456966 -0.727490
vn -0.726100 0.674236 -0.134847
vn 0.058677 -0.039118 -0.997510
vn 0.295302 0.454311 0.840475
vn 0.508340 0.547443 -0.664753
vn -0.102401 0.070622 -0.992233
vn 0.649234 0.463739 0.602861
vn 0.565332 0.812665 0.141333
vn 0.000000 0.000000 1.000000
vn -0.566749 0.354218 0.743858
vn -0.748241 0.643978 0.159461
vn -0.625779 -0.736210 0.257674
vn 0.486664 0.324443 0.811107
vn 0.762944 0.625616 0.162854
vn 0.277137 0.526560 0.803698
vn -0.457495 -0.762492 0.457497
vn -0.044000 0.033846 -0.998458
vn -0.275187 0.129305 -0.952655
vn -0.621570 0.277487 -0.732565
vn 0.592150 0.184566 0.784407
vn -0.408248 -0.408248 0.816497
vn 0.518166 0.621799 -0.587256
vn 0.755849 -0.654101 -0.029071
vn 0.554300 0.776020 -0.300906
vn 0.707107 -0.707107 0.000000
vn 0.514216 -0.857027 -0.032963
vn 0.605562 0.795792 0.003170
vn -0.430906 0.430907 0.792868
vn -0.704320 0.704320 -0.088692
vn -0.222670 0.935215 -0.275301
vn -0.458561 0.874844 -0.156106
vn -0.292099 0.943705 0.155241
vn -0.258407 0.962069 -0.087461
vn -0.265960 0.959200 0.095920
vn -0.484083 0.871851 0.074426
vn 0.570107 0.738110 0.360793
vn -0.056408 0.061108 0.996536
vn 0.413760 -0.449739 0.791541
vn 0.777586 0.533201 0.333251
vn -0.566749 0.354218 0.743858
vn -0.776851 0.569362 0.268939
vn -0.625779 -0.736210 0.257674
vn -0.625979 0.525822 0.575901
vn -0.182422 0.101345 0.977983
vn -0.010713 0.765977 0.642778
vn 0.222794 -0.126821 0.966581
vn -0.351031 0.391535 -0.850575
vn -0.712611 0.645384 0.275072
vn -0.659847 0.442398 -0.607360
vn 0.676900 -0.312415 -0.666486
vn -0.895466 0.413292 0.165317
vn 0.770053 -0.592349 -0.236940
vn 0.777705 0.627961 -0.028983
vn -0.862198 0.506329 0.015700
vn -0.608577 0.791158 0.060859
vn -0.734694 0.673470 0.081633
vn -0.089712 -0.134568 0.986835
vn 0.576179 0.792247 0.200904
vn 0.558719 -0.826384 -0.070165
vn -0.546257 -0.819386 0.173809
vn -0.477788 0.872627 -0.101198
vn 0.574221 0.815363 -0.073850
vn 0.038785 0.032967 -0.998704
vn 0.000000 0.000000 1.000000
vn 0.000000 0.000000 -1.000000
vn 0.063411 0.908896 -0.412174
vn 0.321960 0.910436 -0.259708
vn 0.064826 0.907561 0.414885
vn 0.321134 0.908102 0.268744
vn 0.869064 0.456259 0.191194
vn 0.898150 -0.431803 0.082906
vn 0.666667 0.333333 -0.666667
vn 0.862653 -0.401783 -0.307246
vn -0.472624 0.812914 0.340290
vn 0.192546 -0.162924 -0.967668
vn -0.172723 0.453399 0.874412
vn 0.080847 0.979143 0.186396
vn -0.687373 0.708533 0.159682
vn -0.625779 -0.736210 0.257674
vn -0.260468 -0.409307 -0.874428
vn 0.000000 0.000000 1.000000
vn 0.812362 -0.580259 -0.058027
vn 0.792718 0.496416 0.353793
vn 0.441580 0.839001 0.317937
vn 0.277137 0.526560 0.803698
vn 0.758897 0.648074 -0.063844
vn -0.862114 0.502900 -0.062046
vn -0.525469 0.306524 0.793678
vn -0.625188 0.277257 -0.729567
vn -0.872411 0.384452 -0.301821
vn -0.673672 0.638676 -0.371832
vn -0.301740 0.227339 0.925889
vn -0.104387 0.936942 -0.333531
vn 0.044677 0.982888 -0.178707
vn -0.104387 0.936942 0.333531
vn 0.044677 0.982888 0.178707
vn -0.565391 -0.824330 -0.028507
vn -0.779327 0.539534 0.318672
vn -0.532181 -0.827837 0.177394
vn -0.356009 0.284808 -0.890024
vn -0.775300 0.589228 -0.227421
vn 0.767687 -0.543778 0.339062
vn 0.609303 0.792094 -0.036558
vn 0.000000 0.000000 -1.000000
vn 0.729768 0.647925 -0.218248
vn 0.235702 -0.235702 0.942809
vn 0.248072 0.620174 -0.744207
vn -0.133334 0.733333 0.666667
vn 0.756601 0.636953 -0.147801
vn -0.796366 0.523037 0.303699
vn -0.630834 0.471884 0.615933
vn 0.250276 0.146713 -0.956994
vn 0.861934 0.507020 0.000000
vn -0.128642 -0.076288 0.988752
vn 0.900415 0.435032 0.000000
vn 0.518166 0.621799 -0.587256
vn -0.349404 0.768690 -0.535754
vn 0.510902 0.715263 -0.476842
vn 0.125919 0.178385 -0.975871
vn -0.468088 0.845578 -0.256693
vn -0.535657 -0.841746 0.067340
vn 0.000000 0.000000 1.000000
vn -0.392859 0.916670 -0.073334
vn 0.465876 0.489465 -0.737146
vn 0.311673 0.585946 -0.748016
vn -0.058748 -0.075066 -0.995447
vn -0.656027 0.634519 -0.408674
vn 0.137810 -0.074647 -0.987642
vn 0.083763 0.963280 -0.255098
vn 0.210579 0.968664 -0.131708
vn 0.083763 0.963280 0.255098
vn 0.211301 0.967451 0.139248
vn 0.508340 0.547443 -0.664753
vn -0.179244 0.116509 -0.976881
vn 0.675145 0.727079 0.124642
vn -0.744437 0.496292 -0.446663
vn 0.577350 -0.577351 -0.577350
vn 0.085109 0.124390 -0.988576
vn -0.318805 -0.500979 0.804602
vn -0.172723 0.453399 0.874412
vn 0.080847 0.979143 0.186396
vn 0.862675 0.462019 0.205743
vn 0.779644 -0.584733 -0.224148
vn 0.596223 0.802533 0.021410
vn -0.648175 0.257053 0.716793
vn -0.804731 0.431106 0.408113
vn -0.882836 0.383735 -0.270830
vn -0.718275 0.366945 0.591127
vn -0.424939 0.215761 0.879133
vn 0.833564 0.466399 0.296047
vn 0.350150 0.568994 0.744070
vn 0.672403 0.719081 0.175487
vn -0.486874 0.410917 -0.770780
vn -0.320432 0.245036 -0.915030
vn -0.686064 0.040357 -0.726421
vn 0.342426 0.353127 -0.870658
vn -0.552614 0.804896 -0.216241
vn 0.000000 0.000000 -1.000000
vn 0.303774 0.952744 -0.000000
vn 0.673187 0.739410 0.009528
vn -0.813916 0.557405 0.163828
vn 0.478365 0.765384 0.430528
vn -0.119200 0.083440 0.989358
vn -0.266970 -0.438593 -0.858116
vn 0.764746 -0.644241 0.010815
vn -0.505954 -0.809526 -0.297790
vn 0.544832 0.272957 0.792876
vn -0.864549 0.297189 0.405257
vn -0.894474 0.420057 0.153197
vn 0.366508 0.366508 0.855186
vn -0.408248 -0.408248 0.816497
vn -0.623783 0.686161 0.374269
vn 0.350150 0.568994 0.744070
vn -0.054393 -0.130543 0.989949
vn 0.568491 0.780472 -0.260157
vn -0.576623 0.750951 -0.321836
vn -0.047132 0.027930 -0.998498
vn -0.398585 0.571306 -0.717453
vn 0.337928 0.591373 0.732177
vn 0.492020 0.475054 0.729547
vn 0.342426 0.353127 -0.870658
vn 0.239339 0.425491 -0.872740
vn -0.776845 0.602056 0.184501
vn -0.631055 0.504844 -0.588984
vn -0.770738 0.618762 0.151977
vn -0.280530 0.173661 0.944005
vn 0.000000 0.000000 1.000000
vn -0.646131 0.418085 0.638529
vn -0.579642 0.496836 0.645887
vn 0.675090 -0.736462 0.043321
vn 0.000000 0.000000 1.000000
vn 0.546368 -0.835623 0.056716
vn -0.117576 0.955307 -0.271227
vn -0.258407 0.962069 -0.087461
vn 0.086276 0.992180 -0.090198
vn -0.231558 0.972545 -0.023156
vn -0.178663 0.960313 0.214192
vn -0.265960 0.959200 0.095920
vn 0.086203 0.991333 0.099133
vn 0.854005 0.483325 0.192544
vn 0.694879 0.481070 -0.534522
vn 0.968364 -0.060523 -0.242091
vn 0.741322 0.648656 0.172299
vn -0.289574 0.500173 0.816072
vn -0.529813 0.662267 -0.529812
vn -0.658494 0.750594 0.054726
vn 0.559617 -0.822524 -0.101407
vn -0.000000 -0.026307 -0.999654
vn -0.158282 -0.115816 0.980578
vn -0.000000 -0.020829 -0.999783
vn 0.819204 0.532483 -0.212993
vn 0.810792 0.501920 -0.301152
vn 0.586953 0.694245 -0.416547
vn -0.135090 -0.065318 0.988678
vn 0.413897 0.241061 0.877826
vn -0.716255 0.313362 0.623525
vn -0.914200 0.405264 0.000000
vn -0.884918 0.465747 0.000000
vn 0.599986 0.799982 -0.006667
vn -0.533562 0.844512 -0.045936
vn 0.000000 0.000000 1.000000
vn 0.607229 0.794069 0.026948
vn -0.472408 0.880292 -0.043784
vn -0.754732 0.654101 0.050315
vn 0.246141 0.261525 0.933284
vn 0.559684 0.594664 -0.577174
vn 0.675090 -0.736462 0.043321
vn 0.487820 -0.645378 0.587809
vn -0.258407 0.962069 -0.087461
vn -0.265960 0.959200 0.095920
vn 0.084800 0.996398 -0.000000
vn 0.098173 0.107483 0.989348
vn 0.521358 0.483828 0.702920
vn -0.450614 0.259103 0.854290
vn -0.762131 0.435504 0.479054
vn 0.035410 0.823267 0.566549
vn -0.623554 0.357777 -0.695109
vn -0.400034 0.337691 0.852020
vn -0.593181 -0.766192 -0.247159
vn 0.269294 0.127408 -0.954593
vn 0.579737 0.271751 -0.768151
vn -0.432255 0.555757 0.710133
vn -0.352976 0.432681 -0.829575
vn 0.342784 0.565130 0.750418
vn 0.484315 0.452027 0.749074
vn -0.591372 0.788498 -0.168965
vn 0.494457 0.325794 -0.805835
vn 0.000000 0.000000 -1.000000
vn -0.633018 0.738522 0.232106
vn -0.578828 0.413449 -0.702864
vn 0.615370 0.684383 -0.391076
vn 0.559684 0.594664 -0.577174
vn 0.148314 -0.080337 -0.985672
vn -0.623802 0.515315 -0.587640
vn -0.664537 0.522915 -0.533808
vn 0.409149 0.341619 -0.846105
vn -0.208161 -0.140509 -0.967949
vn -0.716237 -0.694863 0.064575
vn -0.752285 -0.177334 0.634524
vn 0.577350 -0.577351 -0.577350
vn 0.156326 -0.027426 -0.987325
vn 0.594567 0.803411 0.031966
vn -0.394085 0.257012 0.882407
vn -0.806623 0.496384 0.320877
vn -0.805707 0.549835 0.220265
vn -0.412434 0.353515 -0.839598
vn -0.623554 0.357777 -0.695109
vn 0.172684 -0.201465 0.964154
vn -0.593442 -0.659380 -0.461566
vn 0.738582 0.642506 -0.204161
vn 0.718403 0.545986 -0.431042
vn -0.363900 0.315628 0.876331
vn -0.630834 0.471884 0.615933
vn 0.342237 0.456317 -0.821370
vn 0.311673 0.585946 -0.748016
vn 0.272157 0.502444 -0.820659
vn -0.028224 0.002352 -0.999599
vn 0.457496 0.457495 -0.762493
vn 0.342237 0.456317 -0.821370
vn 0.311673 0.585946 -0.748016
vn 0.648510 0.748281 -0.139679
vn -0.391886 0.503854 0.769777
vn -0.613563 0.788867 0.035061
vn 0.707107 -0.707107 0.000000
vn 0.561144 0.666359 -0.491001
vn 0.704787 0.521826 -0.480596
vn 0.632128 0.669311 -0.390431
vn -0.622840 0.658095 -0.423062
vn -0.713691 -0.692064 -0.108135
vn -0.298841 0.153949 0.941803
vn -0.605776 0.508071 -0.612290
vn -0.646131 0.418085 0.638529
vn -0.579691 0.502399 0.641525
vn -0.518968 0.396858 0.757083
vn -0.266970 -0.438593 -0.858116
vn 0.000000 0.000000 1.000000
vn -0.737865 0.527046 0.421637
vn 0.639602 -0.426401 0.639602
vn 0.000000 0.000000 1.000000
vn 0.778499 -0.622799 0.077849
vn 0.380750 0.435143 0.815892
vn -0.472624 0.812914 0.340290
vn 0.653941 0.747361 0.117529
vn 0.080847 0.979143 0.186396
vn 0.862675 0.462019 0.205743
vn 0.402625 0.236838 -0.884195
vn 0.806607 0.499329 0.316316
vn 0.810792 0.501920 -0.301152
vn 0.512935 0.833862 0.203894
vn -0.175228 -0.138722 0.974706
vn 0.416864 0.307522 0.855368
vn -0.689790 0.427013 0.584679
vn -0.762131 0.435504 0.479054
vn -0.254385 0.858550 0.445174
vn -0.825445 0.561988 -0.053018
vn -0.356803 0.892008 0.277514
vn -0.794060 0.599681 0.099257
vn -0.660062 0.748988 0.057755
vn 0.350150 0.568994 0.744070
vn 0.612267 0.770336 0.178078
vn -0.582388 0.800494 -0.141537
vn -0.985549 0.033221 -0.166104
vn -0.418988 0.534571 -0.733951
vn -0.604172 0.791178 -0.094941
vn 0.338643 0.474100 0.812743
vn 0.354218 0.566749 0.743858
vn 0.452614 0.437527 0.776988
vn 0.680059 0.718920 -0.143784
vn 0.338719 0.564532 0.752710
vn 0.862663 -0.483531 0.148356
vn 0.242842 0.424974 -0.872024
vn -0.624695 0.624695 -0.468521
vn 0.109764 -0.109764 -0.987878
vn -0.636750 -0.707500 -0.306583
vn -0.578828 0.413449 -0.702864
vn -0.577350 0.577351 -0.577350
vn 0.620844 0.687363 -0.376941
vn -0.116642 -0.058321 -0.991460
vn 0.474631 0.353734 0.805976
vn -0.208161 -0.140509 -0.967949
vn -0.589876 -0.805371 0.058512
vn 0.000000 0.000000 1.000000
vn 0.192450 -0.192450 0.962250
vn -0.454170 -0.835673 -0.308836
vn -0.777304 -0.123382 0.616908
vn -0.467721 -0.850401 -0.240947
vn 0.798557 0.394299 -0.454790
vn 0.568459 0.775171 -0.275616
vn 0.707107 -0.707107 0.000000
vn 0.561144 0.666359 -0.491001
vn -0.268754 -0.480929 0.834553
vn -0.436760 -0.899211 0.025692
vn -0.926071 0.149366 0.346530
vn -0.289574 0.500173 0.816072
vn 0.445063 -0.549784 -0.706864
vn -0.318805 -0.500979 0.804602
vn 0.077821 0.122290 -0.989439
vn 0.397373 0.482524 0.780554
vn 0.784124 -0.516374 -0.344249
vn -0.472624 0.812914 0.340290
vn 0.474136 0.835758 0.276955
vn 0.277137 0.526560 0.803698
vn 0.739184 0.670698 -0.061402
vn -0.046148 0.784519 0.618386
vn -0.372767 0.927777 -0.016567
vn 0.768053 0.640045 -0.020924
vn -0.363210 0.887848 0.282497
vn -0.371338 0.928344 -0.016879
vn -0.700119 0.350059 0.622328
vn -0.333067 0.865974 0.373035
vn -0.785727 0.464293 0.408737
vn -0.617425 0.776203 0.127651
vn -0.582194 0.812849 -0.018063
vn -0.740352 0.137102 -0.658090
vn -0.223258 0.390702 -0.893033
vn 0.597808 0.768610 -0.227736
vn 0.707107 -0.707107 0.000000
vn 0.502603 0.382069 0.775509
vn 0.784107 0.491864 -0.378479
vn 0.639602 0.639602 -0.426402
vn 0.295347 0.307653 -0.904500
vn 0.786779 0.617081 -0.013803
vn 0.403808 0.292494 -0.866825
vn 0.775883 0.630405 -0.024388
vn 0.569409 0.462645 0.679510
vn 0.501756 0.787964 0.356868
vn -0.182332 0.096231 0.978517
vn -0.666667 0.333333 0.666667
vn -0.608577 0.791158 0.060859
vn 0.545334 0.824100 0.153196
vn 0.559617 -0.822524 -0.101407
vn -0.318805 -0.500979 0.804602
vn 0.862675 0.462019 0.205743
vn 0.694879 0.481070 -0.534522
vn 0.224230 0.074743 -0.971666
vn 0.594951 0.703124 -0.389423
vn -0.273460 -0.468789 -0.839914
vn -0.764266 0.643836 0.037055
vn -0.479495 -0.821992 -0.307268
vn 0.676900 -0.312415 -0.666486
vn -0.595629 0.458176 0.659773
vn 0.770053 -0.592349 -0.236940
vn 0.000000 0.000000 -1.000000
vn 0.799361 -0.599521 -0.039968
vn -0.475771 -0.792952 0.380617
vn -0.433988 -0.880029 -0.192883
vn 0.623633 0.341937 0.702966
vn 0.557532 0.262040 0.787714
vn -0.718572 0.694818 -0.029693
vn -1.000000 0.000000 0.000000
vn -0.050577 0.073920 -0.995981
vn -0.786334 0.611593 0.087370
vn -0.107156 0.292895 0.950121
vn 0.225487 0.488556 -0.842893
vn 0.252199 0.546431 0.798630
vn 0.338643 0.474100 0.812743
vn 0.345033 0.552052 0.759072
vn 0.874707 -0.471656 0.111483
vn -0.633018 0.738522 0.232106
vn 0.520266 0.780399 -0.346844
vn 0.561144 0.666359 -0.491001
vn 0.245814 0.260712 0.933598
vn 0.632128 0.669311 -0.390431
vn -0.673563 0.614993 0.409995
vn -0.707107 -0.707107 0.000000
vn -0.928279 -0.309426 -0.206284
vn -0.301681 0.167600 0.938562
vn -0.527371 0.773479 0.351581
vn 0.520266 0.780399 -0.346844
vn -0.578828 0.413449 -0.702864
vn -0.577350 0.577351 -0.577350
vn 0.000000 0.000000 1.000000
vn -0.233571 0.216888 -0.947842
vn -0.514791 0.514791 0.685551
vn -0.053681 0.069019 0.996170
vn 0.366290 -0.492597 0.789418
vn -0.651669 0.721359 0.234453
vn -0.523573 0.636778 0.566025
vn 0.674789 -0.649797 -0.349891
vn 0.799361 -0.599521 -0.039968
vn -0.540726 -0.811089 -0.223049
vn 0.787137 -0.616655 0.012287
vn 0.600000 0.800000 -0.000000
vn -0.125260 0.100208 -0.987050
vn -0.846305 0.519661 0.117130
vn -0.450388 -0.892732 -0.013404
vn 0.757181 0.635747 -0.150007
vn -0.274973 0.856166 0.437457
vn 0.811426 0.427066 0.399002
vn 0.815507 0.578747 0.000000
vn 0.932252 0.349594 -0.093225
vn 0.815507 0.578747 0.000000
vn 0.835320 0.464472 -0.294120
vn -0.089087 0.445435 -0.890871
vn 0.512148 0.384111 -0.768221
vn -0.194201 0.971003 0.139426
vn 0.896628 0.439890 0.050541
vn 0.460012 0.883850 0.084847
vn -0.418948 0.403086 -0.813636
vn -0.872872 -0.436436 -0.218218
vn -0.666336 -0.715093 -0.211277
vn -0.928279 -0.309426 -0.206284
vn -0.666667 -0.333333 -0.666667
vn 0.109764 -0.109764 -0.987878
vn -0.485071 -0.727607 -0.485071
vn -0.870285 -0.054393 -0.489535
vn -0.566637 0.526163 -0.634094
vn 0.086928 0.123316 0.988553
vn -0.772829 0.448740 0.448740
vn -0.736233 -0.165385 0.656208
vn 0.695363 0.608442 -0.382450
vn 0.696501 0.700564 0.155229
vn -0.289574 0.500173 0.816072
vn -0.529813 0.662267 -0.529812
vn 0.090642 0.128807 -0.987519
vn -0.657085 0.684535 0.315675
vn -0.551900 0.602073 0.576987
vn 0.676900 -0.312415 -0.666486
vn -0.895466 0.413292 0.165317
vn -0.595629 0.458176 0.659773
vn -0.400034 0.337691 0.852020
vn -0.863287 0.501058 -0.060638
vn -0.439450 -0.898158 -0.014006
vn -0.525469 0.306524 0.793678
vn 0.693607 0.399349 0.599525
vn 0.865031 0.501718 0.000000
vn 0.901253 0.433294 0.000000
vn -0.107555 0.430221 -0.896293
vn -0.588348 0.196116 -0.784465
vn -0.194201 0.971003 0.139426
vn -0.990072 0.136868 0.031995
vn -0.970682 0.049024 -0.235317
vn -0.808455 0.585718 0.057747
vn 0.775667 0.487919 -0.400344
vn 0.412931 0.908448 0.064889
vn 0.482128 0.874430 -0.054079
vn 0.091379 0.102344 -0.990543
vn 0.342237 0.456317 -0.821370
vn 0.280705 0.572638 -0.770254
vn 0.455447 0.885591 -0.091089
vn 0.261457 0.577384 0.773477
vn 0.338643 0.474100 0.812743
vn 0.450321 0.887776 -0.095211
vn -0.872872 -0.436436 -0.218218
vn -0.666666 0.666667 -0.333333
vn -0.736144 0.628416 0.251366
vn -0.577977 0.533517 -0.617497
vn -0.928279 -0.309426 -0.206284
vn 0.579741 0.772988 -0.257663
vn -0.577350 0.577351 -0.577350
vn -0.145612 -0.124040 -0.981535
vn 0.604201 0.619693 -0.500920
vn 0.000000 0.000000 1.000000
vn 0.344183 -0.938014 0.040843
vn -0.789844 -0.557537 0.255538
vn 0.494659 -0.813614 0.305525
vn 0.639602 -0.426401 0.639602
vn 0.091742 0.137613 0.986228
vn 0.592542 0.805487 -0.009258
vn -0.374270 0.311892 -0.873296
vn -0.695400 0.579501 -0.424967
vn 0.160986 -0.179385 0.970518
vn -0.386494 0.386494 0.837404
vn -0.775430 -0.225338 0.589857
vn 0.525955 0.425922 0.736181
vn -0.791109 0.549754 0.268173
vn -0.630834 0.471884 0.615933
vn -0.459993 -0.883264 -0.090839
vn -0.565905 0.282953 0.774396
vn -0.128155 0.788646 0.601343
vn 0.172618 -0.978167 -0.115725
vn -0.163331 0.979988 0.113781
vn -0.442103 0.892820 0.086124
vn -0.137722 0.529702 -0.836928
vn -0.047646 0.997581 0.050623
vn -0.735215 0.147043 -0.661693
vn -0.238473 0.576311 -0.781663
vn -0.696526 0.597022 -0.398015
vn -0.131373 0.510037 -0.850061
vn 0.011516 0.253343 -0.967308
vn -0.042241 0.394247 -0.918033
vn 0.019200 0.422387 -0.906212
vn -0.050370 0.295924 0.953883
vn -0.663319 0.655810 -0.360445
vn -0.872872 -0.436436 -0.218218
vn -0.870285 -0.054393 -0.489535
vn -0.258659 0.200750 -0.944878
vn -0.747774 0.659557 -0.076282
vn 0.271226 0.906292 0.324148
vn -0.856785 0.510187 -0.075028
vn -0.652957 0.333733 0.679904
vn -0.406558 0.487869 0.772460
vn 0.000000 0.000000 1.000000
vn -0.745356 0.596285 0.298142
vn 0.693894 0.272115 0.666682
vn 0.576640 0.807713 0.122822
vn 0.599867 0.799823 0.021048
vn -0.797460 0.527862 0.292267
vn 0.800607 0.522135 0.293943
vn 0.774435 0.632455 0.015822
vn -0.308864 0.241720 -0.919878
vn -0.773957 0.633238 0.000000
vn 0.557086 0.371390 0.742782
vn 0.780869 0.624695 0.000000
vn -0.773957 0.633238 0.000000
vn 0.000000 0.000000 -1.000000
vn -0.371232 0.303736 0.877457
vn 0.780869 0.624695 0.000000
vn 0.745014 0.609557 0.270914
vn -0.365887 0.914719 0.171510
vn -0.047646 0.997581 0.050623
vn -0.170474 0.852369 0.494374
vn 0.624695 0.468521 -0.624695
vn 0.045584 0.455842 -0.888892
vn 0.238022 0.969462 0.059071
vn 0.750737 0.486965 -0.446384
vn 0.251078 0.966103 -0.060040
vn -0.597216 0.794856 0.107413
vn -0.133333 0.333333 0.933333
vn -0.051026 0.193898 -0.979694
vn -0.160116 0.560408 -0.812592
vn -0.650944 0.650945 -0.390568
vn -0.556786 0.487187 -0.672784
vn -0.920358 0.076696 -0.383483
vn -0.554099 0.527714 0.643811
vn 0.499841 0.774380 0.387936
vn -0.055703 0.066416 0.996236
vn -0.441074 0.577959 0.686598
vn -0.609208 0.609208 -0.507672
vn -0.654930 0.604552 -0.453414
vn 0.096857 0.112150 0.988960
vn 0.284739 0.500931 -0.817308
vn 0.644058 0.559591 0.521582
vn 0.752168 0.655113 -0.071208
vn 0.741098 0.640611 -0.200976
vn -0.044761 0.749739 0.660218
vn -0.549538 0.824308 0.136101
vn 0.140525 0.983674 0.112420
vn -0.198750 0.963508 0.179307
vn 0.327964 0.937041 0.119976
vn -0.365887 0.914719 0.171510
vn -0.008586 0.497969 -0.867152
vn -0.133544 0.990809 0.021539
vn 0.097816 0.978159 0.183405
vn -0.289598 0.796396 -0.530930
vn -0.444417 0.892010 0.082535
vn -0.050426 -0.092785 0.994408
vn -0.832494 0.391762 0.391762
vn -0.912871 0.182574 0.365148
vn -0.789844 -0.557537 0.255538
vn 0.292505 -0.937659 0.187714
vn -0.529813 0.662267 -0.529812
vn -0.621970 0.777463 0.093295
vn 0.115615 0.144518 -0.982725
vn 0.601687 0.701968 -0.381068
vn 0.773479 0.210949 0.597688
vn 0.508808 0.815929 0.274543
vn 0.475943 0.815902 0.328303
vn 0.639602 -0.426401 0.639602
vn 0.222328 0.359145 0.906413
vn 0.785719 -0.618579 0.002343
vn -0.999018 0.008689 -0.043436
vn -0.980580 0.196118 0.000000
vn -0.412217 -0.903896 -0.114229
vn -0.793645 -0.203922 0.573188
vn -0.954504 0.190902 0.229081
vn -0.439770 -0.897862 -0.021143
vn -0.980580 0.196118 0.000000
vn 0.709848 0.536329 0.456581
vn 0.640122 0.707503 0.299472
vn 0.745613 0.558309 -0.363802
vn -0.363900 0.315628 0.876331
vn 0.761012 0.625879 -0.170694
vn -0.434843 0.393626 0.809920
vn -0.331042 0.248282 -0.910366
vn 0.706417 0.459171 0.538644
vn -0.492515 0.369386 -0.788024
vn 0.163331 -0.979988 -0.113781
vn -0.172694 0.978599 0.111895
vn -0.615511 0.786708 0.047296
vn 0.627049 0.767928 0.130750
vn 0.000000 0.000000 -1.000000
vn -0.735600 0.663639 0.135926
vn -0.416844 -0.774139 0.476393
vn 0.512148 0.384111 -0.768221
vn 0.896628 0.439890 0.050541
vn -0.211880 0.966855 0.142471
vn -0.107555 0.430221 -0.896293
vn 0.512148 0.384111 -0.768221
vn -0.046026 0.909007 0.414231
vn -0.143929 0.659677 -0.737639
vn 0.050637 0.506370 0.860828
vn 0.442646 0.894418 0.063887
vn -0.039903 0.552942 -0.832264
vn 0.053885 0.118547 -0.991485
vn -0.008124 0.284356 0.958684
vn -0.308754 0.555757 0.771884
vn -0.268910 0.487400 -0.830740
vn -0.926240 0.148483 0.346457
vn -0.464625 -0.881999 -0.078750
vn -0.363900 0.315628 0.876331
vn -0.362692 0.344187 0.866019
vn -0.630834 0.471884 0.615933
vn -0.470294 -0.859966 -0.198196
vn -0.135526 0.406579 -0.903508
vn -0.588348 0.196116 -0.784465
vn -0.277683 0.870072 0.407268
vn -0.365887 0.914719 0.171510
vn 0.026009 0.991588 0.126793
vn 0.294166 0.946685 0.131354
vn -0.277932 0.878266 0.389105
vn -0.196292 0.970900 0.137193
vn 0.624695 0.468521 -0.624695
vn 0.408248 0.816497 -0.408248
vn 0.058419 0.584186 -0.809515
vn 0.738050 0.486033 -0.468032
vn 0.464300 0.884381 0.047904
vn -0.136236 0.987708 0.076633
vn -0.354475 0.930498 0.092311
vn -0.084556 0.307073 0.947922
vn -0.339879 0.756232 -0.559102
vn -0.502792 0.822750 -0.265108
vn -0.350824 -0.935531 0.041273
vn 0.000000 0.000000 1.000000
vn 0.249318 0.912141 0.325330
vn -0.652111 0.751295 -0.101526
vn -0.430367 0.573824 0.696786
vn -0.268083 -0.510011 0.817325
vn -0.361900 -0.931318 0.040929
vn -0.144893 -0.600271 0.786562
vn -0.406558 0.487869 0.772460
vn 0.091129 0.147209 0.984898
vn -0.759448 0.650543 0.005770
vn -0.515782 -0.829549 -0.214049
vn 0.201349 0.351782 0.914171
vn -0.206581 -0.328410 -0.921668
vn -0.641756 0.588278 0.492014
vn -0.577351 0.577351 0.577350
vn -0.384396 0.367684 0.846787
vn -0.801784 -0.267261 0.534522
vn -0.852217 0.458887 -0.251294
vn -0.609208 0.609208 -0.507672
vn -0.751808 0.404820 -0.520485
vn 0.090800 0.188585 0.977850
vn -0.588348 0.196116 -0.784465
vn 0.026009 0.991588 0.126793
vn -0.988589 0.147095 0.032475
vn -0.165295 0.958710 0.231413
vn -0.028630 0.705025 -0.708604
vn -0.160253 0.821297 -0.547531
vn -0.131715 0.987863 0.082322
vn -0.340699 0.936925 0.078077
vn 0.050637 0.506370 0.860828
vn 0.240227 0.967231 0.082183
vn 0.223492 0.603427 -0.765459
vn 0.047052 0.052698 -0.997501
vn -0.229760 0.526533 0.818519
vn -0.292075 0.924906 -0.243396
vn -0.551318 0.826977 -0.110264
vn -0.050124 0.071009 0.996215
vn -0.789844 -0.557537 0.255538
vn -0.935586 -0.252293 0.247037
vn 0.337520 -0.525031 0.781296
vn -0.600584 0.782807 0.162824
vn -0.696008 0.664702 0.271560
vn -0.702785 0.697379 -0.140557
vn -0.491573 0.702247 -0.514982
vn 0.141038 -0.171698 0.975001
vn 0.765913 0.527186 0.368037
vn -0.492515 0.369386 -0.788024
vn 0.784047 0.619493 0.038718
vn -0.751726 0.588307 -0.297999
vn 0.260093 0.964249 0.050750
vn 0.087950 0.835529 -0.542361
vn 0.050637 0.506370 0.860828
vn 0.099092 0.990924 0.090835
vn -0.141069 0.987484 0.070535
vn -0.024057 0.303116 0.952650
vn 0.341636 0.360616 -0.867894
vn 0.103347 0.186024 -0.977095
vn 0.557260 0.732527 -0.390981
vn 0.235696 0.266708 0.934513
vn 0.559684 0.594664 -0.577174
vn 0.000000 0.000000 1.000000
vn 0.196054 -0.980271 0.025135
vn 0.862508 0.069933 0.501187
vn 0.473053 0.866545 0.159123
vn -0.572598 0.801638 0.171779
vn -0.485389 0.679544 0.550107
vn -0.754171 0.088726 0.650657
vn -0.248069 -0.744208 -0.620174
vn 0.744858 -0.374211 -0.552407
vn -0.887367 -0.460748 -0.017065
vn 0.280722 0.842165 0.460384
vn 0.514236 0.857061 0.031743
vn -0.577351 0.577351 0.577350
vn -0.999018 0.008689 -0.043436
vn -0.870063 -0.096672 0.483368
vn -0.691182 0.721233 -0.045730
vn -0.955006 0.186612 0.230519
vn -0.999018 0.008689 -0.043436
vn -0.980580 0.196118 0.000000
vn -0.679190 0.726438 0.104831
vn 0.521043 0.423433 0.741093
vn -0.275608 0.147647 -0.949863
vn -0.891278 0.453457 0.000000
vn -0.899814 0.436274 0.000000
vn 0.076273 -0.023671 0.996806
vn 0.104289 0.990743 0.086907
vn -0.034648 0.831551 -0.554367
vn -0.136236 0.987708 0.076633
vn -0.349079 0.471758 -0.809684
vn 0.180592 -0.964744 0.191455
vn -0.565621 0.762662 0.313719
vn -0.480231 0.676243 0.558636
vn -0.978550 0.000000 0.206011
vn 0.000000 0.000000 -1.000000
vn 0.674789 -0.649797 -0.349891
vn 0.799361 -0.599521 -0.039968
vn 0.417454 0.574000 -0.704454
vn -0.000000 -0.055470 -0.998460
vn -0.181869 -0.149073 0.971957
vn -0.654930 0.604552 -0.453414
vn 0.455747 0.845211 0.279130
vn 0.245737 0.491473 -0.835504
vn 0.402625 0.236838 -0.884195
vn -0.751808 0.404820 -0.520485
vn 0.621312 0.727317 0.291516
vn -0.248069 -0.744208 -0.620174
vn 0.255762 0.346031 0.902690
vn 0.393038 0.634907 0.665142
vn 0.280722 0.842165 0.460384
vn -0.910020 0.413645 -0.027577
vn -0.670791 -0.740990 -0.031200
vn 0.501026 0.856405 0.124674
vn -0.879257 0.133648 0.457214
vn -0.577350 0.577350 0.577351
vn -0.688247 0.688247 0.229416
vn -0.764292 0.040226 0.643615
vn -0.453168 -0.868855 -0.199325
vn -0.112644 0.642377 0.758065
vn -0.106809 0.540261 -0.834692
vn 0.229005 0.644738 0.729294
vn 0.186222 0.519652 -0.833836
vn 0.584311 0.708535 -0.395676
vn -0.141685 -0.137115 -0.980370
vn -0.213368 -0.976191 0.039048
vn 0.000000 0.000000 1.000000
vn 0.076667 -0.996677 0.027522
vn -0.194590 -0.979816 0.045786
vn 0.908814 -0.307032 0.282469
vn -0.178707 -0.625474 0.759504
vn -0.034826 0.109454 0.993382
vn -0.789844 -0.557537 0.255538
vn -0.935861 -0.241174 0.256903
vn 0.180922 -0.584517 0.790953
vn 0.642024 0.197546 0.740797
vn -0.027503 0.137516 0.990118
vn -0.194201 0.971003 0.139426
vn 0.896628 0.439890 0.050541
vn 0.489914 0.804859 0.334941
vn -0.406558 0.487869 0.772460
vn 0.227200 0.389485 0.892570
vn -0.761166 0.648284 0.018814
vn 0.674789 -0.649797 -0.349891
vn 0.421294 0.601848 -0.678447
vn 0.767467 -0.562809 0.306987
vn 0.402625 0.236838 -0.884195
vn -0.532493 0.259223 0.805763
vn -0.096334 0.725036 0.681940
vn 0.771971 0.617576 -0.150534
vn -0.518023 0.419576 0.745391
vn -0.732252 0.549189 0.402739
vn -0.336238 0.211214 0.917787
vn -0.180743 0.451856 0.873589
vn -0.667282 0.657273 -0.350323
vn -0.486263 0.710822 -0.508213
vn -0.190765 0.252083 -0.948717
vn -0.400505 0.573883 0.714320
vn -0.089098 -0.995802 0.020964
vn 0.078474 -0.980919 0.177873
vn 0.936709 -0.227848 0.265823
vn -0.707107 0.000000 0.707107
vn -0.014979 0.149789 0.988605
vn -0.194201 0.971003 0.139426
vn -0.988589 0.147095 0.032475
vn 0.163331 -0.979988 -0.113781
vn -0.154919 0.981156 0.115464
vn -0.510350 0.841905 0.175324
vn -0.690509 0.265580 0.672804
vn -0.268455 0.495610 0.826016
vn 0.124708 -0.167372 0.977975
vn -0.324553 0.413646 0.850625
vn -0.199027 -0.169173 0.965282
vn 0.386494 0.386494 0.837404
vn 0.046984 0.657777 0.751746
vn 0.527271 -0.188311 -0.828568
vn 0.195442 0.152955 0.968714
vn 0.313661 0.507392 -0.802602
vn 0.580325 -0.784223 -0.219583
vn -0.387423 -0.918887 -0.074504
vn -0.929591 0.367794 0.024250
vn 0.804954 0.593124 -0.015887
vn -0.777910 0.583432 0.233373
vn 0.785001 0.617086 0.054572
vn -0.748486 0.602258 -0.277584
vn -0.292823 0.161558 -0.942419
vn -0.182678 0.690115 -0.700264
vn -0.589439 0.338382 -0.733525
vn -0.314485 0.104828 -0.943456
vn -0.948683 0.316228 0.000000
vn -0.147442 0.884652 -0.442326
vn 0.640011 0.401867 0.654896
vn 0.780869 0.624695 0.000000
vn -0.948683 0.316228 0.000000
vn 0.000000 0.000000 1.000000
vn 0.000000 0.000000 -1.000000
vn 0.780869 0.624695 0.000000
vn -0.372168 0.287584 0.882489
vn 0.640898 0.741038 0.200281
vn -0.694292 0.504940 0.512829
vn -0.042241 0.394247 -0.918033
vn -0.123024 0.755718 -0.643239
vn 0.153901 0.619820 -0.769505
vn 0.332225 0.941303 -0.059800
vn 0.220582 0.632336 0.742627
vn 0.328660 0.942158 -0.065732
vn 0.445976 0.668964 -0.594636
vn 0.503908 0.710639 -0.490987
vn 0.579814 0.620698 -0.527779
vn 0.000000 0.000000 -1.000000
vn 0.217831 0.356872 0.908401
vn -0.201349 -0.351782 -0.914171
vn -0.248069 -0.744208 -0.620174
vn -0.716303 -0.697201 0.028652
vn -0.911682 0.401884 0.085586
vn -0.140522 -0.780678 -0.608929
vn -0.316816 -0.920747 -0.227712
vn 0.368495 0.671960 0.642402
vn 0.452755 0.848915 0.272682
vn -0.120701 0.724204 -0.678941
vn 0.754480 0.502986 0.421622
vn -0.287661 0.235360 -0.928362
vn -0.773957 0.633238 0.000000
vn -0.300676 -0.773166 0.558398
vn -0.413803 -0.910366 0.000000
vn -0.773957 0.633238 0.000000
vn 0.000000 0.000000 -1.000000
vn -0.383582 -0.657568 -0.648436
vn -0.372168 0.287584 0.882489
vn -0.413803 -0.910366 0.000000
vn 0.000000 0.000000 1.000000
vn 0.000000 0.000000 -1.000000
vn -0.180742 0.451856 0.873589
vn 0.672959 0.706606 0.218712
vn -0.090447 0.531379 0.842292
vn -0.071247 0.997459 0.000000
vn -0.219932 0.953038 -0.208202
vn 0.000000 0.832050 0.554700
vn 0.006345 0.554591 -0.832099
vn 0.837769 -0.502661 0.213250
vn 0.191808 0.340992 -0.920290
vn 0.844374 -0.527734 0.092353
vn 0.495171 0.792273 -0.356523
vn 0.186367 0.289903 0.938735
vn -0.929456 0.123752 0.347559
vn -0.526575 0.793373 0.305414
vn 0.489914 0.804859 0.334941
vn 0.375359 0.589850 -0.714970
vn 0.806269 -0.591264 0.018389
vn -0.852217 0.458887 -0.251294
vn -0.609208 0.609208 -0.507672
vn -0.224230 -0.074743 0.971666
vn -0.654930 0.604552 -0.453414
vn 0.112174 0.654348 0.747827
vn 0.527271 -0.188311 -0.828568
vn -0.069673 -0.209020 0.975426
vn 0.546744 0.777957 0.309602
vn 0.284739 0.500931 -0.817308
vn -0.047715 -0.795255 -0.604394
vn -0.196799 -0.964313 -0.177119
vn -0.909137 0.404061 -0.101015
vn -0.713427 -0.056028 0.698486
vn -0.485071 0.485071 0.727607
vn 0.732430 0.643650 -0.221948
vn 0.745613 0.558309 -0.363802
vn -0.044113 0.735215 0.676398
vn 0.664744 -0.601434 -0.443162
vn 0.825840 -0.516150 -0.227106
vn 0.475771 0.792952 -0.380617
vn -0.122495 -0.199054 -0.972303
vn -0.019304 -0.015168 0.999699
vn -0.115470 -0.577351 0.808290
vn 0.154981 -0.981545 -0.112027
vn -0.163331 0.979988 0.113781
vn -0.037055 0.514142 -0.856904
vn -0.042241 0.394247 -0.918033
vn 0.023250 0.999730 0.000000
vn -0.104487 0.975213 -0.195043
vn 0.006749 0.722112 0.691743
vn 0.067638 0.997658 -0.010146
vn 0.473514 0.710270 -0.520865
vn 0.221327 0.272402 0.936382
vn 0.588432 0.635981 -0.499275
vn 0.632128 0.669311 -0.390431
vn -0.662091 0.652110 -0.369307
vn -0.510706 0.761416 -0.399279
vn -0.425279 0.545017 0.722561
vn 0.260603 0.321921 -0.910194
vn 0.465411 0.475313 0.746639
vn 0.353599 0.423651 -0.833959
vn -0.226747 -0.204072 -0.952334
vn 0.244818 0.571243 0.783419
vn 0.306464 0.940821 0.144692
vn 0.184849 0.346591 0.919622
vn -0.201349 -0.351782 -0.914171
vn -0.460222 0.392415 0.796371
vn -0.435747 -0.850852 -0.293556
vn -0.401931 0.803862 -0.438471
vn -0.586519 0.335154 -0.737338
vn -0.808388 0.498506 -0.313052
vn -0.308864 0.241720 -0.919878
vn -0.302156 -0.793159 0.528773
vn -0.492515 0.369386 -0.788025
vn -0.369740 -0.869976 0.326242
vn 0.237881 0.205294 -0.949351
vn 0.759738 0.648310 -0.049926
vn -0.085577 -0.058128 0.994634
vn 0.783839 0.620964 0.000000
vn 0.600577 0.797908 0.051478
vn -0.780170 0.567396 0.263434
vn 0.600000 0.800000 0.000000
vn -0.808736 0.588171 0.000000
vn -0.051853 0.070957 0.996131
vn -0.447696 0.586636 0.674853
vn 0.086043 0.123159 0.988650
vn -0.703526 0.502519 0.502519
vn -0.425595 0.780256 0.458333
vn 0.492438 0.501556 0.711299
vn 0.642024 0.197546 0.740797
vn 0.896628 0.439890 0.050541
vn -0.200054 0.969309 0.142896
vn -0.515097 0.847095 0.130787
vn -0.155929 0.987549 0.020791
vn -0.155236 0.983159 0.096434
vn -0.216676 0.965861 0.142002
vn -0.389352 0.876042 0.284527
vn -0.266930 0.311418 0.912013
vn -0.436574 0.860432 0.262792
vn -0.641416 0.394718 0.657863
vn -0.268455 0.495610 0.826016
vn -0.483107 0.824220 0.295414
vn 0.697584 -0.669111 -0.256256
vn 0.138219 0.172774 0.975215
vn 0.393038 0.634907 0.665142
vn 0.647696 -0.713119 -0.268238
vn -0.151179 -0.187462 -0.970568
vn 0.513825 0.632400 -0.579701
vn 0.017175 0.085876 0.996158
vn -0.144893 -0.600271 0.786562
vn 0.948669 -0.058580 0.310799
vn -0.017691 0.122660 0.992291
vn 0.098202 -0.589215 0.801987
vn -0.707107 0.000000 0.707107
vn 0.026009 0.991588 0.126793
vn -0.986734 0.158951 0.033029
vn -0.194615 0.971061 0.138437
vn -0.707107 0.000000 0.707107
vn 0.000000 0.164399 0.986394
vn -0.078251 0.958575 0.273880
vn 0.642024 0.197546 0.740797
vn -0.014979 0.149789 0.988605
vn -0.155929 0.987549 0.020791
vn -0.274563 0.941357 0.196116
vn 0.000000 0.928476 0.371392
vn 0.000000 0.000000 -1.000000
vn -0.698632 0.591150 0.403057
vn 0.417454 0.574000 -0.704454
vn 0.527271 -0.188311 -0.828568
vn 0.674497 0.124249 0.727747
vn -0.042448 -0.212238 0.976296
vn 0.647696 -0.713119 -0.268238
vn -0.610728 0.310916 0.728247
vn -0.813708 0.442543 0.376876
vn -0.328401 0.761889 0.558281
vn -0.320453 0.771703 -0.549348
vn 0.758098 0.530668 0.379050
vn 0.784047 0.619493 0.038718
vn -0.635000 0.127000 -0.762001
vn -0.302156 -0.793159 0.528773
vn -0.367118 0.244745 -0.897399
vn -0.780675 0.624538 -0.022305
vn -0.413803 -0.910366 0.000000
vn 0.000000 0.000000 -1.000000
vn 0.000000 0.000000 1.000000
vn -0.707108 0.707105 0.000000
vn -0.413803 -0.910366 0.000000
vn 0.224249 0.526863 -0.819834
vn 0.445976 0.668964 -0.594636
vn 0.862663 -0.483531 0.148356
vn 0.000000 0.000000 -1.000000
vn 0.166056 0.322886 -0.931757
vn 0.285691 0.555510 0.780890
vn -0.004778 0.124229 0.992242
vn 0.947232 -0.115684 0.298945
vn 0.036634 -0.622785 0.781535
vn -0.450439 0.881557 0.141291
vn -0.175134 0.335255 0.925706
vn -0.268455 0.495610 0.826016
vn -0.153750 0.983526 0.095066
vn 0.434574 0.860835 0.264781
vn 0.852363 0.426181 0.303062
vn -0.747147 0.663512 0.039030
vn 0.450777 0.619819 -0.642359
vn -0.641756 0.588278 0.492014
vn -0.395940 0.550763 0.734773
vn 0.508563 0.527656 0.680399
vn 0.011874 0.736115 0.676752
vn 0.607474 -0.793198 0.042562
vn 0.623391 -0.777314 -0.084658
vn 0.744858 -0.374211 -0.552407
vn -0.811535 0.584098 -0.015507
vn 0.512806 0.854677 0.080970
vn -0.809165 0.534105 -0.244916
vn -0.720442 0.422328 0.550092
vn -0.390751 0.229061 0.891541
vn -0.259828 0.649569 0.714527
vn 0.715542 -0.447213 0.536656
vn 0.516286 0.718750 -0.465669
vn 0.188144 0.282216 0.940721
vn 0.473973 0.526636 0.705694
vn 0.578391 0.630972 -0.517048
vn -0.155929 0.987549 0.020791
vn 0.304317 0.944287 0.125348
vn -0.153750 0.983526 0.095066
vn -0.185063 0.971100 0.150721
vn 0.268722 0.940132 0.209619
vn 0.689808 0.466349 0.553790
vn 0.118180 0.614535 0.779987
vn -0.580560 0.769873 0.265038
vn -0.492221 0.699472 -0.518128
vn -0.981767 0.063461 0.179182
vn -0.852217 0.458887 -0.251294
vn -0.751808 0.404820 -0.520485
vn 0.053356 0.735119 0.675836
vn -0.911322 0.390566 -0.130189
vn -0.602445 0.798147 0.004561
vn 0.207704 0.369252 0.905821
vn -0.147424 -0.507138 -0.849162
vn -0.228086 -0.760286 -0.608229
vn 0.378721 0.673282 0.635028
vn 0.349005 0.387783 0.853123
vn 0.475796 0.389331 0.788695
vn -0.705451 -0.095763 0.702259
vn -0.409355 -0.859168 -0.307016
vn -0.845742 0.521541 0.112765
vn -0.339227 0.848066 0.407073
vn -0.492515 0.369386 -0.788024
vn -0.391811 -0.908447 0.145629
vn -0.767492 0.575619 -0.282166
vn 0.060238 0.101653 0.992995
vn 0.377471 0.269622 0.885901
vn 0.000000 0.000000 1.000000
vn -0.635466 0.771637 -0.027558
vn 0.000000 0.000000 -1.000000
vn 0.000000 0.000000 1.000000
vn -0.475457 0.118864 0.871672
vn -0.326720 -0.707892 -0.626213
vn 0.298143 0.745356 -0.596285
vn 0.445976 0.668964 -0.594636
vn 0.385487 0.823540 -0.416151
vn -0.197969 0.251389 -0.947424
vn -0.618619 0.785170 -0.028616
vn 0.504532 0.792836 0.341846
vn -0.759254 0.650789 -0.002854
vn 0.423681 0.621398 -0.659059
vn -0.641756 0.588278 0.492014
vn -0.577351 0.577351 0.577350
vn -0.477930 0.732826 0.484303
vn -0.609671 0.790314 -0.060869
vn 0.697584 -0.669111 -0.256256
vn 0.608852 -0.792099 0.043349
vn 0.617181 -0.783987 -0.066722
vn 0.621312 0.727317 0.291516
vn 0.393038 0.634907 0.665142
vn -0.811535 0.584098 -0.015507
vn 0.646953 0.762287 -0.019222
vn 0.623391 -0.777314 -0.084658
vn 0.681638 -0.721734 -0.120289
vn 0.357567 0.670438 0.650122
vn 0.479120 0.845506 0.235717
vn 0.613351 -0.744784 -0.262865
vn 0.768790 0.567611 -0.294583
vn 0.767128 0.627178 -0.134766
vn -0.234268 0.755393 0.611964
vn -0.605227 0.121045 -0.786796
vn -0.303046 -0.808121 0.505078
vn -0.360683 -0.880491 0.307642
vn -0.269730 0.327529 -0.905522
vn -0.634743 0.770759 -0.055054
vn -0.217115 0.542786 0.811323
vn 0.594133 0.784994 0.175469
vn 0.664744 -0.601434 -0.443162
vn 0.844374 -0.527734 0.092353
vn 0.688249 0.688246 -0.229414
vn 0.639603 0.639601 -0.426402
vn 0.664744 -0.601434 -0.443162
vn -0.125677 -0.188515 -0.973996
vn 0.551826 0.674453 -0.490512
vn 0.682189 0.730917 -0.019448
vn 0.283143 0.319678 -0.904232
vn -0.628484 0.776363 -0.047628
vn -0.442413 0.587467 0.677608
vn -0.099382 0.352353 0.930575
vn 0.200168 0.967475 0.154675
vn -0.152269 0.983887 0.093704
vn 0.051973 0.605112 0.794442
vn -0.401300 0.720445 -0.565612
vn 0.096100 -0.192199 0.976639
vn 0.000000 0.000000 -1.000000
vn 0.577350 0.577350 0.577351
vn 0.062562 0.844575 0.531770
vn 0.575759 0.812976 -0.087019
vn -0.916691 0.394293 0.064884
vn 0.172316 0.984662 0.027352
vn -0.525176 0.630212 0.571859
vn -0.578804 0.761020 0.292975
vn -0.058421 -0.537470 -0.841257
vn -0.140522 -0.780678 -0.608929
vn -0.878171 0.425264 -0.219011
vn 0.797863 0.597002 -0.083692
vn -0.445436 0.890870 -0.089088
vn -0.386184 0.845925 0.367794
vn -0.426468 0.852937 -0.301037
vn 0.792235 0.607783 0.054428
vn -0.500979 0.834964 -0.227718
vn 0.227645 0.180342 -0.956898
vn 0.517786 0.407757 -0.752085
vn 0.351317 0.846130 -0.400799
vn 0.639603 0.639601 -0.426402
vn 0.043274 0.086548 0.995307
vn -0.772829 0.448740 0.448740
vn -0.014429 0.711826 0.702207
vn 0.656602 0.753876 -0.023359
vn -0.393050 0.797017 0.458558
vn 0.500394 0.504541 0.703594
vn 0.406600 0.868839 0.282480
vn 0.823901 0.471970 0.313737
vn -0.484608 0.702682 -0.520954
vn -0.972583 0.134423 0.189773
vn -0.483107 0.824220 0.295414
vn 0.670757 0.136095 0.729084
vn -0.071128 -0.208304 0.975474
vn 0.200411 0.551130 0.809994
vn -0.073060 -0.208221 0.975349
vn 0.460786 0.830528 0.312888
vn 0.062561 0.844575 0.531770
vn -0.900478 0.430417 0.062297
vn 0.209594 0.975067 -0.072902
vn 0.544298 0.586167 0.600123
vn 0.061769 0.809855 0.583370
vn 0.574594 0.774661 0.264089
vn -0.517785 0.388338 0.762294
vn -0.415110 -0.873588 -0.254022
vn -0.732252 0.549189 0.402739
vn -0.437820 -0.895244 0.082772
vn -0.750942 0.590988 -0.294652
vn -0.326720 -0.707892 -0.626213
vn -0.373000 0.271273 0.887289
vn -0.317971 -0.890320 -0.325921
vn -0.694292 0.504940 0.512829
vn -0.699022 0.419413 0.579190
vn -0.305723 0.764308 0.567773
vn -0.808736 0.588172 0.000000
vn -0.808736 0.588172 0.000000
vn -0.175134 0.335255 0.925706
vn -0.436574 0.860432 0.262792
vn -0.104771 0.947407 0.302396
vn 0.244168 0.929494 0.276448
vn 0.623249 0.562935 0.542830
vn 0.121045 0.605228 0.786796
vn 0.201349 0.351782 0.914171
vn -0.197204 -0.369757 -0.907959
vn -0.912223 0.396698 -0.102374
vn 0.037375 0.809784 0.585536
vn 0.127225 0.970089 0.206740
vn -0.431742 -0.901957 -0.008549
vn -0.791774 0.610797 0.004524
vn -0.239542 0.193528 0.951402
vn -0.479853 0.106634 0.870845
vn -0.241357 0.536021 -0.808967
vn 0.375441 0.600706 0.705830
vn 0.369391 0.906927 -0.202569
vn 0.285691 0.555510 0.780890
vn 0.491901 0.681093 -0.542353
vn 0.107833 -0.215666 0.970495
vn -0.214390 0.484106 0.848339
vn -0.735290 -0.078431 0.673199
vn -0.387844 0.432284 0.814068
vn -0.815297 0.163059 -0.555610
vn -0.425801 -0.898665 0.105330
vn -0.305724 0.764308 0.567773
vn -0.371391 0.928477 0.000000
vn 0.601940 0.796900 0.051177
vn -0.371391 0.928477 0.000000
vn 0.600000 0.800000 0.000000
vn 0.143661 0.950581 0.275239
vn -0.074005 0.922221 0.379515
vn 0.697584 -0.669111 -0.256256
vn 0.712025 0.172138 0.680727
vn 0.617181 -0.783987 -0.066722
vn 0.690853 -0.657425 -0.300856
vn 0.621312 0.727317 0.291516
vn 0.744858 -0.374211 -0.552407
vn 0.280722 0.842165 0.460384
vn -0.811535 0.584098 -0.015507
vn 0.608852 -0.792099 0.043349
vn 0.623391 -0.777314 -0.084658
vn 0.683988 -0.714730 -0.146020
vn 0.857324 0.448146 0.253300
vn 0.854358 0.512615 -0.085436
vn -0.381979 0.512726 0.768899
vn 0.655881 0.685694 -0.315665
vn 0.696174 0.526848 -0.487620
vn -0.436852 0.436852 -0.786334
vn -0.598627 0.119725 -0.792030
vn -0.239126 0.256206 -0.936577
vn -0.390953 0.800810 -0.453717
vn -0.156090 0.273157 -0.949221
vn -0.310171 0.720396 0.620341
vn -0.329990 0.710978 -0.620981
vn -0.389352 0.876042 0.284527
vn -0.444278 0.848998 0.286042
vn -0.069332 -0.197047 0.977939
vn 0.198762 0.496904 0.844737
vn -0.337813 -0.935768 -0.101097
vn -0.804407 0.585023 0.103333
vn -0.336336 -0.941742 0.000000
vn -0.808736 0.588171 0.000000
vn 0.610279 -0.790954 0.044165
vn 0.826475 0.363649 0.429767
vn 0.617181 -0.783987 -0.066722
vn 0.850742 0.518838 -0.083930
vn -0.781723 -0.014388 0.623460
vn -0.420857 -0.889358 -0.178666
vn -0.600434 0.128182 0.789334
vn -0.268920 -0.752977 -0.600589
vn -0.327089 -0.881899 -0.339510
vn 0.496983 0.867614 -0.015960
vn 0.181013 0.342973 -0.921740
vn 0.444687 0.895658 -0.007023
vn 0.008167 0.746740 0.665066
vn 0.040888 -0.188083 0.981302
vn 0.000000 0.000000 -1.000000
vn 0.681638 -0.721734 -0.120289
vn 0.828343 0.320454 0.459519
vn 0.411956 0.411280 0.813106
vn -0.100727 0.715164 0.691661
vn 0.207704 0.369252 0.905821
vn 0.368495 0.671960 0.642402
vn 0.562631 -0.733504 -0.381339
vn 0.587791 0.463238 0.663259
vn 0.665797 0.694745 0.272109
vn -0.893752 0.136006 0.427446
vn -0.962250 0.192450 -0.192450
vn -0.421292 -0.905329 -0.053782
vn -0.945028 0.189006 -0.266831
vn -0.962250 0.192450 -0.192450
vn -0.457516 -0.887020 0.062247
vn 0.306853 0.346139 0.886583
vn 0.518626 0.394297 0.758655
vn 0.373481 0.896589 0.237991
vn 0.858801 0.464719 0.215630
vn -0.049276 -0.194205 0.979722
vn 0.319600 0.923287 -0.213067
vn 0.000000 0.000000 -1.000000
vn 0.772234 0.276479 0.572026
vn 0.283685 0.609922 0.739944
vn 0.785538 0.557478 0.268603
vn 0.788858 0.614575 0.000000
vn 0.665797 0.694745 0.272109
vn 0.628445 0.602259 0.492282
vn 0.695101 0.675241 -0.246746
vn 0.774875 0.549911 -0.311714
vn -0.395910 0.424189 -0.814444
vn -0.906536 0.181307 -0.381210
vn -0.647454 0.693701 -0.315566
vn 0.220781 0.378481 -0.898893
vn -0.707107 0.271964 0.652714
vn 0.503871 0.863779 0.000000
vn -0.894427 0.447214 0.000000
vn 0.000000 0.000000 1.000000
vn 0.197259 0.324069 0.925240
vn 0.503871 0.863779 0.000000
vn -0.813733 0.348743 0.464991
vn -0.894427 0.447214 0.000000
vn 0.158386 0.584269 -0.795954
vn -0.195908 0.741046 -0.642239
vn 0.000000 0.000000 -1.000000
vn 0.820218 0.492131 0.291633
vn 0.647628 0.761548 -0.024969
vn -0.860631 0.439785 -0.256716
vn 0.019226 0.749812 0.661372
vn -0.082138 0.602344 -0.793999
vn -0.361757 0.817706 -0.447759
vn -0.328540 0.641285 0.693409
vn -0.051096 0.068128 0.996367
vn -0.443568 0.596044 0.669312
vn -0.946756 -0.199077 0.253025
vn 0.382946 0.900087 0.207838
vn 0.834827 0.504566 0.220174
vn 0.003963 -0.194209 0.980952
vn 0.000000 0.000000 -1.000000
vn 0.086920 0.869204 -0.486754
vn 0.393308 0.863092 -0.316831
vn 0.000000 0.000000 -1.000000
vn -0.196683 0.245853 -0.949143
vn -0.593131 0.804964 -0.015131
vn 0.065025 -0.105967 0.992241
vn -0.586775 0.809750 0.000000
vn -0.980581 0.196116 0.000000
vn -0.865584 0.173117 0.469888
vn -0.340995 -0.934669 -0.100581
vn 0.583737 0.548143 0.598991
vn 0.732794 0.680451 0.000000
vn -0.980581 0.196116 0.000000
vn -0.336336 -0.941742 0.000000
vn 0.780869 0.624695 0.000000
vn 0.201701 0.846197 -0.493221
vn 0.344075 0.837465 -0.424575
vn 0.824163 0.549442 0.137361
vn -0.100265 0.868963 -0.484614
vn -0.079023 0.684863 0.724374
vn 0.816497 0.408248 0.408248
vn 0.379049 0.758098 0.530669
vn 0.542537 0.835424 -0.087866
vn 0.393496 0.674565 0.624598
vn 0.849546 0.392098 0.352888
vn 0.468124 0.828219 0.308081
vn -0.252027 -0.504051 -0.826084
vn 0.376074 0.469477 0.798849
vn -0.816853 0.064488 0.573230
vn -0.632753 0.700548 0.329935
vn -0.451978 0.504130 0.735914
vn 0.212959 0.340734 -0.915723
vn -0.745014 0.270914 0.609557
vn 0.342193 0.513290 -0.787043
vn -0.869976 0.369740 0.326241
vn -0.312639 0.290308 0.904421
vn -0.599515 0.556692 0.575045
vn -0.728087 0.145617 0.669840
vn 0.845154 0.169031 -0.507093
vn 0.844441 0.519656 0.129914
vn -0.100117 0.889933 -0.444967
vn 0.139413 0.365489 -0.920316
vn 0.324574 0.833365 0.447386
vn 0.295475 0.551553 0.780054
vn 0.169031 0.845154 0.507092
vn 0.046400 -0.200364 0.978622
vn -0.129767 0.529884 0.838083
vn 0.026138 0.810264 -0.585481
vn 0.000000 0.000000 -1.000000
vn -0.292658 0.592781 0.750308
vn -0.900353 0.180071 0.396155
vn -0.703083 0.703083 0.106528
vn -0.945028 0.189006 -0.266831
vn -0.695054 0.682063 -0.227354
vn 0.000000 0.610101 -0.792323
vn 0.844441 0.519656 0.129914
vn -0.138508 0.844241 -0.517757
vn -0.081441 0.584896 0.807009
vn 0.025089 -0.319889 -0.947123
vn 0.820553 -0.063119 -0.568075
vn -0.101015 0.909137 -0.404061
vn -0.079682 0.996024 -0.039841
vn -0.190649 0.727935 -0.658608
vn -0.389352 0.876042 0.284527
vn -0.436574 0.860432 0.262792
vn -0.119586 0.956687 0.265422
vn 0.106319 0.829292 -0.548608
vn 0.185994 0.946877 0.262355
vn -0.032255 -0.190842 0.981091
vn 0.111146 0.518683 0.847711
vn -0.338719 0.880671 0.331192
vn -0.446568 0.894373 0.025954
vn 0.679100 -0.727607 -0.097014
vn 0.698519 0.097306 0.708945
vn 0.613525 -0.744183 -0.264157
vn -0.180310 -0.518938 -0.835579
vn -0.841561 0.458430 -0.285688
vn -0.912871 0.182574 0.365148
vn -0.912871 0.365149 -0.182574
vn -0.099600 0.879797 -0.464798
vn -0.081441 0.584896 0.807009
vn 0.820553 -0.063119 -0.568075
vn 0.861640 0.492367 0.123092
vn -0.245588 0.861508 -0.444398
vn -0.077647 0.341646 -0.936616
vn -0.130123 0.845797 0.517392
vn 0.038438 0.087481 0.995424
vn 0.256191 0.661825 0.704524
vn -0.029049 0.118618 0.992515
vn -0.961995 -0.106646 0.251381
vn -0.136484 0.737017 0.661950
vn 0.221425 0.578773 0.784852
vn -0.422293 0.770685 0.477192
vn -0.479700 0.875452 -0.058920
vn 0.060665 0.844252 -0.532502
vn -0.912871 0.365149 -0.182574
vn -0.866921 0.157622 -0.472866
vn -0.099969 0.899719 -0.424867
vn -0.079682 0.996024 -0.039841
vn 0.025911 -0.323884 -0.945742
vn -0.884652 0.147442 -0.442326
vn -0.079682 0.996024 -0.039841
vn -0.131935 0.302675 -0.943918
vn -0.287268 0.957561 -0.023519
vn -0.559297 0.827759 -0.044744
vn -0.181395 0.979537 -0.087197
vn 0.003922 -0.196115 0.980573
vn -0.034004 0.523668 0.851244
vn 0.383929 0.920683 0.070289
vn -0.372382 0.506196 0.777880
vn 0.212959 0.340734 -0.915723
vn 0.650791 -0.759257 0.000000
vn 0.473879 -0.651584 0.592349
vn 0.503871 0.863779 0.000000
vn -0.067091 0.012424 0.997669
vn -0.272131 0.391603 0.878972
vn 0.187433 0.321313 0.928238
vn 0.650791 -0.759257 0.000000
vn 0.503871 0.863779 0.000000
vn 0.367022 -0.428193 -0.825800
vn -0.805056 0.593199 0.000000
vn -0.865584 0.173117 0.469888
vn -0.599515 0.556692 0.575045
vn -0.805056 0.593199 0.000000
vn -0.912871 0.182574 0.365148
vn -0.078368 0.888166 -0.452791
vn -0.082535 0.445688 0.891376
vn 0.024318 -0.316134 -0.948403
vn 0.784464 -0.196116 -0.588349
vn -0.108338 0.931705 -0.346681
vn 0.174714 0.873571 -0.454257
vn 0.376712 0.917448 -0.127974
vn 0.169031 0.845154 0.507092
vn 0.004320 0.388826 -0.921301
vn 0.069085 0.840538 0.537330
vn -0.035158 0.773479 -0.632846
vn 0.149827 0.948904 0.277728
vn -0.106264 0.956373 0.272139
vn -0.387669 0.781492 0.488860
vn -0.525338 0.788006 0.321040
vn 0.342193 0.513290 -0.787044
vn -0.906716 0.387098 0.167394
vn 0.508710 0.791327 -0.339140
vn -0.395820 0.263880 0.879599
vn -0.745014 0.270914 0.609557
vn 0.000000 0.514496 -0.857493
vn -0.877895 0.478852 0.000000
vn 0.000000 0.000000 1.000000
vn -0.875667 0.482905 -0.003219
vn -0.912871 0.182574 0.365148
vn -0.912871 0.365149 -0.182574
vn -0.078024 0.891701 -0.445850
vn -0.845154 0.169031 -0.507093
vn -0.155290 0.891482 -0.425611
vn -0.186268 0.813698 0.550635
vn -0.575478 0.817101 -0.034208
vn -0.444209 0.600989 0.664447
vn -0.971227 0.095163 0.218316
vn 0.306429 0.787959 0.534061
vn 0.343113 0.935763 -0.081371
vn 0.296609 0.626733 0.720575
vn 0.718675 0.188652 0.669266
vn 0.000000 0.000000 1.000000
vn 0.727499 0.682030 -0.074699
vn -0.706204 0.706209 -0.050444
vn 0.025089 -0.319889 -0.947123
vn -0.076125 0.913499 -0.399656
vn -0.866921 0.157622 -0.472866
vn 0.305356 0.773567 0.555295
vn 0.354540 0.874531 0.330904
vn -0.400060 0.523715 -0.752113
vn -0.177103 0.230568 -0.956803
vn 0.021359 0.088107 0.995882
vn 0.918532 0.279553 0.279553
vn 0.948205 -0.013629 0.317366
vn 0.192736 0.693849 0.693849
vn -0.015994 0.127955 0.991651
vn -0.107213 0.741559 0.662266
vn 0.206284 0.309426 -0.928279
vn 0.342193 0.513290 -0.787044
vn 0.507055 -0.749059 0.426387
vn -0.395820 0.263880 0.879599
vn 0.284456 0.250322 -0.925432
vn 0.742625 0.653510 -0.146403
vn -0.799917 0.599940 -0.014284
vn 0.104145 0.887632 -0.448623
vn -0.009941 0.854955 0.518607
vn 0.356981 0.934039 -0.011624
vn 0.141504 0.385206 -0.911917
vn 0.368049 0.929807 0.000000
vn 0.261067 0.694807 0.670140
vn 0.197686 0.232263 0.952352
vn 0.132973 0.443242 0.886484
vn -0.503613 0.862670 -0.046631
vn -0.969033 0.112678 0.219723
vn -0.181395 0.979537 -0.087197
vn -0.136484 0.737017 0.661950
vn -0.006899 0.126484 0.991945
vn 0.910867 0.301707 0.281593
vn 0.950691 -0.007471 0.310049
vn -0.050849 0.750026 0.659451
vn -0.143559 0.621274 0.770331
vn -0.284161 0.605087 0.743721
vn 0.448281 0.409300 0.794681
vn -0.157610 0.757214 0.633866
vn 0.207704 0.369252 0.905821
vn 0.384371 0.454257 0.803685
vn 0.454398 -0.763188 -0.459419
vn -0.274560 -0.549118 -0.789358
vn 0.346844 0.520266 0.780399
vn -0.876949 0.414495 -0.243216
vn 0.543778 0.767687 0.339061
vn -0.929539 0.363137 0.063949
vn 0.516534 0.790400 -0.329333
vn -0.770371 0.269630 0.577779
vn 0.000000 0.588172 -0.808736
vn -0.880491 0.360683 0.307642
vn -0.395820 0.263880 0.879599
vn 0.041974 0.612818 -0.789108
vn 0.239357 0.228950 -0.943552
vn 0.456869 0.478119 -0.750115
vn 0.714756 -0.698873 -0.026472
vn 0.483381 -0.712351 0.508822
vn 0.000000 0.000000 1.000000
vn 0.000000 0.000000 -1.000000
vn 0.708545 -0.705665 0.000000
vn 0.408248 -0.408248 -0.816496
vn 0.159782 0.675847 0.719514
vn -0.853450 0.440410 -0.278678
vn -0.163897 0.714346 0.680329
vn -0.916559 0.393450 -0.071536
vn 0.598923 0.798564 0.059892
vn -0.412912 0.488753 -0.768521
vn -0.568927 0.758570 -0.317636
vn 0.000000 0.000000 1.000000
vn -0.672639 0.597902 0.435971
vn 0.176090 0.440225 0.880451
vn -0.813733 0.348743 0.464991
vn -0.123776 0.990207 -0.064579
vn -0.260709 0.906814 0.331239
vn -0.358684 0.932578 -0.040547
vn 0.101124 0.943820 0.314607
vn 0.250682 0.967267 -0.039400
vn 0.216848 0.577148 0.787323
vn -0.718839 0.638968 0.273844
vn 0.447770 0.703640 0.551718
vn 0.407200 0.698057 0.588985
vn 0.208145 0.327086 0.921787
vn -0.813733 0.348743 0.464991
vn -0.044686 0.997989 -0.044947
vn -0.045183 0.376523 -0.925305
vn -0.287268 0.957561 -0.023519
vn -0.141290 0.989034 -0.043001
vn -0.235110 0.827996 0.509064
vn -0.352645 0.934510 -0.048297
vn 0.580258 -0.812363 -0.058026
vn 0.342193 0.513289 -0.787044
vn 0.514263 -0.791965 0.329128
vn 0.527760 0.791639 -0.307860
vn 0.831219 -0.554146 -0.044689
vn 0.155877 0.370208 -0.915777
vn 0.388057 0.921635 0.000000
vn 0.601445 0.240578 -0.761831
vn 0.000000 0.000000 -1.000000
vn 0.832050 -0.554700 0.000000
vn -0.014864 -0.089185 0.995904
vn 0.388057 0.921635 0.000000
vn 0.056329 0.997199 -0.049210
vn 0.040901 0.403900 -0.913888
vn 0.011866 0.655618 0.754999
vn 0.148423 0.837532 0.525843
vn 0.171752 0.981437 -0.085342
vn -0.593365 0.758189 0.270311
vn -0.427007 0.575037 0.697852
vn 0.580258 -0.812363 -0.058026
vn 0.623847 -0.777252 0.081816
vn 0.492096 -0.833550 0.251069
vn 0.507292 0.788745 -0.347183
vn -0.337804 0.292155 0.894725
vn -0.426273 0.556009 0.713544
vn 0.241366 0.970173 -0.022513
vn 0.910867 0.301707 0.281593
vn 0.203444 0.702807 0.681670
vn -0.066484 0.997253 -0.032659
vn -0.287268 0.957561 -0.023519
vn -0.181395 0.979537 -0.087197
vn -0.078122 0.746500 0.660783
vn -0.106137 0.990613 -0.086140
vn -0.033425 0.947033 0.319392
vn 0.106137 0.990613 -0.086140
vn -0.207189 0.865016 0.456968
vn 0.129949 0.848493 0.513003
vn 0.294404 0.901612 0.316893
vn 0.735215 0.044113 0.676397
vn 0.507261 -0.746618 -0.430403
vn -0.614543 0.780772 0.112834
vn -0.608698 0.748758 -0.262390
vn 0.132037 0.660185 -0.739407
vn 0.659258 0.673908 -0.333507
vn 0.456412 0.477158 -0.751005
vn 0.186621 0.933109 -0.307377
vn 0.156174 0.937043 -0.312347
vn 0.755263 -0.503509 -0.419591
vn 0.509733 -0.785491 0.350964
vn 0.579042 0.231617 -0.781706
vn 0.000000 0.000000 1.000000
vn 0.348155 0.348155 0.870388
vn 0.360850 -0.524873 -0.770906
vn 0.059148 0.650626 -0.757092
vn 0.186621 0.933109 -0.307377
vn -0.925358 0.363617 0.107220
vn -0.028372 0.998612 -0.044377
vn 0.902579 0.324003 0.283502
vn -0.050109 0.751631 0.657677
vn -0.123776 0.990207 -0.064579
vn -0.051368 0.852714 0.519847
vn 0.106137 0.990613 -0.086140
vn -0.747914 0.662613 0.039604
vn 0.407200 0.698057 0.588985
vn 0.503871 0.863779 0.000000
vn -0.747409 0.664364 0.000000
vn 0.503871 0.863779 0.000000
vn 0.000000 0.893038 0.449980
vn 0.394745 0.530712 0.750014
vn 0.519365 -0.811508 -0.267798
vn 0.507021 0.760530 0.405615
vn -0.146713 0.250276 -0.956994
vn -0.507020 0.861934 0.000000
vn 0.076288 -0.128642 0.988752
vn -0.435032 0.900415 0.000000
vn 0.000000 0.000000 1.000000
vn 0.000000 0.000000 -1.000000
vn 0.222302 0.344830 0.911962
vn 0.394079 0.295559 0.870257
vn -0.652940 0.757410 0.000000
vn -0.508419 0.635524 0.581050
vn -0.601658 0.798754 0.000000
vn 0.220915 0.553320 0.803140
vn 0.702578 0.113002 0.702578
vn 0.497738 0.486917 0.717752
vn 0.665797 0.694745 0.272109
vn 0.628445 0.602259 0.492282
vn 0.072793 0.829843 0.553229
vn 0.447770 0.703640 0.551718
vn 0.197259 0.324069 0.925240
vn 0.387097 -0.603872 -0.696775
vn -0.891530 0.394331 -0.222883
vn -0.060609 0.808122 0.585888
vn 0.489965 -0.839939 0.233316
vn 0.533863 -0.816497 -0.219825
vn 0.559269 0.821695 -0.109703
vn 0.645231 0.701502 -0.302609
vn 0.156174 0.937043 -0.312347
vn 0.580258 -0.812363 -0.058026
vn 0.623847 -0.777252 0.081816
vn 0.505076 -0.808122 0.303045
vn 0.765011 0.306004 -0.566674
vn 0.315205 0.551609 -0.772252
vn 0.156167 0.303659 -0.939895
vn 0.574031 0.229613 -0.785981
vn 0.306404 0.344705 0.887296
vn 0.535774 0.589351 0.604659
vn 0.129488 0.647443 0.751033
vn -0.130782 0.652768 0.746184
vn 0.135432 0.641311 0.755234
vn 0.683184 0.725883 -0.079705
vn 0.628445 0.602259 0.492282
vn 0.177443 0.887217 0.425864
vn 0.160210 0.961262 -0.224295
vn 0.186621 0.933109 -0.307377
vn 0.156174 0.937043 -0.312347
vn -0.936393 0.347425 0.049632
vn 0.113251 0.284657 -0.951916
vn 0.327543 0.944836 0.000000
vn -0.050457 -0.142026 0.988576
vn 0.354227 0.935159 0.000000
vn -0.730139 0.643576 0.229580
vn 0.140738 0.534806 0.833172
vn 0.174901 0.961956 -0.209881
vn -0.905329 0.421292 -0.053782
vn 0.131492 0.882872 0.450829
vn -0.272957 0.544832 0.792876
vn 0.013221 0.681630 0.731577
vn 0.750844 0.231392 0.618620
vn 0.484112 -0.806853 -0.338562
vn 0.065318 -0.135090 0.988678
vn -0.209527 0.442335 0.872031
vn 0.447770 0.703640 0.551718
vn 0.407200 0.698057 0.588985
vn 0.503871 0.863779 0.000000
vn 0.423653 -0.897526 -0.122331
vn 0.503871 0.863779 0.000000
vn 0.419058 -0.907959 0.000000
vn 0.852989 0.511793 -0.102359
vn 0.623847 -0.777252 0.081816
vn 0.489965 -0.839939 0.233316
vn 0.852937 0.426469 -0.301037
vn 0.433484 0.845293 -0.312363
vn 0.277137 0.526560 -0.803697
vn 0.823474 0.401180 -0.401180
vn 0.490498 0.336848 0.803707
vn 0.378117 -0.756234 -0.533982
vn 0.527450 0.568023 0.631781
vn 0.154303 0.771517 0.617213
vn 0.593199 0.805056 0.000000
vn 0.655872 0.754872 0.000000
vn 0.222297 0.582031 0.782191
vn 0.852989 0.511793 -0.102359
vn 0.898606 0.359443 -0.251610
vn 0.821282 0.366956 0.436852
vn 0.481330 -0.859518 0.171904
vn 0.525568 -0.814631 -0.245265
vn -0.748995 0.661411 0.039262
vn 0.154303 0.771517 0.617213
vn 0.196116 0.980581 0.000000
vn -0.747409 0.664364 0.000000
vn 0.196116 0.980581 0.000000
vn -0.271751 0.579737 -0.768151
vn -0.127408 0.269294 -0.954593
vn 0.160624 0.466575 0.869775
vn 0.096712 0.093542 0.990907
vn 0.272864 0.630997 0.726215
vn 0.376474 0.815692 0.439219
vn 0.750725 0.320823 0.577481
vn 0.852989 0.511793 -0.102359
vn 0.898606 0.359443 -0.251610
vn 0.424130 0.864264 -0.270483
vn 0.820729 0.492438 -0.289669
vn 0.271363 0.624134 -0.732679
vn 0.116187 0.267229 -0.956603
vn -0.084804 0.290755 -0.953032
vn -0.124035 0.992278 0.000000
vn -0.360994 0.932568 0.000000
vn 0.049588 0.280029 -0.958710
vn 0.177964 0.984037 0.000000
vn 0.037540 -0.151333 0.987770
vn -0.124035 0.992278 0.000000
vn -0.360994 0.932568 0.000000
vn -0.024571 -0.145892 0.988995
vn 0.239969 0.970781 0.000000
vn 0.384456 0.720854 0.576683
vn 0.197942 0.371141 0.907234
vn 0.582686 0.375926 0.720525
vn 0.677420 0.451612 0.580645
vn 0.423615 -0.897962 -0.119221
vn 0.800001 0.599999 0.000000
vn 0.419058 -0.907959 0.000000
vn 0.800001 0.599999 0.000000
vn 0.898606 0.359443 -0.251610
vn 0.406824 0.904052 0.131088
vn 0.823778 0.329511 0.461316
vn -0.343902 0.799380 -0.492669
vn -0.542582 0.775117 -0.323725
vn -0.014841 0.293845 -0.955738
vn -0.041202 0.999151 0.000000
vn 0.000000 -0.164399 0.986394
vn 0.040782 0.999168 0.000000
vn 0.387365 0.706372 0.592441
vn 0.659783 0.494836 0.565529
vn 0.611448 0.791285 0.000000
vn 0.532172 0.846636 0.000000
vn -0.164170 0.583414 0.795410
vn -0.341937 0.623633 0.702966
vn 0.354052 0.885128 -0.301985
vn 0.256748 0.616195 -0.744569
vn -0.280266 0.509576 0.813501
vn 0.154875 0.590279 0.792202
vn 0.036921 -0.152300 0.987644
vn -0.097215 0.476816 0.873611
vn -0.500590 0.860664 0.093092
vn -0.382947 0.813763 0.437198
vn -0.356309 0.916223 -0.183245
vn -0.321901 0.891418 -0.318988
vn -0.539646 0.811064 -0.225738
vn 0.099599 0.482670 0.870120
vn -0.034013 -0.140690 0.989469
vn 0.234912 0.626432 0.743236
vn 0.333502 0.850430 0.406872
vn 0.258024 0.647589 0.716974
vn 0.241218 0.387530 0.889738
vn -0.129668 0.635993 -0.760722
vn -0.062749 0.295815 -0.953182
vn -0.007023 0.611850 0.790943
vn 0.360205 0.910804 0.201715
vn 0.355530 0.895668 -0.267166
vn 0.168199 0.672797 -0.720453
vn 0.068463 0.276827 -0.958478
vn 0.013739 0.480868 0.876685
vn 0.001172 -0.155842 0.987781
vn -0.501718 0.865031 0.000000
vn -0.365669 0.699995 0.613428
vn -0.433294 0.901253 0.000000
vn 0.312253 0.728589 0.609636
vn 0.419058 0.907959 0.000000
vn 0.373341 0.927694 0.000000
vn 0.020122 0.704276 -0.709641
vn 0.008391 0.285284 -0.958406
vn -0.192560 0.865963 -0.461550
vn 0.116562 0.827738 -0.548874
vn 0.299865 0.899595 -0.317504
vn -0.179484 0.708662 0.682337
vn -0.163320 0.609403 0.775857
vn 0.120918 0.692840 0.710881
vn 0.296534 0.876122 0.380102
vn 0.016027 0.888193 -0.459192
vn 0.117365 0.548615 0.827796
vn -0.339644 0.940554 0.000000
vn -0.265601 0.916754 -0.298361
vn -0.133918 0.990992 0.000000
vn -0.235015 0.953116 -0.190623
vn -0.206863 0.838945 0.503367
vn -0.235015 0.953116 -0.190623
vn 0.099874 0.923834 0.369534
vn 0.263514 0.961469 0.078342
vn 0.102691 0.937053 -0.333745
vn 0.249821 0.951445 -0.179836
vn 0.001607 0.773072 0.634316
vn -0.005447 0.599119 0.800641
vn -0.362446 0.932005 0.000000
vn -0.188018 0.732283 0.654531
vn -0.130455 0.991454 0.000000
vn -0.362446 0.932005 0.000000
vn -0.130455 0.991454 0.000000
vn -0.040785 0.905429 0.422534
vn 0.027017 0.999635 0.000000
vn -0.105418 0.975117 -0.195023
vn -0.043050 0.947092 -0.318061
vn -0.013512 0.999909 0.000000
vn 0.165307 0.746548 0.644469
vn 0.219839 0.975536 0.000000
vn 0.219839 0.975536 0.000000
vn -0.040156 0.756277 0.653018
vn -0.052559 0.998618 0.000000
vn 0.026307 0.999654 0.000000
f 1704//1704 1703//1703 721//721
f 1704//1704 721//721 723//723
f 1703//1703 1704//1704 2585//2585
f 1703//1703 2585//2585 2582//2582
f 2582//2582 2585//2585 2963//2963
f 2582//2582 2963//2963 2962//2962
f 2962//2962 2963//2963 2974//2974
f 2962//2962 2974//2974 2972//2972
f 720//720 1702//1702 1628//1628
f 1628//1628 1702//1702 2525//2525
f 2525//2525 1702//1702 2581//2581
f 2525//2525 2581//2581 2913//2913
f 2913//2913 2581//2581 2960//2960
f 1628//1628 2525//2525 1417//1417
f 1628//1628 1417//1417 658//658
f 1628//1628 658//658 709//709
f 1628//1628 709//709 720//720
f 709//709 658//658 141//141
f 720//720 709//709 147//147
f 720//720 147//147 722//722
f 722//722 147//147 149//149
f 147//147 709//709 146//146
f 146//146 709//709 141//141
f 147//147 146//146 3714//3714
f 146//146 141//141 3707//3707
f 146//146 3707//3707 3714//3714
f 3707//3707 141//141 3658//3658
f 3714//3714 3707//3707 4487//4487
f 4487//4487 3707//3707 4419//4419
f 4487//4487 4419//4419 5503//5503
f 5503//5503 4419//4419 5356//5356
f 2961//2961 2971//2971 2914//2914
f 2914//2914 2971//2971 2933//2933
f 2970//2970 2973//2973 2879//2879
f 2879//2879 2973//2973 2881//2881
f 2970//2970 2879//2879 2932//2932
f 2932//2932 2879//2879 2815//2815
f 2880//2880 2882//2882 2950//2950
f 2880//2880 2950//2950 2948//2948
f 2880//2880 2948//2948 2819//2819
f 2819//2819 2948//2948 2904//2904
f 2915//2915 2934//2934 2755//2755
f 2755//2755 2934//2934 2806//2806
f 2915//2915 2755//2755 2526//2526
f 2755//2755 2806//2806 2710//2710
f 2710//2710 2806//2806 2731//2731
f 2755//2755 2710//2710 2199//2199
f 2526//2526 2755//2755 2325//2325
f 2325//2325 2755//2755 2199//2199
f 2526//2526 2325//2325 1418//1418
f 2325//2325 2199//2199 1313//1313
f 2325//2325 1313//1313 1418//1418
f 1418//1418 1313//1313 629//629
f 1418//1418 629//629 659//659
f 659//659 629//629 142//142
f 142//142 629//629 144//144
f 142//142 144//144 3659//3659
f 3659//3659 144//144 3647//3647
f 3659//3659 3647//3647 4209//4209
f 3659//3659 4209//4209 4249//4249
f 3659//3659 4249//4249 3708//3708
f 4249//4249 4209//4209 5039//5039
f 3708//3708 4249//4249 4420//4420
f 4420//4420 4249//4249 5105//5105
f 5105//5105 4249//4249 5039//5039
f 4420//4420 5105//5105 5357//5357
f 5105//5105 5039//5039 5183//5183
f 5183//5183 5039//5039 5147//5147
f 2946//2946 2949//2949 3000//3000
f 2946//2946 3000//3000 2996//2996
f 2935//2935 2816//2816 2807//2807
f 2808//2808 2818//2818 2549//2549
f 2548//2548 2817//2817 2902//2902
f 2548//2548 2902//2902 2686//2686
f 2805//2805 2546//2546 2730//2730
f 2732//2732 2547//2547 2542//2542
f 2732//2732 2542//2542 2801//2801
f 2545//2545 2550//2550 2689//2689
f 2545//2545 2689//2689 2682//2682
f 2733//2733 2803//2803 2713//2713
f 2687//2687 2903//2903 2869//2869
f 2869//2869 2903//2903 2958//2958
f 2958//2958 2903//2903 2947//2947
f 2958//2958 2947//2947 2997//2997
f 2804//2804 2544//2544 2604//2604
f 2804//2804 2604//2604 2778//2778
f 2603//2603 2543//2543 2681//2681
f 2603//2603 2681//2681 2747//2747
f 2603//2603 2747//2747 2708//2708
f 2708//2708 2747//2747 2824//2824
f 2683//2683 2688//2688 2790//2790
f 2683//2683 2790//2790 2786//2786
f 2789//2789 2685//2685 2868//2868
f 2788//2788 2867//2867 2829//2829
f 2829//2829 2867//2867 2891//2891
f 2891//2891 2867//2867 2957//2957
f 2829//2829 2891//2891 2977//2977
f 2829//2829 2977//2977 2930//2930
f 2977//2977 2891//2891 3033//3033
f 3033//3033 2891//2891 2993//2993
f 2977//2977 3033//3033 3063//3063
f 2930//2930 2977//2977 3030//3030
f 3030//3030 2977//2977 3063//3063
f 2930//2930 3030//3030 2989//2989
f 3030//3030 3063//3063 3073//3073
f 2989//2989 3030//3030 3043//3043
f 3043//3043 3030//3030 3073//3073
f 2989//2989 3043//3043 3009//3009
f 3009//3009 3043//3043 2991//2991
f 3043//3043 3073//3073 3026//3026
f 3043//3043 3026//3026 2991//2991
f 3026//3026 3073//3073 3058//3058
f 2991//2991 3026//3026 2945//2945
f 2945//2945 3026//3026 3058//3058
f 2945//2945 3058//3058 3022//3022
f 2991//2991 2945//2945 2893//2893
f 2945//2945 3022//3022 2839//2839
f 2893//2893 2945//2945 2684//2684
f 2684//2684 2945//2945 2839//2839
f 2893//2893 2684//2684 2578//2578
f 2684//2684 2839//2839 2444//2444
f 2684//2684 2444//2444 2578//2578
f 2444//2444 2839//2839 2605//2605
f 2578//2578 2444//2444 2326//2326
f 2326//2326 2444//2444 2330//2330
f 2326//2326 2330//2330 2254//2254
f 2330//2330 2444//2444 2501//2501
f 2680//2680 2784//2784 2746//2746
f 2746//2746 2784//2784 2863//2863
f 2787//2787 2791//2791 2830//2830
f 2787//2787 2830//2830 2828//2828
f 2828//2828 2830//2830 2931//2931
f 2828//2828 2931//2931 2929//2929
f 2929//2929 2931//2931 2990//2990
f 2929//2929 2990//2990 2986//2986
f 2986//2986 2990//2990 3011//3011
f 2986//2986 3011//3011 3008//3008
f 2959//2959 2998//2998 2995//2995
f 2995//2995 2998//2998 3014//3014
f 2959//2959 2995//2995 2892//2892
f 2999//2999 3001//3001 3015//3015
f 3015//3015 3001//3001 3016//3016
f 3015//3015 3016//3016 3050//3050
f 3050//3050 3016//3016 3051//3051
f 3050//3050 3051//3051 3085//3085
f 3050//3050 3085//3085 3084//3084
f 3084//3084 3085//3085 3088//3088
f 3088//3088 3085//3085 3090//3090
f 3034//3034 2994//2994 3012//3012
f 3013//3013 3049//3049 3035//3035
f 3035//3035 3049//3049 3083//3083
f 3035//3035 3083//3083 3064//3064
f 3064//3064 3083//3083 3074//3074
f 3074//3074 3083//3083 3087//3087
f 3074//3074 3087//3087 3059//3059
f 3059//3059 3087//3087 3076//3076
f 3059//3059 3076//3076 3023//3023
f 3023//3023 3076//3076 3045//3045
f 3023//3023 3045//3045 2840//2840
f 2840//2840 3045//3045 2690//2690
f 2840//2840 2690//2690 2607//2607
f 3086//3086 3089//3089 3077//3077
f 3086//3086 3077//3077 3075//3075
f 3075//3075 3077//3077 3047//3047
f 3075//3075 3047//3047 3044//3044
f 3046//3046 3048//3048 2692//2692
f 3046//3046 2692//2692 2691//2691
f 2691//2691 2692//2692 2583//2583
f 2583//2583 2692//2692 2586//2586
f 2691//2691 2583//2583 2608//2608
f 2608//2608 2583//2583 2504//2504
f 2584//2584 2587//2587 2488//2488
f 2488//2488 2587//2587 2490//2490
f 2584//2584 2488//2488 2505//2505
f 2505//2505 2488//2488 2424//2424
f 2487//2487 2489//2489 2203//2203
f 2487//2487 2203//2203 2201//2201
f 2487//2487 2201//2201 2422//2422
f 2422//2422 2201//2201 2086//2086
f 2606//2606 2503//2503 2445//2445
f 2202//2202 2204//2204 2467//2467
f 2202//2202 2467//2467 2465//2465
f 2202//2202 2465//2465 2357//2357
f 2202//2202 2357//2357 2088//2088
f 2088//2088 2357//2357 2124//2124
f 2088//2088 2124//2124 1800//1800
f 2502//2502 2421//2421 2331//2331
f 2331//2331 2421//2421 2119//2119
f 2894//2894 2580//2580 2890//2890
f 2890//2890 2580//2580 2577//2577
f 2894//2894 2890//2890 2988//2988
f 2894//2894 2988//2988 2992//2992
f 2992//2992 2988//2988 3007//3007
f 2992//2992 3007//3007 3010//3010
f 2579//2579 2329//2329 2576//2576
f 2574//2574 2327//2327 2352//2352
f 2889//2889 2575//2575 2740//2740
f 2740//2740 2575//2575 2482//2482
f 2482//2482 2575//2575 2353//2353
f 2482//2482 2353//2353 2252//2252
f 2889//2889 2740//2740 2976//2976
f 2889//2889 2976//2976 2987//2987
f 2987//2987 2976//2976 3037//3037
f 2987//2987 3037//3037 3006//3006
f 3006//3006 3037//3037 3053//3053
f 3006//3006 3053//3053 2985//2985
f 2985//2985 3053//3053 3042//3042
f 2985//2985 3042//3042 2928//2928
f 2928//2928 3042//3042 2984//2984
f 2928//2928 2984//2984 2927//2927
f 2928//2928 2927//2927 2827//2827
f 2827//2827 2927//2927 2865//2865
f 2827//2827 2865//2865 2785//2785
f 2354//2354 2328//2328 2251//2251
f 2251//2251 2328//2328 2256//2256
f 2925//2925 2983//2983 3020//3020
f 3020//3020 2983//2983 3041//3041
f 3020//3020 3041//3041 3055//3055
f 3055//3055 3041//3041 3052//3052
f 3055//3055 3052//3052 3062//3062
f 3055//3055 3062//3062 3071//3071
f 3062//3062 3052//3052 3036//3036
f 3071//3071 3062//3062 3082//3082
f 3062//3062 3036//3036 3056//3056
f 3062//3062 3056//3056 3082//3082
f 3056//3056 3036//3036 2975//2975
f 3082//3082 3056//3056 3065//3065
f 3082//3082 3065//3065 3080//3080
f 3080//3080 3065//3065 3069//3069
f 3069//3069 3065//3065 3028//3028
f 3056//3056 2975//2975 3005//3005
f 3056//3056 3005//3005 3065//3065
f 3005//3005 2975//2975 2739//2739
f 3028//3028 3065//3065 3029//3029
f 3029//3029 3065//3065 3005//3005
f 3028//3028 3029//3029 2856//2856
f 2856//2856 3029//3029 2858//2858
f 3029//3029 3005//3005 2798//2798
f 2798//2798 3005//3005 2739//2739
f 3029//3029 2798//2798 2858//2858
f 2798//2798 2739//2739 2481//2481
f 2798//2798 2481//2481 2540//2540
f 2798//2798 2540//2540 2858//2858
f 2858//2858 2540//2540 2624//2624
f 2864//2864 2926//2926 2911//2911
f 2911//2911 2926//2926 2956//2956
f 2911//2911 2956//2956 2952//2952
f 2924//2924 3019//3019 2954//2954
f 2955//2955 3021//3021 3040//3040
f 3040//3040 3021//3021 3054//3054
f 3040//3040 3054//3054 3070//3070
f 2955//2955 3040//3040 2982//2982
f 2955//2955 2982//2982 2951//2951
f 2951//2951 2982//2982 2967//2967
f 2982//2982 3040//3040 3039//3039
f 2982//2982 3039//3039 3003//3003
f 3040//3040 3070//3070 3067//3067
f 3040//3040 3067//3067 3039//3039
f 3067//3067 3070//3070 3079//3079
f 3079//3079 3070//3070 3081//3081
f 3039//3039 3067//3067 3061//3061
f 3003//3003 3039//3039 2979//2979
f 3039//3039 3061//3061 3032//3032
f 3039//3039 3032//3032 2979//2979
f 2866//2866 2912//2912 2825//2825
f 2866//2866 2825//2825 2748//2748
f 2825//2825 2912//2912 2887//2887
f 2887//2887 2912//2912 2953//2953
f 2887//2887 2953//2953 2907//2907
f 2907//2907 2953//2953 2969//2969
f 2907//2907 2969//2969 2885//2885
f 2885//2885 2969//2969 2944//2944
f 2885//2885 2944//2944 2770//2770
f 2826//2826 2888//2888 2709//2709
f 2709//2709 2888//2888 2775//2775
f 2775//2775 2888//2888 2797//2797
f 2797//2797 2888//2888 2908//2908
f 2797//2797 2908//2908 2773//2773
f 2773//2773 2908//2908 2886//2886
f 2602//2602 2707//2707 2776//2776
f 2776//2776 2707//2707 2870//2870
f 2870//2870 2707//2707 2774//2774
f 2870//2870 2774//2774 2922//2922
f 2922//2922 2774//2774 2796//2796
f 2922//2922 2796//2796 2936//2936
f 2936//2936 2796//2796 2905//2905
f 2905//2905 2796//2796 2771//2771
f 2905//2905 2771//2771 2794//2794
f 2794//2794 2771//2771 2645//2645
f 2794//2794 2645//2645 2560//2560
f 2560//2560 2645//2645 2382//2382
f 2560//2560 2382//2382 2150//2150
f 2560//2560 2150//2150 2440//2440
f 2440//2440 2150//2150 2374//2374
f 2374//2374 2150//2150 2053//2053
f 2374//2374 2053//2053 2109//2109
f 2374//2374 2109//2109 2413//2413
f 2413//2413 2109//2109 2026//2026
f 2413//2413 2026//2026 2339//2339
f 2800//2800 2777//2777 2781//2781
f 2783//2783 2779//2779 2871//2871
f 2783//2783 2871//2871 2862//2862
f 2862//2862 2871//2871 2923//2923
f 2862//2862 2923//2923 2910//2910
f 2910//2910 2923//2923 2939//2939
f 2727//2727 2799//2799 2780//2780
f 2727//2727 2780//2780 2390//2390
f 2727//2727 2390//2390 2197//2197
f 2197//2197 2390//2390 1311//1311
f 1311//1311 2390//2390 1458//1458
f 1311//1311 1458//1458 626//626
f 626//626 1458//1458 663//663
f 626//626 663//663 138//138
f 138//138 663//663 136//136
f 138//138 136//136 3644//3644
f 3644//3644 136//136 3673//3673
f 3644//3644 3673//3673 4206//4206
f 4206//4206 3673//3673 4289//4289
f 4206//4206 4289//4289 5036//5036
f 5036//5036 4289//4289 5138//5138
f 5036//5036 5138//5138 5141//5141
f 2802//2802 2728//2728 2712//2712
f 2782//2782 2860//2860 2478//2478
f 2782//2782 2478//2478 2391//2391
f 2391//2391 2478//2478 1459//1459
f 1459//1459 2478//2478 1566//1566
f 1459//1459 1566//1566 664//664
f 664//664 1566//1566 688//688
f 688//688 1566//1566 1680//1680
f 688//688 1680//1680 707//707
f 688//688 707//707 133//133
f 664//664 688//688 135//135
f 135//135 688//688 133//133
f 135//135 133//133 3699//3699
f 664//664 135//135 137//137
f 135//135 3699//3699 3684//3684
f 135//135 3684//3684 137//137
f 137//137 3684//3684 3674//3674
f 3674//3674 3684//3684 4360//4360
f 3674//3674 4360//4360 4290//4290
f 4290//4290 4360//4360 5140//5140
f 5140//5140 4360//4360 5251//5251
f 2729//2729 2198//2198 2711//2711
f 2711//2711 2198//2198 2200//2200
f 2200//2200 2198//2198 1312//1312
f 2200//2200 1312//1312 1314//1314
f 1314//1314 1312//1312 627//627
f 1314//1314 627//627 630//630
f 631//631 628//628 140//140
f 631//631 140//140 145//145
f 150//150 148//148 3715//3715
f 150//150 3715//3715 3716//3716
f 3716//3716 3715//3715 4488//4488
f 3716//3716 4488//4488 4489//4489
f 4489//4489 4488//4488 5505//5505
f 4489//4489 5505//5505 5506//5506
f 5506//5506 5505//5505 5536//5536
f 5536//5536 5505//5505 5534//5534
f 5504//5504 5358//5358 5533//5533
f 5533//5533 5358//5358 5432//5432
f 5432//5432 5358//5358 5106//5106
f 5432//5432 5106//5106 5185//5185
f 5537//5537 5535//5535 5261//5261
f 5537//5537 5261//5261 5263//5263
f 5261//5261 5535//5535 5433//5433
f 5261//5261 5433//5433 5151//5151
f 5151//5151 5433//5433 5186//5186
f 5151//5151 5186//5186 4840//4840
f 5264//5264 5262//5262 5568//5568
f 5264//5264 5568//5568 5570//5570
f 5568//5568 5262//5262 5502//5502
f 5502//5502 5262//5262 5152//5152
f 5569//5569 5567//5567 5658//5658
f 5658//5658 5567//5567 5654//5654
f 5654//5654 5567//5567 5579//5579
f 5579//5579 5567//5567 5501//5501
f 5657//5657 5652//5652 5768//5768
f 5768//5768 5652//5652 5765//5765
f 5768//5768 5765//5765 5979//5979
f 5768//5768 5979//5979 5981//5981
f 5981//5981 5979//5979 6134//6134
f 5981//5981 6134//6134 6136//6136
f 6136//6136 6134//6134 6163//6163
f 6136//6136 6163//6163 6166//6166
f 3646//3646 143//143 139//139
f 3646//3646 139//139 3645//3645
f 3646//3646 3645//3645 4207//4207
f 3646//3646 4207//4207 4208//4208
f 4208//4208 4207//4207 5037//5037
f 4208//4208 5037//5037 5038//5038
f 5038//5038 5037//5037 5142//5142
f 5038//5038 5142//5142 5146//5146
f 4361//4361 3685//3685 4418//4418
f 4418//4418 3685//3685 3700//3700
f 4361//4361 4418//4418 5252//5252
f 4418//4418 3700//3700 3698//3698
f 3698//3698 3700//3700 134//134
f 3698//3698 134//134 131//131
f 4418//4418 3698//3698 4440//4440
f 4440//4440 3698//3698 3696//3696
f 5252//5252 4418//4418 5355//5355
f 5355//5355 4418//4418 4440//4440
f 5252//5252 5355//5355 5467//5467
f 5467//5467 5355//5355 5463//5463
f 5463//5463 5355//5355 5387//5387
f 5387//5387 5355//5355 4440//4440
f 5387//5387 4440//4440 5315//5315
f 5315//5315 4440//4440 4417//4417
f 1567//1567 2479//2479 2538//2538
f 2538//2538 2479//2479 2861//2861
f 1567//1567 2538//2538 1681//1681
f 2538//2538 2861//2861 2909//2909
f 2538//2538 2909//2909 2921//2921
f 2921//2921 2909//2909 2938//2938
f 2538//2538 2921//2921 2537//2537
f 2538//2538 2537//2537 1681//1681
f 1681//1681 2537//2537 1679//1679
f 1681//1681 1679//1679 708//708
f 1679//1679 2537//2537 2519//2519
f 2519//2519 2537//2537 2901//2901
f 132//132 705//705 128//128
f 129//129 706//706 718//718
f 718//718 706//706 1677//1677
f 130//130 719//719 704//704
f 704//704 719//719 1678//1678
f 130//130 704//704 127//127
f 130//130 127//127 3697//3697
f 3697//3697 127//127 3695//3695
f 3695//3695 127//127 126//126
f 126//126 127//127 704//704
f 704//704 1678//1678 1627//1627
f 1627//1627 1678//1678 2518//2518
f 1627//1627 2518//2518 2316//2316
f 2316//2316 2518//2518 2898//2898
f 2316//2316 2898//2898 2765//2765
f 1627//1627 2316//2316 1375//1375
f 1627//1627 1375//1375 704//704
f 1375//1375 2316//2316 1990//1990
f 1990//1990 2316//2316 2534//2534
f 1990//1990 2534//2534 1863//1863
f 1863//1863 2534//2534 2438//2438
f 1990//1990 1863//1863 1094//1094
f 704//704 1375//1375 646//646
f 704//704 646//646 126//126
f 1375//1375 1990//1990 1173//1173
f 1375//1375 1173//1173 646//646
f 1173//1173 1990//1990 1094//1094
f 646//646 1173//1173 577//577
f 646//646 577//577 126//126
f 1173//1173 1094//1094 557//557
f 1173//1173 557//557 577//577
f 557//557 1094//1094 539//539
f 539//539 1094//1094 1071//1071
f 557//557 539//539 81//81
f 557//557 81//81 83//83
f 557//557 83//83 577//577
f 83//83 81//81 3549//3549
f 83//83 3549//3549 3551//3551
f 577//577 83//83 84//84
f 84//84 83//83 3551//3551
f 577//577 84//84 126//126
f 84//84 3551//3551 3603//3603
f 84//84 3603//3603 126//126
f 3603//3603 3551//3551 4013//4013
f 3603//3603 4013//4013 4089//4089
f 126//126 3603//3603 3657//3657
f 3657//3657 3603//3603 4089//4089
f 126//126 3657//3657 3695//3695
f 3695//3695 3657//3657 4416//4416
f 3695//3695 4416//4416 4439//4439
f 4416//4416 3657//3657 4248//4248
f 4248//4248 3657//3657 4089//4089
f 4416//4416 4248//4248 5314//5314
f 5314//5314 4248//4248 5100//5100
f 5100//5100 4248//4248 4089//4089
f 5100//5100 4089//4089 4800//4800
f 4800//4800 4089//4089 4640//4640
f 2919//2919 2937//2937 2899//2899
f 2899//2899 2937//2937 2906//2906
f 2899//2899 2906//2906 2766//2766
f 2766//2766 2906//2906 2795//2795
f 2766//2766 2795//2795 2535//2535
f 2535//2535 2795//2795 2561//2561
f 2535//2535 2561//2561 2439//2439
f 2439//2439 2561//2561 2441//2441
f 2439//2439 2441//2441 2376//2376
f 2439//2439 2376//2376 2346//2346
f 2920//2920 2900//2900 2536//2536
f 2315//2315 2764//2764 2533//2533
f 2647//2647 2772//2772 2884//2884
f 2647//2647 2884//2884 2768//2768
f 2966//2966 2981//2981 3002//3002
f 2968//2968 3004//3004 2980//2980
f 2968//2968 2980//2980 2942//2942
f 2942//2942 2980//2980 2897//2897
f 2942//2942 2897//2897 2853//2853
f 2853//2853 2897//2897 2644//2644
f 2644//2644 2897//2897 2726//2726
f 2644//2644 2726//2726 2513//2513
f 2513//2513 2726//2726 2620//2620
f 2513//2513 2620//2620 2474//2474
f 2474//2474 2620//2620 2572//2572
f 2646//2646 2767//2767 2384//2384
f 2384//2384 2767//2767 2516//2516
f 2769//2769 2943//2943 2854//2854
f 2769//2769 2854//2854 2517//2517
f 2151//2151 2383//2383 2515//2515
f 2151//2151 2515//2515 2380//2380
f 2514//2514 2852//2852 2643//2643
f 2514//2514 2643//2643 2379//2379
f 2379//2379 2643//2643 2512//2512
f 2379//2379 2512//2512 2473//2473
f 2379//2379 2473//2473 2281//2281
f 2281//2281 2473//2473 2343//2343
f 2343//2343 2473//2473 2496//2496
f 2343//2343 2496//2496 2471//2471
f 2343//2343 2471//2471 2275//2275
f 2275//2275 2471//2471 2239//2239
f 2275//2275 2239//2239 2105//2105
f 1862//1862 2437//2437 1791//1791
f 1791//1791 2437//2437 2345//2345
f 1862//1862 1791//1791 1070//1070
f 1862//1862 1070//1070 1093//1093
f 1791//1791 2345//2345 1831//1831
f 1831//1831 2345//2345 2372//2372
f 2372//2372 2345//2345 2415//2415
f 2415//2415 2345//2345 2375//2375
f 1791//1791 1831//1831 1091//1091
f 1791//1791 1091//1091 1070//1070
f 1070//1070 1091//1091 555//555
f 1070//1070 555//555 538//538
f 2054//2054 2152//2152 2381//2381
f 2054//2054 2381//2381 2282//2282
f 2054//2054 2282//2282 2111//2111
f 2111//2111 2282//2282 2344//2344
f 2111//2111 2344//2344 2278//2278
f 2371//2371 2414//2414 2342//2342
f 2371//2371 2342//2342 2310//2310
f 2310//2310 2342//2342 2103//2103
f 2103//2103 2342//2342 2148//2148
f 1832//1832 2373//2373 2311//2311
f 1832//1832 2311//2311 1745//1745
f 1745//1745 2311//2311 2104//2104
f 1745//1745 2104//2104 1533//1533
f 1832//1832 1745//1745 1092//1092
f 1745//1745 1533//1533 926//926
f 1092//1092 1745//1745 1069//1069
f 1069//1069 1745//1745 926//926
f 1092//1092 1069//1069 556//556
f 1069//1069 926//926 536//536
f 1069//1069 536//536 556//556
f 536//536 926//926 498//498
f 556//556 536//536 124//124
f 536//536 498//498 118//118
f 124//124 536//536 122//122
f 122//122 536//536 118//118
f 124//124 122//122 3527//3527
f 122//122 118//118 3445//3445
f 3527//3527 122//122 3497//3497
f 3497//3497 122//122 3445//3445
f 3497//3497 3445//3445 3849//3849
f 3527//3527 3497//3497 3980//3980
f 3497//3497 3849//3849 3936//3936
f 3497//3497 3936//3936 3980//3980
f 3980//3980 3936//3936 4583//4583
f 2340//2340 2028//2028 1933//1933
f 2029//2029 2110//2110 2277//2277
f 2027//2027 2276//2276 1932//1932
f 1932//1932 2276//2276 1828//1828
f 1828//1828 2276//2276 2107//2107
f 2341//2341 1934//1934 2147//2147
f 2149//2149 1935//1935 1829//1829
f 2102//2102 2146//2146 2022//2022
f 2102//2102 2022//2022 1411//1411
f 2102//2102 1411//1411 1532//1532
f 1532//1532 1411//1411 925//925
f 925//925 1411//1411 865//865
f 925//925 865//865 468//468
f 925//925 468//468 497//497
f 497//497 468//468 120//120
f 497//497 120//120 117//117
f 117//117 120//120 3420//3420
f 117//117 3420//3420 3444//3444
f 3444//3444 3420//3420 3821//3821
f 3444//3444 3821//3821 3848//3848
f 3848//3848 3821//3821 4317//4317
f 3848//3848 4317//4317 4315//4315
f 4315//4315 4317//4317 4377//4377
f 3848//3848 4315//4315 4505//4505
f 3848//3848 4505//4505 3935//3935
f 2021//2021 2145//2145 1827//1827
f 2024//2024 1830//1830 2172//2172
f 2172//2172 1830//1830 2108//2108
f 2106//2106 2240//2240 2169//2169
f 2171//2171 2241//2241 2409//2409
f 2171//2171 2409//2409 2412//2412
f 2412//2412 2409//2409 2495//2495
f 2412//2412 2495//2495 2532//2532
f 2495//2495 2409//2409 2662//2662
f 2662//2662 2409//2409 2556//2556
f 2495//2495 2662//2662 2639//2639
f 2495//2495 2639//2639 2532//2532
f 2639//2639 2662//2662 2792//2792
f 2532//2532 2639//2639 2676//2676
f 2676//2676 2639//2639 2834//2834
f 2532//2532 2676//2676 2571//2571
f 2571//2571 2676//2676 2511//2511
f 2511//2511 2676//2676 2617//2617
f 2511//2511 2617//2617 2455//2455
f 2511//2511 2455//2455 2309//2309
f 2309//2309 2455//2455 2017//2017
f 2309//2309 2017//2017 1928//1928
f 1928//1928 2017//2017 1741//1741
f 1928//1928 1741//1741 1493//1493
f 1493//1493 1741//1741 1561//1561
f 2410//2410 2242//2242 2472//2472
f 2410//2410 2472//2472 2557//2557
f 2557//2557 2472//2472 2497//2497
f 2557//2557 2497//2497 2597//2597
f 2498//2498 2475//2475 2573//2573
f 2498//2498 2573//2573 2598//2598
f 2598//2598 2573//2573 2678//2678
f 2678//2678 2573//2573 2621//2621
f 2678//2678 2621//2621 2738//2738
f 2678//2678 2738//2738 2850//2850
f 2678//2678 2850//2850 2810//2810
f 2598//2598 2678//2678 2723//2723
f 2723//2723 2678//2678 2810//2810
f 2598//2598 2723//2723 2559//2559
f 2723//2723 2810//2810 2837//2837
f 2837//2837 2810//2810 2848//2848
f 2837//2837 2848//2848 2878//2878
f 2619//2619 2724//2724 2737//2737
f 2737//2737 2724//2724 2813//2813
f 2737//2737 2813//2813 2916//2916
f 2737//2737 2916//2916 2849//2849
f 2849//2849 2916//2916 2883//2883
f 2849//2849 2883//2883 2809//2809
f 2809//2809 2883//2883 2846//2846
f 2883//2883 2916//2916 2941//2941
f 2941//2941 2916//2916 3024//3024
f 2846//2846 2883//2883 2851//2851
f 2846//2846 2851//2851 2811//2811
f 2883//2883 2941//2941 2918//2918
f 2883//2883 2918//2918 2851//2851
f 2811//2811 2851//2851 2706//2706
f 2706//2706 2851//2851 2918//2918
f 2811//2811 2706//2706 2641//2641
f 2941//2941 3024//3024 3038//3038
f 2941//2941 3038//3038 2918//2918
f 2641//2641 2706//2706 2377//2377
f 2641//2641 2377//2377 2312//2312
f 2312//2312 2377//2377 1988//1988
f 2030//2030 2377//2377 2154//2154
f 2154//2154 2377//2377 2477//2477
f 2477//2477 2377//2377 2706//2706
f 2763//2763 2706//2706 2918//2918
f 2706//2706 2763//2763 2477//2477
f 2763//2763 2918//2918 3017//3017
f 3017//3017 2918//2918 3038//3038
f 2477//2477 2763//2763 2940//2940
f 2940//2940 2763//2763 3017//3017
f 2477//2477 2940//2940 2679//2679
f 2477//2477 2679//2679 2458//2458
f 2458//2458 2679//2679 2599//2599
f 2940//2940 3017//3017 3057//3057
f 3057//3057 3017//3017 3038//3038
f 2679//2679 2940//2940 3018//3018
f 3018//3018 2940//2940 3057//3057
f 2599//2599 2679//2679 2838//2838
f 2838//2838 2679//2679 3018//3018
f 2599//2599 2838//2838 2855//2855
f 2599//2599 2855//2855 2622//2622
f 2855//2855 2838//2838 3027//3027
f 3027//3027 2838//2838 3018//3018
f 3027//3027 3018//3018 3057//3057
f 3027//3027 3057//3057 3068//3068
f 3068//3068 3057//3057 3078//3078
f 3078//3078 3057//3057 3072//3072
f 3072//3072 3057//3057 3038//3038
f 3078//3078 3072//3072 3060//3060
f 3060//3060 3072//3072 3038//3038
f 3078//3078 3060//3060 3066//3066
f 3060//3060 3038//3038 3024//3024
f 3060//3060 3024//3024 3031//3031
f 3031//3031 3024//3024 2964//2964
f 3031//3031 2964//2964 2978//2978
f 2978//2978 2964//2964 2895//2895
f 2814//2814 2725//2725 2896//2896
f 2814//2814 2896//2896 2965//2965
f 2814//2814 2965//2965 3025//3025
f 2814//2814 3025//3025 2917//2917
f 2859//2859 2625//2625 2857//2857
f 2857//2857 2625//2625 2623//2623
f 2623//2623 2625//2625 2522//2522
f 2623//2623 2522//2522 2601//2601
f 2522//2522 2625//2625 2524//2524
f 2524//2524 2625//2625 2541//2541
f 2524//2524 2541//2541 2462//2462
f 2460//2460 2539//2539 2480//2480
f 2460//2460 2480//2480 2350//2350
f 2350//2350 2480//2480 2250//2250
f 2523//2523 2461//2461 2419//2419
f 2419//2419 2461//2461 2323//2323
f 2323//2323 2461//2461 2351//2351
f 2323//2323 2351//2351 2196//2196
f 2523//2523 2419//2419 2442//2442
f 2523//2523 2442//2442 2520//2520
f 2520//2520 2442//2442 2499//2499
f 2499//2499 2442//2442 2417//2417
f 2499//2499 2417//2417 2317//2317
f 2317//2317 2417//2417 2189//2189
f 2317//2317 2189//2189 2033//2033
f 2033//2033 2189//2189 1897//1897
f 2033//2033 1897//1897 1748//1748
f 2033//2033 1748//1748 1892//1892
f 1892//1892 1748//1748 1860//1860
f 1860//1860 1748//1748 1674//1674
f 1860//1860 1674//1674 1701//1701
f 1860//1860 1701//1701 1858//1858
f 1858//1858 1701//1701 1626//1626
f 1858//1858 1626//1626 1790//1790
f 2349//2349 2249//2249 2194//2194
f 2194//2194 2249//2249 2114//2114
f 2420//2420 2324//2324 1971//1971
f 2420//2420 1971//1971 2077//2077
f 2420//2420 2077//2077 2443//2443
f 2443//2443 2077//2077 2075//2075
f 2443//2443 2075//2075 2418//2418
f 2418//2418 2075//2075 2060//2060
f 2322//2322 2193//2193 1868//1868
f 2322//2322 1868//1868 1968//1968
f 1869//1869 2195//2195 1794//1794
f 1794//1794 2195//2195 2116//2116
f 2117//2117 2253//2253 2257//2257
f 2117//2117 2257//2257 2122//2122
f 2255//2255 2332//2332 2120//2120
f 1792//1792 2115//2115 1796//1796
f 1796//1796 2115//2115 2118//2118
f 2121//2121 2423//2423 2087//2087
f 2121//2121 2087//2087 1799//1799
f 1793//1793 1797//1797 2061//2061
f 1793//1793 2061//2061 2082//2082
f 1795//1795 2084//2084 1870//1870
f 1870//1870 2084//2084 2113//2113
f 1870//1870 2113//2113 1970//1970
f 1970//1970 2113//2113 2248//2248
f 2062//2062 1798//1798 2123//2123
f 2062//2062 2123//2123 1993//1993
f 1993//1993 2123//2123 2064//2064
f 2064//2064 2123//2123 2355//2355
f 2064//2064 2355//2355 2287//2287
f 2064//2064 2287//2287 1351//1351
f 1993//1993 2064//2064 1176//1176
f 1176//1176 2064//2064 1351//1351
f 1176//1176 1351//1351 633//633
f 1993//1993 1176//1176 1141//1141
f 1176//1176 633//633 580//580
f 1176//1176 580//580 1141//1141
f 1141//1141 580//580 560//560
f 560//560 580//580 3191//3191
f 3191//3191 580//580 3190//3190
f 3191//3191 3190//3190 3704//3704
f 3704//3704 3190//3190 3736//3736
f 3704//3704 3736//3736 4485//4485
f 3704//3704 4485//4485 4385//4385
f 4385//4385 4485//4485 5392//5392
f 4385//4385 5392//5392 5259//5259
f 5259//5259 5392//5392 5836//5836
f 5836//5836 5392//5392 5601//5601
f 5836//5836 5601//5601 6005//6005
f 5259//5259 5836//5836 5807//5807
f 5807//5807 5836//5836 5879//5879
f 5807//5807 5879//5879 5792//5792
f 5792//5792 5879//5879 5623//5623
f 2063//2063 1994//1994 2085//2085
f 2085//2085 1994//1994 1992//1992
f 1992//1992 1994//1994 1142//1142
f 1992//1992 1142//1142 1140//1140
f 1140//1140 1142//1142 561//561
f 1140//1140 561//561 559//559
f 559//559 561//561 3188//3188
f 3188//3188 561//561 3192//3192
f 3188//3188 3192//3192 3705//3705
f 3188//3188 3705//3705 3702//3702
f 2286//2286 2356//2356 2463//2463
f 2286//2286 2463//2463 2426//2426
f 2464//2464 2466//2466 2428//2428
f 2428//2428 2466//2466 2431//2431
f 2427//2427 2430//2430 1422//1422
f 2427//2427 1422//1422 1420//1420
f 1420//1420 1422//1422 649//649
f 1420//1420 649//649 648//648
f 648//648 649//649 3196//3196
f 648//648 3196//3196 3195//3195
f 3195//3195 3196//3196 3805//3805
f 3195//3195 3805//3805 3803//3803
f 2285//2285 2425//2425 1349//1349
f 2429//2429 1421//1421 1352//1352
f 1350//1350 1419//1419 632//632
f 632//632 1419//1419 647//647
f 632//632 647//647 3193//3193
f 3193//3193 647//647 3194//3194
f 632//632 3193//3193 3189//3189
f 632//632 3189//3189 579//579
f 3193//3193 3194//3194 3786//3786
f 3193//3193 3786//3786 3189//3189
f 3786//3786 3194//3194 3802//3802
f 3189//3189 3786//3786 3737//3737
f 3786//3786 3802//3802 4679//4679
f 3786//3786 4679//4679 3737//3737
f 4679//4679 3802//3802 4756//4756
f 3737//3737 4679//4679 4486//4486
f 4679//4679 4756//4756 5602//5602
f 4679//4679 5602//5602 4486//4486
f 4486//4486 5602//5602 5393//5393
f 5602//5602 4756//4756 5655//5655
f 5602//5602 5655//5655 6006//6006
f 6006//6006 5655//5655 6047//6047
f 3804//3804 3806//3806 4758//4758
f 3804//3804 4758//4758 4757//4757
f 4757//4757 4758//4758 5659//5659
f 4757//4757 5659//5659 5656//5656
f 5656//5656 5659//5659 6050//6050
f 5656//5656 6050//6050 6049//6049
f 6049//6049 6050//6050 6061//6061
f 6049//6049 6061//6061 6059//6059
f 6048//6048 6058//6058 6007//6007
f 6007//6007 6058//6058 6022//6022
f 6007//6007 6022//6022 5837//5837
f 5837//5837 6022//6022 5881//5881
f 6057//6057 6060//6060 5962//5962
f 5962//5962 6060//6060 5965//5965
f 6057//6057 5962//5962 6021//6021
f 6021//6021 5962//5962 5889//5889
f 6021//6021 5889//5889 5880//5880
f 5964//5964 5966//5966 6036//6036
f 5964//5964 6036//6036 6034//6034
f 6035//6035 6037//6037 6091//6091
f 6035//6035 6091//6091 6089//6089
f 6035//6035 6089//6089 6046//6046
f 6035//6035 6046//6046 5990//5990
f 5990//5990 6046//6046 5952//5952
f 5990//5990 5952//5952 5871//5871
f 5990//5990 5871//5871 5764//5764
f 5891//5891 5963//5963 6033//6033
f 5890//5890 6032//6032 5988//5988
f 5882//5882 5893//5893 5626//5626
f 5624//5624 5892//5892 5989//5989
f 5624//5624 5989//5989 5761//5761
f 6090//6090 6092//6092 6104//6104
f 6104//6104 6092//6092 6105//6105
f 6104//6104 6105//6105 6138//6138
f 6138//6138 6105//6105 6139//6139
f 6138//6138 6139//6139 6174//6174
f 6174//6174 6139//6139 6175//6175
f 6174//6174 6175//6175 6178//6178
f 6174//6174 6178//6178 6177//6177
f 6177//6177 6178//6178 6167//6167
f 6177//6177 6167//6167 6165//6165
f 6088//6088 6103//6103 6087//6087
f 6088//6088 6087//6087 6045//6045
f 6045//6045 6087//6087 5978//5978
f 6045//6045 5978//5978 5951//5951
f 6085//6085 6102//6102 6123//6123
f 6123//6123 6102//6102 6137//6137
f 6123//6123 6137//6137 6173//6173
f 6123//6123 6173//6173 6150//6150
f 6123//6123 6150//6150 6064//6064
f 6064//6064 6150//6150 6119//6119
f 6119//6119 6150//6150 6132//6132
f 6150//6150 6173//6173 6162//6162
f 6150//6150 6162//6162 6132//6132
f 6162//6162 6173//6173 6176//6176
f 6132//6132 6162//6162 6113//6113
f 6162//6162 6176//6176 6146//6146
f 6162//6162 6146//6146 6113//6113
f 6146//6146 6176//6176 6164//6164
f 6113//6113 6146//6146 6031//6031
f 6146//6146 6164//6164 6135//6135
f 6031//6031 6146//6146 6110//6110
f 6110//6110 6146//6146 6135//6135
f 6031//6031 6110//6110 5760//5760
f 5760//5760 6110//6110 5924//5924
f 5924//5924 6110//6110 6135//6135
f 5924//5924 6135//6135 5980//5980
f 5924//5924 5980//5980 5767//5767
f 5924//5924 5767//5767 5681//5681
f 6086//6086 6124//6124 5977//5977
f 5977//5977 6124//6124 6065//6065
f 5977//5977 6065//6065 5910//5910
f 5910//5910 6065//6065 6019//6019
f 6019//6019 6065//6065 6120//6120
f 6019//6019 6120//6120 6083//6083
f 6083//6083 6120//6120 6133//6133
f 6083//6083 6133//6133 6100//6100
f 6100//6100 6133//6133 6080//6080
f 6080//6080 6133//6133 6112//6112
f 6080//6080 6112//6112 6030//6030
f 6080//6080 6030//6030 5973//5973
f 5973//5973 6030//6030 5759//5759
f 5973//5973 5759//5759 5650//5650
f 5650//5650 5759//5759 5520//5520
f 5520//5520 5759//5759 5923//5923
f 5520//5520 5923//5923 5680//5680
f 5650//5650 5520//5520 5394//5394
f 5394//5394 5520//5520 5397//5397
f 5394//5394 5397//5397 5326//5326
f 5950//5950 5975//5975 5868//5868
f 5976//5976 5908//5908 5869//5869
f 5766//5766 5653//5653 5682//5682
f 5682//5682 5653//5653 5577//5577
f 5682//5682 5577//5577 5521//5521
f 5521//5521 5577//5577 5398//5398
f 5578//5578 5499//5499 5399//5399
f 5399//5399 5499//5499 5180//5180
f 5181//5181 5500//5500 5150//5150
f 5181//5181 5150//5150 4838//4838
f 5184//5184 5148//5148 4837//4837
f 4839//4839 5149//5149 4835//4835
f 4835//4835 5149//5149 5145//5145
f 5178//5178 4836//4836 5175//5175
f 5175//5175 4836//4836 4833//4833
f 5182//5182 5177//5177 5328//5328
f 5328//5328 5177//5177 5324//5324
f 5179//5179 5325//5325 5396//5396
f 5327//5327 5323//5323 5395//5395
f 5395//5395 5323//5323 5431//5431
f 5395//5395 5431//5431 5649//5649
f 5395//5395 5649//5649 5651//5651
f 5651//5651 5649//5649 5972//5972
f 5651//5651 5972//5972 5974//5974
f 5974//5974 5972//5972 6077//6077
f 5974//5974 6077//6077 6082//6082
f 5174//5174 4832//4832 5253//5253
f 5253//5253 4832//4832 4906//4906
f 5176//5176 5254//5254 5321//5321
f 5321//5321 5254//5254 5428//5428
f 4907//4907 4834//4834 5144//5144
f 4907//4907 5144//5144 5173//5173
f 4907//4907 5173//5173 5000//5000
f 5000//5000 5173//5173 5318//5318
f 5172//5172 5143//5143 5139//5139
f 5172//5172 5139//5139 5317//5317
f 5317//5317 5139//5139 5250//5250
f 5317//5317 5250//5250 5465//5465
f 5255//5255 4908//4908 5389//5389
f 5389//5389 4908//4908 5001//5001
f 5256//5256 5390//5390 5429//5429
f 5429//5429 5390//5390 5532//5532
f 5532//5532 5390//5390 5497//5497
f 5532//5532 5497//5497 5600//5600
f 5600//5600 5497//5497 5518//5518
f 5600//5600 5518//5518 5597//5597
f 5597//5597 5518//5518 5576//5576
f 5576//5576 5518//5518 5495//5495
f 5576//5576 5495//5495 5386//5386
f 5386//5386 5495//5495 5249//5249
f 5386//5386 5249//5249 5071//5071
f 5071//5071 5249//5249 4935//4935
f 5071//5071 4935//4935 4799//4799
f 5071//5071 4799//4799 4931//4931
f 4931//4931 4799//4799 4898//4898
f 4898//4898 4799//4799 4717//4717
f 4898//4898 4717//4717 4754//4754
f 4898//4898 4754//4754 4895//4895
f 4895//4895 4754//4754 4677//4677
f 4895//4895 4677//4677 4617//4617
f 4617//4617 4677//4677 4754//4754
f 4895//4895 4617//4617 4615//4615
f 4617//4617 4754//4754 4510//4510
f 4617//4617 4510//4510 4615//4615
f 4615//4615 4510//4510 4540//4540
f 5557//5557 5320//5320 5427//5427
f 5557//5557 5427//5427 5531//5531
f 5557//5557 5531//5531 5617//5617
f 5617//5617 5531//5531 5598//5598
f 5617//5617 5598//5598 5697//5697
f 5322//5322 5558//5558 5430//5430
f 5430//5430 5558//5558 5648//5648
f 5648//5648 5558//5558 5816//5816
f 5648//5648 5816//5816 5971//5971
f 5971//5971 5816//5816 6063//6063
f 5971//5971 6063//6063 6075//6075
f 6075//6075 6063//6063 6126//6126
f 6075//6075 6126//6126 6098//6098
f 6098//6098 6126//6126 6141//6141
f 6098//6098 6141//6141 6078//6078
f 6078//6078 6141//6141 6131//6131
f 6078//6078 6131//6131 6017//6017
f 6017//6017 6131//6131 6074//6074
f 6017//6017 6074//6074 6003//6003
f 6017//6017 6003//6003 5905//5905
f 5498//5498 5391//5391 5003//5003
f 5498//5498 5003//5003 5137//5137
f 5498//5498 5137//5137 5519//5519
f 5519//5519 5137//5137 5135//5135
f 5519//5519 5135//5135 5496//5496
f 5496//5496 5135//5135 5104//5104
f 5136//5136 5002//5002 5319//5319
f 5136//5136 5319//5319 5466//5466
f 5136//5136 5466//5466 5134//5134
f 5134//5134 5466//5466 5462//5462
f 5134//5134 5462//5462 5102//5102
f 5102//5102 5462//5462 5425//5425
f 5102//5102 5425//5425 4904//4904
f 5464//5464 5388//5388 5316//5316
f 5464//5464 5316//5316 5426//5426
f 5426//5426 5316//5316 5101//5101
f 5426//5426 5101//5101 5218//5218
f 5218//5218 5101//5101 4867//4867
f 4867//4867 5101//5101 4801//4801
f 4867//4867 4801//4801 4719//4719
f 4719//4719 4801//4801 4641//4641
f 4719//4719 4641//4641 4638//4638
f 4638//4638 4641//4641 4587//4587
f 537//537 554//554 123//123
f 537//537 123//123 80//80
f 82//82 125//125 3528//3528
f 82//82 3528//3528 3550//3550
f 3550//3550 3528//3528 3981//3981
f 3550//3550 3981//3981 3982//3982
f 3550//3550 3982//3982 3552//3552
f 3982//3982 3981//3981 4586//4586
f 3552//3552 3982//3982 4014//4014
f 3982//3982 4586//4586 4588//4588
f 3982//3982 4588//4588 4014//4014
f 4588//4588 4586//4586 4636//4636
f 4588//4588 4636//4636 4639//4639
f 4014//4014 4588//4588 4642//4642
f 4014//4014 4642//4642 4090//4090
f 4866//4866 4718//4718 4380//4380
f 4866//4866 4380//4380 4541//4541
f 4866//4866 4541//4541 5216//5216
f 4380//4380 4718//4718 4637//4637
f 4380//4380 4637//4637 4324//4324
f 4324//4324 4637//4637 4357//4357
f 4357//4357 4637//4637 4634//4634
f 4357//4357 4634//4634 4376//4376
f 4357//4357 4376//4376 4188//4188
f 5424//5424 5217//5217 4902//4902
f 4902//4902 5217//5217 4542//4542
f 5103//5103 4905//4905 5248//5248
f 5248//5248 4905//4905 4933//4933
f 5103//5103 5248//5248 5494//5494
f 4932//4932 4903//4903 4543//4543
f 4934//4934 4544//4544 4798//4798
f 4798//4798 4544//4544 4382//4382
f 5599//5599 5596//5596 5698//5698
f 5698//5698 5596//5596 5696//5696
f 5698//5698 5696//5696 5940//5940
f 5940//5940 5696//5696 5674//5674
f 5940//5940 5674//5674 5917//5917
f 5940//5940 5917//5917 6114//6114
f 5698//5698 5940//5940 5941//5941
f 5698//5698 5941//5941 5618//5618
f 5618//5618 5941//5941 5878//5878
f 5941//5941 5940//5940 6118//6118
f 6118//6118 5940//5940 6114//6114
f 5941//5941 6118//6118 5878//5878
f 6118//6118 6114//6114 6151//6151
f 5878//5878 6118//6118 6097//6097
f 5695//5695 5595//5595 5673//5673
f 5673//5673 5595//5595 5575//5575
f 5673//5673 5575//5575 5529//5529
f 5529//5529 5575//5575 5385//5385
f 5529//5529 5385//5385 5214//5214
f 5214//5214 5385//5385 5070//5070
f 5214//5214 5070//5070 5067//5067
f 5067//5067 5070//5070 4930//4930
f 5067//5067 4930//4930 5031//5031
f 5031//5031 4930//4930 4897//4897
f 5616//5616 5877//5877 5556//5556
f 5556//5556 5877//5877 5815//5815
f 5815//5815 5877//5877 6096//6096
f 5815//5815 6096//6096 6062//6062
f 6062//6062 6096//6096 6142//6142
f 6062//6062 6142//6142 6125//6125
f 6142//6142 6096//6096 6152//6152
f 6152//6152 6096//6096 6117//6117
f 6142//6142 6152//6152 6171//6171
f 6125//6125 6142//6142 6149//6149
f 6149//6149 6142//6142 6171//6171
f 6149//6149 6171//6171 6159//6159
f 6125//6125 6149//6149 6140//6140
f 6149//6149 6159//6159 6143//6143
f 6149//6149 6143//6143 6140//6140
f 6140//6140 6143//6143 6130//6130
f 6130//6130 6143//6143 6109//6109
f 6130//6130 6109//6109 6073//6073
f 6073//6073 6109//6109 6002//6002
f 6002//6002 6109//6109 6043//6043
f 5918//5918 5675//5675 5754//5754
f 5754//5754 5675//5675 5530//5530
f 5918//5918 5754//5754 6107//6107
f 5918//5918 6107//6107 6115//6115
f 5754//5754 5530//5530 5553//5553
f 5553//5553 5530//5530 5215//5215
f 6107//6107 5754//5754 6026//6026
f 6026//6026 5754//5754 5553//5553
f 6115//6115 6107//6107 6145//6145
f 6145//6145 6107//6107 6026//6026
f 6115//6115 6145//6145 6155//6155
f 5553//5553 5215//5215 5457//5457
f 5457//5457 5215//5215 5068//5068
f 5553//5553 5457//5457 5783//5783
f 6155//6155 6145//6145 6168//6168
f 5553//5553 5783//5783 5847//5847
f 5553//5553 5847//5847 6026//6026
f 5884//5884 5783//5783 5715//5715
f 6106//6106 6145//6145 6026//6026
f 6106//6106 6026//6026 5847//5847
f 5783//5783 5884//5884 5935//5935
f 5783//5783 5935//5935 5847//5847
f 5935//5935 5884//5884 5933//5933
f 6106//6106 5847//5847 6008//6008
f 6008//6008 5847//5847 5935//5935
f 5935//5935 5933//5933 5967//5967
f 5935//5935 5967//5967 6008//6008
f 5967//5967 5933//5933 5886//5886
f 5967//5967 5886//5886 5936//5936
f 6008//6008 5967//5967 6027//6027
f 6027//6027 5967//5967 5936//5936
f 6106//6106 6008//6008 6127//6127
f 6127//6127 6008//6008 6027//6027
f 6106//6106 6127//6127 6145//6145
f 6027//6027 5936//5936 6009//6009
f 6027//6027 6009//6009 6127//6127
f 6009//6009 5936//5936 5813//5813
f 6145//6145 6127//6127 6161//6161
f 6145//6145 6161//6161 6168//6168
f 6168//6168 6161//6161 6157//6157
f 6157//6157 6161//6161 6147//6147
f 6147//6147 6161//6161 6127//6127
f 6147//6147 6127//6127 6111//6111
f 6111//6111 6127//6127 6009//6009
f 6147//6147 6111//6111 6121//6121
f 5888//5888 6009//6009 5813//5813
f 6009//6009 5888//5888 6111//6111
f 5888//5888 5813//5813 5805//5805
f 5805//5805 5813//5813 5668//5668
f 5888//5888 5805//5805 5982//5982
f 6111//6111 5888//5888 6051//6051
f 6111//6111 6051//6051 6121//6121
f 6051//6051 5888//5888 5982//5982
f 6121//6121 6051//6051 6066//6066
f 6066//6066 6051//6051 5982//5982
f 5069//5069 5034//5034 5458//5458
f 5458//5458 5034//5034 5378//5378
f 5378//5378 5034//5034 5030//5030
f 5378//5378 5030//5030 5411//5411
f 5378//5378 5411//5411 5738//5738
f 5458//5458 5378//5378 5716//5716
f 5716//5716 5378//5378 5738//5738
f 5458//5458 5716//5716 5784//5784
f 5716//5716 5738//5738 5899//5899
f 5716//5716 5899//5899 5885//5885
f 6116//6116 6156//6156 6154//6154
f 6154//6154 6156//6156 6170//6170
f 5911//5911 6020//6020 5906//5906
f 5906//5906 6020//6020 6018//6018
f 6018//6018 6020//6020 6084//6084
f 6018//6018 6084//6084 6079//6079
f 6079//6079 6084//6084 6101//6101
f 6079//6079 6101//6101 6099//6099
f 6099//6099 6101//6101 6081//6081
f 6099//6099 6081//6081 6076//6076
f 5870//5870 5909//5909 5904//5904
f 5870//5870 5904//5904 5866//5866
f 5866//5866 5904//5904 5947//5947
f 5870//5870 5866//5866 5756//5756
f 5870//5870 5756//5756 5762//5762
f 6172//6172 6153//6153 6169//6169
f 6172//6172 6169//6169 6160//6160
f 6160//6160 6169//6169 6158//6158
f 6160//6160 6158//6158 6129//6129
f 6160//6160 6129//6129 6144//6144
f 6144//6144 6129//6129 6108//6108
f 6108//6108 6129//6129 6042//6042
f 6042//6042 6129//6129 6071//6071
f 6129//6129 6158//6158 6128//6128
f 6129//6129 6128//6128 6071//6071
f 6128//6128 6158//6158 6148//6148
f 6071//6071 6128//6128 6094//6094
f 6128//6128 6148//6148 6122//6122
f 6094//6094 6128//6128 6067//6067
f 6067//6067 6128//6128 6122//6122
f 6070//6070 6093//6093 6053//6053
f 6054//6054 6095//6095 6068//6068
f 6054//6054 6068//6068 6028//6028
f 6028//6028 6068//6068 5983//5983
f 6028//6028 5983//5983 5938//5938
f 5938//5938 5983//5983 5718//5718
f 5718//5718 5983//5983 5806//5806
f 5718//5718 5806//5806 5587//5587
f 5587//5587 5806//5806 5669//5669
f 5587//5587 5669//5669 5551//5551
f 5551//5551 5669//5669 5631//5631
f 5814//5814 5937//5937 5753//5753
f 5814//5814 5753//5753 5670//5670
f 5753//5753 5937//5937 5887//5887
f 5670//5670 5753//5753 5632//5632
f 5753//5753 5887//5887 5804//5804
f 5753//5753 5804//5804 5667//5667
f 5753//5753 5667//5667 5632//5632
f 5804//5804 5887//5887 5916//5916
f 5632//5632 5667//5667 5574//5574
f 5632//5632 5574//5574 5552//5552
f 5916//5916 5887//5887 5934//5934
f 5916//5916 5934//5934 5961//5961
f 5959//5959 5932//5932 5883//5883
f 5959//5959 5883//5883 5897//5897
f 5898//5898 5737//5737 5694//5694
f 5347//5347 5737//5737 5410//5410
f 5737//5737 5347//5347 5694//5694
f 5694//5694 5347//5347 5124//5124
f 5124//5124 5347//5347 4970//4970
f 5124//5124 4970//4970 4794//4794
f 5694//5694 5124//5124 5528//5528
f 5898//5898 5694//5694 5846//5846
f 5846//5846 5694//5694 5528//5528
f 5846//5846 5528//5528 5691//5691
f 5898//5898 5846//5846 5960//5960
f 5846//5846 5691//5691 5752//5752
f 5960//5960 5846//5846 5914//5914
f 5914//5914 5846//5846 5752//5752
f 5960//5960 5914//5914 5915//5915
f 5914//5914 5752//5752 5714//5714
f 5915//5915 5914//5914 5872//5872
f 5872//5872 5914//5914 5714//5714
f 5915//5915 5872//5872 5803//5803
f 5872//5872 5714//5714 5736//5736
f 5872//5872 5736//5736 5803//5803
f 5736//5736 5714//5714 5566//5566
f 5803//5803 5736//5736 5609//5609
f 5609//5609 5736//5736 5566//5566
f 5803//5803 5609//5609 5666//5666
f 5609//5609 5566//5566 5485//5485
f 5346//5346 5408//5408 4968//4968
f 4969//4969 5409//5409 5027//5027
f 4971//4971 5029//5029 4896//4896
f 4971//4971 4896//4896 4795//4795
f 4795//4795 4896//4896 4616//4616
f 4893//4893 5028//5028 5032//5032
f 5123//5123 4793//4793 4999//4999
f 4999//4999 4793//4793 4539//4539
f 4539//4539 4793//4793 4614//4614
f 5123//5123 4999//4999 5450//5450
f 5123//5123 5450//5450 5527//5527
f 5527//5527 5450//5450 5690//5690
f 5690//5690 5450//5450 5584//5584
f 5690//5690 5584//5584 5643//5643
f 5690//5690 5643//5643 5751//5751
f 5751//5751 5643//5643 5713//5713
f 5713//5713 5643//5643 5605//5605
f 5713//5713 5605//5605 5565//5565
f 5565//5565 5605//5605 5486//5486
f 5565//5565 5486//5486 5484//5484
f 5484//5484 5486//5486 5208//5208
f 5484//5484 5208//5208 5312//5312
f 5607//5607 5644//5644 5647//5647
f 5647//5647 5644//5644 5693//5693
f 5693//5693 5644//5644 5585//5585
f 5693//5693 5585//5585 5630//5630
f 5630//5630 5585//5585 5451//5451
f 5645//5645 5692//5692 5711//5711
f 5711//5711 5692//5692 5780//5780
f 5780//5780 5692//5692 5629//5629
f 5780//5780 5629//5629 5707//5707
f 5707//5707 5629//5629 5562//5562
f 5562//5562 5629//5629 5449//5449
f 5562//5562 5449//5449 5480//5480
f 5480//5480 5449//5449 5372//5372
f 5372//5372 5449//5449 4998//4998
f 5606//5606 5646//5646 5603//5603
f 5606//5606 5603//5603 5487//5487
f 5603//5603 5646//5646 5641//5641
f 5487//5487 5603//5603 5342//5342
f 5641//5641 5646//5646 5712//5712
f 5487//5487 5342//5342 4888//4888
f 5487//5487 4888//4888 5209//5209
f 5209//5209 4888//4888 4632//4632
f 4888//4888 5342//5342 5018//5018
f 5209//5209 4632//4632 5055//5055
f 5055//5055 4632//4632 4355//4355
f 5055//5055 4355//4355 4580//4580
f 5055//5055 4580//4580 4484//4484
f 5018//5018 5342//5342 5368//5368
f 5510//5510 5641//5641 5712//5712
f 5641//5641 5510//5510 5478//5478
f 5510//5510 5712//5712 5538//5538
f 5538//5538 5712//5712 5781//5781
f 5018//5018 5368//5368 5245//5245
f 5245//5245 5368//5368 5446//5446
f 5245//5245 5446//5446 5365//5365
f 5245//5245 5365//5365 4941//4941
f 5245//5245 4941//4941 4871//4871
f 4871//4871 4941//4941 4846//4846
f 4846//4846 4941//4941 4875//4875
f 5245//5245 4871//4871 4729//4729
f 4729//4729 4871//4871 4846//4846
f 5245//5245 4729//4729 5018//5018
f 4729//4729 4846//4846 4848//4848
f 4729//4729 4848//4848 4767//4767
f 4729//4729 4767//4767 4333//4333
f 4729//4729 4333//4333 4251//4251
f 4729//4729 4251//4251 5018//5018
f 4251//4251 4333//4333 4222//4222
f 5018//5018 4251//4251 4661//4661
f 5018//5018 4661//4661 4827//4827
f 4827//4827 4661//4661 4574//4574
f 4251//4251 4222//4222 4172//4172
f 4251//4251 4172//4172 4329//4329
f 4329//4329 4172//4172 4238//4238
f 4172//4172 4222//4222 3944//3944
f 4238//4238 4172//4172 3989//3989
f 3989//3989 4172//4172 3944//3944
f 4217//4217 3989//3989 4158//4158
f 4158//4158 3989//3989 4246//4246
f 4246//4246 3989//3989 4285//4285
f 4246//4246 4285//4285 4632//4632
f 4285//4285 3989//3989 3579//3579
f 3579//3579 3989//3989 3944//3944
f 4285//4285 3579//3579 3847//3847
f 3579//3579 3944//3944 3604//3604
f 3604//3604 3944//3944 3686//3686
f 3604//3604 3686//3686 3580//3580
f 3579//3579 3604//3604 3559//3559
f 3579//3579 3559//3559 3503//3503
f 3503//3503 3559//3559 3482//3482
f 3559//3559 3604//3604 3533//3533
f 3559//3559 3533//3533 3482//3482
f 3533//3533 3604//3604 3580//3580
f 3482//3482 3533//3533 3447//3447
f 3447//3447 3533//3533 3451//3451
f 3451//3451 3533//3533 3580//3580
f 3451//3451 3580//3580 3485//3485
f 5604//5604 5642//5642 5479//5479
f 5604//5604 5479//5479 5343//5343
f 5343//5343 5479//5479 5369//5369
f 5369//5369 5479//5479 5511//5511
f 5512//5512 5539//5539 5448//5448
f 5512//5512 5448//5448 5370//5370
f 5448//5448 5539//5539 5509//5509
f 5509//5509 5539//5539 5782//5782
f 5509//5509 5782//5782 5710//5710
f 5445//5445 5507//5507 5339//5339
f 5339//5339 5507//5507 5279//5279
f 5508//5508 5709//5709 5280//5280
f 5278//5278 5708//5708 5563//5563
f 5564//5564 5482//5482 5283//5283
f 5283//5283 5482//5482 5198//5198
f 5197//5197 5481//5481 5373//5373
f 5197//5197 5373//5373 5047//5047
f 5197//5197 5047//5047 5021//5021
f 5197//5197 5021//5021 5121//5121
f 5197//5197 5121//5121 5281//5281
f 5282//5282 5122//5122 5340//5340
f 5120//5120 5019//5019 4708//4708
f 5120//5120 4708//4708 4995//4995
f 5120//5120 4995//4995 5338//5338
f 5338//5338 4995//4995 5274//5274
f 4995//4995 4708//4708 4349//4349
f 5274//5274 4995//4995 4643//4643
f 4643//4643 4995//4995 4349//4349
f 5274//5274 4643//4643 4868//4868
f 4868//4868 4643//4643 4804//4804
f 4804//4804 4643//4643 4644//4644
f 4644//4644 4643//4643 4171//4171
f 4171//4171 4643//4643 4349//4349
f 4644//4644 4171//4171 4592//4592
f 4592//4592 4171//4171 4680//4680
f 4680//4680 4171//4171 4015//4015
f 4312//4312 4349//4349 4708//4708
f 4015//4015 4171//4171 3986//3986
f 3986//3986 4171//4171 4349//4349
f 4015//4015 3986//3986 3826//3826
f 4015//4015 3826//3826 3829//3829
f 3826//3826 3986//3986 4040//4040
f 4033//4033 3987//3987 4039//4039
f 3986//3986 4349//4349 4035//4035
f 4035//4035 4349//4349 4282//4282
f 4035//4035 4282//4282 4116//4116
f 4035//4035 4116//4116 3924//3924
f 3829//3829 3826//3826 3675//3675
f 3675//3675 3826//3826 3787//3787
f 3829//3829 3675//3675 3717//3717
f 3675//3675 3787//3787 3841//3841
f 3717//3717 3675//3675 3377//3377
f 3675//3675 3841//3841 3820//3820
f 3820//3820 3841//3841 4147//4147
f 3675//3675 3820//3820 3473//3473
f 3820//3820 4147//4147 3892//3892
f 3820//3820 3892//3892 3473//3473
f 3473//3473 3892//3892 3516//3516
f 3892//3892 4147//4147 4319//4319
f 4319//4319 4147//4147 4312//4312
f 4319//4319 4312//4312 4536//4536
f 3675//3675 3473//3473 3256//3256
f 3675//3675 3256//3256 3377//3377
f 4536//4536 4312//4312 4996//4996
f 4536//4536 4996//4996 4997//4997
f 4996//4996 4312//4312 4747//4747
f 4997//4997 4996//4996 5371//5371
f 4996//4996 4747//4747 5045//5045
f 4996//4996 5045//5045 5371//5371
f 3377//3377 3256//3256 3264//3264
f 3377//3377 3264//3264 3239//3239
f 3377//3377 3239//3239 3150//3150
f 3150//3150 3239//3239 14//14
f 14//14 3239//3239 3148//3148
f 3148//3148 3239//3239 3264//3264
f 14//14 3148//3148 202//202
f 3264//3264 3256//3256 3225//3225
f 3264//3264 3225//3225 3148//3148
f 3225//3225 3256//3256 3146//3146
f 3225//3225 3146//3146 3095//3095
f 3225//3225 3095//3095 3148//3148
f 3148//3148 3095//3095 11//11
f 4709//4709 5020//5020 5046//5046
f 4709//4709 5046//5046 4748//4748
f 4709//4709 4748//4748 4314//4314
f 4538//4538 4508//4508 4190//4190
f 4191//4191 4509//4509 4752//4752
f 4537//4537 4189//4189 4318//4318
f 4318//4318 4189//4189 4378//4378
f 4359//4359 4192//4192 4755//4755
f 4899//4899 4894//4894 5033//5033
f 4716//4716 4797//4797 4381//4381
f 4716//4716 4381//4381 4325//4325
f 4716//4716 4325//4325 4753//4753
f 4753//4753 4325//4325 4358//4358
f 4316//4316 4379//4379 4635//4635
f 4316//4316 4635//4635 4507//4507
f 4507//4507 4635//4635 4585//4585
f 4506//4506 4584//4584 3937//3937
f 3822//3822 3421//3421 3517//3517
f 3517//3517 3421//3421 3270//3270
f 3270//3270 3421//3421 3221//3221
f 3822//3822 3517//3517 3893//3893
f 3822//3822 3893//3893 4320//4320
f 3475//3475 3518//3518 3269//3269
f 3269//3269 3518//3518 3272//3272
f 3219//3219 3419//3419 119//119
f 3271//3271 3222//3222 3218//3218
f 3271//3271 3218//3218 3174//3174
f 3271//3271 3174//3174 3268//3268
f 3268//3268 3174//3174 3116//3116
f 3216//3216 3220//3220 29//29
f 29//29 3220//3220 197//197
f 197//197 3220//3220 172//172
f 197//197 172//172 335//335
f 197//197 335//335 303//303
f 303//303 335//335 423//423
f 423//423 335//335 467//467
f 467//467 335//335 471//471
f 423//423 467//467 525//525
f 3217//3217 30//30 3173//3173
f 3173//3173 30//30 113//113
f 3173//3173 113//113 3115//3115
f 3115//3115 113//113 196//196
f 196//196 113//113 302//302
f 113//113 30//30 345//345
f 113//113 345//345 302//302
f 302//302 345//345 393//393
f 345//345 30//30 198//198
f 345//345 198//198 420//420
f 420//420 198//198 304//304
f 420//420 304//304 424//424
f 334//334 171//171 121//121
f 334//334 121//121 470//470
f 419//419 422//422 522//522
f 518//518 421//421 523//523
f 524//524 466//466 551//551
f 551//551 466//466 469//469
f 524//524 551//551 520//520
f 520//520 551//551 533//533
f 417//417 519//519 390//390
f 390//390 519//519 443//443
f 418//418 392//392 344//344
f 301//301 391//391 299//299
f 299//299 391//391 444//444
f 301//301 299//299 166//166
f 301//301 166//166 195//195
f 195//195 166//166 3214//3214
f 195//195 3214//3214 3114//3114
f 445//445 521//521 534//534
f 300//300 446//446 330//330
f 300//300 330//330 167//167
f 330//330 446//446 516//516
f 167//167 330//330 77//77
f 167//167 77//77 3215//3215
f 3215//3215 77//77 3250//3250
f 3215//3215 3250//3250 3291//3291
f 3215//3215 3291//3291 3266//3266
f 516//516 446//446 535//535
f 516//516 535//535 591//591
f 591//591 535//535 783//783
f 591//591 783//783 564//564
f 783//783 535//535 794//794
f 794//794 535//535 552//552
f 794//794 552//552 909//909
f 783//783 794//794 1267//1267
f 783//783 1267//1267 1213//1213
f 3265//3265 3113//3113 3213//3213
f 3267//3267 3292//3292 3474//3474
f 3474//3474 3292//3292 3283//3283
f 3283//3283 3292//3292 3278//3278
f 3278//3278 3292//3292 3252//3252
f 3283//3283 3278//3278 3263//3263
f 3278//3278 3252//3252 3168//3168
f 3278//3278 3168//3168 3249//3249
f 3278//3278 3249//3249 3263//3263
f 3249//3249 3168//3168 183//183
f 3249//3249 183//183 3166//3166
f 3263//3263 3249//3249 3197//3197
f 3197//3197 3249//3249 3166//3166
f 3263//3263 3197//3197 3201//3201
f 3197//3197 3166//3166 3092//3092
f 3201//3201 3197//3197 3094//3094
f 3094//3094 3197//3197 3092//3092
f 78//78 331//331 332//332
f 332//332 331//331 494//494
f 78//78 332//332 111//111
f 329//329 515//515 493//493
f 517//517 592//592 496//496
f 496//496 592//592 576//576
f 576//576 592//592 565//565
f 496//496 576//576 465//465
f 576//576 565//565 541//541
f 465//465 576//576 532//532
f 465//465 532//532 389//389
f 389//389 532//532 463//463
f 532//532 576//576 478//478
f 532//532 478//478 463//463
f 478//478 576//576 541//541
f 463//463 478//478 347//347
f 347//347 478//478 400//400
f 400//400 478//478 541//541
f 400//400 541//541 456//456
f 79//79 112//112 3251//3251
f 3251//3251 112//112 165//165
f 3251//3251 165//165 3167//3167
f 3167//3167 165//165 182//182
f 165//165 112//112 315//315
f 165//165 315//315 182//182
f 315//315 112//112 333//333
f 182//182 315//315 298//298
f 315//315 333//333 464//464
f 315//315 464//464 298//298
f 464//464 333//333 495//495
f 298//298 464//464 388//388
f 3165//3165 181//181 3091//3091
f 3091//3091 181//181 187//187
f 3091//3091 187//187 3093//3093
f 3093//3093 187//187 85//85
f 3093//3093 85//85 3200//3200
f 85//85 187//187 305//305
f 187//187 181//181 266//266
f 187//187 266//266 305//305
f 305//305 266//266 398//398
f 266//266 181//181 297//297
f 398//398 266//266 346//346
f 346//346 266//266 297//297
f 346//346 297//297 387//387
f 346//346 387//387 462//462
f 3262//3262 3198//3198 3236//3236
f 3262//3262 3236//3236 3279//3279
f 3237//3237 3199//3199 5//5
f 5//5 3199//3199 86//86
f 5//5 86//86 306//306
f 5//5 306//306 349//349
f 349//349 306//306 399//399
f 349//349 399//399 455//455
f 349//349 455//455 480//480
f 3282//3282 3238//3238 3204//3204
f 3204//3204 3238//3238 6//6
f 3281//3281 3203//3203 3258//3258
f 3280//3280 3257//3257 3472//3472
f 3202//3202 4//4 36//36
f 3202//3202 36//36 3255//3255
f 36//36 4//4 348//348
f 36//36 348//348 316//316
f 454//454 540//540 479//479
f 479//479 540//540 563//563
f 481//481 566//566 502//502
f 481//481 502//502 425//425
f 499//499 562//562 781//781
f 350//350 482//482 426//426
f 350//350 426//426 318//318
f 318//318 426//426 503//503
f 37//37 317//317 428//428
f 428//428 317//317 501//501
f 37//37 428//428 3147//3147
f 37//37 3147//3147 3259//3259
f 3147//3147 428//428 3096//3096
f 3096//3096 428//428 402//402
f 3096//3096 402//402 374//374
f 3096//3096 374//374 13//13
f 13//13 374//374 204//204
f 3149//3149 12//12 203//203
f 15//15 205//205 191//191
f 15//15 191//191 3151//3151
f 3151//3151 191//191 180//180
f 3151//3151 180//180 3379//3379
f 180//180 191//191 270//270
f 191//191 205//205 267//267
f 191//191 267//267 270//270
f 267//267 205//205 375//375
f 267//267 375//375 377//377
f 267//267 377//377 270//270
f 270//270 377//377 406//406
f 268//268 404//404 635//635
f 269//269 638//638 179//179
f 405//405 376//376 505//505
f 505//505 376//376 457//457
f 457//457 376//376 373//373
f 457//457 373//373 401//401
f 505//505 457//457 528//528
f 505//505 528//528 636//636
f 457//457 401//401 483//483
f 457//457 483//483 528//528
f 483//483 401//401 427//427
f 636//636 528//528 888//888
f 483//483 427//427 500//500
f 483//483 500//500 528//528
f 528//528 500//500 888//888
f 782//782 1212//1212 500//500
f 888//888 500//500 915//915
f 915//915 500//500 1212//1212
f 1733//1733 1210//1210 1212//1212
f 1212//1212 1210//1210 915//915
f 915//915 1210//1210 1119//1119
f 915//915 1119//1119 1181//1181
f 888//888 915//915 1146//1146
f 1146//1146 915//915 1205//1205
f 888//888 1146//1146 1159//1159
f 1159//1159 1146//1146 1283//1283
f 1159//1159 1283//1283 1468//1468
f 1283//1283 1146//1146 1380//1380
f 403//403 504//504 634//634
f 654//654 178//178 637//637
f 178//178 654//654 259//259
f 654//654 637//637 968//968
f 178//178 259//259 3153//3153
f 968//968 637//637 889//889
f 178//178 3153//3153 3378//3378
f 3378//3378 3153//3153 3414//3414
f 3378//3378 3414//3414 3757//3757
f 3378//3378 3757//3757 3718//3718
f 3718//3718 3757//3757 3995//3995
f 968//968 889//889 1387//1387
f 3718//3718 3995//3995 3830//3830
f 1387//1387 889//889 1160//1160
f 937//937 1164//1164 1162//1162
f 1162//1162 1164//1164 1470//1470
f 1160//1160 1470//1470 1387//1387
f 1387//1387 1470//1470 1637//1637
f 1387//1387 1637//1637 1847//1847
f 1637//1637 1470//1470 1951//1951
f 1951//1951 1470//1470 1809//1809
f 1951//1951 1809//1809 2003//2003
f 2003//2003 1809//1809 1762//1762
f 3880//3880 3742//3742 3832//3832
f 3880//3880 3832//3832 4018//4018
f 4016//4016 3830//3830 3995//3995
f 4016//4016 3995//3995 4239//4239
f 4016//4016 4239//4239 4448//4448
f 4016//4016 4448//4448 4682//4682
f 4682//4682 4448//4448 4851//4851
f 4682//4682 4851//4851 4811//4811
f 653//653 967//967 1075//1075
f 1075//1075 967//967 1549//1549
f 1549//1549 967//967 1386//1386
f 1549//1549 1386//1386 1846//1846
f 653//653 1075//1075 672//672
f 653//653 672//672 258//258
f 258//258 672//672 272//272
f 258//258 272//272 3152//3152
f 3152//3152 272//272 3154//3154
f 3154//3154 272//272 3155//3155
f 3154//3154 3155//3155 3434//3434
f 3152//3152 3154//3154 3413//3413
f 3154//3154 3434//3434 3432//3432
f 3154//3154 3432//3432 3413//3413
f 3413//3413 3432//3432 3807//3807
f 3413//3413 3807//3807 3756//3756
f 3756//3756 3807//3807 4053//4053
f 671//671 1074//1074 673//673
f 671//671 673//673 274//274
f 671//671 274//274 271//271
f 673//673 1074//1074 1101//1101
f 1101//1101 1074//1074 1548//1548
f 1101//1101 1548//1548 1577//1577
f 1577//1577 1548//1548 1849//1849
f 1849//1849 1548//1548 1845//1845
f 1849//1849 1845//1845 2090//2090
f 1849//1849 2090//2090 2126//2126
f 273//273 275//275 3156//3156
f 3156//3156 275//275 277//277
f 3156//3156 277//277 3120//3120
f 277//277 275//275 676//676
f 3156//3156 3120//3120 3435//3435
f 676//676 275//275 674//674
f 3435//3435 3120//3120 3438//3438
f 676//676 674//674 1102//1102
f 3435//3435 3438//3438 3809//3809
f 3809//3809 3438//3438 3796//3796
f 3809//3809 3796//3796 4095//4095
f 4095//4095 3796//3796 4059//4059
f 4059//4059 3796//3796 3761//3761
f 676//676 1102//1102 1078//1078
f 1078//1078 1102//1102 1578//1578
f 1078//1078 1578//1578 1508//1508
f 1078//1078 1508//1508 1429//1429
f 1078//1078 1429//1429 1011//1011
f 1429//1429 1508//1508 1639//1639
f 1639//1639 1508//1508 1772//1772
f 276//276 675//675 804//804
f 1077//1077 1432//1432 675//675
f 675//675 1432//1432 804//804
f 804//804 1432//1432 1511//1511
f 1511//1511 1432//1432 2136//2136
f 276//276 804//804 358//358
f 276//276 358//358 3119//3119
f 804//804 1511//1511 853//853
f 804//804 853//853 358//358
f 853//853 1511//1511 1602//1602
f 853//853 1602//1602 900//900
f 853//853 900//900 359//359
f 853//853 359//359 358//358
f 359//359 900//900 384//384
f 3157//3157 3119//3119 358//358
f 3157//3157 358//358 359//359
f 3119//3119 3157//3157 3437//3437
f 359//359 384//384 3158//3158
f 359//359 3158//3158 3157//3157
f 3158//3158 384//384 3160//3160
f 3437//3437 3157//3157 3560//3560
f 3560//3560 3157//3157 3158//3158
f 3437//3437 3560//3560 3947//3947
f 3437//3437 3947//3947 3795//3795
f 3560//3560 3158//3158 3585//3585
f 3585//3585 3158//3158 3160//3160
f 3560//3560 3585//3585 3947//3947
f 3585//3585 3160//3160 3609//3609
f 3947//3947 3585//3585 4022//4022
f 3585//3585 3609//3609 4102//4102
f 4022//4022 3585//3585 4070//4070
f 4070//4070 3585//3585 4102//4102
f 1507//1507 1576//1576 1767//1767
f 1766//1766 1575//1575 1848//1848
f 1076//1076 1010//1010 1431//1431
f 1431//1431 1010//1010 1356//1356
f 1430//1430 1640//1640 2182//2182
f 1430//1430 2182//2182 2004//2004
f 1430//1430 2004//2004 1012//1012
f 2004//2004 2182//2182 2292//2292
f 1012//1012 2004//2004 1357//1357
f 2004//2004 2292//2292 2138//2138
f 1357//1357 2004//2004 1433//1433
f 1433//1433 2004//2004 2138//2138
f 2181//2181 1638//1638 1769//1769
f 2181//2181 1769//1769 2289//2289
f 2137//2137 2291//2291 2359//2359
f 2137//2137 2359//2359 2335//2335
f 2137//2137 2335//2335 2184//2184
f 2137//2137 2184//2184 1513//1513
f 1513//1513 2184//2184 1648//1648
f 1513//1513 1648//1648 1551//1551
f 1551//1551 1648//1648 1652//1652
f 1551//1551 1652//1652 1723//1723
f 1551//1551 1723//1723 1604//1604
f 1604//1604 1723//1723 2294//2294
f 2294//2294 1723//1723 2259//2259
f 2294//2294 2259//2259 2469//2469
f 2469//2469 2259//2259 2397//2397
f 2701//2701 2615//2615 2469//2469
f 2701//2701 2469//2469 2589//2589
f 2469//2469 2397//2397 2432//2432
f 2469//2469 2432//2432 2589//2589
f 2432//2432 2397//2397 2394//2394
f 2589//2589 2432//2432 2359//2359
f 2432//2432 2394//2394 2335//2335
f 2432//2432 2335//2335 2359//2359
f 2288//2288 1768//1768 2035//2035
f 2288//2288 2035//2035 2551//2551
f 2551//2551 2035//2035 2626//2626
f 2626//2626 2035//2035 2132//2132
f 2358//2358 2290//2290 2552//2552
f 2358//2358 2552//2552 2588//2588
f 2588//2588 2552//2552 2667//2667
f 2667//2667 2552//2552 2627//2627
f 2750//2750 2700//2700 2588//2588
f 2750//2750 2588//2588 2667//2667
f 2750//2750 2667//2667 2716//2716
f 2750//2750 2716//2716 2735//2735
f 2716//2716 2667//2667 2695//2695
f 2750//2750 2735//2735 2718//2718
f 2718//2718 2735//2735 2697//2697
f 2695//2695 2667//2667 2630//2630
f 2718//2718 2697//2697 2653//2653
f 2718//2718 2653//2653 2564//2564
f 2630//2630 2667//2667 2609//2609
f 2630//2630 2609//2609 2653//2653
f 2609//2609 2667//2667 2627//2627
f 2564//2564 2653//2653 2483//2483
f 2483//2483 2653//2653 2609//2609
f 2564//2564 2483//2483 2039//2039
f 2609//2609 2627//2627 2562//2562
f 2609//2609 2562//2562 2483//2483
f 2562//2562 2627//2627 2135//2135
f 2562//2562 2135//2135 2038//2038
f 2564//2564 2039//2039 2186//2186
f 2483//2483 2562//2562 2446//2446
f 2446//2446 2562//2562 2038//2038
f 2483//2483 2446//2446 2039//2039
f 2446//2446 2038//2038 1878//1878
f 2186//2186 2039//2039 1775//1775
f 2186//2186 1775//1775 1813//1813
f 1775//1775 2039//2039 1686//1686
f 2039//2039 2446//2446 1976//1976
f 1976//1976 2446//2446 1878//1878
f 2039//2039 1976//1976 1686//1686
f 1976//1976 1878//1878 1391//1391
f 1686//1686 1976//1976 1644//1644
f 1686//1686 1644//1644 1322//1322
f 1686//1686 1322//1322 1392//1392
f 1392//1392 1322//1322 942//942
f 942//942 1322//1322 897//897
f 2036//2036 1770//1770 2125//2125
f 2036//2036 2125//2125 2133//2133
f 2128//2128 1771//1771 1850//1850
f 2134//2134 2127//2127 2178//2178
f 2134//2134 2178//2178 2130//2130
f 2130//2130 2178//2178 2174//2174
f 2134//2134 2130//2130 2037//2037
f 2037//2037 2130//2130 1952//1952
f 2037//2037 1952//1952 1875//1875
f 2180//2180 2129//2129 2092//2092
f 2179//2179 2091//2091 2175//2175
f 1953//1953 2131//2131 1914//1914
f 1953//1953 1914//1914 1473//1473
f 1914//1914 2131//2131 2094//2094
f 2094//2094 2131//2131 2177//2177
f 1473//1473 1914//1914 1428//1428
f 1428//1428 1914//1914 1765//1765
f 1765//1765 1914//1914 1761//1761
f 1428//1428 1765//1765 1294//1294
f 1428//1428 1294//1294 1183//1183
f 1183//1183 1294//1294 1073//1073
f 1183//1183 1073//1073 891//891
f 1183//1183 891//891 974//974
f 974//974 891//891 693//693
f 1877//1877 1954//1954 1474//1474
f 1876//1876 1472//1472 1390//1390
f 1390//1390 1472//1472 1185//1185
f 1390//1390 1185//1185 1167//1167
f 1167//1167 1185//1185 941//941
f 941//941 1185//1185 977//977
f 1913//1913 2093//2093 1760//1760
f 1760//1760 2093//2093 2176//2176
f 1184//1184 1471//1471 1427//1427
f 1184//1184 1427//1427 1182//1182
f 1184//1184 1182//1182 976//976
f 976//976 1182//1182 973//973
f 976//976 973//973 726//726
f 726//726 973//973 725//725
f 726//726 725//725 353//353
f 353//353 725//725 352//352
f 353//353 352//352 98//98
f 98//98 352//352 96//96
f 1758//1758 2173//2173 2002//2002
f 2002//2002 2173//2173 1950//1950
f 1950//1950 2173//2173 2089//2089
f 1950//1950 2089//2089 1636//1636
f 1636//1636 2089//2089 1844//1844
f 1467//1467 1163//1163 936//936
f 1467//1467 936//936 1161//1161
f 1466//1466 1281//1281 1464//1464
f 1464//1464 1281//1281 1729//1729
f 1469//1469 1465//1465 1682//1682
f 1469//1469 1682//1682 1808//1808
f 1682//1682 1465//1465 1731//1731
f 1808//1808 1682//1682 1802//1802
f 1808//1808 1802//1802 1910//1910
f 1808//1808 1910//1910 1947//1947
f 1947//1947 1910//1910 1996//1996
f 1996//1996 1910//1910 1941//1941
f 1802//1802 1682//1682 1840//1840
f 1840//1840 1682//1682 1835//1835
f 1840//1840 1835//1835 1908//1908
f 1908//1908 1835//1835 2218//2218
f 2218//2218 1835//1835 1682//1682
f 1908//1908 2218//2218 2299//2299
f 2299//2299 2218//2218 2365//2365
f 2218//2218 1682//1682 2009//2009
f 2218//2218 2009//2009 2301//2301
f 2301//2301 2009//2009 2273//2273
f 2009//2009 1682//1682 1731//1731
f 2273//2273 2009//2009 1965//1965
f 2009//2009 1731//1731 1882//1882
f 2273//2273 1965//1965 2528//2528
f 1882//1882 1731//1731 1667//1667
f 1667//1667 1731//1731 1489//1489
f 1667//1667 1489//1489 1328//1328
f 1489//1489 1731//1731 1382//1382
f 1491//1491 1731//1731 1284//1284
f 2528//2528 1965//1965 2411//2411
f 2528//2528 2411//2411 2531//2531
f 2528//2528 2531//2531 2555//2555
f 2411//2411 1965//1965 2170//2170
f 2170//2170 1965//1965 1737//1737
f 2170//2170 1737//1737 2023//2023
f 2023//2023 1737//1737 1529//1529
f 1529//1529 1737//1737 1268//1268
f 1801//1801 1837//1837 1909//1909
f 1909//1909 1837//1837 1939//1939
f 1810//1810 1949//1949 1974//1974
f 1810//1810 1974//1974 1763//1763
f 1763//1763 1974//1974 1912//1912
f 1763//1763 1912//1912 1807//1807
f 1763//1763 1807//1807 1574//1574
f 1946//1946 1995//1995 1998//1998
f 1948//1948 1999//1999 1972//1972
f 1997//1997 1942//1942 1943//1943
f 1997//1997 1943//1943 2001//2001
f 1943//1943 1942//1942 1874//1874
f 2001//2001 1943//1943 1945//1945
f 1943//1943 1874//1874 1887//1887
f 1943//1943 1887//1887 1945//1945
f 1887//1887 1874//1874 1754//1754
f 1945//1945 1887//1887 1843//1843
f 1887//1887 1754//1754 1757//1757
f 1887//1887 1757//1757 1843//1843
f 1843//1843 1757//1757 1717//1717
f 1940//1940 1838//1838 1872//1872
f 1973//1973 2000//2000 1911//1911
f 1911//1911 2000//2000 1944//1944
f 1911//1911 1944//1944 1842//1842
f 1911//1911 1842//1842 1806//1806
f 1759//1759 1572//1572 1764//1764
f 1764//1764 1572//1572 1293//1293
f 1293//1293 1572//1572 1047//1047
f 670//670 1050//1050 868//868
f 1050//1050 670//670 776//776
f 1047//1047 773//773 1293//1293
f 1293//1293 773//773 1072//1072
f 1072//1072 773//773 890//890
f 890//890 773//773 652//652
f 890//890 652//652 694//694
f 694//694 652//652 321//321
f 694//694 321//321 337//337
f 337//337 321//321 92//92
f 92//92 321//321 3228//3228
f 92//92 3228//3228 3329//3329
f 3329//3329 3228//3228 3689//3689
f 3329//3329 3689//3689 3720//3720
f 3720//3720 3689//3689 4052//4052
f 4052//4052 3689//3689 3945//3945
f 4052//4052 3945//3945 4223//4223
f 4052//4052 4223//4223 4397//4397
f 4397//4397 4223//4223 4548//4548
f 4548//4548 4223//4223 4334//4334
f 4548//4548 4334//4334 4987//4987
f 4336//4336 4225//4225 4197//4197
f 4197//4197 4225//4225 3998//3998
f 4987//4987 4334//4334 4768//4768
f 4987//4987 4768//4768 4926//4926
f 1805//1805 1841//1841 1715//1715
f 1571//1571 1804//1804 1719//1719
f 1718//1718 1803//1803 1713//1713
f 1720//1720 1716//1716 1573//1573
f 1573//1573 1716//1716 1569//1569
f 1573//1573 1569//1569 1124//1124
f 1573//1573 1124//1124 1048//1048
f 1048//1048 1124//1124 774//774
f 1635//1635 1124//1124 1595//1595
f 1124//1124 1635//1635 1962//1962
f 1124//1124 1962//1962 1334//1334
f 1334//1334 1962//1962 2012//2012
f 1334//1334 2012//2012 1338//1338
f 1124//1124 1334//1334 964//964
f 1124//1124 964//964 774//774
f 774//774 964//964 771//771
f 771//771 964//964 1039//1039
f 774//774 771//771 598//598
f 598//598 771//771 746//746
f 598//598 746//746 787//787
f 598//598 787//787 756//756
f 756//756 787//787 1086//1086
f 1086//1086 787//787 874//874
f 1714//1714 1756//1756 1593//1593
f 1714//1714 1593//1593 1568//1568
f 1592//1592 1755//1755 1752//1752
f 1125//1125 1570//1570 1596//1596
f 1871//1871 1594//1594 1753//1753
f 1594//1594 1871//1871 1634//1634
f 1871//1871 1753//1753 1836//1836
f 1836//1836 1753//1753 1873//1873
f 1634//1634 1871//1871 2220//2220
f 1871//1871 1836//1836 1906//1906
f 1871//1871 1906//1906 1899//1899
f 1871//1871 1899//1899 2220//2220
f 1906//1906 1836//1836 1903//1903
f 2220//2220 1899//1899 2216//2216
f 2220//2220 2216//2216 2236//2236
f 1634//1634 2220//2220 1961//1961
f 2220//2220 2236//2236 2298//2298
f 1903//1903 1836//1836 1907//1907
f 1907//1907 1836//1836 1873//1873
f 1907//1907 1873//1873 1839//1839
f 1903//1903 1907//1907 1938//1938
f 1938//1938 1907//1907 2265//2265
f 2265//2265 1907//1907 2298//2298
f 2265//2265 2298//2298 2270//2270
f 2220//2220 2298//2298 2364//2364
f 2220//2220 2364//2364 2272//2272
f 2220//2220 2272//2272 1961//1961
f 2272//2272 2364//2364 2486//2486
f 1961//1961 2272//2272 2097//2097
f 1961//1961 2097//2097 2010//2010
f 2097//2097 2272//2272 2222//2222
f 2097//2097 2222//2222 2166//2166
f 2166//2166 2222//2222 2405//2405
f 2405//2405 2222//2222 2494//2494
f 2494//2494 2222//2222 2433//2433
f 2494//2494 2433//2433 2638//2638
f 2638//2638 2433//2433 2486//2486
f 2638//2638 2486//2486 2705//2705
f 2705//2705 2486//2486 2452//2452
f 2705//2705 2452//2452 2635//2635
f 1898//1898 1905//1905 1711//1711
f 1709//1709 1904//1904 1901//1901
f 1709//1709 1901//1901 1705//1705
f 1900//1900 1712//1712 2052//2052
f 1900//1900 2052//2052 2217//2217
f 1710//1710 1707//1707 2051//2051
f 2051//2051 1707//1707 2072//2072
f 1706//1706 1902//1902 1936//1936
f 2073//2073 1708//1708 1937//1937
f 2073//2073 1937//1937 2266//2266
f 2215//2215 2049//2049 2234//2234
f 2235//2235 2050//2050 2070//2070
f 2235//2235 2070//2070 2268//2268
f 2071//2071 2264//2264 2269//2269
f 2233//2233 2267//2267 2297//2297
f 2366//2366 2219//2219 2303//2303
f 2363//2363 2300//2300 2484//2484
f 2484//2484 2300//2300 2451//2451
f 2011//2011 2098//2098 2167//2167
f 2011//2011 2167//2167 2014//2014
f 2221//2221 2271//2271 2434//2434
f 2434//2434 2271//2271 2485//2485
f 2013//2013 2016//2016 1339//1339
f 1339//1339 2016//2016 2307//2307
f 2015//2015 2168//2168 2305//2305
f 2305//2305 2168//2168 2406//2406
f 2304//2304 2404//2404 2308//2308
f 2304//2304 2308//2308 1926//1926
f 2308//2308 2404//2404 2493//2493
f 2308//2308 2493//2493 2510//2510
f 2510//2510 2493//2493 2637//2637
f 2510//2510 2637//2637 2704//2704
f 2510//2510 2704//2704 2570//2570
f 2570//2570 2704//2704 2634//2634
f 2570//2570 2634//2634 2554//2554
f 2554//2554 2634//2634 2593//2593
f 2554//2554 2593//2593 2527//2527
f 2306//2306 1927//1927 1336//1336
f 1336//1336 1927//1927 1492//1492
f 1336//1336 1492//1492 1084//1084
f 1084//1084 1492//1492 1219//1219
f 2453//2453 2302//2302 2435//2435
f 2435//2435 2302//2302 2274//2274
f 2435//2435 2274//2274 2529//2529
f 2435//2435 2529//2529 2594//2594
f 2636//2636 2454//2454 2436//2436
f 2636//2636 2436//2436 2595//2595
f 2569//2569 2553//2553 2530//2530
f 2663//2663 2558//2558 2722//2722
f 2663//2663 2722//2722 2793//2793
f 2793//2793 2722//2722 2836//2836
f 2793//2793 2836//2836 2835//2835
f 2793//2793 2835//2835 2640//2640
f 2835//2835 2836//2836 2876//2876
f 2835//2835 2876//2876 2762//2762
f 2835//2835 2762//2762 2677//2677
f 2762//2762 2876//2876 2822//2822
f 2677//2677 2762//2762 2618//2618
f 2762//2762 2822//2822 2596//2596
f 2762//2762 2596//2596 2618//2618
f 2618//2618 2596//2596 2456//2456
f 2596//2596 2822//2822 2664//2664
f 2456//2456 2596//2596 2018//2018
f 2596//2596 2664//2664 2223//2223
f 2596//2596 2223//2223 2018//2018
f 2018//2018 2223//2223 1742//1742
f 2223//2223 2664//2664 2279//2279
f 2223//2223 2279//2279 1929//1929
f 1929//1929 2279//2279 1985//1985
f 2877//2877 2847//2847 2812//2812
f 2877//2877 2812//2812 2823//2823
f 2823//2823 2812//2812 2642//2642
f 2823//2823 2642//2642 2665//2665
f 2665//2665 2642//2642 2313//2313
f 2666//2666 2314//2314 2280//2280
f 2280//2280 2314//2314 1987//1987
f 1987//1987 2314//2314 1989//1989
f 1987//1987 1989//1989 1859//1859
f 1859//1859 1989//1989 1861//1861
f 1861//1861 1989//1989 1894//1894
f 1894//1894 1989//1989 2032//2032
f 2032//2032 1989//1989 2378//2378
f 1930//1930 1986//1986 1788//1788
f 1788//1788 1986//1986 1857//1857
f 1930//1930 1788//1788 1743//1743
f 1743//1743 1788//1788 1562//1562
f 2224//2224 1931//1931 1744//1744
f 1494//1494 1563//1563 1415//1415
f 1415//1415 1563//1563 1536//1536
f 1536//1536 1563//1563 1789//1789
f 1495//1495 1416//1416 1222//1222
f 1218//1218 1413//1413 1088//1088
f 1414//1414 1534//1534 1154//1154
f 1414//1414 1154//1154 1089//1089
f 1154//1154 1534//1534 1224//1224
f 1224//1224 1534//1534 1623//1623
f 1535//1535 1787//1787 1625//1625
f 1090//1090 1155//1155 1345//1345
f 1090//1090 1345//1345 1223//1223
f 1345//1345 1155//1155 1565//1565
f 1565//1565 1155//1155 1227//1227
f 1565//1565 1227//1227 1278//1278
f 1565//1565 1278//1278 1585//1585
f 1585//1585 1278//1278 1588//1588
f 1588//1588 1278//1278 1247//1247
f 1588//1588 1247//1247 1310//1310
f 1588//1588 1310//1310 1676//1676
f 1676//1676 1310//1310 1834//1834
f 1834//1834 1310//1310 1498//1498
f 1834//1834 1498//1498 2158//2158
f 1225//1225 1624//1624 1699//1699
f 1226//1226 1700//1700 1277//1277
f 1277//1277 1700//1700 1246//1246
f 1246//1246 1700//1700 1673//1673
f 1246//1246 1673//1673 1309//1309
f 1309//1309 1673//1673 1747//1747
f 2034//2034 1893//1893 2031//2031
f 2034//2034 2031//2031 2155//2155
f 2034//2034 2155//2155 2318//2318
f 2318//2318 2155//2155 2459//2459
f 2318//2318 2459//2459 2500//2500
f 2500//2500 2459//2459 2600//2600
f 2500//2500 2600//2600 2521//2521
f 2153//2153 2476//2476 2457//2457
f 1746//1746 1895//1895 1496//1496
f 1746//1746 1496//1496 1308//1308
f 1896//1896 2188//2188 1866//1866
f 1896//1896 1866//1866 1497//1497
f 2058//2058 2187//2187 2416//2416
f 2187//2187 2058//2058 1864//1864
f 1865//1865 2059//2059 2347//2347
f 1865//1865 2347//2347 2156//2156
f 2347//2347 2059//2059 2385//2385
f 2385//2385 2059//2059 2074//2074
f 2385//2385 2074//2074 2388//2388
f 2388//2388 2074//2074 2076//2076
f 2388//2388 2076//2076 2246//2246
f 2246//2246 2076//2076 1969//1969
f 1499//1499 1867//1867 2159//2159
f 2247//2247 2112//2112 2080//2080
f 2080//2080 2112//2112 2083//2083
f 2247//2247 2080//2080 2191//2191
f 2247//2247 2191//2191 2389//2389
f 2389//2389 2191//2191 2283//2283
f 2389//2389 2283//2283 2386//2386
f 2386//2386 2283//2283 2319//2319
f 2387//2387 2320//2320 2244//2244
f 2387//2387 2244//2244 2348//2348
f 2348//2348 2244//2244 2057//2057
f 2348//2348 2057//2057 2157//2157
f 2157//2157 2057//2057 1833//1833
f 1833//1833 2057//2057 1751//1751
f 1833//1833 1751//1751 1675//1675
f 1675//1675 1751//1751 1591//1591
f 1675//1675 1591//1591 1587//1587
f 1587//1587 1591//1591 1542//1542
f 2321//2321 2284//2284 1376//1376
f 2321//2321 1376//1376 2245//2245
f 2245//2245 1376//1376 1347//1347
f 1347//1347 1376//1376 623//623
f 1376//1376 2284//2284 1348//1348
f 1348//1348 2284//2284 2192//2192
f 1348//1348 2192//2192 1280//1280
f 1348//1348 1280//1280 608//608
f 1376//1376 1348//1348 624//624
f 1376//1376 624//624 623//623
f 1348//1348 608//608 625//625
f 1348//1348 625//625 624//624
f 625//625 608//608 3184//3184
f 625//625 3184//3184 3182//3182
f 624//624 625//625 3180//3180
f 624//624 3180//3180 623//623
f 3180//3180 625//625 3182//3182
f 623//623 3180//3180 3177//3177
f 3180//3180 3182//3182 3785//3785
f 2243//2243 1346//1346 1174//1174
f 2243//2243 1174//1174 2055//2055
f 1174//1174 1346//1346 578//578
f 578//578 1346//1346 622//622
f 1174//1174 578//578 1007//1007
f 578//578 622//622 3176//3176
f 1007//1007 578//578 526//526
f 578//578 3176//3176 3175//3175
f 578//578 3175//3175 526//526
f 476//476 927//927 526//526
f 476//476 526//526 3143//3143
f 3143//3143 526//526 3175//3175
f 476//476 3143//3143 3141//3141
f 3175//3175 3176//3176 3781//3781
f 3781//3781 3176//3176 3178//3178
f 3781//3781 3178//3178 3782//3782
f 3781//3781 3782//3782 4720//4720
f 3141//3141 3143//3143 3656//3656
f 3656//3656 3143//3143 3175//3175
f 3625//3625 3139//3139 3141//3141
f 3141//3141 3656//3656 3643//3643
f 3141//3141 3643//3643 3625//3625
f 3656//3656 3175//3175 3713//3713
f 3713//3713 3175//3175 3781//3781
f 3643//3643 3656//3656 4247//4247
f 4247//4247 3656//3656 3713//3713
f 3625//3625 3643//3643 4170//4170
f 4170//4170 3643//3643 4247//4247
f 3625//3625 4170//4170 4153//4153
f 4153//4153 4170//4170 4900//4900
f 4153//4153 4900//4900 4830//4830
f 4900//4900 4170//4170 5035//5035
f 5035//5035 4170//4170 4247//4247
f 4900//4900 5035//5035 5491//5491
f 5491//5491 5035//5035 5588//5588
f 5588//5588 5035//5035 5384//5384
f 5588//5588 5384//5384 5848//5848
f 5848//5848 5384//5384 5984//5984
f 5984//5984 5384//5384 5593//5593
f 5035//5035 4247//4247 4438//4438
f 5035//5035 4438//4438 5384//5384
f 4438//4438 4247//4247 3713//3713
f 4438//4438 3713//3713 3781//3781
f 5384//5384 4438//4438 4678//4678
f 4678//4678 4438//4438 3781//3781
f 5384//5384 4678//4678 5593//5593
f 4678//4678 3781//3781 4720//4720
f 4678//4678 4720//4720 5593//5593
f 5593//5593 4720//4720 5610//5610
f 2056//2056 1175//1175 1008//1008
f 2056//2056 1008//1008 1750//1750
f 1589//1589 1749//1749 1006//1006
f 1586//1586 1540//1540 1584//1584
f 1584//1584 1540//1540 1538//1538
f 1590//1590 1009//1009 928//928
f 928//928 1009//1009 527//527
f 1590//1590 928//928 1541//1541
f 1541//1541 928//928 913//913
f 913//913 928//928 477//477
f 1541//1541 913//913 1539//1539
f 913//913 477//477 475//475
f 475//475 477//477 3142//3142
f 475//475 3142//3142 3140//3140
f 913//913 475//475 912//912
f 913//913 912//912 1539//1539
f 475//475 3140//3140 473//473
f 475//475 473//473 912//912
f 473//473 3140//3140 3137//3137
f 3137//3137 3140//3140 3626//3626
f 3137//3137 3626//3626 3623//3623
f 912//912 473//473 451//451
f 912//912 451//451 878//878
f 912//912 878//878 1539//1539
f 1539//1539 878//878 1455//1455
f 1454//1454 1583//1583 1537//1537
f 1583//1583 1454//1454 1564//1564
f 1564//1564 1454//1454 1272//1272
f 1564//1564 1272//1272 1344//1344
f 1456//1456 879//879 796//796
f 796//796 879//879 452//452
f 1457//1457 798//798 1273//1273
f 1343//1343 1271//1271 1217//1217
f 1217//1217 1271//1271 795//795
f 1217//1217 795//795 760//760
f 760//760 795//795 396//396
f 760//760 396//396 370//370
f 370//370 396//396 3131//3131
f 370//370 3131//3131 3133//3133
f 3133//3133 3131//3131 3547//3547
f 3133//3133 3547//3547 3520//3520
f 3520//3520 3547//3547 3930//3930
f 3930//3930 3547//3547 3978//3978
f 3930//3930 3978//3978 4581//4581
f 3930//3930 4581//4581 4480//4480
f 4480//4480 4581//4581 5053//5053
f 5053//5053 4581//4581 5125//5125
f 5053//5053 5125//5125 5204//5204
f 797//797 453//453 397//397
f 397//397 453//453 3136//3136
f 3136//3136 453//453 474//474
f 397//397 3136//3136 3132//3132
f 3136//3136 474//474 3138//3138
f 3132//3132 3136//3136 3602//3602
f 3602//3602 3136//3136 3138//3138
f 3132//3132 3602//3602 3548//3548
f 3602//3602 3138//3138 3622//3622
f 3548//3548 3602//3602 4120//4120
f 4120//4120 3602//3602 3622//3622
f 3548//3548 4120//4120 3979//3979
f 4120//4120 3622//3622 4150//4150
f 3979//3979 4120//4120 4582//4582
f 4120//4120 4150//4150 4796//4796
f 4120//4120 4796//4796 4582//4582
f 4582//4582 4796//4796 5126//5126
f 4796//4796 4150//4150 4864//4864
f 5126//5126 4796//4796 5348//5348
f 5348//5348 4796//4796 4864//4864
f 5348//5348 4864//4864 5452//5452
f 1220//1220 761//761 802//802
f 1221//1221 803//803 1087//1087
f 1087//1087 803//803 768//768
f 1087//1087 768//768 757//757
f 800//800 759//759 449//449
f 448//448 758//758 369//369
f 801//801 450//450 395//395
f 801//801 395//395 767//767
f 214//214 209//209 450//450
f 450//450 209//209 395//395
f 767//767 395//395 597//597
f 395//395 209//209 229//229
f 229//229 209//209 169//169
f 395//395 229//229 226//226
f 3211//3211 3129//3129 169//169
f 169//169 3129//3129 194//194
f 169//169 194//194 229//229
f 229//229 194//194 223//223
f 229//229 223//223 226//226
f 223//223 194//194 110//110
f 200//200 597//597 395//395
f 223//223 110//110 192//192
f 223//223 192//192 216//216
f 192//192 110//110 3231//3231
f 216//216 192//192 151//151
f 216//216 151//151 152//152
f 152//152 151//151 2//2
f 151//151 192//192 108//108
f 108//108 192//192 3231//3231
f 2//2 151//151 1//1
f 1//1 151//151 108//108
f 1//1 108//108 3231//3231
f 2//2 1//1 3234//3234
f 3234//3234 1//1 3231//3231
f 3234//3234 3231//3231 3324//3324
f 3324//3324 3231//3231 3367//3367
f 651//651 597//597 319//319
f 319//319 597//597 200//200
f 319//319 200//200 206//206
f 319//319 206//206 201//201
f 319//319 201//201 89//89
f 89//89 201//201 3098//3098
f 201//201 206//206 157//157
f 201//201 157//157 3098//3098
f 3260//3260 3240//3240 3098//3098
f 3260//3260 3098//3098 157//157
f 3260//3260 157//157 3097//3097
f 3260//3260 3097//3097 3448//3448
f 157//157 206//206 177//177
f 177//177 206//206 200//200
f 3097//3097 157//157 9//9
f 3097//3097 9//9 3448//3448
f 9//9 157//157 177//177
f 3448//3448 9//9 3483//3483
f 9//9 177//177 87//87
f 87//87 177//177 200//200
f 87//87 200//200 3117//3117
f 3391//3391 3504//3504 3117//3117
f 3391//3391 3117//3117 3428//3428
f 3428//3428 3117//3117 7//7
f 3117//3117 200//200 156//156
f 3117//3117 156//156 7//7
f 156//156 200//200 226//226
f 7//7 156//156 188//188
f 188//188 156//156 226//226
f 447//447 368//368 211//211
f 755//755 766//766 595//595
f 175//175 213//213 372//372
f 174//174 371//371 3135//3135
f 212//212 173//173 184//184
f 184//184 173//173 31//31
f 215//215 186//186 116//116
f 215//215 116//116 210//210
f 210//210 116//116 27//27
f 210//210 27//27 170//170
f 185//185 32//32 114//114
f 35//35 176//176 3254//3254
f 3254//3254 176//176 3224//3224
f 3254//3254 3224//3224 3412//3412
f 3254//3254 3412//3412 3374//3374
f 3374//3374 3412//3412 3479//3479
f 3479//3479 3412//3412 3546//3546
f 3546//3546 3412//3412 3523//3523
f 3479//3479 3546//3546 3575//3575
f 3575//3575 3546//3546 3642//3642
f 3411//3411 3223//3223 3134//3134
f 3411//3411 3134//3134 3522//3522
f 115//115 33//33 3171//3171
f 115//115 3171//3171 26//26
f 34//34 3253//3253 3410//3410
f 34//34 3410//3410 3172//3172
f 3410//3410 3253//3253 3496//3496
f 3496//3496 3253//3253 3373//3373
f 3410//3410 3496//3496 3471//3471
f 3471//3471 3496//3496 3572//3572
f 3471//3471 3572//3572 3515//3515
f 3410//3410 3471//3471 3347//3347
f 3410//3410 3347//3347 3172//3172
f 3172//3172 3347//3347 3233//3233
f 3172//3172 3233//3233 28//28
f 3372//3372 3478//3478 3495//3495
f 25//25 3232//3232 168//168
f 168//168 3232//3232 3210//3210
f 3210//3210 3232//3232 3346//3346
f 3210//3210 3346//3346 3369//3369
f 3369//3369 3346//3346 3470//3470
f 3369//3369 3470//3470 3511//3511
f 3570//3570 3494//3494 3476//3476
f 3212//3212 3371//3371 3407//3407
f 3212//3212 3407//3407 3130//3130
f 3404//3404 3370//3370 3513//3513
f 3571//3571 3477//3477 3574//3574
f 3406//3406 3514//3514 3601//3601
f 3601//3601 3514//3514 3621//3621
f 3512//3512 3568//3568 3617//3617
f 3569//3569 3573//3573 3639//3639
f 3569//3569 3639//3639 3619//3619
f 3637//3637 3545//3545 3525//3525
f 3525//3525 3545//3545 3521//3521
f 3640//3640 3526//3526 3933//3933
f 3931//3931 3524//3524 3519//3519
f 3931//3931 3519//3519 3929//3929
f 3931//3931 3929//3929 4481//4481
f 4481//4481 3929//3929 4479//4479
f 4481//4481 4479//4479 5052//5052
f 3624//3624 3627//3627 4154//4154
f 3624//3624 4154//4154 4151//4151
f 4155//4155 4831//4831 4152//4152
f 4152//4152 4831//4831 4865//4865
f 4865//4865 4831//4831 5418//5418
f 4865//4865 5418//5418 5454//5454
f 5418//5418 4831//4831 5493//5493
f 5493//5493 4831//4831 4901//4901
f 5454//5454 5418//5418 5456//5456
f 5456//5456 5418//5418 5493//5493
f 5454//5454 5456//5456 5490//5490
f 5456//5456 5493//5493 5517//5517
f 5589//5589 5849//5849 5874//5874
f 5874//5874 5849//5849 5992//5992
f 5589//5589 5874//5874 5634//5634
f 5589//5589 5634//5634 5492//5492
f 5492//5492 5634//5634 5516//5516
f 5992//5992 5849//5849 5987//5987
f 5992//5992 5987//5987 6025//6025
f 6025//6025 5987//5987 6012//6012
f 5594//5594 5612//5612 5985//5985
f 4722//4722 3783//3783 3784//3784
f 3784//3784 3783//3783 3179//3179
f 4722//4722 3784//3784 4724//4724
f 4724//4724 3784//3784 4618//4618
f 5555//5555 5615//5615 4724//4724
f 5555//5555 4724//4724 4618//4618
f 5944//5944 5555//5555 5865//5865
f 5865//5865 5555//5555 5469//5469
f 5469//5469 5555//5555 4618//4618
f 5469//5469 4618//4618 4512//4512
f 3755//3755 4618//4618 3784//3784
f 4618//4618 3755//3755 4512//4512
f 3755//3755 3784//3784 3181//3181
f 4512//4512 3755//3755 3735//3735
f 3755//3755 3181//3181 3183//3183
f 3755//3755 3183//3183 3735//3735
f 3735//3735 3183//3183 3186//3186
f 3186//3186 3183//3183 607//607
f 3186//3186 607//607 594//594
f 594//594 607//607 1279//1279
f 594//594 1279//1279 1229//1229
f 1229//1229 1279//1279 2079//2079
f 2079//2079 1279//1279 2190//2190
f 5611//5611 4721//4721 4723//4723
f 5611//5611 4723//4723 5614//5614
f 5611//5611 5614//5614 6010//6010
f 6010//6010 5614//5614 5996//5996
f 6010//6010 5996//5996 6023//6023
f 6023//6023 5996//5996 6013//6013
f 5996//5996 5614//5614 5943//5943
f 5943//5943 5614//5614 5554//5554
f 5986//5986 5613//5613 6011//6011
f 5991//5991 6024//6024 5875//5875
f 5875//5875 6024//6024 6016//6016
f 5991//5991 5875//5875 5855//5855
f 5875//5875 6016//6016 5857//5857
f 5991//5991 5855//5855 5873//5873
f 5857//5857 6016//6016 5955//5955
f 5873//5873 5855//5855 5721//5721
f 5857//5857 5955//5955 5786//5786
f 5786//5786 5955//5955 5861//5861
f 5786//5786 5861//5861 5679//5679
f 5873//5873 5721//5721 5633//5633
f 5633//5633 5721//5721 5461//5461
f 5633//5633 5461//5461 5515//5515
f 5515//5515 5461//5461 5213//5213
f 5515//5515 5213//5213 5133//5133
f 5515//5515 5133//5133 5455//5455
f 5455//5455 5133//5133 5167//5167
f 5455//5455 5167//5167 5489//5489
f 5489//5489 5167//5167 5064//5064
f 5489//5489 5064//5064 5377//5377
f 5997//5997 5946//5946 6015//6015
f 6014//6014 5945//5945 5954//5954
f 5942//5942 5863//5863 5953//5953
f 5953//5953 5863//5863 5860//5860
f 5860//5860 5863//5863 5790//5790
f 5876//5876 5858//5858 5995//5995
f 5876//5876 5995//5995 5856//5856
f 5856//5856 5995//5995 5970//5970
f 5995//5995 5858//5858 5922//5922
f 5922//5922 5858//5858 5787//5787
f 5922//5922 5787//5787 5903//5903
f 5468//5468 4511//4511 4383//4383
f 4383//4383 4511//4511 3701//3701
f 5468//5468 4383//4383 5257//5257
f 5468//5468 5257//5257 5864//5864
f 5864//5864 5257//5257 5827//5827
f 3701//3701 4511//4511 3734//3734
f 3701//3701 3734//3734 3187//3187
f 3187//3187 3734//3734 3185//3185
f 3187//3187 3185//3185 558//558
f 558//558 3185//3185 593//593
f 558//558 593//593 1139//1139
f 1139//1139 593//593 1228//1228
f 1139//1139 1228//1228 1991//1991
f 1991//1991 1228//1228 2078//2078
f 1991//1991 2078//2078 2081//2081
f 3703//3703 3706//3706 4386//4386
f 3703//3703 4386//4386 4384//4384
f 4384//4384 4386//4386 5260//5260
f 4384//4384 5260//5260 5258//5258
f 5258//5258 5260//5260 5808//5808
f 5258//5258 5808//5808 5828//5828
f 5809//5809 5793//5793 5829//5829
f 5829//5829 5793//5793 5791//5791
f 5791//5791 5793//5793 5622//5622
f 5622//5622 5793//5793 5627//5627
f 5862//5862 5826//5826 5788//5788
f 5859//5859 5789//5789 5677//5677
f 5677//5677 5789//5789 5620//5620
f 5621//5621 5625//5625 5763//5763
f 5621//5621 5763//5763 5758//5758
f 5619//5619 5755//5755 5676//5676
f 5676//5676 5755//5755 5823//5823
f 5785//5785 5678//5678 5824//5824
f 5785//5785 5824//5824 5901//5901
f 5757//5757 5867//5867 5825//5825
f 5825//5825 5867//5867 5948//5948
f 5825//5825 5948//5948 5902//5902
f 5902//5902 5948//5948 6000//6000
f 5949//5949 5907//5907 6004//6004
f 5949//5949 6004//6004 6001//6001
f 6001//6001 6004//6004 6044//6044
f 6001//6001 6044//6044 6041//6041
f 6041//6041 6044//6044 6072//6072
f 5900//5900 5998//5998 5919//5919
f 5920//5920 5999//5999 6039//6039
f 5921//5921 6040//6040 5993//5993
f 5993//5993 6040//6040 6055//6055
f 6038//6038 6069//6069 6052//6052
f 5994//5994 6056//6056 5969//5969
f 5969//5969 6056//6056 6029//6029
f 5969//5969 6029//6029 5852//5852
f 5852//5852 6029//6029 5939//5939
f 5852//5852 5939//5939 5592//5592
f 5592//5592 5939//5939 5719//5719
f 5592//5592 5719//5719 5423//5423
f 5968//5968 5851//5851 5672//5672
f 5672//5672 5851//5851 5383//5383
f 5968//5968 5672//5672 5854//5854
f 5850//5850 5590//5590 5379//5379
f 5853//5853 5671//5671 5720//5720
f 5720//5720 5671//5671 5380//5380
f 5720//5720 5380//5380 5459//5459
f 5170//5170 5382//5382 5591//5591
f 5170//5170 5591//5591 5421//5421
f 5460//5460 5381//5381 5168//5168
f 5460//5460 5168//5168 5211//5211
f 5132//5132 5212//5212 5169//5169
f 5132//5132 5169//5169 5065//5065
f 5132//5132 5065//5065 5166//5166
f 5166//5166 5065//5065 5024//5024
f 5066//5066 5171//5171 5422//5422
f 5066//5066 5422//5422 5354//5354
f 5066//5066 5354//5354 5026//5026
f 5060//5060 5165//5165 5022//5022
f 5453//5453 5488//5488 5376//5376
f 5453//5453 5376//5376 5349//5349
f 5349//5349 5376//5376 5127//5127
f 5127//5127 5376//5376 5206//5206
f 5202//5202 5374//5374 4972//4972
f 4974//4974 5375//5375 5058//5058
f 5203//5203 4973//4973 4860//4860
f 5205//5205 4861//4861 5054//5054
f 4975//4975 5061//5061 5285//5285
f 4975//4975 5285//5285 4862//4862
f 4862//4862 5285//5285 5129//5129
f 3932//3932 4482//4482 3976//3976
f 3934//3934 3977//3977 3641//3641
f 3975//3975 4483//4483 4579//4579
f 3638//3638 3974//3974 3863//3863
f 3638//3638 3863//3863 3618//3618
f 3863//3863 3974//3974 4354//4354
f 4354//4354 3974//3974 4578//4578
f 3618//3618 3863//3863 3846//3846
f 3846//3846 3863//3863 4354//4354
f 3846//3846 4354//4354 4284//4284
f 3618//3618 3846//3846 3670//3670
f 3670//3670 3846//3846 3649//3649
f 4577//4577 5057//5057 5099//5099
f 3620//3620 3671//3671 3599//3599
f 3600//3600 3672//3672 3567//3567
f 3567//3567 3672//3672 3655//3655
f 3655//3655 3672//3672 3651//3651
f 3567//3567 3655//3655 3544//3544
f 3655//3655 3651//3651 3629//3629
f 3629//3629 3651//3651 3558//3558
f 3544//3544 3655//3655 3616//3616
f 3544//3544 3616//3616 3468//3468
f 3468//3468 3616//3616 3541//3541
f 3616//3616 3655//3655 3553//3553
f 3616//3616 3553//3553 3541//3541
f 3553//3553 3655//3655 3629//3629
f 3541//3541 3553//3553 3423//3423
f 3423//3423 3553//3553 3480//3480
f 3480//3480 3553//3553 3629//3629
f 3480//3480 3629//3629 3531//3531
f 3598//3598 3565//3565 3403//3403
f 3405//3405 3566//3566 3409//3409
f 3405//3405 3409//3409 3128//3128
f 3128//3128 3409//3409 3170//3170
f 3408//3408 3564//3564 3543//3543
f 3408//3408 3543//3543 3389//3389
f 3408//3408 3389//3389 3169//3169
f 3389//3389 3543//3543 3365//3365
f 3365//3365 3543//3543 3466//3466
f 3389//3389 3365//3365 3230//3230
f 3389//3389 3230//3230 3209//3209
f 3389//3389 3209//3209 3169//3169
f 3209//3209 3230//3230 109//109
f 3209//3209 109//109 3169//3169
f 3169//3169 109//109 3127//3127
f 3127//3127 109//109 193//193
f 224//224 217//217 227//227
f 227//227 217//217 189//189
f 189//189 217//217 153//153
f 154//154 3//3 3144//3144
f 3144//3144 3//3 3235//3235
f 3144//3144 3235//3235 3375//3375
f 3375//3375 3235//3235 3325//3325
f 3375//3375 3325//3325 3481//3481
f 3375//3375 3481//3481 3430//3430
f 3430//3430 3481//3481 3532//3532
f 3481//3481 3325//3325 3425//3425
f 3425//3425 3325//3325 3368//3368
f 190//190 155//155 8//8
f 8//8 155//155 3145//3145
f 8//8 3145//3145 3376//3376
f 8//8 3376//3376 3431//3431
f 225//225 199//199 394//394
f 3422//3422 3366//3366 3467//3467
f 3424//3424 3469//3469 3542//3542
f 3530//3530 3628//3628 3556//3556
f 3529//3529 3554//3554 3426//3426
f 3427//3427 3555//3555 3499//3499
f 3557//3557 3650//3650 3578//3578
f 3557//3557 3578//3578 3500//3500
f 3429//3429 3501//3501 3392//3392
f 3390//3390 3498//3498 3576//3576
f 3390//3390 3576//3576 3502//3502
f 3577//3577 3648//3648 3845//3845
f 3118//3118 3505//3505 88//88
f 88//88 3505//3505 10//10
f 10//10 3505//3505 3484//3484
f 3099//3099 3241//3241 90//90
f 90//90 3241//3241 3226//3226
f 90//90 3226//3226 320//320
f 3226//3226 3241//3241 3348//3348
f 3348//3348 3241//3241 3327//3327
f 3327//3327 3241//3241 3261//3261
f 3327//3327 3261//3261 3449//3449
f 3348//3348 3327//3327 3452//3452
f 3348//3348 3452//3452 3486//3486
f 3348//3348 3486//3486 3687//3687
f 3687//3687 3486//3486 3581//3581
f 3326//3326 3446//3446 3450//3450
f 3227//3227 3349//3349 3688//3688
f 4286//4286 4356//4356 4633//4633
f 5210//5210 5056//5056 4863//4863
f 5210//5210 4863//4863 5130//5130
f 5131//5131 5287//5287 5313//5313
f 5313//5313 5287//5287 5543//5543
f 5128//5128 5310//5310 5207//5207
f 5483//5483 5311//5311 5541//5541
f 5483//5483 5541//5541 5608//5608
f 5608//5608 5541//5541 5572//5572
f 5608//5608 5572//5572 5665//5665
f 5412//5412 5540//5540 5284//5284
f 5573//5573 5542//5542 5414//5414
f 5548//5548 5571//5571 5413//5413
f 5548//5548 5413//5413 5350//5350
f 5416//5416 5286//5286 5062//5062
f 5415//5415 5059//5059 5544//5544
f 5546//5546 5063//5063 5025//5025
f 5417//5417 5547//5547 5353//5353
f 5352//5352 5545//5545 5023//5023
f 5351//5351 5419//5419 5549//5549
f 5586//5586 5550//5550 5420//5420
f 5586//5586 5420//5420 5717//5717
f 1530//1530 910//910 1412//1412
f 1530//1530 1412//1412 2025//2025
f 1412//1412 910//910 866//866
f 866//866 910//910 553//553
f 866//866 553//553 472//472
f 1270//1270 911//911 1531//1531
f 908//908 1266//1266 793//793
f 1214//1214 1269//1269 1738//1738
f 1211//1211 1736//1736 1326//1326
f 1211//1211 1326//1326 1363//1363
f 1211//1211 1363//1363 1118//1118
f 1118//1118 1363//1363 1231//1231
f 1117//1117 1230//1230 1178//1178
f 1178//1178 1230//1230 1315//1315
f 1315//1315 1230//1230 1461//1461
f 914//914 1177//1177 1203//1203
f 1147//1147 1206//1206 1233//1233
f 1148//1148 1234//1234 1383//1383
f 1385//1385 1235//1235 1207//1207
f 1282//1282 1379//1379 1730//1730
f 1501//1501 1204//1204 1179//1179
f 1204//1204 1501//1501 1377//1377
f 1503//1503 1180//1180 1317//1317
f 1502//1502 1316//1316 1462//1462
f 1500//1500 1460//1460 1629//1629
f 1504//1504 1630//1630 1378//1378
f 1463//1463 1232//1232 1784//1784
f 1784//1784 1232//1232 1487//1487
f 1487//1487 1232//1232 1365//1365
f 1463//1463 1784//1784 1959//1959
f 1463//1463 1959//1959 1632//1632
f 1959//1959 1784//1784 1924//1924
f 1924//1924 1784//1784 1693//1693
f 1384//1384 1631//1631 1449//1449
f 1633//1633 1960//1960 1450//1450
f 1450//1450 1960//1960 1820//1820
f 1820//1820 1960//1960 1925//1925
f 1486//1486 1364//1364 1329//1329
f 1486//1486 1329//1329 1692//1692
f 1486//1486 1692//1692 1783//1783
f 1923//1923 1691//1691 1582//1582
f 1582//1582 1691//1691 1327//1327
f 1582//1582 1327//1327 1194//1194
f 1923//1923 1582//1582 1818//1818
f 1818//1818 1582//1582 1367//1367
f 1818//1818 1367//1367 1663//1663
f 1663//1663 1367//1367 1446//1446
f 1448//1448 1819//1819 1664//1664
f 1366//1366 1581//1581 1193//1193
f 1195//1195 1330//1330 1368//1368
f 1451//1451 1369//1369 1490//1490
f 1490//1490 1369//1369 1331//1331
f 1447//1447 1488//1488 1381//1381
f 1666//1666 1325//1325 1734//1734
f 1880//1880 1665//1665 1732//1732
f 1881//1881 1735//1735 1964//1964
f 1879//1879 1963//1963 2008//2008
f 2099//2099 2019//2019 2238//2238
f 2099//2099 2238//2238 2368//2368
f 2238//2238 2019//2019 1889//1889
f 1889//1889 2019//2019 1617//1617
f 2367//2367 2237//2237 1888//1888
f 1619//1619 2020//2020 1695//1695
f 1695//1695 2020//2020 2100//2100
f 1695//1695 2100//2100 2143//2143
f 1695//1695 2143//2143 1885//1885
f 1695//1695 1885//1885 1372//1372
f 1372//1372 1885//1885 1560//1560
f 1372//1372 1560//1560 1257//1257
f 1618//1618 1694//1694 1891//1891
f 1891//1891 1694//1694 1967//1967
f 1967//1967 1694//1694 1371//1371
f 1967//1967 1371//1371 1670//1670
f 2369//2369 1890//1890 1966//1966
f 2369//2369 1966//1966 2407//2407
f 2407//2407 1966//1966 2141//2141
f 2141//2141 1966//1966 1669//1669
f 2141//2141 1669//1669 1823//1823
f 1823//1823 1669//1669 1557//1557
f 2101//2101 2370//2370 2144//2144
f 2144//2144 2370//2370 2408//2408
f 2144//2144 2408//2408 1886//1886
f 1886//1886 2408//2408 2142//2142
f 1883//1883 2140//2140 1984//1984
f 1883//1883 1984//1984 1785//1785
f 1785//1785 1984//1984 1558//1558
f 1558//1558 1984//1984 1822//1822
f 1558//1558 1822//1822 1255//1255
f 1255//1255 1822//1822 1555//1555
f 1884//1884 1786//1786 1559//1559
f 1983//1983 2139//2139 1821//1821
f 1370//1370 1256//1256 1668//1668
f 1668//1668 1256//1256 1556//1556
f 2183//2183 2333//2333 2160//2160
f 2183//2183 2160//2160 1978//1978
f 2183//2183 1978//1978 1646//1646
f 1646//1646 1978//1978 1435//1435
f 2334//2334 2392//2392 2161//2161
f 2162//2162 2393//2393 2205//2205
f 2205//2205 2393//2393 2395//2395
f 2206//2206 2396//2396 2258//2258
f 2206//2206 2258//2258 2065//2065
f 2065//2065 2258//2258 1722//1722
f 2065//2065 1722//1722 1553//1553
f 2163//2163 2207//2207 2066//2066
f 2163//2163 2066//2066 1979//1979
f 1979//1979 2066//2066 1554//1554
f 1979//1979 1554//1554 1478//1478
f 1476//1476 1552//1552 1721//1721
f 1476//1476 1721//1721 1649//1649
f 1977//1977 1475//1475 1434//1434
f 1436//1436 1477//1477 1650//1650
f 1437//1437 1651//1651 1647//1647
f 1550//1550 1603//1603 1512//1512
f 2293//2293 2468//2468 2209//2209
f 2293//2293 2209//2209 1601//1601
f 1601//1601 2209//2209 1480//1480
f 1601//1601 1480//1480 899//899
f 899//899 1480//1480 807//807
f 899//899 807//807 408//408
f 899//899 408//408 383//383
f 383//383 408//408 3159//3159
f 3159//3159 408//408 3161//3161
f 3159//3159 3161//3161 3608//3608
f 3608//3608 3161//3161 3588//3588
f 3608//3608 3588//3588 4100//4100
f 4100//4100 3588//3588 4003//4003
f 806//806 1479//1479 812//812
f 806//806 812//812 407//407
f 812//812 1479//1479 1607//1607
f 1607//1607 1479//1479 2208//2208
f 1607//1607 2208//2208 2361//2361
f 2361//2361 2208//2208 2506//2506
f 2506//2506 2208//2208 2360//2360
f 2360//2360 2208//2208 2225//2225
f 2506//2506 2360//2360 2751//2751
f 2360//2360 2225//2225 2614//2614
f 2360//2360 2614//2614 2751//2751
f 2751//2751 2614//2614 2831//2831
f 2831//2831 2614//2614 2702//2702
f 2831//2831 2702//2702 2820//2820
f 2820//2820 2702//2702 2655//2655
f 2820//2820 2655//2655 2674//2674
f 2674//2674 2655//2655 2492//2492
f 2674//2674 2492//2492 2336//2336
f 2336//2336 2492//2492 2096//2096
f 2336//2336 2096//2096 1606//1606
f 2336//2336 1606//1606 1776//1776
f 1776//1776 1606//1606 920//920
f 1776//1776 920//920 1018//1018
f 920//920 1606//1606 1359//1359
f 920//920 1359//1359 902//902
f 1018//1018 920//920 574//574
f 920//920 902//902 485//485
f 920//920 485//485 574//574
f 574//574 485//485 160//160
f 409//409 814//814 434//434
f 409//409 434//434 3162//3162
f 3162//3162 434//434 3206//3206
f 3162//3162 3206//3206 3589//3589
f 3206//3206 434//434 3121//3121
f 3121//3121 434//434 436//436
f 3206//3206 3121//3121 3562//3562
f 3206//3206 3562//3562 3654//3654
f 3654//3654 3562//3562 3711//3711
f 3587//3587 3205//3205 3652//3652
f 3587//3587 3652//3652 4004//4004
f 4004//4004 3652//3652 4105//4105
f 4004//4004 4105//4105 4818//4818
f 4004//4004 4818//4818 4704//4704
f 4704//4704 4818//4818 5403//5403
f 4704//4704 5403//5403 5109//5109
f 5109//5109 5403//5403 5560//5560
f 5560//5560 5403//5403 5747//5747
f 5560//5560 5747//5747 5729//5729
f 5729//5729 5747//5747 5895//5895
f 5729//5729 5895//5895 5778//5778
f 5778//5778 5895//5895 5913//5913
f 5778//5778 5913//5913 5686//5686
f 5686//5686 5913//5913 5833//5833
f 5686//5686 5833//5833 5581//5581
f 5686//5686 5581//5581 5333//5333
f 5333//5333 5581//5581 5240//5240
f 5240//5240 5581//5581 5442//5442
f 5240//5240 5442//5442 4652//4652
f 435//435 433//433 811//811
f 438//438 815//815 819//819
f 817//817 813//813 1024//1024
f 1024//1024 813//813 1608//1608
f 1024//1024 1608//1608 1612//1612
f 1612//1612 1608//1608 2362//2362
f 1612//1612 2362//2362 2402//2402
f 2402//2402 2362//2362 2509//2509
f 2509//2509 2362//2362 2507//2507
f 2509//2509 2507//2507 2752//2752
f 2509//2509 2752//2752 2754//2754
f 2754//2754 2752//2752 2843//2843
f 2843//2843 2752//2752 2833//2833
f 2843//2843 2833//2833 2874//2874
f 437//437 818//818 764//764
f 437//437 764//764 385//385
f 437//437 385//385 3122//3122
f 3122//3122 385//385 3123//3123
f 3122//3122 3123//3123 3489//3489
f 3122//3122 3489//3489 3563//3563
f 816//816 1023//1023 904//904
f 816//816 904//904 763//763
f 763//763 904//904 600//600
f 600//600 904//904 700//700
f 1025//1025 1613//1613 906//906
f 906//906 1613//1613 1443//1443
f 1443//1443 1613//1613 2403//2403
f 1443//1443 2403//2403 2214//2214
f 386//386 765//765 289//289
f 289//289 765//765 602//602
f 386//386 289//289 3124//3124
f 3124//3124 289//289 3126//3126
f 3124//3124 3126//3126 3360//3360
f 3124//3124 3360//3360 3490//3490
f 905//905 1442//1442 701//701
f 701//701 1442//1442 1082//1082
f 1082//1082 1442//1442 2213//2213
f 1082//1082 2213//2213 1690//1690
f 2401//2401 2508//2508 2212//2212
f 2212//2212 2508//2508 2399//2399
f 2399//2399 2508//2508 2753//2753
f 2399//2399 2753//2753 2656//2656
f 2656//2656 2753//2753 2742//2742
f 2742//2742 2753//2753 2842//2842
f 545//545 601//601 702//702
f 545//545 702//702 656//656
f 599//599 543//543 288//288
f 288//288 543//543 254//254
f 288//288 254//254 3163//3163
f 288//288 3163//3163 3125//3125
f 3125//3125 3163//3163 3337//3337
f 3125//3125 3337//3337 3358//3358
f 655//655 699//699 1081//1081
f 655//655 1081//1081 954//954
f 954//954 1081//1081 1484//1484
f 1484//1484 1081//1081 1689//1689
f 546//546 657//657 618//618
f 618//618 657//657 922//922
f 922//922 657//657 955//955
f 922//922 955//955 1399//1399
f 1399//1399 955//955 1485//1485
f 1399//1399 1485//1485 1580//1580
f 1580//1580 1485//1485 1611//1611
f 1580//1580 1611//1611 1922//1922
f 1580//1580 1922//1922 1916//1916
f 1916//1916 1922//1922 2044//2044
f 1916//1916 2044//2044 2041//2041
f 2041//2041 2044//2044 2068//2068
f 2041//2041 2068//2068 2006//2006
f 2041//2041 2006//2006 1982//1982
f 544//544 616//616 255//255
f 255//255 616//616 252//252
f 255//255 252//252 3164//3164
f 3164//3164 252//252 3207//3207
f 3164//3164 3207//3207 3393//3393
f 3164//3164 3393//3393 3338//3338
f 3338//3338 3393//3393 3536//3536
f 3536//3536 3393//3393 3816//3816
f 3816//3816 3393//3393 3813//3813
f 3816//3816 3813//3813 4073//4073
f 4073//4073 3813//3813 4177//4177
f 4073//4073 4177//4177 4198//4198
f 4198//4198 4177//4177 4461//4461
f 4198//4198 4461//4461 4498//4498
f 253//253 617//617 3208//3208
f 3208//3208 617//617 1398//1398
f 1398//1398 617//617 921//921
f 3394//3394 3208//3208 3814//3814
f 3814//3814 3208//3208 4462//4462
f 3814//3814 4462//4462 4178//4178
f 4462//4462 3208//3208 1398//1398
f 4784//4784 4462//4462 5015//5015
f 5015//5015 4462//4462 4955//4955
f 5015//5015 4955//4955 5079//5079
f 4955//4955 4462//4462 1398//1398
f 1579//1579 1915//1915 1398//1398
f 1398//1398 1915//1915 1980//1980
f 1980//1980 1915//1915 2040//2040
f 1398//1398 1980//1980 735//735
f 1398//1398 735//735 4955//4955
f 735//735 1980//1980 1724//1724
f 735//735 1724//1724 1400//1400
f 735//735 1400//1400 1109//1109
f 4955//4955 735//735 3315//3315
f 3315//3315 735//735 325//325
f 3315//3315 325//325 164//164
f 4955//4955 3315//3315 4009//4009
f 4955//4955 4009//4009 4613//4613
f 4009//4009 3315//3315 3693//3693
f 1483//1483 1688//1688 1610//1610
f 1610//1610 1688//1688 1852//1852
f 1852//1852 1688//1688 2211//2211
f 1852//1852 2211//2211 2398//2398
f 1609//1609 1851//1851 2164//2164
f 1609//1609 2164//2164 1921//1921
f 1921//1921 2164//2164 2043//2043
f 2043//2043 2164//2164 2227//2227
f 2165//2165 1853//1853 2400//2400
f 2165//2165 2400//2400 2657//2657
f 2165//2165 2657//2657 2743//2743
f 2165//2165 2743//2743 2230//2230
f 2229//2229 2741//2741 2759//2759
f 2229//2229 2759//2759 2261//2261
f 2759//2759 2741//2741 2841//2841
f 2759//2759 2841//2841 2873//2873
f 2042//2042 2228//2228 2260//2260
f 2042//2042 2260//2260 2067//2067
f 2069//2069 2263//2263 2232//2232
f 2069//2069 2232//2232 2007//2007
f 2007//2007 2232//2232 1856//1856
f 1856//1856 2232//2232 2048//2048
f 2231//2231 2262//2262 2760//2760
f 2231//2231 2760//2760 2744//2744
f 2231//2231 2744//2744 2660//2660
f 2231//2231 2660//2660 2047//2047
f 1981//1981 2005//2005 1855//1855
f 1981//1981 1855//1855 1725//1725
f 1725//1725 1855//1855 1728//1728
f 1725//1725 1728//1728 1401//1401
f 1401//1401 1728//1728 1441//1441
f 1401//1401 1441//1441 1133//1133
f 1401//1401 1133//1133 1108//1108
f 1108//1108 1133//1133 734//734
f 734//734 1133//1133 992//992
f 734//734 992//992 738//738
f 734//734 738//738 324//324
f 324//324 738//738 459//459
f 324//324 459//459 264//264
f 324//324 264//264 107//107
f 2745//2745 2761//2761 2845//2845
f 2845//2845 2761//2761 2875//2875
f 2745//2745 2845//2845 2758//2758
f 2745//2745 2758//2758 2661//2661
f 2872//2872 2832//2832 2844//2844
f 2844//2844 2832//2832 2821//2821
f 2844//2844 2821//2821 2757//2757
f 2757//2757 2821//2821 2675//2675
f 2757//2757 2675//2675 2719//2719
f 2719//2719 2675//2675 2337//2337
f 2719//2719 2337//2337 2447//2447
f 2756//2756 2720//2720 2658//2658
f 2658//2658 2720//2720 2565//2565
f 2659//2659 2566//2566 2045//2045
f 2045//2045 2566//2566 1955//1955
f 2567//2567 2721//2721 2450//2450
f 2567//2567 2450//2450 2295//2295
f 2295//2295 2450//2450 1918//1918
f 2295//2295 1918//1918 1815//1815
f 2046//2046 1956//1956 1854//1854
f 1854//1854 1956//1956 1726//1726
f 2568//2568 2296//2296 1958//1958
f 1958//1958 2296//2296 1662//1662
f 1662//1662 2296//2296 1817//1817
f 1662//1662 1817//1817 1242//1242
f 1957//1957 1661//1661 1727//1727
f 1727//1727 1661//1661 1440//1440
f 1440//1440 1661//1661 1241//1241
f 1440//1440 1241//1241 1132//1132
f 1240//1240 1816//1816 1614//1614
f 1614//1614 1816//1816 1780//1780
f 1780//1780 1816//1816 1919//1919
f 1240//1240 1614//1614 1135//1135
f 1240//1240 1135//1135 1131//1131
f 1131//1131 1135//1135 991//991
f 993//993 1137//1137 779//779
f 993//993 779//779 739//739
f 739//739 779//779 512//512
f 739//739 512//512 460//460
f 778//778 1136//1136 1615//1615
f 778//778 1615//1615 958//958
f 778//778 958//958 605//605
f 778//778 605//605 511//511
f 1781//1781 1920//1920 1779//1779
f 1781//1781 1779//1779 1019//1019
f 1781//1781 1019//1019 1056//1056
f 1056//1056 1019//1019 575//575
f 1056//1056 575//575 640//640
f 640//640 575//575 491//491
f 491//491 575//575 161//161
f 491//491 161//161 51//51
f 51//51 161//161 3507//3507
f 51//51 3507//3507 3509//3509
f 3509//3509 3507//3507 3900//3900
f 3509//3509 3900//3900 3903//3903
f 1777//1777 1917//1917 2448//2448
f 1616//1616 1782//1782 1057//1057
f 1616//1616 1057//1057 959//959
f 959//959 1057//1057 641//641
f 959//959 641//641 606//606
f 1778//1778 2449//2449 2338//2338
f 604//604 639//639 490//490
f 604//604 490//490 411//411
f 603//603 410//410 510//510
f 510//510 410//410 290//290
f 510//510 290//290 458//458
f 458//458 290//290 262//262
f 292//292 413//413 57//57
f 292//292 57//57 59//59
f 59//59 57//57 3362//3362
f 3362//3362 57//57 3462//3462
f 3362//3362 3462//3462 3836//3836
f 3362//3362 3836//3836 3678//3678
f 263//263 291//291 58//58
f 263//263 58//58 106//106
f 106//106 58//58 3361//3361
f 323//323 106//106 163//163
f 163//163 106//106 3314//3314
f 106//106 3361//3361 3316//3316
f 106//106 3316//3316 3314//3314
f 3316//3316 3361//3361 3632//3632
f 3316//3316 3632//3632 3314//3314
f 3632//3632 3361//3361 3677//3677
f 3314//3314 3632//3632 3692//3692
f 3691//3691 3630//3630 3727//3727
f 3691//3691 3727//3727 4008//4008
f 4008//4008 3727//3727 4027//4027
f 4008//4008 4027//4027 4529//4529
f 4008//4008 4529//4529 4612//4612
f 4612//4612 4529//4529 4623//4623
f 4612//4612 4623//4623 4960//4960
f 4612//4612 4960//4960 4954//4954
f 4954//4954 4960//4960 5078//5078
f 5078//5078 4960//4960 5081//5081
f 5078//5078 5081//5081 5111//5111
f 3728//3728 3631//3631 3776//3776
f 3776//3776 3631//3631 3676//3676
f 3776//3776 3676//3676 3964//3964
f 3964//3964 3676//3676 3834//3834
f 4028//4028 3729//3729 4168//4168
f 4168//4168 3729//3729 3777//3777
f 4028//4028 4168//4168 4530//4530
f 4530//4530 4168//4168 4741//4741
f 4530//4530 4741//4741 4880//4880
f 4530//4530 4880//4880 4624//4624
f 3775//3775 3962//3962 4167//4167
f 4167//4167 3962//3962 4503//4503
f 4167//4167 4503//4503 5267//5267
f 4167//4167 5267//5267 4739//4739
f 3963//3963 3833//3833 4109//4109
f 4109//4109 3833//3833 3901//3901
f 3835//3835 3461//3461 3904//3904
f 3904//3904 3461//3461 3510//3510
f 3510//3510 3461//3461 56//56
f 3510//3510 56//56 52//52
f 52//52 56//56 412//412
f 52//52 412//412 492//492
f 4111//4111 3902//3902 3899//3899
f 4110//4110 3897//3897 4655//4655
f 4655//4655 3897//3897 4653//4653
f 4655//4655 4653//4653 5441//5441
f 4655//4655 5441//5441 5475//5475
f 5475//5475 5441//5441 5580//5580
f 5475//5475 5580//5580 5582//5582
f 5582//5582 5580//5580 5832//5832
f 5582//5582 5832//5832 5834//5834
f 5834//5834 5832//5832 5925//5925
f 5925//5925 5832//5832 5912//5912
f 5925//5925 5912//5912 5956//5956
f 5956//5956 5912//5912 5894//5894
f 5956//5956 5894//5894 5928//5928
f 4112//4112 4656//4656 3965//3965
f 3965//3965 4656//4656 4504//4504
f 4504//4504 4656//4656 5477//5477
f 4504//4504 5477//5477 5270//5270
f 3508//3508 162//162 105//105
f 105//105 162//162 488//488
f 3508//3508 105//105 3460//3460
f 3508//3508 3460//3460 3956//3956
f 104//104 486//486 529//529
f 104//104 529//529 102//102
f 104//104 102//102 3459//3459
f 3459//3459 102//102 3457//3457
f 3459//3459 3457//3457 3950//3950
f 3459//3459 3950//3950 3952//3952
f 3952//3952 3950//3950 4649//4649
f 3952//3952 4649//4649 4610//4610
f 4610//4610 4649//4649 5241//5241
f 5241//5241 4649//4649 5362//5362
f 5241//5241 5362//5362 5523//5523
f 487//487 903//903 1014//1014
f 1014//1014 903//903 1360//1360
f 489//489 1016//1016 531//531
f 531//531 1016//1016 986//986
f 531//531 986//986 507//507
f 507//507 986//986 946//946
f 103//103 530//530 506//506
f 103//103 506//506 101//101
f 103//103 101//101 3458//3458
f 101//101 506//506 484//484
f 484//484 506//506 944//944
f 484//484 944//944 898//898
f 484//484 898//898 356//356
f 356//356 898//898 712//712
f 484//484 356//356 100//100
f 484//484 100//100 101//101
f 100//100 356//356 39//39
f 3443//3443 3458//3458 101//101
f 3443//3443 101//101 100//100
f 3458//3458 3443//3443 3951//3951
f 100//100 39//39 3439//3439
f 100//100 3439//3439 3443//3443
f 3439//3439 39//39 3356//3356
f 3951//3951 3443//3443 3920//3920
f 3920//3920 3443//3443 3439//3439
f 3951//3951 3920//3920 4650//4650
f 3439//3439 3356//3356 3894//3894
f 3439//3439 3894//3894 3920//3920
f 3894//3894 3356//3356 3752//3752
f 4650//4650 3920//3920 4557//4557
f 4557//4557 3920//3920 3894//3894
f 3894//3894 3752//3752 4518//4518
f 3894//3894 4518//4518 4557//4557
f 4518//4518 3752//3752 4131//4131
f 4557//4557 4518//4518 5161//5161
f 4557//4557 5161//5161 5235//5235
f 3506//3506 3955//3955 3898//3898
f 943//943 985//985 980//980
f 980//980 985//985 984//984
f 984//984 985//985 1053//1053
f 1053//1053 985//985 1015//1015
f 1053//1053 1015//1015 1439//1439
f 1439//1439 1015//1015 1521//1521
f 1439//1439 1521//1521 1814//1814
f 1439//1439 1814//1814 1660//1660
f 982//982 1051//1051 947//947
f 983//983 948//948 917//917
f 983//983 917//917 979//979
f 949//949 1052//1052 1295//1295
f 1295//1295 1052//1052 1438//1438
f 1295//1295 1438//1438 1518//1518
f 1518//1518 1438//1438 1659//1659
f 950//950 1296//1296 918//918
f 919//919 1297//1297 1249//1249
f 1249//1249 1297//1297 1519//1519
f 1249//1249 1519//1519 1516//1516
f 916//916 1248//1248 978//978
f 978//978 1248//1248 1394//1394
f 1394//1394 1248//1248 1514//1514
f 1394//1394 1514//1514 1597//1597
f 1520//1520 1013//1013 1358//1358
f 1520//1520 1358//1358 1605//1605
f 1520//1520 1605//1605 1811//1811
f 1811//1811 1605//1605 2185//2185
f 2185//2185 1605//1605 2095//2095
f 2185//2185 2095//2095 2563//2563
f 2563//2563 2095//2095 2491//2491
f 2563//2563 2491//2491 2717//2717
f 2717//2717 2491//2491 2654//2654
f 2717//2717 2654//2654 2749//2749
f 2749//2749 2654//2654 2703//2703
f 2749//2749 2703//2703 2699//2699
f 2699//2699 2703//2703 2613//2613
f 1517//1517 1657//1657 1653//1653
f 1517//1517 1653//1653 1515//1515
f 1515//1515 1653//1653 1598//1598
f 1658//1658 1812//1812 1774//1774
f 1658//1658 1774//1774 1656//1656
f 1654//1654 1773//1773 1683//1683
f 1655//1655 1685//1685 1600//1600
f 1395//1395 1599//1599 1684//1684
f 981//981 1396//1396 1393//1393
f 1393//1393 1396//1396 1687//1687
f 981//981 1393//1393 945//945
f 1642//1642 1975//1975 1388//1388
f 2652//2652 2696//2696 2632//2632
f 2652//2652 2632//2632 2612//2612
f 2633//2633 2698//2698 2736//2736
f 2633//2633 2736//2736 2673//2673
f 2631//2631 2671//2671 2668//2668
f 2631//2631 2668//2668 2610//2610
f 2610//2610 2668//2668 2648//2648
f 2610//2610 2648//2648 2590//2590
f 2670//2670 2672//2672 2734//2734
f 2670//2670 2734//2734 2715//2715
f 2650//2650 2669//2669 2714//2714
f 2650//2650 2714//2714 2694//2694
f 2651//2651 2611//2611 2592//2592
f 2651//2651 2592//2592 2629//2629
f 2649//2649 2693//2693 2591//2591
f 2591//2591 2693//2693 2628//2628
f 2470//2470 2616//2616 2226//2226
f 2470//2470 2226//2226 2210//2210
f 1505//1505 1285//1285 1423//1423
f 1285//1285 1505//1505 1288//1288
f 1288//1288 1505//1505 1543//1543
f 1288//1288 1543//1543 1290//1290
f 1290//1290 1543//1543 1545//1545
f 1424//1424 1286//1286 1236//1236
f 1238//1238 1287//1287 1129//1129
f 1129//1129 1287//1287 1289//1289
f 1238//1238 1129//1129 1043//1043
f 1238//1238 1043//1043 935//935
f 1129//1129 1289//1289 1158//1158
f 1158//1158 1289//1289 1292//1292
f 1425//1425 1237//1237 933//933
f 1425//1425 933//933 1143//1143
f 934//934 1042//1042 1144//1144
f 1144//1144 1042//1042 1208//1208
f 1208//1208 1042//1042 1319//1319
f 1426//1426 1145//1145 1209//1209
f 1426//1426 1209//1209 1320//1320
f 1426//1426 1320//1320 1506//1506
f 1506//1506 1320//1320 1544//1544
f 1544//1544 1320//1320 1547//1547
f 1547//1547 1320//1320 1355//1355
f 1318//1318 1041//1041 1128//1128
f 1318//1318 1128//1128 1157//1157
f 1318//1318 1157//1157 1354//1354
f 1291//1291 1546//1546 1156//1156
f 1156//1156 1546//1546 1353//1353
f 581//581 567//567 307//307
f 581//581 307//307 357//357
f 581//581 357//357 570//570
f 307//307 567//567 244//244
f 244//244 567//567 280//280
f 357//357 307//307 237//237
f 570//570 357//357 338//338
f 338//338 357//357 237//237
f 570//570 338//338 378//378
f 244//244 280//280 207//207
f 207//207 280//280 3101//3101
f 307//307 244//244 218//218
f 307//307 218//218 237//237
f 244//244 207//207 41//41
f 244//244 41//41 218//218
f 207//207 3101//3101 16//16
f 207//207 16//16 41//41
f 16//16 3101//3101 3244//3244
f 3244//3244 3101//3101 3286//3286
f 41//41 16//16 3242//3242
f 3242//3242 16//16 3244//3244
f 218//218 41//41 40//40
f 40//40 41//41 3242//3242
f 218//218 40//40 237//237
f 3244//3244 3286//3286 3293//3293
f 3244//3244 3293//3293 3242//3242
f 3293//3293 3286//3286 3441//3441
f 3242//3242 3293//3293 3284//3284
f 3242//3242 3284//3284 40//40
f 3293//3293 3441//3441 3308//3308
f 3293//3293 3308//3308 3284//3284
f 3308//3308 3441//3441 3381//3381
f 3381//3381 3441//3441 3584//3584
f 3308//3308 3381//3381 3290//3290
f 3308//3308 3290//3290 3284//3284
f 3284//3284 3290//3290 40//40
f 3607//3607 3290//3290 3584//3584
f 3290//3290 3607//3607 3384//3384
f 3290//3290 3384//3384 3285//3285
f 3290//3290 3285//3285 40//40
f 3285//3285 3384//3384 3331//3331
f 3285//3285 3331//3331 3243//3243
f 3285//3285 3243//3243 40//40
f 3243//3243 3331//3331 3294//3294
f 3294//3294 3331//3331 3454//3454
f 3294//3294 3454//3454 3309//3309
f 3294//3294 3309//3309 3245//3245
f 3294//3294 3245//3245 3243//3243
f 3245//3245 3309//3309 158//158
f 40//40 3243//3243 42//42
f 42//42 3243//3243 3245//3245
f 3245//3245 158//158 43//43
f 3245//3245 43//43 42//42
f 43//43 158//158 220//220
f 220//220 158//158 230//230
f 42//42 43//43 219//219
f 42//42 219//219 40//40
f 219//219 43//43 220//220
f 40//40 219//219 238//238
f 40//40 238//238 237//237
f 219//219 220//220 245//245
f 219//219 245//245 238//238
f 245//245 220//220 230//230
f 237//237 238//238 278//278
f 278//278 238//238 245//245
f 237//237 278//278 338//338
f 338//338 278//278 378//378
f 378//378 278//278 245//245
f 378//378 245//245 230//230
f 378//378 230//230 241//241
f 378//378 241//241 380//380
f 582//582 571//571 698//698
f 698//698 571//571 583//583
f 583//583 571//571 379//379
f 583//583 379//379 382//382
f 582//582 698//698 728//728
f 582//582 728//728 569//569
f 569//569 728//728 715//715
f 715//715 728//728 855//855
f 810//810 731//731 855//855
f 810//810 855//855 1055//1055
f 855//855 728//728 901//901
f 855//855 901//901 1055//1055
f 901//901 728//728 698//698
f 1055//1055 901//901 1107//1107
f 1055//1055 1107//1107 1187//1187
f 901//901 698//698 805//805
f 901//901 805//805 1107//1107
f 805//805 698//698 583//583
f 1187//1187 1107//1107 1239//1239
f 1187//1187 1239//1239 1299//1299
f 1107//1107 805//805 1017//1017
f 1107//1107 1017//1017 1239//1239
f 805//805 583//583 677//677
f 805//805 677//677 1017//1017
f 677//677 583//583 382//382
f 677//677 382//382 509//509
f 677//677 509//509 777//777
f 677//677 777//777 1017//1017
f 777//777 509//509 573//573
f 1169//1169 1239//1239 1017//1017
f 1169//1169 1017//1017 777//777
f 777//777 573//573 856//856
f 777//777 856//856 1169//1169
f 856//856 573//573 614//614
f 1239//1239 1169//1169 1397//1397
f 1239//1239 1397//1397 1299//1299
f 1299//1299 1397//1397 1403//1403
f 1397//1397 1169//1169 1250//1250
f 1250//1250 1169//1169 856//856
f 1403//1403 1397//1397 1481//1481
f 1481//1481 1397//1397 1250//1250
f 1403//1403 1481//1481 1523//1523
f 1523//1523 1481//1481 1362//1362
f 952//952 856//856 614//614
f 856//856 952//952 1250//1250
f 952//952 614//614 660//660
f 1481//1481 1250//1250 1323//1323
f 1323//1323 1250//1250 952//952
f 1481//1481 1323//1323 1362//1362
f 1323//1323 952//952 987//987
f 1323//1323 987//987 1362//1362
f 1362//1362 987//987 1021//1021
f 568//568 713//713 281//281
f 1186//1186 1298//1298 1079//1079
f 1079//1079 1298//1298 1130//1130
f 1130//1130 1298//1298 1402//1402
f 1186//1186 1079//1079 951//951
f 1186//1186 951//951 1054//1054
f 1054//1054 951//951 809//809
f 809//809 951//951 679//679
f 809//809 679//679 612//612
f 679//679 951//951 733//733
f 733//733 951//951 1079//1079
f 753//753 1079//1079 1130//1130
f 1079//1079 753//753 733//733
f 340//340 733//733 361//361
f 361//361 733//733 753//753
f 361//361 753//753 364//364
f 364//364 753//753 762//762
f 364//364 762//762 366//366
f 753//753 1130//1130 1149//1149
f 753//753 1149//1149 762//762
f 366//366 762//762 754//754
f 754//754 762//762 1149//1149
f 366//366 754//754 737//737
f 366//366 737//737 342//342
f 1149//1149 1130//1130 1404//1404
f 1404//1404 1130//1130 1402//1402
f 1404//1404 1402//1402 1524//1524
f 1404//1404 1524//1524 1406//1406
f 1149//1149 1404//1404 1134//1134
f 1134//1134 1404//1404 1406//1406
f 1149//1149 1134//1134 754//754
f 1134//1134 1406//1406 1301//1301
f 754//754 1134//1134 1080//1080
f 1080//1080 1134//1134 1301//1301
f 754//754 1080//1080 737//737
f 1080//1080 1301//1301 1189//1189
f 737//737 1080//1080 961//961
f 961//961 1080//1080 1189//1189
f 737//737 961//961 686//686
f 961//961 1189//1189 1059//1059
f 961//961 1059//1059 824//824
f 854//854 730//730 714//714
f 714//714 730//730 610//610
f 714//714 610//610 282//282
f 282//282 610//610 432//432
f 729//729 808//808 611//611
f 729//729 611//611 542//542
f 729//729 542//542 609//609
f 609//609 542//542 431//431
f 431//431 542//542 251//251
f 431//431 251//251 240//240
f 542//542 611//611 283//283
f 542//542 283//283 251//251
f 283//283 611//611 322//322
f 322//322 611//611 678//678
f 251//251 283//283 46//46
f 322//322 678//678 339//339
f 339//339 678//678 732//732
f 283//283 322//322 47//47
f 283//283 47//47 46//46
f 322//322 339//339 48//48
f 322//322 48//48 47//47
f 48//48 339//339 49//49
f 49//49 339//339 360//360
f 49//49 360//360 362//362
f 49//49 362//362 53//53
f 48//48 49//49 3334//3334
f 48//48 3334//3334 3332//3332
f 48//48 3332//3332 47//47
f 47//47 3332//3332 3312//3312
f 47//47 3312//3312 46//46
f 46//46 3312//3312 3305//3305
f 3305//3305 3312//3312 3663//3663
f 3305//3305 3663//3663 3611//3611
f 46//46 3305//3305 18//18
f 46//46 18//18 251//251
f 251//251 18//18 240//240
f 3305//3305 3611//3611 3301//3301
f 3305//3305 3301//3301 18//18
f 3301//3301 3611//3611 3535//3535
f 240//240 18//18 17//17
f 17//17 18//18 3301//3301
f 240//240 17//17 3103//3103
f 3103//3103 17//17 3287//3287
f 17//17 3301//3301 3295//3295
f 17//17 3295//3295 3287//3287
f 3295//3295 3301//3301 3535//3535
f 3287//3287 3295//3295 3442//3442
f 3295//3295 3535//3535 3416//3416
f 3295//3295 3416//3416 3442//3442
f 430//430 239//239 3102//3102
f 429//429 3100//3100 279//279
f 3665//3665 3313//3313 3690//3690
f 3690//3690 3313//3313 3333//3333
f 3665//3665 3690//3690 3939//3939
f 3665//3665 3939//3939 3885//3885
f 3690//3690 3333//3333 3725//3725
f 3939//3939 3690//3690 4010//4010
f 4010//4010 3690//3690 3725//3725
f 3939//3939 4010//4010 4302//4302
f 3939//3939 4302//4302 4242//4242
f 3725//3725 3333//3333 3335//3335
f 4302//4302 4010//4010 4306//4306
f 4302//4302 4306//4306 4467//4467
f 4010//4010 3725//3725 4011//4011
f 4010//4010 4011//4011 4306//4306
f 3725//3725 3335//3335 3726//3726
f 3725//3725 3726//3726 4011//4011
f 4306//4306 4011//4011 3941//3941
f 4306//4306 3941//3941 4244//4244
f 3941//3941 4011//4011 3694//3694
f 3694//3694 4011//4011 3726//3726
f 3941//3941 3694//3694 3887//3887
f 3726//3726 3335//3335 3336//3336
f 3887//3887 3694//3694 3666//3666
f 3887//3887 3666//3666 3819//3819
f 3819//3819 3666//3666 3634//3634
f 3666//3666 3694//3694 3317//3317
f 3317//3317 3694//3694 3342//3342
f 3342//3342 3694//3694 3726//3726
f 3342//3342 3726//3726 3340//3340
f 3340//3340 3726//3726 3336//3336
f 54//54 3336//3336 3335//3335
f 3336//3336 54//54 3340//3340
f 54//54 3335//3335 50//50
f 3340//3340 54//54 60//60
f 3613//3613 3664//3664 3884//3884
f 3882//3882 3938//3938 4241//4241
f 3882//3882 4241//4241 4164//4164
f 4301//4301 4464//4464 4241//4241
f 4241//4241 4464//4464 4364//4364
f 4241//4241 4364//4364 4164//4164
f 4364//4364 4464//4464 4400//4400
f 3882//3882 4164//4164 3811//3811
f 4164//4164 4364//4364 4261//4261
f 4261//4261 4364//4364 4337//4337
f 4261//4261 4337//4337 4226//4226
f 4164//4164 4261//4261 4007//4007
f 4164//4164 4007//4007 3811//3811
f 4261//4261 4226//4226 4136//4136
f 4261//4261 4136//4136 4007//4007
f 4136//4136 4226//4226 4072//4072
f 4072//4072 4226//4226 3957//3957
f 4072//4072 3957//3957 3859//3859
f 3534//3534 3610//3610 3811//3811
f 3534//3534 3811//3811 3722//3722
f 3722//3722 3811//3811 4007//4007
f 3534//3534 3722//3722 3415//3415
f 4072//4072 3859//3859 3881//3881
f 3881//3881 3859//3859 3765//3765
f 3722//3722 4007//4007 3837//3837
f 3837//3837 4007//4007 4136//4136
f 3415//3415 3722//3722 3721//3721
f 3721//3721 3722//3722 3837//3837
f 3415//3415 3721//3721 3440//3440
f 3440//3440 3721//3721 3582//3582
f 3582//3582 3721//3721 3606//3606
f 3837//3837 4136//4136 3895//3895
f 3895//3895 4136//4136 4072//4072
f 3837//3837 3895//3895 3721//3721
f 3895//3895 4072//4072 3881//3881
f 3606//3606 3721//3721 3764//3764
f 3764//3764 3721//3721 3895//3895
f 3764//3764 3895//3895 3881//3881
f 3764//3764 3881//3881 3753//3753
f 3753//3753 3881//3881 3765//3765
f 3753//3753 3765//3765 3660//3660
f 3764//3764 3753//3753 3383//3383
f 3753//3753 3660//3660 3453//3453
f 3753//3753 3453//3453 3383//3383
f 3383//3383 3453//3453 3330//3330
f 61//61 55//55 363//363
f 61//61 363//363 365//365
f 61//61 365//365 341//341
f 61//61 341//341 62//62
f 61//61 62//62 3341//3341
f 3341//3341 62//62 3343//3343
f 3343//3343 62//62 63//63
f 3343//3343 63//63 3318//3318
f 62//62 341//341 326//326
f 62//62 326//326 63//63
f 326//326 341//341 685//685
f 685//685 341//341 736//736
f 326//326 685//685 645//645
f 63//63 326//326 293//293
f 293//293 326//326 645//645
f 64//64 3318//3318 63//63
f 64//64 63//63 293//293
f 3318//3318 64//64 3306//3306
f 3318//3318 3306//3306 3667//3667
f 3667//3667 3306//3306 3635//3635
f 823//823 741//741 645//645
f 645//645 741//741 547//547
f 645//645 547//547 293//293
f 547//547 741//741 621//621
f 547//547 621//621 440//440
f 293//293 547//547 256//256
f 256//256 547//547 440//440
f 293//293 256//256 64//64
f 256//256 440//440 246//246
f 246//246 440//440 328//328
f 246//246 328//328 233//233
f 64//64 256//256 23//23
f 23//23 256//256 246//246
f 64//64 23//23 3306//3306
f 246//246 233//233 24//24
f 246//246 24//24 23//23
f 24//24 233//233 69//69
f 3306//3306 23//23 3303//3303
f 3303//3303 23//23 24//24
f 3306//3306 3303//3303 3635//3635
f 3635//3635 3303//3303 3540//3540
f 3303//3303 24//24 3297//3297
f 3297//3297 24//24 69//69
f 3303//3303 3297//3297 3540//3540
f 3297//3297 69//69 3274//3274
f 3540//3540 3297//3297 3418//3418
f 3418//3418 3297//3297 3274//3274
f 3418//3418 3274//3274 3322//3322
f 1405//1405 1522//1522 1482//1482
f 1482//1482 1522//1522 1361//1361
f 1405//1405 1482//1482 1407//1407
f 1405//1405 1407//1407 1300//1300
f 1482//1482 1361//1361 1324//1324
f 1324//1324 1361//1361 989//989
f 989//989 1361//1361 1020//1020
f 1324//1324 989//989 956//956
f 1482//1482 1324//1324 1251//1251
f 1251//1251 1324//1324 956//956
f 1482//1482 1251//1251 1407//1407
f 1251//1251 956//956 857//857
f 857//857 956//956 642//642
f 857//857 642//642 585//585
f 1251//1251 857//857 1170//1170
f 1251//1251 1170//1170 1407//1407
f 857//857 585//585 780//780
f 857//857 780//780 1170//1170
f 780//780 585//585 514//514
f 1407//1407 1170//1170 1243//1243
f 1407//1407 1243//1243 1300//1300
f 1300//1300 1243//1243 1188//1188
f 1243//1243 1170//1170 1026//1026
f 1026//1026 1170//1170 780//780
f 1188//1188 1243//1243 1110//1110
f 1110//1110 1243//1243 1026//1026
f 1188//1188 1110//1110 1058//1058
f 687//687 780//780 514//514
f 780//780 687//687 1026//1026
f 687//687 514//514 415//415
f 687//687 415//415 587//587
f 1026//1026 687//687 825//825
f 825//825 687//687 587//587
f 1026//1026 825//825 1110//1110
f 825//825 587//587 703//703
f 703//703 587//587 441//441
f 703//703 441//441 549//549
f 1110//1110 825//825 907//907
f 907//907 825//825 703//703
f 1110//1110 907//907 1058//1058
f 703//703 549//549 742//742
f 703//703 742//742 907//907
f 742//742 549//549 589//589
f 742//742 589//589 716//716
f 907//907 742//742 858//858
f 907//907 858//858 1058//1058
f 858//858 742//742 716//716
f 1058//1058 858//858 821//821
f 821//821 858//858 740//740
f 740//740 858//858 716//716
f 740//740 716//716 619//619
f 684//684 960//960 822//822
f 683//683 820//820 644//644
f 643//643 957//957 662//662
f 662//662 957//957 990//990
f 586//586 643//643 295//295
f 295//295 643//643 313//313
f 313//313 643//643 662//662
f 313//313 662//662 311//311
f 313//313 311//311 22//22
f 22//22 311//311 3112//3112
f 311//311 662//662 682//682
f 682//682 662//662 990//990
f 3112//3112 311//311 310//310
f 310//310 311//311 682//682
f 3112//3112 310//310 3110//3110
f 682//682 990//990 681//681
f 681//681 990//990 1022//1022
f 681//681 1022//1022 988//988
f 682//682 681//681 309//309
f 682//682 309//309 310//310
f 681//681 988//988 680//680
f 681//681 680//680 309//309
f 680//680 988//988 661//661
f 661//661 988//988 953//953
f 680//680 661//661 287//287
f 287//287 661//661 285//285
f 285//285 661//661 615//615
f 285//285 615//615 261//261
f 680//680 287//287 308//308
f 680//680 308//308 309//309
f 308//308 287//287 3105//3105
f 308//308 3105//3105 3107//3107
f 309//309 308//308 3108//3108
f 3108//3108 308//308 3107//3107
f 309//309 3108//3108 310//310
f 310//310 3108//3108 3110//3110
f 3108//3108 3107//3107 3399//3399
f 3108//3108 3399//3399 3110//3110
f 3399//3399 3107//3107 3397//3397
f 3110//3110 3399//3399 3402//3402
f 584//584 294//294 257//257
f 584//584 257//257 513//513
f 513//513 257//257 247//247
f 513//513 247//247 414//414
f 257//257 294//294 66//66
f 247//247 257//257 67//67
f 67//67 257//257 66//66
f 247//247 67//67 70//70
f 247//247 70//70 234//234
f 70//70 67//67 3275//3275
f 3275//3275 67//67 3298//3298
f 3298//3298 67//67 66//66
f 3275//3275 3298//3298 3344//3344
f 65//65 66//66 294//294
f 65//65 294//294 312//312
f 65//65 312//312 21//21
f 66//66 65//65 3304//3304
f 66//66 3304//3304 3298//3298
f 3344//3344 3298//3298 3463//3463
f 3463//3463 3298//3298 3304//3304
f 3344//3344 3463//3463 3491//3491
f 3491//3491 3463//3463 3668//3668
f 3668//3668 3463//3463 3593//3593
f 3593//3593 3463//3463 3304//3304
f 3668//3668 3593//3593 3778//3778
f 3319//3319 3304//3304 65//65
f 3304//3304 3319//3319 3593//3593
f 3319//3319 65//65 21//21
f 3778//3778 3593//3593 3683//3683
f 3683//3683 3593//3593 3319//3319
f 3778//3778 3683//3683 3861//3861
f 3319//3319 21//21 3363//3363
f 3319//3319 3363//3363 3683//3683
f 3363//3363 21//21 3111//3111
f 3861//3861 3683//3683 3730//3730
f 3730//3730 3683//3683 3363//3363
f 3861//3861 3730//3730 3966//3966
f 3363//3363 3111//3111 3386//3386
f 3363//3363 3386//3386 3730//3730
f 3386//3386 3111//3111 3109//3109
f 3730//3730 3386//3386 3771//3771
f 3386//3386 3109//3109 3400//3400
f 3386//3386 3400//3400 3771//3771
f 3771//3771 3400//3400 3800//3800
f 248//248 235//235 416//416
f 416//416 235//235 314//314
f 416//416 314//314 588//588
f 588//588 314//314 442//442
f 314//314 235//235 208//208
f 442//442 314//314 243//243
f 243//243 314//314 208//208
f 442//442 243//243 265//265
f 442//442 265//265 550//550
f 265//265 243//243 228//228
f 550//550 265//265 343//343
f 343//343 265//265 228//228
f 550//550 343//343 590//590
f 73//73 208//208 235//235
f 73//73 235//235 71//71
f 76//76 243//243 208//208
f 76//76 208//208 73//73
f 243//243 76//76 228//228
f 590//590 343//343 367//367
f 367//367 343//343 228//228
f 73//73 71//71 3247//3247
f 3247//3247 71//71 3276//3276
f 76//76 73//73 3248//3248
f 3248//3248 73//73 3247//3247
f 3247//3247 3276//3276 3300//3300
f 3247//3247 3300//3300 3248//3248
f 3300//3300 3276//3276 3345//3345
f 74//74 228//228 76//76
f 74//74 76//76 3248//3248
f 3248//3248 3300//3300 3288//3288
f 3248//3248 3288//3288 74//74
f 3300//3300 3345//3345 3323//3323
f 3300//3300 3323//3323 3288//3288
f 3323//3323 3345//3345 3493//3493
f 3323//3323 3493//3493 3388//3388
f 3323//3323 3388//3388 3288//3288
f 3388//3388 3493//3493 3597//3597
f 3288//3288 3388//3388 3277//3277
f 3288//3288 3277//3277 74//74
f 3388//3388 3597//3597 3387//3387
f 3388//3388 3387//3387 3277//3277
f 3387//3387 3597//3597 3615//3615
f 3387//3387 3615//3615 3364//3364
f 3387//3387 3364//3364 3277//3277
f 3364//3364 3615//3615 3595//3595
f 3277//3277 3364//3364 3229//3229
f 3277//3277 3229//3229 74//74
f 3364//3364 3595//3595 3307//3307
f 3364//3364 3307//3307 3229//3229
f 3307//3307 3595//3595 3465//3465
f 3307//3307 3465//3465 3299//3299
f 3307//3307 3299//3299 3229//3229
f 3299//3299 3465//3465 3321//3321
f 74//74 3229//3229 75//75
f 75//75 3229//3229 3299//3299
f 3299//3299 3321//3321 3246//3246
f 3299//3299 3246//3246 75//75
f 3246//3246 3321//3321 3273//3273
f 3246//3246 3273//3273 72//72
f 3246//3246 72//72 75//75
f 72//72 3273//3273 68//68
f 74//74 75//75 222//222
f 222//222 75//75 72//72
f 72//72 68//68 221//221
f 72//72 221//221 222//222
f 221//221 68//68 232//232
f 221//221 232//232 249//249
f 221//221 249//249 222//222
f 249//249 232//232 327//327
f 74//74 222//222 236//236
f 74//74 236//236 228//228
f 222//222 249//249 296//296
f 296//296 249//249 327//327
f 222//222 296//296 236//236
f 228//228 236//236 367//367
f 367//367 236//236 296//296
f 296//296 327//327 461//461
f 296//296 461//461 367//367
f 461//461 327//327 439//439
f 461//461 439//439 620//620
f 367//367 461//461 548//548
f 548//548 461//461 620//620
f 367//367 548//548 590//590
f 548//548 620//620 717//717
f 548//548 717//717 590//590
f 3596//3596 3492//3492 3669//3669
f 3596//3596 3669//3669 3754//3754
f 3754//3754 3669//3669 3779//3779
f 3596//3596 3754//3754 3614//3614
f 3754//3754 3779//3779 3888//3888
f 3888//3888 3779//3779 3862//3862
f 3614//3614 3754//3754 3780//3780
f 3780//3780 3754//3754 3888//3888
f 3614//3614 3780//3780 3594//3594
f 3888//3888 3862//3862 4075//4075
f 4075//4075 3862//3862 3969//3969
f 4075//4075 3969//3969 4228//4228
f 3888//3888 4075//4075 3905//3905
f 3888//3888 3905//3905 3780//3780
f 3594//3594 3780//3780 3733//3733
f 3733//3733 3780//3780 3905//3905
f 3594//3594 3733//3733 3464//3464
f 4075//4075 4228//4228 4139//4139
f 4075//4075 4139//4139 3905//3905
f 3733//3733 3905//3905 3840//3840
f 3840//3840 3905//3905 4139//4139
f 3464//3464 3733//3733 3636//3636
f 3636//3636 3733//3733 3840//3840
f 3464//3464 3636//3636 3320//3320
f 3320//3320 3636//3636 3417//3417
f 3417//3417 3636//3636 3732//3732
f 3732//3732 3636//3636 3840//3840
f 3417//3417 3732//3732 3539//3539
f 3840//3840 4139//4139 4012//4012
f 3840//3840 4012//4012 3732//3732
f 4262//4262 4139//4139 4228//4228
f 4139//4139 4262//4262 4012//4012
f 4262//4262 4228//4228 4339//4339
f 3539//3539 3732//3732 3818//3818
f 3818//3818 3732//3732 4012//4012
f 3539//3539 3818//3818 3633//3633
f 4262//4262 4339//4339 4366//4366
f 4012//4012 4262//4262 4169//4169
f 4012//4012 4169//4169 3818//3818
f 4169//4169 4262//4262 4366//4366
f 3818//3818 4169//4169 3886//3886
f 3886//3886 4169//4169 4243//4243
f 4243//4243 4169//4169 4366//4366
f 3886//3886 4243//4243 3940//3940
f 4243//4243 4366//4366 4468//4468
f 4468//4468 4366//4366 4402//4402
f 4243//4243 4468//4468 4303//4303
f 3967//3967 3731//3731 3772//3772
f 3401//3401 3398//3398 3815//3815
f 3401//3401 3815//3815 3801//3801
f 3815//3815 3398//3398 3799//3799
f 3799//3799 3398//3398 3396//3396
f 3801//3801 3815//3815 4179//4179
f 4179//4179 3815//3815 3799//3799
f 3801//3801 4179//4179 4166//4166
f 3774//3774 3801//3801 4114//4114
f 4114//4114 3801//3801 4166//4166
f 3970//3970 4114//4114 4229//4229
f 4229//4229 4114//4114 4340//4340
f 4340//4340 4114//4114 4166//4166
f 4340//4340 4166//4166 4403//4403
f 4340//4340 4403//4403 4367//4367
f 4430//4430 4166//4166 4179//4179
f 4166//4166 4430//4430 4403//4403
f 4403//4403 4430//4430 4502//4502
f 4403//4403 4502//4502 4470//4470
f 4430//4430 4179//4179 4165//4165
f 4165//4165 4179//4179 3799//3799
f 4502//4502 4430//4430 4401//4401
f 4401//4401 4430//4430 4165//4165
f 4502//4502 4401//4401 4466//4466
f 4401//4401 4165//4165 4338//4338
f 4401//4401 4338//4338 4365//4365
f 4165//4165 3799//3799 4108//4108
f 4165//4165 4108//4108 4338//4338
f 4108//4108 3799//3799 3770//3770
f 4338//4338 4108//4108 4227//4227
f 4227//4227 4108//4108 3961//3961
f 3773//3773 4113//4113 3968//3968
f 4305//4305 4469//4469 4501//4501
f 4304//4304 4500//4500 4465//4465
f 3380//3380 3583//3583 3289//3289
f 3812//3812 3612//3612 3883//3883
f 4107//4107 3767//3767 3958//3958
f 3769//3769 3798//3798 3395//3395
f 3769//3769 3395//3395 3385//3385
f 3385//3385 3395//3395 3106//3106
f 3385//3385 3106//3106 3104//3104
f 3769//3769 3385//3385 3724//3724
f 3385//3385 3104//3104 3357//3357
f 3385//3385 3357//3357 3724//3724
f 3357//3357 3104//3104 20//20
f 20//20 3104//3104 286//286
f 20//20 286//286 284//284
f 20//20 284//284 19//19
f 3357//3357 20//20 3311//3311
f 3311//3311 20//20 19//19
f 19//19 284//284 260//260
f 3357//3357 3311//3311 3662//3662
f 3357//3357 3662//3662 3724//3724
f 3724//3724 3662//3662 3860//3860
f 3724//3724 3860//3860 3960//3960
f 3860//3860 3662//3662 3766//3766
f 3766//3766 3662//3662 3586//3586
f 3586//3586 3662//3662 3311//3311
f 3766//3766 3586//3586 3661//3661
f 3302//3302 3311//3311 19//19
f 3311//3311 3302//3302 3586//3586
f 3661//3661 3586//3586 3456//3456
f 3456//3456 3586//3586 3302//3302
f 3661//3661 3456//3456 3310//3310
f 3661//3661 3310//3310 3455//3455
f 3310//3310 3456//3456 159//159
f 3302//3302 19//19 45//45
f 3456//3456 3302//3302 3296//3296
f 3456//3456 3296//3296 159//159
f 3296//3296 3302//3302 45//45
f 45//45 19//19 260//260
f 159//159 3296//3296 44//44
f 44//44 3296//3296 45//45
f 159//159 44//44 231//231
f 231//231 44//44 242//242
f 44//44 45//45 250//250
f 44//44 250//250 242//242
f 250//250 45//45 260//260
f 242//242 250//250 508//508
f 242//242 508//508 381//381
f 508//508 250//250 572//572
f 572//572 250//250 260//260
f 572//572 260//260 613//613
f 3959//3959 3768//3768 3723//3723
f 3605//3605 3763//3763 3382//3382
f 3359//3359 3339//3339 3537//3537
f 3359//3359 3537//3537 3591//3591
f 3359//3359 3591//3591 3488//3488
f 3488//3488 3591//3591 3681//3681
f 3592//3592 3538//3538 3817//3817
f 3592//3592 3817//3817 3839//3839
f 3839//3839 3817//3817 4203//4203
f 4203//4203 3817//3817 4074//4074
f 4203//4203 4074//4074 4200//4200
f 4203//4203 4200//4200 4310//4310
f 3838//3838 4202//4202 4658//4658
f 3838//3838 4658//4658 4029//4029
f 3838//3838 4029//4029 3680//3680
f 3838//3838 3680//3680 3590//3590
f 4201//4201 4307//4307 4657//4657
f 4657//4657 4307//4307 4857//4857
f 4657//4657 4857//4857 4956//4956
f 4657//4657 4956//4956 4820//4820
f 4309//4309 4199//4199 4499//4499
f 4309//4309 4499//4499 4707//4707
f 4707//4707 4499//4499 4787//4787
f 4707//4707 4787//4787 4994//4994
f 4787//4787 4499//4499 4463//4463
f 4787//4787 4463//4463 4785//4785
f 4787//4787 4785//4785 4882//4882
f 4882//4882 4785//4785 5044//5044
f 5044//5044 4785//4785 5016//5016
f 4882//4882 5044//5044 5087//5087
f 5044//5044 5016//5016 5080//5080
f 5087//5087 5044//5044 5294//5294
f 5044//5044 5080//5080 5112//5112
f 5294//5294 5044//5044 5337//5337
f 5337//5337 5044//5044 5112//5112
f 3487//3487 3679//3679 3561//3561
f 3561//3561 3679//3679 3709//3709
f 3712//3712 3682//3682 4030//4030
f 3712//3712 4030//4030 4138//4138
f 4138//4138 4030//4030 4822//4822
f 4822//4822 4030//4030 4659//4659
f 3710//3710 4137//4137 3653//3653
f 3653//3653 4137//4137 4106//4106
f 4106//4106 4137//4137 4821//4821
f 4106//4106 4821//4821 4819//4819
f 4819//4819 4821//4821 4957//4957
f 4819//4819 4957//4957 5443//5443
f 4819//4819 5443//5443 5404//5404
f 5404//5404 5443//5443 5800//5800
f 5404//5404 5800//5800 5749//5749
f 5749//5749 5800//5800 5838//5838
f 5444//5444 4958//4958 4859//4859
f 5444//5444 4859//4859 5266//5266
f 5444//5444 5266//5266 5639//5639
f 5444//5444 5639//5639 5801//5801
f 4858//4858 4308//4308 4706//4706
f 4858//4858 4706//4706 5265//5265
f 5265//5265 4706//4706 4991//4991
f 5265//5265 4991//4991 5638//5638
f 4992//4992 4786//4786 5085//5085
f 5085//5085 4786//4786 4881//4881
f 4993//4993 5086//5086 5640//5640
f 5640//5640 5086//5086 5734//5734
f 5640//5640 5734//5734 5802//5802
f 5802//5802 5734//5734 5839//5839
f 5113//5113 5082//5082 5336//5336
f 5336//5336 5082//5082 5292//5292
f 5336//5336 5292//5292 5844//5844
f 5844//5844 5292//5292 5819//5819
f 5291//5291 5083//5083 4961//4961
f 5291//5291 4961//4961 5224//5224
f 5335//5335 5842//5842 5293//5293
f 5293//5293 5842//5842 5821//5821
f 5293//5293 5821//5821 5733//5733
f 5293//5293 5733//5733 5084//5084
f 5735//5735 5822//5822 5841//5841
f 5841//5841 5822//5822 5931//5931
f 5931//5931 5822//5822 5845//5845
f 5931//5931 5845//5845 5958//5958
f 5840//5840 5930//5930 5750//5750
f 5748//5748 5929//5929 5896//5896
f 5957//5957 5843//5843 5926//5926
f 5926//5926 5843//5843 5818//5818
f 5730//5730 5779//5779 5831//5831
f 5831//5831 5779//5779 5777//5777
f 5777//5777 5779//5779 5689//5689
f 5730//5730 5831//5831 5799//5799
f 5730//5730 5799//5799 5561//5561
f 5561//5561 5799//5799 5637//5637
f 5561//5561 5637//5637 5110//5110
f 5110//5110 5637//5637 5239//5239
f 5110//5110 5239//5239 4705//4705
f 4705//4705 5239//5239 4856//4856
f 4705//4705 4856//4856 4564//4564
f 4705//4705 4564//4564 4460//4460
f 5636//5636 5798//5798 5728//5728
f 5728//5728 5798//5798 5774//5774
f 5774//5774 5798//5798 5811//5811
f 5636//5636 5728//5728 5559//5559
f 5811//5811 5798//5798 5830//5830
f 5636//5636 5559//5559 5238//5238
f 5811//5811 5830//5830 5796//5796
f 5238//5238 5559//5559 5108//5108
f 5796//5796 5830//5830 5739//5739
f 5796//5796 5739//5739 5770//5770
f 5559//5559 5728//5728 5701//5701
f 5770//5770 5739//5739 5701//5701
f 5739//5739 5830//5830 5660//5660
f 5660//5660 5830//5830 5775//5775
f 5739//5739 5660//5660 5628//5628
f 5628//5628 5660//5660 5400//5400
f 5701//5701 5739//5739 5699//5699
f 5699//5699 5739//5739 5628//5628
f 5628//5628 5400//5400 5329//5329
f 5628//5628 5329//5329 5075//5075
f 5075//5075 5329//5329 4685//4685
f 5628//5628 5075//5075 5191//5191
f 5628//5628 5191//5191 5699//5699
f 5701//5701 5699//5699 5635//5635
f 5635//5635 5699//5699 5191//5191
f 5701//5701 5635//5635 5559//5559
f 5635//5635 5191//5191 5073//5073
f 5559//5559 5635//5635 5522//5522
f 5522//5522 5635//5635 5073//5073
f 5559//5559 5522//5522 5108//5108
f 5522//5522 5073//5073 4929//4929
f 5108//5108 5522//5522 5043//5043
f 5043//5043 5522//5522 4929//4929
f 5108//5108 5043//5043 4778//4778
f 5043//5043 4929//4929 4514//4514
f 5043//5043 4514//4514 4730//4730
f 5043//5043 4730//4730 4778//4778
f 4730//4730 4514//4514 4260//4260
f 4778//4778 4730//4730 4424//4424
f 4424//4424 4730//4730 4260//4260
f 4424//4424 4260//4260 4057//4057
f 4778//4778 4424//4424 4455//4455
f 4455//4455 4424//4424 4021//4021
f 4021//4021 4424//4424 3946//3946
f 4703//4703 4458//4458 4002//4002
f 4005//4005 4459//4459 4563//4563
f 4006//4006 4565//4565 4104//4104
f 4101//4101 4562//4562 4525//4525
f 4525//4525 4562//4562 4738//4738
f 4738//4738 4562//4562 4854//4854
f 4815//4815 4853//4853 5237//5237
f 4815//4815 5237//5237 5107//5107
f 4815//4815 5107//5107 4776//4776
f 4855//4855 4817//4817 4737//4737
f 4737//4737 4817//4817 4734//4734
f 4816//4816 4775//4775 4731//4731
f 4736//4736 4732//4732 4605//4605
f 4605//4605 4732//4732 4560//4560
f 4560//4560 4732//4732 4696//4696
f 4735//4735 4604//4604 4524//4524
f 4524//4524 4604//4604 4399//4399
f 4524//4524 4399//4399 4024//4024
f 4524//4524 4024//4024 4133//4133
f 4733//4733 4779//4779 4697//4697
f 4561//4561 4698//4698 4457//4457
f 4561//4561 4457//4457 4363//4363
f 4363//4363 4457//4457 4063//4063
f 4363//4363 4063//4063 4001//4001
f 4456//4456 4695//4695 4777//4777
f 4456//4456 4777//4777 4454//4454
f 4456//4456 4454//4454 4062//4062
f 4062//4062 4454//4454 4020//4020
f 4603//4603 4559//4559 4398//4398
f 4398//4398 4559//4559 4362//4362
f 4398//4398 4362//4362 4023//4023
f 4023//4023 4362//4362 3999//3999
f 4526//4526 4135//4135 4103//4103
f 4103//4103 4135//4135 4071//4071
f 4026//4026 4000//4000 4065//4065
f 4065//4065 4000//4000 4060//4060
f 4065//4065 4060//4060 4067//4067
f 4025//4025 4064//4064 4132//4132
f 4069//4069 4134//4134 4066//4066
f 4068//4068 4061//4061 4019//4019
f 3948//3948 4425//4425 3759//3759
f 3797//3797 3949//3949 3762//3762
f 3760//3760 4426//4426 4058//4058
f 4056//4056 4259//4259 4299//4299
f 4056//4056 4299//4299 4094//4094
f 4299//4299 4259//4259 4553//4553
f 4553//4553 4259//4259 4513//4513
f 4553//4553 4513//4513 4928//4928
f 4553//4553 4928//4928 4988//4988
f 4988//4988 4928//4928 5072//5072
f 4988//4988 5072//5072 5187//5187
f 5187//5187 5072//5072 5231//5231
f 5231//5231 5072//5072 5190//5190
f 5231//5231 5190//5190 5074//5074
f 5231//5231 5074//5074 5157//5157
f 5157//5157 5074//5074 4772//4772
f 4772//4772 5074//5074 4686//4686
f 4554//4554 4990//4990 4595//4595
f 4595//4595 4990//4990 4953//4953
f 4554//4554 4595//4595 4300//4300
f 4300//4300 4595//4595 4273//4273
f 4300//4300 4273//4273 4096//4096
f 4096//4096 4273//4273 4055//4055
f 4096//4096 4055//4055 3810//3810
f 3810//3810 4055//4055 3808//3808
f 3810//3810 3808//3808 3433//3433
f 3810//3810 3433//3433 3436//3436
f 4989//4989 5189//5189 4952//4952
f 4952//4952 5189//5189 5154//5154
f 5154//5154 5189//5189 5230//5230
f 4952//4952 5154//5154 4852//4852
f 4852//4852 5154//5154 4813//4813
f 4952//4952 4852//4852 4449//4449
f 4952//4952 4449//4449 4594//4594
f 4594//4594 4449//4449 4240//4240
f 4594//4594 4240//4240 4272//4272
f 4272//4272 4240//4240 3996//3996
f 4272//4272 3996//3996 4054//4054
f 4054//4054 3996//3996 3758//3758
f 5229//5229 5188//5188 5232//5232
f 5229//5229 5232//5232 5156//5156
f 5156//5156 5232//5232 5158//5158
f 5156//5156 5158//5158 4774//4774
f 5156//5156 4774//4774 4771//4771
f 4771//4771 4774//4774 4552//4552
f 4552//4552 4774//4774 4599//4599
f 4552//4552 4599//4599 4163//4163
f 4163//4163 4599//4599 4176//4176
f 4163//4163 4176//4176 3747//3747
f 3747//3747 4176//4176 3750//3750
f 4812//4812 5153//5153 5228//5228
f 5227//5227 5155//5155 4925//4925
f 5227//5227 4925//4925 4810//4810
f 4925//4925 5155//5155 4986//4986
f 4986//4986 5155//5155 4770//4770
f 4986//4986 4770//4770 4547//4547
f 4684//4684 4814//4814 4951//4951
f 4684//4684 4951//4951 4850//4850
f 4951//4951 4814//4814 5009//5009
f 5009//5009 4814//4814 4927//4927
f 4149//4149 3842//3842 3928//3928
f 3928//3928 3842//3842 3921//3921
f 3928//3928 3921//3921 4031//4031
f 3928//3928 4031//4031 4141//4141
f 4141//4141 4031//4031 4180//4180
f 4148//4148 3926//3926 4117//4117
f 4146//4146 4115//4115 4311//4311
f 4311//4311 4115//4115 4281//4281
f 4313//4313 4283//4283 4350//4350
f 3923//3923 3843//3843 3825//3825
f 3825//3825 3843//3843 3789//3789
f 4032//4032 3922//3922 3824//3824
f 4032//4032 3824//3824 3865//3865
f 4032//4032 3865//3865 4181//4181
f 4181//4181 3865//3865 3943//3943
f 4181//4181 3943//3943 4432//4432
f 4432//4432 3943//3943 4212//4212
f 4181//4181 4432//4432 4407//4407
f 4181//4181 4407//4407 4142//4142
f 3823//3823 3788//3788 3864//3864
f 3867//3867 3788//3788 3827//3827
f 3788//3788 3867//3867 3914//3914
f 3788//3788 3914//3914 3864//3864
f 3864//3864 3914//3914 3942//3942
f 3942//3942 3914//3914 4210//4210
f 4210//4210 3914//3914 4160//4160
f 3927//3927 4140//4140 4085//4085
f 4085//4085 4140//4140 4405//4405
f 4085//4085 4405//4405 4277//4277
f 4085//4085 4277//4277 3907//3907
f 3907//3907 4277//4277 4205//4205
f 3907//3907 4205//4205 4078//4078
f 3925//3925 4084//4084 4036//4036
f 4406//4406 4431//4431 4081//4081
f 4081//4081 4431//4431 4045//4045
f 4045//4045 4431//4431 4211//4211
f 4045//4045 4211//4211 4161//4161
f 4404//4404 4077//4077 4276//4276
f 4274//4274 4082//4082 3844//3844
f 4041//4041 4159//4159 3913//3913
f 4041//4041 3913//3913 3851//3851
f 4275//4275 4076//4076 4204//4204
f 4083//4083 3906//3906 4034//4034
f 4037//4037 3908//3908 4080//4080
f 4038//4038 4079//4079 4044//4044
f 3850//3850 3912//3912 3866//3866
f 3852//3852 3869//3869 4043//4043
f 3868//3868 3828//3828 4042//4042
f 3831//3831 3741//3741 4017//4017
f 4017//4017 3741//3741 3879//3879
f 4593//4593 4681//4681 4763//4763
f 4593//4593 4763//4763 4645//4645
f 4645//4645 4763//4763 4807//4807
f 4764//4764 4683//4683 4849//4849
f 4764//4764 4849//4849 4877//4877
f 4764//4764 4877//4877 4809//4809
f 4877//4877 4849//4849 4950//4950
f 4877//4877 4950//4950 4983//4983
f 4805//4805 4646//4646 4808//4808
f 4805//4805 4808//4808 4922//4922
f 4922//4922 4808//4808 4876//4876
f 4805//4805 4922//4922 4873//4873
f 4922//4922 4876//4876 4981//4981
f 4922//4922 4981//4981 4980//4980
f 4922//4922 4980//4980 4873//4873
f 4980//4980 4981//4981 5041//5041
f 4980//4980 5041//5041 5005//5005
f 4980//4980 5005//5005 4946//4946
f 4980//4980 4946//4946 4873//4873
f 4873//4873 4946//4946 4845//4845
f 4982//4982 4949//4949 5042//5042
f 5042//5042 4949//4949 5008//5008
f 5040//5040 5007//5007 4985//4985
f 5040//5040 4985//4985 5004//5004
f 5004//5004 4985//4985 4948//4948
f 5004//5004 4948//4948 4945//4945
f 4948//4948 4985//4985 4924//4924
f 4948//4948 4924//4924 4766//4766
f 4984//4984 5006//5006 4923//4923
f 4844//4844 4944//4944 4947//4947
f 4844//4844 4947//4947 4847//4847
f 4847//4847 4947//4947 4765//4765
f 4769//4769 4550//4550 4545//4545
f 4546//4546 4551//4551 4396//4396
f 4395//4395 4549//4549 4162//4162
f 4395//4395 4162//4162 4051//4051
f 4051//4051 4162//4162 3719//3719
f 3719//3719 4162//4162 3745//3745
f 3719//3719 3745//3745 3350//3350
f 3719//3719 3350//3350 3328//3328
f 3328//3328 3350//3350 93//93
f 3328//3328 93//93 91//91
f 91//91 93//93 351//351
f 91//91 351//351 336//336
f 336//336 351//351 724//724
f 336//336 724//724 692//692
f 692//692 724//724 972//972
f 3351//3351 3746//3746 3748//3748
f 3351//3351 3748//3748 3353//3353
f 3351//3351 3353//3353 95//95
f 3749//3749 4175//4175 3751//3751
f 3749//3749 3751//3751 3355//3355
f 3749//3749 3355//3355 3354//3354
f 3751//3751 4175//4175 4129//4129
f 3354//3354 3355//3355 38//38
f 4129//4129 4175//4175 4598//4598
f 3354//3354 38//38 99//99
f 4129//4129 4598//4598 4516//4516
f 4129//4129 4516//4516 4451//4451
f 4129//4129 4451//4451 4097//4097
f 99//99 38//38 355//355
f 99//99 355//355 354//354
f 354//354 355//355 710//710
f 354//354 710//710 727//727
f 727//727 710//710 975//975
f 975//975 710//710 940//940
f 940//940 710//710 696//696
f 940//940 696//696 894//894
f 94//94 3352//3352 97//97
f 3954//3954 4611//4611 4528//4528
f 4528//4528 4611//4611 5243//5243
f 3953//3953 4527//4527 4654//4654
f 4654//4654 4527//4527 5242//5242
f 3953//3953 4654//4654 3896//3896
f 5269//5269 5476//5476 5583//5583
f 5269//5269 5583//5583 5474//5474
f 5474//5474 5583//5583 5732//5732
f 5732//5732 5583//5583 5835//5835
f 5732//5732 5835//5835 5927//5927
f 5732//5732 5927//5927 5820//5820
f 4740//4740 5268//5268 5473//5473
f 4740//4740 5473//5473 4879//4879
f 5472//5472 5731//5731 4878//4878
f 4878//4878 5731//5731 5223//5223
f 5223//5223 5731//5731 5817//5817
f 5223//5223 5817//5817 5290//5290
f 4878//4878 5223//5223 4959//4959
f 4878//4878 4959//4959 4622//4622
f 5688//5688 5334//5334 5525//5525
f 5525//5525 5334//5334 5244//5244
f 5687//5687 5524//5524 5776//5776
f 5776//5776 5524//5524 5661//5661
f 5661//5661 5524//5524 5470//5470
f 5661//5661 5470//5470 5402//5402
f 5402//5402 5470//5470 5360//5360
f 5360//5360 5470//5470 5436//5436
f 5402//5402 5360//5360 5160//5160
f 5160//5160 5360//5360 5233//5233
f 5526//5526 5363//5363 5289//5289
f 5289//5289 5363//5363 4783//4783
f 4783//4783 5363//5363 4651//4651
f 5526//5526 5289//5289 5440//5440
f 5526//5526 5440//5440 5471//5471
f 5471//5471 5440//5440 5437//5437
f 4780//4780 4647//4647 4619//4619
f 4780//4780 4619//4619 4700//4700
f 4700//4700 4619//4619 4691//4691
f 4620//4620 4648//4648 4555//4555
f 4781//4781 4702//4702 4607//4607
f 4621//4621 4556//4556 4692//4692
f 5288//5288 4782//4782 5077//5077
f 5077//5077 4782//4782 4609//4609
f 5288//5288 5077//5077 5222//5222
f 5288//5288 5222//5222 5439//5439
f 4606//4606 4701//4701 4521//4521
f 4608//4608 4522//4522 5076//5076
f 5076//5076 4522//4522 5012//5012
f 5076//5076 5012//5012 5221//5221
f 5221//5221 5012//5012 5195//5195
f 4520//4520 4699//4699 4690//4690
f 4520//4520 4690//4690 4495//4495
f 4523//4523 4497//4497 5014//5014
f 5013//5013 4496//4496 4693//4693
f 5013//5013 4693//4693 5234//5234
f 5013//5013 5234//5234 5196//5196
f 5196//5196 5234//5234 5361//5361
f 5236//5236 4694//4694 4558//4558
f 5220//5220 5194//5194 5435//5435
f 5435//5435 5194//5194 5359//5359
f 5438//5438 5219//5219 5434//5434
f 5401//5401 5159//5159 5330//5330
f 4773//4773 4687//4687 4596//4596
f 4597//4597 4688//4688 4515//4515
f 4515//4515 4688//4688 4600//4600
f 4515//4515 4600//4600 4450//4450
f 4689//4689 5331//5331 4601//4601
f 4601//4601 5331//5331 5192//5192
f 4602//4602 5193//5193 4453//4453
f 4453//4453 5193//5193 5011//5011
f 5011//5011 5193//5193 5162//5162
f 5162//5162 5193//5193 5332//5332
f 5011//5011 5162//5162 4519//4519
f 5011//5011 4519//4519 4429//4429
f 4098//4098 4452//4452 4427//4427
f 4427//4427 4452//4452 5010//5010
f 4099//4099 4428//4428 4130//4130
f 4130//4130 4428//4428 4517//4517
f 5771//5771 5702//5702 5725//5725
f 5725//5725 5702//5702 5664//5664
f 5769//5769 5722//5722 5794//5794
f 5662//5662 5700//5700 5684//5684
f 5684//5684 5700//5700 5727//5727
f 5663//5663 5685//5685 5724//5724
f 5724//5724 5685//5685 5742//5742
f 5742//5742 5685//5685 5705//5705
f 5795//5795 5723//5723 5740//5740
f 5797//5797 5741//5741 5812//5812
f 5812//5812 5741//5741 5745//5745
f 5683//5683 5726//5726 5704//5704
f 5704//5704 5726//5726 5773//5773
f 5703//5703 5772//5772 5810//5810
f 5703//5703 5810//5810 5744//5744
f 5706//5706 5746//5746 5743//5743
f 4322//4322 4266//4266 4750//4750
f 4751//4751 4267//4267 4672//4672
f 4749//4749 4671//4671 4321//4321
f 4323//4323 4673//4673 4268//4268
f 4287//4287 4086//4086 4370//4370
f 4370//4370 4086//4086 4368//4368
f 4368//4368 4086//4086 4118//4118
f 4368//4368 4118//4118 4184//4184
f 4184//4184 4118//4118 3909//3909
f 4184//4184 3909//3909 3971//3971
f 3971//3971 3909//3909 3889//3889
f 4088//4088 4288//4288 4375//4375
f 4375//4375 4288//4288 4715//4715
f 4715//4715 4288//4288 4371//4371
f 4715//4715 4371//4371 4791//4791
f 4087//4087 4373//4373 4119//4119
f 4119//4119 4373//4373 4414//4414
f 4119//4119 4414//4414 4231//4231
f 4119//4119 4231//4231 3910//3910
f 4374//4374 4714//4714 4415//4415
f 4415//4415 4714//4714 4790//4790
f 4415//4415 4790//4790 4828//4828
f 4415//4415 4828//4828 4533//4533
f 4415//4415 4533//4533 4232//4232
f 4232//4232 4533//4533 4279//4279
f 4279//4279 4533//4533 4433//4433
f 4792//4792 4372//4372 4829//4829
f 4829//4829 4372//4372 4369//4369
f 4829//4829 4369//4369 4187//4187
f 4829//4829 4187//4187 4535//4535
f 3911//3911 4233//4233 4145//4145
f 3911//3911 4145//4145 3891//3891
f 4143//4143 4230//4230 4278//4278
f 3973//3973 3890//3890 4144//4144
f 3973//3973 4144//4144 4280//4280
f 3973//3973 4280//4280 4183//4183
f 4183//4183 4280//4280 4434//4434
f 4183//4183 4434//4434 4534//4534
f 4183//4183 4534//4534 4186//4186
f 4185//4185 3972//3972 4182//4182
f 5341//5341 5276//5276 5366//5366
f 5341//5341 5366//5366 5447//5447
f 4869//4869 4806//4806 4842//4842
f 4842//4842 4806//4806 4874//4874
f 4841//4841 4872//4872 4939//4939
f 4870//4870 4843//4843 4921//4921
f 4921//4921 4843//4843 4938//4938
f 4938//4938 4843//4843 4942//4942
f 4938//4938 4942//4942 4979//4979
f 4870//4870 4921//4921 4918//4918
f 4870//4870 4918//4918 5277//5277
f 5277//5277 4918//4918 5273//5273
f 5277//5277 5273//5273 5305//5305
f 4916//4916 4920//4920 4726//4726
f 5275//5275 5304//5304 5364//5364
f 5272//5272 4917//4917 5091//5091
f 5091//5091 4917//4917 4728//4728
f 5271//5271 5088//5088 5302//5302
f 4759//4759 4725//4725 4919//4919
f 4759//4759 4919//4919 4936//4936
f 4727//4727 4761//4761 5090//5090
f 5090//5090 4761//4761 5116//5116
f 5303//5303 5089//5089 5115//5115
f 5303//5303 5115//5115 5300//5300
f 5306//5306 5301//5301 5367//5367
f 5367//5367 5301//5301 5298//5298
f 5367//5367 5298//5298 4943//4943
f 4760//4760 4937//4937 4976//4976
f 4762//4762 4978//4978 5117//5117
f 5117//5117 4978//4978 5297//5297
f 5299//5299 5114//5114 5295//5295
f 5296//5296 4977//4977 4940//4940
f 4887//4887 5017//5017 4826//4826
f 4887//4887 4826//4826 4629//4629
f 4629//4629 4826//4826 4572//4572
f 4631//4631 4573//4573 4345//4345
f 4630//4630 4344//4344 4245//4245
f 4245//4245 4344//4344 4342//4342
f 4342//4342 4344//4344 4473//4473
f 4245//4245 4342//4342 4157//4157
f 4157//4157 4342//4342 4235//4235
f 4335//4335 4196//4196 3997//3997
f 4335//4335 3997//3997 4224//4224
f 4250//4250 4326//4326 4660//4660
f 4662//4662 4330//4330 4478//4478
f 4662//4662 4478//4478 4626//4626
f 4236//4236 3988//3988 4214//4214
f 4328//4328 4237//4237 4445//4445
f 4445//4445 4237//4237 4216//4216
f 4442//4442 4215//4215 4292//4292
f 4213//4213 4156//4156 4234//4234
f 4213//4213 4234//4234 4291//4291
f 4291//4291 4234//4234 4421//4421
f 4291//4291 4421//4421 4441//4441
f 4421//4421 4234//4234 4471//4471
f 4471//4471 4234//4234 4341//4341
f 4423//4423 4474//4474 4743//4743
f 4423//4423 4743//4743 4912//4912
f 4423//4423 4912//4912 4591//4591
f 4912//4912 4743//4743 4667//4667
f 4912//4912 4667//4667 4886//4886
f 4589//4589 4327//4327 4443//4443
f 4327//4327 4589//4589 4477//4477
f 4477//4477 4589//4589 4911//4911
f 4477//4477 4911//4911 4884//4884
f 4590//4590 4444//4444 4422//4422
f 4742//4742 4472//4472 4665//4665
f 4665//4665 4472//4472 4343//4343
f 4666//4666 4346//4346 4532//4532
f 4532//4532 4346//4346 4264//4264
f 4666//4666 4532//4532 4885//4885
f 4885//4885 4532//4532 4746//4746
f 4746//4746 4532//4532 4409//4409
f 4746//4746 4409//4409 4628//4628
f 4265//4265 4347//4347 4411//4411
f 4263//4263 4408//4408 4531//4531
f 4883//4883 4745//4745 4476//4476
f 4475//4475 4744//4744 4625//4625
f 4663//4663 4627//4627 4410//4410
f 4348//4348 4575//4575 4412//4412
f 4413//4413 4576//4576 4664//4664
f 4890//4890 4788//4788 4569//4569
f 4570//4570 4789//4789 4963//4963
f 4963//4963 4789//4789 4891//4891
f 4963//4963 4891//4891 5094//5094
f 4570//4570 4963//4963 4824//4824
f 4570//4570 4824//4824 4352//4352
f 4352//4352 4824//4824 4567//4567
f 4962//4962 5093//5093 4823//4823
f 4892//4892 4571//4571 4436//4436
f 4436//4436 4571//4571 4353//4353
f 4892//4892 4436//4436 4713//4713
f 4892//4892 4713//4713 5201//5201
f 5201//5201 4713//4713 5098//5098
f 4351//4351 4566//4566 4435//4435
f 4435//4435 4566//4566 4668//4668
f 4568//4568 4825//4825 4669//4669
f 4669//4669 4825//4825 5095//5095
f 4669//4669 5095//5095 4964//4964
f 4964//4964 5095//5095 5406//5406
f 4964//4964 5406//5406 5344//5344
f 4964//4964 5344//5344 4914//4914
f 4914//4914 5344//5344 5308//5308
f 4437//4437 4670//4670 4965//4965
f 4437//4437 4965//4965 4712//4712
f 4712//4712 4965//4965 4676//4676
f 4676//4676 4965//4965 4915//4915
f 5199//5199 5092//5092 4889//4889
f 5092//5092 5199//5199 5405//5405
f 5200//5200 5097//5097 5407//5407
f 5407//5407 5097//5097 5345//5345
f 5345//5345 5097//5097 5309//5309
f 5309//5309 5097//5097 5051//5051
f 5096//5096 4710//4710 5049//5049
f 5050//5050 4711//4711 4675//4675
f 4674//4674 4913//4913 5048//5048
f 5048//5048 4913//4913 5307//5307
f 4803//4803 5226//5226 5119//5119
f 5226//5226 4803//4803 4910//4910
f 5118//5118 5225//5225 4909//4909
f 5118//5118 4909//4909 4802//4802
f 3872//3872 3743//3743 3790//3790
f 3743//3743 3872//3872 3739//3739
f 3872//3872 3790//3790 3876//3876
f 3876//3876 3790//3790 3878//3878
f 3878//3878 3790//3790 3858//3858
f 3858//3858 3790//3790 3793//3793
f 3744//3744 3740//3740 3855//3855
f 3744//3744 3855//3855 3917//3917
f 3744//3744 3917//3917 3991//3991
f 3744//3744 3991//3991 3791//3791
f 3791//3791 3991//3991 3994//3994
f 3791//3791 3994//3994 3794//3794
f 3854//3854 3738//3738 3871//3871
f 3854//3854 3871//3871 4050//4050
f 3853//3853 4048//4048 3915//3915
f 3990//3990 3916//3916 4049//4049
f 3990//3990 4049//4049 4122//4122
f 3990//3990 4122//4122 4124//4124
f 3990//3990 4124//4124 4126//4126
f 3990//3990 4126//4126 3992//3992
f 4046//4046 3870//3870 3873//3873
f 4047//4047 3874//3874 4121//4121
f 4123//4123 3875//3875 4125//4125
f 4125//4125 3875//3875 3877//3877
f 4125//4125 3877//3877 3919//3919
f 4125//4125 3919//3919 4128//4128
f 3919//3919 3877//3877 3857//3857
f 4127//4127 3918//3918 3993//3993
f 3993//3993 3918//3918 3792//3792
f 3792//3792 3918//3918 3856//3856
f 1115//1115 1196//1196 1260//1260
f 1197//1197 1116//1116 828//828
f 1197//1197 828//828 863//863
f 826//826 1114//1114 923//923
f 923//923 1114//1114 1259//1259
f 923//923 1259//1259 1150//1150
f 1150//1150 1259//1259 1453//1453
f 923//923 1150//1150 1151//1151
f 1150//1150 1453//1453 1526//1526
f 1150//1150 1526//1526 1151//1151
f 827//827 924//924 862//862
f 862//862 924//924 1152//1152
f 862//862 1152//1152 1030//1030
f 1030//1030 1152//1152 1302//1302
f 1030//1030 1302//1302 1004//1004
f 1004//1004 1302//1302 1306//1306
f 1004//1004 1306//1306 1245//1245
f 1199//1199 864//864 1031//1031
f 1199//1199 1031//1031 1374//1374
f 1374//1374 1031//1031 1342//1342
f 1342//1342 1031//1031 1005//1005
f 1525//1525 1452//1452 1258//1258
f 1527//1527 1261//1261 1198//1198
f 1527//1527 1198//1198 1373//1373
f 1527//1527 1373//1373 1825//1825
f 1825//1825 1373//1373 1740//1740
f 1740//1740 1373//1373 1698//1698
f 1698//1698 1373//1373 1341//1341
f 1153//1153 1528//1528 1826//1826
f 1153//1153 1826//1826 1303//1303
f 1303//1303 1826//1826 1307//1307
f 1304//1304 1824//1824 1739//1739
f 1304//1304 1739//1739 1696//1696
f 1003//1003 1244//1244 1340//1340
f 1340//1340 1244//1244 1697//1697
f 1697//1697 1244//1244 1305//1305
f 1264//1264 1192//1192 1332//1332
f 1332//1332 1192//1192 963//963
f 1265//1265 1333//1333 1337//1337
f 1262//1262 1335//1335 1065//1065
f 1065//1065 1335//1335 1083//1083
f 1263//1263 1066//1066 1190//1190
f 1190//1190 1066//1066 1000//1000
f 1190//1190 1000//1000 1037//1037
f 1067//1067 1085//1085 873//873
f 1002//1002 1068//1068 877//877
f 962//962 1191//1191 1038//1038
f 876//876 788//788 870//870
f 876//876 870//870 995//995
f 876//876 995//995 1113//1113
f 669//669 867//867 775//775
f 775//775 867//867 1049//1049
f 871//871 789//789 786//786
f 786//786 789//789 747//747
f 869//869 785//785 994//994
f 994//994 785//785 830//830
f 994//994 830//830 1138//1138
f 994//994 1138//1138 1111//1111
f 1111//1111 1138//1138 1408//1408
f 1138//1138 830//830 932//932
f 1408//1408 1138//1138 1444//1444
f 1444//1444 1138//1138 932//932
f 1444//1444 932//932 1201//1201
f 829//829 784//784 743//743
f 829//829 743//743 880//880
f 829//829 880//880 929//929
f 875//875 1112//1112 1029//1029
f 1029//1029 1112//1112 1409//1409
f 1029//1029 1409//1409 1253//1253
f 1029//1029 1253//1253 1172//1172
f 1029//1029 1172//1172 861//861
f 861//861 1172//1172 1062//1062
f 861//861 1062//1062 791//791
f 872//872 1027//1027 997//997
f 1254//1254 1410//1410 1445//1445
f 1254//1254 1445//1445 1064//1064
f 1064//1064 1445//1445 1202//1202
f 1064//1064 1202//1202 1040//1040
f 1040//1040 1202//1202 1123//1123
f 930//930 883//883 1121//1121
f 1028//1028 859//859 998//998
f 1171//1171 1252//1252 1061//1061
f 999//999 860//860 790//790
f 792//792 1063//1063 1001//1001
f 1200//1200 931//931 1122//1122
f 996//996 1060//1060 1033//1033
f 1035//1035 1120//1120 881//881
f 1036//1036 884//884 838//838
f 836//836 882//882 744//744
f 799//799 834//834 1032//1032
f 837//837 745//745 770//770
f 835//835 769//769 1034//1034
f 772//772 596//596 650//650
f 1389//1389 1166//1166 1643//1643
f 1165//1165 939//939 1105//1105
f 1645//1645 1168//1168 1510//1510
f 1510//1510 1168//1168 1106//1106
f 1641//1641 1509//1509 1321//1321
f 1321//1321 1509//1509 892//892
f 892//892 1509//1509 1103//1103
f 1321//1321 892//892 851//851
f 851//851 892//892 695//695
f 1321//1321 851//851 895//895
f 893//893 1104//1104 938//938
f 852//852 697//697 896//896
f 896//896 697//697 711//711
f 1620//1620 1671//1671 1215//1215
f 1215//1215 1671//1671 1274//1274
f 1216//1216 1276//1276 1621//1621
f 1622//1622 1275//1275 1672//1672
f 1046//1046 887//887 833//833
f 887//887 1046//1046 966//966
f 966//966 1046//1046 1097//1097
f 966//966 1097//1097 1127//1127
f 966//966 1127//1127 1100//1100
f 966//966 1100//1100 971//971
f 831//831 886//886 666//666
f 832//832 668//668 1045//1045
f 1045//1045 668//668 842//842
f 665//665 885//885 690//690
f 690//690 885//885 749//749
f 749//749 885//885 965//965
f 749//749 965//965 969//969
f 749//749 969//969 751//751
f 667//667 691//691 841//841
f 689//689 748//748 839//839
f 839//839 748//748 843//843
f 843//843 748//748 846//846
f 846//846 748//748 750//750
f 846//846 750//750 848//848
f 1044//1044 840//840 845//845
f 1044//1044 845//845 1096//1096
f 1095//1095 844//844 1126//1126
f 1126//1126 844//844 847//847
f 1126//1126 847//847 849//849
f 1126//1126 849//849 1098//1098
f 850//850 752//752 970//970
f 850//850 970//970 1099//1099
f 4966//4966 5513//5513 5163//5163
f 5513//5513 4966//4966 5246//5246
f 5164//5164 5514//5514 5247//5247
f 5164//5164 5247//5247 4967//4967
f 4194//4194 4254//4254 4388//4388
f 4252//4252 4193//4193 3983//3983
f 4252//4252 3983//3983 4091//4091
f 3985//3985 4195//4195 4390//4390
f 3985//3985 4390//4390 4258//4258
f 4093//4093 3984//3984 4257//4257
f 4093//4093 4257//4257 4174//4174
f 4174//4174 4257//4257 4294//4294
f 4174//4174 4294//4294 4296//4296
f 4174//4174 4296//4296 4219//4219
f 4253//4253 4092//4092 4331//4331
f 4331//4331 4092//4092 4173//4173
f 4331//4331 4173//4173 4218//4218
f 4331//4331 4218//4218 4392//4392
f 4255//4255 4332//4332 4391//4391
f 4391//4391 4332//4332 4447//4447
f 4447//4447 4332//4332 4491//4491
f 4491//4491 4332//4332 4494//4494
f 4494//4494 4332//4332 4394//4394
f 4256//4256 4387//4387 4293//4293
f 4295//4295 4389//4389 4446//4446
f 4295//4295 4446//4446 4298//4298
f 4298//4298 4446//4446 4490//4490
f 4298//4298 4490//4490 4493//4493
f 4298//4298 4493//4493 4271//4271
f 4393//4393 4221//4221 4492//4492
f 4492//4492 4221//4221 4270//4270
f 4220//4220 4297//4297 4269//4269
