# From Lord_Intellectual_King.glb via glb_to_nca_obj.py | yaw270.0 scale2.0 | scale*0.9
o king
mtllib king.mtl
usemtl king
v -0.003611 -0.169697 2.036360
v -0.003611 -0.169697 2.036360
v -0.003611 0.328561 2.426301
v -0.003611 0.328561 2.426301
v -0.003611 0.306898 2.621272
v -0.003611 0.306898 2.621272
v -0.003611 0.306898 2.621272
v -0.003611 0.306898 2.621272
v -0.003611 -0.400774 2.975108
v -0.003611 -0.400774 2.975108
v -0.003611 0.306898 3.083425
v -0.003611 0.306898 3.083425
v -0.003611 -0.104706 3.292837
v -0.003611 -0.104706 3.292837
v -0.003611 -0.104706 3.292837
v -0.003611 -0.104706 3.307280
v -0.003611 -0.104706 3.307280
v -0.003611 -0.104706 3.307280
v -0.003611 -0.104706 3.307280
v -0.003611 -0.104706 3.307280
v -0.003611 -0.119149 3.307280
v -0.003611 -0.119149 3.307280
v -0.003611 -0.119149 3.307280
v -0.003611 -0.061380 3.466145
v -0.003611 -0.061380 3.466145
v -0.003611 0.184138 3.473366
v -0.003611 0.184138 3.509471
v -0.003611 0.184138 3.509471
v -0.003611 0.184138 3.509471
v -0.003611 -0.068602 3.516692
v -0.003611 -0.068602 3.516692
v -0.003611 -0.083043 3.516692
v -0.003611 -0.083043 3.516692
v -0.003611 -0.061380 3.552799
v -0.003611 -0.061380 3.552799
v -0.003611 -0.061380 3.552799
v -0.003611 -0.061380 3.552799
v -0.003611 0.184138 3.574462
v -0.003611 0.184138 3.574462
v -0.003611 0.097486 3.610568
v -0.003611 0.097486 3.610568
v -0.003611 0.097486 3.610568
v -0.003611 0.126369 3.610568
v -0.003611 0.126369 3.610568
v -0.003611 0.169697 3.610568
v -0.003611 0.169697 3.610568
v -0.003611 0.169697 3.610568
v -0.003611 0.075821 3.625009
v -0.003611 0.075821 3.625009
v -0.003611 0.140812 3.625009
v -0.003611 0.140812 3.625009
v -0.003611 0.140812 3.625009
v -0.003611 0.054158 3.632231
v -0.003611 0.054158 3.632231
v -0.003611 0.054158 3.632231
v -0.003611 0.155254 3.632231
v -0.003611 0.155254 3.632231
v -0.003611 0.155254 3.632231
v -0.003611 0.155254 3.632231
v -0.003611 -0.234688 1.328688
v -0.003611 -0.234688 1.328688
v -0.003611 -0.234688 1.328688
v -0.003611 0.602964 0.750998
v -0.003611 0.602964 0.750998
v -0.003611 -0.003611 0.750998
v -0.003611 -0.602964 0.750998
v -0.003611 -0.602964 0.750998
v -0.003611 0.617407 0.736556
v -0.003611 0.617407 0.736556
v -0.003611 -0.617407 0.736556
v -0.003611 -0.617407 0.736556
v -0.003611 0.617407 0.700450
v -0.003611 0.617407 0.700450
v -0.003611 -0.617407 0.700450
v -0.003611 -0.617407 0.700450
v -0.003611 -0.617407 0.700450
v -0.003611 0.559638 0.686007
v -0.003611 0.559638 0.686007
v -0.003611 0.602964 0.686007
v -0.003611 0.602964 0.686007
v -0.003611 -0.003611 0.686007
v -0.003611 -0.559638 0.686007
v -0.003611 -0.602964 0.686007
v -0.003611 -0.602964 0.686007
v -0.003611 0.574079 0.613796
v -0.003611 0.574079 0.613796
v -0.003611 -0.574079 0.613796
v -0.003611 -0.574079 0.613796
v -0.003611 0.617407 0.563249
v -0.003611 -0.617407 0.563249
v -0.003611 -0.617407 0.563249
v -0.003611 -0.617407 0.563249
v -0.003611 0.740167 0.483817
v -0.003611 -0.740167 0.483817
v -0.003611 -0.740167 0.483817
v -0.003611 -0.740167 0.483817
v -0.003611 0.797936 0.426047
v -0.003611 0.797936 0.426047
v -0.003611 -0.797936 0.426047
v -0.003611 -0.797936 0.426047
v -0.003611 0.812378 0.368278
v -0.003611 0.812378 0.368278
v -0.003611 0.812378 0.368278
v -0.003611 -0.812378 0.368278
v -0.003611 0.805156 0.310509
v -0.003611 0.805156 0.310509
v -0.003611 -0.805156 0.310509
v -0.003611 -0.805156 0.310509
v -0.003611 0.769052 0.259961
v -0.003611 0.769052 0.259961
v -0.003611 -0.769052 0.259961
v -0.003611 -0.769052 0.259961
v -0.003611 -0.769052 0.259961
v -0.003611 0.682398 0.202192
v -0.003611 0.682398 0.202192
v -0.003611 0.682398 0.202192
v -0.003611 -0.682398 0.202192
v -0.003611 -0.682398 0.202192
v -0.003611 -0.682398 0.202192
v -0.003611 0.667955 0.173308
v -0.003611 0.667955 0.173308
v -0.003611 0.667955 0.173308
v -0.003611 -0.667955 0.173308
v -0.003611 -0.667955 0.173308
v -0.003611 -0.667955 0.173308
v -0.003611 0.682398 0.151645
v -0.003611 0.682398 0.151645
v -0.003611 0.848484 0.151645
v -0.003611 0.848484 0.151645
v -0.003611 -0.682398 0.151645
v -0.003611 -0.682398 0.151645
v -0.003611 -0.682398 0.151645
v -0.003611 -0.848484 0.151645
v -0.003611 -0.848484 0.151645
v -0.003611 0.848484 0.014441
v -0.003611 0.848484 0.014441
v -0.003611 -0.848484 0.014441
v -0.003611 -0.848484 0.014441
v -0.003611 -0.848484 0.014441
v -0.003611 0.834041 0.000000
v -0.003611 0.834041 0.000000
v -0.003611 -0.003611 0.000000
v -0.003611 -0.834041 0.000000
v -0.003611 -0.834041 0.000000
v -0.010832 -0.191360 1.899158
v -0.010832 -0.191360 1.899158
v -0.010832 0.148034 3.155636
v -0.010832 0.148034 3.155636
v -0.010832 0.148034 3.155636
v -0.010832 0.148034 3.155636
v -0.010832 0.148034 3.155636
v -0.010832 0.148034 3.155636
v -0.010832 0.148034 3.155636
v -0.010832 0.133591 3.365050
v -0.010832 0.133591 3.365050
v -0.010832 0.133591 3.365050
v -0.010832 -0.090265 3.365050
v -0.010832 -0.090265 3.365050
v -0.010832 -0.090265 3.365050
v -0.010832 0.148034 3.386713
v -0.010832 0.148034 3.386713
v -0.010832 0.148034 3.386713
v -0.010832 0.148034 3.386713
v -0.010832 -0.075821 3.393934
v -0.010832 -0.075821 3.393934
v -0.010832 -0.075821 3.393934
v -0.010832 -0.075821 3.393934
v -0.010832 -0.075821 3.393934
v -0.010832 -0.075821 3.393934
v -0.010832 -0.075821 3.415597
v -0.010832 -0.075821 3.415597
v -0.010832 -0.075821 3.538355
v -0.010832 -0.075821 3.538355
v -0.010832 -0.075821 3.538355
v -0.010832 0.176918 3.588905
v -0.010832 0.176918 3.588905
v -0.010832 -0.039717 3.588905
v -0.010832 -0.039717 3.588905
v -0.010832 -0.039717 3.588905
v -0.010832 -0.032495 3.596125
v -0.010832 -0.032495 3.596125
v -0.010832 -0.068602 3.596125
v -0.010832 -0.068602 3.596125
v -0.010832 -0.068602 3.596125
v -0.010832 -0.054158 3.603346
v -0.010832 -0.054158 3.603346
v -0.010832 -0.054158 3.603346
v -0.010832 -0.054158 3.603346
v -0.010832 -0.061380 3.603346
v -0.010832 -0.061380 3.603346
v -0.010832 -0.061380 3.603346
v -0.010832 -0.061380 3.603346
v -0.010832 0.155254 3.610568
v -0.010832 0.155254 3.610568
v -0.010832 0.155254 3.610568
v -0.010832 0.155254 3.610568
v -0.010832 0.155254 3.610568
v -0.010832 0.162475 3.617789
v -0.010832 0.162475 3.617789
v -0.010832 0.162475 3.617789
v -0.010832 0.046937 3.625009
v -0.010832 0.046937 3.625009
v -0.010832 0.046937 3.625009
v -0.010832 0.046937 3.625009
v -0.010832 0.046937 3.625009
v -0.010832 0.046937 3.625009
v -0.010832 0.025274 3.632231
v -0.010832 0.025274 3.632231
v -0.010832 0.039717 3.646674
v -0.010832 0.039717 3.646674
v -0.010832 0.039717 3.646674
v -0.010832 0.458543 0.815989
v -0.010832 0.458543 0.815989
v -0.010832 0.458543 0.815989
v -0.010832 0.458543 0.815989
v -0.010832 0.386330 0.779882
v -0.010832 0.386330 0.779882
v -0.010832 0.451321 0.758219
v -0.010832 0.451321 0.758219
v -0.010832 0.451321 0.758219
v -0.018052 -0.054158 1.877495
v -0.018052 -0.054158 1.877495
v -0.018052 0.104706 1.884717
v -0.018052 0.299677 2.512955
v -0.018052 0.299677 2.512955
v -0.018052 0.299677 2.512955
v -0.018052 -0.379109 2.866790
v -0.018052 -0.379109 2.866790
v -0.018052 0.205803 3.220627
v -0.018052 -0.097486 3.307280
v -0.018052 -0.097486 3.307280
v -0.018052 0.162475 3.379491
v -0.018052 0.162475 3.379491
v -0.018052 -0.090265 3.393934
v -0.018052 -0.090265 3.393934
v -0.018052 0.169697 3.422819
v -0.018052 0.169697 3.422819
v -0.018052 0.169697 3.422819
v -0.018052 0.205803 3.538355
v -0.018052 0.205803 3.538355
v -0.018052 0.205803 3.538355
v -0.018052 -0.090265 3.545577
v -0.018052 -0.090265 3.545577
v -0.018052 -0.090265 3.545577
v -0.018052 -0.090265 3.545577
v -0.018052 0.191360 3.552799
v -0.018052 0.191360 3.552799
v -0.018052 0.018052 3.632231
v -0.018052 0.018052 3.632231
v -0.018052 -0.010832 3.632231
v -0.018052 -0.010832 3.632231
v -0.018052 -0.010832 3.632231
v -0.025274 0.126369 3.162857
v -0.025274 0.126369 3.162857
v -0.025274 0.126369 3.162857
v -0.025274 0.155254 3.372269
v -0.025274 0.155254 3.372269
v -0.025274 0.148034 3.386713
v -0.025274 0.148034 3.386713
v -0.025274 0.148034 3.386713
v -0.025274 0.148034 3.386713
v -0.025274 0.148034 3.386713
v -0.025274 0.184138 3.415597
v -0.025274 0.184138 3.415597
v -0.025274 0.184138 3.415597
v -0.025274 0.184138 3.415597
v -0.025274 0.198581 3.458923
v -0.025274 0.198581 3.458923
v -0.025274 -0.075821 3.466145
v -0.025274 -0.075821 3.466145
v -0.025274 -0.083043 3.509471
v -0.025274 0.198581 3.523914
v -0.025274 0.198581 3.523914
v -0.025274 -0.046937 3.610568
v -0.025274 -0.046937 3.610568
v -0.025274 -0.241907 1.227593
v -0.025274 -0.241907 1.227593
v -0.025274 -0.278014 0.982075
v -0.025274 -0.278014 0.982075
v -0.025274 0.458543 0.787104
v -0.025274 0.458543 0.787104
v -0.025274 0.458543 0.787104
v -0.025274 0.458543 0.787104
v -0.032495 0.191360 3.220627
v -0.032495 0.191360 3.220627
v -0.032495 0.140812 3.350606
v -0.032495 -0.090265 3.393934
v -0.032495 -0.090265 3.393934
v -0.032495 -0.090265 3.422819
v -0.032495 -0.090265 3.531136
v -0.032495 -0.090265 3.531136
v -0.032495 -0.068602 3.581683
v -0.032495 -0.068602 3.581683
v -0.032495 -0.068602 3.581683
v -0.032495 -0.068602 3.581683
v -0.032495 -0.061380 3.603346
v -0.032495 -0.061380 3.603346
v -0.032495 -0.061380 3.603346
v -0.032495 -0.032495 3.617789
v -0.032495 -0.032495 3.617789
v -0.032495 -0.061380 3.617789
v -0.032495 -0.061380 3.617789
v -0.032495 -0.061380 3.617789
v -0.032495 -0.061380 3.617789
v -0.032495 0.213023 3.632231
v -0.032495 0.213023 3.632231
v -0.032495 0.213023 3.632231
v -0.032495 0.213023 3.632231
v -0.032495 -0.213023 1.523659
v -0.032495 -0.213023 1.523659
v -0.039717 0.075821 2.029138
v -0.039717 0.075821 2.029138
v -0.039717 0.075821 2.029138
v -0.039717 -0.465763 2.794579
v -0.039717 -0.465763 2.794579
v -0.039717 -0.465763 2.794579
v -0.039717 -0.436878 2.939002
v -0.039717 -0.436878 2.939002
v -0.039717 -0.407993 3.068982
v -0.039717 0.256351 3.090645
v -0.039717 0.256351 3.090645
v -0.039717 0.205803 3.097867
v -0.039717 0.205803 3.097867
v -0.039717 0.205803 3.097867
v -0.039717 0.256351 3.097867
v -0.039717 0.256351 3.097867
v -0.039717 0.256351 3.097867
v -0.039717 -0.299677 3.177299
v -0.039717 -0.299677 3.177299
v -0.039717 -0.169697 3.242290
v -0.039717 -0.169697 3.242290
v -0.039717 -0.097486 3.365050
v -0.039717 -0.097486 3.365050
v -0.039717 -0.097486 3.365050
v -0.039717 0.213023 3.581683
v -0.039717 0.213023 3.581683
v -0.039717 0.213023 3.581683
v -0.039717 0.191360 3.617789
v -0.039717 0.191360 3.617789
v -0.039717 0.191360 3.617789
v -0.039717 0.119149 3.639452
v -0.039717 0.119149 3.639452
v -0.039717 0.155254 3.646674
v -0.039717 0.155254 3.646674
v -0.039717 0.155254 3.646674
v -0.039717 -0.205803 1.769179
v -0.039717 -0.205803 1.769179
v -0.039717 -0.083043 1.740294
v -0.039717 -0.083043 1.740294
v -0.039717 -0.256351 1.104833
v -0.039717 -0.256351 1.104833
v -0.039717 -0.285235 0.859315
v -0.039717 -0.285235 0.859315
v -0.039717 -0.285235 0.859315
v -0.039717 -0.285235 0.815989
v -0.039717 -0.285235 0.815989
v -0.039717 -0.285235 0.815989
v -0.046937 0.343004 1.906380
v -0.046937 0.343004 1.906380
v -0.046937 0.061380 2.036360
v -0.046937 0.061380 2.382975
v -0.046937 0.061380 2.382975
v -0.046937 0.061380 2.382975
v -0.046937 0.061380 2.382975
v -0.046937 0.061380 2.382975
v -0.046937 0.061380 2.382975
v -0.046937 0.061380 2.382975
v -0.046937 0.061380 2.382975
v -0.046937 0.061380 2.382975
v -0.046937 0.061380 2.382975
v -0.046937 -0.220244 2.606830
v -0.046937 -0.220244 2.606830
v -0.046937 -0.220244 2.606830
v -0.046937 -0.292457 2.715147
v -0.046937 -0.292457 2.715147
v -0.046937 -0.386330 2.881233
v -0.046937 -0.386330 2.881233
v -0.046937 0.176918 3.112310
v -0.046937 0.176918 3.112310
v -0.046937 0.213023 3.112310
v -0.046937 0.213023 3.112310
v -0.046937 0.213023 3.112310
v -0.046937 0.213023 3.112310
v -0.046937 -0.119149 3.263953
v -0.046937 -0.119149 3.263953
v -0.046937 -0.119149 3.263953
v -0.046937 -0.119149 3.263953
v -0.046937 -0.119149 3.263953
v -0.046937 0.176918 3.408376
v -0.046937 0.176918 3.408376
v -0.046937 -0.097486 3.458923
v -0.046937 -0.097486 3.458923
v -0.046937 0.213023 3.480586
v -0.046937 -0.126369 3.509471
v -0.046937 -0.126369 3.509471
v -0.046937 -0.126369 3.509471
v -0.046937 -0.126369 3.509471
v -0.046937 0.220244 3.545577
v -0.046937 0.220244 3.545577
v -0.046937 0.220244 3.545577
v -0.046937 0.205803 3.560020
v -0.046937 0.205803 3.560020
v -0.046937 -0.090265 3.567240
v -0.046937 0.198581 3.596125
v -0.046937 0.198581 3.596125
v -0.046937 0.198581 3.596125
v -0.046937 0.169697 3.625009
v -0.046937 0.169697 3.625009
v -0.046937 0.169697 3.625009
v -0.046937 0.169697 3.625009
v -0.046937 0.169697 3.625009
v -0.046937 0.169697 3.625009
v -0.046937 0.097486 3.632231
v -0.046937 0.097486 3.632231
v -0.046937 0.133591 3.632231
v -0.046937 0.133591 3.632231
v -0.046937 0.133591 3.632231
v -0.046937 0.133591 3.632231
v -0.046937 0.075821 3.646674
v -0.046937 0.075821 3.646674
v -0.046937 0.075821 3.646674
v -0.046937 0.075821 3.646674
v -0.046937 0.075821 3.646674
v -0.046937 0.075821 3.646674
v -0.046937 -0.213023 1.624756
v -0.046937 -0.213023 1.624756
v -0.046937 -0.213023 1.624756
v -0.046937 -0.213023 1.624756
v -0.046937 -0.148034 1.278140
v -0.046937 -0.148034 1.278140
v -0.046937 -0.148034 1.278140
v -0.046937 -0.278014 0.931527
v -0.046937 -0.278014 0.931527
v -0.046937 -0.278014 0.931527
v -0.046937 -0.285235 0.888199
v -0.046937 -0.285235 0.888199
v -0.046937 -0.285235 0.888199
v -0.046937 -0.328561 0.859315
v -0.046937 -0.328561 0.859315
v -0.046937 -0.328561 0.859315
v -0.054158 -0.191360 2.505733
v -0.054158 -0.191360 2.505733
v -0.054158 -0.205803 2.534618
v -0.054158 -0.205803 2.534618
v -0.054158 0.357446 2.592387
v -0.054158 0.357446 2.592387
v -0.054158 -0.595744 2.599609
v -0.054158 -0.595744 2.599609
v -0.054158 -0.595744 2.599609
v -0.054158 -0.537975 2.606830
v -0.054158 -0.537975 2.606830
v -0.054158 -0.537975 2.606830
v -0.054158 0.364667 2.650156
v -0.054158 0.393552 2.686262
v -0.054158 0.393552 2.686262
v -0.054158 -0.516312 2.722369
v -0.054158 -0.516312 2.722369
v -0.054158 -0.400774 2.859570
v -0.054158 -0.400774 2.859570
v -0.054158 -0.400774 2.859570
v -0.054158 0.335783 2.996771
v -0.054158 0.126369 3.235068
v -0.054158 0.126369 3.235068
v -0.054158 0.126369 3.235068
v -0.054158 0.126369 3.235068
v -0.054158 -0.075821 3.393934
v -0.054158 0.169697 3.401154
v -0.054158 0.169697 3.401154
v -0.054158 -0.090265 3.415597
v -0.054158 -0.090265 3.415597
v -0.054158 -0.090265 3.415597
v -0.054158 -0.090265 3.415597
v -0.054158 0.213023 3.444482
v -0.054158 0.213023 3.444482
v -0.054158 -0.104706 3.509471
v -0.054158 -0.104706 3.509471
v -0.054158 0.213023 3.531136
v -0.054158 0.213023 3.531136
v -0.054158 0.205803 3.617789
v -0.054158 0.205803 3.617789
v -0.054158 0.205803 3.617789
v -0.054158 0.205803 3.617789
v -0.054158 0.198581 3.632231
v -0.054158 0.198581 3.632231
v -0.054158 0.054158 3.668337
v -0.054158 0.054158 3.668337
v -0.054158 0.054158 3.668337
v -0.054158 0.234688 1.740294
v -0.054158 0.234688 1.740294
v -0.054158 0.234688 1.740294
v -0.054158 -0.126369 1.386457
v -0.054158 -0.126369 1.386457
v -0.054158 -0.126369 1.386457
v -0.054158 -0.126369 1.386457
v -0.054158 -0.241907 0.852095
v -0.054158 -0.241907 0.852095
v -0.054158 -0.241907 0.852095
v -0.054158 -0.285235 0.758219
v -0.054158 -0.285235 0.758219
v -0.054158 -0.285235 0.758219
v -0.054158 -0.285235 0.758219
v -0.061380 0.054158 2.029138
v -0.061380 0.054158 2.029138
v -0.061380 -0.545197 2.852348
v -0.061380 -0.545197 2.852348
v -0.061380 -0.545197 2.852348
v -0.061380 -0.545197 2.852348
v -0.061380 0.184138 3.097867
v -0.061380 0.184138 3.097867
v -0.061380 0.184138 3.097867
v -0.061380 0.184138 3.097867
v -0.061380 0.234688 3.177299
v -0.061380 0.234688 3.177299
v -0.061380 0.234688 3.177299
v -0.061380 0.234688 3.177299
v -0.061380 0.234688 3.177299
v -0.061380 0.234688 3.184520
v -0.061380 0.234688 3.184520
v -0.061380 0.234688 3.184520
v -0.061380 -0.111928 3.285616
v -0.061380 -0.111928 3.285616
v -0.061380 -0.111928 3.285616
v -0.061380 -0.126369 3.285616
v -0.061380 -0.126369 3.285616
v -0.061380 -0.097486 3.408376
v -0.061380 -0.097486 3.408376
v -0.061380 -0.097486 3.552799
v -0.061380 0.205803 3.625009
v -0.061380 0.205803 3.625009
v -0.061380 0.205803 3.625009
v -0.061380 0.205803 3.625009
v -0.061380 0.205803 3.625009
v -0.061380 0.205803 3.632231
v -0.061380 0.205803 3.632231
v -0.061380 0.205803 3.632231
v -0.061380 -0.010832 3.646674
v -0.061380 -0.010832 3.646674
v -0.061380 0.018052 3.653894
v -0.061380 0.032495 3.653894
v -0.061380 0.032495 3.653894
v -0.061380 0.032495 3.653894
v -0.061380 -0.343004 1.328688
v -0.061380 -0.343004 1.328688
v -0.061380 -0.328561 0.823210
v -0.061380 -0.328561 0.823210
v -0.061380 -0.328561 0.758219
v -0.061380 -0.328561 0.758219
v -0.061380 -0.328561 0.758219
v -0.068602 0.335783 2.079688
v -0.068602 0.335783 2.079688
v -0.068602 0.335783 2.079688
v -0.068602 0.335783 2.079688
v -0.068602 0.335783 2.079688
v -0.068602 -0.213023 2.440744
v -0.068602 -0.653513 2.592387
v -0.068602 -0.653513 2.592387
v -0.068602 -0.653513 2.592387
v -0.068602 -0.595744 2.606830
v -0.068602 -0.595744 2.606830
v -0.068602 -0.595744 2.606830
v -0.068602 -0.537975 2.621272
v -0.068602 -0.537975 2.621272
v -0.068602 -0.537975 2.621272
v -0.068602 -0.472984 2.931781
v -0.068602 -0.472984 2.931781
v -0.068602 0.176918 3.097867
v -0.068602 0.176918 3.097867
v -0.068602 0.176918 3.097867
v -0.068602 0.198581 3.141194
v -0.068602 0.198581 3.141194
v -0.068602 0.220244 3.177299
v -0.068602 0.220244 3.177299
v -0.068602 0.220244 3.177299
v -0.068602 0.220244 3.177299
v -0.068602 0.198581 3.437260
v -0.068602 0.198581 3.437260
v -0.068602 -0.097486 3.451703
v -0.068602 0.220244 3.502251
v -0.068602 -0.119149 3.509471
v -0.068602 -0.119149 3.509471
v -0.068602 -0.126369 3.509471
v -0.068602 -0.126369 3.509471
v -0.068602 -0.119149 3.516692
v -0.068602 -0.119149 3.516692
v -0.068602 -0.119149 3.516692
v -0.068602 -0.126369 3.516692
v -0.068602 -0.126369 3.516692
v -0.068602 -0.126369 3.516692
v -0.068602 -0.104706 3.538355
v -0.068602 -0.133591 3.574462
v -0.068602 -0.133591 3.574462
v -0.068602 -0.133591 3.574462
v -0.068602 -0.054158 3.617789
v -0.068602 -0.054158 3.617789
v -0.068602 -0.054158 3.617789
v -0.068602 -0.054158 3.617789
v -0.068602 -0.054158 3.617789
v -0.068602 -0.054158 3.617789
v -0.068602 -0.054158 3.617789
v -0.068602 -0.032495 3.632231
v -0.068602 -0.032495 3.632231
v -0.068602 -0.032495 3.632231
v -0.068602 -0.032495 3.632231
v -0.068602 -0.032495 3.632231
v -0.068602 -0.046937 3.632231
v -0.068602 -0.046937 3.632231
v -0.068602 -0.046937 3.632231
v -0.068602 -0.119149 1.501996
v -0.068602 -0.119149 1.501996
v -0.068602 -0.328561 1.429785
v -0.068602 -0.328561 1.429785
v -0.068602 -0.321341 0.888199
v -0.068602 -0.321341 0.888199
v -0.068602 -0.321341 0.888199
v -0.068602 -0.241907 0.815989
v -0.068602 -0.241907 0.815989
v -0.068602 -0.241907 0.815989
v -0.068602 -0.241907 0.815989
v -0.075821 0.205803 1.884717
v -0.075821 0.205803 1.884717
v -0.075821 -0.646292 2.606830
v -0.075821 -0.646292 2.606830
v -0.075821 -0.646292 2.606830
v -0.075821 -0.646292 2.606830
v -0.075821 -0.595744 2.780138
v -0.075821 -0.595744 2.780138
v -0.075821 -0.343004 2.809022
v -0.075821 -0.343004 2.809022
v -0.075821 -0.343004 2.809022
v -0.075821 -0.343004 2.809022
v -0.075821 -0.343004 2.809022
v -0.075821 0.111928 3.141194
v -0.075821 0.111928 3.141194
v -0.075821 0.111928 3.141194
v -0.075821 0.111928 3.141194
v -0.075821 0.111928 3.141194
v -0.075821 0.191360 3.148414
v -0.075821 0.191360 3.148414
v -0.075821 0.191360 3.148414
v -0.075821 0.191360 3.148414
v -0.075821 0.220244 3.184520
v -0.075821 0.220244 3.184520
v -0.075821 0.220244 3.184520
v -0.075821 0.220244 3.184520
v -0.075821 -0.090265 3.278396
v -0.075821 -0.090265 3.278396
v -0.075821 -0.090265 3.278396
v -0.075821 0.205803 3.379491
v -0.075821 0.205803 3.379491
v -0.075821 -0.090265 3.401154
v -0.075821 -0.090265 3.401154
v -0.075821 -0.090265 3.401154
v -0.075821 0.227466 3.422819
v -0.075821 0.227466 3.422819
v -0.075821 0.227466 3.422819
v -0.075821 0.191360 3.430039
v -0.075821 0.191360 3.430039
v -0.075821 0.191360 3.430039
v -0.075821 -0.068602 3.610568
v -0.075821 -0.068602 3.610568
v -0.075821 0.184138 3.625009
v -0.075821 0.184138 3.625009
v -0.075821 0.184138 3.625009
v -0.075821 0.184138 3.625009
v -0.075821 0.191360 3.632231
v -0.075821 0.191360 3.632231
v -0.075821 -0.111928 1.603093
v -0.075821 -0.111928 1.603093
v -0.075821 -0.111928 1.603093
v -0.075821 -0.176918 1.155382
v -0.075821 -0.176918 1.155382
v -0.075821 -0.241907 0.880978
v -0.075821 -0.241907 0.880978
v -0.075821 -0.241907 0.880978
v -0.075821 -0.241907 0.750998
v -0.075821 -0.241907 0.750998
v -0.075821 -0.241907 0.750998
v -0.083043 0.314120 2.224109
v -0.083043 0.314120 2.224109
v -0.083043 -0.234688 2.224109
v -0.083043 0.306898 2.267437
v -0.083043 0.306898 2.267437
v -0.083043 0.306898 2.267437
v -0.083043 0.306898 2.267437
v -0.083043 0.306898 2.267437
v -0.083043 0.306898 2.267437
v -0.083043 -0.213023 2.339647
v -0.083043 -0.213023 2.339647
v -0.083043 -0.213023 2.339647
v -0.083043 -0.213023 2.339647
v -0.083043 -0.213023 2.339647
v -0.083043 -0.234688 2.346869
v -0.083043 -0.234688 2.346869
v -0.083043 -0.176918 2.411860
v -0.083043 -0.176918 2.411860
v -0.083043 -0.581301 2.512955
v -0.083043 0.386330 2.556283
v -0.083043 0.386330 2.556283
v -0.083043 0.386330 2.556283
v -0.083043 -0.472984 2.621272
v -0.083043 -0.472984 2.621272
v -0.083043 -0.472984 2.621272
v -0.083043 -0.574079 2.642935
v -0.083043 -0.574079 2.642935
v -0.083043 0.429658 2.693484
v -0.083043 0.429658 2.693484
v -0.083043 0.140812 3.314500
v -0.083043 0.140812 3.314500
v -0.083043 -0.083043 3.372269
v -0.083043 0.176918 3.393934
v -0.083043 0.176918 3.393934
v -0.083043 0.176918 3.393934
v -0.083043 0.234688 3.444482
v -0.083043 0.234688 3.444482
v -0.083043 0.234688 3.444482
v -0.083043 -0.104706 3.451703
v -0.083043 -0.104706 3.451703
v -0.083043 0.227466 3.473366
v -0.083043 0.227466 3.473366
v -0.083043 0.227466 3.473366
v -0.083043 0.227466 3.473366
v -0.083043 -0.104706 3.495029
v -0.083043 -0.111928 3.531136
v -0.083043 -0.111928 3.531136
v -0.083043 -0.111928 3.531136
v -0.083043 -0.126369 3.531136
v -0.083043 -0.126369 3.531136
v -0.083043 0.220244 3.538355
v -0.083043 0.220244 3.538355
v -0.083043 0.227466 3.552799
v -0.083043 0.227466 3.552799
v -0.083043 0.227466 3.552799
v -0.083043 0.220244 3.567240
v -0.083043 0.220244 3.567240
v -0.083043 0.227466 3.581683
v -0.083043 0.227466 3.581683
v -0.083043 0.227466 3.581683
v -0.083043 -0.090265 3.581683
v -0.083043 0.205803 3.610568
v -0.083043 0.205803 3.610568
v -0.083043 0.205803 3.610568
v -0.083043 0.205803 3.610568
v -0.083043 0.205803 3.610568
v -0.083043 0.205803 3.610568
v -0.083043 0.213023 3.617789
v -0.083043 0.213023 3.617789
v -0.083043 0.213023 3.617789
v -0.083043 0.205803 3.632231
v -0.083043 0.205803 3.632231
v -0.083043 0.205803 3.632231
v -0.083043 -0.350226 1.177045
v -0.083043 -0.350226 1.177045
v -0.083043 -0.357446 0.859315
v -0.083043 -0.357446 0.859315
v -0.090265 0.256351 2.390195
v -0.090265 0.256351 2.390195
v -0.090265 0.256351 2.390195
v -0.090265 0.256351 2.390195
v -0.090265 -0.523532 2.534618
v -0.090265 -0.523532 2.534618
v -0.090265 -0.588523 2.563502
v -0.090265 -0.588523 2.563502
v -0.090265 -0.530753 2.570724
v -0.090265 -0.530753 2.570724
v -0.090265 -0.530753 2.570724
v -0.090265 -0.530753 2.570724
v -0.090265 -0.480206 2.628493
v -0.090265 -0.480206 2.628493
v -0.090265 -0.480206 2.628493
v -0.090265 0.350226 2.910118
v -0.090265 0.350226 2.910118
v -0.090265 -0.472984 3.025656
v -0.090265 -0.472984 3.025656
v -0.090265 0.140812 3.097867
v -0.090265 0.140812 3.097867
v -0.090265 0.097486 3.206183
v -0.090265 0.097486 3.206183
v -0.090265 -0.097486 3.213405
v -0.090265 -0.097486 3.213405
v -0.090265 -0.097486 3.213405
v -0.090265 -0.097486 3.213405
v -0.090265 0.213023 3.451703
v -0.090265 0.213023 3.451703
v -0.090265 0.213023 3.451703
v -0.090265 0.213023 3.451703
v -0.090265 -0.111928 3.509471
v -0.090265 -0.111928 3.509471
v -0.090265 -0.111928 3.509471
v -0.090265 -0.111928 3.509471
v -0.090265 -0.126369 3.516692
v -0.090265 -0.126369 3.516692
v -0.090265 -0.097486 3.567240
v -0.090265 -0.119149 3.574462
v -0.090265 -0.119149 3.574462
v -0.090265 -0.119149 3.574462
v -0.090265 0.220244 3.596125
v -0.090265 0.220244 3.596125
v -0.090265 0.176918 3.639452
v -0.090265 0.176918 3.639452
v -0.090265 0.176918 3.639452
v -0.090265 0.176918 3.639452
v -0.090265 0.176918 3.639452
v -0.090265 0.097486 3.690000
v -0.090265 0.097486 3.690000
v -0.090265 0.097486 3.690000
v -0.090265 0.097486 3.690000
v -0.090265 -0.198581 1.018181
v -0.090265 -0.364667 0.996516
v -0.090265 -0.364667 0.996516
v -0.090265 -0.364667 0.909862
v -0.090265 -0.364667 0.909862
v -0.097486 -0.234688 2.086907
v -0.097484 0.321341 2.274658
v -0.097484 0.321341 2.274658
v -0.097484 0.321341 2.274658
v -0.097486 -0.588523 2.599609
v -0.097486 -0.588523 2.599609
v -0.097486 -0.646292 2.679041
v -0.097486 -0.646292 2.679041
v -0.097486 -0.350226 2.816242
v -0.097486 -0.350226 2.816242
v -0.097486 -0.350226 2.816242
v -0.097486 -0.350226 2.816242
v -0.097486 -0.350226 2.816242
v -0.097486 -0.090265 3.444482
v -0.097486 -0.090265 3.444482
v -0.097486 -0.111928 3.552799
v -0.097486 -0.111928 3.552799
v -0.097486 -0.111928 3.552799
v -0.097486 -0.111928 3.552799
v -0.097486 -0.126369 3.567240
v -0.097486 -0.126369 3.567240
v -0.097486 -0.126369 3.567240
v -0.097486 -0.126369 3.574462
v -0.097486 -0.126369 3.574462
v -0.097486 0.104706 3.646674
v -0.097486 0.133591 3.646674
v -0.097486 0.090265 3.653894
v -0.097486 0.090265 3.653894
v -0.097486 0.119149 3.653894
v -0.097486 0.155254 3.653894
v -0.097486 0.155254 3.653894
v -0.097486 -0.292457 1.523659
v -0.097486 -0.292457 1.523659
v -0.097486 -0.220244 0.852095
v -0.097486 -0.220244 0.852095
v -0.097486 -0.220244 0.852095
v -0.104706 -0.263572 1.928043
v -0.104706 -0.631849 2.512955
v -0.104706 -0.631849 2.512955
v -0.104706 0.415215 2.556283
v -0.104706 0.415215 2.556283
v -0.104706 -0.631849 2.563502
v -0.104706 -0.631849 2.563502
v -0.104706 -0.631849 2.563502
v -0.104706 -0.472984 2.570724
v -0.104706 -0.472984 2.570724
v -0.104706 -0.704061 2.606830
v -0.104706 -0.704061 2.606830
v -0.104706 -0.704061 2.606830
v -0.104706 0.314120 2.809022
v -0.104706 0.256351 3.003993
v -0.104706 0.256351 3.003993
v -0.104706 0.256351 3.003993
v -0.104706 0.054158 3.119530
v -0.104706 0.054158 3.119530
v -0.104706 0.054158 3.119530
v -0.104706 0.054158 3.119530
v -0.104706 0.184138 3.343385
v -0.104706 0.184138 3.343385
v -0.104706 0.162475 3.350606
v -0.104706 0.162475 3.350606
v -0.104706 -0.126369 3.495029
v -0.104706 -0.126369 3.495029
v -0.104706 -0.126369 3.495029
v -0.104706 0.184138 3.639452
v -0.104706 0.184138 3.639452
v -0.104706 0.184138 3.639452
v -0.104706 0.184138 3.639452
v -0.104706 0.061380 3.675559
v -0.111928 0.018052 1.884717
v -0.111928 -0.552416 2.462407
v -0.111928 -0.552416 2.462407
v -0.111928 -0.501869 2.476849
v -0.111928 -0.501869 2.476849
v -0.111928 -0.501869 2.476849
v -0.111928 -0.501869 2.476849
v -0.111928 -0.566860 2.484070
v -0.111928 -0.689618 2.614050
v -0.111928 -0.689618 2.614050
v -0.111928 -0.689618 2.614050
v -0.111928 -0.436878 2.635715
v -0.111928 -0.436878 2.635715
v -0.111928 -0.436878 2.635715
v -0.111928 0.270792 2.722369
v -0.111928 0.270792 2.722369
v -0.111928 -0.400774 2.744032
v -0.111928 -0.364667 2.801801
v -0.111928 -0.364667 2.801801
v -0.111928 -0.364667 2.801801
v -0.111928 -0.162475 3.206183
v -0.111928 -0.162475 3.206183
v -0.111928 0.126369 3.278396
v -0.111928 0.126369 3.278396
v -0.111928 0.126369 3.278396
v -0.111928 0.140812 3.300059
v -0.111928 0.140812 3.300059
v -0.111928 0.140812 3.300059
v -0.111928 0.140812 3.300059
v -0.111928 -0.083043 3.437260
v -0.111928 -0.083043 3.437260
v -0.111928 0.220244 3.451703
v -0.111928 0.220244 3.451703
v -0.111928 0.220244 3.451703
v -0.111928 0.220244 3.451703
v -0.111928 0.220244 3.451703
v -0.111928 0.220244 3.451703
v -0.111928 0.220244 3.451703
v -0.111928 0.234688 3.451703
v -0.111928 0.234688 3.451703
v -0.111928 0.234688 3.451703
v -0.111928 0.306898 3.480586
v -0.111928 0.306898 3.480586
v -0.111928 0.306898 3.480586
v -0.111928 0.306898 3.480586
v -0.111928 0.306898 3.480586
v -0.111928 -0.111928 3.509471
v -0.111928 -0.111928 3.509471
v -0.111928 -0.119149 3.531136
v -0.111928 0.234688 3.545577
v -0.111928 0.234688 3.545577
v -0.111928 -0.119149 3.545577
v -0.111928 0.241907 3.560020
v -0.111928 0.241907 3.560020
v -0.111928 0.241907 3.560020
v -0.111928 0.241907 3.560020
v -0.111928 0.234688 3.567240
v -0.111928 0.234688 3.567240
v -0.111928 0.234688 3.567240
v -0.111928 -0.090265 3.588905
v -0.111928 0.205803 3.610568
v -0.111928 0.205803 3.610568
v -0.111928 0.213023 3.617789
v -0.111928 0.213023 3.617789
v -0.111928 0.205803 3.632231
v -0.111928 0.205803 3.632231
v -0.111928 0.104706 3.682778
v -0.111928 0.104706 3.682778
v -0.111928 -0.270792 1.783620
v -0.111928 -0.343004 0.888199
v -0.111928 -0.343004 0.888199
v -0.111928 -0.357446 0.823210
v -0.111928 -0.357446 0.758219
v -0.111928 -0.357446 0.758219
v -0.119149 0.444100 2.577946
v -0.119149 0.458543 2.642935
v -0.119149 0.458543 2.642935
v -0.119149 0.321341 2.664599
v -0.119149 0.321341 2.664599
v -0.119149 0.321341 2.664599
v -0.119149 -0.458543 2.664599
v -0.119149 -0.458543 2.664599
v -0.119149 -0.458543 2.664599
v -0.119149 0.270792 3.018434
v -0.119149 0.270792 3.018434
v -0.119149 -0.068602 3.148414
v -0.119149 -0.068602 3.148414
v -0.119149 -0.068602 3.148414
v -0.119149 -0.068602 3.148414
v -0.119149 -0.068602 3.148414
v -0.119149 -0.068602 3.148414
v -0.119149 -0.068602 3.148414
v -0.119149 -0.068602 3.148414
v -0.119149 -0.379109 3.148414
v -0.119149 -0.379109 3.148414
v -0.119149 -0.054158 3.155636
v -0.119149 -0.054158 3.155636
v -0.119149 -0.256351 3.191742
v -0.119149 -0.256351 3.191742
v -0.119149 -0.097486 3.249511
v -0.119149 -0.097486 3.249511
v -0.119149 -0.097486 3.249511
v -0.119149 0.148034 3.271174
v -0.119149 0.148034 3.271174
v -0.119149 0.148034 3.271174
v -0.119149 0.148034 3.271174
v -0.119149 0.227466 3.473366
v -0.119149 0.227466 3.473366
v -0.119149 -0.104706 3.487808
v -0.119149 -0.104706 3.487808
v -0.119149 -0.104706 3.487808
v -0.119149 -0.104706 3.487808
v -0.119149 0.234688 3.495029
v -0.119149 0.234688 3.495029
v -0.119149 0.241907 3.516692
v -0.119149 -0.119149 3.516692
v -0.119149 -0.119149 3.516692
v -0.119149 -0.119149 3.516692
v -0.119149 0.241907 3.581683
v -0.119149 0.241907 3.581683
v -0.119149 0.241907 3.581683
v -0.119149 -0.090265 3.581683
v -0.119149 -0.104706 3.581683
v -0.119149 -0.104706 3.581683
v -0.119149 -0.010832 3.661115
v -0.119149 -0.010832 3.661115
v -0.119149 -0.010832 3.661115
v -0.119149 0.010832 3.668337
v -0.119149 0.032495 3.668337
v -0.119149 0.090265 3.682778
v -0.119149 0.090265 3.682778
v -0.119149 0.090265 3.682778
v -0.119149 0.097486 3.690000
v -0.119149 0.097486 3.690000
v -0.119149 0.097486 3.690000
v -0.119149 0.104706 3.690000
v -0.119149 0.104706 3.690000
v -0.119149 -0.270792 1.631977
v -0.119149 -0.205803 0.902642
v -0.119149 -0.205803 0.902642
v -0.126369 0.169697 2.036360
v -0.126369 0.169697 2.036360
v -0.126369 0.169697 2.036360
v -0.126369 0.169697 2.036360
v -0.126369 0.169697 2.036360
v -0.126371 -0.545197 2.462407
v -0.126371 -0.545197 2.462407
v -0.126371 -0.545197 2.462407
v -0.126371 -0.545197 2.462407
v -0.126371 -0.458543 2.498513
v -0.126371 -0.458543 2.498513
v -0.126371 -0.458543 2.498513
v -0.126371 -0.458543 2.498513
v -0.126371 -0.660733 2.606830
v -0.126371 -0.660733 2.606830
v -0.126371 -0.444100 2.635715
v -0.126371 -0.480206 2.635715
v -0.126371 -0.480206 2.635715
v -0.126371 -0.480206 2.635715
v -0.126369 0.350226 2.700704
v -0.126369 0.350226 2.700704
v -0.126369 0.350226 2.700704
v -0.126369 0.350226 2.700704
v -0.126369 0.075821 3.076204
v -0.126369 0.075821 3.076204
v -0.126369 -0.061380 3.242290
v -0.126369 -0.061380 3.242290
v -0.126369 -0.061380 3.242290
v -0.126369 -0.061380 3.242290
v -0.126369 -0.111928 3.249511
v -0.126369 -0.111928 3.249511
v -0.126369 -0.111928 3.249511
v -0.126369 0.162475 3.292837
v -0.126369 0.162475 3.292837
v -0.126369 0.162475 3.292837
v -0.126369 0.162475 3.292837
v -0.126369 0.155254 3.328943
v -0.126369 0.155254 3.328943
v -0.126369 0.155254 3.328943
v -0.126369 -0.097486 3.473366
v -0.126369 -0.097486 3.473366
v -0.126369 -0.097486 3.473366
v -0.126369 -0.097486 3.473366
v -0.126369 -0.119149 3.495029
v -0.126369 -0.119149 3.495029
v -0.126369 -0.119149 3.495029
v -0.126369 -0.111928 3.502251
v -0.126369 -0.111928 3.502251
v -0.126369 -0.111928 3.502251
v -0.126369 -0.119149 3.502251
v -0.126369 -0.119149 3.502251
v -0.126369 -0.119149 3.509471
v -0.126369 -0.119149 3.509471
v -0.126369 -0.119149 3.509471
v -0.126369 -0.119149 3.509471
v -0.126369 -0.119149 3.567240
v -0.126369 -0.119149 3.567240
v -0.126369 -0.119149 3.581683
v -0.126369 -0.119149 3.581683
v -0.126369 0.227466 3.588905
v -0.126369 0.227466 3.588905
v -0.126369 0.227466 3.588905
v -0.126369 0.227466 3.588905
v -0.126369 0.227466 3.588905
v -0.126369 -0.025274 3.646674
v -0.126369 -0.025274 3.646674
v -0.126369 -0.025274 3.646674
v -0.126369 -0.039717 3.646674
v -0.126369 -0.039717 3.646674
v -0.126369 -0.039717 3.646674
v -0.126369 -0.039717 3.646674
v -0.126371 -0.379109 0.866536
v -0.126371 -0.379109 0.866536
v -0.126371 -0.220244 0.815989
v -0.126371 -0.220244 0.815989
v -0.126371 -0.220244 0.815989
v -0.126371 -0.227466 0.750998
v -0.126371 -0.227466 0.750998
v -0.126371 -0.227466 0.750998
v -0.133591 -0.588523 2.455186
v -0.133591 -0.588523 2.455186
v -0.133591 -0.602964 2.476849
v -0.133591 -0.602964 2.476849
v -0.133591 -0.436878 2.585167
v -0.133591 -0.501869 2.606830
v -0.133591 -0.501869 2.606830
v -0.133591 -0.501869 2.606830
v -0.133591 -0.501869 2.606830
v -0.133591 -0.501869 2.606830
v -0.133591 0.321341 2.614050
v -0.133591 0.321341 2.614050
v -0.133591 -0.494647 2.628493
v -0.133591 -0.494647 2.628493
v -0.133591 -0.494647 2.628493
v -0.133591 0.299677 2.679041
v -0.133591 0.299677 2.679041
v -0.133591 0.299677 2.679041
v -0.133591 0.299677 2.679041
v -0.133591 -0.003611 3.133973
v -0.133591 -0.003611 3.133973
v -0.133591 0.054158 3.184520
v -0.133591 0.054158 3.184520
v -0.133591 0.054158 3.184520
v -0.133591 0.054158 3.184520
v -0.133591 0.054158 3.184520
v -0.133591 -0.010832 3.206183
v -0.133591 -0.010832 3.206183
v -0.133591 0.169697 3.321722
v -0.133591 0.169697 3.321722
v -0.133591 0.169697 3.321722
v -0.133591 0.169697 3.321722
v -0.133591 -0.068602 3.336165
v -0.133591 -0.068602 3.336165
v -0.133591 0.220244 3.430039
v -0.133591 0.220244 3.430039
v -0.133591 0.220244 3.430039
v -0.133591 0.220244 3.430039
v -0.133591 -0.083043 3.430039
v -0.133591 -0.083043 3.430039
v -0.133591 -0.083043 3.430039
v -0.133591 -0.090265 3.466145
v -0.133591 -0.090265 3.466145
v -0.133591 -0.090265 3.466145
v -0.133591 0.285235 3.480586
v -0.133591 0.285235 3.480586
v -0.133591 0.285235 3.495029
v -0.133591 0.285235 3.495029
v -0.133591 -0.104706 3.567240
v -0.133591 -0.104706 3.567240
v -0.133591 -0.068602 3.625009
v -0.133591 -0.068602 3.625009
v -0.133591 -0.046937 3.632231
v -0.133591 -0.046937 3.632231
v -0.133591 -0.046937 3.632231
v -0.133591 -0.054158 3.632231
v -0.133591 -0.054158 3.632231
v -0.133591 -0.104706 1.458670
v -0.133591 -0.104706 1.458670
v -0.133591 -0.227466 0.880978
v -0.133591 -0.227466 0.880978
v -0.133591 -0.227466 0.880978
v -0.133591 -0.227466 0.880978
v -0.140812 0.270792 2.390195
v -0.140812 0.270792 2.390195
v -0.140812 0.270792 2.390195
v -0.140812 -0.501869 2.484070
v -0.140812 -0.501869 2.484070
v -0.140812 -0.501869 2.484070
v -0.140812 -0.667955 2.563502
v -0.140812 -0.667955 2.563502
v -0.140812 -0.667955 2.563502
v -0.140812 0.256351 2.621272
v -0.140812 0.256351 2.621272
v -0.140812 0.256351 2.621272
v -0.140812 0.256351 2.621272
v -0.140812 0.256351 2.621272
v -0.140812 0.299677 2.679041
v -0.140812 0.299677 2.679041
v -0.140812 0.299677 2.679041
v -0.140812 0.328561 2.715147
v -0.140812 0.328561 2.715147
v -0.140812 0.328561 2.715147
v -0.140812 0.191360 3.003993
v -0.140812 0.191360 3.003993
v -0.140812 0.191360 3.003993
v -0.140812 0.191360 3.003993
v -0.140812 0.090265 3.249511
v -0.140812 0.090265 3.249511
v -0.140812 0.090265 3.249511
v -0.140812 0.191360 3.372269
v -0.140812 0.191360 3.372269
v -0.140812 0.213023 3.437260
v -0.140812 0.213023 3.437260
v -0.140812 0.213023 3.437260
v -0.140812 0.213023 3.437260
v -0.140812 -0.119149 3.466145
v -0.140812 -0.119149 3.466145
v -0.140812 -0.119149 3.466145
v -0.140812 0.292457 3.480586
v -0.140812 0.292457 3.480586
v -0.140812 0.292457 3.487808
v -0.140812 0.292457 3.487808
v -0.140812 0.292457 3.487808
v -0.140812 0.299677 3.487808
v -0.140812 0.299677 3.487808
v -0.140812 0.299677 3.487808
v -0.140812 0.299677 3.487808
v -0.140812 -0.119149 3.560020
v -0.140812 -0.119149 3.560020
v -0.140812 -0.083043 3.603346
v -0.140812 -0.083043 3.603346
v -0.140812 0.169697 3.639452
v -0.140812 0.169697 3.639452
v -0.140812 0.119149 3.653894
v -0.140812 0.148034 3.653894
v -0.140812 0.148034 3.653894
v -0.140812 0.148034 3.653894
v -0.140812 0.148034 3.653894
v -0.140812 0.104706 3.668337
v -0.140812 0.104706 3.668337
v -0.140812 0.104706 3.668337
v -0.140812 0.083043 3.682778
v -0.140812 0.083043 3.682778
v -0.140812 0.083043 3.682778
v -0.140812 -0.010832 1.740294
v -0.140812 -0.010832 1.740294
v -0.140812 -0.111928 1.386457
v -0.140812 -0.111928 1.386457
v -0.140812 -0.292457 0.859315
v -0.148034 0.126369 2.050803
v -0.148034 0.126369 2.050803
v -0.148034 0.126369 2.050803
v -0.148034 -0.574079 2.455186
v -0.148034 -0.574079 2.455186
v -0.148034 -0.530753 2.476849
v -0.148034 -0.530753 2.476849
v -0.148034 -0.530753 2.476849
v -0.148034 -0.530753 2.476849
v -0.148034 0.256351 2.498513
v -0.148034 0.256351 2.498513
v -0.148034 -0.472984 2.505733
v -0.148034 -0.472984 2.505733
v -0.148034 -0.472984 2.505733
v -0.148034 -0.523532 2.505733
v -0.148034 -0.523532 2.505733
v -0.148034 -0.523532 2.505733
v -0.148034 -0.667955 2.512955
v -0.148034 -0.667955 2.512955
v -0.148034 -0.667955 2.512955
v -0.148034 -0.176918 2.541839
v -0.148034 -0.176918 2.541839
v -0.148034 -0.176918 2.541839
v -0.148034 -0.191360 2.599609
v -0.148034 -0.191360 2.599609
v -0.148034 0.299677 2.621272
v -0.148034 0.299677 2.621272
v -0.148034 0.328561 2.715147
v -0.148034 0.328561 2.715147
v -0.148034 0.328561 2.715147
v -0.148034 0.285235 2.729588
v -0.148034 0.285235 2.729588
v -0.148034 0.285235 2.729588
v -0.148034 0.205803 3.408376
v -0.148034 0.205803 3.408376
v -0.148034 0.205803 3.408376
v -0.148034 0.205803 3.408376
v -0.148034 0.205803 3.408376
v -0.148034 -0.111928 3.422819
v -0.148034 -0.111928 3.422819
v -0.148034 -0.097486 3.487808
v -0.148034 -0.097486 3.487808
v -0.148034 -0.097486 3.487808
v -0.148034 -0.097486 3.487808
v -0.148034 0.270792 3.502251
v -0.148034 0.270792 3.502251
v -0.148034 0.270792 3.502251
v -0.148034 -0.104706 3.516692
v -0.148034 -0.104706 3.516692
v -0.148034 -0.119149 3.531136
v -0.148034 -0.119149 3.531136
v -0.148034 -0.119149 3.545577
v -0.148034 -0.090265 3.596125
v -0.148034 -0.090265 3.596125
v -0.148034 0.198581 3.632231
v -0.148034 0.198581 3.632231
v -0.148034 0.097486 3.661115
v -0.148034 0.111928 3.682778
v -0.148034 0.111928 3.682778
v -0.148034 0.111928 3.682778
v -0.148034 0.097486 3.690000
v -0.148034 -0.220244 0.859315
v -0.148034 -0.220244 0.859315
v -0.155254 0.220244 2.101351
v -0.155254 0.220244 2.101351
v -0.155254 0.220244 2.101351
v -0.155254 0.220244 2.101351
v -0.155254 -0.422437 2.527398
v -0.155254 -0.422437 2.527398
v -0.155254 -0.198581 2.570724
v -0.155254 -0.198581 2.570724
v -0.155254 -0.198581 2.570724
v -0.155254 0.335783 2.577946
v -0.155254 0.335783 2.577946
v -0.155254 0.299677 2.621272
v -0.155254 0.299677 2.621272
v -0.155254 0.263572 2.686262
v -0.155254 0.263572 2.686262
v -0.155254 0.386330 2.693484
v -0.155254 0.386330 2.693484
v -0.155254 0.386330 2.693484
v -0.155254 -0.249129 2.700704
v -0.155254 0.386330 2.707925
v -0.155254 0.386330 2.707925
v -0.155254 0.386330 2.707925
v -0.155254 0.386330 2.707925
v -0.155254 -0.306898 2.787358
v -0.155254 -0.306898 2.787358
v -0.155254 -0.429658 3.126751
v -0.155254 -0.429658 3.126751
v -0.155254 -0.429658 3.126751
v -0.155254 -0.054158 3.300059
v -0.155254 -0.054158 3.300059
v -0.155254 -0.054158 3.300059
v -0.155254 -0.061380 3.328943
v -0.155254 -0.061380 3.328943
v -0.155254 -0.068602 3.379491
v -0.155254 -0.068602 3.379491
v -0.155254 -0.068602 3.379491
v -0.155254 -0.068602 3.379491
v -0.155254 0.220244 3.437260
v -0.155254 0.220244 3.437260
v -0.155254 0.234688 3.473366
v -0.155254 0.234688 3.473366
v -0.155254 0.234688 3.473366
v -0.155254 0.234688 3.473366
v -0.155254 0.263572 3.487808
v -0.155254 0.263572 3.487808
v -0.155254 -0.119149 3.487808
v -0.155254 -0.119149 3.487808
v -0.155254 -0.119149 3.487808
v -0.155254 -0.119149 3.487808
v -0.155254 0.241907 3.495029
v -0.155254 0.241907 3.495029
v -0.155254 -0.111928 3.502251
v -0.155254 -0.111928 3.502251
v -0.155254 -0.111928 3.502251
v -0.155254 -0.111928 3.502251
v -0.155254 -0.119149 3.509471
v -0.155254 -0.119149 3.509471
v -0.155254 -0.119149 3.509471
v -0.155254 -0.111928 3.516692
v -0.155254 -0.111928 3.516692
v -0.155254 -0.111928 3.516692
v -0.155254 -0.111928 3.516692
v -0.155254 -0.111928 3.516692
v -0.155254 0.249129 3.523914
v -0.155254 -0.111928 3.523914
v -0.155254 0.241907 3.552799
v -0.155254 0.241907 3.552799
v -0.155254 0.241907 3.560020
v -0.155254 0.241907 3.560020
v -0.155254 0.241907 3.560020
v -0.155254 0.241907 3.574462
v -0.155254 0.241907 3.574462
v -0.155254 -0.090265 3.596125
v -0.155254 -0.090265 3.596125
v -0.155254 -0.090265 3.596125
v -0.155254 -0.090265 3.596125
v -0.155254 0.205803 3.610568
v -0.155254 0.205803 3.610568
v -0.155254 0.205803 3.610568
v -0.155254 0.205803 3.610568
v -0.155254 0.205803 3.610568
v -0.155254 0.205803 3.610568
v -0.155254 -0.061380 1.588649
v -0.155254 -0.061380 1.588649
v -0.155254 -0.083043 1.530880
v -0.155254 -0.083043 1.530880
v -0.155254 -0.335783 1.429785
v -0.155254 -0.335783 1.429785
v -0.155254 -0.335783 1.429785
v -0.155254 -0.335783 1.429785
v -0.155254 -0.148034 1.263699
v -0.155254 -0.148034 1.263699
v -0.155254 -0.148034 1.263699
v -0.162475 -0.566860 2.469629
v -0.162475 -0.566860 2.469629
v -0.162475 -0.566860 2.469629
v -0.162475 -0.725724 2.628493
v -0.162475 -0.725724 2.628493
v -0.162475 -0.711283 2.635715
v -0.162475 -0.711283 2.635715
v -0.162475 0.249129 2.765695
v -0.162475 0.249129 2.765695
v -0.162475 0.249129 2.765695
v -0.162475 -0.321341 2.801801
v -0.162475 -0.321341 2.801801
v -0.162475 -0.321341 2.801801
v -0.162475 0.256351 2.924559
v -0.162475 0.256351 2.924559
v -0.162475 -0.530753 2.946224
v -0.162475 -0.530753 2.946224
v -0.162475 0.003611 3.090645
v -0.162475 0.003611 3.090645
v -0.162475 -0.472984 3.090645
v -0.162475 -0.472984 3.090645
v -0.162475 -0.054158 3.097867
v -0.162475 -0.054158 3.097867
v -0.162475 -0.162475 3.148414
v -0.162475 -0.162475 3.148414
v -0.162475 -0.162475 3.148414
v -0.162475 -0.162475 3.148414
v -0.162475 -0.162475 3.148414
v -0.162475 -0.162475 3.148414
v -0.162475 -0.162475 3.148414
v -0.162475 -0.162475 3.148414
v -0.162475 -0.010832 3.256731
v -0.162475 -0.010832 3.256731
v -0.162475 -0.010832 3.256731
v -0.162475 -0.068602 3.300059
v -0.162475 -0.068602 3.300059
v -0.162475 -0.090265 3.372269
v -0.162475 -0.090265 3.372269
v -0.162475 -0.090265 3.372269
v -0.162475 0.285235 3.502251
v -0.162475 0.285235 3.502251
v -0.162475 0.256351 3.523914
v -0.162475 0.256351 3.523914
v -0.162475 0.256351 3.523914
v -0.162475 0.256351 3.523914
v -0.162475 0.256351 3.523914
v -0.162475 -0.111928 3.588905
v -0.162475 -0.111928 3.588905
v -0.162475 -0.025274 3.646674
v -0.162475 -0.025274 3.646674
v -0.162475 -0.025274 3.646674
v -0.162475 -0.205803 0.924305
v -0.169697 0.234688 2.195224
v -0.169697 0.234688 2.195224
v -0.169697 0.234688 2.195224
v -0.169697 0.234688 2.195224
v -0.169697 0.234688 2.195224
v -0.169697 0.234688 2.195224
v -0.169697 0.234688 2.195224
v -0.169697 -0.624629 2.462407
v -0.169697 -0.624629 2.462407
v -0.169697 -0.624629 2.462407
v -0.169697 -0.639070 2.484070
v -0.169697 -0.639070 2.484070
v -0.169697 -0.639070 2.484070
v -0.169697 -0.444100 2.527398
v -0.169697 -0.444100 2.527398
v -0.169697 -0.415215 2.642935
v -0.169697 -0.415215 2.642935
v -0.169697 -0.429658 2.650156
v -0.169697 -0.429658 2.650156
v -0.169697 0.220244 2.729588
v -0.169697 0.220244 2.729588
v -0.169697 0.220244 2.729588
v -0.169697 0.220244 2.729588
v -0.169697 -0.574079 2.881233
v -0.169697 -0.574079 2.881233
v -0.169697 0.270792 2.924559
v -0.169697 0.270792 2.924559
v -0.169697 0.270792 2.924559
v -0.169697 -0.501869 3.040097
v -0.169697 -0.501869 3.040097
v -0.169697 -0.083043 3.206183
v -0.169697 -0.083043 3.206183
v -0.169697 -0.083043 3.206183
v -0.169697 -0.083043 3.206183
v -0.169697 0.039717 3.227848
v -0.169697 0.039717 3.227848
v -0.169697 0.039717 3.227848
v -0.169697 0.111928 3.227848
v -0.169697 0.111928 3.227848
v -0.169697 -0.061380 3.357828
v -0.169697 -0.061380 3.357828
v -0.169697 0.213023 3.444482
v -0.169697 0.213023 3.444482
v -0.169697 0.278014 3.473366
v -0.169697 0.278014 3.473366
v -0.169697 -0.111928 3.574462
v -0.169697 -0.111928 3.574462
v -0.169697 -0.111928 3.574462
v -0.169697 -0.111928 3.574462
v -0.169697 0.227466 3.603346
v -0.169697 0.227466 3.603346
v -0.169697 0.227466 3.603346
v -0.169697 -0.039717 3.632231
v -0.169697 -0.039717 3.632231
v -0.169697 -0.039717 3.632231
v -0.169697 -0.039717 3.632231
v -0.169697 -0.039717 3.632231
v -0.169697 -0.046937 3.639452
v -0.169697 -0.046937 3.639452
v -0.169697 -0.032495 3.646674
v -0.169697 -0.032495 3.646674
v -0.169697 -0.032495 3.646674
v -0.169697 -0.075821 3.661115
v -0.169697 -0.075821 3.661115
v -0.169697 -0.075821 3.661115
v -0.169697 -0.075821 3.661115
v -0.169697 -0.075821 3.661115
v -0.169697 0.061380 3.675559
v -0.169697 0.075821 3.682778
v -0.169697 0.075821 3.682778
v -0.169697 -0.176918 1.097613
v -0.169697 -0.176918 1.097613
v -0.169697 -0.371889 0.873758
v -0.169697 -0.371889 0.873758
v -0.169697 -0.371889 0.873758
v -0.169697 -0.371889 0.873758
v -0.169697 0.530753 0.686007
v -0.169697 -0.530753 0.686007
v -0.169697 -0.530753 0.686007
v -0.176918 -0.191360 2.440744
v -0.176918 -0.191360 2.440744
v -0.176918 0.321341 2.577946
v -0.176918 0.321341 2.577946
v -0.176918 0.321341 2.577946
v -0.176918 0.321341 2.577946
v -0.176918 0.321341 2.577946
v -0.176918 -0.415215 2.599609
v -0.176918 0.371889 2.715147
v -0.176918 0.371889 2.715147
v -0.176918 0.371889 2.715147
v -0.176918 -0.624629 2.787358
v -0.176918 -0.624629 2.787358
v -0.176918 0.213023 2.823464
v -0.176918 0.213023 2.823464
v -0.176918 -0.032495 3.083425
v -0.176918 -0.032495 3.083425
v -0.176918 -0.032495 3.083425
v -0.176918 -0.046937 3.083425
v -0.176918 -0.046937 3.083425
v -0.176918 -0.046937 3.083425
v -0.176918 -0.075821 3.321722
v -0.176918 -0.075821 3.321722
v -0.176918 0.184138 3.336165
v -0.176918 0.184138 3.336165
v -0.176918 0.184138 3.336165
v -0.176918 0.184138 3.336165
v -0.176918 0.241907 3.495029
v -0.176918 0.241907 3.495029
v -0.176918 0.241907 3.495029
v -0.176918 0.241907 3.495029
v -0.176918 0.241907 3.495029
v -0.176918 0.292457 3.495029
v -0.176918 0.292457 3.495029
v -0.176918 -0.090265 3.495029
v -0.176918 -0.090265 3.495029
v -0.176918 -0.104706 3.495029
v -0.176918 -0.104706 3.495029
v -0.176918 -0.111928 3.538355
v -0.176918 -0.111928 3.538355
v -0.176918 -0.111928 3.552799
v -0.176918 -0.111928 3.567240
v -0.176918 -0.111928 3.567240
v -0.176918 -0.111928 3.567240
v -0.176918 -0.111928 3.567240
v -0.176918 -0.068602 3.625009
v -0.176918 -0.068602 3.625009
v -0.176918 0.010832 3.668337
v -0.176918 0.010832 3.668337
v -0.176918 0.104706 3.668337
v -0.176918 0.104706 3.668337
v -0.176918 0.104706 3.668337
v -0.176918 0.111928 3.675559
v -0.176918 0.111928 3.675559
v -0.176918 0.111928 3.675559
v -0.176918 0.111928 3.675559
v -0.176918 0.090265 3.690000
v -0.176918 0.090265 3.690000
v -0.176918 -0.306898 1.501996
v -0.176918 -0.306898 1.501996
v -0.176918 -0.306898 1.501996
v -0.176918 -0.350224 1.307025
v -0.176918 -0.350224 1.307025
v -0.176918 -0.350224 1.307025
v -0.176918 -0.350224 1.307025
v -0.176918 -0.350224 1.307025
v -0.176918 -0.357446 1.090391
v -0.176918 -0.357446 1.090391
v -0.176918 -0.357446 1.090391
v -0.176918 0.545197 0.613796
v -0.176918 -0.545197 0.613796
v -0.176918 -0.545197 0.613796
v -0.184138 0.090265 2.036360
v -0.184138 0.090265 2.036360
v -0.184138 0.090265 2.036360
v -0.184138 0.249129 2.195224
v -0.184138 0.249129 2.195224
v -0.184138 0.249129 2.195224
v -0.184138 0.249129 2.195224
v -0.184138 0.249129 2.195224
v -0.184138 -0.610186 2.455186
v -0.184138 -0.610186 2.455186
v -0.184138 0.371889 2.577946
v -0.184138 0.371889 2.577946
v -0.184138 0.321341 2.585167
v -0.184138 0.321341 2.585167
v -0.184138 0.321341 2.585167
v -0.184138 0.321341 2.585167
v -0.184138 0.270792 2.650156
v -0.184138 0.270792 2.650156
v -0.184138 0.270792 2.650156
v -0.184138 0.270792 2.650156
v -0.184138 0.270792 2.650156
v -0.184138 0.270792 2.650156
v -0.184138 0.407993 2.657378
v -0.184138 0.407993 2.657378
v -0.184138 0.407993 2.657378
v -0.184138 0.357446 2.707925
v -0.184138 0.357446 2.707925
v -0.184138 0.357446 2.707925
v -0.184138 -0.653513 2.722369
v -0.184138 -0.653513 2.722369
v -0.184138 -0.653513 2.722369
v -0.184138 -0.653513 2.722369
v -0.184138 0.314120 2.736810
v -0.184138 0.314120 2.736810
v -0.184138 0.314120 2.736810
v -0.184138 0.119149 2.996771
v -0.184138 0.119149 2.996771
v -0.184138 -0.068602 3.083425
v -0.184138 -0.068602 3.083425
v -0.184138 -0.097486 3.206183
v -0.184138 -0.097486 3.206183
v -0.184138 0.133591 3.242290
v -0.184138 -0.075821 3.357828
v -0.184138 -0.075821 3.357828
v -0.184138 -0.075821 3.357828
v -0.184138 -0.075821 3.357828
v -0.184138 0.278014 3.401154
v -0.184138 0.278014 3.401154
v -0.184138 0.278014 3.401154
v -0.184138 0.278014 3.401154
v -0.184138 0.278014 3.401154
v -0.184138 -0.104706 3.502251
v -0.184138 -0.104706 3.502251
v -0.184138 -0.104706 3.502251
v -0.184138 -0.104706 3.502251
v -0.184138 -0.097486 3.509471
v -0.184138 -0.097486 3.509471
v -0.184138 -0.097486 3.509471
v -0.184138 -0.097486 3.509471
v -0.184138 -0.097486 3.509471
v -0.184138 -0.097486 3.509471
v -0.184138 -0.111928 3.516692
v -0.184138 -0.111928 3.516692
v -0.184138 -0.111928 3.516692
v -0.184138 -0.111928 3.516692
v -0.184138 -0.104706 3.531136
v -0.184138 -0.104706 3.531136
v -0.184138 -0.104706 3.531136
v -0.184138 -0.104706 3.531136
v -0.184138 -0.104706 3.531136
v -0.184138 0.321341 3.545577
v -0.184138 0.321341 3.545577
v -0.184138 0.321341 3.545577
v -0.184138 0.321341 3.545577
v -0.184138 0.234688 3.581683
v -0.184138 0.234688 3.581683
v -0.184138 -0.075821 3.610568
v -0.184138 -0.075821 3.610568
v -0.184138 -0.075821 3.610568
v -0.184138 -0.068602 3.639452
v -0.184138 -0.068602 3.639452
v -0.184138 -0.068602 3.639452
v -0.184138 -0.061380 3.646674
v -0.184138 -0.061380 3.646674
v -0.184138 0.574079 0.750998
v -0.184138 0.574079 0.750998
v -0.184138 -0.574079 0.750998
v -0.184138 -0.574079 0.750998
v -0.184138 0.574079 0.686007
v -0.184138 0.574079 0.686007
v -0.184138 -0.574079 0.686007
v -0.184138 -0.574079 0.686007
v -0.191360 0.155254 2.094129
v -0.191360 0.155254 2.094129
v -0.191360 -0.169697 2.411860
v -0.191360 -0.169697 2.411860
v -0.191360 -0.169697 2.411860
v -0.191360 -0.472984 2.426301
v -0.191360 -0.472984 2.426301
v -0.191360 -0.472984 2.426301
v -0.191360 -0.400774 2.556283
v -0.191360 -0.400774 2.556283
v -0.191360 -0.689618 2.577946
v -0.191360 -0.689618 2.577946
v -0.191360 -0.689618 2.577946
v -0.191360 0.400774 2.614050
v -0.191360 0.400774 2.614050
v -0.191360 0.407993 2.664599
v -0.191360 0.407993 2.664599
v -0.191360 0.407993 2.664599
v -0.191360 0.184138 2.751253
v -0.191360 0.184138 2.751253
v -0.191360 0.191360 2.787358
v -0.191360 0.191360 2.787358
v -0.191360 -0.335783 2.794579
v -0.191360 -0.335783 2.794579
v -0.191360 -0.335783 2.794579
v -0.191360 0.227466 2.823464
v -0.191360 0.227466 2.823464
v -0.191360 -0.227466 3.141194
v -0.191360 -0.227466 3.141194
v -0.191360 -0.227466 3.141194
v -0.191360 -0.227466 3.141194
v -0.191360 -0.343004 3.155636
v -0.191360 0.234688 3.473366
v -0.191360 0.234688 3.473366
v -0.191360 0.278014 3.516692
v -0.191360 0.299677 3.538355
v -0.191360 0.299677 3.538355
v -0.191360 0.249129 3.545577
v -0.191360 0.249129 3.545577
v -0.191360 0.299677 3.545577
v -0.191360 0.299677 3.545577
v -0.191360 -0.126369 3.545577
v -0.191360 -0.126369 3.545577
v -0.191360 -0.126369 3.545577
v -0.191360 0.133591 3.646674
v -0.191360 0.133591 3.646674
v -0.191360 -0.075821 3.646674
v -0.191360 -0.075821 3.646674
v -0.191360 -0.075821 3.646674
v -0.191360 -0.061380 3.653894
v -0.191360 -0.061380 3.653894
v -0.191360 -0.068602 3.653894
v -0.191360 -0.068602 3.653894
v -0.191360 -0.364667 0.982075
v -0.191360 -0.364667 0.982075
v -0.191360 -0.364667 0.982075
v -0.191360 0.588523 0.736556
v -0.191360 0.588523 0.736556
v -0.191360 0.588523 0.736556
v -0.191360 -0.588523 0.736556
v -0.191360 -0.588523 0.736556
v -0.191360 -0.588523 0.736556
v -0.191360 0.588523 0.700450
v -0.191360 0.588523 0.700450
v -0.191360 -0.588523 0.700450
v -0.191360 -0.588523 0.700450
v -0.191360 0.588523 0.563249
v -0.191360 -0.588523 0.563249
v -0.198581 0.155254 2.361312
v -0.198581 0.155254 2.361312
v -0.198581 0.155254 2.361312
v -0.198581 -0.595744 2.476849
v -0.198581 -0.617407 2.491292
v -0.198581 -0.617407 2.491292
v -0.198581 -0.617407 2.491292
v -0.198581 -0.689618 2.527398
v -0.198581 -0.689618 2.527398
v -0.198581 0.400774 2.614050
v -0.198581 0.400774 2.614050
v -0.198581 0.400774 2.614050
v -0.198581 0.400774 2.614050
v -0.198581 -0.667955 2.671819
v -0.198581 -0.667955 2.671819
v -0.198581 0.148034 2.729588
v -0.198581 0.148034 2.729588
v -0.198581 0.148034 2.729588
v -0.198581 0.176918 2.787358
v -0.198581 0.176918 2.787358
v -0.198581 -0.068602 3.097867
v -0.198581 -0.068602 3.097867
v -0.198581 -0.068602 3.097867
v -0.198581 -0.068602 3.097867
v -0.198581 -0.068602 3.097867
v -0.198581 -0.054158 3.126751
v -0.198581 -0.054158 3.126751
v -0.198581 -0.039717 3.133973
v -0.198581 -0.039717 3.133973
v -0.198581 -0.039717 3.133973
v -0.198581 -0.039717 3.249511
v -0.198581 -0.039717 3.249511
v -0.198581 -0.039717 3.249511
v -0.198581 -0.039717 3.249511
v -0.198581 -0.083043 3.408376
v -0.198581 -0.083043 3.408376
v -0.198581 0.263572 3.430039
v -0.198581 0.263572 3.430039
v -0.198581 0.263572 3.480586
v -0.198581 0.263572 3.480586
v -0.198581 0.263572 3.480586
v -0.198581 -0.083043 3.480586
v -0.198581 -0.083043 3.480586
v -0.198581 -0.083043 3.480586
v -0.198581 -0.083043 3.480586
v -0.198581 -0.083043 3.480586
v -0.198581 -0.097486 3.480586
v -0.198581 -0.097486 3.480586
v -0.198581 -0.097486 3.480586
v -0.198581 -0.097486 3.480586
v -0.198581 0.299677 3.538355
v -0.198581 0.299677 3.538355
v -0.198581 0.299677 3.538355
v -0.198581 0.306898 3.538355
v -0.198581 0.306898 3.538355
v -0.198581 0.306898 3.545577
v -0.198581 0.306898 3.545577
v -0.198581 0.306898 3.545577
v -0.198581 -0.097486 3.603346
v -0.198581 -0.097486 3.603346
v -0.198581 -0.097486 3.603346
v -0.198581 0.169697 3.639452
v -0.198581 0.169697 3.639452
v -0.198581 0.169697 3.639452
v -0.198581 0.169697 3.639452
v -0.198581 -0.032495 3.639452
v -0.198581 -0.032495 3.639452
v -0.198581 -0.018052 3.646674
v -0.198581 -0.018052 3.646674
v -0.198581 -0.025274 3.646674
v -0.198581 -0.025274 3.646674
v -0.198581 0.104706 3.661115
v -0.198581 0.104706 3.661115
v -0.198581 0.104706 3.661115
v -0.198581 0.104706 3.661115
v -0.198581 0.104706 3.661115
v -0.198581 0.068602 3.675559
v -0.198581 0.068602 3.675559
v -0.198581 0.068602 3.675559
v -0.198581 0.068602 3.675559
v -0.198581 -0.299677 1.588649
v -0.198581 -0.299677 1.588649
v -0.198581 -0.299677 1.588649
v -0.198581 -0.379109 1.018181
v -0.198581 -0.379109 1.018181
v -0.198581 -0.379109 1.018181
v -0.198581 -0.191360 1.003738
v -0.198581 -0.191360 1.003738
v -0.198581 -0.191360 1.003738
v -0.198581 -0.364667 0.945968
v -0.198581 -0.364667 0.945968
v -0.198581 -0.364667 0.945968
v -0.205803 0.162475 2.195224
v -0.205803 0.162475 2.195224
v -0.205803 -0.191360 2.339647
v -0.205803 -0.191360 2.339647
v -0.205803 -0.191360 2.339647
v -0.205803 -0.191360 2.339647
v -0.205803 -0.191360 2.339647
v -0.205803 -0.191360 2.339647
v -0.205803 -0.422437 2.549061
v -0.205803 -0.422437 2.549061
v -0.205803 -0.451321 2.563502
v -0.205803 -0.451321 2.563502
v -0.205803 -0.451321 2.563502
v -0.205803 -0.566860 2.614050
v -0.205803 -0.566860 2.614050
v -0.205803 -0.566860 2.614050
v -0.205803 -0.566860 2.614050
v -0.205803 -0.451321 2.635715
v -0.205803 -0.451321 2.635715
v -0.205803 -0.451321 2.635715
v -0.205803 -0.451321 2.635715
v -0.205803 -0.444100 2.650156
v -0.205803 -0.444100 2.650156
v -0.205803 -0.444100 2.650156
v -0.205803 -0.422437 2.671819
v -0.205803 -0.422437 2.671819
v -0.205803 -0.371889 2.729588
v -0.205803 -0.371889 2.729588
v -0.205803 0.155254 2.744032
v -0.205803 0.155254 2.744032
v -0.205803 0.270792 2.772916
v -0.205803 0.270792 2.772916
v -0.205803 0.270792 2.772916
v -0.205803 0.270792 2.772916
v -0.205803 0.270792 2.772916
v -0.205803 0.256351 3.422819
v -0.205803 0.256351 3.422819
v -0.205803 0.270792 3.422819
v -0.205803 0.270792 3.422819
v -0.205803 0.270792 3.422819
v -0.205803 -0.083043 3.451703
v -0.205803 -0.083043 3.451703
v -0.205803 -0.083043 3.451703
v -0.205803 -0.083043 3.451703
v -0.205803 -0.083043 3.451703
v -0.205803 0.278014 3.538355
v -0.205803 0.278014 3.538355
v -0.205803 -0.111928 3.545577
v -0.205803 -0.111928 3.545577
v -0.205803 0.278014 3.552799
v -0.205803 0.278014 3.552799
v -0.205803 -0.111928 3.552799
v -0.205803 -0.111928 3.552799
v -0.205803 -0.097486 3.574462
v -0.205803 -0.097486 3.574462
v -0.205803 -0.097486 3.581683
v -0.205803 -0.068602 3.625009
v -0.205803 -0.068602 3.625009
v -0.205803 -0.068602 3.625009
v -0.205803 -0.068602 3.625009
v -0.205803 -0.068602 3.625009
v -0.205803 -0.068602 3.625009
v -0.205803 -0.068602 3.625009
v -0.205803 0.191360 3.632231
v -0.205803 0.191360 3.632231
v -0.205803 -0.068602 3.632231
v -0.205803 -0.068602 3.632231
v -0.205803 -0.068602 3.632231
v -0.205803 -0.054158 3.639452
v -0.205803 -0.054158 3.639452
v -0.205803 -0.054158 3.646674
v -0.205803 -0.054158 3.646674
v -0.205803 0.111928 3.675559
v -0.205803 0.111928 3.675559
v -0.205803 0.111928 3.675559
v -0.205803 0.111928 3.675559
v -0.205803 0.111928 3.675559
v -0.205803 0.184138 3.675559
v -0.205803 0.184138 3.675559
v -0.205803 0.184138 3.675559
v -0.205803 0.083043 3.690000
v -0.205803 0.083043 3.690000
v -0.205803 0.083043 3.690000
v -0.205803 0.083043 3.690000
v -0.205803 0.083043 3.690000
v -0.205803 -0.278014 1.646419
v -0.205803 -0.278014 1.646419
v -0.205803 -0.278014 1.646419
v -0.205803 -0.357446 0.888199
v -0.205803 -0.357446 0.888199
v -0.205803 -0.357446 0.888199
v -0.205803 -0.357446 0.888199
v -0.205803 -0.357446 0.888199
v -0.205803 -0.227466 0.880978
v -0.205803 -0.227466 0.880978
v -0.205803 -0.227466 0.880978
v -0.205803 0.631849 0.173308
v -0.205803 0.631849 0.173308
v -0.205803 -0.631849 0.173308
v -0.205803 -0.631849 0.173308
v -0.213023 0.184138 2.346869
v -0.213023 0.184138 2.346869
v -0.213023 -0.213023 2.346869
v -0.213023 -0.213023 2.346869
v -0.213023 -0.213023 2.346869
v -0.213023 -0.213023 2.346869
v -0.213023 -0.667955 2.498513
v -0.213023 -0.667955 2.498513
v -0.213023 -0.667955 2.498513
v -0.213023 -0.667955 2.498513
v -0.213023 0.364667 2.577946
v -0.213023 0.364667 2.577946
v -0.213023 0.364667 2.577946
v -0.213023 0.285235 2.585167
v -0.213023 0.285235 2.585167
v -0.213023 0.285235 2.585167
v -0.213023 0.155254 2.664599
v -0.213023 0.155254 2.664599
v -0.213023 0.155254 2.664599
v -0.213023 0.169697 2.671819
v -0.213023 0.169697 2.671819
v -0.213023 0.169697 2.671819
v -0.213023 0.169697 2.671819
v -0.213023 0.379109 2.671819
v -0.213023 0.379109 2.671819
v -0.213023 0.386330 2.671819
v -0.213023 0.386330 2.671819
v -0.213023 0.386330 2.671819
v -0.213023 0.386330 2.671819
v -0.213023 0.155254 2.693484
v -0.213023 0.155254 2.693484
v -0.213023 0.155254 2.693484
v -0.213023 0.155254 2.693484
v -0.213023 0.140812 2.772916
v -0.213023 0.140812 2.772916
v -0.213023 0.140812 2.772916
v -0.213023 0.155254 2.823464
v -0.213023 -0.140812 3.105088
v -0.213023 -0.140812 3.105088
v -0.213023 -0.140812 3.105088
v -0.213023 -0.140812 3.105088
v -0.213023 -0.140812 3.105088
v -0.213023 -0.155254 3.105088
v -0.213023 -0.155254 3.105088
v -0.213023 -0.155254 3.105088
v -0.213023 -0.155254 3.112310
v -0.213023 -0.155254 3.112310
v -0.213023 -0.155254 3.112310
v -0.213023 -0.155254 3.112310
v -0.213023 0.083043 3.191742
v -0.213023 0.083043 3.191742
v -0.213023 0.256351 3.415597
v -0.213023 0.256351 3.415597
v -0.213023 0.263572 3.415597
v -0.213023 0.263572 3.415597
v -0.213023 0.241907 3.437260
v -0.213023 0.241907 3.437260
v -0.213023 0.249129 3.451703
v -0.213023 0.249129 3.451703
v -0.213023 0.249129 3.451703
v -0.213023 0.249129 3.451703
v -0.213023 0.249129 3.451703
v -0.213023 -0.083043 3.480586
v -0.213023 -0.083043 3.480586
v -0.213023 -0.083043 3.509471
v -0.213023 -0.083043 3.509471
v -0.213023 -0.083043 3.509471
v -0.213023 -0.083043 3.509471
v -0.213023 -0.083043 3.509471
v -0.213023 -0.083043 3.509471
v -0.213023 -0.090265 3.509471
v -0.213023 -0.090265 3.509471
v -0.213023 -0.097486 3.523914
v -0.213023 -0.097486 3.523914
v -0.213023 -0.097486 3.523914
v -0.213023 0.278014 3.531136
v -0.213023 0.278014 3.531136
v -0.213023 0.278014 3.531136
v -0.213023 -0.097486 3.538355
v -0.213023 -0.097486 3.538355
v -0.213023 -0.097486 3.538355
v -0.213023 -0.097486 3.538355
v -0.213023 -0.097486 3.538355
v -0.213023 -0.097486 3.538355
v -0.213023 0.256351 3.545577
v -0.213023 0.256351 3.545577
v -0.213023 0.256351 3.545577
v -0.213023 0.256351 3.545577
v -0.213023 -0.104706 3.545577
v -0.213023 -0.104706 3.545577
v -0.213023 -0.119149 3.545577
v -0.213023 -0.119149 3.545577
v -0.213023 -0.119149 3.545577
v -0.213023 -0.104706 3.560020
v -0.213023 -0.104706 3.560020
v -0.213023 -0.104706 3.560020
v -0.213023 0.234688 3.574462
v -0.213023 -0.061380 3.646674
v -0.213023 -0.061380 3.646674
v -0.213023 0.169697 3.661115
v -0.213023 0.169697 3.661115
v -0.213023 0.169697 3.661115
v -0.213023 0.169697 3.661115
v -0.213023 0.169697 3.661115
v -0.213023 0.191360 3.668337
v -0.213023 0.191360 3.668337
v -0.213023 0.191360 3.668337
v -0.213023 0.191360 3.668337
v -0.213023 0.205803 3.690000
v -0.213023 0.205803 3.690000
v -0.213023 0.205803 3.690000
v -0.213023 0.205803 3.690000
v -0.213023 -0.119149 1.473111
v -0.213023 -0.350224 0.909862
v -0.213023 -0.350224 0.909862
v -0.213023 -0.350224 0.909862
v -0.213023 -0.350224 0.909862
v -0.213023 -0.357446 0.902642
v -0.213023 -0.357446 0.902642
v -0.213023 -0.357446 0.902642
v -0.213023 -0.357446 0.902642
v -0.213023 0.646292 0.202192
v -0.213023 -0.646292 0.202192
v -0.213023 -0.646292 0.202192
v -0.213023 0.646292 0.151645
v -0.213023 0.646292 0.151645
v -0.213023 -0.646292 0.151645
v -0.213023 -0.646292 0.151645
v -0.220244 -0.234688 2.108572
v -0.220244 -0.234688 2.108572
v -0.220244 -0.213023 2.245774
v -0.220244 -0.213023 2.245774
v -0.220244 0.184138 2.296321
v -0.220244 0.184138 2.296321
v -0.220244 -0.660733 2.476849
v -0.220244 -0.660733 2.476849
v -0.220244 -0.660733 2.476849
v -0.220244 0.357446 2.585167
v -0.220244 0.357446 2.585167
v -0.220244 0.357446 2.585167
v -0.220244 0.176918 2.621272
v -0.220244 0.176918 2.621272
v -0.220244 0.176918 2.621272
v -0.220244 0.176918 2.621272
v -0.220244 0.386330 2.621272
v -0.220244 0.386330 2.621272
v -0.220244 0.386330 2.621272
v -0.220244 0.386330 2.621272
v -0.220244 -0.711283 2.650156
v -0.220244 -0.711283 2.650156
v -0.220244 -0.711283 2.650156
v -0.220244 -0.415215 2.657378
v -0.220244 -0.415215 2.657378
v -0.220244 -0.415215 2.657378
v -0.220244 -0.415215 2.657378
v -0.220244 -0.429658 2.657378
v -0.220244 -0.429658 2.657378
v -0.220244 0.155254 2.729588
v -0.220244 0.155254 2.729588
v -0.220244 0.155254 2.729588
v -0.220244 0.155254 2.729588
v -0.220244 0.155254 2.729588
v -0.220244 0.155254 2.729588
v -0.220244 -0.068602 3.162857
v -0.220244 -0.068602 3.162857
v -0.220244 -0.068602 3.162857
v -0.220244 -0.075821 3.162857
v -0.220244 -0.075821 3.162857
v -0.220244 -0.075821 3.162857
v -0.220244 -0.075821 3.162857
v -0.220244 -0.075821 3.162857
v -0.220244 -0.061380 3.170079
v -0.220244 -0.061380 3.170079
v -0.220244 -0.061380 3.170079
v -0.220244 -0.061380 3.170079
v -0.220244 0.039717 3.191742
v -0.220244 0.039717 3.191742
v -0.220244 -0.046937 3.263953
v -0.220244 -0.046937 3.263953
v -0.220244 0.162475 3.285616
v -0.220244 0.162475 3.285616
v -0.220244 0.285235 3.538355
v -0.220244 0.285235 3.538355
v -0.220244 0.285235 3.538355
v -0.220244 0.285235 3.538355
v -0.220244 0.285235 3.538355
v -0.220244 0.292457 3.552799
v -0.220244 0.292457 3.552799
v -0.220244 0.256351 3.560020
v -0.220244 0.256351 3.560020
v -0.220244 0.256351 3.560020
v -0.220244 0.205803 3.617789
v -0.220244 0.205803 3.617789
v -0.220244 -0.039717 3.632231
v -0.220244 -0.039717 3.632231
v -0.220244 -0.039717 3.632231
v -0.220244 -0.039717 3.632231
v -0.220244 -0.039717 3.632231
v -0.220244 -0.039717 3.632231
v -0.220244 0.176918 3.653894
v -0.220244 0.176918 3.653894
v -0.220244 0.191360 3.668337
v -0.220244 0.191360 3.668337
v -0.220244 0.191360 3.675559
v -0.220244 0.191360 3.675559
v -0.220244 0.191360 3.675559
v -0.220244 -0.270792 1.798063
v -0.220244 -0.270792 1.798063
v -0.227466 0.018052 1.891937
v -0.227466 0.018052 1.891937
v -0.227466 0.018052 1.891937
v -0.227466 -0.263572 1.942486
v -0.227466 -0.263572 1.942486
v -0.227466 -0.263572 1.942486
v -0.227466 0.198581 2.354090
v -0.227466 0.198581 2.354090
v -0.227466 0.198581 2.354090
v -0.227466 0.198581 2.354090
v -0.227466 0.198581 2.354090
v -0.227466 0.184138 2.498513
v -0.227466 0.184138 2.498513
v -0.227466 0.379109 2.621272
v -0.227466 0.379109 2.621272
v -0.227466 0.379109 2.621272
v -0.227466 -0.119149 2.621272
v -0.227466 -0.119149 2.621272
v -0.227466 -0.119149 2.621272
v -0.227466 -0.119149 2.621272
v -0.227466 -0.415215 2.621272
v -0.227466 -0.415215 2.621272
v -0.227466 0.162475 2.635715
v -0.227466 0.162475 2.635715
v -0.227466 0.162475 2.635715
v -0.227466 0.184138 2.635715
v -0.227466 0.184138 2.635715
v -0.227466 0.184138 2.635715
v -0.227466 0.184138 2.635715
v -0.227466 -0.725724 2.650156
v -0.227466 -0.725724 2.650156
v -0.227466 -0.725724 2.650156
v -0.227466 0.162475 2.657378
v -0.227466 0.162475 2.657378
v -0.227466 0.162475 2.657378
v -0.227466 0.162475 2.657378
v -0.227466 0.278014 2.664599
v -0.227466 0.278014 2.664599
v -0.227466 0.176918 2.671819
v -0.227466 0.176918 2.671819
v -0.227466 0.176918 2.671819
v -0.227466 0.176918 2.700704
v -0.227466 0.176918 2.700704
v -0.227466 0.176918 2.700704
v -0.227466 0.176918 2.700704
v -0.227466 0.155254 2.715147
v -0.227466 0.155254 2.715147
v -0.227466 0.155254 2.715147
v -0.227466 0.148034 2.736810
v -0.227466 0.148034 2.736810
v -0.227466 0.148034 2.736810
v -0.227466 0.169697 2.736810
v -0.227466 0.169697 2.736810
v -0.227466 0.169697 2.736810
v -0.227466 0.241907 2.736810
v -0.227466 0.241907 2.736810
v -0.227466 0.241907 2.736810
v -0.227466 0.241907 2.736810
v -0.227466 0.119149 2.744032
v -0.227466 0.119149 2.744032
v -0.227466 0.119149 2.744032
v -0.227466 0.119149 2.744032
v -0.227466 0.119149 2.758473
v -0.227466 0.119149 2.758473
v -0.227466 0.119149 2.758473
v -0.227466 0.119149 2.758473
v -0.227466 0.119149 2.758473
v -0.227466 0.205803 2.787358
v -0.227466 0.205803 2.787358
v -0.227466 -0.263572 2.816242
v -0.227466 -0.292457 2.830685
v -0.227466 -0.292457 2.830685
v -0.227466 0.155254 2.910118
v -0.227466 0.155254 2.910118
v -0.227466 0.046937 2.996771
v -0.227466 0.046937 2.996771
v -0.227466 -0.083043 3.170079
v -0.227466 -0.083043 3.170079
v -0.227466 -0.083043 3.170079
v -0.227466 -0.083043 3.170079
v -0.227466 -0.003611 3.206183
v -0.227466 -0.003611 3.206183
v -0.227466 -0.003611 3.206183
v -0.227466 -0.068602 3.372269
v -0.227466 0.220244 3.386713
v -0.227466 0.220244 3.386713
v -0.227466 0.263572 3.444482
v -0.227466 0.263572 3.444482
v -0.227466 0.263572 3.444482
v -0.227466 -0.075821 3.487808
v -0.227466 -0.075821 3.487808
v -0.227466 -0.075821 3.487808
v -0.227466 -0.075821 3.487808
v -0.227466 -0.075821 3.487808
v -0.227466 0.249129 3.495029
v -0.227466 0.249129 3.495029
v -0.227466 0.249129 3.495029
v -0.227466 0.270792 3.509471
v -0.227466 0.270792 3.509471
v -0.227466 -0.097486 3.545577
v -0.227466 -0.097486 3.545577
v -0.227466 -0.097486 3.545577
v -0.227466 -0.097486 3.545577
v -0.227466 -0.104706 3.545577
v -0.227466 -0.104706 3.545577
v -0.227466 -0.111928 3.552799
v -0.227466 -0.111928 3.552799
v -0.227466 -0.104706 3.560020
v -0.227466 -0.104706 3.560020
v -0.227466 -0.104706 3.560020
v -0.227466 -0.061380 3.617789
v -0.227466 -0.061380 3.617789
v -0.227466 -0.061380 3.617789
v -0.227466 -0.061380 3.617789
v -0.227466 -0.046937 3.639452
v -0.227466 -0.046937 3.639452
v -0.227466 -0.046937 3.639452
v -0.227466 0.184138 3.653894
v -0.227466 0.184138 3.653894
v -0.227466 0.184138 3.653894
v -0.227466 0.184138 3.653894
v -0.227466 0.148034 3.661115
v -0.227466 0.148034 3.661115
v -0.227466 0.054158 3.668337
v -0.227466 0.054158 3.668337
v -0.227466 0.169697 3.668337
v -0.227466 0.169697 3.668337
v -0.227466 0.169697 3.668337
v -0.227466 -0.256351 1.487554
v -0.227466 -0.256351 1.487554
v -0.227466 -0.234688 1.270921
v -0.227466 -0.234688 1.270921
v -0.227466 -0.234688 1.270921
v -0.227466 -0.292457 1.025401
v -0.227466 -0.292457 1.025401
v -0.227466 -0.292457 1.025401
v -0.227466 -0.357446 0.895421
v -0.227466 -0.357446 0.895421
v -0.227466 -0.386330 0.815989
v -0.227466 -0.379109 0.765441
v -0.227466 -0.379109 0.765441
v -0.227466 0.704061 0.483817
v -0.227466 -0.704061 0.483817
v -0.234688 0.169697 2.296321
v -0.234688 0.169697 2.296321
v -0.234688 0.191360 2.296321
v -0.234688 0.191360 2.296321
v -0.234688 0.191360 2.296321
v -0.234688 0.191360 2.296321
v -0.234688 -0.639070 2.469629
v -0.234688 -0.639070 2.469629
v -0.234688 -0.639070 2.469629
v -0.234688 -0.617407 2.484070
v -0.234688 -0.097486 2.512955
v -0.234688 -0.097486 2.512955
v -0.234688 -0.097486 2.512955
v -0.234688 -0.400774 2.577946
v -0.234688 -0.400774 2.577946
v -0.234688 -0.400774 2.577946
v -0.234688 0.198581 2.585167
v -0.234688 0.198581 2.585167
v -0.234688 0.198581 2.585167
v -0.234688 -0.689618 2.592387
v -0.234688 -0.689618 2.592387
v -0.234688 -0.689618 2.592387
v -0.234688 0.198581 2.606830
v -0.234688 0.198581 2.606830
v -0.234688 0.198581 2.606830
v -0.234688 -0.667955 2.635715
v -0.234688 -0.667955 2.635715
v -0.234688 0.140812 2.707925
v -0.234688 0.140812 2.707925
v -0.234688 0.140812 2.707925
v -0.234688 0.350226 2.707925
v -0.234688 0.205803 2.751253
v -0.234688 0.205803 2.751253
v -0.234688 0.191360 2.780138
v -0.234688 0.191360 2.780138
v -0.234688 -0.090265 3.076204
v -0.234688 -0.090265 3.076204
v -0.234688 -0.090265 3.076204
v -0.234688 -0.090265 3.076204
v -0.234688 -0.097486 3.076204
v -0.234688 -0.097486 3.076204
v -0.234688 -0.097486 3.076204
v -0.234688 -0.097486 3.076204
v -0.234688 0.090265 3.198964
v -0.234688 0.241907 3.430039
v -0.234688 0.241907 3.430039
v -0.234688 0.256351 3.430039
v -0.234688 0.256351 3.430039
v -0.234688 0.227466 3.473366
v -0.234688 0.227466 3.473366
v -0.234688 0.227466 3.473366
v -0.234688 0.227466 3.473366
v -0.234688 0.227466 3.473366
v -0.234688 0.227466 3.473366
v -0.234688 0.249129 3.480586
v -0.234688 0.249129 3.480586
v -0.234688 0.249129 3.480586
v -0.234688 -0.075821 3.516692
v -0.234688 -0.075821 3.516692
v -0.234688 -0.075821 3.516692
v -0.234688 0.256351 3.531136
v -0.234688 0.256351 3.531136
v -0.234688 0.256351 3.531136
v -0.234688 -0.083043 3.538355
v -0.234688 -0.083043 3.538355
v -0.234688 0.234688 3.574462
v -0.234688 0.234688 3.574462
v -0.234688 0.234688 3.574462
v -0.234688 0.234688 3.574462
v -0.234688 0.234688 3.574462
v -0.234688 -0.083043 3.603346
v -0.234688 -0.083043 3.603346
v -0.234688 -0.083043 3.603346
v -0.234688 -0.083043 3.603346
v -0.234688 -0.068602 3.625009
v -0.234688 -0.068602 3.625009
v -0.234688 -0.068602 3.625009
v -0.234688 -0.018052 3.639452
v -0.234688 -0.018052 3.639452
v -0.234688 -0.018052 3.639452
v -0.234688 -0.054158 3.639452
v -0.234688 -0.054158 3.639452
v -0.234688 0.162475 3.646674
v -0.234688 0.162475 3.646674
v -0.234688 0.162475 3.646674
v -0.234688 0.162475 3.646674
v -0.234688 0.162475 3.646674
v -0.234688 0.097486 3.653894
v -0.234688 0.097486 3.653894
v -0.234688 0.097486 3.653894
v -0.234688 0.010832 3.661115
v -0.234688 0.010832 3.661115
v -0.234688 0.097486 3.661115
v -0.234688 0.097486 3.661115
v -0.234688 -0.270792 1.112054
v -0.234688 -0.270792 1.112054
v -0.234688 -0.270792 1.112054
v -0.234688 -0.241907 0.917084
v -0.234688 -0.241907 0.917084
v -0.234688 -0.241907 0.917084
v -0.234688 -0.241907 0.917084
v -0.234688 -0.241907 0.917084
v -0.241907 0.090265 2.101351
v -0.241907 0.090265 2.101351
v -0.241907 0.090265 2.101351
v -0.241907 0.010832 2.390195
v -0.241907 0.010832 2.390195
v -0.241907 0.010832 2.390195
v -0.241907 -0.407993 2.491292
v -0.241907 -0.407993 2.491292
v -0.241907 0.321341 2.570724
v -0.241907 0.321341 2.570724
v -0.241907 -0.422437 2.570724
v -0.241907 -0.422437 2.570724
v -0.241907 -0.422437 2.570724
v -0.241907 0.213023 2.592387
v -0.241907 0.213023 2.592387
v -0.241907 0.213023 2.592387
v -0.241907 0.213023 2.606830
v -0.241907 0.213023 2.606830
v -0.241907 0.213023 2.606830
v -0.241907 0.169697 2.707925
v -0.241907 0.169697 2.707925
v -0.241907 -0.148034 2.707925
v -0.241907 -0.148034 2.707925
v -0.241907 0.176918 2.744032
v -0.241907 0.176918 2.744032
v -0.241907 0.278014 2.765695
v -0.241907 0.278014 2.765695
v -0.241907 0.278014 2.765695
v -0.241907 0.278014 2.765695
v -0.241907 -0.400774 3.133973
v -0.241907 -0.400774 3.133973
v -0.241907 0.025274 3.177299
v -0.241907 0.025274 3.177299
v -0.241907 0.025274 3.177299
v -0.241907 0.054158 3.177299
v -0.241907 0.054158 3.177299
v -0.241907 -0.083043 3.523914
v -0.241907 -0.083043 3.523914
v -0.241907 -0.083043 3.538355
v -0.241907 -0.083043 3.538355
v -0.241907 -0.083043 3.538355
v -0.241907 -0.083043 3.545577
v -0.241907 -0.083043 3.545577
v -0.241907 -0.083043 3.545577
v -0.241907 -0.075821 3.552799
v -0.241907 -0.075821 3.552799
v -0.241907 0.270792 3.560020
v -0.241907 0.270792 3.560020
v -0.241907 0.270792 3.560020
v -0.241907 0.270792 3.560020
v -0.241907 -0.083043 3.567240
v -0.241907 -0.083043 3.567240
v -0.241907 -0.083043 3.567240
v -0.241907 -0.090265 3.567240
v -0.241907 -0.090265 3.567240
v -0.241907 -0.090265 3.567240
v -0.241907 -0.083043 3.581683
v -0.241907 -0.083043 3.581683
v -0.241907 -0.083043 3.581683
v -0.241907 0.205803 3.596125
v -0.241907 -0.025274 3.632231
v -0.241907 -0.025274 3.632231
v -0.241907 -0.025274 3.632231
v -0.241907 0.119149 3.653894
v -0.241907 0.119149 3.653894
v -0.241907 0.155254 3.668337
v -0.241907 0.155254 3.668337
v -0.241907 0.155254 3.668337
v -0.241907 0.075821 3.682778
v -0.241907 0.075821 3.682778
v -0.241907 0.075821 3.682778
v -0.241907 0.075821 3.682778
v -0.241907 -0.104706 1.545323
v -0.241907 -0.278014 1.061507
v -0.241907 -0.278014 1.061507
v -0.241907 -0.278014 1.061507
v -0.241907 -0.335783 0.931527
v -0.241907 -0.335783 0.931527
v -0.241907 -0.335783 0.931527
v -0.241907 -0.335783 0.931527
v -0.241907 -0.335783 0.931527
v -0.241907 -0.256351 0.765441
v -0.241907 -0.256351 0.765441
v -0.241907 -0.256351 0.765441
v -0.241907 0.732946 0.259961
v -0.241907 -0.732946 0.259961
v -0.241907 -0.732946 0.259961
v -0.249129 0.169697 2.296321
v -0.249129 0.169697 2.296321
v -0.249129 0.169697 2.296321
v -0.249129 -0.559638 2.397416
v -0.249129 -0.559638 2.397416
v -0.249129 -0.559638 2.397416
v -0.249129 -0.559638 2.397416
v -0.249129 -0.559638 2.397416
v -0.249129 -0.689618 2.541839
v -0.249129 -0.689618 2.541839
v -0.249129 0.184138 2.635715
v -0.249129 0.184138 2.635715
v -0.249129 0.184138 2.635715
v -0.249129 0.184138 2.635715
v -0.249129 0.184138 2.657378
v -0.249129 0.184138 2.657378
v -0.249129 0.184138 2.657378
v -0.249129 0.184138 2.657378
v -0.249129 0.133591 2.707925
v -0.249129 0.133591 2.707925
v -0.249129 -0.610186 2.707925
v -0.249129 -0.610186 2.707925
v -0.249129 0.119149 2.751253
v -0.249129 0.119149 2.751253
v -0.249129 0.119149 2.751253
v -0.249129 0.162475 2.772916
v -0.249129 0.162475 2.772916
v -0.249129 0.162475 2.772916
v -0.249129 0.162475 2.772916
v -0.249129 0.090265 2.816242
v -0.249129 0.090265 2.816242
v -0.249129 -0.523532 2.881233
v -0.249129 -0.523532 2.881233
v -0.249129 -0.523532 2.881233
v -0.249129 0.039717 3.170079
v -0.249129 0.039717 3.170079
v -0.249129 0.039717 3.170079
v -0.249129 0.256351 3.473366
v -0.249129 0.256351 3.473366
v -0.249129 0.256351 3.473366
v -0.249129 0.270792 3.538355
v -0.249129 0.270792 3.538355
v -0.249129 0.270792 3.538355
v -0.249129 -0.090265 3.545577
v -0.249129 -0.090265 3.545577
v -0.249129 -0.097486 3.552799
v -0.249129 -0.097486 3.552799
v -0.249129 -0.032495 3.639452
v -0.249129 -0.032495 3.639452
v -0.249129 -0.032495 3.639452
v -0.249129 0.162475 3.646674
v -0.249129 0.162475 3.646674
v -0.249129 0.162475 3.646674
v -0.249129 0.162475 3.646674
v -0.249129 0.162475 3.646674
v -0.249129 -0.083043 1.610312
v -0.249129 -0.083043 1.610312
v -0.249129 -0.205803 1.408122
v -0.249129 -0.205803 1.408122
v -0.249129 -0.205803 1.408122
v -0.249129 -0.205803 1.408122
v -0.249129 -0.343004 0.931527
v -0.249129 -0.343004 0.931527
v -0.249129 -0.343004 0.931527
v -0.249129 -0.241907 0.917084
v -0.249129 -0.241907 0.917084
v -0.249129 -0.241907 0.917084
v -0.249129 -0.241907 0.902642
v -0.249129 -0.241907 0.902642
v -0.249129 -0.241907 0.902642
v -0.249129 -0.241907 0.902642
v -0.249129 -0.241907 0.902642
v -0.249129 -0.241907 0.902642
v -0.249129 -0.241907 0.902642
v -0.249129 -0.241907 0.902642
v -0.249129 -0.234688 0.808767
v -0.249129 -0.234688 0.808767
v -0.249129 0.754609 0.426047
v -0.249129 -0.754609 0.426047
v -0.249129 -0.754609 0.426047
v -0.249129 0.769052 0.368278
v -0.249129 0.769052 0.368278
v -0.249129 -0.769052 0.368278
v -0.249129 -0.769052 0.368278
v -0.249129 -0.769052 0.368278
v -0.249129 0.761830 0.310509
v -0.249129 -0.761830 0.310509
v -0.249129 -0.761830 0.310509
v -0.256351 0.104706 2.195224
v -0.256351 0.104706 2.195224
v -0.256351 0.104706 2.195224
v -0.256351 0.104706 2.195224
v -0.256351 0.104706 2.195224
v -0.256351 0.104706 2.195224
v -0.256351 -0.104706 2.209667
v -0.256351 -0.104706 2.209667
v -0.256351 -0.104706 2.209667
v -0.256351 -0.104706 2.209667
v -0.256351 -0.104706 2.209667
v -0.256351 -0.126369 2.231330
v -0.256351 -0.126369 2.231330
v -0.256351 -0.126369 2.231330
v -0.256351 -0.111928 2.426301
v -0.256351 -0.111928 2.426301
v -0.256351 -0.682398 2.527398
v -0.256351 -0.682398 2.527398
v -0.256351 -0.682398 2.527398
v -0.256351 -0.682398 2.527398
v -0.256351 0.205803 2.585167
v -0.256351 0.205803 2.585167
v -0.256351 0.205803 2.585167
v -0.256351 0.343004 2.592387
v -0.256351 0.343004 2.592387
v -0.256351 0.205803 2.614050
v -0.256351 0.205803 2.614050
v -0.256351 0.205803 2.614050
v -0.256351 0.350226 2.650156
v -0.256351 0.350226 2.650156
v -0.256351 0.350226 2.650156
v -0.256351 0.126371 2.671819
v -0.256351 0.126371 2.671819
v -0.256351 0.126371 2.671819
v -0.256351 -0.624629 2.679041
v -0.256351 0.133591 2.707925
v -0.256351 0.133591 2.707925
v -0.256351 0.133591 2.707925
v -0.256351 0.162475 2.707925
v -0.256351 0.162475 2.707925
v -0.256351 0.162475 2.707925
v -0.256351 0.256351 2.736810
v -0.256351 0.256351 2.736810
v -0.256351 0.256351 2.736810
v -0.256351 0.133591 2.744032
v -0.256351 0.133591 2.744032
v -0.256351 0.133591 2.744032
v -0.256351 0.133591 2.758473
v -0.256351 0.133591 2.758473
v -0.256351 0.133591 2.758473
v -0.256351 0.133591 2.758473
v -0.256351 -0.025274 2.989550
v -0.256351 -0.025274 2.989550
v -0.256351 -0.148034 3.054541
v -0.256351 -0.148034 3.054541
v -0.256351 -0.148034 3.061760
v -0.256351 -0.292457 3.112310
v -0.256351 -0.292457 3.112310
v -0.256351 -0.003611 3.213405
v -0.256351 0.191360 3.328943
v -0.256351 0.191360 3.328943
v -0.256351 0.191360 3.328943
v -0.256351 0.191360 3.328943
v -0.256351 -0.061380 3.516692
v -0.256351 -0.068602 3.523914
v -0.256351 -0.068602 3.523914
v -0.256351 -0.061380 3.531136
v -0.256351 -0.061380 3.531136
v -0.256351 -0.068602 3.531136
v -0.256351 -0.068602 3.531136
v -0.256351 -0.068602 3.538355
v -0.256351 -0.068602 3.538355
v -0.256351 -0.068602 3.545577
v -0.256351 -0.068602 3.545577
v -0.256351 0.205803 3.588905
v -0.256351 0.205803 3.588905
v -0.256351 0.205803 3.588905
v -0.256351 -0.054158 3.610568
v -0.256351 -0.054158 3.610568
v -0.256351 -0.061380 3.617789
v -0.256351 -0.061380 3.617789
v -0.256351 -0.046937 3.632231
v -0.256351 -0.046937 3.632231
v -0.256351 0.169697 3.639452
v -0.256351 0.169697 3.639452
v -0.256351 0.285235 3.639452
v -0.256351 0.285235 3.639452
v -0.256351 0.285235 3.639452
v -0.256351 0.126371 3.661115
v -0.256351 0.126371 3.661115
v -0.256351 -0.220244 1.639197
v -0.256351 -0.220244 1.639197
v -0.256351 -0.227466 1.574208
v -0.256351 -0.227466 1.574208
v -0.256351 -0.227466 1.574208
v -0.256351 -0.227466 1.574208
v -0.256351 -0.299677 0.989296
v -0.256351 -0.299677 0.989296
v -0.256351 -0.299677 0.945968
v -0.256351 -0.299677 0.945968
v -0.256351 -0.270792 0.938747
v -0.256351 -0.270792 0.938747
v -0.256351 -0.270792 0.938747
v -0.256351 -0.343004 0.917084
v -0.256351 -0.343004 0.917084
v -0.256351 -0.249129 0.902642
v -0.256351 -0.249129 0.902642
v -0.256351 -0.249129 0.902642
v -0.256351 0.790715 0.000000
v -0.256351 0.790715 0.000000
v -0.256351 -0.790715 0.000000
v -0.256351 -0.790715 0.000000
v -0.263572 -0.111928 2.202446
v -0.263572 -0.111928 2.202446
v -0.263572 -0.155254 2.209667
v -0.263572 -0.155254 2.209667
v -0.263572 -0.155254 2.209667
v -0.263572 -0.155254 2.252993
v -0.263572 -0.155254 2.252993
v -0.263572 -0.155254 2.252993
v -0.263572 -0.155254 2.252993
v -0.263572 -0.162475 2.260215
v -0.263572 -0.162475 2.260215
v -0.263572 -0.162475 2.260215
v -0.263572 -0.675176 2.512955
v -0.263572 -0.675176 2.512955
v -0.263572 -0.675176 2.512955
v -0.263572 -0.675176 2.512955
v -0.263572 0.162475 2.585167
v -0.263572 0.162475 2.585167
v -0.263572 0.162475 2.585167
v -0.263572 0.249129 2.606830
v -0.263572 0.249129 2.606830
v -0.263572 0.249129 2.606830
v -0.263572 0.025274 2.621272
v -0.263572 -0.429658 2.664599
v -0.263572 -0.429658 2.664599
v -0.263572 0.162475 2.671819
v -0.263572 0.162475 2.671819
v -0.263572 0.162475 2.671819
v -0.263572 0.162475 2.671819
v -0.263572 0.162475 2.671819
v -0.263572 -0.444100 2.671819
v -0.263572 -0.444100 2.671819
v -0.263572 0.126371 2.679041
v -0.263572 0.126371 2.679041
v -0.263572 0.126371 2.679041
v -0.263572 0.126371 2.679041
v -0.263572 0.003611 2.715147
v -0.263572 0.003611 2.715147
v -0.263572 0.176918 2.751253
v -0.263572 0.176918 2.751253
v -0.263572 -0.602964 2.758473
v -0.263572 -0.602964 2.758473
v -0.263572 0.090265 2.816242
v -0.263572 0.090265 2.816242
v -0.263572 -0.328561 2.823464
v -0.263572 0.083043 2.910118
v -0.263572 -0.487427 3.003993
v -0.263572 -0.451321 3.083425
v -0.263572 0.046937 3.184520
v -0.263572 0.046937 3.184520
v -0.263572 -0.046937 3.314500
v -0.263572 -0.046937 3.314500
v -0.263572 0.234688 3.451703
v -0.263572 0.234688 3.451703
v -0.263572 -0.075821 3.545577
v -0.263572 -0.075821 3.545577
v -0.263572 -0.083043 3.567240
v -0.263572 -0.083043 3.567240
v -0.263572 -0.083043 3.567240
v -0.263572 0.249129 3.581683
v -0.263572 0.249129 3.581683
v -0.263572 0.249129 3.581683
v -0.263572 0.263572 3.625009
v -0.263572 0.263572 3.625009
v -0.263572 -0.018052 3.625009
v -0.263572 -0.018052 3.625009
v -0.263572 -0.018052 3.625009
v -0.263572 -0.003611 3.632231
v -0.263572 -0.003611 3.632231
v -0.263572 -0.010832 3.632231
v -0.263572 -0.010832 3.632231
v -0.263572 0.018052 3.646674
v -0.263572 0.083043 3.646674
v -0.263572 0.083043 3.646674
v -0.263572 0.083043 3.646674
v -0.263572 0.039717 3.653894
v -0.263572 0.039717 3.653894
v -0.263572 -0.018052 1.747514
v -0.263572 -0.018052 1.747514
v -0.263572 -0.018052 1.747514
v -0.263572 -0.371889 0.859315
v -0.263572 -0.371889 0.859315
v -0.263572 0.805156 0.151645
v -0.263572 0.805156 0.151645
v -0.263572 0.805156 0.151645
v -0.263572 -0.805156 0.151645
v -0.263572 -0.805156 0.151645
v -0.263572 -0.805156 0.151645
v -0.263572 0.805156 0.014441
v -0.263572 0.805156 0.014441
v -0.263572 -0.805156 0.014441
v -0.263572 -0.805156 0.014441
v -0.270792 -0.097486 2.202446
v -0.270792 -0.097486 2.202446
v -0.270792 -0.097486 2.202446
v -0.270792 -0.176918 2.231330
v -0.270792 -0.176918 2.231330
v -0.270792 -0.176918 2.231330
v -0.270792 -0.119149 2.325206
v -0.270792 -0.119149 2.325206
v -0.270792 -0.119149 2.325206
v -0.270792 -0.119149 2.325206
v -0.270792 -0.119149 2.325206
v -0.270792 0.032495 2.498513
v -0.270792 -0.624629 2.498513
v -0.270792 0.191360 2.585167
v -0.270792 0.191360 2.585167
v -0.270792 0.191360 2.585167
v -0.270792 0.162475 2.606830
v -0.270792 0.162475 2.606830
v -0.270792 0.162475 2.606830
v -0.270792 0.176918 2.628493
v -0.270792 0.176918 2.628493
v -0.270792 0.176918 2.628493
v -0.270792 0.140812 2.635715
v -0.270792 0.140812 2.635715
v -0.270792 -0.436878 2.635715
v -0.270792 -0.436878 2.635715
v -0.270792 0.140812 2.664599
v -0.270792 0.140812 2.664599
v -0.270792 0.169697 2.664599
v -0.270792 0.169697 2.664599
v -0.270792 0.169697 2.664599
v -0.270792 0.169697 2.664599
v -0.270792 0.148034 2.758473
v -0.270792 0.148034 2.758473
v -0.270792 -0.191360 2.801801
v -0.270792 -0.191360 2.801801
v -0.270792 -0.516312 2.939002
v -0.270792 -0.516312 2.939002
v -0.270792 -0.516312 2.939002
v -0.270792 -0.198581 3.061760
v -0.270792 -0.198581 3.061760
v -0.270792 -0.198581 3.061760
v -0.270792 -0.198581 3.061760
v -0.270792 0.249129 3.458923
v -0.270792 0.249129 3.458923
v -0.270792 0.249129 3.458923
v -0.270792 0.249129 3.458923
v -0.270792 0.234688 3.523914
v -0.270792 0.234688 3.523914
v -0.270792 0.234688 3.523914
v -0.270792 0.241907 3.531136
v -0.270792 0.241907 3.531136
v -0.270792 0.241907 3.545577
v -0.270792 0.241907 3.545577
v -0.270792 -0.054158 3.552799
v -0.270792 -0.054158 3.552799
v -0.270792 -0.054158 3.552799
v -0.270792 -0.054158 3.552799
v -0.270792 -0.054158 3.552799
v -0.270792 -0.054158 3.552799
v -0.270792 -0.083043 3.560020
v -0.270792 -0.083043 3.560020
v -0.270792 -0.061380 3.567240
v -0.270792 -0.061380 3.581683
v -0.270792 -0.061380 3.581683
v -0.270792 -0.061380 3.581683
v -0.270792 -0.061380 3.581683
v -0.270792 -0.061380 3.596125
v -0.270792 -0.061380 3.596125
v -0.270792 0.176918 3.617789
v -0.270792 0.270792 3.617789
v -0.270792 0.270792 3.617789
v -0.270792 0.270792 3.617789
v -0.270792 0.270792 3.617789
v -0.270792 0.241907 3.625009
v -0.270792 0.241907 3.625009
v -0.270792 -0.018052 3.632231
v -0.270792 -0.018052 3.632231
v -0.270792 -0.018052 3.632231
v -0.270792 -0.018052 3.632231
v -0.270792 0.140812 3.639452
v -0.270792 0.140812 3.639452
v -0.270792 0.140812 3.639452
v -0.270792 0.140812 3.639452
v -0.270792 0.140812 3.639452
v -0.270792 0.140812 3.661115
v -0.270792 0.140812 3.661115
v -0.270792 0.061380 3.668337
v -0.270792 0.061380 3.668337
v -0.270792 0.061380 3.668337
v -0.270792 -0.184138 1.487554
v -0.270792 -0.184138 1.487554
v -0.270792 -0.299677 0.945968
v -0.270792 -0.299677 0.945968
v -0.270792 -0.299677 0.945968
v -0.270792 -0.270792 0.938747
v -0.270792 -0.270792 0.938747
v -0.270792 -0.270792 0.938747
v -0.270792 -0.270792 0.938747
v -0.270792 -0.343004 0.902642
v -0.270792 -0.343004 0.902642
v -0.278014 0.111928 2.195224
v -0.278014 0.111928 2.195224
v -0.278014 0.111928 2.195224
v -0.278014 0.111928 2.195224
v -0.278014 0.039717 2.390195
v -0.278014 -0.574079 2.404638
v -0.278014 -0.574079 2.404638
v -0.278014 -0.574079 2.404638
v -0.278014 -0.646292 2.491292
v -0.278014 -0.646292 2.491292
v -0.278014 0.162475 2.577946
v -0.278014 0.162475 2.577946
v -0.278014 0.162475 2.577946
v -0.278014 0.162475 2.606830
v -0.278014 0.162475 2.606830
v -0.278014 -0.667955 2.606830
v -0.278014 -0.667955 2.606830
v -0.278014 -0.667955 2.606830
v -0.278014 0.184138 2.614050
v -0.278014 0.184138 2.614050
v -0.278014 0.184138 2.614050
v -0.278014 0.140812 2.635715
v -0.278014 0.140812 2.635715
v -0.278014 0.140812 2.635715
v -0.278014 -0.472984 2.657378
v -0.278014 -0.472984 2.657378
v -0.278014 -0.472984 2.657378
v -0.278014 -0.472984 2.657378
v -0.278014 -0.472984 2.657378
v -0.278014 -0.617407 2.657378
v -0.278014 -0.617407 2.657378
v -0.278014 -0.617407 2.657378
v -0.278014 -0.617407 2.657378
v -0.278014 0.140812 2.664599
v -0.278014 0.140812 2.664599
v -0.278014 0.140812 2.664599
v -0.278014 -0.682398 2.664599
v -0.278014 -0.682398 2.664599
v -0.278014 -0.682398 2.664599
v -0.278014 0.256351 2.671819
v -0.278014 0.169697 2.722369
v -0.278014 0.169697 2.722369
v -0.278014 0.169697 2.722369
v -0.278014 0.140812 2.729588
v -0.278014 0.140812 2.729588
v -0.278014 0.148034 2.758473
v -0.278014 0.148034 2.758473
v -0.278014 0.148034 2.758473
v -0.278014 -0.241907 2.881233
v -0.278014 -0.241907 2.881233
v -0.278014 -0.025274 3.003993
v -0.278014 -0.025274 3.003993
v -0.278014 -0.025274 3.003993
v -0.278014 -0.025274 3.003993
v -0.278014 0.176918 3.350606
v -0.278014 -0.046937 3.523914
v -0.278014 -0.046937 3.523914
v -0.278014 -0.046937 3.523914
v -0.278014 -0.046937 3.523914
v -0.278014 -0.046937 3.523914
v -0.278014 -0.046937 3.523914
v -0.278014 -0.054158 3.531136
v -0.278014 -0.054158 3.531136
v -0.278014 -0.061380 3.545577
v -0.278014 -0.061380 3.545577
v -0.278014 0.249129 3.552799
v -0.278014 0.249129 3.552799
v -0.278014 0.249129 3.552799
v -0.278014 0.249129 3.552799
v -0.278014 -0.061380 3.574462
v -0.278014 -0.061380 3.574462
v -0.278014 -0.061380 3.574462
v -0.278014 0.249129 3.603346
v -0.278014 0.249129 3.603346
v -0.278014 0.249129 3.603346
v -0.278014 0.176918 3.610568
v -0.278014 0.176918 3.610568
v -0.278014 0.176918 3.610568
v -0.278014 0.176918 3.610568
v -0.278014 -0.046937 3.610568
v -0.278014 -0.046937 3.610568
v -0.278014 0.213023 3.617789
v -0.278014 0.213023 3.617789
v -0.278014 0.213023 3.617789
v -0.278014 -0.039717 3.625009
v -0.278014 -0.039717 3.625009
v -0.278014 0.263572 3.632231
v -0.278014 0.263572 3.632231
v -0.278014 0.090265 3.661115
v -0.278014 0.090265 3.661115
v -0.278014 0.090265 3.661115
v -0.278014 -0.270792 0.931527
v -0.278014 -0.270792 0.931527
v -0.278014 -0.270792 0.931527
v -0.278014 -0.270792 0.931527
v -0.278014 -0.270792 0.931527
v -0.278014 -0.270792 0.931527
v -0.278014 -0.270792 0.931527
v -0.278014 -0.299677 0.931527
v -0.278014 -0.299677 0.931527
v -0.278014 -0.299677 0.931527
v -0.278014 -0.299677 0.931527
v -0.278014 -0.343004 0.888199
v -0.278014 -0.343004 0.888199
v -0.278014 -0.343004 0.888199
v -0.278014 -0.343004 0.888199
v -0.285235 -0.104706 2.202446
v -0.285235 -0.104706 2.202446
v -0.285235 -0.104706 2.202446
v -0.285235 -0.097484 2.216889
v -0.285235 -0.097484 2.216889
v -0.285235 -0.097484 2.216889
v -0.285235 -0.097484 2.216889
v -0.285235 -0.227466 2.245774
v -0.285235 -0.227466 2.245774
v -0.285235 -0.010832 2.267437
v -0.285235 -0.010832 2.267437
v -0.285235 -0.010832 2.267437
v -0.285235 -0.010832 2.267437
v -0.285235 -0.010832 2.267437
v -0.285235 -0.220244 2.296321
v -0.285235 -0.220244 2.296321
v -0.285235 -0.119149 2.332427
v -0.285235 -0.119149 2.332427
v -0.285235 -0.119149 2.332427
v -0.285235 -0.675176 2.563502
v -0.285235 -0.675176 2.563502
v -0.285235 -0.675176 2.563502
v -0.285235 0.234688 2.577946
v -0.285235 0.234688 2.577946
v -0.285235 0.234688 2.577946
v -0.285235 0.234688 2.577946
v -0.285235 -0.436878 2.585167
v -0.285235 -0.436878 2.585167
v -0.285235 -0.415215 2.599609
v -0.285235 -0.415215 2.599609
v -0.285235 -0.696839 2.657378
v -0.285235 -0.696839 2.657378
v -0.285235 -0.465763 2.671819
v -0.285235 -0.465763 2.671819
v -0.285235 0.140812 2.729588
v -0.285235 0.140812 2.729588
v -0.285235 0.140812 2.729588
v -0.285235 0.205803 2.758473
v -0.285235 0.205803 2.758473
v -0.285235 0.205803 2.758473
v -0.285235 0.256351 2.758473
v -0.285235 0.256351 2.758473
v -0.285235 0.256351 2.758473
v -0.285235 -0.278014 2.888455
v -0.285235 -0.278014 2.888455
v -0.285235 -0.278014 2.888455
v -0.285235 0.039717 2.910118
v -0.285235 0.039717 2.910118
v -0.285235 0.039717 2.910118
v -0.285235 0.119149 3.249511
v -0.285235 0.241907 3.379491
v -0.285235 0.241907 3.379491
v -0.285235 0.241907 3.379491
v -0.285235 -0.068602 3.430039
v -0.285235 -0.068602 3.430039
v -0.285235 -0.068602 3.430039
v -0.285235 -0.068602 3.430039
v -0.285235 -0.068602 3.430039
v -0.285235 0.241907 3.509471
v -0.285235 0.241907 3.509471
v -0.285235 -0.068602 3.560020
v -0.285235 -0.068602 3.560020
v -0.285235 0.227466 3.596125
v -0.285235 0.227466 3.596125
v -0.285235 0.227466 3.596125
v -0.285235 0.227466 3.596125
v -0.285235 0.227466 3.596125
v -0.285235 0.227466 3.596125
v -0.285235 0.227466 3.596125
v -0.285235 -0.003611 3.617789
v -0.285235 -0.003611 3.617789
v -0.285235 -0.003611 3.617789
v -0.285235 0.184138 3.625009
v -0.285235 0.184138 3.625009
v -0.285235 0.249129 3.625009
v -0.285235 0.249129 3.625009
v -0.285235 0.249129 3.625009
v -0.285235 0.061380 3.639452
v -0.285235 0.061380 3.639452
v -0.285235 0.061380 3.639452
v -0.285235 0.061380 3.639452
v -0.285235 -0.249129 0.859315
v -0.285235 -0.249129 0.859315
v -0.285235 -0.249129 0.859315
v -0.285235 -0.249129 0.859315
v -0.292457 -0.010832 2.231330
v -0.292457 -0.119149 2.231330
v -0.292457 -0.119149 2.231330
v -0.292457 -0.119149 2.231330
v -0.292457 -0.133591 2.245774
v -0.292457 -0.133591 2.245774
v -0.292457 -0.415215 2.339647
v -0.292457 -0.415215 2.339647
v -0.292457 -0.415215 2.339647
v -0.292457 -0.624629 2.534618
v -0.292457 -0.624629 2.534618
v -0.292457 -0.624629 2.534618
v -0.292457 -0.624629 2.534618
v -0.292457 0.278014 2.570724
v -0.292457 0.278014 2.570724
v -0.292457 0.278014 2.570724
v -0.292457 0.278014 2.570724
v -0.292457 0.198581 2.577946
v -0.292457 0.198581 2.577946
v -0.292457 0.198581 2.577946
v -0.292457 0.198581 2.577946
v -0.292457 -0.472984 2.592387
v -0.292457 -0.472984 2.592387
v -0.292457 -0.465763 2.679041
v -0.292457 -0.465763 2.679041
v -0.292457 -0.465763 2.679041
v -0.292457 -0.444100 2.686262
v -0.292457 -0.444100 2.686262
v -0.292457 -0.263572 3.047319
v -0.292457 -0.263572 3.047319
v -0.292457 -0.263572 3.047319
v -0.292457 0.241907 3.401154
v -0.292457 0.241907 3.401154
v -0.292457 0.241907 3.401154
v -0.292457 0.241907 3.401154
v -0.292457 0.220244 3.473366
v -0.292457 0.220244 3.473366
v -0.292457 0.220244 3.473366
v -0.292457 0.220244 3.473366
v -0.292457 0.220244 3.473366
v -0.292457 0.220244 3.473366
v -0.292457 -0.039717 3.538355
v -0.292457 -0.039717 3.538355
v -0.292457 -0.039717 3.538355
v -0.292457 -0.039717 3.538355
v -0.292457 -0.039717 3.538355
v -0.292457 -0.039717 3.552799
v -0.292457 -0.039717 3.552799
v -0.292457 -0.046937 3.567240
v -0.292457 -0.046937 3.567240
v -0.292457 -0.046937 3.567240
v -0.292457 -0.039717 3.581683
v -0.292457 -0.039717 3.581683
v -0.292457 -0.032495 3.596125
v -0.292457 -0.032495 3.596125
v -0.292457 0.256351 3.610568
v -0.292457 0.256351 3.610568
v -0.292457 0.256351 3.610568
v -0.292457 0.256351 3.610568
v -0.292457 0.003611 3.617789
v -0.292457 0.003611 3.617789
v -0.292457 -0.010832 3.617789
v -0.292457 -0.010832 3.617789
v -0.292457 -0.010832 3.617789
v -0.292457 -0.010832 3.617789
v -0.292457 0.018052 3.625009
v -0.292457 0.140812 3.625009
v -0.292457 0.140812 3.625009
v -0.292457 0.140812 3.625009
v -0.292457 0.104706 3.632231
v -0.292457 0.104706 3.632231
v -0.292457 0.061380 3.646674
v -0.292457 0.061380 3.646674
v -0.292457 0.061380 3.646674
v -0.292457 0.061380 3.646674
v -0.292457 0.104706 3.653894
v -0.292457 0.104706 3.653894
v -0.292457 0.104706 3.653894
v -0.292457 0.104706 3.653894
v -0.292457 -0.148034 1.631977
v -0.292457 -0.148034 1.631977
v -0.292457 -0.148034 1.631977
v -0.292457 -0.162475 1.566986
v -0.292457 -0.162475 1.566986
v -0.292457 -0.162475 1.566986
v -0.292457 -0.162475 1.566986
v -0.292457 -0.306898 0.909862
v -0.292457 -0.306898 0.909862
v -0.292457 -0.256351 0.895421
v -0.292457 -0.256351 0.895421
v -0.292457 -0.256351 0.895421
v -0.292457 -0.256351 0.895421
v -0.292457 -0.335783 0.880978
v -0.292457 -0.256351 0.873758
v -0.292457 -0.256351 0.873758
v -0.299677 -0.140812 2.252993
v -0.299677 -0.140812 2.252993
v -0.299677 -0.140812 2.252993
v -0.299677 -0.140812 2.252993
v -0.299677 -0.148034 2.267437
v -0.299677 -0.148034 2.267437
v -0.299677 -0.148034 2.267437
v -0.299677 -0.148034 2.267437
v -0.299677 -0.003611 2.274658
v -0.299677 -0.003611 2.274658
v -0.299677 -0.003611 2.274658
v -0.299677 -0.617407 2.520176
v -0.299677 0.198581 2.614050
v -0.299677 0.198581 2.614050
v -0.299677 0.198581 2.614050
v -0.299677 0.234688 2.614050
v -0.299677 0.234688 2.614050
v -0.299677 0.234688 2.614050
v -0.299677 0.234688 2.614050
v -0.299677 0.234688 2.614050
v -0.299677 0.234688 2.614050
v -0.299677 -0.545195 2.642935
v -0.299677 -0.545195 2.642935
v -0.299677 -0.545195 2.642935
v -0.299677 -0.537975 2.679041
v -0.299677 -0.537975 2.679041
v -0.299677 -0.537975 2.679041
v -0.299677 0.191360 2.715147
v -0.299677 0.191360 2.715147
v -0.299677 0.191360 2.715147
v -0.299677 0.198581 2.722369
v -0.299677 0.198581 2.722369
v -0.299677 0.198581 2.722369
v -0.299677 0.198581 2.722369
v -0.299677 0.299677 2.765695
v -0.299677 0.299677 2.765695
v -0.299677 -0.025274 2.794579
v -0.299677 -0.025274 2.794579
v -0.299677 0.039717 2.910118
v -0.299677 0.039717 2.910118
v -0.299677 0.191360 3.386713
v -0.299677 0.234688 3.393934
v -0.299677 0.234688 3.393934
v -0.299677 0.234688 3.393934
v -0.299677 0.241907 3.393934
v -0.299677 0.241907 3.393934
v -0.299677 0.241907 3.393934
v -0.299677 0.241907 3.393934
v -0.299677 0.241907 3.393934
v -0.299677 0.213023 3.415597
v -0.299677 0.213023 3.415597
v -0.299677 0.234688 3.422819
v -0.299677 0.234688 3.422819
v -0.299677 0.234688 3.422819
v -0.299677 0.234688 3.422819
v -0.299677 0.234688 3.487808
v -0.299677 0.234688 3.487808
v -0.299677 0.234688 3.487808
v -0.299677 -0.039717 3.523914
v -0.299677 -0.039717 3.523914
v -0.299677 -0.025274 3.545577
v -0.299677 -0.025274 3.545577
v -0.299677 -0.025274 3.545577
v -0.299677 0.220244 3.560020
v -0.299677 0.220244 3.560020
v -0.299677 -0.046937 3.560020
v -0.299677 -0.046937 3.560020
v -0.299677 0.227466 3.596125
v -0.299677 0.227466 3.596125
v -0.299677 0.227466 3.596125
v -0.299677 -0.025274 3.610568
v -0.299677 -0.025274 3.610568
v -0.299677 -0.025274 3.610568
v -0.299677 0.227466 3.625009
v -0.299677 0.227466 3.625009
v -0.299677 0.227466 3.625009
v -0.299677 0.032495 3.632231
v -0.299677 -0.213023 1.790842
v -0.299677 -0.213023 1.790842
v -0.299677 -0.213023 1.790842
v -0.299677 -0.278014 0.902642
v -0.299677 -0.278014 0.902642
v -0.306898 -0.155254 2.108572
v -0.306898 -0.155254 2.108572
v -0.306898 -0.140812 2.216889
v -0.306898 -0.140812 2.216889
v -0.306898 -0.140812 2.216889
v -0.306898 -0.285235 2.267437
v -0.306898 -0.285235 2.267437
v -0.306898 -0.263572 2.310763
v -0.306898 -0.263572 2.310763
v -0.306898 -0.379109 2.375753
v -0.306898 -0.379109 2.375753
v -0.306898 -0.667955 2.534618
v -0.306898 -0.667955 2.534618
v -0.306898 -0.667955 2.534618
v -0.306898 0.176918 2.577946
v -0.306898 0.176918 2.577946
v -0.306898 0.191360 2.628493
v -0.306898 0.191360 2.628493
v -0.306898 0.191360 2.628493
v -0.306898 0.191360 2.628493
v -0.306898 -0.465763 2.642935
v -0.306898 -0.465763 2.642935
v -0.306898 -0.465763 2.642935
v -0.306898 -0.646292 2.671819
v -0.306898 -0.646292 2.671819
v -0.306898 0.191360 2.679041
v -0.306898 0.191360 2.679041
v -0.306898 0.191360 2.679041
v -0.306898 -0.458543 2.679041
v -0.306898 -0.458543 2.679041
v -0.306898 -0.458543 2.679041
v -0.306898 0.256351 2.715147
v -0.306898 0.256351 2.715147
v -0.306898 0.256351 2.715147
v -0.306898 0.256351 2.715147
v -0.306898 0.256351 2.715147
v -0.306898 -0.393552 2.758473
v -0.306898 -0.393552 2.758473
v -0.306898 -0.480206 2.809022
v -0.306898 -0.480206 2.809022
v -0.306898 -0.350224 2.866790
v -0.306898 -0.350224 2.866790
v -0.306898 -0.444100 2.866790
v -0.306898 -0.444100 2.866790
v -0.306898 -0.444100 2.866790
v -0.306898 -0.241907 2.967887
v -0.306898 -0.241907 2.967887
v -0.306898 -0.241907 2.967887
v -0.306898 -0.241907 2.967887
v -0.306898 -0.104706 2.975108
v -0.306898 -0.335783 3.076204
v -0.306898 -0.335783 3.076204
v -0.306898 -0.335783 3.076204
v -0.306898 -0.335783 3.076204
v -0.306898 0.010832 3.263953
v -0.306898 -0.046937 3.365050
v -0.306898 -0.046937 3.365050
v -0.306898 -0.046937 3.365050
v -0.306898 -0.046937 3.365050
v -0.306898 0.227466 3.408376
v -0.306898 0.227466 3.408376
v -0.306898 0.227466 3.408376
v -0.306898 0.241907 3.415597
v -0.306898 0.241907 3.415597
v -0.306898 0.213023 3.451703
v -0.306898 0.234688 3.451703
v -0.306898 0.234688 3.451703
v -0.306898 0.234688 3.451703
v -0.306898 -0.010832 3.545577
v -0.306898 -0.010832 3.545577
v -0.306898 -0.010832 3.545577
v -0.306898 -0.018052 3.545577
v -0.306898 -0.018052 3.545577
v -0.306898 -0.018052 3.552799
v -0.306898 -0.018052 3.552799
v -0.306898 -0.018052 3.552799
v -0.306898 -0.032495 3.552799
v -0.306898 -0.032495 3.552799
v -0.306898 -0.025274 3.560020
v -0.306898 -0.025274 3.560020
v -0.306898 -0.025274 3.560020
v -0.306898 -0.025274 3.560020
v -0.306898 -0.025274 3.560020
v -0.306898 -0.025274 3.560020
v -0.306898 -0.025274 3.560020
v -0.306898 -0.025274 3.560020
v -0.306898 0.220244 3.567240
v -0.306898 0.220244 3.567240
v -0.306898 0.220244 3.567240
v -0.306898 -0.018052 3.574462
v -0.306898 -0.018052 3.574462
v -0.306898 0.227466 3.603346
v -0.306898 0.227466 3.603346
v -0.306898 0.039717 3.625009
v -0.306898 0.039717 3.625009
v -0.306898 0.039717 3.625009
v -0.306898 0.104706 3.632231
v -0.306898 -0.306898 0.895421
v -0.306898 -0.306898 0.895421
v -0.306898 -0.306898 0.895421
v -0.306898 -0.278014 0.888199
v -0.306898 -0.306898 0.888199
v -0.306898 -0.306898 0.888199
v -0.306898 -0.306898 0.888199
v -0.306898 -0.306898 0.888199
v -0.306898 -0.278014 0.880978
v -0.306898 -0.278014 0.880978
v -0.306898 -0.278014 0.880978
v -0.306898 -0.278014 0.880978
v -0.306898 -0.407993 0.758219
v -0.306898 -0.407993 0.758219
v -0.314120 -0.191360 1.935265
v -0.314120 -0.191360 1.935265
v -0.314120 -0.162475 2.238552
v -0.314120 -0.162475 2.238552
v -0.314120 -0.162475 2.238552
v -0.314120 -0.458543 2.310763
v -0.314120 -0.458543 2.310763
v -0.314120 -0.639070 2.512955
v -0.314120 -0.639070 2.512955
v -0.314120 0.241907 2.570724
v -0.314120 0.241907 2.570724
v -0.314120 0.241907 2.570724
v -0.314120 -0.465763 2.585167
v -0.314120 -0.465763 2.585167
v -0.314120 0.278014 2.599609
v -0.314120 0.278014 2.599609
v -0.314120 0.278014 2.599609
v -0.314120 0.278014 2.599609
v -0.314120 0.176918 2.606830
v -0.314120 0.176918 2.606830
v -0.314120 0.176918 2.606830
v -0.314120 0.191360 2.664599
v -0.314120 0.191360 2.664599
v -0.314120 0.191360 2.664599
v -0.314120 0.249129 2.664599
v -0.314120 0.249129 2.664599
v -0.314120 0.249129 2.664599
v -0.314120 0.249129 2.664599
v -0.314120 0.249129 2.664599
v -0.314120 0.249129 2.664599
v -0.314120 -0.530753 2.700704
v -0.314120 -0.530753 2.700704
v -0.314120 -0.530753 2.700704
v -0.314120 0.191360 2.772916
v -0.314120 0.191360 2.772916
v -0.314120 0.278014 2.772916
v -0.314120 0.278014 2.772916
v -0.314120 0.278014 2.772916
v -0.314120 -0.191360 2.967887
v -0.314120 0.234688 3.408376
v -0.314120 0.234688 3.408376
v -0.314120 0.220244 3.487808
v -0.314120 0.220244 3.487808
v -0.314120 0.220244 3.487808
v -0.314120 0.220244 3.487808
v -0.314120 0.220244 3.487808
v -0.314120 0.220244 3.487808
v -0.314120 0.220244 3.487808
v -0.314120 0.227466 3.487808
v -0.314120 0.227466 3.487808
v -0.314120 0.227466 3.487808
v -0.314120 0.227466 3.487808
v -0.314120 0.227466 3.487808
v -0.314120 0.220244 3.545577
v -0.314120 -0.018052 3.552799
v -0.314120 -0.018052 3.552799
v -0.314120 -0.018052 3.552799
v -0.314120 -0.018052 3.552799
v -0.314120 -0.025274 3.552799
v -0.314120 -0.025274 3.552799
v -0.314120 -0.025274 3.552799
v -0.314120 -0.025274 3.552799
v -0.314120 -0.025274 3.560020
v -0.314120 -0.025274 3.560020
v -0.314120 -0.025274 3.560020
v -0.314120 -0.025274 3.560020
v -0.314120 -0.025274 3.560020
v -0.314120 -0.039717 3.560020
v -0.314120 -0.039717 3.560020
v -0.314120 -0.039717 3.560020
v -0.314120 -0.046937 3.560020
v -0.314120 -0.046937 3.560020
v -0.314120 -0.039717 3.567240
v -0.314120 -0.039717 3.567240
v -0.314120 -0.046937 3.567240
v -0.314120 -0.046937 3.567240
v -0.314120 -0.054158 3.567240
v -0.314120 -0.054158 3.567240
v -0.314120 -0.054158 3.567240
v -0.314120 -0.010832 3.581683
v -0.314120 -0.010832 3.581683
v -0.314120 -0.010832 3.581683
v -0.314120 -0.010832 3.581683
v -0.314120 0.010832 3.588905
v -0.314120 0.010832 3.588905
v -0.314120 0.010832 3.588905
v -0.314120 0.010832 3.588905
v -0.314120 0.075821 3.625009
v -0.314120 0.075821 3.625009
v -0.314120 0.191360 3.632231
v -0.314120 0.191360 3.632231
v -0.314120 0.068602 3.639452
v -0.314120 0.068602 3.639452
v -0.314120 0.068602 3.639452
v -0.314120 -0.111928 1.769179
v -0.314120 -0.111928 1.769179
v -0.314120 -0.415215 0.794326
v -0.314120 -0.415215 0.794326
v -0.321341 -0.039717 2.086907
v -0.321341 -0.039717 2.086907
v -0.321341 -0.314120 2.296321
v -0.321341 -0.314120 2.296321
v -0.321341 -0.314120 2.296321
v -0.321341 0.191360 2.570724
v -0.321341 0.191360 2.570724
v -0.321341 0.191360 2.570724
v -0.321341 -0.451321 2.599609
v -0.321341 -0.451321 2.599609
v -0.321341 -0.631849 2.599609
v -0.321341 -0.631849 2.599609
v -0.321341 0.249129 2.614050
v -0.321341 0.249129 2.614050
v -0.321341 0.249129 2.614050
v -0.321341 0.249129 2.614050
v -0.321341 0.249129 2.614050
v -0.321341 0.292457 2.664599
v -0.321341 0.292457 2.664599
v -0.321341 0.292457 2.664599
v -0.321341 0.292457 2.664599
v -0.321341 -0.653513 2.664599
v -0.321341 -0.653513 2.664599
v -0.321341 -0.501869 2.686262
v -0.321341 -0.501869 2.686262
v -0.321341 0.162475 2.722369
v -0.321341 0.162475 2.722369
v -0.321341 0.299677 2.722369
v -0.321341 0.299677 2.722369
v -0.321341 0.299677 2.722369
v -0.321341 0.299677 2.722369
v -0.321341 0.299677 2.722369
v -0.321341 0.205803 2.772916
v -0.321341 0.205803 2.772916
v -0.321341 0.205803 2.772916
v -0.321341 0.061380 3.235068
v -0.321341 0.061380 3.235068
v -0.321341 0.133591 3.292837
v -0.321341 0.133591 3.292837
v -0.321341 0.133591 3.292837
v -0.321341 0.133591 3.292837
v -0.321341 0.126371 3.328943
v -0.321341 0.126371 3.328943
v -0.321341 0.126371 3.328943
v -0.321341 -0.025274 3.379491
v -0.321341 0.010832 3.552799
v -0.321341 0.010832 3.552799
v -0.321341 -0.003611 3.560020
v -0.321341 -0.003611 3.560020
v -0.321341 -0.003611 3.560020
v -0.321341 -0.003611 3.560020
v -0.321341 -0.003611 3.560020
v -0.321341 -0.003611 3.560020
v -0.321341 -0.003611 3.560020
v -0.321341 -0.039717 3.567240
v -0.321341 -0.039717 3.567240
v -0.321341 -0.039717 3.567240
v -0.321341 -0.039717 3.567240
v -0.321341 -0.046937 3.567240
v -0.321341 -0.046937 3.567240
v -0.321341 0.191360 3.596125
v -0.321341 0.191360 3.596125
v -0.321341 0.191360 3.596125
v -0.321341 0.191360 3.596125
v -0.321341 0.191360 3.596125
v -0.321341 0.039717 3.610568
v -0.321341 0.039717 3.610568
v -0.321341 0.039717 3.610568
v -0.328561 -0.075821 1.920821
v -0.328561 -0.075821 1.920821
v -0.328561 -0.306898 2.296321
v -0.328561 -0.306898 2.296321
v -0.328561 -0.306898 2.296321
v -0.328561 -0.306898 2.296321
v -0.328561 -0.306898 2.296321
v -0.328561 -0.306898 2.296321
v -0.328561 -0.198581 2.303543
v -0.328561 -0.198581 2.303543
v -0.328561 -0.198581 2.303543
v -0.328561 -0.198581 2.303543
v -0.328561 -0.335783 2.310763
v -0.328561 -0.335783 2.310763
v -0.328561 -0.335783 2.310763
v -0.328561 -0.595744 2.541839
v -0.328561 -0.537975 2.585167
v -0.328561 -0.537975 2.585167
v -0.328561 -0.537975 2.585167
v -0.328561 -0.537975 2.585167
v -0.328561 0.191360 2.606830
v -0.328561 0.191360 2.606830
v -0.328561 0.191360 2.606830
v -0.328561 0.191360 2.606830
v -0.328561 0.249129 2.606830
v -0.328561 0.249129 2.606830
v -0.328561 0.249129 2.606830
v -0.328561 0.169697 2.628493
v -0.328561 0.169697 2.628493
v -0.328561 0.169697 2.664599
v -0.328561 0.169697 2.664599
v -0.328561 0.256351 2.664599
v -0.328561 0.256351 2.664599
v -0.328561 0.256351 2.664599
v -0.328561 -0.602964 2.679041
v -0.328561 -0.602964 2.679041
v -0.328561 0.162475 2.686262
v -0.328561 0.162475 2.686262
v -0.328561 -0.552416 2.686262
v -0.328561 -0.552416 2.686262
v -0.328561 0.176918 2.722369
v -0.328561 0.176918 2.722369
v -0.328561 0.176918 2.722369
v -0.328561 0.263572 2.722369
v -0.328561 0.263572 2.722369
v -0.328561 0.263572 2.722369
v -0.328561 0.191360 2.744032
v -0.328561 0.191360 2.744032
v -0.328561 0.191360 2.744032
v -0.328561 -0.184138 2.881233
v -0.328561 -0.184138 2.881233
v -0.328561 -0.422437 2.946224
v -0.328561 -0.422437 2.946224
v -0.328561 -0.422437 2.946224
v -0.328561 -0.292457 2.960665
v -0.328561 -0.292457 2.960665
v -0.328561 -0.386330 3.025656
v -0.328561 -0.386330 3.025656
v -0.328561 0.213023 3.437260
v -0.328561 0.213023 3.437260
v -0.328561 0.213023 3.437260
v -0.328561 0.241907 3.444482
v -0.328561 0.241907 3.444482
v -0.328561 0.241907 3.444482
v -0.328561 0.241907 3.444482
v -0.328561 0.191360 3.523914
v -0.328561 0.191360 3.523914
v -0.328561 0.191360 3.523914
v -0.328561 0.191360 3.523914
v -0.328561 0.213023 3.523914
v -0.328561 0.213023 3.523914
v -0.328561 0.213023 3.523914
v -0.328561 0.213023 3.523914
v -0.328561 0.018052 3.560020
v -0.328561 0.018052 3.560020
v -0.328561 0.010832 3.574462
v -0.328561 0.010832 3.574462
v -0.328561 0.010832 3.574462
v -0.328561 0.025274 3.574462
v -0.328561 0.025274 3.574462
v -0.328561 0.025274 3.574462
v -0.328561 0.003611 3.581683
v -0.328561 0.003611 3.581683
v -0.328561 0.003611 3.581683
v -0.328561 0.003611 3.581683
v -0.328561 -0.010832 3.581683
v -0.328561 -0.010832 3.581683
v -0.328561 -0.018052 3.581683
v -0.328561 -0.018052 3.581683
v -0.328561 0.010832 3.588905
v -0.328561 0.010832 3.588905
v -0.328561 0.010832 3.588905
v -0.328561 0.010832 3.588905
v -0.328561 -0.018052 3.588905
v -0.328561 -0.018052 3.588905
v -0.328561 -0.018052 3.588905
v -0.328561 -0.025274 3.588905
v -0.328561 -0.025274 3.588905
v -0.328561 -0.025274 3.588905
v -0.328561 -0.003611 3.596125
v -0.328561 -0.003611 3.596125
v -0.328561 -0.003611 3.596125
v -0.328561 0.039717 3.603346
v -0.328561 0.191360 3.603346
v -0.328561 0.191360 3.603346
v -0.328561 0.191360 3.603346
v -0.328561 0.191360 3.603346
v -0.328561 0.148034 3.632231
v -0.328561 0.148034 3.632231
v -0.328561 -0.386330 0.830430
v -0.328561 -0.386330 0.830430
v -0.328561 -0.386330 0.830430
v -0.328561 -0.386330 0.830430
v -0.328561 0.451321 0.686007
v -0.328561 -0.451321 0.686007
v -0.335783 -0.198581 2.245774
v -0.335783 -0.198581 2.245774
v -0.335783 -0.198581 2.245774
v -0.335783 -0.343004 2.252993
v -0.335783 -0.343004 2.252993
v -0.335783 -0.343004 2.252993
v -0.335783 -0.343004 2.252993
v -0.335783 -0.350224 2.252993
v -0.335783 -0.371889 2.274658
v -0.335783 -0.371889 2.274658
v -0.335783 -0.364667 2.404638
v -0.335783 -0.364667 2.404638
v -0.335783 -0.364667 2.404638
v -0.335783 -0.422437 2.527398
v -0.335783 -0.422437 2.527398
v -0.335783 -0.494647 2.585167
v -0.335783 -0.494647 2.585167
v -0.335783 0.184138 2.628493
v -0.335783 0.184138 2.628493
v -0.335783 0.184138 2.628493
v -0.335783 0.184138 2.628493
v -0.335783 -0.501869 2.642935
v -0.335783 -0.501869 2.642935
v -0.335783 0.263572 2.664599
v -0.335783 0.263572 2.664599
v -0.335783 0.176918 2.686262
v -0.335783 0.176918 2.686262
v -0.335783 0.176918 2.686262
v -0.335783 -0.501869 2.686262
v -0.335783 -0.501869 2.686262
v -0.335783 0.270792 2.722369
v -0.335783 0.270792 2.722369
v -0.335783 0.270792 2.736810
v -0.335783 0.270792 2.736810
v -0.335783 0.205803 2.744032
v -0.335783 0.205803 2.744032
v -0.335783 0.205803 2.744032
v -0.335783 0.205803 2.744032
v -0.335783 -0.068602 2.888455
v -0.335783 -0.343004 2.924559
v -0.335783 -0.343004 2.924559
v -0.335783 0.227466 3.437260
v -0.335783 0.227466 3.437260
v -0.335783 0.227466 3.437260
v -0.335783 0.032495 3.560020
v -0.335783 0.032495 3.560020
v -0.335783 0.032495 3.560020
v -0.335783 0.032495 3.560020
v -0.335783 0.018052 3.567240
v -0.335783 0.018052 3.567240
v -0.335783 0.018052 3.567240
v -0.335783 0.018052 3.567240
v -0.335783 0.010832 3.574462
v -0.335783 0.010832 3.574462
v -0.335783 0.032495 3.574462
v -0.335783 0.032495 3.574462
v -0.335783 0.032495 3.574462
v -0.335783 0.032495 3.574462
v -0.335783 0.191360 3.574462
v -0.335783 0.191360 3.574462
v -0.335783 0.003611 3.581683
v -0.335783 0.003611 3.581683
v -0.335783 0.003611 3.581683
v -0.335783 0.003611 3.581683
v -0.335783 0.025274 3.588905
v -0.335783 0.025274 3.588905
v -0.335783 0.025274 3.588905
v -0.335783 0.046937 3.588905
v -0.335783 -0.010832 3.588905
v -0.335783 -0.010832 3.588905
v -0.335783 -0.010832 3.588905
v -0.335783 -0.010832 3.588905
v -0.335783 -0.010832 3.588905
v -0.335783 -0.018052 3.588905
v -0.335783 -0.018052 3.588905
v -0.335783 0.155254 3.610568
v -0.335783 0.155254 3.610568
v -0.335783 0.155254 3.610568
v -0.335783 0.155254 3.610568
v -0.335783 0.155254 3.610568
v -0.335783 0.075821 3.625009
v -0.335783 0.075821 3.625009
v -0.335783 0.075821 3.625009
v -0.335783 0.111928 3.632231
v -0.335783 0.111928 3.632231
v -0.335783 -0.249129 0.750998
v -0.335783 -0.249129 0.750998
v -0.335783 -0.249129 0.750998
v -0.335783 0.465763 0.613796
v -0.335783 -0.465763 0.613796
v -0.343004 -0.299677 2.231330
v -0.343004 -0.299677 2.231330
v -0.343004 -0.299677 2.231330
v -0.343004 -0.299677 2.231330
v -0.343004 -0.299677 2.231330
v -0.343004 -0.559638 2.440744
v -0.343004 -0.559638 2.440744
v -0.343004 -0.617407 2.541839
v -0.343004 -0.617407 2.541839
v -0.343004 -0.617407 2.541839
v -0.343004 -0.566860 2.563502
v -0.343004 -0.566860 2.563502
v -0.343004 -0.530753 2.577946
v -0.343004 -0.530753 2.577946
v -0.343004 -0.530753 2.577946
v -0.343004 -0.530753 2.577946
v -0.343004 -0.588523 2.621272
v -0.343004 -0.588523 2.621272
v -0.343004 -0.588523 2.621272
v -0.343004 0.256351 2.635715
v -0.343004 0.256351 2.635715
v -0.343004 0.256351 2.635715
v -0.343004 -0.545195 2.635715
v -0.343004 0.184138 2.664599
v -0.343004 0.184138 2.664599
v -0.343004 0.184138 2.664599
v -0.343004 -0.610186 2.671819
v -0.343004 -0.610186 2.671819
v -0.343004 -0.610186 2.671819
v -0.343004 -0.552416 2.686262
v -0.343004 -0.552416 2.686262
v -0.343004 0.263572 2.693484
v -0.343004 0.018052 3.307280
v -0.343004 0.018052 3.307280
v -0.343004 0.018052 3.307280
v -0.343004 0.018052 3.307280
v -0.343004 0.032495 3.343385
v -0.343004 0.032495 3.343385
v -0.343004 0.032495 3.343385
v -0.343004 0.148034 3.372269
v -0.343004 -0.010832 3.415597
v -0.343004 0.198581 3.466145
v -0.343004 0.198581 3.466145
v -0.343004 0.198581 3.466145
v -0.343004 0.198581 3.466145
v -0.343004 0.227466 3.480586
v -0.343004 0.227466 3.480586
v -0.343004 0.003611 3.531136
v -0.343004 0.025274 3.574462
v -0.343004 0.025274 3.574462
v -0.343004 0.025274 3.574462
v -0.343004 0.032495 3.574462
v -0.343004 0.032495 3.574462
v -0.343004 0.032495 3.574462
v -0.343004 0.032495 3.574462
v -0.343004 0.018052 3.581683
v -0.343004 0.018052 3.581683
v -0.343004 0.018052 3.581683
v -0.343004 0.018052 3.581683
v -0.343004 0.018052 3.581683
v -0.343004 0.046937 3.581683
v -0.343004 0.046937 3.581683
v -0.343004 0.075821 3.603346
v -0.343004 0.075821 3.603346
v -0.343004 0.075821 3.603346
v -0.343004 0.111928 3.610568
v -0.343004 0.111928 3.610568
v -0.343004 -0.234688 0.794326
v -0.343004 -0.234688 0.794326
v -0.343004 -0.234688 0.794326
v -0.343004 -0.234688 0.794326
v -0.350226 -0.465763 2.310763
v -0.350226 -0.465763 2.310763
v -0.350226 -0.285235 2.325206
v -0.350226 -0.285235 2.325206
v -0.350226 -0.285235 2.325206
v -0.350226 -0.292457 2.332427
v -0.350226 -0.292457 2.332427
v -0.350226 -0.292457 2.332427
v -0.350226 -0.292457 2.332427
v -0.350226 -0.292457 2.332427
v -0.350226 -0.292457 2.332427
v -0.350226 -0.321340 2.346869
v -0.350226 -0.321340 2.346869
v -0.350226 -0.321340 2.346869
v -0.350226 -0.487427 2.599609
v -0.350226 -0.487427 2.599609
v -0.350226 -0.487427 2.599609
v -0.350226 -0.025274 3.451703
v -0.350226 -0.025274 3.451703
v -0.350226 -0.025274 3.451703
v -0.350224 0.213023 3.466145
v -0.350224 0.213023 3.466145
v -0.350226 -0.010832 3.487808
v -0.350226 -0.010832 3.487808
v -0.350226 -0.010832 3.487808
v -0.350224 0.184138 3.495029
v -0.350224 0.184138 3.495029
v -0.350224 0.184138 3.495029
v -0.350224 0.191360 3.560020
v -0.350226 0.054158 3.567240
v -0.350226 0.054158 3.567240
v -0.350226 0.054158 3.567240
v -0.350226 0.054158 3.567240
v -0.350226 0.046937 3.581683
v -0.350226 0.046937 3.581683
v -0.350226 0.075821 3.596125
v -0.350224 0.155254 3.596125
v -0.350224 0.155254 3.596125
v -0.350224 0.155254 3.596125
v -0.357446 -0.220244 2.079688
v -0.357446 -0.220244 2.079688
v -0.357446 -0.220244 2.079688
v -0.357446 -0.213023 2.094129
v -0.357446 -0.213023 2.094129
v -0.357446 -0.213023 2.094129
v -0.357446 -0.213023 2.094129
v -0.357446 -0.249129 2.317984
v -0.357446 -0.249129 2.317984
v -0.357446 0.083043 3.328943
v -0.357446 0.083043 3.328943
v -0.357446 0.083043 3.328943
v -0.357446 0.083043 3.328943
v -0.357446 0.083043 3.328943
v -0.357446 0.083043 3.328943
v -0.357446 0.155254 3.401154
v -0.357446 0.155254 3.401154
v -0.357446 0.169697 3.509471
v -0.357446 0.169697 3.509471
v -0.357446 0.213023 3.516692
v -0.357446 0.213023 3.516692
v -0.357446 0.169697 3.523914
v -0.357446 0.169697 3.523914
v -0.357446 0.169697 3.523914
v -0.357446 0.140812 3.552799
v -0.357446 0.140812 3.552799
v -0.357446 0.140812 3.552799
v -0.357446 0.140812 3.552799
v -0.357446 0.140812 3.552799
v -0.357446 0.075821 3.567240
v -0.357446 0.075821 3.567240
v -0.357446 0.075821 3.567240
v -0.357446 0.111928 3.567240
v -0.357446 0.111928 3.567240
v -0.357446 0.111928 3.567240
v -0.357446 0.126371 3.567240
v -0.357446 0.126371 3.567240
v -0.357446 0.111928 3.603346
v -0.357446 0.111928 3.603346
v -0.357446 0.111928 3.603346
v -0.357446 0.111928 3.603346
v -0.357446 -0.321340 0.852095
v -0.357446 -0.321340 0.852095
v -0.357446 -0.321340 0.852095
v -0.357446 -0.256351 0.837652
v -0.357446 -0.256351 0.837652
v -0.357446 0.487427 0.750998
v -0.357446 0.487427 0.750998
v -0.357446 -0.487427 0.750998
v -0.357446 -0.487427 0.750998
v -0.357446 0.487427 0.686007
v -0.357446 0.487427 0.686007
v -0.357446 -0.487427 0.686007
v -0.357446 -0.487427 0.686007
v -0.364667 -0.148034 2.072466
v -0.364667 -0.148034 2.072466
v -0.364667 -0.148034 2.072466
v -0.364667 -0.054158 2.137457
v -0.364667 -0.054158 2.137457
v -0.364667 -0.054158 2.137457
v -0.364667 -0.068602 2.151898
v -0.364667 -0.068602 2.151898
v -0.364667 -0.068602 2.151898
v -0.364667 -0.379109 2.224109
v -0.364667 -0.379109 2.224109
v -0.364667 -0.379109 2.224109
v -0.364667 -0.191360 2.238552
v -0.364667 -0.191360 2.238552
v -0.364667 -0.191360 2.238552
v -0.364667 -0.191360 2.238552
v -0.364667 -0.191360 2.238552
v -0.364667 -0.393552 2.245774
v -0.364667 -0.393552 2.245774
v -0.364667 -0.393552 2.245774
v -0.364667 -0.184138 2.281878
v -0.364667 -0.184138 2.281878
v -0.364667 -0.184138 2.281878
v -0.364667 -0.184138 2.281878
v -0.364667 -0.184138 2.281878
v -0.364667 -0.574079 2.570724
v -0.364667 -0.574079 2.570724
v -0.364667 -0.574079 2.570724
v -0.364667 -0.574079 2.570724
v -0.364667 -0.530753 2.585167
v -0.364667 -0.530753 2.585167
v -0.364667 -0.530753 2.585167
v -0.364667 0.039717 3.386713
v -0.364667 0.169697 3.451703
v -0.364667 0.169697 3.451703
v -0.364667 0.198581 3.502251
v -0.364667 0.198581 3.502251
v -0.364667 0.176918 3.531136
v -0.364667 0.176918 3.531136
v -0.364667 0.191360 3.545577
v -0.364667 0.191360 3.545577
v -0.364667 0.075821 3.574462
v -0.364667 0.075821 3.574462
v -0.364667 0.075821 3.588905
v -0.364667 0.075821 3.588905
v -0.364667 0.075821 3.588905
v -0.364667 0.075821 3.588905
v -0.364667 0.501869 0.736556
v -0.364667 0.501869 0.736556
v -0.364667 0.501869 0.736556
v -0.364667 -0.501869 0.736556
v -0.364667 -0.501869 0.736556
v -0.364667 0.501869 0.700450
v -0.364667 0.501869 0.700450
v -0.364667 -0.501869 0.700450
v -0.364667 0.501869 0.563249
v -0.364667 -0.501869 0.563249
v -0.371889 -0.213023 2.072466
v -0.371889 -0.213023 2.072466
v -0.371889 -0.213023 2.072466
v -0.371889 -0.090265 2.079688
v -0.371889 -0.090265 2.079688
v -0.371889 -0.090265 2.079688
v -0.371889 -0.119149 2.079688
v -0.371889 -0.119149 2.079688
v -0.371889 -0.119149 2.079688
v -0.371889 -0.119149 2.079688
v -0.371889 -0.162475 2.079688
v -0.371889 -0.162475 2.079688
v -0.371889 -0.162475 2.079688
v -0.371889 -0.162475 2.079688
v -0.371889 -0.198581 2.086907
v -0.371889 -0.198581 2.086907
v -0.371889 -0.198581 2.086907
v -0.371889 -0.140812 2.101351
v -0.371889 -0.140812 2.101351
v -0.371889 -0.140812 2.101351
v -0.371889 -0.140812 2.101351
v -0.371889 -0.083043 2.108572
v -0.371889 -0.083043 2.108572
v -0.371889 -0.083043 2.108572
v -0.371889 -0.061380 2.130235
v -0.371889 -0.061380 2.130235
v -0.371889 -0.061380 2.130235
v -0.371889 -0.061380 2.130235
v -0.371889 -0.083043 2.137457
v -0.371889 -0.083043 2.137457
v -0.371889 -0.083043 2.137457
v -0.371889 -0.083043 2.137457
v -0.371889 -0.270792 2.224109
v -0.371889 -0.270792 2.224109
v -0.371889 -0.270792 2.224109
v -0.371889 -0.371889 2.224109
v -0.371889 -0.371889 2.224109
v -0.371889 -0.371889 2.224109
v -0.371889 -0.494647 2.491292
v -0.371889 -0.494647 2.491292
v -0.371889 0.083043 3.285616
v -0.371889 0.083043 3.285616
v -0.371889 0.083043 3.285616
v -0.371889 0.083043 3.285616
v -0.371889 0.090265 3.365050
v -0.371889 0.090265 3.365050
v -0.371889 0.148034 3.567240
v -0.371889 0.148034 3.567240
v -0.371889 0.111928 3.581683
v -0.371889 0.111928 3.581683
v -0.371889 0.155254 3.581683
v -0.371889 0.155254 3.581683
v -0.371889 0.111928 3.596125
v -0.371889 0.111928 3.596125
v -0.371889 0.111928 3.596125
v -0.371889 0.111928 3.596125
v -0.379109 -0.140812 2.065244
v -0.379109 -0.140812 2.065244
v -0.379109 -0.140812 2.065244
v -0.379109 -0.104706 2.086907
v -0.379109 -0.104706 2.086907
v -0.379109 -0.104706 2.086907
v -0.379109 -0.234688 2.086907
v -0.379109 -0.234688 2.086907
v -0.379109 -0.234688 2.086907
v -0.379109 -0.234688 2.086907
v -0.379109 -0.234688 2.086907
v -0.379109 -0.061380 2.094129
v -0.379109 -0.061380 2.094129
v -0.379109 -0.061380 2.094129
v -0.379109 -0.061380 2.094129
v -0.379109 -0.213023 2.101351
v -0.379109 -0.213023 2.101351
v -0.379109 -0.213023 2.101351
v -0.379109 -0.046937 2.144677
v -0.379109 -0.046937 2.144677
v -0.379109 -0.046937 2.144677
v -0.379109 -0.046937 2.144677
v -0.379109 -0.335783 2.180783
v -0.379109 -0.335783 2.180783
v -0.379109 -0.335783 2.180783
v -0.379109 -0.335783 2.180783
v -0.379109 -0.155254 2.245774
v -0.379109 -0.155254 2.245774
v -0.379109 -0.155254 2.245774
v -0.379109 -0.155254 2.245774
v -0.379109 -0.155254 2.245774
v -0.379109 0.039717 3.422819
v -0.379109 0.039717 3.422819
v -0.379109 0.039717 3.422819
v -0.379109 0.039717 3.422819
v -0.379109 0.119149 3.516692
v -0.379109 0.061380 3.523914
v -0.379109 0.061380 3.523914
v -0.386330 -0.083043 2.072466
v -0.386330 -0.083043 2.072466
v -0.386330 -0.083043 2.072466
v -0.386330 -0.083043 2.072466
v -0.386330 -0.061380 2.123014
v -0.386330 -0.061380 2.123014
v -0.386330 -0.061380 2.123014
v -0.386330 -0.061380 2.123014
v -0.386330 -0.075821 2.180783
v -0.386330 -0.075821 2.180783
v -0.386330 -0.075821 2.180783
v -0.386330 -0.075821 2.180783
v -0.386330 -0.075821 2.180783
v -0.386330 -0.104706 2.209667
v -0.386330 -0.104706 2.209667
v -0.386330 -0.465763 2.325206
v -0.386330 -0.371889 2.411860
v -0.386330 -0.371889 2.411860
v -0.386330 0.104706 3.401154
v -0.386330 0.104706 3.401154
v -0.386330 0.104706 3.401154
v -0.386330 0.111928 3.466145
v -0.386330 0.054158 3.473366
v -0.386330 0.054158 3.473366
v -0.386330 0.054158 3.473366
v -0.393552 -0.148034 2.115792
v -0.393552 -0.148034 2.115792
v -0.393552 -0.148034 2.115792
v -0.393552 -0.090265 2.130235
v -0.393552 -0.090265 2.130235
v -0.393552 -0.090265 2.130235
v -0.393552 -0.422437 0.787104
v -0.393552 -0.422437 0.787104
v -0.393552 -0.422437 0.787104
v -0.393552 -0.407993 0.758219
v -0.393552 -0.407993 0.758219
v -0.393552 -0.407993 0.758219
v -0.393552 0.537975 0.173308
v -0.393552 0.537975 0.173308
v -0.393552 -0.537975 0.173308
v -0.393552 -0.537975 0.173308
v -0.400774 -0.169697 2.094129
v -0.400774 -0.169697 2.094129
v -0.400774 -0.169697 2.094129
v -0.400774 -0.169697 2.094129
v -0.400774 -0.169697 2.094129
v -0.400774 -0.169697 2.094129
v -0.400774 -0.119149 2.108572
v -0.400774 -0.119149 2.108572
v -0.400774 -0.220244 2.115792
v -0.400774 -0.220244 2.115792
v -0.400774 -0.220244 2.115792
v -0.400774 -0.220244 2.115792
v -0.400774 -0.220244 2.115792
v -0.400774 -0.270792 2.151898
v -0.400774 -0.270792 2.151898
v -0.400774 -0.270792 2.151898
v -0.400774 -0.270792 2.151898
v -0.400774 -0.270792 2.151898
v -0.400774 -0.270792 2.151898
v -0.400774 -0.097484 2.159120
v -0.400774 -0.097484 2.159120
v -0.400774 -0.097484 2.159120
v -0.400774 -0.227466 2.195224
v -0.400774 -0.227466 2.195224
v -0.400774 -0.227466 2.195224
v -0.400774 -0.292457 2.325206
v -0.400774 -0.292457 2.325206
v -0.400774 -0.292457 2.325206
v -0.400774 -0.292457 2.325206
v -0.400774 -0.292457 2.325206
v -0.400774 -0.292457 2.339647
v -0.400774 -0.292457 2.339647
v -0.400774 -0.292457 2.339647
v -0.400774 -0.321340 2.354090
v -0.400774 -0.321340 2.354090
v -0.400774 -0.321340 2.354090
v -0.400774 -0.328561 2.354090
v -0.400774 -0.328561 2.354090
v -0.400774 -0.328561 2.354090
v -0.400774 -0.328561 2.354090
v -0.400774 -0.393552 0.823210
v -0.400774 -0.393552 0.823210
v -0.400774 0.552416 0.202192
v -0.400774 -0.552416 0.202192
v -0.400774 -0.552416 0.202192
v -0.400774 0.552416 0.151645
v -0.400774 0.552416 0.151645
v -0.400774 -0.552416 0.151645
v -0.400774 -0.552416 0.151645
v -0.407993 -0.241907 2.094129
v -0.407993 -0.241907 2.094129
v -0.407993 -0.241907 2.094129
v -0.407993 -0.241907 2.094129
v -0.407993 -0.054158 2.173561
v -0.407993 -0.054158 2.173561
v -0.407993 -0.054158 2.173561
v -0.407993 -0.054158 2.173561
v -0.407993 -0.054158 2.180783
v -0.407993 -0.054158 2.180783
v -0.407993 -0.054158 2.180783
v -0.407993 -0.126369 2.188004
v -0.407993 -0.126369 2.188004
v -0.407993 -0.176918 2.216889
v -0.407993 -0.176918 2.216889
v -0.407993 -0.176918 2.216889
v -0.407993 -0.176918 2.216889
v -0.407993 -0.176918 2.216889
v -0.407993 -0.407993 2.252993
v -0.407993 -0.407993 2.252993
v -0.407993 -0.176918 2.281878
v -0.407993 -0.176918 2.281878
v -0.407993 -0.176918 2.281878
v -0.415215 -0.140812 2.079688
v -0.415215 -0.140812 2.079688
v -0.415215 -0.140812 2.079688
v -0.415215 -0.220244 2.079688
v -0.415215 -0.220244 2.079688
v -0.415215 -0.126369 2.101351
v -0.415215 -0.126369 2.101351
v -0.415215 -0.198581 2.101351
v -0.415215 -0.198581 2.101351
v -0.415215 -0.068602 2.115792
v -0.415215 -0.068602 2.115792
v -0.415215 -0.068602 2.115792
v -0.415215 -0.169697 2.144677
v -0.415215 -0.169697 2.144677
v -0.415215 -0.126369 2.173561
v -0.415215 -0.126369 2.173561
v -0.415215 -0.126369 2.173561
v -0.415215 -0.090265 2.224109
v -0.415215 -0.090265 2.224109
v -0.415215 -0.386330 2.231330
v -0.415215 -0.386330 2.231330
v -0.415215 -0.386330 2.231330
v -0.415215 -0.386330 2.231330
v -0.415215 -0.148034 2.267437
v -0.415215 -0.148034 2.267437
v -0.415215 -0.148034 2.267437
v -0.415215 -0.148034 2.267437
v -0.415215 -0.263572 2.303543
v -0.415215 -0.263572 2.303543
v -0.415215 -0.263572 2.303543
v -0.415215 -0.263572 2.303543
v -0.415215 -0.422437 2.375753
v -0.415215 -0.422437 2.375753
v -0.415215 -0.422437 2.375753
v -0.415215 -0.328561 0.837652
v -0.422437 -0.148034 2.079688
v -0.422437 -0.148034 2.079688
v -0.422437 -0.148034 2.079688
v -0.422437 -0.090265 2.094129
v -0.422437 -0.090265 2.094129
v -0.422437 -0.198581 2.115792
v -0.422437 -0.198581 2.115792
v -0.422437 -0.198581 2.115792
v -0.422437 -0.068602 2.123014
v -0.422437 -0.068602 2.123014
v -0.422437 -0.068602 2.123014
v -0.422437 -0.068602 2.123014
v -0.422437 -0.263572 2.123014
v -0.422437 -0.263572 2.123014
v -0.422437 -0.263572 2.123014
v -0.422437 -0.263572 2.123014
v -0.422437 -0.263572 2.123014
v -0.422437 -0.263572 2.123014
v -0.422437 -0.068602 2.159120
v -0.422437 -0.068602 2.159120
v -0.422437 -0.068602 2.159120
v -0.422437 -0.075821 2.166341
v -0.422437 -0.075821 2.166341
v -0.422437 -0.379109 2.224109
v -0.422437 -0.379109 2.224109
v -0.422437 -0.379109 2.224109
v -0.422437 -0.097484 2.231330
v -0.422437 -0.097484 2.231330
v -0.429658 -0.227466 2.086907
v -0.429658 -0.227466 2.086907
v -0.429658 -0.227466 2.086907
v -0.429658 -0.227466 2.086907
v -0.429658 -0.090265 2.101351
v -0.429658 -0.090265 2.101351
v -0.429658 -0.090265 2.101351
v -0.429658 -0.205803 2.108572
v -0.429658 -0.205803 2.108572
v -0.429658 -0.148034 2.144677
v -0.429658 -0.148034 2.144677
v -0.429658 -0.148034 2.144677
v -0.429658 -0.234688 2.144677
v -0.429658 -0.234688 2.144677
v -0.429658 -0.234688 2.144677
v -0.429658 -0.234688 2.144677
v -0.429658 -0.234688 2.144677
v -0.429658 -0.343004 2.188004
v -0.429658 -0.169697 2.231330
v -0.429658 -0.169697 2.231330
v -0.429658 -0.169697 2.231330
v -0.429658 -0.321340 2.296321
v -0.429658 -0.357446 2.325206
v -0.429658 -0.357446 2.325206
v -0.429658 -0.270792 0.823210
v -0.429658 -0.270792 0.823210
v -0.429658 -0.263572 0.758219
v -0.429658 -0.263572 0.758219
v -0.436878 -0.198581 2.188004
v -0.436878 -0.198581 2.188004
v -0.436878 -0.198581 2.188004
v -0.436878 -0.198581 2.188004
v -0.436878 -0.198581 2.188004
v -0.436878 -0.198581 2.188004
v -0.436878 -0.111928 2.195224
v -0.436878 -0.111928 2.195224
v -0.436878 -0.119149 2.209667
v -0.436878 -0.119149 2.209667
v -0.436878 -0.162475 2.238552
v -0.436878 -0.162475 2.238552
v -0.436878 -0.162475 2.238552
v -0.436878 -0.379109 2.281878
v -0.436878 -0.379109 2.281878
v -0.436878 -0.379109 2.281878
v -0.436878 -0.379109 2.281878
v -0.436878 -0.386330 2.289100
v -0.436878 -0.386330 2.289100
v -0.436878 -0.328561 2.303543
v -0.436878 -0.350224 2.325206
v -0.436878 -0.350224 2.325206
v -0.436878 -0.249129 0.787104
v -0.436878 -0.249129 0.787104
v -0.436878 0.595744 0.483817
v -0.436878 -0.595744 0.483817
v -0.444100 -0.148034 2.130235
v -0.444100 -0.148034 2.130235
v -0.444100 -0.148034 2.130235
v -0.444100 -0.111928 2.166341
v -0.444100 -0.111928 2.166341
v -0.444100 -0.169697 2.231330
v -0.444100 -0.169697 2.231330
v -0.444100 -0.191360 2.252993
v -0.444100 -0.191360 2.252993
v -0.444100 -0.191360 2.252993
v -0.444100 -0.191360 2.252993
v -0.444100 -0.299677 2.252993
v -0.444100 -0.357446 2.252993
v -0.444100 -0.357446 2.252993
v -0.444100 -0.364667 2.260215
v -0.444100 -0.364667 2.260215
v -0.451321 -0.176918 2.108572
v -0.451321 -0.176918 2.108572
v -0.451321 -0.176918 2.108572
v -0.451321 -0.176918 2.108572
v -0.451321 -0.162475 2.144677
v -0.451321 -0.162475 2.144677
v -0.451321 -0.292457 2.144677
v -0.451321 -0.292457 2.144677
v -0.451321 -0.292457 2.144677
v -0.451321 -0.292457 2.144677
v -0.451321 -0.119149 2.180783
v -0.451321 -0.119149 2.180783
v -0.451321 -0.198581 2.188004
v -0.451321 -0.198581 2.188004
v -0.451321 -0.198581 2.188004
v -0.451321 -0.198581 2.188004
v -0.451321 -0.198581 2.188004
v -0.451321 -0.328561 2.209667
v -0.451321 -0.328561 2.209667
v -0.451321 0.328561 0.686007
v -0.451321 0.328561 0.686007
v -0.451321 -0.328561 0.686007
v -0.451321 0.624629 0.259961
v -0.451321 -0.624629 0.259961
v -0.458543 -0.184138 2.115792
v -0.458543 -0.184138 2.115792
v -0.458543 -0.184138 2.115792
v -0.458543 -0.263572 2.123014
v -0.458543 -0.263572 2.123014
v -0.458543 -0.263572 2.123014
v -0.458543 -0.263572 2.123014
v -0.458543 -0.133591 2.144677
v -0.458543 -0.133591 2.144677
v -0.458543 -0.140812 2.151898
v -0.458543 -0.140812 2.151898
v -0.458543 -0.234688 2.151898
v -0.458543 -0.234688 2.151898
v -0.458543 -0.205803 2.195224
v -0.458543 -0.205803 2.195224
v -0.458543 -0.205803 2.195224
v -0.458543 -0.227466 2.209667
v -0.458543 -0.227466 2.209667
v -0.458543 -0.184138 2.216889
v -0.458543 -0.393552 0.765441
v -0.458543 -0.393552 0.765441
v -0.465763 -0.234688 2.144677
v -0.465763 -0.234688 2.144677
v -0.465763 -0.234688 2.144677
v -0.465763 -0.263572 2.166341
v -0.465763 -0.263572 2.166341
v -0.465763 -0.263572 2.166341
v -0.465763 -0.263572 2.166341
v -0.465763 -0.263572 2.166341
v -0.465763 -0.386330 0.815989
v -0.465763 -0.386330 0.815989
v -0.465763 0.335783 0.613796
v -0.465763 0.335783 0.613796
v -0.465763 -0.335783 0.613796
v -0.465763 0.646292 0.426047
v -0.465763 -0.646292 0.426047
v -0.472984 -0.220244 2.173561
v -0.472984 -0.220244 2.173561
v -0.472984 -0.400774 0.794326
v -0.472984 -0.400774 0.794326
v -0.472984 0.653513 0.368278
v -0.472984 0.653513 0.368278
v -0.472984 0.653513 0.368278
v -0.472984 -0.653513 0.368278
v -0.472984 -0.653513 0.368278
v -0.472984 0.653513 0.310509
v -0.472984 0.653513 0.310509
v -0.472984 -0.653513 0.310509
v -0.480206 -0.299677 0.765441
v -0.480206 -0.299677 0.765441
v -0.487427 -0.299677 0.823210
v -0.487427 -0.299677 0.823210
v -0.487427 -0.299677 0.823210
v -0.487427 0.357446 0.750998
v -0.487427 0.357446 0.750998
v -0.487427 -0.357446 0.750998
v -0.487427 -0.357446 0.750998
v -0.487427 0.357446 0.686007
v -0.487427 0.357446 0.686007
v -0.487427 -0.357446 0.686007
v -0.487427 -0.357446 0.686007
v -0.487427 0.675176 0.000000
v -0.487427 0.675176 0.000000
v -0.487427 -0.675176 0.000000
v -0.487427 -0.675176 0.000000
v -0.494647 -0.343004 0.830430
v -0.494647 -0.343004 0.830430
v -0.494647 -0.343004 0.830430
v -0.494647 -0.343004 0.772661
v -0.494647 -0.343004 0.772661
v -0.494647 -0.343004 0.772661
v -0.494647 -0.343004 0.772661
v -0.494647 0.682398 0.151645
v -0.494647 0.682398 0.151645
v -0.494647 0.682398 0.151645
v -0.494647 -0.682398 0.151645
v -0.494647 -0.682398 0.151645
v -0.494647 0.682398 0.014441
v -0.494647 0.682398 0.014441
v -0.494647 -0.682398 0.014441
v -0.501869 -0.292457 0.794326
v -0.501869 -0.292457 0.794326
v -0.501869 -0.292457 0.794326
v -0.501869 0.364667 0.736556
v -0.501869 0.364667 0.736556
v -0.501869 -0.364667 0.736556
v -0.501869 -0.364667 0.736556
v -0.501869 0.364667 0.700450
v -0.501869 0.364667 0.700450
v -0.501869 -0.364667 0.700450
v -0.501869 0.364667 0.563249
v -0.501869 0.364667 0.563249
v -0.501869 -0.364667 0.563249
v -0.509090 -0.350224 0.801545
v -0.509090 -0.350224 0.801545
v -0.509090 -0.350224 0.801545
v -0.530753 0.169697 0.686007
v -0.530753 -0.169697 0.686007
v -0.530753 -0.169697 0.686007
v -0.537975 0.393552 0.173308
v -0.537975 0.393552 0.173308
v -0.537975 -0.393552 0.173308
v -0.537975 -0.393552 0.173308
v -0.545197 0.176918 0.613796
v -0.545197 0.176918 0.613796
v -0.545197 -0.176918 0.613796
v -0.545197 -0.176918 0.613796
v -0.552416 0.400774 0.202192
v -0.552416 0.400774 0.202192
v -0.552416 -0.400774 0.202192
v -0.552416 0.400774 0.151645
v -0.552416 0.400774 0.151645
v -0.552416 -0.400774 0.151645
v -0.552416 -0.400774 0.151645
v -0.559638 -0.003611 0.686007
v -0.574079 0.184138 0.750998
v -0.574079 0.184138 0.750998
v -0.574079 0.184138 0.750998
v -0.574079 -0.184138 0.750998
v -0.574079 -0.184138 0.750998
v -0.574079 0.184138 0.686007
v -0.574079 0.184138 0.686007
v -0.574079 -0.184138 0.686007
v -0.574079 -0.184138 0.686007
v -0.574079 -0.003611 0.613796
v -0.574079 -0.003611 0.613796
v -0.588523 0.191360 0.736556
v -0.588523 0.191360 0.736556
v -0.588523 -0.191360 0.736556
v -0.588523 -0.191360 0.736556
v -0.588523 -0.191360 0.736556
v -0.588523 0.191360 0.700450
v -0.588523 0.191360 0.700450
v -0.588523 -0.191360 0.700450
v -0.588523 -0.191360 0.700450
v -0.588523 0.191360 0.563249
v -0.588523 0.191360 0.563249
v -0.588523 0.191360 0.563249
v -0.588523 -0.191360 0.563249
v -0.588523 -0.191360 0.563249
v -0.595744 0.436878 0.483817
v -0.595744 0.436878 0.483817
v -0.595744 -0.436878 0.483817
v -0.602964 -0.003611 0.750998
v -0.602964 -0.003611 0.750998
v -0.602964 -0.003611 0.750998
v -0.602964 -0.003611 0.686007
v -0.602964 -0.003611 0.686007
v -0.602964 -0.003611 0.686007
v -0.617407 -0.003611 0.736556
v -0.617407 -0.003611 0.736556
v -0.617407 -0.003611 0.700450
v -0.617407 -0.003611 0.700450
v -0.617407 -0.003611 0.700450
v -0.617407 -0.003611 0.563249
v -0.617407 -0.003611 0.563249
v -0.617407 -0.003611 0.563249
v -0.624629 0.451321 0.259961
v -0.624629 0.451321 0.259961
v -0.624629 -0.451321 0.259961
v -0.624629 -0.451321 0.259961
v -0.631849 0.205803 0.173308
v -0.631849 0.205803 0.173308
v -0.631849 0.205803 0.173308
v -0.631849 -0.205803 0.173308
v -0.631849 -0.205803 0.173308
v -0.646292 0.465763 0.426047
v -0.646292 0.465763 0.426047
v -0.646292 -0.465763 0.426047
v -0.646292 0.213023 0.202192
v -0.646292 0.213023 0.202192
v -0.646292 0.213023 0.202192
v -0.646292 -0.213023 0.202192
v -0.646292 -0.213023 0.202192
v -0.646292 0.213023 0.151645
v -0.646292 0.213023 0.151645
v -0.646292 0.213023 0.151645
v -0.646292 -0.213023 0.151645
v -0.646292 -0.213023 0.151645
v -0.653513 0.472984 0.368278
v -0.653513 0.472984 0.368278
v -0.653513 -0.472984 0.368278
v -0.653513 -0.472984 0.368278
v -0.653513 0.472984 0.310509
v -0.653513 0.472984 0.310509
v -0.653513 -0.472984 0.310509
v -0.667955 -0.003611 0.173308
v -0.667955 -0.003611 0.173308
v -0.667955 -0.003611 0.173308
v -0.675176 0.487427 0.000000
v -0.675176 0.487427 0.000000
v -0.675176 -0.487427 0.000000
v -0.675176 -0.487427 0.000000
v -0.682398 -0.003611 0.202192
v -0.682398 -0.003611 0.202192
v -0.682398 -0.003611 0.202192
v -0.682398 0.494647 0.151645
v -0.682398 0.494647 0.151645
v -0.682398 -0.003611 0.151645
v -0.682398 -0.003611 0.151645
v -0.682398 -0.003611 0.151645
v -0.682398 -0.494647 0.151645
v -0.682398 -0.494647 0.151645
v -0.682398 0.494647 0.014441
v -0.682398 0.494647 0.014441
v -0.682398 -0.494647 0.014441
v -0.704061 0.227466 0.483817
v -0.704061 0.227466 0.483817
v -0.704061 0.227466 0.483817
v -0.704061 -0.227466 0.483817
v -0.732946 0.241907 0.259961
v -0.732946 0.241907 0.259961
v -0.732946 0.241907 0.259961
v -0.732946 -0.241907 0.259961
v -0.732946 -0.241907 0.259961
v -0.740167 -0.003611 0.483817
v -0.740167 -0.003611 0.483817
v -0.740167 -0.003611 0.483817
v -0.754609 0.249129 0.426047
v -0.754609 0.249129 0.426047
v -0.754609 -0.249129 0.426047
v -0.754609 -0.249129 0.426047
v -0.761830 0.249129 0.310509
v -0.761830 0.249129 0.310509
v -0.761830 -0.249129 0.310509
v -0.761830 -0.249129 0.310509
v -0.769052 0.249129 0.368278
v -0.769052 -0.249129 0.368278
v -0.769052 -0.249129 0.368278
v -0.769052 -0.249129 0.368278
v -0.769052 -0.003611 0.259961
v -0.769052 -0.003611 0.259961
v -0.769052 -0.003611 0.259961
v -0.790715 0.256351 0.000000
v -0.790715 0.256351 0.000000
v -0.790715 -0.256351 0.000000
v -0.790715 -0.256351 0.000000
v -0.797936 -0.003611 0.426047
v -0.797936 -0.003611 0.426047
v -0.805156 -0.003611 0.310509
v -0.805156 -0.003611 0.310509
v -0.805156 0.263572 0.151645
v -0.805156 0.263572 0.151645
v -0.805156 -0.263572 0.151645
v -0.805156 -0.263572 0.151645
v -0.805156 -0.263572 0.151645
v -0.805156 0.263572 0.014441
v -0.805156 0.263572 0.014441
v -0.805156 -0.263572 0.014441
v -0.805156 -0.263572 0.014441
v -0.812378 -0.003611 0.368278
v -0.834041 -0.003611 0.000000
v -0.834041 -0.003611 0.000000
v -0.834041 -0.003611 0.000000
v -0.848484 -0.003611 0.151645
v -0.848484 -0.003611 0.151645
v -0.848484 -0.003611 0.014441
v -0.848484 -0.003611 0.014441
v -0.848484 -0.003611 0.014441
v 0.003611 0.306898 3.076204
v 0.003611 0.306898 3.076204
v 0.003611 0.306898 3.076204
v 0.003611 0.140812 3.336165
v 0.003611 0.140812 3.336165
v 0.003611 0.140812 3.336165
v 0.003611 0.140812 3.336165
v 0.003611 0.111928 3.357828
v 0.003611 0.111928 3.357828
v 0.003611 0.140812 3.365050
v 0.003611 0.140812 3.365050
v 0.003611 0.140812 3.365050
v 0.003611 0.140812 3.365050
v 0.003611 -0.061380 3.422819
v 0.003611 -0.061380 3.422819
v 0.003611 -0.061380 3.422819
v 0.003611 -0.061380 3.422819
v 0.003611 -0.061380 3.422819
v 0.003611 0.162475 3.430039
v 0.003611 0.191360 3.516692
v 0.003611 0.191360 3.516692
v 0.003611 0.191360 3.516692
v 0.003611 -0.068602 3.523914
v 0.003611 -0.068602 3.523914
v 0.003611 -0.068602 3.523914
v 0.003611 -0.083043 3.523914
v 0.003611 -0.083043 3.523914
v 0.003611 0.176918 3.531136
v 0.003611 0.176918 3.531136
v 0.003611 0.176918 3.531136
v 0.003611 -0.039717 3.560020
v 0.003611 -0.039717 3.560020
v 0.003611 -0.039717 3.560020
v 0.003611 -0.039717 3.560020
v 0.003611 -0.068602 3.596125
v 0.003611 -0.068602 3.596125
v 0.003611 -0.068602 3.596125
v 0.003611 0.111928 3.617789
v 0.003611 0.111928 3.617789
v 0.003611 0.111928 3.617789
v 0.003611 0.328561 1.754735
v 0.003611 0.328561 1.754735
v 0.003611 0.126369 1.740294
v 0.003611 -0.220244 1.400900
v 0.003611 -0.220244 1.400900
v 0.003611 -0.220244 1.400900
v 0.003611 0.509090 0.794326
v 0.003611 0.509090 0.794326
v 0.003611 0.509090 0.794326
v 0.003611 0.393552 0.750998
v 0.003611 0.393552 0.750998
v 0.010832 0.343004 2.325206
v 0.010832 0.343004 2.325206
v 0.010832 0.343004 2.325206
v 0.010832 0.343004 2.325206
v 0.010832 0.343004 2.325206
v 0.010832 0.343004 2.325206
v 0.010832 0.343004 2.325206
v 0.010832 0.357446 2.332427
v 0.010832 0.357446 2.332427
v 0.010832 0.357446 2.332427
v 0.010832 0.357446 2.332427
v 0.010832 0.552416 2.549061
v 0.010832 0.552416 2.549061
v 0.010832 0.545197 2.635715
v 0.010832 0.393552 2.902896
v 0.010832 0.393552 2.902896
v 0.010832 0.393552 2.902896
v 0.010832 0.155254 3.256731
v 0.010832 0.155254 3.256731
v 0.010832 0.155254 3.256731
v 0.010832 0.155254 3.256731
v 0.010832 0.119149 3.278396
v 0.010832 0.119149 3.278396
v 0.010832 -0.075821 3.372269
v 0.010832 -0.075821 3.372269
v 0.010832 0.148034 3.393934
v 0.010832 0.148034 3.393934
v 0.010832 0.148034 3.393934
v 0.010832 -0.039717 3.466145
v 0.010832 -0.039717 3.466145
v 0.010832 0.176918 3.495029
v 0.010832 0.176918 3.495029
v 0.010832 0.176918 3.495029
v 0.010832 -0.039717 3.523914
v 0.010832 -0.039717 3.523914
v 0.010832 0.169697 3.531136
v 0.010832 -0.032495 3.567240
v 0.010832 -0.032495 3.567240
v 0.010832 -0.032495 3.567240
v 0.010832 -0.032495 3.567240
v 0.010832 0.018052 3.603346
v 0.010832 0.018052 3.603346
v 0.010832 -0.010832 3.603346
v 0.010832 -0.010832 3.603346
v 0.010832 0.155254 3.610568
v 0.010832 0.155254 3.610568
v 0.010832 0.155254 3.610568
v 0.010832 0.032495 3.617789
v 0.010832 0.032495 3.617789
v 0.010832 0.032495 3.617789
v 0.010832 0.148034 3.617789
v 0.010832 0.148034 3.617789
v 0.010832 0.162475 3.617789
v 0.010832 0.162475 3.617789
v 0.010832 0.025274 3.625009
v 0.010832 0.025274 3.625009
v 0.010832 0.025274 3.625009
v 0.010832 0.025274 3.625009
v 0.010832 0.039717 3.625009
v 0.010832 0.039717 3.625009
v 0.010832 0.155254 3.625009
v 0.010832 0.155254 3.625009
v 0.010832 0.155254 3.625009
v 0.010832 0.032495 3.632231
v 0.010832 0.032495 3.632231
v 0.010832 0.032495 3.632231
v 0.010832 0.234688 1.603093
v 0.010832 0.234688 1.603093
v 0.010832 0.234688 1.603093
v 0.010832 0.400774 0.823210
v 0.010832 0.400774 0.823210
v 0.010832 0.494647 0.815989
v 0.010832 0.494647 0.815989
v 0.018052 -0.184138 2.079688
v 0.018052 -0.184138 2.079688
v 0.018052 -0.184138 2.079688
v 0.018052 -0.184138 2.079688
v 0.018052 -0.140812 2.397416
v 0.018052 -0.140812 2.397416
v 0.018052 -0.140812 2.397416
v 0.018052 -0.140812 2.397416
v 0.018052 0.379109 2.989550
v 0.018052 0.263572 3.126751
v 0.018052 -0.148034 3.263953
v 0.018052 -0.148034 3.263953
v 0.018052 -0.148034 3.263953
v 0.018052 0.111928 3.365050
v 0.018052 0.111928 3.365050
v 0.018052 0.111928 3.365050
v 0.018052 0.111928 3.365050
v 0.018052 0.111928 3.365050
v 0.018052 0.111928 3.365050
v 0.018052 0.133591 3.365050
v 0.018052 0.133591 3.365050
v 0.018052 0.133591 3.365050
v 0.018052 0.133591 3.365050
v 0.018052 -0.039717 3.386713
v 0.018052 -0.039717 3.386713
v 0.018052 -0.039717 3.386713
v 0.018052 -0.039717 3.386713
v 0.018052 0.119149 3.393934
v 0.018052 0.119149 3.393934
v 0.018052 0.119149 3.393934
v 0.018052 0.119149 3.393934
v 0.018052 -0.046937 3.401154
v 0.018052 -0.046937 3.401154
v 0.018052 -0.046937 3.401154
v 0.018052 -0.068602 3.401154
v 0.018052 -0.068602 3.401154
v 0.018052 -0.068602 3.401154
v 0.018052 -0.068602 3.401154
v 0.018052 -0.039717 3.422819
v 0.018052 -0.039717 3.422819
v 0.018052 -0.039717 3.422819
v 0.018052 -0.039717 3.422819
v 0.018052 0.140812 3.437260
v 0.018052 0.140812 3.437260
v 0.018052 0.140812 3.437260
v 0.018052 0.140812 3.437260
v 0.018052 0.140812 3.437260
v 0.018052 0.162475 3.487808
v 0.018052 0.162475 3.487808
v 0.018052 -0.075821 3.495029
v 0.018052 -0.075821 3.495029
v 0.018052 -0.075821 3.495029
v 0.018052 0.162475 3.509471
v 0.018052 0.162475 3.509471
v 0.018052 0.176918 3.509471
v 0.018052 0.176918 3.509471
v 0.018052 0.032495 3.596125
v 0.018052 0.487427 0.758219
v 0.018052 0.487427 0.758219
v 0.025274 -0.046937 2.029138
v 0.025274 -0.046937 2.029138
v 0.025274 -0.046937 2.029138
v 0.025274 0.364667 2.238552
v 0.025274 0.364667 2.238552
v 0.025274 0.278014 3.126751
v 0.025274 0.278014 3.126751
v 0.025274 0.278014 3.126751
v 0.025274 0.133591 3.227848
v 0.025274 0.133591 3.227848
v 0.025274 0.133591 3.227848
v 0.025274 0.133591 3.227848
v 0.025274 0.133591 3.227848
v 0.025274 0.162475 3.263953
v 0.025274 0.162475 3.263953
v 0.025274 0.119149 3.336165
v 0.025274 0.119149 3.336165
v 0.025274 0.119149 3.336165
v 0.025274 -0.061380 3.379491
v 0.025274 -0.061380 3.379491
v 0.025274 -0.068602 3.379491
v 0.025274 -0.068602 3.379491
v 0.025274 -0.039717 3.401154
v 0.025274 0.162475 3.487808
v 0.025274 0.162475 3.487808
v 0.025274 -0.018052 3.523914
v 0.025274 -0.018052 3.523914
v 0.025274 -0.018052 3.523914
v 0.025274 -0.032495 3.538355
v 0.025274 -0.032495 3.538355
v 0.025274 -0.032495 3.538355
v 0.025274 0.162475 3.552799
v 0.025274 0.162475 3.552799
v 0.025274 0.010832 3.567240
v 0.025274 0.010832 3.567240
v 0.025274 0.010832 3.567240
v 0.025274 0.148034 3.567240
v 0.025274 0.148034 3.567240
v 0.025274 -0.010832 3.574462
v 0.025274 -0.010832 3.574462
v 0.025274 -0.010832 3.574462
v 0.025274 0.090265 3.581683
v 0.025274 0.090265 3.581683
v 0.025274 0.090265 3.581683
v 0.025274 0.090265 3.581683
v 0.025274 0.090265 3.581683
v 0.025274 0.111928 3.581683
v 0.025274 0.111928 3.581683
v 0.025274 0.126369 3.581683
v 0.025274 0.126369 3.581683
v 0.025274 0.104706 3.588905
v 0.025274 0.104706 3.588905
v 0.025274 0.104706 3.588905
v 0.025274 0.104706 3.588905
v 0.025274 0.061380 3.596125
v 0.032495 -0.198581 2.151898
v 0.032495 -0.198581 2.151898
v 0.032495 0.328561 2.715147
v 0.032495 0.328561 2.715147
v 0.032495 -0.335783 3.090645
v 0.032495 -0.335783 3.090645
v 0.032495 -0.068602 3.314500
v 0.032495 -0.068602 3.314500
v 0.032495 -0.068602 3.314500
v 0.032495 -0.068602 3.314500
v 0.032495 -0.068602 3.314500
v 0.032495 -0.075821 3.321722
v 0.032495 -0.075821 3.321722
v 0.032495 -0.075821 3.321722
v 0.032495 0.104706 3.343385
v 0.032495 0.104706 3.343385
v 0.032495 -0.075821 3.350606
v 0.032495 -0.075821 3.350606
v 0.032495 -0.075821 3.350606
v 0.032495 0.104706 3.401154
v 0.032495 0.104706 3.401154
v 0.032495 0.104706 3.401154
v 0.032495 0.104706 3.401154
v 0.032495 -0.025274 3.422819
v 0.032495 -0.025274 3.422819
v 0.032495 -0.025274 3.422819
v 0.032495 -0.018052 3.466145
v 0.032495 -0.018052 3.466145
v 0.032495 0.126369 3.495029
v 0.032495 0.155254 3.495029
v 0.032495 0.155254 3.495029
v 0.032495 0.162475 3.495029
v 0.032495 0.162475 3.495029
v 0.032495 -0.025274 3.516692
v 0.032495 -0.025274 3.516692
v 0.032495 -0.032495 3.516692
v 0.032495 -0.032495 3.516692
v 0.032495 -0.032495 3.516692
v 0.032495 0.140812 3.523914
v 0.032495 0.140812 3.523914
v 0.032495 0.140812 3.523914
v 0.032495 -0.003611 3.538355
v 0.032495 -0.003611 3.538355
v 0.032495 -0.018052 3.545577
v 0.032495 -0.018052 3.545577
v 0.032495 0.025274 3.567240
v 0.032495 0.025274 3.567240
v 0.032495 0.025274 3.567240
v 0.032495 0.025274 3.567240
v 0.032495 0.018052 3.617789
v 0.032495 0.018052 3.617789
v 0.032495 0.018052 3.617789
v 0.032495 0.018052 3.617789
v 0.032495 0.162475 3.617789
v 0.032495 0.162475 3.617789
v 0.032495 0.162475 3.617789
v 0.039717 0.379109 2.094129
v 0.039717 0.379109 2.094129
v 0.039717 0.379109 2.094129
v 0.039717 -0.198581 2.224109
v 0.039717 -0.198581 2.224109
v 0.039717 -0.169697 2.317984
v 0.039717 -0.169697 2.317984
v 0.039717 -0.169697 2.317984
v 0.039717 -0.169697 2.317984
v 0.039717 -0.169697 2.317984
v 0.039717 -0.169697 2.317984
v 0.039717 -0.169697 2.317984
v 0.039717 0.516312 2.491292
v 0.039717 0.516312 2.491292
v 0.039717 0.487427 2.700704
v 0.039717 0.487427 2.700704
v 0.039717 -0.090265 3.321722
v 0.039717 -0.090265 3.321722
v 0.039717 -0.090265 3.321722
v 0.039717 0.104706 3.372269
v 0.039717 0.104706 3.372269
v 0.039717 0.104706 3.372269
v 0.039717 0.104706 3.372269
v 0.039717 0.075821 3.379491
v 0.039717 0.075821 3.379491
v 0.039717 0.075821 3.379491
v 0.039717 0.075821 3.379491
v 0.039717 0.075821 3.379491
v 0.039717 0.075821 3.379491
v 0.039717 0.075821 3.379491
v 0.039717 0.075821 3.379491
v 0.039717 -0.039717 3.379491
v 0.039717 -0.039717 3.379491
v 0.039717 0.075821 3.408376
v 0.039717 0.075821 3.408376
v 0.039717 0.075821 3.408376
v 0.039717 0.075821 3.408376
v 0.039717 -0.003611 3.415597
v 0.039717 -0.003611 3.415597
v 0.039717 0.090265 3.451703
v 0.039717 0.090265 3.451703
v 0.039717 0.090265 3.451703
v 0.039717 0.090265 3.451703
v 0.039717 0.090265 3.451703
v 0.039717 0.090265 3.451703
v 0.039717 0.003611 3.466145
v 0.039717 0.148034 3.473366
v 0.039717 0.148034 3.473366
v 0.039717 0.148034 3.473366
v 0.039717 0.018052 3.516692
v 0.039717 -0.018052 3.516692
v 0.039717 -0.018052 3.516692
v 0.039717 -0.025274 3.516692
v 0.039717 -0.025274 3.516692
v 0.039717 -0.025274 3.516692
v 0.039717 -0.025274 3.516692
v 0.039717 0.140812 3.531136
v 0.039717 0.140812 3.531136
v 0.039717 0.039717 3.538355
v 0.039717 0.039717 3.538355
v 0.039717 0.039717 3.538355
v 0.039717 0.039717 3.538355
v 0.039717 0.133591 3.538355
v 0.039717 0.133591 3.538355
v 0.039717 0.133591 3.538355
v 0.039717 0.133591 3.538355
v 0.039717 0.025274 3.545577
v 0.039717 0.025274 3.545577
v 0.039717 0.025274 3.545577
v 0.039717 0.083043 3.545577
v 0.039717 0.083043 3.545577
v 0.039717 0.083043 3.545577
v 0.039717 0.083043 3.545577
v 0.039717 0.083043 3.545577
v 0.039717 0.068602 3.552799
v 0.039717 0.068602 3.552799
v 0.039717 0.068602 3.552799
v 0.039717 0.075821 3.552799
v 0.039717 0.075821 3.552799
v 0.039717 0.090265 3.552799
v 0.039717 0.090265 3.552799
v 0.039717 0.090265 3.552799
v 0.039717 0.046937 3.567240
v 0.039717 0.140812 1.595871
v 0.039717 0.234688 1.538102
v 0.039717 0.234688 1.538102
v 0.046937 0.003611 2.058023
v 0.046937 -0.140812 2.419079
v 0.046937 -0.140812 2.419079
v 0.046937 -0.126369 2.512955
v 0.046937 -0.126369 2.512955
v 0.046937 0.090265 3.350606
v 0.046937 0.090265 3.350606
v 0.046937 0.104706 3.350606
v 0.046937 0.104706 3.350606
v 0.046937 0.068602 3.365050
v 0.046937 0.068602 3.365050
v 0.046937 0.068602 3.365050
v 0.046937 0.032495 3.386713
v 0.046937 0.032495 3.386713
v 0.046937 0.032495 3.386713
v 0.046937 0.032495 3.386713
v 0.046937 0.032495 3.386713
v 0.046937 0.032495 3.386713
v 0.046937 0.032495 3.386713
v 0.046937 -0.010832 3.393934
v 0.046937 -0.010832 3.393934
v 0.046937 -0.010832 3.393934
v 0.046937 -0.010832 3.393934
v 0.046937 -0.010832 3.393934
v 0.046937 -0.010832 3.393934
v 0.046937 -0.010832 3.393934
v 0.046937 -0.025274 3.401154
v 0.046937 -0.025274 3.401154
v 0.046937 0.010832 3.415597
v 0.046937 0.010832 3.415597
v 0.046937 0.032495 3.415597
v 0.046937 0.032495 3.415597
v 0.046937 0.032495 3.415597
v 0.046937 0.032495 3.415597
v 0.046937 0.054158 3.415597
v 0.046937 0.054158 3.415597
v 0.046937 0.075821 3.422819
v 0.046937 0.075821 3.422819
v 0.046937 0.075821 3.422819
v 0.046937 0.075821 3.422819
v 0.046937 0.046937 3.458923
v 0.046937 0.046937 3.458923
v 0.046937 0.046937 3.458923
v 0.046937 0.046937 3.458923
v 0.046937 0.090265 3.502251
v 0.046937 0.090265 3.502251
v 0.046937 0.090265 3.502251
v 0.046937 0.090265 3.502251
v 0.046937 -0.039717 3.502251
v 0.046937 -0.039717 3.502251
v 0.046937 -0.039717 3.502251
v 0.046937 -0.039717 3.502251
v 0.046937 0.054158 3.509471
v 0.046937 0.068602 3.509471
v 0.046937 0.068602 3.509471
v 0.046937 0.104706 3.516692
v 0.046937 0.104706 3.516692
v 0.046937 0.104706 3.516692
v 0.046937 0.046937 3.538355
v 0.046937 0.046937 3.538355
v 0.046937 0.111928 3.552799
v 0.046937 0.111928 3.552799
v 0.046937 0.097486 3.574462
v 0.046937 0.097486 3.574462
v 0.046937 0.097486 3.574462
v 0.046937 0.306898 1.617534
v 0.046937 0.306898 1.617534
v 0.046937 0.306898 1.617534
v 0.046937 0.314120 0.787104
v 0.046937 0.314120 0.787104
v 0.054158 -0.176918 2.332427
v 0.054158 -0.176918 2.332427
v 0.054158 -0.176918 2.332427
v 0.054158 -0.176918 2.332427
v 0.054158 0.357446 2.816242
v 0.054158 0.357446 2.816242
v 0.054158 0.343004 3.083425
v 0.054158 0.343004 3.083425
v 0.054158 0.234688 3.170079
v 0.054158 0.234688 3.170079
v 0.054158 0.234688 3.170079
v 0.054158 0.111928 3.292837
v 0.054158 0.111928 3.292837
v 0.054158 0.083043 3.307280
v 0.054158 0.083043 3.307280
v 0.054158 0.104706 3.321722
v 0.054158 0.104706 3.321722
v 0.054158 0.104706 3.321722
v 0.054158 -0.025274 3.321722
v 0.054158 -0.025274 3.321722
v 0.054158 -0.025274 3.321722
v 0.054158 -0.025274 3.321722
v 0.054158 -0.025274 3.321722
v 0.054158 0.046937 3.365050
v 0.054158 0.046937 3.365050
v 0.054158 0.046937 3.365050
v 0.054158 -0.018052 3.372269
v 0.054158 -0.018052 3.372269
v 0.054158 -0.003611 3.379491
v 0.054158 -0.003611 3.379491
v 0.054158 -0.003611 3.379491
v 0.054158 -0.032495 3.379491
v 0.054158 -0.032495 3.379491
v 0.054158 0.054158 3.386713
v 0.054158 0.054158 3.386713
v 0.054158 0.054158 3.386713
v 0.054158 0.054158 3.386713
v 0.054158 0.010832 3.393934
v 0.054158 0.010832 3.393934
v 0.054158 0.010832 3.393934
v 0.054158 0.010832 3.393934
v 0.054158 0.068602 3.401154
v 0.054158 0.068602 3.401154
v 0.054158 0.046937 3.430039
v 0.054158 0.046937 3.430039
v 0.054158 0.061380 3.430039
v 0.054158 0.061380 3.430039
v 0.054158 0.061380 3.430039
v 0.054158 0.068602 3.458923
v 0.054158 0.068602 3.458923
v 0.054158 0.119149 3.509471
v 0.054158 0.119149 3.509471
v 0.054158 0.119149 3.509471
v 0.054158 0.111928 3.516692
v 0.054158 0.111928 3.516692
v 0.054158 0.083043 3.523914
v 0.054158 0.083043 3.523914
v 0.054158 0.097486 3.523914
v 0.054158 0.097486 3.523914
v 0.054158 0.032495 3.545577
v 0.054158 0.032495 3.545577
v 0.054158 0.314120 1.552543
v 0.054158 0.314120 1.552543
v 0.054158 0.335783 0.837652
v 0.054158 0.335783 0.837652
v 0.054158 0.335783 0.837652
v 0.061380 0.451321 2.491292
v 0.061380 0.451321 2.491292
v 0.061380 -0.155254 2.614050
v 0.061380 -0.155254 2.614050
v 0.061380 -0.198581 3.206183
v 0.061380 -0.198581 3.206183
v 0.061380 -0.198581 3.206183
v 0.061380 -0.198581 3.206183
v 0.061380 -0.198581 3.206183
v 0.061380 -0.198581 3.206183
v 0.061380 0.104706 3.271174
v 0.061380 0.104706 3.271174
v 0.061380 0.104706 3.271174
v 0.061380 0.104706 3.271174
v 0.061380 0.104706 3.271174
v 0.061380 -0.032495 3.321722
v 0.061380 -0.032495 3.350606
v 0.061380 -0.032495 3.350606
v 0.061380 -0.032495 3.350606
v 0.061380 0.018052 3.372269
v 0.061380 0.018052 3.372269
v 0.061380 0.018052 3.372269
v 0.061380 0.054158 3.372269
v 0.061380 0.054158 3.372269
v 0.061380 0.054158 3.372269
v 0.061380 0.054158 3.372269
v 0.061380 0.061380 3.393934
v 0.061380 0.061380 3.393934
v 0.061380 0.054158 3.408376
v 0.061380 0.054158 3.408376
v 0.061380 0.061380 3.408376
v 0.061380 0.061380 3.408376
v 0.061380 0.090265 3.495029
v 0.061380 0.090265 3.495029
v 0.061380 0.090265 3.495029
v 0.061380 0.018052 3.516692
v 0.061380 0.018052 3.516692
v 0.061380 0.018052 3.516692
v 0.061380 0.018052 3.516692
v 0.061380 0.213023 1.473111
v 0.061380 0.213023 1.473111
v 0.061380 0.436878 0.830430
v 0.061380 0.509090 0.808767
v 0.061380 0.509090 0.808767
v 0.061380 0.509090 0.808767
v 0.061380 0.314120 0.750998
v 0.061380 0.314120 0.750998
v 0.068602 0.379109 1.920821
v 0.068602 0.379109 1.920821
v 0.068602 -0.328561 2.859570
v 0.068602 -0.328561 2.859570
v 0.068602 -0.328561 2.859570
v 0.068602 -0.328561 2.859570
v 0.068602 0.386330 2.989550
v 0.068602 0.386330 2.989550
v 0.068602 0.386330 2.989550
v 0.068602 0.386330 2.989550
v 0.068602 -0.350226 2.989550
v 0.068602 -0.350226 2.989550
v 0.068602 -0.104706 3.271174
v 0.068602 -0.104706 3.271174
v 0.068602 -0.104706 3.271174
v 0.068602 0.119149 3.292837
v 0.068602 0.119149 3.292837
v 0.068602 0.119149 3.292837
v 0.068602 0.018052 3.321722
v 0.068602 0.018052 3.321722
v 0.068602 0.018052 3.321722
v 0.068602 0.018052 3.321722
v 0.068602 0.054158 3.343385
v 0.068602 0.054158 3.343385
v 0.068602 0.054158 3.343385
v 0.068602 0.010832 3.379491
v 0.068602 0.010832 3.379491
v 0.068602 0.010832 3.379491
v 0.068602 0.010832 3.379491
v 0.068602 0.054158 3.393934
v 0.068602 0.054158 3.393934
v 0.068602 0.061380 3.393934
v 0.068602 0.061380 3.393934
v 0.068602 0.148034 1.538102
v 0.068602 0.523532 0.787104
v 0.068602 0.523532 0.787104
v 0.068602 0.523532 0.787104
v 0.068602 0.523532 0.787104
v 0.075821 -0.010832 2.382975
v 0.075821 -0.010832 2.382975
v 0.075821 -0.010832 2.382975
v 0.075821 0.061380 3.300059
v 0.075821 0.061380 3.300059
v 0.075821 0.061380 3.314500
v 0.075821 0.061380 3.314500
v 0.075821 0.061380 3.314500
v 0.075821 0.010832 3.321722
v 0.075821 -0.039717 3.328943
v 0.075821 -0.039717 3.328943
v 0.075821 0.010832 3.357828
v 0.075821 0.010832 3.357828
v 0.075821 0.010832 3.357828
v 0.075821 0.061380 3.379491
v 0.075821 0.061380 3.379491
v 0.075821 0.061380 3.379491
v 0.075821 0.501869 0.750998
v 0.075821 0.501869 0.750998
v 0.075821 0.501869 0.750998
v 0.083043 -0.075821 2.079688
v 0.083043 -0.075821 2.079688
v 0.083043 0.407993 2.657378
v 0.083043 0.407993 2.657378
v 0.083043 0.371889 2.902896
v 0.083043 0.371889 2.902896
v 0.083043 0.292457 1.480333
v 0.083043 0.292457 1.480333
v 0.083043 0.292457 1.480333
v 0.090265 0.039717 2.036360
v 0.090265 0.039717 2.036360
v 0.090265 0.299677 2.419079
v 0.090265 0.299677 2.419079
v 0.090265 0.299677 2.419079
v 0.090265 0.299677 2.419079
v 0.090265 0.386330 2.549061
v 0.090265 0.386330 2.549061
v 0.090265 0.386330 2.549061
v 0.090265 0.631849 2.635715
v 0.090265 0.631849 2.635715
v 0.090265 0.595744 2.671819
v 0.090265 0.595744 2.671819
v 0.090265 0.595744 2.671819
v 0.090265 0.595744 2.671819
v 0.090265 0.595744 2.671819
v 0.090265 0.415215 2.989550
v 0.090265 0.415215 2.989550
v 0.090265 0.415215 2.989550
v 0.090265 0.415215 2.989550
v 0.090265 0.184138 3.220627
v 0.090265 0.184138 3.220627
v 0.090265 0.184138 3.220627
v 0.090265 0.068602 3.314500
v 0.090265 0.068602 3.314500
v 0.090265 0.010832 3.328943
v 0.090265 0.010832 3.328943
v 0.090265 0.364667 1.776398
v 0.090265 0.364667 1.776398
v 0.097486 0.054158 1.891937
v 0.097486 0.054158 1.891937
v 0.097486 -0.090265 2.296321
v 0.097486 -0.090265 2.296321
v 0.097486 -0.090265 2.296321
v 0.097486 -0.090265 2.296321
v 0.097486 -0.090265 2.296321
v 0.097486 0.306898 2.440744
v 0.097486 0.306898 2.440744
v 0.097486 0.306898 2.440744
v 0.097486 0.270792 2.541839
v 0.097486 0.270792 2.541839
v 0.097486 0.270792 2.541839
v 0.097486 0.270792 2.541839
v 0.097486 0.646292 2.585167
v 0.097486 0.646292 2.585167
v 0.097486 0.646292 2.585167
v 0.097486 0.646292 2.585167
v 0.097486 0.610186 2.621272
v 0.097486 0.610186 2.621272
v 0.097486 0.581301 2.657378
v 0.097486 0.581301 2.657378
v 0.097486 0.559638 2.700704
v 0.097486 0.559638 2.700704
v 0.097486 0.559638 2.700704
v 0.097486 0.559638 2.700704
v 0.097486 0.559638 2.700704
v 0.097486 -0.220244 2.729588
v 0.097486 -0.220244 2.729588
v 0.097486 0.444100 2.953444
v 0.097486 0.444100 2.953444
v 0.097486 0.444100 2.953444
v 0.097486 0.386330 3.068982
v 0.097486 0.386330 3.068982
v 0.097486 -0.061380 3.278396
v 0.097486 -0.061380 3.278396
v 0.097486 0.133591 1.465891
v 0.097486 0.133591 1.386457
v 0.097486 0.133591 1.386457
v 0.097486 0.292457 0.866536
v 0.097486 0.292457 0.866536
v 0.097486 0.285235 0.852095
v 0.097486 0.285235 0.852095
v 0.097486 0.386330 0.844873
v 0.097486 0.386330 0.844873
v 0.104706 -0.025274 2.086907
v 0.104706 -0.025274 2.086907
v 0.104706 0.321341 2.339647
v 0.104706 0.321341 2.339647
v 0.104706 0.321341 2.339647
v 0.104706 0.321341 2.339647
v 0.104706 0.285235 2.570724
v 0.104706 0.285235 2.570724
v 0.104706 0.624629 2.585167
v 0.104706 0.278014 2.606830
v 0.104706 0.552416 2.679041
v 0.104706 0.552416 2.679041
v 0.104706 0.509090 2.715147
v 0.104706 0.509090 2.715147
v 0.104706 0.509090 2.715147
v 0.104706 0.379109 2.910118
v 0.104706 0.379109 2.910118
v 0.104706 0.379109 2.910118
v 0.104706 0.292457 0.888199
v 0.104706 0.292457 0.888199
v 0.104706 0.292457 0.888199
v 0.104706 0.292457 0.888199
v 0.104706 0.321341 0.888199
v 0.104706 0.321341 0.888199
v 0.104706 0.321341 0.873758
v 0.104706 0.321341 0.873758
v 0.104706 0.321341 0.873758
v 0.111928 -0.097486 2.144677
v 0.111928 -0.097486 2.224109
v 0.111928 -0.032495 2.368532
v 0.111928 -0.032495 2.368532
v 0.111928 -0.032495 2.368532
v 0.111928 -0.032495 2.368532
v 0.111928 -0.032495 2.368532
v 0.111928 -0.032495 2.368532
v 0.111928 -0.025274 2.512955
v 0.111928 0.653513 2.534618
v 0.111928 0.653513 2.534618
v 0.111928 0.516312 2.693484
v 0.111928 0.516312 2.693484
v 0.111928 0.451321 2.780138
v 0.111928 0.451321 2.780138
v 0.111928 0.429658 2.895674
v 0.111928 0.429658 2.895674
v 0.111928 0.429658 2.895674
v 0.111928 0.429658 2.895674
v 0.111928 -0.234688 3.112310
v 0.111928 -0.234688 3.112310
v 0.111928 -0.234688 3.112310
v 0.111928 0.075821 1.754735
v 0.111928 0.075821 1.754735
v 0.111928 0.278014 1.400900
v 0.111928 0.278014 1.400900
v 0.111928 0.278014 1.400900
v 0.111928 0.278014 1.400900
v 0.111928 0.155254 1.263699
v 0.111928 0.155254 1.263699
v 0.111928 0.314120 0.902642
v 0.111928 0.314120 0.902642
v 0.119149 -0.039717 2.296321
v 0.119149 -0.039717 2.296321
v 0.119149 -0.039717 2.296321
v 0.119149 -0.104706 2.303543
v 0.119149 -0.104706 2.303543
v 0.119149 0.343004 2.354090
v 0.119149 0.343004 2.354090
v 0.119149 0.343004 2.354090
v 0.119149 0.624629 2.541839
v 0.119149 0.624629 2.541839
v 0.119149 0.624629 2.541839
v 0.119149 0.588523 2.642935
v 0.119149 0.588523 2.642935
v 0.119149 0.465763 2.700704
v 0.119149 0.465763 2.700704
v 0.119149 0.465763 2.700704
v 0.119149 0.465763 2.700704
v 0.119149 0.465763 2.700704
v 0.119149 0.292457 3.155636
v 0.119149 0.292457 3.155636
v 0.119149 0.119149 3.256731
v 0.119149 0.119149 3.256731
v 0.119149 -0.003611 3.278396
v 0.119149 0.321341 1.624756
v 0.119149 0.321341 1.624756
v 0.119149 0.198581 1.003738
v 0.119149 0.198581 1.003738
v 0.119149 0.299677 0.924305
v 0.119149 0.299677 0.924305
v 0.119149 0.299677 0.924305
v 0.119149 0.299677 0.924305
v 0.119149 0.263572 0.902642
v 0.119149 0.263572 0.902642
v 0.119149 0.263572 0.902642
v 0.119149 0.465763 0.808767
v 0.119149 0.465763 0.808767
v 0.119149 0.249129 0.801545
v 0.119149 0.249129 0.801545
v 0.126369 -0.046937 2.151898
v 0.126369 -0.046937 2.151898
v 0.126371 0.343004 2.245774
v 0.126371 0.343004 2.245774
v 0.126369 -0.039717 2.382975
v 0.126369 -0.039717 2.382975
v 0.126369 -0.039717 2.382975
v 0.126369 -0.039717 2.382975
v 0.126371 0.631849 2.498513
v 0.126371 0.631849 2.498513
v 0.126371 0.631849 2.498513
v 0.126371 0.610186 2.512955
v 0.126371 0.610186 2.512955
v 0.126371 0.610186 2.512955
v 0.126371 0.610186 2.679041
v 0.126371 0.610186 2.679041
v 0.126371 0.610186 2.679041
v 0.126371 0.472984 2.686262
v 0.126371 0.472984 2.686262
v 0.126371 0.472984 2.686262
v 0.126371 0.472984 2.686262
v 0.126371 0.523532 2.693484
v 0.126371 0.523532 2.693484
v 0.126371 0.523532 2.693484
v 0.126371 0.523532 2.693484
v 0.126371 0.566860 2.693484
v 0.126371 0.566860 2.693484
v 0.126371 0.566860 2.693484
v 0.126371 0.566860 2.693484
v 0.126371 0.487427 2.715147
v 0.126371 0.487427 2.715147
v 0.126369 0.104706 1.617534
v 0.126369 0.104706 1.617534
v 0.126371 0.314120 1.559765
v 0.126371 0.314120 1.559765
v 0.126371 0.314120 1.559765
v 0.126371 0.314120 1.559765
v 0.126371 0.176918 1.097613
v 0.126371 0.176918 1.097613
v 0.126371 0.292457 0.938747
v 0.126371 0.292457 0.938747
v 0.126371 0.292457 0.938747
v 0.126371 0.292457 0.938747
v 0.126371 0.292457 0.938747
v 0.126371 0.256351 0.917084
v 0.126371 0.256351 0.917084
v 0.126371 0.256351 0.917084
v 0.126371 0.256351 0.895421
v 0.126371 0.256351 0.895421
v 0.126371 0.256351 0.895421
v 0.126371 0.256351 0.895421
v 0.126371 0.256351 0.895421
v 0.126371 0.343004 0.895421
v 0.126371 0.343004 0.895421
v 0.126371 0.343004 0.895421
v 0.126371 0.343004 0.880978
v 0.126371 0.343004 0.880978
v 0.126371 0.343004 0.880978
v 0.133591 -0.046937 2.231330
v 0.133591 -0.046937 2.231330
v 0.133591 -0.061380 2.281878
v 0.133591 -0.061380 2.281878
v 0.133591 -0.061380 2.281878
v 0.133591 0.436878 2.650156
v 0.133591 0.436878 2.650156
v 0.133591 0.436878 2.650156
v 0.133591 0.523532 2.693484
v 0.133591 0.523532 2.693484
v 0.133591 0.523532 2.693484
v 0.133591 0.516312 2.715147
v 0.133591 0.516312 2.715147
v 0.133591 0.516312 2.715147
v 0.133591 0.566860 2.722369
v 0.133591 0.566860 2.722369
v 0.133591 0.566860 2.722369
v 0.133591 0.343004 2.830685
v 0.133591 0.343004 2.830685
v 0.133591 0.386330 2.845127
v 0.133591 0.386330 2.845127
v 0.133591 0.061380 3.271174
v 0.133591 0.285235 0.938747
v 0.133591 0.285235 0.938747
v 0.133591 0.285235 0.938747
v 0.133591 0.249129 0.909862
v 0.133591 0.249129 0.909862
v 0.133591 0.249129 0.909862
v 0.133591 0.249129 0.909862
v 0.133591 0.249129 0.909862
v 0.133591 0.249129 0.909862
v 0.133591 0.249129 0.909862
v 0.133591 0.335783 0.902642
v 0.133591 0.256351 0.758219
v 0.133591 0.256351 0.758219
v 0.133591 0.465763 0.750998
v 0.133591 0.465763 0.750998
v 0.140812 0.003611 2.086907
v 0.140812 0.003611 2.086907
v 0.140812 0.602964 2.469629
v 0.140812 0.602964 2.469629
v 0.140812 0.602964 2.469629
v 0.140812 0.602964 2.469629
v 0.140812 0.588523 2.491292
v 0.140812 0.588523 2.491292
v 0.140812 0.617407 2.549061
v 0.140812 0.617407 2.549061
v 0.140812 0.617407 2.549061
v 0.140812 -0.046937 2.621272
v 0.140812 0.639070 2.650156
v 0.140812 0.415215 2.664599
v 0.140812 0.415215 2.664599
v 0.140812 0.415215 2.664599
v 0.140812 0.415215 2.664599
v 0.140812 0.472984 2.686262
v 0.140812 0.472984 2.686262
v 0.140812 0.472984 2.686262
v 0.140812 0.523532 2.707925
v 0.140812 0.523532 2.707925
v 0.140812 0.566860 2.715147
v 0.140812 0.566860 2.715147
v 0.140812 0.480206 3.047319
v 0.140812 0.480206 3.047319
v 0.140812 0.436878 3.097867
v 0.140812 0.436878 3.097867
v 0.140812 0.379109 3.126751
v 0.140812 0.379109 3.126751
v 0.140812 0.379109 3.126751
v 0.140812 0.379109 3.126751
v 0.140812 0.270792 1.263699
v 0.140812 0.270792 1.263699
v 0.140812 0.270792 1.263699
v 0.140812 0.321341 0.924305
v 0.140812 0.213023 0.873758
v 0.140812 0.213023 0.873758
v 0.140812 0.213023 0.873758
v 0.140812 0.213023 0.873758
v 0.140812 0.480206 0.779882
v 0.140812 0.480206 0.779882
v 0.148034 0.343004 2.101351
v 0.148034 0.343004 2.101351
v 0.148034 -0.039717 2.281878
v 0.148034 -0.039717 2.281878
v 0.148034 -0.039717 2.281878
v 0.148034 -0.039717 2.281878
v 0.148034 -0.075821 2.289100
v 0.148034 -0.075821 2.289100
v 0.148034 -0.075821 2.289100
v 0.148034 0.205803 2.419079
v 0.148034 0.205803 2.419079
v 0.148034 0.675176 2.541839
v 0.148034 0.675176 2.541839
v 0.148034 0.675176 2.541839
v 0.148034 0.415215 2.614050
v 0.148034 0.415215 2.614050
v 0.148034 0.415215 2.614050
v 0.148034 0.415215 2.614050
v 0.148034 0.415215 2.614050
v 0.148034 0.509090 2.671819
v 0.148034 0.509090 2.671819
v 0.148034 0.509090 2.671819
v 0.148034 0.509090 2.671819
v 0.148034 0.509090 2.671819
v 0.148034 0.509090 2.686262
v 0.148034 0.509090 2.686262
v 0.148034 0.472984 2.700704
v 0.148034 0.472984 2.700704
v 0.148034 0.617407 2.707925
v 0.148034 0.617407 2.707925
v 0.148034 0.617407 2.707925
v 0.148034 0.617407 2.707925
v 0.148034 0.350224 2.852348
v 0.148034 0.350224 2.852348
v 0.148034 0.350224 2.852348
v 0.148034 -0.241907 2.859570
v 0.148034 0.494647 2.967887
v 0.148034 0.494647 2.967887
v 0.148034 0.494647 2.967887
v 0.148034 0.494647 2.967887
v 0.148034 -0.256351 2.996771
v 0.148034 -0.090265 3.220627
v 0.148034 -0.090265 3.220627
v 0.148034 -0.090265 3.220627
v 0.148034 0.090265 1.509217
v 0.148034 0.090265 1.509217
v 0.148034 0.314120 0.938747
v 0.148034 0.314120 0.938747
v 0.155254 0.545197 2.476849
v 0.155254 0.545197 2.476849
v 0.155254 0.083043 2.512955
v 0.155254 0.386330 2.621272
v 0.155254 0.386330 2.621272
v 0.155254 0.386330 2.621272
v 0.155254 0.480206 2.693484
v 0.155254 0.480206 2.693484
v 0.155254 0.574079 2.693484
v 0.155254 0.574079 2.693484
v 0.155254 0.574079 2.693484
v 0.155254 0.574079 2.693484
v 0.155254 0.574079 2.693484
v 0.155254 0.306898 0.982075
v 0.155254 0.306898 0.982075
v 0.155254 0.306898 0.982075
v 0.155254 0.306898 0.982075
v 0.155254 0.306898 0.938747
v 0.155254 0.306898 0.938747
v 0.155254 0.306898 0.938747
v 0.155254 0.169697 0.924305
v 0.155254 0.169697 0.924305
v 0.155254 0.350224 0.873758
v 0.155254 0.350224 0.873758
v 0.155254 0.350224 0.873758
v 0.162475 -0.046937 2.289100
v 0.162475 -0.046937 2.289100
v 0.162475 -0.046937 2.289100
v 0.162475 0.003611 2.303543
v 0.162475 0.003611 2.303543
v 0.162475 0.003611 2.303543
v 0.162475 0.003611 2.303543
v 0.162475 0.003611 2.303543
v 0.162475 0.097486 2.404638
v 0.162475 0.097486 2.404638
v 0.162475 0.097486 2.404638
v 0.162475 0.097486 2.404638
v 0.162475 0.552416 2.455186
v 0.162475 0.552416 2.455186
v 0.162475 0.552416 2.484070
v 0.162475 0.552416 2.484070
v 0.162475 0.552416 2.484070
v 0.162475 0.205803 2.505733
v 0.162475 0.205803 2.505733
v 0.162475 0.205803 2.505733
v 0.162475 0.415215 2.570724
v 0.162475 0.415215 2.570724
v 0.162475 0.444100 2.664599
v 0.162475 0.444100 2.664599
v 0.162475 0.444100 2.664599
v 0.162475 0.444100 2.664599
v 0.162475 0.436878 2.679041
v 0.162475 0.436878 2.679041
v 0.162475 0.436878 2.679041
v 0.162475 0.436878 2.679041
v 0.162475 0.299677 2.707925
v 0.162475 0.610186 2.707925
v 0.162475 0.610186 2.707925
v 0.162475 0.610186 2.707925
v 0.162475 0.574079 2.715147
v 0.162475 0.574079 2.715147
v 0.162475 0.574079 2.715147
v 0.162475 0.574079 2.715147
v 0.162475 0.559638 2.751253
v 0.162475 0.559638 2.751253
v 0.162475 0.523532 2.823464
v 0.162475 0.523532 2.823464
v 0.162475 0.494647 2.881233
v 0.162475 0.494647 2.881233
v 0.162475 0.494647 2.881233
v 0.162475 0.306898 1.480333
v 0.162475 0.306898 1.480333
v 0.162475 0.075821 1.393679
v 0.162475 0.075821 1.393679
v 0.162475 0.278014 1.104833
v 0.162475 0.278014 1.104833
v 0.162475 0.278014 1.104833
v 0.162475 0.278014 1.104833
v 0.162475 0.292457 1.054285
v 0.162475 0.292457 1.054285
v 0.162475 0.292457 1.054285
v 0.162475 0.415215 0.823210
v 0.162475 0.415215 0.823210
v 0.162475 0.415215 0.823210
v 0.169697 0.343004 1.928043
v 0.169697 0.343004 1.928043
v 0.169697 -0.010832 2.151898
v 0.169697 -0.010832 2.151898
v 0.169697 -0.010832 2.231330
v 0.169697 -0.010832 2.231330
v 0.169697 -0.010832 2.231330
v 0.169697 0.509090 2.469629
v 0.169697 0.509090 2.469629
v 0.169697 0.509090 2.469629
v 0.169697 0.213023 2.534618
v 0.169697 0.213023 2.534618
v 0.169697 0.386330 2.570724
v 0.169697 0.386330 2.570724
v 0.169697 0.667955 2.614050
v 0.169697 0.667955 2.614050
v 0.169697 0.667955 2.614050
v 0.169697 0.667955 2.614050
v 0.169697 0.444100 2.650156
v 0.169697 0.444100 2.650156
v 0.169697 0.444100 2.650156
v 0.169697 0.581301 2.693484
v 0.169697 0.581301 2.693484
v 0.169697 0.581301 2.693484
v 0.169697 0.285235 1.018181
v 0.169697 0.285235 1.018181
v 0.169697 0.285235 1.018181
v 0.169697 0.530753 0.686007
v 0.169697 -0.530753 0.686007
v 0.176918 -0.003611 2.303543
v 0.176918 -0.003611 2.303543
v 0.176918 0.083043 2.419079
v 0.176918 0.083043 2.419079
v 0.176918 0.220244 2.440744
v 0.176918 0.220244 2.440744
v 0.176918 0.509090 2.440744
v 0.176918 0.509090 2.440744
v 0.176918 0.472984 2.476849
v 0.176918 0.472984 2.476849
v 0.176918 0.444100 2.498513
v 0.176918 0.444100 2.498513
v 0.176918 0.653513 2.498513
v 0.176918 0.653513 2.498513
v 0.176918 0.422437 2.527398
v 0.176918 0.422437 2.527398
v 0.176918 0.444100 2.679041
v 0.176918 0.444100 2.679041
v 0.176918 0.660733 2.693484
v 0.176918 0.660733 2.693484
v 0.176918 0.660733 2.693484
v 0.176918 0.335783 0.895421
v 0.176918 0.335783 0.895421
v 0.176918 0.350224 0.880978
v 0.176918 0.350224 0.880978
v 0.176918 0.350224 0.880978
v 0.176918 0.350224 0.880978
v 0.176918 0.162475 0.852095
v 0.176918 0.162475 0.852095
v 0.176918 0.545197 0.613796
v 0.176918 0.545197 0.613796
v 0.176918 -0.545197 0.613796
v 0.184138 0.220244 2.339647
v 0.184138 0.220244 2.339647
v 0.184138 0.400774 2.520176
v 0.184138 0.400774 2.520176
v 0.184138 0.400774 2.520176
v 0.184138 0.400774 2.520176
v 0.184138 0.675176 2.549061
v 0.184138 0.675176 2.549061
v 0.184138 0.675176 2.549061
v 0.184138 0.675176 2.549061
v 0.184138 0.205803 2.614050
v 0.184138 0.205803 2.614050
v 0.184138 0.646292 2.686262
v 0.184138 0.646292 2.686262
v 0.184138 0.646292 2.686262
v 0.184138 0.646292 2.686262
v 0.184138 0.646292 2.686262
v 0.184138 -0.075821 2.729588
v 0.184138 0.379109 2.744032
v 0.184138 0.249129 3.206183
v 0.184138 0.249129 3.206183
v 0.184138 0.328561 1.783620
v 0.184138 0.328561 1.783620
v 0.184138 0.075821 1.285362
v 0.184138 0.075821 1.285362
v 0.184138 0.328561 0.909862
v 0.184138 0.328561 0.909862
v 0.184138 0.574079 0.750998
v 0.184138 0.574079 0.750998
v 0.184138 -0.574079 0.750998
v 0.184138 -0.574079 0.750998
v 0.184138 0.574079 0.686007
v 0.184138 0.574079 0.686007
v 0.184138 -0.574079 0.686007
v 0.191360 0.465763 2.447964
v 0.191360 0.465763 2.447964
v 0.191360 0.617407 2.462407
v 0.191360 0.617407 2.462407
v 0.191360 0.422437 2.476849
v 0.191360 0.422437 2.476849
v 0.191360 0.422437 2.476849
v 0.191360 0.429658 2.541839
v 0.191360 0.429658 2.541839
v 0.191360 0.429658 2.541839
v 0.191360 0.083043 2.614050
v 0.191360 0.400774 2.628493
v 0.191360 0.400774 2.628493
v 0.191360 0.400774 2.628493
v 0.191360 0.451321 2.642935
v 0.191360 0.451321 2.642935
v 0.191360 0.451321 2.642935
v 0.191360 0.451321 2.650156
v 0.191360 0.451321 2.650156
v 0.191360 0.422437 2.679041
v 0.191360 0.104706 1.162602
v 0.191360 0.104706 1.162602
v 0.191360 0.119149 1.018181
v 0.191360 0.119149 1.018181
v 0.191360 0.314120 0.924305
v 0.191360 0.314120 0.924305
v 0.191360 0.314120 0.924305
v 0.191360 0.314120 0.924305
v 0.191360 0.321341 0.924305
v 0.191360 0.321341 0.924305
v 0.191360 0.321341 0.924305
v 0.191360 0.321341 0.924305
v 0.191360 0.162475 0.873758
v 0.191360 0.162475 0.873758
v 0.191360 0.148034 0.815989
v 0.191360 0.148034 0.815989
v 0.191360 0.422437 0.787104
v 0.191360 0.422437 0.787104
v 0.191360 0.422437 0.787104
v 0.191360 0.407993 0.750998
v 0.191360 0.407993 0.750998
v 0.191360 0.407993 0.750998
v 0.191360 0.588523 0.736556
v 0.191360 0.588523 0.736556
v 0.191360 -0.588523 0.736556
v 0.191360 -0.588523 0.736556
v 0.191360 -0.588523 0.736556
v 0.191360 0.588523 0.700450
v 0.191360 0.588523 0.700450
v 0.191360 0.588523 0.700450
v 0.191360 -0.588523 0.700450
v 0.191360 -0.588523 0.700450
v 0.191360 0.588523 0.563249
v 0.191360 0.588523 0.563249
v 0.191360 -0.588523 0.563249
v 0.191360 -0.588523 0.563249
v 0.198581 0.111928 2.050803
v 0.198581 0.111928 2.050803
v 0.198581 0.090265 2.325206
v 0.198581 0.090265 2.325206
v 0.198581 0.090265 2.325206
v 0.198581 0.090265 2.325206
v 0.198581 0.090265 2.325206
v 0.198581 0.234688 2.346869
v 0.198581 0.234688 2.346869
v 0.198581 0.234688 2.346869
v 0.198581 0.234688 2.346869
v 0.198581 0.653513 2.505733
v 0.198581 0.653513 2.505733
v 0.198581 0.400774 2.650156
v 0.198581 0.400774 2.650156
v 0.198581 0.400774 2.650156
v 0.198581 0.400774 2.650156
v 0.198581 0.343004 2.809022
v 0.198581 0.343004 2.809022
v 0.198581 -0.119149 3.126751
v 0.198581 -0.119149 3.126751
v 0.198581 -0.119149 3.126751
v 0.198581 -0.119149 3.126751
v 0.198581 0.306898 1.639197
v 0.198581 0.306898 1.639197
v 0.198581 0.350224 0.852095
v 0.198581 0.350224 0.852095
v 0.198581 0.155254 0.750998
v 0.198581 0.155254 0.750998
v 0.205803 0.227466 2.086907
v 0.205803 0.227466 2.086907
v 0.205803 0.227466 2.231330
v 0.205803 0.227466 2.231330
v 0.205803 0.566860 2.440744
v 0.205803 0.415215 2.657378
v 0.205803 0.415215 2.657378
v 0.205803 0.039717 3.213405
v 0.205803 0.039717 3.213405
v 0.205803 0.126369 0.902642
v 0.205803 0.126369 0.902642
v 0.205803 0.631849 0.173308
v 0.205803 0.631849 0.173308
v 0.205803 -0.631849 0.173308
v 0.213023 0.104706 2.094129
v 0.213023 0.104706 2.094129
v 0.213023 0.104706 2.094129
v 0.213023 0.083043 2.332427
v 0.213023 0.083043 2.332427
v 0.213023 0.083043 2.332427
v 0.213023 0.509090 2.433523
v 0.213023 0.667955 2.512955
v 0.213023 0.667955 2.512955
v 0.213023 0.631849 2.650156
v 0.213023 0.631849 2.650156
v 0.213023 0.631849 2.650156
v 0.213023 0.689618 2.671819
v 0.213023 0.689618 2.671819
v 0.213023 0.689618 2.671819
v 0.213023 0.306898 2.801801
v 0.213023 0.306898 2.801801
v 0.213023 0.306898 2.801801
v 0.213023 0.306898 2.801801
v 0.213023 0.321341 2.816242
v 0.213023 0.321341 2.816242
v 0.213023 0.321341 2.816242
v 0.213023 0.321341 2.816242
v 0.213023 0.321341 2.816242
v 0.213023 0.133591 0.852095
v 0.213023 0.133591 0.852095
v 0.213023 0.133591 0.852095
v 0.213023 0.646292 0.202192
v 0.213023 0.646292 0.202192
v 0.213023 -0.646292 0.202192
v 0.213023 -0.646292 0.202192
v 0.213023 0.646292 0.151645
v 0.213023 0.646292 0.151645
v 0.213023 0.646292 0.151645
v 0.213023 -0.646292 0.151645
v 0.213023 -0.646292 0.151645
v 0.220244 0.119149 1.913602
v 0.220244 0.119149 1.913602
v 0.220244 0.465763 2.447964
v 0.220244 0.465763 2.447964
v 0.220244 0.465763 2.447964
v 0.220244 0.624629 2.469629
v 0.220244 0.624629 2.469629
v 0.220244 0.624629 2.469629
v 0.220244 0.624629 2.469629
v 0.220244 0.400774 2.592387
v 0.220244 0.675176 2.671819
v 0.220244 0.675176 2.671819
v 0.220244 0.675176 2.671819
v 0.220244 0.675176 2.671819
v 0.220244 -0.111928 2.866790
v 0.220244 -0.126371 3.003993
v 0.220244 0.357446 3.162857
v 0.220244 0.357446 3.162857
v 0.220244 0.133591 1.776398
v 0.220244 0.133591 1.776398
v 0.220244 0.306898 1.581428
v 0.220244 0.306898 1.581428
v 0.220244 0.321341 0.888199
v 0.220244 0.321341 0.888199
v 0.227466 0.241907 1.928043
v 0.227466 0.241907 1.928043
v 0.227466 0.667955 2.599609
v 0.227466 0.667955 2.599609
v 0.227466 0.667955 2.599609
v 0.227466 0.667955 2.599609
v 0.227466 0.306898 0.902642
v 0.227466 0.306898 0.902642
v 0.227466 0.314120 0.895421
v 0.227466 0.314120 0.895421
v 0.227466 0.328561 0.758219
v 0.227466 0.328561 0.758219
v 0.227466 0.328561 0.758219
v 0.227466 0.704061 0.483817
v 0.227466 0.704061 0.483817
v 0.227466 0.704061 0.483817
v 0.227466 -0.704061 0.483817
v 0.227466 -0.704061 0.483817
v 0.234688 0.104706 2.166341
v 0.234688 0.097486 2.231330
v 0.234688 0.097486 2.231330
v 0.234688 0.581301 2.447964
v 0.234688 0.552416 2.599609
v 0.234688 0.552416 2.599609
v 0.234688 0.552416 2.599609
v 0.234688 0.552416 2.599609
v 0.234688 0.552416 2.599609
v 0.234688 0.436878 3.141194
v 0.234688 0.436878 3.141194
v 0.234688 0.436878 3.141194
v 0.234688 0.241907 1.783620
v 0.234688 0.241907 1.783620
v 0.234688 0.140812 1.631977
v 0.234688 0.140812 1.631977
v 0.234688 0.292457 1.494776
v 0.234688 0.292457 1.494776
v 0.234688 0.306898 0.880978
v 0.234688 0.306898 0.880978
v 0.234688 0.306898 0.880978
v 0.234688 0.306898 0.880978
v 0.234688 0.306898 0.880978
v 0.234688 0.306898 0.880978
v 0.234688 0.213023 0.852095
v 0.234688 0.343004 0.808767
v 0.234688 0.343004 0.808767
v 0.234688 0.343004 0.808767
v 0.234688 0.343004 0.808767
v 0.234688 0.343004 0.808767
v 0.241907 0.639070 2.484070
v 0.241907 0.639070 2.484070
v 0.241907 0.639070 2.484070
v 0.241907 0.624629 2.671819
v 0.241907 0.509090 3.003993
v 0.241907 0.509090 3.003993
v 0.241907 0.487427 3.090645
v 0.241907 0.487427 3.090645
v 0.241907 0.487427 3.090645
v 0.241907 0.227466 1.639197
v 0.241907 0.227466 1.639197
v 0.241907 0.126369 1.530880
v 0.241907 0.126369 1.530880
v 0.241907 0.126369 1.530880
v 0.241907 0.126369 1.530880
v 0.241907 0.133591 0.880978
v 0.241907 0.133591 0.880978
v 0.241907 0.133591 0.880978
v 0.241907 0.119149 0.815989
v 0.241907 0.119149 0.815989
v 0.241907 0.119149 0.815989
v 0.241907 0.126369 0.750998
v 0.241907 0.126369 0.750998
v 0.241907 0.126369 0.750998
v 0.241907 0.732946 0.259961
v 0.241907 0.732946 0.259961
v 0.241907 0.732946 0.259961
v 0.241907 -0.732946 0.259961
v 0.241907 -0.732946 0.259961
v 0.249129 0.523532 2.440744
v 0.249129 0.480206 2.455186
v 0.249129 0.480206 2.455186
v 0.249129 0.480206 2.455186
v 0.249129 0.415215 2.556283
v 0.249129 0.386330 2.628493
v 0.249129 0.386330 2.628493
v 0.249129 0.386330 2.628493
v 0.249129 0.386330 2.628493
v 0.249129 0.386330 2.628493
v 0.249129 0.400774 2.628493
v 0.249129 0.400774 2.628493
v 0.249129 0.610186 2.751253
v 0.249129 0.610186 2.751253
v 0.249129 0.610186 2.751253
v 0.249129 0.537975 2.939002
v 0.249129 0.537975 2.939002
v 0.249129 0.537975 2.939002
v 0.249129 0.306898 0.938747
v 0.249129 0.754609 0.426047
v 0.249129 0.754609 0.426047
v 0.249129 -0.754609 0.426047
v 0.249129 0.769052 0.368278
v 0.249129 -0.769052 0.368278
v 0.249129 0.761830 0.310509
v 0.249129 0.761830 0.310509
v 0.249129 -0.761830 0.310509
v 0.256351 0.602964 2.700704
v 0.256351 0.602964 2.700704
v 0.256351 0.602964 2.700704
v 0.256351 0.227466 2.729588
v 0.256351 0.227466 2.729588
v 0.256351 0.530753 2.881233
v 0.256351 0.530753 2.881233
v 0.256351 0.530753 2.881233
v 0.256351 0.299677 0.974853
v 0.256351 0.299677 0.974853
v 0.256351 0.299677 0.974853
v 0.256351 0.119149 0.852095
v 0.256351 0.119149 0.852095
v 0.256351 0.790715 0.000000
v 0.256351 0.790715 0.000000
v 0.256351 0.790715 0.000000
v 0.256351 0.790715 0.000000
v 0.256351 -0.790715 0.000000
v 0.256351 -0.790715 0.000000
v 0.263572 0.444100 2.505733
v 0.263572 0.444100 2.505733
v 0.263572 0.444100 2.505733
v 0.263572 0.444100 2.505733
v 0.263572 0.660733 2.570724
v 0.263572 0.660733 2.570724
v 0.263572 0.451321 2.592387
v 0.263572 0.451321 2.592387
v 0.263572 0.451321 2.592387
v 0.263572 0.451321 2.592387
v 0.263572 0.682398 2.650156
v 0.263572 0.682398 2.650156
v 0.263572 0.696839 2.650156
v 0.263572 0.696839 2.650156
v 0.263572 0.696839 2.650156
v 0.263572 0.696839 2.650156
v 0.263572 0.061380 2.736810
v 0.263572 0.198581 3.184520
v 0.263572 0.198581 3.184520
v 0.263572 0.306898 1.299805
v 0.263572 0.306898 1.299805
v 0.263572 0.306898 1.299805
v 0.263572 0.306898 1.299805
v 0.263572 0.292457 1.083170
v 0.263572 0.292457 1.083170
v 0.263572 0.292457 1.083170
v 0.263572 0.314120 1.010959
v 0.263572 0.314120 1.010959
v 0.263572 0.314120 1.010959
v 0.263572 0.314120 1.010959
v 0.263572 0.805156 0.151645
v 0.263572 0.805156 0.151645
v 0.263572 -0.805156 0.151645
v 0.263572 -0.805156 0.151645
v 0.263572 0.805156 0.014441
v 0.263572 0.805156 0.014441
v 0.263572 0.805156 0.014441
v 0.263572 -0.805156 0.014441
v 0.263572 -0.805156 0.014441
v 0.270792 0.595744 2.462407
v 0.270792 0.595744 2.462407
v 0.270792 0.444100 2.614050
v 0.270792 0.444100 2.614050
v 0.270792 0.444100 2.614050
v 0.270792 0.429658 2.621272
v 0.270792 0.429658 2.621272
v 0.270792 0.429658 2.621272
v 0.270792 0.010832 3.126751
v 0.270792 0.010832 3.126751
v 0.270792 0.220244 1.523659
v 0.270792 0.220244 1.523659
v 0.270792 0.292457 1.422563
v 0.270792 0.292457 1.422563
v 0.270792 0.292457 1.422563
v 0.270792 0.292457 1.422563
v 0.270792 0.292457 1.422563
v 0.270792 0.090265 1.408122
v 0.270792 0.090265 1.408122
v 0.270792 0.111928 1.227593
v 0.270792 0.111928 1.227593
v 0.270792 0.126369 1.112054
v 0.270792 0.126369 1.112054
v 0.270792 0.292457 0.866536
v 0.270792 0.292457 0.866536
v 0.278014 0.537975 2.455186
v 0.278014 0.487427 2.462407
v 0.278014 0.487427 2.462407
v 0.278014 0.487427 2.462407
v 0.278014 0.646292 2.621272
v 0.278014 0.646292 2.621272
v 0.278014 0.400774 2.657378
v 0.278014 0.400774 2.657378
v 0.278014 0.350224 2.736810
v 0.278014 0.350224 2.736810
v 0.278014 0.090265 1.335910
v 0.278014 0.090265 1.335910
v 0.285235 0.415215 2.606830
v 0.285235 0.415215 2.606830
v 0.285235 0.415215 2.606830
v 0.285235 0.415215 2.606830
v 0.285235 0.415215 2.606830
v 0.285235 0.314120 2.809022
v 0.285235 0.314120 2.809022
v 0.285235 0.314120 2.809022
v 0.285235 0.292457 2.823464
v 0.285235 0.292457 2.823464
v 0.285235 0.292457 2.823464
v 0.285235 0.292457 2.823464
v 0.285235 0.292457 2.823464
v 0.285235 0.227466 0.880978
v 0.285235 0.227466 0.880978
v 0.292457 0.451321 2.534618
v 0.292457 0.451321 2.534618
v 0.292457 0.451321 2.534618
v 0.292457 0.451321 2.534618
v 0.292457 0.639070 2.534618
v 0.292457 0.639070 2.534618
v 0.292457 0.639070 2.534618
v 0.292457 0.393552 2.599609
v 0.292457 0.393552 2.599609
v 0.292457 0.393552 2.599609
v 0.292457 0.393552 2.599609
v 0.292457 0.270792 2.823464
v 0.292457 0.270792 2.823464
v 0.292457 0.270792 2.823464
v 0.292457 0.133591 0.931527
v 0.292457 0.133591 0.931527
v 0.292457 0.133591 0.931527
v 0.292457 0.133591 0.931527
v 0.292457 0.140812 0.888199
v 0.292457 0.140812 0.888199
v 0.292457 0.140812 0.888199
v 0.292457 0.133591 0.815989
v 0.292457 0.133591 0.815989
v 0.292457 0.140812 0.750998
v 0.292457 0.140812 0.750998
v 0.292457 0.140812 0.750998
v 0.299677 0.010832 2.874011
v 0.299677 0.321341 3.155636
v 0.299677 0.321341 3.155636
v 0.299677 0.119149 0.982075
v 0.299677 0.119149 0.982075
v 0.299677 0.133591 0.859315
v 0.299677 0.133591 0.859315
v 0.299677 0.133591 0.859315
v 0.299677 0.256351 0.859315
v 0.299677 0.256351 0.859315
v 0.299677 0.256351 0.859315
v 0.299677 0.234688 0.815989
v 0.299677 0.234688 0.815989
v 0.299677 0.234688 0.815989
v 0.299677 0.234688 0.750998
v 0.299677 0.234688 0.750998
v 0.299677 0.234688 0.750998
v 0.306898 -0.003611 3.011213
v 0.306898 0.176918 0.888199
v 0.306898 0.176918 0.888199
v 0.306898 0.176918 0.888199
v 0.314120 0.494647 2.512955
v 0.314120 0.494647 2.512955
v 0.314120 0.595744 2.512955
v 0.314120 0.595744 2.512955
v 0.314120 0.595744 2.512955
v 0.314120 0.675176 2.621272
v 0.314120 0.675176 2.621272
v 0.314120 0.675176 2.621272
v 0.314120 0.675176 2.621272
v 0.314120 0.689618 2.621272
v 0.314120 0.689618 2.621272
v 0.314120 0.689618 2.621272
v 0.314120 0.631849 2.650156
v 0.314120 0.631849 2.650156
v 0.314120 0.213023 1.429785
v 0.314120 0.213023 1.429785
v 0.314120 0.176918 0.815989
v 0.314120 0.176918 0.815989
v 0.314120 0.176918 0.750998
v 0.314120 0.176918 0.750998
v 0.321341 0.537975 2.505733
v 0.321341 0.537975 2.505733
v 0.321341 0.537975 2.505733
v 0.321341 0.386330 3.133973
v 0.321341 0.386330 3.133973
v 0.321341 0.220244 1.169824
v 0.321341 0.220244 1.169824
v 0.321341 0.227466 0.989296
v 0.321341 0.227466 0.989296
v 0.321341 0.227466 0.989296
v 0.321341 0.227466 0.989296
v 0.321341 0.227466 0.902642
v 0.321341 0.227466 0.902642
v 0.321341 0.227466 0.902642
v 0.321341 0.227466 0.902642
v 0.321341 0.213023 0.859315
v 0.321341 0.213023 0.859315
v 0.328561 0.169697 0.859315
v 0.328561 0.169697 0.859315
v 0.328561 0.169697 0.859315
v 0.328561 0.169697 0.859315
v 0.328561 0.451321 0.686007
v 0.328561 -0.451321 0.686007
v 0.335783 0.429658 2.563502
v 0.335783 0.429658 2.563502
v 0.335783 0.429658 2.563502
v 0.335783 0.429658 2.563502
v 0.335783 0.501869 2.563502
v 0.335783 0.501869 2.563502
v 0.335783 0.444100 2.577946
v 0.335783 0.444100 2.577946
v 0.335783 0.444100 2.577946
v 0.335783 0.610186 2.693484
v 0.335783 0.610186 2.693484
v 0.335783 0.610186 2.693484
v 0.335783 0.610186 2.693484
v 0.335783 0.465763 3.032878
v 0.335783 0.465763 3.032878
v 0.335783 0.436878 3.083425
v 0.335783 0.436878 3.083425
v 0.335783 0.148034 3.105088
v 0.335783 0.148034 3.105088
v 0.335783 0.148034 3.105088
v 0.335783 0.148034 3.105088
v 0.335783 0.205803 1.321468
v 0.335783 0.205803 1.321468
v 0.335783 0.205803 1.321468
v 0.335783 0.465763 0.613796
v 0.335783 0.465763 0.613796
v 0.335783 0.465763 0.613796
v 0.335783 -0.465763 0.613796
v 0.335783 -0.465763 0.613796
v 0.343004 0.581301 2.765695
v 0.343004 0.581301 2.765695
v 0.343004 0.581301 2.765695
v 0.343004 0.487427 2.931781
v 0.343004 0.487427 2.931781
v 0.343004 0.487427 2.931781
v 0.350226 0.581301 2.570724
v 0.350226 0.581301 2.570724
v 0.350226 0.530753 2.859570
v 0.350226 0.530753 2.859570
v 0.350226 0.126369 2.874011
v 0.350226 0.278014 2.888455
v 0.350226 0.278014 2.888455
v 0.357446 0.639070 2.592387
v 0.357446 0.639070 2.592387
v 0.357446 0.480206 2.606830
v 0.357446 0.480206 2.606830
v 0.357446 0.480206 2.606830
v 0.357446 0.480206 2.606830
v 0.357446 0.306898 2.859570
v 0.357446 0.306898 2.859570
v 0.357446 0.306898 2.859570
v 0.357446 0.306898 2.859570
v 0.357446 0.241907 2.881233
v 0.357446 0.487427 0.750998
v 0.357446 0.487427 0.750998
v 0.357446 0.487427 0.750998
v 0.357446 -0.487427 0.750998
v 0.357446 0.487427 0.686007
v 0.357446 -0.487427 0.686007
v 0.364667 0.487427 2.556283
v 0.364667 0.487427 2.556283
v 0.364667 0.487427 2.556283
v 0.364667 0.653513 2.585167
v 0.364667 0.653513 2.585167
v 0.364667 0.501869 0.736556
v 0.364667 0.501869 0.736556
v 0.364667 0.501869 0.736556
v 0.364667 -0.501869 0.736556
v 0.364667 -0.501869 0.736556
v 0.364667 -0.501869 0.736556
v 0.364667 0.501869 0.700450
v 0.364667 0.501869 0.700450
v 0.364667 -0.501869 0.700450
v 0.364667 -0.501869 0.700450
v 0.364667 -0.501869 0.700450
v 0.364667 0.501869 0.563249
v 0.364667 0.501869 0.563249
v 0.364667 0.501869 0.563249
v 0.364667 -0.501869 0.563249
v 0.364667 -0.501869 0.563249
v 0.371889 0.480206 2.541839
v 0.371889 0.480206 2.541839
v 0.371889 0.480206 2.541839
v 0.371889 0.480206 2.541839
v 0.371889 0.422437 2.693484
v 0.371889 0.422437 2.693484
v 0.371889 0.126369 3.003993
v 0.371889 0.126369 3.003993
v 0.371889 0.270792 3.076204
v 0.371889 0.270792 3.076204
v 0.379111 0.537975 2.549061
v 0.379111 0.537975 2.549061
v 0.379111 0.537975 2.549061
v 0.379111 0.595744 2.563502
v 0.379111 0.595744 2.563502
v 0.386330 0.537975 2.534618
v 0.386330 0.537975 2.534618
v 0.386330 0.537975 2.534618
v 0.386330 0.602964 2.549061
v 0.386330 0.602964 2.549061
v 0.386330 0.602964 2.549061
v 0.386330 0.364667 2.772916
v 0.386330 0.364667 2.772916
v 0.386330 0.241907 2.982328
v 0.386330 0.241907 2.982328
v 0.386330 0.241907 2.982328
v 0.386330 0.241907 2.982328
v 0.386330 0.379109 3.018434
v 0.386330 0.379109 3.018434
v 0.386330 0.379109 3.018434
v 0.386330 0.379109 3.018434
v 0.393552 0.552416 2.635715
v 0.393552 0.552416 2.635715
v 0.393552 0.552416 2.635715
v 0.393552 0.379109 2.917339
v 0.393552 0.379109 2.917339
v 0.393552 0.537975 0.173308
v 0.393552 0.537975 0.173308
v 0.393552 -0.537975 0.173308
v 0.393552 -0.537975 0.173308
v 0.400774 0.314120 2.946224
v 0.400774 0.314120 2.946224
v 0.400774 0.552416 0.202192
v 0.400774 0.552416 0.202192
v 0.400774 -0.552416 0.202192
v 0.400774 -0.552416 0.202192
v 0.400774 -0.552416 0.202192
v 0.400774 0.552416 0.151645
v 0.400774 0.552416 0.151645
v 0.400774 0.552416 0.151645
v 0.400774 -0.552416 0.151645
v 0.400774 -0.552416 0.151645
v 0.407993 0.501869 2.744032
v 0.407993 0.501869 2.744032
v 0.415215 0.444100 2.823464
v 0.415215 0.444100 2.823464
v 0.436878 0.595744 0.483817
v 0.436878 0.595744 0.483817
v 0.436878 -0.595744 0.483817
v 0.451321 0.328561 0.686007
v 0.451321 0.328561 0.686007
v 0.451321 -0.328561 0.686007
v 0.451321 -0.328561 0.686007
v 0.451321 0.624629 0.259961
v 0.451321 0.624629 0.259961
v 0.451321 -0.624629 0.259961
v 0.451321 -0.624629 0.259961
v 0.451321 -0.624629 0.259961
v 0.465763 0.335783 0.613796
v 0.465763 0.335783 0.613796
v 0.465763 -0.335783 0.613796
v 0.465763 -0.335783 0.613796
v 0.465763 -0.335783 0.613796
v 0.465763 -0.335783 0.613796
v 0.465763 0.646292 0.426047
v 0.465763 0.646292 0.426047
v 0.465763 0.646292 0.426047
v 0.465763 -0.646292 0.426047
v 0.465763 -0.646292 0.426047
v 0.472984 0.653513 0.368278
v 0.472984 -0.653513 0.368278
v 0.472984 -0.653513 0.368278
v 0.472984 0.653513 0.310509
v 0.472984 -0.653513 0.310509
v 0.472984 -0.653513 0.310509
v 0.487427 0.357446 0.750998
v 0.487427 0.357446 0.750998
v 0.487427 -0.357446 0.750998
v 0.487427 -0.357446 0.750998
v 0.487427 0.357446 0.686007
v 0.487427 -0.357446 0.686007
v 0.487427 -0.357446 0.686007
v 0.487427 0.675176 0.000000
v 0.487427 0.675176 0.000000
v 0.487427 -0.675176 0.000000
v 0.487427 -0.675176 0.000000
v 0.487427 -0.675176 0.000000
v 0.494647 0.682398 0.151645
v 0.494647 0.682398 0.151645
v 0.494647 -0.682398 0.151645
v 0.494647 -0.682398 0.151645
v 0.494647 -0.682398 0.151645
v 0.494647 0.682398 0.014441
v 0.494647 0.682398 0.014441
v 0.494647 -0.682398 0.014441
v 0.494647 -0.682398 0.014441
v 0.494647 -0.682398 0.014441
v 0.494647 -0.682398 0.014441
v 0.501869 0.364667 0.736556
v 0.501869 0.364667 0.736556
v 0.501869 -0.364667 0.736556
v 0.501869 -0.364667 0.736556
v 0.501869 -0.364667 0.736556
v 0.501869 0.364667 0.700450
v 0.501869 0.364667 0.700450
v 0.501869 0.364667 0.700450
v 0.501869 -0.364667 0.700450
v 0.501869 -0.364667 0.700450
v 0.501869 0.364667 0.563249
v 0.501869 -0.364667 0.563249
v 0.501869 -0.364667 0.563249
v 0.530753 0.169697 0.686007
v 0.530753 -0.169697 0.686007
v 0.537975 0.393552 0.173308
v 0.537975 0.393552 0.173308
v 0.537975 0.393552 0.173308
v 0.537975 -0.393552 0.173308
v 0.537975 -0.393552 0.173308
v 0.537975 -0.393552 0.173308
v 0.545197 0.176918 0.613796
v 0.545197 -0.176918 0.613796
v 0.545197 -0.176918 0.613796
v 0.552416 0.400774 0.202192
v 0.552416 0.400774 0.202192
v 0.552416 0.400774 0.202192
v 0.552416 -0.400774 0.202192
v 0.552416 -0.400774 0.202192
v 0.552416 0.400774 0.151645
v 0.552416 0.400774 0.151645
v 0.552416 -0.400774 0.151645
v 0.552416 -0.400774 0.151645
v 0.552416 -0.400774 0.151645
v 0.559638 -0.003611 0.686007
v 0.559638 -0.003611 0.686007
v 0.574079 0.184138 0.750998
v 0.574079 0.184138 0.750998
v 0.574079 -0.184138 0.750998
v 0.574079 -0.184138 0.750998
v 0.574079 0.184138 0.686007
v 0.574079 0.184138 0.686007
v 0.574079 -0.184138 0.686007
v 0.574079 -0.184138 0.686007
v 0.574079 -0.003611 0.613796
v 0.574079 -0.003611 0.613796
v 0.588523 0.191360 0.736556
v 0.588523 0.191360 0.736556
v 0.588523 -0.191360 0.736556
v 0.588523 -0.191360 0.736556
v 0.588523 0.191360 0.700450
v 0.588523 0.191360 0.700450
v 0.588523 0.191360 0.700450
v 0.588523 -0.191360 0.700450
v 0.588523 0.191360 0.563249
v 0.588523 -0.191360 0.563249
v 0.588523 -0.191360 0.563249
v 0.588523 -0.191360 0.563249
v 0.595744 0.436878 0.483817
v 0.595744 -0.436878 0.483817
v 0.595744 -0.436878 0.483817
v 0.602964 -0.003611 0.750998
v 0.602964 -0.003611 0.750998
v 0.602964 -0.003611 0.686007
v 0.602964 -0.003611 0.686007
v 0.617407 -0.003611 0.736556
v 0.617407 -0.003611 0.736556
v 0.617407 -0.003611 0.700450
v 0.617407 -0.003611 0.563249
v 0.617407 -0.003611 0.563249
v 0.624629 0.451321 0.259961
v 0.624629 0.451321 0.259961
v 0.624629 0.451321 0.259961
v 0.624629 -0.451321 0.259961
v 0.624629 -0.451321 0.259961
v 0.631849 0.205803 0.173308
v 0.631849 0.205803 0.173308
v 0.631849 -0.205803 0.173308
v 0.631849 -0.205803 0.173308
v 0.646292 0.465763 0.426047
v 0.646292 0.465763 0.426047
v 0.646292 -0.465763 0.426047
v 0.646292 -0.465763 0.426047
v 0.646292 -0.465763 0.426047
v 0.646292 -0.465763 0.426047
v 0.646292 0.213023 0.202192
v 0.646292 0.213023 0.202192
v 0.646292 -0.213023 0.202192
v 0.646292 -0.213023 0.202192
v 0.646292 0.213023 0.151645
v 0.646292 0.213023 0.151645
v 0.646292 -0.213023 0.151645
v 0.646292 -0.213023 0.151645
v 0.653513 0.472984 0.368278
v 0.653513 0.472984 0.368278
v 0.653513 0.472984 0.368278
v 0.653513 0.472984 0.368278
v 0.653513 -0.472984 0.368278
v 0.653513 -0.472984 0.368278
v 0.653513 0.472984 0.310509
v 0.653513 0.472984 0.310509
v 0.653513 0.472984 0.310509
v 0.653513 -0.472984 0.310509
v 0.667955 -0.003611 0.173308
v 0.667955 -0.003611 0.173308
v 0.675176 0.487427 0.000000
v 0.675176 0.487427 0.000000
v 0.675176 0.487427 0.000000
v 0.675176 -0.487427 0.000000
v 0.675176 -0.487427 0.000000
v 0.682398 -0.003611 0.202192
v 0.682398 -0.003611 0.202192
v 0.682398 0.494647 0.151645
v 0.682398 0.494647 0.151645
v 0.682398 0.494647 0.151645
v 0.682398 -0.003611 0.151645
v 0.682398 -0.003611 0.151645
v 0.682398 -0.494647 0.151645
v 0.682398 -0.494647 0.151645
v 0.682398 0.494647 0.014441
v 0.682398 0.494647 0.014441
v 0.682398 0.494647 0.014441
v 0.682398 -0.494647 0.014441
v 0.704061 0.227466 0.483817
v 0.704061 -0.227466 0.483817
v 0.704061 -0.227466 0.483817
v 0.732946 0.241907 0.259961
v 0.732946 0.241907 0.259961
v 0.732946 -0.241907 0.259961
v 0.732946 -0.241907 0.259961
v 0.740167 -0.003611 0.483817
v 0.740167 -0.003611 0.483817
v 0.754609 0.249129 0.426047
v 0.754609 -0.249129 0.426047
v 0.754609 -0.249129 0.426047
v 0.761830 0.249129 0.310509
v 0.761830 0.249129 0.310509
v 0.761830 0.249129 0.310509
v 0.761830 -0.249129 0.310509
v 0.769052 0.249129 0.368278
v 0.769052 0.249129 0.368278
v 0.769052 0.249129 0.368278
v 0.769052 -0.249129 0.368278
v 0.769052 -0.003611 0.259961
v 0.769052 -0.003611 0.259961
v 0.790715 0.256351 0.000000
v 0.790715 0.256351 0.000000
v 0.790715 -0.256351 0.000000
v 0.790715 -0.256351 0.000000
v 0.797936 -0.003611 0.426047
v 0.797936 -0.003611 0.426047
v 0.805156 -0.003611 0.310509
v 0.805156 0.263572 0.151645
v 0.805156 0.263572 0.151645
v 0.805156 0.263572 0.151645
v 0.805156 -0.263572 0.151645
v 0.805156 -0.263572 0.151645
v 0.805156 0.263572 0.014441
v 0.805156 0.263572 0.014441
v 0.805156 0.263572 0.014441
v 0.805156 0.263572 0.014441
v 0.805156 -0.263572 0.014441
v 0.812378 -0.003611 0.368278
v 0.812378 -0.003611 0.368278
v 0.834041 -0.003611 0.000000
v 0.834041 -0.003611 0.000000
v 0.848484 -0.003611 0.151645
v 0.848484 -0.003611 0.151645
v 0.848484 -0.003611 0.014441
vt 0.077148 0.585449
vt 0.894287 0.494629
vt 0.292725 0.897461
vt 0.706055 0.042480
vt 0.003418 0.890869
vt 0.028320 0.384521
vt 0.128906 0.909912
vt 0.704346 0.002441
vt 0.416260 0.833252
vt 0.941895 0.400635
vt 0.320557 0.877441
vt 0.780029 0.682129
vt 0.041748 0.186523
vt 0.525635 0.559814
vt 0.655029 0.944824
vt 0.039062 0.185059
vt 0.102783 0.207764
vt 0.260498 0.591797
vt 0.523926 0.558350
vt 0.919678 0.527832
vt 0.083252 0.588867
vt 0.921143 0.525146
vt 0.940186 0.273926
vt 0.452393 0.940674
vt 0.841309 0.920410
vt 0.907471 0.809326
vt 0.032227 0.418457
vt 0.097656 0.397949
vt 0.913574 0.805176
vt 0.452148 0.930176
vt 0.833252 0.914062
vt 0.582031 0.132080
vt 0.833740 0.913574
vt 0.124023 0.425537
vt 0.449707 0.923096
vt 0.559326 0.530273
vt 0.585938 0.124268
vt 0.924805 0.797852
vt 0.957520 0.225830
vt 0.198975 0.050537
vt 0.246582 0.646484
vt 0.908691 0.945068
vt 0.326904 0.617920
vt 0.970947 0.229492
vt 0.470215 0.699463
vt 0.683105 0.770996
vt 0.964600 0.223633
vt 0.106934 0.359863
vt 0.203857 0.048340
vt 0.266602 0.508301
vt 0.606445 0.209961
vt 0.899902 0.943115
vt 0.194336 0.475830
vt 0.226562 0.239502
vt 0.256104 0.539307
vt 0.028320 0.308105
vt 0.425293 0.171143
vt 0.677002 0.084717
vt 0.896973 0.942627
vt 0.106201 0.817139
vt 0.351562 0.780518
vt 0.531982 0.715820
vt 0.279297 0.131592
vt 0.674316 0.430176
vt 0.693604 0.306396
vt 0.082275 0.355957
vt 0.712402 0.184326
vt 0.018311 0.411377
vt 0.283203 0.130615
vt 0.080566 0.359863
vt 0.503662 0.656494
vt 0.025879 0.411377
vt 0.095215 0.343994
vt 0.249756 0.377686
vt 0.496094 0.656494
vt 0.506592 0.652588
vt 0.111328 0.133301
vt 0.875488 0.003662
vt 0.097168 0.340332
vt 0.755371 0.614258
vt 0.631592 0.633301
vt 0.282471 0.809570
vt 0.247559 0.374023
vt 0.509521 0.652100
vt 0.125244 0.132568
vt 0.860596 0.002441
vt 0.243408 0.718750
vt 0.283203 0.824463
vt 0.138672 0.129883
vt 0.249756 0.706543
vt 0.284668 0.835449
vt 0.804688 0.645508
vt 0.165527 0.121338
vt 0.267578 0.683105
vt 0.460449 0.786377
vt 0.783936 0.659912
vt 0.181885 0.117432
vt 0.834961 0.456055
vt 0.275879 0.668457
vt 0.458740 0.773926
vt 0.193359 0.116699
vt 0.397705 0.129639
vt 0.822998 0.454834
vt 0.458252 0.761719
vt 0.399170 0.118896
vt 0.811035 0.455566
vt 0.458496 0.750000
vt 0.493408 0.618652
vt 0.403564 0.106934
vt 0.635498 0.000977
vt 0.331543 0.092285
vt 0.459717 0.739990
vt 0.488037 0.606934
vt 0.064453 0.099609
vt 0.413574 0.089111
vt 0.618408 0.006348
vt 0.107910 0.203369
vt 0.348633 0.087402
vt 0.475342 0.590576
vt 0.058350 0.100830
vt 0.210205 0.369873
vt 0.415283 0.082764
vt 0.102051 0.203125
vt 0.473145 0.584229
vt 0.521973 0.266602
vt 0.074707 0.073486
vt 0.211670 0.375000
vt 0.045898 0.724609
vt 0.050537 0.049316
vt 0.097412 0.203613
vt 0.273682 0.272705
vt 0.524170 0.261719
vt 0.177979 0.764160
vt 0.297852 0.296875
vt 0.026611 0.477051
vt 0.045898 0.752930
vt 0.177979 0.792480
vt 0.182617 0.037109
vt 0.262451 0.498535
vt 0.022949 0.475342
vt 0.572998 0.343262
vt 0.418457 0.420654
vt 0.179199 0.039307
vt 0.265137 0.497314
vt 0.105469 0.585693
vt 0.895996 0.522949
vt 0.113525 0.516602
vt 0.136230 0.932129
vt 0.246582 0.488770
vt 0.293457 0.860596
vt 0.369385 0.002441
vt 0.490234 0.662109
vt 0.648193 0.100830
vt 0.120117 0.537354
vt 0.322021 0.061523
vt 0.576416 0.944580
vt 0.060303 0.340820
vt 0.429932 0.055420
vt 0.859619 0.931152
vt 0.122559 0.532471
vt 0.392090 0.088135
vt 0.753906 0.010254
vt 0.893311 0.820557
vt 0.011963 0.596191
vt 0.060547 0.334229
vt 0.124756 0.590576
vt 0.275879 0.202148
vt 0.434814 0.051025
vt 0.641846 0.928223
vt 0.062500 0.330322
vt 0.851074 0.925293
vt 0.453369 0.925781
vt 0.582520 0.127197
vt 0.830811 0.909912
vt 0.678223 0.770020
vt 0.960693 0.224365
vt 0.041016 0.720215
vt 0.356934 0.070312
vt 0.430420 0.901855
vt 0.039307 0.721436
vt 0.355713 0.069092
vt 0.069336 0.219971
vt 0.318604 0.272217
vt 0.500977 0.249756
vt 0.048340 0.189941
vt 0.270020 0.224365
vt 0.320801 0.270264
vt 0.503906 0.248779
vt 0.049072 0.212646
vt 0.049316 0.191162
vt 0.067627 0.218750
vt 0.271240 0.225098
vt 0.252686 0.357422
vt 0.321045 0.619873
vt 0.473389 0.699707
vt 0.610596 0.211914
vt 0.967041 0.224854
vt 0.030762 0.310547
vt 0.254883 0.357422
vt 0.428711 0.172607
vt 0.089355 0.273926
vt 0.112549 0.362305
vt 0.191895 0.476562
vt 0.209473 0.048096
vt 0.606201 0.018555
vt 0.919189 0.945801
vt 0.030762 0.328369
vt 0.084961 0.274658
vt 0.027832 0.327393
vt 0.260254 0.537598
vt 0.920654 0.945801
vt 0.083252 0.001709
vt 0.262207 0.247803
vt 0.325684 0.966064
vt 0.604980 0.481689
vt 0.009033 0.079590
vt 0.592285 0.472168
vt 0.001221 0.089600
vt 0.520508 0.154541
vt 0.601807 0.817139
vt 0.214600 0.632324
vt 0.868164 0.525879
vt 0.230957 0.503418
vt 0.134033 0.928223
vt 0.294434 0.879395
vt 0.704346 0.024902
vt 0.436035 0.843750
vt 0.558838 0.312744
vt 0.293213 0.854980
vt 0.232910 0.385986
vt 0.655029 0.940674
vt 0.743408 0.955811
vt 0.750732 0.009277
vt 0.063232 0.335938
vt 0.855713 0.926514
vt 0.411621 0.202637
vt 0.753418 0.002197
vt 0.897705 0.813721
vt 0.100098 0.390381
vt 0.301025 0.954346
vt 0.916260 0.798096
vt 0.127930 0.422607
vt 0.559326 0.523682
vt 0.582275 0.475586
vt 0.830811 0.907715
vt 0.305176 0.954102
vt 0.919189 0.797607
vt 0.215332 0.046387
vt 0.925293 0.945312
vt 0.220947 0.046875
vt 0.351318 0.062744
vt 0.931152 0.946533
vt 0.363770 0.973633
vt 0.413330 0.015381
vt 0.643311 0.098877
vt 0.600830 0.047119
vt 0.741211 0.957275
vt 0.120117 0.531250
vt 0.394775 0.086670
vt 0.579102 0.939453
vt 0.598145 0.045410
vt 0.740723 0.955566
vt 0.408691 0.203613
vt 0.744629 0.947021
vt 0.750244 0.001221
vt 0.895020 0.812500
vt 0.408691 0.194336
vt 0.902100 0.806396
vt 0.216309 0.299561
vt 0.844482 0.916504
vt 0.837402 0.911133
vt 0.097412 0.392334
vt 0.913330 0.799072
vt 0.269531 0.221191
vt 0.504150 0.245361
vt 0.079102 0.640625
vt 0.330322 0.781250
vt 0.028320 0.641357
vt 0.280273 0.784424
vt 0.007080 0.092529
vt 0.255859 0.247803
vt 0.526855 0.152344
vt 0.598877 0.484131
vt 0.152100 0.929932
vt 0.289551 0.856445
vt 0.571777 0.941406
vt 0.430176 0.048096
vt 0.857666 0.924072
vt 0.852783 0.920410
vt 0.576904 0.127686
vt 0.834961 0.906982
vt 0.043701 0.713867
vt 0.120361 0.417969
vt 0.436279 0.897461
vt 0.826172 0.901123
vt 0.050781 0.208740
vt 0.069336 0.215576
vt 0.500488 0.245361
vt 0.028076 0.371582
vt 0.356201 0.062988
vt 0.048096 0.207520
vt 0.075439 0.649170
vt 0.272949 0.220459
vt 0.941895 0.946045
vt 0.028564 0.359131
vt 0.138672 0.299316
vt 0.228271 0.090820
vt 0.965576 0.131104
vt 0.390137 0.780762
vt 0.956299 0.478760
vt 0.260498 0.500000
vt 0.348145 0.179443
vt 0.672119 0.878906
vt 0.187988 0.929199
vt 0.792480 0.097412
vt 0.902100 0.424316
vt 0.427490 0.830566
vt 0.952881 0.395264
vt 0.404541 0.816162
vt 0.308594 0.879150
vt 0.775635 0.094238
vt 0.486816 0.679688
vt 0.592041 0.019043
vt 0.650635 0.117920
vt 0.308105 0.878174
vt 0.777100 0.093750
vt 0.780029 0.693848
vt 0.383301 0.806152
vt 0.560303 0.275879
vt 0.541748 0.295166
vt 0.926025 0.285645
vt 0.241943 0.653809
vt 0.569580 0.272949
vt 0.863281 0.926270
vt 0.710693 0.506836
vt 0.921143 0.789307
vt 0.955566 0.217041
vt 0.469971 0.690674
vt 0.682617 0.762451
vt 0.717529 0.440918
vt 0.906006 0.936768
vt 0.977539 0.223389
vt 0.144043 0.452637
vt 0.681396 0.079346
vt 0.898682 0.935303
vt 0.132812 0.581787
vt 0.897217 0.550537
vt 0.186279 0.629395
vt 0.872070 0.554688
vt 0.053955 0.637939
vt 0.304688 0.782715
vt 0.254639 0.784424
vt 0.542725 0.209717
vt 0.955322 0.975830
vt 0.063232 0.592285
vt 0.152588 0.601318
vt 0.465088 0.171143
vt 0.724854 0.821045
vt 0.943115 0.083252
vt 0.671631 0.875488
vt 0.193604 0.881592
vt 0.212646 0.243896
vt 0.425537 0.864014
vt 0.493408 0.681152
vt 0.507324 0.673584
vt 0.525635 0.875977
vt 0.528320 0.876221
vt 0.630615 0.873047
vt 0.813965 0.899414
vt 0.925049 0.894531
vt 0.486328 0.928223
vt 0.493408 0.621338
vt 0.865479 0.631348
vt 0.459961 0.923340
vt 0.869873 0.610107
vt 0.437012 0.836914
vt 0.960693 0.409180
vt 0.115723 0.507324
vt 0.235596 0.482178
vt 0.300537 0.875000
vt 0.490234 0.679932
vt 0.594727 0.017090
vt 0.777100 0.084229
vt 0.145020 0.853027
vt 0.224609 0.394043
vt 0.263672 0.602783
vt 0.523926 0.570557
vt 0.666016 0.943359
vt 0.601318 0.038086
vt 0.739990 0.947754
vt 0.221924 0.300537
vt 0.848877 0.913574
vt 0.902832 0.799561
vt 0.093994 0.186523
vt 0.236816 0.413086
vt 0.688721 0.135742
vt 0.974854 0.337646
vt 0.300293 0.948486
vt 0.363770 0.729248
vt 0.913818 0.791748
vt 0.304443 0.948242
vt 0.916992 0.791260
vt 0.830811 0.900146
vt 0.677979 0.761230
vt 0.706299 0.508545
vt 0.959961 0.216553
vt 0.028320 0.317627
vt 0.051270 0.187256
vt 0.147949 0.455811
vt 0.255859 0.350342
vt 0.474609 0.691650
vt 0.677002 0.076172
vt 0.198486 0.041992
vt 0.910645 0.936279
vt 0.321045 0.610840
vt 0.609619 0.203857
vt 0.903320 0.934814
vt 0.974609 0.221436
vt 0.097168 0.416504
vt 0.112549 0.352783
vt 0.191895 0.467285
vt 0.203369 0.039795
vt 0.254395 0.530029
vt 0.915039 0.937012
vt 0.162842 0.582520
vt 0.410156 0.782959
vt 0.895996 0.580322
vt 0.957520 0.459229
vt 0.090576 0.628906
vt 0.340576 0.764160
vt 0.531982 0.737061
vt 0.018066 0.636719
vt 0.269043 0.784424
vt 0.542480 0.196289
vt 0.152588 0.587646
vt 0.465576 0.156738
vt 0.959961 0.934326
vt 0.253906 0.793457
vt 0.321289 0.592041
vt 0.947266 0.971680
vt 0.674561 0.042236
vt 0.864258 0.652100
vt 0.668213 0.043213
vt 0.865234 0.646240
vt 0.026123 0.668213
vt 0.348145 0.148926
vt 0.260498 0.714600
vt 0.736816 0.115723
vt 0.955811 0.825439
vt 0.035400 0.036377
vt 0.257568 0.726074
vt 0.956543 0.813721
vt 0.014160 0.666748
vt 0.006592 0.666260
vt 0.910645 0.222900
vt 0.202393 0.933594
vt 0.904541 0.442383
vt 0.172119 0.931641
vt 0.779785 0.109375
vt 0.966064 0.407715
vt 0.325195 0.898438
vt 0.349609 0.968994
vt 0.355957 0.248291
vt 0.406494 0.001221
vt 0.548584 0.947510
vt 0.648438 0.922607
vt 0.579346 0.931396
vt 0.737793 0.949219
vt 0.241943 0.642822
vt 0.429932 0.041992
vt 0.645996 0.918945
vt 0.856689 0.917969
vt 0.742676 0.937500
vt 0.895752 0.802490
vt 0.221924 0.290527
vt 0.841553 0.906006
vt 0.360352 0.729248
vt 0.910889 0.792725
vt 0.031982 0.354736
vt 0.064697 0.250000
vt 0.140381 0.303955
vt 0.697510 0.111084
vt 0.029053 0.354492
vt 0.968018 0.126221
vt 0.090820 0.417969
vt 0.260498 0.528076
vt 0.919678 0.936279
vt 0.200439 0.530273
vt 0.711426 0.859619
vt 0.913086 0.110596
vt 0.106201 0.794678
vt 0.113037 0.626953
vt 0.512207 0.734619
vt 0.935547 0.501709
vt 0.001953 0.631592
vt 0.533203 0.209717
vt 0.964844 0.975830
vt 0.060547 0.604248
vt 0.075439 0.652100
vt 0.465820 0.183350
vt 0.886963 0.214355
vt 0.247070 0.616455
vt 0.673340 0.872559
vt 0.447510 0.834473
vt 0.779785 0.081055
vt 0.922363 0.422119
vt 0.977539 0.380615
vt 0.115723 0.503906
vt 0.228271 0.234375
vt 0.231934 0.479736
vt 0.773926 0.104736
vt 0.053955 0.308350
vt 0.162598 0.796387
vt 0.388428 0.010254
vt 0.572021 0.235840
vt 0.741943 0.532959
vt 0.055420 0.308350
vt 0.294189 0.867676
vt 0.743164 0.532471
vt 0.139648 0.851562
vt 0.258057 0.602783
vt 0.909912 0.520996
vt 0.911377 0.518311
vt 0.939209 0.285645
vt 0.567627 0.263184
vt 0.858887 0.917480
vt 0.835205 0.899414
vt 0.061279 0.718506
vt 0.063232 0.251221
vt 0.138672 0.305176
vt 0.228271 0.097168
vt 0.283691 0.251221
vt 0.227051 0.096680
vt 0.285156 0.251221
vt 0.966309 0.125000
vt 0.021484 0.447266
vt 0.933105 0.937744
vt 0.927246 0.936523
vt 0.030762 0.317383
vt 0.084961 0.263916
vt 0.924316 0.936035
vt 0.225342 0.580566
vt 0.348389 0.804688
vt 0.474854 0.170166
vt 0.905518 0.364014
vt 0.474854 0.183350
vt 0.878174 0.211914
vt 0.892090 0.364014
vt 0.569580 0.921875
vt 0.667969 0.866455
vt 0.721191 0.790283
vt 0.935791 0.945068
vt 0.949707 0.048340
vt 0.866699 0.665771
vt 0.558105 0.881592
vt 0.741699 0.105957
vt 0.954834 0.837891
vt 0.040039 0.046143
vt 0.257568 0.713867
vt 0.804688 0.381104
vt 0.039307 0.034912
vt 0.277588 0.608887
vt 0.803223 0.369141
vt 0.432861 0.825684
vt 0.958008 0.388184
vt 0.113525 0.503174
vt 0.136230 0.949707
vt 0.226074 0.234375
vt 0.239990 0.474854
vt 0.772949 0.095703
vt 0.246582 0.470947
vt 0.387939 0.007080
vt 0.570557 0.238281
vt 0.773926 0.087158
vt 0.584229 0.923828
vt 0.738525 0.939209
vt 0.852539 0.910889
vt 0.904053 0.793213
vt 0.237061 0.408447
vt 0.687500 0.131104
vt 0.235596 0.408936
vt 0.975586 0.333252
vt 0.066650 0.212158
vt 0.092529 0.182129
vt 0.688721 0.130859
vt 0.068115 0.212646
vt 0.093994 0.182129
vt 0.974121 0.333008
vt 0.838623 0.899902
vt 0.035156 0.018555
vt 0.962158 0.832520
vt 0.972900 0.282227
vt 0.032471 0.364014
vt 0.050781 0.200928
vt 0.075439 0.642334
vt 0.362305 0.057861
vt 0.433350 0.889893
vt 0.499512 0.237549
vt 0.572021 0.152588
vt 0.027832 0.364014
vt 0.269531 0.211670
vt 0.359619 0.055664
vt 0.504150 0.235596
vt 0.937744 0.937256
vt 0.072266 0.642334
vt 0.569092 0.152100
vt 0.940674 0.937988
vt 0.136963 0.624756
vt 0.935547 0.479736
vt 0.204590 0.577881
vt 0.368652 0.803955
vt 0.473633 0.157227
vt 0.918945 0.365234
vt 0.966797 0.928711
vt 0.053955 0.592285
vt 0.066650 0.641357
vt 0.142334 0.599365
vt 0.365479 0.017578
vt 0.229980 0.526855
vt 0.914062 0.080322
vt 0.175049 0.306885
vt 0.258789 0.703369
vt 0.738037 0.105713
vt 0.803223 0.391602
vt 0.462646 0.839111
vt 0.925049 0.440186
vt 0.439453 0.913574
vt 0.451416 0.841064
vt 0.567383 0.301758
vt 0.673828 0.029297
vt 0.878906 0.591797
vt 0.085938 0.018555
vt 0.359131 0.983398
vt 0.530273 0.089355
vt 0.633545 0.105225
vt 0.982178 0.797119
vt 0.145020 0.945557
vt 0.227783 0.223877
vt 0.572021 0.246582
vt 0.770752 0.095215
vt 0.055420 0.304932
vt 0.154297 0.942627
vt 0.290527 0.868896
vt 0.568359 0.237793
vt 0.231689 0.399170
vt 0.667725 0.937744
vt 0.958496 0.633301
vt 0.476807 0.165527
vt 0.744629 0.027344
vt 0.237305 0.644287
vt 0.570801 0.262207
vt 0.651367 0.918457
vt 0.236816 0.374756
vt 0.476807 0.155762
vt 0.746094 0.017578
vt 0.237549 0.367188
vt 0.484131 0.157471
vt 0.736572 0.940674
vt 0.436279 0.888428
vt 0.826660 0.890381
vt 0.040039 0.453857
vt 0.053955 0.191895
vt 0.474854 0.685059
vt 0.718506 0.433594
vt 0.029541 0.349854
vt 0.968750 0.121582
vt 0.157959 0.623779
vt 0.876221 0.584229
vt 0.935547 0.461182
vt 0.065186 0.625000
vt 0.314209 0.769043
vt 0.142334 0.587158
vt 0.364746 0.004150
vt 0.950195 0.929932
vt 0.065674 0.652100
vt 0.363281 0.030762
vt 0.896240 0.210693
vt 0.563721 0.895752
vt 0.686035 0.842529
vt 0.040527 0.564209
vt 0.251221 0.482666
vt 0.364258 0.856201
vt 0.562744 0.887451
vt 0.958984 0.647217
vt 0.423096 0.915283
vt 0.468506 0.729980
vt 0.873047 0.871094
vt 0.016357 0.562988
vt 0.016357 0.562988
vt 0.016357 0.562988
vt 0.873047 0.871094
vt 0.868408 0.685547
vt 0.868652 0.869629
vt 0.001221 0.562744
vt 0.239014 0.861328
vt 0.937256 0.824707
vt 0.033936 0.664551
vt 0.358643 0.148682
vt 0.891113 0.276123
vt 0.036865 0.021484
vt 0.957520 0.802002
vt 0.968750 0.168457
vt 0.626709 0.962158
vt 0.908203 0.463135
vt 0.630615 0.147705
vt 0.901611 0.220215
vt 0.333984 0.961670
vt 0.561279 0.935303
vt 0.656006 0.922119
vt 0.483643 0.165527
vt 0.575684 0.926514
vt 0.733398 0.947998
vt 0.072510 0.325195
vt 0.232178 0.374756
vt 0.745361 0.012939
vt 0.564453 0.253662
vt 0.854492 0.908447
vt 0.114014 0.001221
vt 0.274414 0.662842
vt 0.739258 0.929443
vt 0.897217 0.793701
vt 0.847412 0.903076
vt 0.066650 0.207764
vt 0.690674 0.126709
vt 0.841797 0.898438
vt 0.069336 0.208984
vt 0.971680 0.329590
vt 0.360840 0.723389
vt 0.908691 0.786865
vt 0.271240 0.147949
vt 0.363770 0.722168
vt 0.910889 0.784668
vt 0.303955 0.941650
vt 0.913818 0.783691
vt 0.610596 0.425537
vt 0.712402 0.514648
vt 0.916016 0.781494
vt 0.832764 0.892578
vt 0.033936 0.349121
vt 0.036621 0.458008
vt 0.679199 0.753418
vt 0.696289 0.105957
vt 0.704834 0.514648
vt 0.713379 0.433594
vt 0.058350 0.714844
vt 0.064697 0.255859
vt 0.698486 0.105957
vt 0.061768 0.714355
vt 0.285156 0.247314
vt 0.965576 0.120605
vt 0.256836 0.578613
vt 0.316895 0.804688
vt 0.322266 0.583740
vt 0.944092 0.962646
vt 0.152344 0.883789
vt 0.556152 0.861572
vt 0.944092 0.624023
vt 0.982178 0.186523
vt 0.940430 0.813232
vt 0.951904 0.175781
vt 0.813965 0.381836
vt 0.903320 0.479248
vt 0.288330 0.608887
vt 0.606201 0.011475
vt 0.813965 0.369873
vt 0.893555 0.472656
vt 0.039307 0.021973
vt 0.278076 0.596924
vt 0.558105 0.917480
vt 0.092773 0.861816
vt 0.330078 0.916748
vt 0.419189 0.811279
vt 0.941162 0.380615
vt 0.635254 0.116211
vt 0.983643 0.807617
vt 0.095703 0.008789
vt 0.348389 0.979980
vt 0.143311 0.867432
vt 0.222168 0.407959
vt 0.396729 0.085205
vt 0.872559 0.272949
vt 0.077148 0.323730
vt 0.117188 0.004395
vt 0.231201 0.370117
vt 0.736328 0.934082
vt 0.237549 0.403809
vt 0.686035 0.126709
vt 0.846191 0.899902
vt 0.918945 0.044678
vt 0.234619 0.404541
vt 0.974854 0.328613
vt 0.836182 0.893066
vt 0.037109 0.013428
vt 0.550537 0.115723
vt 0.960938 0.827393
vt 0.675781 0.751465
vt 0.708984 0.515869
vt 0.051270 0.195068
vt 0.144043 0.464111
vt 0.701416 0.001465
vt 0.896240 0.924072
vt 0.971191 0.118164
vt 0.283691 0.218750
vt 0.518066 0.257568
vt 0.770508 0.484863
vt 0.780273 0.135742
vt 0.036865 0.622803
vt 0.279785 0.804688
vt 0.294189 0.579834
vt 0.262207 0.803467
vt 0.312012 0.581299
vt 0.068848 0.563721
vt 0.264648 0.917969
vt 0.360596 0.855957
vt 0.425537 0.918701
vt 0.615234 0.021484
vt 0.906982 0.473145
vt 0.483643 0.845947
vt 0.925049 0.463867
vt 0.437744 0.910156
vt 0.452881 0.836426
vt 0.609619 0.473389
vt 0.670410 0.025879
vt 0.972900 0.419434
vt 0.258057 0.093994
vt 0.568848 0.252686
vt 0.068604 0.202881
vt 0.265137 0.106445
vt 0.839844 0.893311
vt 0.967773 0.326172
vt 0.035156 0.012451
vt 0.548096 0.115234
vt 0.974365 0.276611
vt 0.962891 0.826416
vt 0.972900 0.276367
vt 0.911377 0.925537
vt 0.905518 0.924316
vt 0.097168 0.425537
vt 0.914307 0.926270
vt 0.908447 0.925049
vt 0.696533 0.003662
vt 0.901123 0.923584
vt 0.185303 0.571533
vt 0.386963 0.799316
vt 0.002441 0.621582
vt 0.129150 0.081787
vt 0.971924 0.968750
vt 0.101807 0.563965
vt 0.364746 0.744629
vt 0.937256 0.835693
vt 0.847412 0.187988
vt 0.897949 0.273438
vt 0.163818 0.305908
vt 0.812744 0.391113
vt 0.911621 0.483643
vt 0.946533 0.803223
vt 0.957764 0.166992
vt 0.524658 0.784912
vt 0.549316 0.872070
vt 0.957520 0.849609
vt 0.096191 0.882568
vt 0.605469 0.039307
vt 0.647217 0.143311
vt 0.900391 0.351807
vt 0.517334 0.092529
vt 0.773926 0.108643
vt 0.883545 0.307373
vt 0.968506 0.796631
vt 0.478271 0.175293
vt 0.737549 0.034668
vt 0.482910 0.175781
vt 0.566162 0.927002
vt 0.035400 0.342285
vt 0.048828 0.006104
vt 0.588623 0.027832
vt 0.028564 0.343506
vt 0.036621 0.449463
vt 0.052734 0.197266
vt 0.969482 0.115479
vt 0.920410 0.925781
vt 0.217285 0.608643
vt 0.635986 0.943604
vt 0.925537 0.820557
vt 0.109863 0.290039
vt 0.124268 0.354492
vt 0.642822 0.951172
vt 0.927490 0.810303
vt 0.930176 0.823242
vt 0.175781 0.295654
vt 0.548096 0.875244
vt 0.736816 0.096924
vt 0.040039 0.011963
vt 0.554688 0.927002
vt 0.969727 0.159424
vt 0.099365 0.902100
vt 0.487305 0.818604
vt 0.189941 0.950928
vt 0.177490 0.948975
vt 0.605713 0.471680
vt 0.977295 0.417236
vt 0.530029 0.286377
vt 0.926514 0.302002
vt 0.019043 0.279053
vt 0.334717 0.970703
vt 0.552734 0.934326
vt 0.020020 0.273926
vt 0.058594 0.038086
vt 0.357666 0.730713
vt 0.556641 0.931396
vt 0.572021 0.251709
vt 0.651855 0.907959
vt 0.057861 0.231201
vt 0.075684 0.319336
vt 0.114014 0.007812
vt 0.131836 0.418701
vt 0.132568 0.539551
vt 0.268066 0.661133
vt 0.890869 0.791992
vt 0.060059 0.231201
vt 0.072510 0.319336
vt 0.739990 0.010254
vt 0.035400 0.294434
vt 0.057129 0.718018
vt 0.067871 0.111084
vt 0.421875 0.166504
vt 0.602783 0.114014
vt 0.848877 0.896240
vt 0.919189 0.041260
vt 0.972656 0.323975
vt 0.260742 0.659912
vt 0.906494 0.780518
vt 0.969727 0.323486
vt 0.263672 0.658447
vt 0.270752 0.142090
vt 0.647461 0.002441
vt 0.908691 0.778320
vt 0.272949 0.142090
vt 0.645508 0.002197
vt 0.910156 0.778076
vt 0.835205 0.886963
vt 0.696289 0.100586
vt 0.704834 0.520264
vt 0.057129 0.709229
vt 0.698486 0.100586
vt 0.060303 0.708740
vt 0.964844 0.114502
vt 0.770752 0.489746
vt 0.781738 0.131104
vt 0.131836 0.564697
vt 0.918945 0.374756
vt 0.969727 0.919189
vt 0.905273 0.375244
vt 0.873291 0.200928
vt 0.892090 0.375244
vt 0.854736 0.187256
vt 0.616943 0.143555
vt 0.867676 0.187012
vt 0.013916 0.651855
vt 0.497803 0.178467
vt 0.514404 0.788086
vt 0.206543 0.954102
vt 0.890137 0.450928
vt 0.908936 0.085693
vt 0.306396 0.901367
vt 0.610107 0.037598
vt 0.078857 0.256592
vt 0.081055 0.436279
vt 0.136719 0.815674
vt 0.145020 0.882812
vt 0.225098 0.529785
vt 0.277588 0.133789
vt 0.701416 0.528809
vt 0.867432 0.286621
vt 0.398926 0.794189
vt 0.559570 0.252930
vt 0.400879 0.100098
vt 0.870605 0.287354
vt 0.541992 0.271240
vt 0.910156 0.300781
vt 0.003662 0.295898
vt 0.134521 0.864746
vt 0.898193 0.518555
vt 0.014893 0.277588
vt 0.054932 0.043213
vt 0.389893 0.923828
vt 0.972900 0.038574
vt 0.270996 0.657227
vt 0.893555 0.788086
vt 0.094971 0.587646
vt 0.258057 0.083984
vt 0.564453 0.243164
vt 0.853027 0.897949
vt 0.274414 0.654297
vt 0.896973 0.784912
vt 0.900391 0.781982
vt 0.234619 0.398438
vt 0.917236 0.040283
vt 0.975830 0.322998
vt 0.234375 0.936279
vt 0.607666 0.417969
vt 0.911621 0.774658
vt 0.837158 0.886475
vt 0.551025 0.110107
vt 0.960449 0.820557
vt 0.024658 0.458984
vt 0.485596 0.235352
vt 0.935547 0.926025
vt 0.931152 0.925049
vt 0.926758 0.924072
vt 0.066406 0.117432
vt 0.281494 0.223389
vt 0.778564 0.129639
vt 0.067871 0.116699
vt 0.283691 0.223633
vt 0.516357 0.251709
vt 0.514893 0.252197
vt 0.769043 0.490723
vt 0.163086 0.565918
vt 0.013184 0.616699
vt 0.132568 0.070557
vt 0.263672 0.526123
vt 0.459473 0.168457
vt 0.697754 0.884766
vt 0.912598 0.048340
vt 0.935791 0.979004
vt 0.129395 0.361816
vt 0.635010 0.471680
vt 0.639160 0.942627
vt 0.948242 0.795654
vt 0.115723 0.297607
vt 0.510010 0.860352
vt 0.930908 0.802002
vt 0.941895 0.165283
vt 0.499512 0.849121
vt 0.921387 0.479492
vt 0.551758 0.925781
vt 0.633545 0.941895
vt 0.891357 0.458496
vt 0.905762 0.092529
vt 0.006348 0.649902
vt 0.077148 0.000977
vt 0.500000 0.169922
vt 0.913330 0.205566
vt 0.770508 0.119141
vt 0.968262 0.806641
vt 0.232910 0.413086
vt 0.408447 0.085205
vt 0.880371 0.272461
vt 0.961426 0.645508
vt 0.001221 0.296631
vt 0.898193 0.515137
vt 0.940430 0.301025
vt 0.053711 0.038086
vt 0.352539 0.729736
vt 0.385010 0.920898
vt 0.900146 0.572021
vt 0.355957 0.723877
vt 0.482666 0.181396
vt 0.560791 0.925537
vt 0.095703 0.590820
vt 0.260498 0.085938
vt 0.567627 0.244385
vt 0.649902 0.900146
vt 0.035400 0.338135
vt 0.569092 0.107910
vt 0.587158 0.024414
vt 0.048828 0.000977
vt 0.261719 0.277588
vt 0.588867 0.023193
vt 0.033936 0.338135
vt 0.662842 0.982178
vt 0.032471 0.337891
vt 0.050781 0.001221
vt 0.263672 0.276611
vt 0.306885 0.196777
vt 0.546631 0.110352
vt 0.974365 0.270752
vt 0.963867 0.820312
vt 0.971436 0.270752
vt 0.235596 0.933105
vt 0.272949 0.546631
vt 0.473389 0.608887
vt 0.610596 0.416504
vt 0.711182 0.522705
vt 0.021484 0.460938
vt 0.482666 0.238281
vt 0.938721 0.925293
vt 0.422607 0.004639
vt 0.493408 0.638916
vt 0.568604 0.140137
vt 0.941650 0.925781
vt 0.321777 0.574219
vt 0.942627 0.952881
vt 0.033936 0.002197
vt 0.352783 0.016846
vt 0.954346 0.307129
vt 0.352783 0.030273
vt 0.900391 0.200684
vt 0.942383 0.308350
vt 0.634277 0.935059
vt 0.923828 0.828857
vt 0.373047 0.743896
vt 0.928467 0.831543
vt 0.958740 0.157959
vt 0.227295 0.554932
vt 0.287598 0.597168
vt 0.548828 0.914307
vt 0.615234 0.002197
vt 0.892822 0.466064
vt 0.024658 0.650391
vt 0.514404 0.798828
vt 0.231201 0.552979
vt 0.630615 0.943115
vt 0.893555 0.461426
vt 0.345703 0.140381
vt 0.503662 0.178955
vt 0.519531 0.785889
vt 0.682861 0.497559
vt 0.764893 0.100342
vt 0.875244 0.297119
vt 0.085938 0.002197
vt 0.345215 0.993164
vt 0.517334 0.078613
vt 0.890625 0.296387
vt 0.958496 0.670654
vt 0.883301 0.284668
vt 0.959229 0.657959
vt 0.352539 0.723633
vt 0.479492 0.181885
vt 0.730957 0.038574
vt 0.903809 0.566895
vt 0.668213 0.921143
vt 0.975830 0.634277
vt 0.057861 0.237549
vt 0.134033 0.424561
vt 0.226562 0.255127
vt 0.734863 0.014648
vt 0.094971 0.599854
vt 0.482178 0.589355
vt 0.656250 0.906250
vt 0.096924 0.592773
vt 0.272949 0.083252
vt 0.482178 0.581787
vt 0.424805 0.162109
vt 0.602783 0.107666
vt 0.035400 0.287598
vt 0.422363 0.160645
vt 0.262451 0.099121
vt 0.841797 0.885742
vt 0.436279 0.876465
vt 0.831299 0.879150
vt 0.431885 0.876221
vt 0.490723 0.641357
vt 0.572021 0.139160
vt 0.002686 0.210449
vt 0.433350 0.876221
vt 0.128662 0.610840
vt 0.887939 0.803955
vt 0.022217 0.000977
vt 0.037109 0.358643
vt 0.352783 0.003418
vt 0.945557 0.918457
vt 0.261963 0.891602
vt 0.710693 0.433594
vt 0.979004 0.269287
vt 0.115723 0.288086
vt 0.290283 0.552734
vt 0.501221 0.857422
vt 0.162842 0.296143
vt 0.508789 0.851562
vt 0.918945 0.488770
vt 0.101074 0.920654
vt 0.276123 0.852783
vt 0.466064 0.814697
vt 0.827881 0.974365
vt 0.991455 0.872803
vt 0.346924 0.140137
vt 0.684326 0.498047
vt 0.950439 0.619873
vt 0.092529 0.467529
vt 0.345703 0.130615
vt 0.505615 0.170410
vt 0.634521 0.140625
vt 0.773926 0.144775
vt 0.888672 0.343018
vt 0.983643 0.829346
vt 0.020020 0.289795
vt 0.334717 0.981934
vt 0.966309 0.027588
vt 0.731445 0.027344
vt 0.910645 0.558350
vt 0.004639 0.124268
vt 0.126465 0.539551
vt 0.131836 0.425537
vt 0.224609 0.254395
vt 0.256592 0.008057
vt 0.272949 0.077637
vt 0.488281 0.580811
vt 0.052246 0.713379
vt 0.604980 0.107666
vt 0.032959 0.288086
vt 0.067871 0.104248
vt 0.593506 0.208496
vt 0.054199 0.712402
vt 0.066406 0.104980
vt 0.212891 0.945068
vt 0.592773 0.209717
vt 0.265137 0.097168
vt 0.968018 0.317139
vt 0.111084 0.001465
vt 0.836182 0.880371
vt 0.700928 0.011719
vt 0.971191 0.107666
vt 0.910156 0.916260
vt 0.006104 0.115723
vt 0.696045 0.012451
vt 0.904297 0.915039
vt 0.966797 0.338379
vt 0.252930 0.541260
vt 0.772461 0.495850
vt 0.781738 0.125244
vt 0.067871 0.121826
vt 0.518066 0.246582
vt 0.777100 0.125244
vt 0.187500 0.604248
vt 0.887939 0.745117
vt 0.113770 0.609375
vt 0.887695 0.817139
vt 0.960449 0.955566
vt 0.452393 0.175781
vt 0.696533 0.875000
vt 0.801758 0.398193
vt 0.638428 0.935303
vt 0.940918 0.794678
vt 0.115234 0.281982
vt 0.124268 0.363770
vt 0.283936 0.553955
vt 0.639893 0.469482
vt 0.267090 0.872314
vt 0.975586 0.892578
vt 0.047607 0.999023
vt 0.295898 0.548828
vt 0.508057 0.855225
vt 0.068359 0.800293
vt 0.224121 0.985107
vt 0.321289 0.001709
vt 0.364746 0.732910
vt 0.525879 0.805420
vt 0.936279 0.844971
vt 0.666016 0.024658
vt 0.883545 0.645996
vt 0.928955 0.845947
vt 0.488281 0.641113
vt 0.493896 0.910400
vt 0.519531 0.798096
vt 0.682861 0.509766
vt 0.091064 0.467529
vt 0.346924 0.130615
vt 0.941650 0.621338
vt 0.091064 0.458740
vt 0.467041 0.609131
vt 0.943359 0.612061
vt 0.001465 0.129395
vt 0.031006 0.721436
vt 0.224609 0.260498
vt 0.730957 0.019287
vt 0.915283 0.552002
vt 0.259521 0.015625
vt 0.488770 0.589844
vt 0.100098 0.588379
vt 0.267822 0.081055
vt 0.454834 0.645996
vt 0.856445 0.893311
vt 0.035156 0.283203
vt 0.423096 0.157227
vt 0.593506 0.203125
vt 0.851807 0.889648
vt 0.919434 0.034180
vt 0.915283 0.034180
vt 0.974121 0.316650
vt 0.971191 0.316162
vt 0.108643 0.002197
vt 0.838379 0.880127
vt 0.059570 0.701172
vt 0.965088 0.106934
vt 0.914795 0.915771
vt 0.511963 0.246826
vt 0.524170 0.259033
vt 0.769043 0.497070
vt 0.514648 0.246094
vt 0.123291 0.073730
vt 0.975098 0.958984
vt 0.452393 0.154541
vt 0.652100 0.844482
vt 0.797363 0.378662
vt 0.921631 0.968262
vt 0.517578 0.853516
vt 0.945801 0.155762
vt 0.481934 0.641602
vt 0.658447 0.025391
vt 0.886230 0.640381
vt 0.032471 0.647705
vt 0.885254 0.258789
vt 0.544189 0.001953
vt 0.684326 0.510254
vt 0.195312 0.251221
vt 0.953369 0.612549
vt 0.071777 0.007812
vt 0.631348 0.130615
vt 0.904053 0.203125
vt 0.470703 0.904053
vt 0.069824 0.005615
vt 0.089355 0.479492
vt 0.092529 0.588867
vt 0.497803 0.160889
vt 0.449463 0.900146
vt 0.673828 0.011230
vt 0.068359 0.922607
vt 0.407959 0.789551
vt 0.561279 0.240479
vt 0.103760 0.275879
vt 0.676025 0.924316
vt 0.974365 0.642334
vt 0.101807 0.270020
vt 0.672363 0.919678
vt 0.121582 0.001221
vt 0.134033 0.265137
vt 0.482178 0.600586
vt 0.666016 0.911621
vt 0.001465 0.123047
vt 0.035645 0.716553
vt 0.003418 0.115479
vt 0.041992 0.712158
vt 0.128418 0.530762
vt 0.889404 0.781738
vt 0.426758 0.157227
vt 0.602783 0.101318
vt 0.178223 0.079346
vt 0.258301 0.002686
vt 0.267578 0.077148
vt 0.459473 0.645752
vt 0.045654 0.709229
vt 0.892822 0.778809
vt 0.032471 0.283691
vt 0.033936 0.332275
vt 0.569092 0.101807
vt 0.661865 0.976807
vt 0.032471 0.332031
vt 0.304932 0.201172
vt 0.659912 0.977783
vt 0.261719 0.271729
vt 0.306885 0.202148
vt 0.343506 0.007812
vt 0.572021 0.101074
vt 0.587158 0.016846
vt 0.897461 0.775146
vt 0.917480 0.033203
vt 0.225586 0.932129
vt 0.902832 0.772461
vt 0.260742 0.650879
vt 0.645508 0.010742
vt 0.904053 0.771484
vt 0.229248 0.930908
vt 0.906738 0.770020
vt 0.108398 0.003174
vt 0.552002 0.102295
vt 0.839355 0.878906
vt 0.960449 0.812500
vt 0.054688 0.700439
vt 0.237549 0.924561
vt 0.478027 0.602783
vt 0.696289 0.092285
vt 0.704834 0.528809
vt 0.955078 0.342285
vt 0.156006 0.604492
vt 0.884521 0.776367
vt 0.144043 0.605713
vt 0.884277 0.788574
vt 0.055420 0.232910
vt 0.131104 0.939453
vt 0.205811 0.560059
vt 0.831299 0.937744
vt 0.088379 0.608643
vt 0.885010 0.841797
vt 0.915771 0.692139
vt 0.276123 0.554932
vt 0.635010 0.463135
vt 0.941162 0.790283
vt 0.536621 0.869141
vt 0.537842 0.784912
vt 0.175781 0.283691
vt 0.537109 0.872070
vt 0.309814 0.177002
vt 0.467041 0.598145
vt 0.941162 0.601807
vt 0.445557 0.898926
vt 0.610596 0.458740
vt 0.912598 0.045898
vt 0.610352 0.058838
vt 0.887939 0.363770
vt 0.442383 0.806885
vt 0.747070 0.903564
vt 0.759033 0.109375
vt 0.869629 0.304688
vt 0.066162 0.934082
vt 0.416016 0.791504
vt 0.081543 0.268311
vt 0.092285 0.429443
vt 0.100098 0.228271
vt 0.111084 0.605957
vt 0.136719 0.794189
vt 0.214600 0.543701
vt 0.522461 0.279785
vt 0.546143 0.194824
vt 0.673828 0.751953
vt 0.921875 0.317139
vt 0.101807 0.288330
vt 0.952881 0.011230
vt 0.970703 0.654541
vt 0.106689 0.274170
vt 0.677490 0.923096
vt 0.130127 0.262695
vt 0.265869 0.024658
vt 0.487061 0.601318
vt 0.213867 0.938965
vt 0.590088 0.204834
vt 0.050293 0.704346
vt 0.219238 0.934570
vt 0.421387 0.152100
vt 0.591064 0.197510
vt 0.896484 0.773438
vt 0.965088 0.812744
vt 0.969971 0.263672
vt 0.485596 0.243652
vt 0.922607 0.700439
vt 0.940186 0.917969
vt 0.128662 0.061523
vt 0.541260 0.897217
vt 0.667480 0.833008
vt 0.944092 0.666016
vt 0.955322 0.214355
vt 0.247314 0.459961
vt 0.493408 0.733887
vt 0.507324 0.730713
vt 0.568115 0.208252
vt 0.635010 0.924561
vt 0.924805 0.837646
vt 0.372070 0.733398
vt 0.564453 0.205811
vt 0.929443 0.840332
vt 0.055420 0.997070
vt 0.514160 0.850342
vt 0.543457 0.932861
vt 0.968262 0.146729
vt 0.530273 0.201660
vt 0.542969 0.929932
vt 0.200439 0.243164
vt 0.563965 0.078613
vt 0.652832 0.427734
vt 0.950439 0.600098
vt 0.455322 0.812012
vt 0.746826 0.919678
vt 0.073242 0.872314
vt 0.308105 0.921875
vt 0.613525 0.058838
vt 0.066162 0.946045
vt 0.426270 0.795410
vt 0.004639 0.310059
vt 0.103271 0.239014
vt 0.131348 0.878418
vt 0.507080 0.612061
vt 0.333984 0.994385
vt 0.961914 0.016602
vt 0.969482 0.666260
vt 0.390869 0.938965
vt 0.973389 0.025879
vt 0.121338 0.006104
vt 0.670898 0.913086
vt 0.034180 0.713379
vt 0.918945 0.543945
vt 0.046631 0.709717
vt 0.606934 0.101318
vt 0.276367 0.001465
vt 0.544922 0.102295
vt 0.845215 0.878662
vt 0.972900 0.262207
vt 0.233154 0.925049
vt 0.268799 0.554199
vt 0.473389 0.599854
vt 0.003174 0.216797
vt 0.422607 0.013916
vt 0.430420 0.868896
vt 0.493408 0.647461
vt 0.918701 0.702393
vt 0.000977 0.216553
vt 0.431885 0.868896
vt 0.425537 0.012695
vt 0.921631 0.701172
vt 0.941895 0.916748
vt 0.003174 0.286377
vt 0.095703 0.201172
vt 0.254639 0.476318
vt 0.271240 0.517334
vt 0.513428 0.593506
vt 0.923096 0.912598
vt 0.517822 0.240479
vt 0.775635 0.119385
vt 0.053955 0.606689
vt 0.915771 0.727051
vt 0.019043 0.058594
vt 0.320801 0.565430
vt 0.590576 0.187988
vt 0.946777 0.944824
vt 0.114014 0.167480
vt 0.212402 0.721436
vt 0.315674 0.808838
vt 0.887939 0.667480
vt 0.928955 0.867188
vt 0.033203 0.642822
vt 0.515869 0.807861
vt 0.538818 0.010498
vt 0.685791 0.519531
vt 0.883545 0.253662
vt 0.959229 0.147705
vt 0.084961 0.476318
vt 0.086914 0.589355
vt 0.595215 0.067871
vt 0.473389 0.820557
vt 0.747070 0.941406
vt 0.602295 0.079834
vt 0.867432 0.374268
vt 0.078857 0.272949
vt 0.141846 0.901855
vt 0.676025 0.516602
vt 0.081787 0.271973
vt 0.095703 0.427246
vt 0.673584 0.515137
vt 0.461914 0.931885
vt 0.677246 0.917725
vt 0.297607 0.916748
vt 0.346924 0.248291
vt 0.370850 0.921143
vt 0.901123 0.557617
vt 0.043457 0.705811
vt 0.212891 0.554932
vt 0.428711 0.152100
vt 0.429932 0.075928
vt 0.602783 0.094971
vt 0.050537 0.705566
vt 0.210449 0.937988
vt 0.455078 0.639893
vt 0.858643 0.887939
vt 0.180420 0.084229
vt 0.457764 0.640625
vt 0.915283 0.028320
vt 0.973633 0.310791
vt 0.970703 0.310303
vt 0.262451 0.090088
vt 0.275146 0.003174
vt 0.847168 0.878418
vt 0.967773 0.309814
vt 0.436279 0.867432
vt 0.836670 0.872070
vt 0.931396 0.702881
vt 0.933594 0.913330
vt 0.195801 0.057129
vt 0.250732 0.534668
vt 0.781738 0.117920
vt 0.252930 0.534180
vt 0.450195 0.163330
vt 0.520264 0.254395
vt 0.769287 0.502686
vt 0.514648 0.239990
vt 0.524170 0.251465
vt 0.046875 0.220459
vt 0.191162 0.555176
vt 0.845459 0.942383
vt 0.111084 0.925781
vt 0.231689 0.557373
vt 0.372314 0.163086
vt 0.873047 0.690918
vt 0.955811 0.671875
vt 0.248291 0.639404
vt 0.276123 0.560791
vt 0.936279 0.705566
vt 0.128418 0.168213
vt 0.213623 0.707275
vt 0.317627 0.823730
vt 0.249756 0.590332
vt 0.698486 0.864502
vt 0.795898 0.407471
vt 0.240723 0.918945
vt 0.251221 0.458740
vt 0.365479 0.883545
vt 0.510254 0.733887
vt 0.710693 0.474854
vt 0.639160 0.924805
vt 0.931396 0.791016
vt 0.848633 0.168945
vt 0.894043 0.255127
vt 0.092773 0.816650
vt 0.540771 0.010742
vt 0.687500 0.518555
vt 0.797607 0.689209
vt 0.200439 0.259033
vt 0.652832 0.447021
vt 0.692139 0.506348
vt 0.797607 0.672119
vt 0.948730 0.783936
vt 0.960449 0.616943
vt 0.071533 0.018311
vt 0.621338 0.127197
vt 0.866455 0.170166
vt 0.083496 0.473389
vt 0.510986 0.953857
vt 0.591797 0.069092
vt 0.151123 0.948730
vt 0.486084 0.826172
vt 0.748291 0.955811
vt 0.960205 0.336426
vt 0.083496 0.464355
vt 0.458496 0.610596
vt 0.515869 0.945068
vt 0.760742 0.138916
vt 0.874756 0.334229
vt 0.276855 0.151855
vt 0.856445 0.296143
vt 0.001221 0.311768
vt 0.940430 0.316406
vt 0.385986 0.936768
vt 0.125000 0.006104
vt 0.134033 0.259033
vt 0.271240 0.026123
vt 0.673584 0.910889
vt 0.044189 0.217285
vt 0.066406 0.713867
vt 0.110352 0.115723
vt 0.590576 0.391602
vt 0.738037 0.160400
vt 0.018066 0.013916
vt 0.030518 0.279053
vt 0.660156 0.499512
vt 0.660645 0.971436
vt 0.032471 0.278076
vt 0.227051 0.007812
vt 0.569092 0.094971
vt 0.661377 0.498535
vt 0.857178 0.884766
vt 0.921875 0.028564
vt 0.225098 0.273926
vt 0.304932 0.206543
vt 0.343750 0.001709
vt 0.657471 0.972412
vt 0.221924 0.274414
vt 0.271484 0.189941
vt 0.340820 0.001709
vt 0.573486 0.094482
vt 0.917480 0.027100
vt 0.098145 0.596924
vt 0.160400 0.545898
vt 0.183350 0.069336
vt 0.400391 0.016846
vt 0.227539 0.924805
vt 0.272949 0.558105
vt 0.111084 0.009277
vt 0.840088 0.872559
vt 0.959961 0.805908
vt 0.003174 0.291504
vt 0.093506 0.205811
vt 0.257568 0.480957
vt 0.001465 0.290283
vt 0.255859 0.480957
vt 0.282471 0.168701
vt 0.638428 0.418701
vt 0.114258 0.365234
vt 0.674561 0.184326
vt 0.131836 0.349609
vt 0.743896 0.578369
vt 0.217529 0.384277
vt 0.509766 0.614502
vt 0.640869 0.834961
vt 0.790283 0.391113
vt 0.002686 0.541016
vt 0.231689 0.840088
vt 0.813477 0.344971
vt 0.068115 0.820312
vt 0.255859 0.732422
vt 0.323730 0.021973
vt 0.523193 0.845215
vt 0.949707 0.145752
vt 0.161865 0.284424
vt 0.512451 0.840820
vt 0.550537 0.166504
vt 0.077148 0.025391
vt 0.858398 0.169434
vt 0.069580 0.018066
vt 0.092529 0.601074
vt 0.579590 0.139893
vt 0.565430 0.070068
vt 0.951172 0.591064
vt 0.309326 0.163574
vt 0.944092 0.588623
vt 0.172119 0.965576
vt 0.605713 0.454102
vt 0.906250 0.047363
vt 0.074707 0.894531
vt 0.606445 0.080566
vt 0.147949 0.051025
vt 0.527344 0.265869
vt 0.664307 0.758057
vt 0.674072 0.046875
vt 0.543457 0.248291
vt 0.038574 0.706299
vt 0.434814 0.075684
vt 0.213379 0.932617
vt 0.181396 0.065186
vt 0.402588 0.012451
vt 0.219971 0.927490
vt 0.897705 0.767090
vt 0.161865 0.541260
vt 0.401123 0.012451
vt 0.004395 0.374756
vt 0.018799 0.089355
vt 0.972900 0.499512
vt 0.001953 0.105469
vt 0.963867 0.327881
vt 0.095703 0.206543
vt 0.255127 0.254395
vt 0.268555 0.521729
vt 0.254150 0.481689
vt 0.511963 0.588379
vt 0.270508 0.522217
vt 0.513428 0.588867
vt 0.216064 0.730957
vt 0.298828 0.559570
vt 0.707764 0.181885
vt 0.018799 0.444092
vt 0.131104 0.360107
vt 0.286865 0.169189
vt 0.113770 0.369629
vt 0.218506 0.395020
vt 0.504150 0.693848
vt 0.026123 0.444092
vt 0.131592 0.354004
vt 0.218506 0.388428
vt 0.496826 0.693848
vt 0.142334 0.168213
vt 0.217773 0.693848
vt 0.166504 0.856934
vt 0.680664 0.797119
vt 0.955322 0.176758
vt 0.933350 0.785156
vt 0.041748 0.642578
vt 0.089355 0.795410
vt 0.240479 0.970459
vt 0.336670 0.254395
vt 0.537109 0.806396
vt 0.063232 0.658447
vt 0.076172 0.026123
vt 0.574951 0.149658
vt 0.858643 0.167969
vt 0.140381 0.951172
vt 0.496826 0.829102
vt 0.050781 0.185059
vt 0.592041 0.101318
vt 0.844482 0.380859
vt 0.309326 0.160400
vt 0.946045 0.585938
vt 0.080078 0.346924
vt 0.272705 0.151367
vt 0.366943 0.166504
vt 0.368408 0.056396
vt 0.691650 0.516113
vt 0.087402 0.421387
vt 0.675049 0.506348
vt 0.103271 0.257568
vt 0.132812 0.895752
vt 0.678467 0.506348
vt 0.109375 0.286377
vt 0.457031 0.947510
vt 0.688965 0.926514
vt 0.952881 0.001709
vt 0.271240 0.015381
vt 0.669189 0.901123
vt 0.590576 0.384521
vt 0.737061 0.153809
vt 0.042725 0.704102
vt 0.217285 0.550049
vt 0.608887 0.094971
vt 0.052734 0.008545
vt 0.055420 0.330078
vt 0.232910 0.004395
vt 0.454834 0.635254
vt 0.863281 0.886230
vt 0.052490 0.330078
vt 0.178223 0.089355
vt 0.267578 0.001465
vt 0.457520 0.635986
vt 0.065186 0.470459
vt 0.182373 0.064209
vt 0.403076 0.012207
vt 0.098633 0.600830
vt 0.183350 0.065186
vt 0.097168 0.600342
vt 0.159668 0.541748
vt 0.492676 0.248291
vt 0.961426 0.493896
vt 0.965088 0.804688
vt 0.967041 0.256592
vt 0.061768 0.689453
vt 0.701416 0.023193
vt 0.956787 0.330566
vt 0.969727 0.095947
vt 0.506836 0.585205
vt 0.921631 0.706787
vt 0.924805 0.707031
vt 0.940186 0.910400
vt 0.923584 0.706543
vt 0.941650 0.910645
vt 0.006104 0.100830
vt 0.055420 0.123291
vt 0.193359 0.053467
vt 0.781738 0.113525
vt 0.915527 0.905029
vt 0.517578 0.234375
vt 0.676270 0.107910
vt 0.774170 0.113281
vt 0.922852 0.906494
vt 0.173584 0.549561
vt 0.348877 0.578857
vt 0.862793 0.943115
vt 0.262207 0.647461
vt 0.291748 0.556885
vt 0.699463 0.181396
vt 0.034668 0.601562
vt 0.132568 0.043945
vt 0.915283 0.747314
vt 0.222412 0.733887
vt 0.306396 0.558594
vt 0.582520 0.174561
vt 0.516602 0.155029
vt 0.656250 0.821533
vt 0.018066 0.538574
vt 0.815186 0.360352
vt 0.884521 0.848145
vt 0.018066 0.538574
vt 0.815186 0.360352
vt 0.884521 0.848145
vt 0.064697 0.993652
vt 0.518311 0.842529
vt 0.206787 0.976807
vt 0.300781 0.004883
vt 0.931152 0.128418
vt 0.047607 0.968506
vt 0.154541 0.966797
vt 0.276123 0.525879
vt 0.948242 0.762695
vt 0.227295 0.536133
vt 0.524414 0.206055
vt 0.535156 0.926514
vt 0.894043 0.085938
vt 0.229736 0.534668
vt 0.626709 0.925049
vt 0.894531 0.082764
vt 0.197510 0.971191
vt 0.896484 0.076904
vt 0.184814 0.970703
vt 0.900635 0.061523
vt 0.566162 0.063477
vt 0.956055 0.586182
vt 0.299805 0.177246
vt 0.326172 0.723145
vt 0.458496 0.598145
vt 0.518066 0.932861
vt 0.586914 0.092529
vt 0.043701 0.210693
vt 0.739502 0.154053
vt 0.066650 0.707520
vt 0.588623 0.385986
vt 0.701416 0.040039
vt 0.055420 0.336182
vt 0.055420 0.013916
vt 0.065918 0.602783
vt 0.271240 0.006836
vt 0.664551 0.893311
vt 0.180420 0.059814
vt 0.403809 0.007568
vt 0.004639 0.370361
vt 0.018066 0.085449
vt 0.161865 0.535889
vt 0.400879 0.007324
vt 0.019531 0.085205
vt 0.971924 0.495361
vt 0.277588 0.009033
vt 0.972900 0.255371
vt 0.971436 0.255127
vt 0.093506 0.211182
vt 0.191162 0.274170
vt 0.215088 0.267090
vt 0.255127 0.259033
vt 0.259033 0.485840
vt 0.436279 0.861572
vt 0.840088 0.867432
vt 0.236328 0.913330
vt 0.952148 0.331543
vt 0.189697 0.274414
vt 0.255859 0.258057
vt 0.266602 0.525879
vt 0.023682 0.286133
vt 0.255615 0.485840
vt 0.254395 0.485352
vt 0.511475 0.585205
vt 0.051758 0.123535
vt 0.195801 0.050781
vt 0.251221 0.529053
vt 0.396240 0.723633
vt 0.446045 0.159180
vt 0.063721 0.007324
vt 0.263672 0.335938
vt 0.289795 0.032471
vt 0.390381 0.724121
vt 0.450195 0.155029
vt 0.514404 0.233643
vt 0.521973 0.245850
vt 0.679932 0.110352
vt 0.161621 0.547852
vt 0.360352 0.582520
vt 0.780029 0.905762
vt 0.021484 0.051270
vt 0.049805 0.232910
vt 0.918945 0.394287
vt 0.952148 0.938477
vt 0.969727 0.899658
vt 0.116455 0.062988
vt 0.272217 0.328369
vt 0.977539 0.947021
vt 0.168945 0.376709
vt 0.454834 0.093018
vt 0.438965 0.595459
vt 0.486816 0.253662
vt 0.190186 0.279541
vt 0.628662 0.916260
vt 0.606934 0.015869
vt 0.880859 0.845459
vt 0.894287 0.687500
vt 0.928955 0.887939
vt 0.343750 0.251465
vt 0.373047 0.722656
vt 0.537354 0.812500
vt 0.565918 0.196045
vt 0.541992 0.021484
vt 0.848877 0.163086
vt 0.894287 0.249023
vt 0.092285 0.807129
vt 0.804688 0.684570
vt 0.957031 0.795654
vt 0.246094 0.012695
vt 0.265137 0.138672
vt 0.322266 0.733887
vt 0.148926 0.309814
vt 0.248779 0.013916
vt 0.262207 0.137451
vt 0.707764 0.084717
vt 0.501221 0.957520
vt 0.593750 0.077393
vt 0.063232 0.646729
vt 0.086182 0.601318
vt 0.574951 0.137207
vt 0.595215 0.077637
vt 0.154297 0.309814
vt 0.265137 0.132812
vt 0.316406 0.733154
vt 0.957520 0.627441
vt 0.268311 0.135742
vt 0.309814 0.152344
vt 0.952637 0.580566
vt 0.856934 0.366455
vt 0.074219 0.336914
vt 0.092773 0.219971
vt 0.225098 0.553467
vt 0.689697 0.153320
vt 0.701416 0.504639
vt 0.100342 0.597412
vt 0.478027 0.704590
vt 0.546143 0.208252
vt 0.117188 0.474854
vt 0.476807 0.703613
vt 0.547363 0.207275
vt 0.921143 0.329834
vt 0.391602 0.951660
vt 0.974365 0.015381
vt 0.045898 0.210449
vt 0.108154 0.108398
vt 0.063965 0.707031
vt 0.109619 0.108887
vt 0.042480 0.207520
vt 0.739990 0.149658
vt 0.211182 0.730713
vt 0.264160 0.642822
vt 0.589844 0.378418
vt 0.701416 0.032471
vt 0.737061 0.148438
vt 0.055420 0.007812
vt 0.066406 0.596924
vt 0.018555 0.006348
vt 0.053955 0.001953
vt 0.065918 0.591797
vt 0.227051 0.001465
vt 0.239990 0.058105
vt 0.660156 0.492188
vt 0.017334 0.007324
vt 0.658691 0.965088
vt 0.221924 0.268311
vt 0.271484 0.195801
vt 0.655518 0.965820
vt 0.067871 0.475342
vt 0.132568 0.516602
vt 0.405518 0.007568
vt 0.274414 0.195068
vt 0.634277 0.146484
vt 0.652832 0.965820
vt 0.730713 0.786377
vt 0.771973 0.448486
vt 0.917725 0.021240
vt 0.128174 0.515869
vt 0.217041 0.924805
vt 0.403076 0.002930
vt 0.460938 0.166504
vt 0.915771 0.021240
vt 0.973389 0.303467
vt 0.002441 0.370361
vt 0.298584 0.898926
vt 0.974365 0.495361
vt 0.274170 0.010254
vt 0.913330 0.020020
vt 0.970459 0.302979
vt 0.223389 0.920654
vt 0.269775 0.526855
vt 0.513428 0.584229
vt 0.066406 0.010742
vt 0.263672 0.340332
vt 0.275879 0.582031
vt 0.299805 0.149170
vt 0.955078 0.327881
vt 0.015381 0.512695
vt 0.261475 0.336182
vt 0.287354 0.031982
vt 0.303711 0.151123
vt 0.013916 0.507568
vt 0.063721 0.001709
vt 0.289795 0.027832
vt 0.372070 0.080322
vt 0.871582 0.800781
vt 0.019043 0.047363
vt 0.049805 0.228516
vt 0.492188 0.675781
vt 0.590332 0.175537
vt 0.050781 0.230225
vt 0.134766 0.275879
vt 0.493408 0.676758
vt 0.921875 0.395752
vt 0.454102 0.099854
vt 0.343506 0.043701
vt 0.439941 0.602295
vt 0.110596 0.048340
vt 0.168945 0.382080
vt 0.299072 0.236816
vt 0.487793 0.248047
vt 0.066406 0.538330
vt 0.819092 0.405029
vt 0.037842 0.536621
vt 0.817627 0.379395
vt 0.526367 0.713867
vt 0.619629 0.918701
vt 0.570557 0.196533
vt 0.637695 0.911865
vt 0.671875 0.462646
vt 0.103271 0.817139
vt 0.544189 0.020752
vt 0.849365 0.160889
vt 0.258301 0.840332
vt 0.731934 0.041992
vt 0.815430 0.956543
vt 0.975586 0.861572
vt 0.058838 0.654785
vt 0.493408 0.963623
vt 0.593262 0.087891
vt 0.858887 0.162598
vt 0.172119 0.273193
vt 0.525146 0.873779
vt 0.564209 0.159912
vt 0.267578 0.602783
vt 0.533203 0.934326
vt 0.587402 0.030762
vt 0.968750 0.136963
vt 0.530273 0.209717
vt 0.532715 0.931396
vt 0.046875 0.185059
vt 0.073242 0.919434
vt 0.487305 0.790771
vt 0.595947 0.103271
vt 0.716797 0.058838
vt 0.827881 0.939697
vt 0.081055 0.415527
vt 0.155762 0.806885
vt 0.674805 0.498291
vt 0.111084 0.587158
vt 0.116943 0.456787
vt 0.155029 0.805420
vt 0.478027 0.685059
vt 0.673584 0.497559
vt 0.096680 0.250732
vt 0.117188 0.453613
vt 0.507080 0.600830
vt 0.676758 0.497559
vt 0.068848 0.482666
vt 0.968262 0.008545
vt 0.461914 0.946045
vt 0.690674 0.921387
vt 0.336914 0.240967
vt 0.373535 0.933838
vt 0.065430 0.475830
vt 0.097168 0.605957
vt 0.183350 0.058838
vt 0.490234 0.242188
vt 0.568848 0.297607
vt 0.157715 0.536621
vt 0.493408 0.242920
vt 0.161865 0.530518
vt 0.400391 0.002197
vt 0.459473 0.163574
vt 0.231445 0.913574
vt 0.478027 0.589355
vt 0.000977 0.226562
vt 0.024658 0.289795
vt 0.255615 0.489990
vt 0.430420 0.858398
vt 0.509521 0.581543
vt 0.920166 0.710693
vt 0.261475 0.340820
vt 0.301758 0.148438
vt 0.014160 0.512939
vt 0.374512 0.085449
vt 0.066406 0.005127
vt 0.373047 0.084717
vt 0.950439 0.328857
vt 0.130615 0.542480
vt 0.790039 0.878906
vt 0.219727 0.587158
vt 0.590332 0.842285
vt 0.801758 0.440430
vt 0.100830 0.538818
vt 0.798584 0.854004
vt 0.821533 0.436768
vt 0.186279 0.281494
vt 0.240723 0.885742
vt 0.630615 0.920166
vt 0.773682 0.005615
vt 0.971924 0.292725
vt 0.249268 0.860596
vt 0.751709 0.025635
vt 0.030762 0.597168
vt 0.492432 0.961914
vt 0.858154 0.160645
vt 0.493408 0.662842
vt 0.502197 0.889648
vt 0.654053 0.001953
vt 0.767334 0.090576
vt 0.580811 0.030029
vt 0.961182 0.137451
vt 0.100098 0.257324
vt 0.132080 0.479492
vt 0.290283 0.633545
vt 0.097168 0.260498
vt 0.135742 0.476807
vt 0.224609 0.052490
vt 0.300537 0.186523
vt 0.523193 0.871094
vt 0.552002 0.784912
vt 0.597168 0.983643
vt 0.097168 0.254150
vt 0.229736 0.048828
vt 0.239258 0.985107
vt 0.294678 0.633545
vt 0.661621 0.446289
vt 0.956299 0.778809
vt 0.251221 0.011719
vt 0.694824 0.440918
vt 0.704834 0.083252
vt 0.153076 0.304443
vt 0.699707 0.439941
vt 0.707764 0.077881
vt 0.957031 0.622070
vt 0.458740 0.237305
vt 0.691650 0.467041
vt 0.805664 0.448730
vt 0.305176 0.614258
vt 0.451172 0.955078
vt 0.462646 0.234375
vt 0.451660 0.959717
vt 0.458740 0.232178
vt 0.809814 0.446289
vt 0.326660 0.733643
vt 0.576660 0.078613
vt 0.578857 0.086182
vt 0.664795 0.429932
vt 0.100098 0.337646
vt 0.502686 0.163330
vt 0.567871 0.054932
vt 0.960449 0.579346
vt 0.055420 0.197021
vt 0.097168 0.337646
vt 0.272949 0.138672
vt 0.291992 0.115723
vt 0.958008 0.577881
vt 0.301514 0.163086
vt 0.588867 0.078369
vt 0.452637 0.882080
vt 0.446533 0.883301
vt 0.903320 0.034912
vt 0.753174 0.158691
vt 0.867432 0.352295
vt 0.747559 0.131836
vt 0.861572 0.324463
vt 0.001953 0.323730
vt 0.114502 0.456543
vt 0.511963 0.601318
vt 0.940430 0.328369
vt 0.073242 0.474121
vt 0.457031 0.960205
vt 0.962402 0.001709
vt 0.677979 0.903076
vt 0.282471 0.921875
vt 0.902588 0.541260
vt 0.066650 0.701172
vt 0.207031 0.729980
vt 0.698486 0.034668
vt 0.069336 0.594971
vt 0.243652 0.061768
vt 0.318848 0.808350
vt 0.662842 0.961182
vt 0.662842 0.884766
vt 0.039795 0.697510
vt 0.212891 0.546143
vt 0.434814 0.084717
vt 0.044434 0.695557
vt 0.208740 0.926514
vt 0.003906 0.365234
vt 0.017090 0.080322
vt 0.037598 0.289795
vt 0.642334 0.191162
vt 0.002686 0.366211
vt 0.298828 0.903076
vt 0.300537 0.901855
vt 0.973633 0.492188
vt 0.020020 0.080322
vt 0.040039 0.287842
vt 0.971924 0.490967
vt 0.216064 0.270996
vt 0.843750 0.864990
vt 0.958496 0.484131
vt 0.960449 0.796387
vt 0.021973 0.289795
vt 0.254150 0.490234
vt 0.511475 0.580566
vt 0.013916 0.516602
vt 0.240234 0.373047
vt 0.303711 0.147705
vt 0.376221 0.088379
vt 0.275879 0.586914
vt 0.957520 0.322998
vt 0.927002 0.901367
vt 0.939453 0.714111
vt 0.244385 0.371826
vt 0.372070 0.089355
vt 0.953613 0.325195
vt 0.055420 0.208252
vt 0.845947 0.957275
vt 0.368896 0.189697
vt 0.863770 0.847900
vt 0.895508 0.695312
vt 0.216064 0.711914
vt 0.705322 0.165283
vt 0.893311 0.747070
vt 0.408447 0.722168
vt 0.920410 0.398682
vt 0.903809 0.399658
vt 0.871338 0.176758
vt 0.893555 0.399658
vt 0.169678 0.167236
vt 0.229004 0.668213
vt 0.004639 0.380615
vt 0.196045 0.288818
vt 0.528809 0.716064
vt 0.619629 0.921875
vt 0.694092 0.456787
vt 0.979004 0.300537
vt 0.642822 0.913330
vt 0.676758 0.460205
vt 0.922119 0.782715
vt 0.926270 0.779785
vt 0.675293 0.001953
vt 0.782959 0.073730
vt 0.952393 0.854004
vt 0.524170 0.835205
vt 0.571533 0.030762
vt 0.951904 0.136963
vt 0.092529 0.334473
vt 0.271484 0.680664
vt 0.386475 0.063965
vt 0.122803 0.957275
vt 0.514893 0.831787
vt 0.551758 0.157959
vt 0.050781 0.487305
vt 0.092529 0.330811
vt 0.275879 0.680176
vt 0.132568 0.958252
vt 0.507080 0.827148
vt 0.311523 0.615234
vt 0.460693 0.240479
vt 0.688477 0.466553
vt 0.503174 0.947266
vt 0.575439 0.071045
vt 0.581299 0.078369
vt 0.301270 0.159912
vt 0.587158 0.075195
vt 0.362061 0.062744
vt 0.365723 0.157959
vt 0.613525 0.078125
vt 0.689209 0.142090
vt 0.070801 0.346924
vt 0.366943 0.157227
vt 0.613037 0.079102
vt 0.690186 0.143311
vt 0.387207 0.952881
vt 0.046143 0.204834
vt 0.106934 0.103271
vt 0.063232 0.701660
vt 0.109863 0.104248
vt 0.033447 0.699219
vt 0.039307 0.199219
vt 0.266113 0.921875
vt 0.268311 0.636963
vt 0.738525 0.142090
vt 0.916260 0.529541
vt 0.210693 0.723633
vt 0.264160 0.635498
vt 0.887939 0.953125
vt 0.017334 0.001953
vt 0.243652 0.055420
vt 0.657227 0.959717
vt 0.044434 0.691650
vt 0.128662 0.511475
vt 0.212402 0.922363
vt 0.730225 0.781006
vt 0.772461 0.453613
vt 0.086426 0.694092
vt 0.103271 0.721436
vt 0.161865 0.524902
vt 0.220947 0.916992
vt 0.460938 0.157959
vt 0.111084 0.054932
vt 0.381348 0.113037
vt 0.963379 0.486328
vt 0.967041 0.249756
vt 0.189697 0.268311
vt 0.218262 0.270264
vt 0.264893 0.531006
vt 0.562988 0.272949
vt 0.924805 0.713623
vt 0.941895 0.903076
vt 0.269043 0.531738
vt 0.513428 0.579590
vt 0.237549 0.904541
vt 0.272461 0.584717
vt 0.300293 0.144531
vt 0.672119 0.053955
vt 0.954102 0.323486
vt 0.002441 0.093994
vt 0.054932 0.130615
vt 0.965576 0.316406
vt 0.932129 0.713379
vt 0.936035 0.901855
vt 0.053711 0.130371
vt 0.396240 0.730713
vt 0.253662 0.618164
vt 0.894043 0.728760
vt 0.955811 0.713867
vt 0.113770 0.054199
vt 0.275879 0.319824
vt 0.280518 0.231934
vt 0.605469 0.063232
vt 0.907227 0.767334
vt 0.516602 0.180420
vt 0.631104 0.823242
vt 0.779053 0.402100
vt 0.192871 0.840088
vt 0.663574 0.770752
vt 0.844971 0.332275
vt 0.303467 0.022949
vt 0.927002 0.146973
vt 0.101562 0.808594
vt 0.843506 0.154053
vt 0.070801 0.988281
vt 0.154541 0.997559
vt 0.519775 0.833984
vt 0.086426 0.328857
vt 0.089111 0.333008
vt 0.386963 0.060791
vt 0.048828 0.484619
vt 0.086426 0.326172
vt 0.089111 0.330322
vt 0.693848 0.463623
vt 0.803467 0.445068
vt 0.485352 0.880859
vt 0.757080 0.106201
vt 0.574707 0.064941
vt 0.579590 0.072510
vt 0.333008 0.725830
vt 0.451660 0.982178
vt 0.511230 0.930420
vt 0.954346 0.758057
vt 0.085449 0.921143
vt 0.543945 0.232666
vt 0.073975 0.482666
vt 0.456787 0.968994
vt 0.968750 0.003174
vt 0.390869 0.960449
vt 0.973389 0.006836
vt 0.655029 0.959717
vt 0.769531 0.455322
vt 0.033936 0.399414
vt 0.634277 0.152832
vt 0.729248 0.779785
vt 0.004150 0.360840
vt 0.472900 0.243652
vt 0.639404 0.188477
vt 0.637451 0.153320
vt 0.918701 0.013184
vt 0.080566 0.699951
vt 0.156494 0.530273
vt 0.493408 0.236816
vt 0.568848 0.290771
vt 0.277588 0.016846
vt 0.915527 0.012695
vt 0.974365 0.248291
vt 0.037598 0.284180
vt 0.642822 0.185547
vt 0.970703 0.486816
vt 0.107666 0.058105
vt 0.913330 0.011230
vt 0.971436 0.248291
vt 0.225586 0.911377
vt 0.285156 0.312012
vt 0.508301 0.576172
vt 0.922852 0.715332
vt 0.274658 0.593506
vt 0.960938 0.317383
vt 0.245117 0.367920
vt 0.511963 0.179199
vt 0.954590 0.321289
vt 0.389893 0.731689
vt 0.676270 0.115723
vt 0.923340 0.897461
vt 0.945068 0.716309
vt 0.865723 0.786133
vt 0.262207 0.623291
vt 0.699463 0.159912
vt 0.894287 0.739502
vt 0.138184 0.269287
vt 0.231201 0.727051
vt 0.493408 0.668701
vt 0.590576 0.167725
vt 0.887695 0.767822
vt 0.738525 0.567383
vt 0.896973 0.176270
vt 0.944336 0.283936
vt 0.449463 0.119629
vt 0.324463 0.042969
vt 0.448486 0.620605
vt 0.001953 0.381348
vt 0.194092 0.290771
vt 0.787354 0.003662
vt 0.041748 0.663086
vt 0.089355 0.818604
vt 0.234619 0.732422
vt 0.844971 0.275635
vt 0.854736 0.081787
vt 0.547852 0.806885
vt 0.619385 0.983643
vt 0.133057 0.473145
vt 0.297607 0.183838
vt 0.698730 0.471680
vt 0.718506 0.446045
vt 0.224609 0.046143
vt 0.240234 0.979004
vt 0.300537 0.180664
vt 0.701416 0.469238
vt 0.314453 0.724854
vt 0.966064 0.626465
vt 0.150391 0.965332
vt 0.962646 0.352051
vt 0.053223 0.200684
vt 0.098633 0.333252
vt 0.500244 0.159912
vt 0.272949 0.128418
vt 0.291992 0.105713
vt 0.301270 0.153320
vt 0.585205 0.068848
vt 0.045898 0.161865
vt 0.844482 0.358643
vt 0.428467 0.722412
vt 0.462891 0.799561
vt 0.765625 0.916016
vt 0.391602 0.964111
vt 0.457520 0.972656
vt 0.972168 0.003906
vt 0.067871 0.694092
vt 0.207031 0.723145
vt 0.884766 0.954346
vt 0.065186 0.482666
vt 0.131836 0.508789
vt 0.564941 0.292236
vt 0.001953 0.360840
vt 0.299561 0.908447
vt 0.301514 0.907227
vt 0.974365 0.486816
vt 0.223389 0.062256
vt 0.282715 0.311035
vt 0.510010 0.575195
vt 0.240234 0.367432
vt 0.301758 0.141846
vt 0.508057 0.181885
vt 0.699707 0.743408
vt 0.952637 0.320801
vt 0.533447 0.866455
vt 0.864746 0.772217
vt 0.111084 0.965088
vt 0.394775 0.189697
vt 0.832275 0.971191
vt 0.859131 0.820557
vt 0.140381 0.269775
vt 0.395020 0.201904
vt 0.928223 0.402832
vt 0.015381 0.447510
vt 0.278564 0.233643
vt 0.603516 0.061035
vt 0.012695 0.448730
vt 0.014404 0.436279
vt 0.029297 0.377686
vt 0.272217 0.318359
vt 0.280518 0.235840
vt 0.602783 0.207764
vt 0.944824 0.894287
vt 0.977539 0.937500
vt 0.032227 0.027344
vt 0.954346 0.283203
vt 0.185791 0.168213
vt 0.233154 0.652588
vt 0.409912 0.774658
vt 0.197266 0.167480
vt 0.445557 0.142090
vt 0.235352 0.641357
vt 0.409424 0.762451
vt 0.452637 0.643311
vt 0.447021 0.131348
vt 0.409668 0.750732
vt 0.451660 0.632324
vt 0.212646 0.301758
vt 0.505615 0.165527
vt 0.606934 0.086426
vt 0.642822 0.080078
vt 0.646484 0.811768
vt 0.813965 0.945068
vt 0.098877 0.011963
vt 0.149414 0.542725
vt 0.229736 0.220459
vt 0.510254 0.241943
vt 0.943359 0.187988
vt 0.000977 0.255859
vt 0.154297 0.538574
vt 0.939209 0.183350
vt 0.799805 0.065918
vt 0.951660 0.871826
vt 0.336670 0.244385
vt 0.548096 0.810059
vt 0.564453 0.185059
vt 0.622803 0.982666
vt 0.058350 0.371582
vt 0.083008 0.329834
vt 0.383789 0.060059
vt 0.023193 0.604248
vt 0.850098 0.152832
vt 0.051270 0.482422
vt 0.058594 0.365723
vt 0.083008 0.324951
vt 0.023193 0.592285
vt 0.492188 0.951660
vt 0.860840 0.152100
vt 0.196777 0.133789
vt 0.243896 0.002197
vt 0.322266 0.724121
vt 0.143555 0.965576
vt 0.314697 0.723389
vt 0.393555 0.778564
vt 0.967285 0.625488
vt 0.010742 0.647461
vt 0.699951 0.433105
vt 0.963623 0.620850
vt 0.333008 0.733887
vt 0.670654 0.432129
vt 0.959229 0.763184
vt 0.502686 0.156982
vt 0.574463 0.055664
vt 0.578857 0.063232
vt 0.055420 0.203613
vt 0.295898 0.110352
vt 0.500000 0.156738
vt 0.581787 0.062988
vt 0.275635 0.177734
vt 0.848145 0.315918
vt 0.613525 0.089355
vt 0.700439 0.149414
vt 0.699219 0.150146
vt 0.138184 0.065430
vt 0.526611 0.247070
vt 0.462402 0.960938
vt 0.293457 0.930176
vt 0.346924 0.232666
vt 0.361084 0.931152
vt 0.798584 0.511719
vt 0.656982 0.954346
vt 0.655273 0.955322
vt 0.770508 0.459473
vt 0.730713 0.774658
vt 0.772461 0.460205
vt 0.035400 0.395264
vt 0.729736 0.775635
vt 0.034180 0.395020
vt 0.635010 0.156982
vt 0.004395 0.356689
vt 0.472412 0.239746
vt 0.103271 0.714111
vt 0.222900 0.909424
vt 0.484131 0.633545
vt 0.217773 0.275879
vt 0.961670 0.479004
vt 0.219238 0.274414
vt 0.263916 0.535889
vt 0.268066 0.536621
vt 0.513428 0.574951
vt 0.233398 0.902344
vt 0.668701 0.051025
vt 0.048828 0.354492
vt 0.070801 0.023193
vt 0.564209 0.001221
vt 0.508057 0.173828
vt 0.958252 0.315674
vt 0.360840 0.598145
vt 0.794922 0.911133
vt 0.348877 0.597900
vt 0.713135 0.473389
vt 0.791016 0.921875
vt 0.863281 0.962402
vt 0.225586 0.714355
vt 0.892090 0.755127
vt 0.137695 0.261230
vt 0.893799 0.763916
vt 0.134766 0.255859
vt 0.607422 0.054688
vt 0.899902 0.764404
vt 0.398438 0.201904
vt 0.925293 0.404297
vt 0.011963 0.447021
vt 0.015381 0.434326
vt 0.667480 0.183105
vt 0.035645 0.426270
vt 0.541748 0.300537
vt 0.193115 0.082031
vt 0.249756 0.446533
vt 0.099854 0.010010
vt 0.945068 0.186523
vt 0.096924 0.001465
vt 0.388428 0.201904
vt 0.944336 0.177734
vt 0.006104 0.252441
vt 0.044678 0.683105
vt 0.389648 0.240479
vt 0.935547 0.176758
vt 0.163330 0.965088
vt 0.391602 0.240479
vt 0.934082 0.175049
vt 0.240479 0.010742
vt 0.567627 0.185059
vt 0.625977 0.981689
vt 0.667480 0.452148
vt 0.271484 0.689209
vt 0.377197 0.066406
vt 0.639893 0.095703
vt 0.074463 0.631836
vt 0.094971 0.794434
vt 0.967041 0.788818
vt 0.751465 0.067627
vt 0.268799 0.593506
vt 0.523682 0.932617
vt 0.003174 0.647217
vt 0.018555 0.474609
vt 0.198242 0.140381
vt 0.251221 0.003662
vt 0.693359 0.433105
vt 0.177002 0.363770
vt 0.523438 0.929443
vt 0.014648 0.480957
vt 0.198975 0.133789
vt 0.321045 0.722412
vt 0.399658 0.778564
vt 0.505615 0.863770
vt 0.738770 0.082764
vt 0.444580 0.962158
vt 0.811035 0.438477
vt 0.765381 0.946289
vt 0.972900 0.353027
vt 0.043213 0.161377
vt 0.711670 0.081055
vt 0.893311 0.038330
vt 0.854736 0.342529
vt 0.084961 0.953857
vt 0.085449 0.936279
vt 0.387207 0.963867
vt 0.461914 0.972900
vt 0.475098 0.942627
vt 0.690674 0.907715
vt 0.046143 0.197266
vt 0.107666 0.096924
vt 0.002197 0.356689
vt 0.299805 0.912598
vt 0.478027 0.240234
vt 0.639404 0.182373
vt 0.971924 0.482422
vt 0.080566 0.692627
vt 0.096680 0.720215
vt 0.568848 0.282959
vt 0.049072 0.349854
vt 0.562500 0.006348
vt 0.225098 0.066895
vt 0.282715 0.316162
vt 0.923584 0.719971
vt 0.562988 0.266357
vt 0.926758 0.720215
vt 0.564209 0.266846
vt 0.925781 0.719727
vt 0.932129 0.719971
vt 0.055420 0.137207
vt 0.396240 0.737549
vt 0.965088 0.309814
vt 0.931396 0.894775
vt 0.936279 0.720703
vt 0.189941 0.582031
vt 0.562256 0.856445
vt 0.864502 0.740967
vt 0.406738 0.732666
vt 0.913086 0.406738
vt 0.000977 0.725586
vt 0.063721 0.428223
vt 0.094727 0.017578
vt 0.222412 0.081055
vt 0.229736 0.763428
vt 0.329590 0.252686
vt 0.000977 0.753662
vt 0.040039 0.426758
vt 0.197266 0.080811
vt 0.229736 0.791748
vt 0.092529 0.271240
vt 0.102051 0.012451
vt 0.227539 0.217529
vt 0.382324 0.201904
vt 0.577148 0.209717
vt 0.940430 0.172607
vt 0.902832 0.839600
vt 0.616699 0.036865
vt 0.902832 0.839600
vt 0.635010 0.759766
vt 0.835205 0.358398
vt 0.771240 0.051514
vt 0.921875 0.772949
vt 0.054688 0.371582
vt 0.340332 0.728516
vt 0.379639 0.060547
vt 0.060791 0.483398
vt 0.275635 0.689209
vt 0.637451 0.091553
vt 0.129395 0.470459
vt 0.362549 0.242920
vt 0.713623 0.447021
vt 0.123291 0.474854
vt 0.290039 0.643066
vt 0.263428 0.592041
vt 0.582764 0.020020
vt 0.249023 0.983643
vt 0.295898 0.643066
vt 0.245605 0.978760
vt 0.370117 0.243652
vt 0.698730 0.464600
vt 0.713623 0.440186
vt 0.304688 0.604492
vt 0.442139 0.956543
vt 0.465820 0.870605
vt 0.747803 0.125732
vt 0.085693 0.968262
vt 0.440674 0.724121
vt 0.455322 0.789551
vt 0.100098 0.205322
vt 0.673828 0.780029
vt 0.683105 0.068848
vt 0.705811 0.158936
vt 0.063232 0.692139
vt 0.111084 0.096680
vt 0.121826 0.363770
vt 0.879395 0.954346
vt 0.037109 0.686768
vt 0.266846 0.624023
vt 0.884521 0.942627
vt 0.039062 0.686035
vt 0.209473 0.914795
vt 0.040771 0.684082
vt 0.211670 0.913818
vt 0.004639 0.352539
vt 0.288086 0.246582
vt 0.300537 0.916748
vt 0.473145 0.235352
vt 0.638184 0.160889
vt 0.921875 0.006592
vt 0.303467 0.912354
vt 0.973877 0.481445
vt 0.918701 0.006104
vt 0.111084 0.064697
vt 0.381348 0.122070
vt 0.916504 0.004639
vt 0.968506 0.478271
vt 0.383789 0.121094
vt 0.966064 0.478027
vt 0.227783 0.902100
vt 0.073975 0.028076
vt 0.292969 0.241943
vt 0.295898 0.114746
vt 0.560547 0.005859
vt 0.049072 0.345215
vt 0.563477 0.010986
vt 0.046875 0.356201
vt 0.223389 0.067871
vt 0.271240 0.541992
vt 0.508789 0.570068
vt 0.055420 0.325439
vt 0.233887 0.896729
vt 0.299805 0.135742
vt 0.672119 0.045410
vt 0.699951 0.749023
vt 0.695557 0.747803
vt 0.954102 0.314697
vt 0.389893 0.738770
vt 0.634033 0.181641
vt 0.941895 0.721680
vt 0.847900 0.974365
vt 0.854980 0.803955
vt 0.112549 0.276123
vt 0.140381 0.259766
vt 0.394043 0.191650
vt 0.104492 0.108887
vt 0.111572 0.282227
vt 0.137451 0.254639
vt 0.605469 0.052734
vt 0.402588 0.201172
vt 0.922119 0.407227
vt 0.004639 0.405518
vt 0.209717 0.305176
vt 0.647461 0.080078
vt 0.812012 0.001465
vt 0.788574 0.037109
vt 0.048096 0.664551
vt 0.677490 0.025635
vt 0.848389 0.080566
vt 0.675293 0.451172
vt 0.917480 0.773926
vt 0.090088 0.508301
vt 0.374756 0.064453
vt 0.642822 0.094238
vt 0.061279 0.482178
vt 0.638428 0.090332
vt 0.125732 0.966309
vt 0.440674 0.615234
vt 0.552490 0.147461
vt 0.053223 0.365723
vt 0.057373 0.480225
vt 0.340820 0.722656
vt 0.044434 0.309814
vt 0.122314 0.473633
vt 0.290039 0.644531
vt 0.181885 0.363770
vt 0.187744 0.481201
vt 0.519775 0.924072
vt 0.805420 0.154053
vt 0.878662 0.081299
vt 0.139893 0.970703
vt 0.187988 0.452393
vt 0.444336 0.603271
vt 0.515869 0.894531
vt 0.039307 0.309814
vt 0.250244 0.982666
vt 0.295898 0.644531
vt 0.451660 0.614258
vt 0.513916 0.881104
vt 0.564209 0.146240
vt 0.966553 0.775146
vt 0.239502 0.420898
vt 0.691895 0.456299
vt 0.804688 0.437988
vt 0.310791 0.605225
vt 0.686279 0.457764
vt 0.305176 0.603027
vt 0.440674 0.956543
vt 0.490479 0.804932
vt 0.447021 0.865723
vt 0.572021 0.795654
vt 0.050781 0.116455
vt 0.270752 0.178223
vt 0.368408 0.083252
vt 0.695068 0.123535
vt 0.289795 0.935547
vt 0.037109 0.388916
vt 0.331543 0.808350
vt 0.655518 0.948975
vt 0.700439 0.074463
vt 0.730225 0.769287
vt 0.771729 0.465576
vt 0.035156 0.389893
vt 0.634277 0.162598
vt 0.002441 0.352295
vt 0.300049 0.916748
vt 0.041992 0.681885
vt 0.128174 0.502441
vt 0.368652 0.120361
vt 0.562988 0.284424
vt 0.291504 0.243652
vt 0.478027 0.234619
vt 0.970215 0.477051
vt 0.266357 0.272949
vt 0.295898 0.120361
vt 0.558838 0.010986
vt 0.049316 0.475830
vt 0.225830 0.901367
vt 0.479004 0.627441
vt 0.564209 0.024658
vt 0.219971 0.279785
vt 0.264160 0.541260
vt 0.047363 0.482666
vt 0.049561 0.339111
vt 0.563721 0.017334
vt 0.267334 0.541260
vt 0.513428 0.570312
vt 0.046143 0.348877
vt 0.070801 0.028809
vt 0.035889 0.645996
vt 0.694824 0.024170
vt 0.962402 0.307861
vt 0.015381 0.440186
vt 0.040039 0.439453
vt 0.106445 0.109863
vt 0.295898 0.029053
vt 0.396484 0.187012
vt 0.603516 0.052246
vt 0.660645 0.177979
vt 0.037109 0.444580
vt 0.104492 0.114014
vt 0.109375 0.276123
vt 0.397461 0.191650
vt 0.361084 0.067627
vt 0.405762 0.201172
vt 0.415283 0.729980
vt 0.919189 0.408691
vt 0.089844 0.269287
vt 0.104492 0.010010
vt 0.735352 0.542725
vt 0.092529 0.267090
vt 0.229736 0.214355
vt 0.506836 0.237061
vt 0.738525 0.542480
vt 0.572998 0.199707
vt 0.938965 0.161377
vt 0.615723 0.061523
vt 0.640381 0.783936
vt 0.838623 0.930908
vt 0.925049 0.843506
vt 0.640381 0.783936
vt 0.166504 0.952637
vt 0.928467 0.161865
vt 0.619873 0.036865
vt 0.817139 0.056152
vt 0.952881 0.891113
vt 0.066895 0.437744
vt 0.233398 0.001953
vt 0.617188 0.974854
vt 0.081787 0.629639
vt 0.382568 0.051758
vt 0.708496 0.172607
vt 0.973145 0.793701
vt 0.164062 0.996826
vt 0.517822 0.824219
vt 0.522949 0.823730
vt 0.573486 0.019775
vt 0.512207 0.878418
vt 0.598633 0.970703
vt 0.802490 0.154785
vt 0.877686 0.077637
vt 0.311523 0.604004
vt 0.496338 0.806396
vt 0.685791 0.456299
vt 0.440918 0.968750
vt 0.649414 0.495605
vt 0.811035 0.431641
vt 0.442383 0.979004
vt 0.648682 0.505615
vt 0.963867 0.757324
vt 0.441162 0.866943
vt 0.564453 0.793457
vt 0.893555 0.020996
vt 0.044434 0.139160
vt 0.277588 0.197266
vt 0.847168 0.336670
vt 0.371826 0.951416
vt 0.035645 0.061768
vt 0.272217 0.257568
vt 0.283691 0.121826
vt 0.322510 0.824951
vt 0.400879 0.925049
vt 0.679443 0.886230
vt 0.700439 0.093994
vt 0.970459 0.092529
vt 0.121826 0.354492
vt 0.880859 0.945068
vt 0.303711 0.916504
vt 0.973877 0.477295
vt 0.095703 0.713867
vt 0.145020 0.050781
vt 0.265625 0.268311
vt 0.323730 0.277588
vt 0.479004 0.638184
vt 0.558350 0.015869
vt 0.568115 0.276123
vt 0.047852 0.361084
vt 0.225098 0.072510
vt 0.925537 0.725342
vt 0.045898 0.476807
vt 0.050049 0.333008
vt 0.045654 0.345703
vt 0.071289 0.032471
vt 0.292969 0.236816
vt 0.034912 0.651123
vt 0.394287 0.743164
vt 0.636719 0.187256
vt 0.966797 0.303711
vt 0.021729 0.032715
vt 0.037109 0.385498
vt 0.295654 0.044678
vt 0.602783 0.218994
vt 0.634766 0.788818
vt 0.149414 0.533936
vt 0.510254 0.233887
vt 0.738525 0.536865
vt 0.620117 0.768555
vt 0.839355 0.374512
vt 0.254639 0.708496
vt 0.319092 0.051514
vt 0.832031 0.303467
vt 0.063232 0.642334
vt 0.237305 0.950928
vt 0.693359 0.001953
vt 0.926270 0.408447
vt 0.081787 0.638184
vt 0.103271 0.794922
vt 0.386963 0.043701
vt 0.840332 0.140869
vt 0.065674 0.342285
vt 0.335449 0.729248
vt 0.376953 0.056641
vt 0.715332 0.172607
vt 0.206787 0.958252
vt 0.913086 0.124268
vt 0.181152 0.358643
vt 0.182373 0.482666
vt 0.516846 0.925781
vt 0.797607 0.153320
vt 0.878418 0.072754
vt 0.147949 0.078613
vt 0.674072 0.075439
vt 0.716797 0.168213
vt 0.143555 0.307617
vt 0.269775 0.106445
vt 0.272217 0.252686
vt 0.283691 0.117188
vt 0.013672 0.274414
vt 0.046143 0.189453
vt 0.106934 0.090332
vt 0.109375 0.430176
vt 0.115723 0.360596
vt 0.263428 0.932861
vt 0.033936 0.385742
vt 0.298584 0.922119
vt 0.636230 0.166504
vt 0.703369 0.071533
vt 0.952148 0.081543
vt 0.003906 0.347168
vt 0.301270 0.921875
vt 0.288086 0.241211
vt 0.920898 0.001221
vt 0.971680 0.472900
vt 0.383545 0.127930
vt 0.968750 0.471924
vt 0.218750 0.284424
vt 0.965576 0.470703
vt 0.269775 0.272705
vt 0.289551 0.238037
vt 0.292725 0.119385
vt 0.957275 0.345215
vt 0.564209 0.260254
vt 0.926758 0.727051
vt 0.036133 0.662109
vt 0.045898 0.361572
vt 0.055420 0.686035
vt 0.269287 0.547363
vt 0.929932 0.727051
vt 0.045898 0.468506
vt 0.051270 0.323975
vt 0.229004 0.894287
vt 0.053711 0.316895
vt 0.699463 0.757324
vt 0.037109 0.650879
vt 0.508789 0.137939
vt 0.698486 0.029297
vt 0.939453 0.727539
vt 0.505859 0.146484
vt 0.695068 0.756104
vt 0.698486 0.021484
vt 0.958252 0.306885
vt 0.526123 0.852783
vt 0.713135 0.451660
vt 0.809326 0.918701
vt 0.514404 0.859863
vt 0.721436 0.461182
vt 0.850830 0.787109
vt 0.863281 0.977539
vt 0.040039 0.448730
vt 0.402832 0.192383
vt 0.014404 0.427002
vt 0.295898 0.037109
vt 0.596924 0.215332
vt 0.660645 0.186523
vt 0.417236 0.732910
vt 0.294678 0.041504
vt 0.599365 0.218018
vt 0.000977 0.246338
vt 0.041748 0.675537
vt 0.153320 0.528564
vt 0.739746 0.530518
vt 0.044678 0.675049
vt 0.155518 0.963135
vt 0.391357 0.233887
vt 0.741699 0.527588
vt 0.619141 0.062744
vt 0.644531 0.055908
vt 0.813477 0.030518
vt 0.921143 0.765625
vt 0.056396 0.474854
vt 0.070801 0.337646
vt 0.335449 0.721680
vt 0.049561 0.471924
vt 0.065674 0.332520
vt 0.135742 0.458740
vt 0.248291 0.653809
vt 0.709717 0.164795
vt 0.974365 0.785645
vt 0.144287 0.983643
vt 0.187988 0.468018
vt 0.817139 0.164551
vt 0.151123 0.983154
vt 0.810303 0.167969
vt 0.960205 0.371094
vt 0.010742 0.636719
vt 0.576660 0.093750
vt 0.967285 0.610596
vt 0.243652 0.414795
vt 0.362305 0.585693
vt 0.657227 0.494141
vt 0.803223 0.431396
vt 0.440674 0.988281
vt 0.501221 0.926758
vt 0.490479 0.852295
vt 0.730225 0.098389
vt 0.041748 0.138672
vt 0.703613 0.101807
vt 0.280762 0.937744
vt 0.038086 0.058350
vt 0.145996 0.308350
vt 0.274414 0.253662
vt 0.038818 0.059082
vt 0.106934 0.251221
vt 0.268311 0.107910
vt 0.281982 0.118164
vt 0.667480 0.513428
vt 0.273682 0.935303
vt 0.900146 0.527344
vt 0.143555 0.302979
vt 0.268311 0.102051
vt 0.669189 0.507568
vt 0.708252 0.072266
vt 0.016846 0.272461
vt 0.117432 0.356689
vt 0.876221 0.946533
vt 0.704590 0.074707
vt 0.955566 0.081543
vt 0.103271 0.223633
vt 0.299561 0.925293
vt 0.951416 0.078125
vt 0.036621 0.677490
vt 0.881836 0.933594
vt 0.303467 0.921875
vt 0.973633 0.471924
vt 0.142822 0.048828
vt 0.371582 0.110596
vt 0.565918 0.274414
vt 0.052490 0.687988
vt 0.221924 0.285645
vt 0.266113 0.547363
vt 0.044189 0.340576
vt 0.291992 0.232178
vt 0.954346 0.351318
vt 0.933350 0.728516
vt 0.540771 0.820557
vt 0.809326 0.883545
vt 0.844238 0.460938
vt 0.291992 0.034424
vt 0.404053 0.187256
vt 0.596191 0.784180
vt 0.843018 0.400879
vt 0.106445 0.001465
vt 0.388428 0.192871
vt 0.733398 0.534180
vt 0.081787 0.510742
vt 0.936279 0.148438
vt 0.167969 0.942627
vt 0.927002 0.151855
vt 0.309570 0.050293
vt 0.822754 0.302490
vt 0.074219 0.437256
vt 0.240479 0.000977
vt 0.667969 0.442383
vt 0.091064 0.514404
vt 0.371826 0.058594
vt 0.127441 0.462646
vt 0.184082 0.113525
vt 0.257568 0.652100
vt 0.362549 0.234863
vt 0.262695 0.582520
vt 0.584473 0.010498
vt 0.985107 0.906738
vt 0.451660 0.604980
vt 0.509033 0.889404
vt 0.003174 0.636475
vt 0.013672 0.464844
vt 0.584229 0.094727
vt 0.269775 0.582520
vt 0.514160 0.927734
vt 0.978516 0.903076
vt 0.365479 0.597412
vt 0.575195 0.106445
vt 0.658447 0.505615
vt 0.960205 0.599121
vt 0.970215 0.764893
vt 0.780273 0.154297
vt 0.879883 0.054443
vt 0.782227 0.174561
vt 0.783691 0.924316
vt 0.757324 0.160400
vt 0.882812 0.031006
vt 0.428467 0.742920
vt 0.768555 0.175781
vt 0.784668 0.910645
vt 0.434326 0.852295
vt 0.572021 0.778076
vt 0.727783 0.155273
vt 0.892334 0.002441
vt 0.710205 0.133789
vt 0.106445 0.925781
vt 0.133545 0.078125
vt 0.525391 0.233643
vt 0.721191 0.184082
vt 0.477295 0.960205
vt 0.299316 0.118164
vt 0.393311 0.936279
vt 0.488281 0.938965
vt 0.690674 0.894043
vt 0.039551 0.054932
vt 0.146484 0.305176
vt 0.711182 0.073975
vt 0.108643 0.247314
vt 0.666992 0.508789
vt 0.267090 0.936523
vt 0.668701 0.501465
vt 0.706299 0.066406
vt 0.722412 0.004395
vt 0.103271 0.220215
vt 0.299316 0.928467
vt 0.951660 0.074951
vt 0.102539 0.221436
vt 0.299805 0.927246
vt 0.109863 0.155762
vt 0.127930 0.004639
vt 0.135498 0.054443
vt 0.302002 0.925049
vt 0.974365 0.468994
vt 0.020020 0.061768
vt 0.109863 0.126465
vt 0.127930 0.002441
vt 0.134033 0.272949
vt 0.137207 0.053223
vt 0.255615 0.083252
vt 0.260498 0.103271
vt 0.972656 0.467773
vt 0.036865 0.675537
vt 0.365967 0.113281
vt 0.881104 0.932129
vt 0.216309 0.289551
vt 0.969482 0.466553
vt 0.269531 0.266113
vt 0.958740 0.351807
vt 0.037109 0.656738
vt 0.634033 0.192627
vt 0.933594 0.730957
vt 0.050781 0.315918
vt 0.285645 0.034180
vt 0.362305 0.077148
vt 0.406982 0.191650
vt 0.290771 0.037354
vt 0.036865 0.167725
vt 0.285156 0.035400
vt 0.361084 0.077148
vt 0.424072 0.733643
vt 0.014404 0.037354
vt 0.041748 0.167725
vt 0.290283 0.038818
vt 0.703613 0.985107
vt 0.867188 0.159912
vt 0.892090 0.416748
vt 0.564941 0.803223
vt 0.844971 0.434814
vt 0.382324 0.192871
vt 0.585938 0.206299
vt 0.734619 0.528076
vt 0.843506 0.302734
vt 0.857178 0.057129
vt 0.675537 0.442627
vt 0.915527 0.765381
vt 0.001953 0.487549
vt 0.378906 0.046875
vt 0.836914 0.133789
vt 0.171143 0.992432
vt 0.512451 0.817871
vt 0.007812 0.494873
vt 0.254395 0.266602
vt 0.604980 0.773926
vt 0.845947 0.136230
vt 0.061768 0.474121
vt 0.096924 0.515381
vt 0.642822 0.085205
vt 0.191162 0.114014
vt 0.250244 0.969727
vt 0.370117 0.233643
vt 0.018555 0.453857
vt 0.191162 0.102539
vt 0.243164 0.960205
vt 0.248291 0.643066
vt 0.585938 0.106445
vt 0.974365 0.774902
vt 0.784668 0.948730
vt 0.806396 0.169678
vt 0.965332 0.373047
vt 0.434326 0.966553
vt 0.489990 0.792969
vt 0.138672 0.601807
vt 0.437012 0.984375
vt 0.500488 0.921387
vt 0.721924 0.147217
vt 0.041504 0.055664
vt 0.105957 0.247070
vt 0.095703 0.356201
vt 0.107422 0.425537
vt 0.150146 0.458496
vt 0.248291 0.455811
vt 0.259521 0.936768
vt 0.761963 0.518066
vt 0.921875 0.950439
vt 0.151123 0.459473
vt 0.246826 0.456299
vt 0.669189 0.494141
vt 0.729248 0.001953
vt 0.873291 0.944824
vt 0.877930 0.935059
vt 0.010742 0.089355
vt 0.111084 0.154541
vt 0.126465 0.004639
vt 0.301514 0.928223
vt 0.009766 0.088379
vt 0.021484 0.063232
vt 0.302002 0.927246
vt 0.974365 0.466797
vt 0.010742 0.087402
vt 0.021484 0.061768
vt 0.126465 0.002441
vt 0.111084 0.125488
vt 0.259033 0.103027
vt 0.119629 0.129395
vt 0.132812 0.270264
vt 0.255859 0.080078
vt 0.119629 0.128174
vt 0.255859 0.078613
vt 0.254395 0.080078
vt 0.259766 0.100098
vt 0.254395 0.078613
vt 0.260254 0.098633
vt 0.120850 0.126465
vt 0.254395 0.077148
vt 0.260498 0.097168
vt 0.036133 0.670654
vt 0.055420 0.693848
vt 0.218262 0.291260
vt 0.681396 0.463623
vt 0.040039 0.668945
vt 0.047852 0.370117
vt 0.684570 0.460449
vt 0.924561 0.734131
vt 0.051270 0.309814
vt 0.699219 0.764404
vt 0.043701 0.332520
vt 0.952881 0.359375
vt 0.504150 0.137939
vt 0.695801 0.764893
vt 0.940186 0.732422
vt 0.550781 0.838379
vt 0.796143 0.480957
vt 0.899414 0.418457
vt 0.951416 0.714600
vt 0.608154 0.804199
vt 0.763672 0.427246
vt 0.538086 0.727051
vt 0.769287 0.639893
vt 0.823486 0.323486
vt 0.001953 0.477051
vt 0.090088 0.518799
vt 0.371338 0.054199
vt 0.516357 0.815918
vt 0.574707 0.010010
vt 0.066895 0.424316
vt 0.615723 0.961670
vt 0.048828 0.466553
vt 0.135498 0.453369
vt 0.255859 0.260498
vt 0.347900 0.052002
vt 0.605713 0.768066
vt 0.239258 0.952148
vt 0.797119 0.229736
vt 0.802246 0.419678
vt 0.858887 0.134521
vt 0.505859 0.888184
vt 0.602295 0.959717
vt 0.177979 0.476318
vt 0.509766 0.919189
vt 0.394043 0.764648
vt 0.974365 0.612549
vt 0.128174 0.605957
vt 0.492188 0.929443
vt 0.813965 0.420898
vt 0.869629 0.133789
vt 0.957031 0.590088
vt 0.138672 0.586914
vt 0.433350 0.969727
vt 0.489990 0.789795
vt 0.371094 0.965088
vt 0.478027 0.972412
vt 0.099121 0.430176
vt 0.359863 0.950439
vt 0.404053 0.160400
vt 0.798584 0.528809
vt 0.104736 0.425049
vt 0.295654 0.948486
vt 0.791748 0.528320
vt 0.397949 0.939697
vt 0.300537 0.933594
vt 0.951416 0.069336
vt 0.109863 0.151367
vt 0.137207 0.058594
vt 0.215088 0.294434
vt 0.302490 0.931396
vt 0.684570 0.467041
vt 0.918701 0.737305
vt 0.972168 0.462646
vt 0.109863 0.122070
vt 0.121826 0.129395
vt 0.134033 0.268799
vt 0.258301 0.099609
vt 0.121826 0.128418
vt 0.258789 0.098145
vt 0.145020 0.040283
vt 0.250977 0.613525
vt 0.322021 0.267334
vt 0.365967 0.104492
vt 0.880127 0.923340
vt 0.052490 0.302490
vt 0.699951 0.772461
vt 0.932129 0.734863
vt 0.577881 0.822266
vt 0.778809 0.455811
vt 0.010742 0.104736
vt 0.087891 0.505859
vt 0.169678 0.932861
vt 0.504150 0.958984
vt 0.536377 0.726318
vt 0.931396 0.142578
vt 0.156494 0.951172
vt 0.209229 0.554932
vt 0.562744 0.096924
vt 0.741699 0.514160
vt 0.313232 0.065186
vt 0.769043 0.634277
vt 0.825439 0.318359
vt 0.922119 0.757568
vt 0.218018 0.947754
vt 0.615967 0.406250
vt 0.901367 0.119873
vt 0.948242 0.410156
vt 0.009277 0.476807
vt 0.060303 0.470215
vt 0.097168 0.519531
vt 0.347900 0.061768
vt 0.009033 0.488525
vt 0.253906 0.260498
vt 0.350098 0.052490
vt 0.044189 0.298340
vt 0.121338 0.461670
vt 0.037598 0.298340
vt 0.255371 0.971680
vt 0.016602 0.451172
vt 0.244873 0.957275
vt 0.802002 0.411865
vt 0.178711 0.456787
vt 0.505615 0.898926
vt 0.006836 0.467773
vt 0.400879 0.763672
vt 0.177490 0.466553
vt 0.507080 0.909180
vt 0.393555 0.761475
vt 0.813965 0.395752
vt 0.973633 0.609375
vt 0.128174 0.598389
vt 0.370117 0.598145
vt 0.962891 0.595215
vt 0.239502 0.408936
vt 0.496338 0.792236
vt 0.693848 0.445068
vt 0.456055 0.852783
vt 0.736084 0.135742
vt 0.105713 0.958252
vt 0.444092 0.746094
vt 0.753662 0.182617
vt 0.735840 0.163086
vt 0.883545 0.007812
vt 0.106445 0.940674
vt 0.736084 0.186523
vt 0.043457 0.048096
vt 0.712402 0.066406
vt 0.722412 0.010742
vt 0.109375 0.239990
vt 0.663818 0.502441
vt 0.867188 0.952393
vt 0.929443 0.568848
vt 0.095703 0.346436
vt 0.427002 0.076660
vt 0.588867 0.135742
vt 0.764648 0.508545
vt 0.013672 0.264160
vt 0.109375 0.418213
vt 0.246826 0.447754
vt 0.873291 0.936768
vt 0.301758 0.935791
vt 0.950684 0.066895
vt 0.004395 0.225098
vt 0.484131 0.692383
vt 0.922852 0.738037
vt 0.138672 0.085449
vt 0.483398 0.695312
vt 0.925049 0.738770
vt 0.005127 0.223145
vt 0.018066 0.072510
vt 0.254639 0.004639
vt 0.483154 0.690674
vt 0.018066 0.070068
vt 0.483643 0.687744
vt 0.018066 0.068848
vt 0.484131 0.686523
vt 0.117920 0.343506
vt 0.138672 0.081299
vt 0.305176 0.140381
vt 0.481201 0.691650
vt 0.039062 0.148438
vt 0.180420 0.093994
vt 0.482666 0.686035
vt 0.019287 0.067139
vt 0.040039 0.149658
vt 0.483154 0.684570
vt 0.180420 0.090820
vt 0.305176 0.136963
vt 0.480469 0.688477
vt 0.931396 0.736816
vt 0.252930 0.612549
vt 0.269775 0.257324
vt 0.323730 0.266113
vt 0.958984 0.359863
vt 0.043701 0.322998
vt 0.952881 0.368652
vt 0.408691 0.746094
vt 0.726074 0.983643
vt 0.906982 0.420410
vt 0.960449 0.718506
vt 0.111084 0.203857
vt 0.177246 0.715332
vt 0.562744 0.108887
vt 0.584961 0.197754
vt 0.731201 0.520264
vt 0.465576 0.649170
vt 0.512939 0.966797
vt 0.534424 0.735352
vt 0.833984 0.326904
vt 0.835205 0.325928
vt 0.319824 0.069336
vt 0.835938 0.319580
vt 0.300781 0.050537
vt 0.758789 0.618164
vt 0.911621 0.169922
vt 0.632080 0.427002
vt 0.907959 0.142578
vt 0.177002 0.987549
vt 0.507568 0.812988
vt 0.044678 0.295166
vt 0.122803 0.458740
vt 0.604980 0.757080
vt 0.789795 0.207275
vt 0.586182 0.002197
vt 0.983154 0.914795
vt 0.245117 0.955078
vt 0.796875 0.223389
vt 0.007080 0.464600
vt 0.400391 0.760498
vt 0.806396 0.395508
vt 0.506836 0.919678
vt 0.974609 0.912354
vt 0.813965 0.414551
vt 0.963135 0.593018
vt 0.131104 0.599365
vt 0.492432 0.922363
vt 0.132568 0.586182
vt 0.241455 0.406250
vt 0.370117 0.586182
vt 0.496338 0.789062
vt 0.721191 0.117920
vt 0.748047 0.167236
vt 0.877686 0.019043
vt 0.046143 0.049805
vt 0.105957 0.239990
vt 0.926025 0.567627
vt 0.003906 0.230469
vt 0.098633 0.070801
vt 0.301514 0.938965
vt 0.950928 0.063721
vt 0.004639 0.227539
vt 0.098145 0.067627
vt 0.303711 0.936768
vt 0.923340 0.740479
vt 0.005371 0.225586
vt 0.098633 0.065674
vt 0.127930 0.288330
vt 0.136963 0.086426
vt 0.587891 0.102539
vt 0.926514 0.740479
vt 0.031006 0.669922
vt 0.875732 0.925781
vt 0.006348 0.223633
vt 0.120361 0.343750
vt 0.255859 0.003906
vt 0.302979 0.139404
vt 0.117920 0.340332
vt 0.127930 0.284912
vt 0.136230 0.083252
vt 0.930664 0.739990
vt 0.020020 0.070312
vt 0.039062 0.146484
vt 0.181885 0.092773
vt 0.254639 0.001221
vt 0.302979 0.136230
vt 0.020020 0.069092
vt 0.040039 0.147461
vt 0.069336 0.103271
vt 0.192871 0.258545
vt 0.250977 0.606689
vt 0.878174 0.915771
vt 0.957520 0.367432
vt 0.047119 0.308594
vt 0.939941 0.738037
vt 0.954102 0.383545
vt 0.044678 0.315430
vt 0.952881 0.376221
vt 0.730469 0.550781
vt 0.900391 0.157227
vt 0.956543 0.299072
vt 0.125488 0.204590
vt 0.178467 0.700928
vt 0.087891 0.519531
vt 0.112549 0.453857
vt 0.505127 0.972656
vt 0.572998 0.180664
vt 0.945068 0.145020
vt 0.692627 0.026611
vt 0.929199 0.430664
vt 0.078613 0.425293
vt 0.676758 0.433350
vt 0.917480 0.756348
vt 0.181885 0.973633
vt 0.926025 0.751465
vt 0.180176 0.980713
vt 0.501221 0.811279
vt 0.641602 0.508789
vt 0.932373 0.748047
vt 0.066895 0.413330
vt 0.616943 0.951904
vt 0.981934 0.933105
vt 0.612061 0.766846
vt 0.791016 0.221436
vt 0.850586 0.128174
vt 0.981934 0.923828
vt 0.037598 0.294189
vt 0.255859 0.967529
vt 0.797119 0.207031
vt 0.502686 0.897705
vt 0.605957 0.950928
vt 0.970703 0.934326
vt 0.504150 0.909424
vt 0.971436 0.922363
vt 0.807861 0.412842
vt 0.083984 0.341064
vt 0.295898 0.134033
vt 0.489014 0.958252
vt 0.567383 0.525635
vt 0.303711 0.134033
vt 0.395508 0.954346
vt 0.561279 0.520752
vt 0.284668 0.949951
vt 0.406494 0.941162
vt 0.046143 0.041504
vt 0.103271 0.356201
vt 0.151123 0.451172
vt 0.728760 0.010742
vt 0.867188 0.944336
vt 0.932373 0.561523
vt 0.957764 0.068848
vt 0.006836 0.228516
vt 0.020020 0.021484
vt 0.193604 0.103516
vt 0.019531 0.020508
vt 0.035645 0.003418
vt 0.194336 0.104736
vt 0.589355 0.102051
vt 0.007812 0.226562
vt 0.120361 0.340576
vt 0.125732 0.285645
vt 0.194336 0.101562
vt 0.590576 0.104736
vt 0.588379 0.099365
vt 0.929932 0.741943
vt 0.069336 0.086914
vt 0.937256 0.741455
vt 0.958740 0.383789
vt 0.068604 0.094238
vt 0.957275 0.376709
vt 0.033936 0.046387
vt 0.738525 0.545654
vt 0.954102 0.266113
vt 0.965820 0.298340
vt 0.682373 0.058105
vt 0.850342 0.053711
vt 0.008789 0.096436
vt 0.163330 0.933838
vt 0.275879 0.019043
vt 0.010742 0.095703
vt 0.070801 0.382080
vt 0.071045 0.701416
vt 0.273926 0.019043
vt 0.534424 0.717285
vt 0.758789 0.638428
vt 0.077148 0.701416
vt 0.760010 0.632080
vt 0.911621 0.185059
vt 0.510010 0.809326
vt 0.576416 0.001465
vt 0.992432 0.915283
vt 0.153809 0.041992
vt 0.413086 0.936279
vt 0.972900 0.076660
vt 0.048828 0.043213
vt 0.927979 0.561035
vt 0.160400 0.037354
vt 0.397705 0.001465
vt 0.966309 0.072510
vt 0.047852 0.034912
vt 0.101807 0.349854
vt 0.421143 0.081543
vt 0.871826 0.927246
vt 0.007812 0.234375
vt 0.020020 0.016357
vt 0.038574 0.007324
vt 0.950684 0.058105
vt 0.038818 0.003906
vt 0.589844 0.098633
vt 0.936279 0.743408
vt 0.177734 0.057129
vt 0.195801 0.259521
vt 0.874268 0.916992
vt 0.004150 0.342285
vt 0.053955 0.351562
vt 0.109131 0.336914
vt 0.051025 0.351562
vt 0.106201 0.336426
vt 0.239258 0.294434
vt 0.504150 0.724609
vt 0.157715 0.938965
vt 0.209717 0.543701
vt 0.092529 0.352051
vt 0.099121 0.416504
vt 0.297607 0.959473
vt 0.395508 0.965088
vt 0.404053 0.145508
vt 0.567383 0.512451
vt 0.278320 0.951660
vt 0.921387 0.973877
vt 0.758789 0.504150
vt 0.909912 0.954590
vt 0.867188 0.936279
vt 0.935547 0.553955
vt 0.049316 0.028320
vt 0.427002 0.083252
vt 0.592041 0.130859
vt 0.009277 0.115723
vt 0.048340 0.020020
vt 0.588867 0.123047
vt 0.764648 0.495361
vt 0.899902 0.950928
vt 0.042236 0.009766
vt 0.887451 0.956543
vt 0.950684 0.053955
vt 0.009277 0.108887
vt 0.046143 0.014160
vt 0.893311 0.952148
vt 0.008057 0.111572
vt 0.895752 0.950439
vt 0.065674 0.093994
vt 0.180420 0.048340
vt 0.192871 0.268311
vt 0.943115 0.746094
vt 0.038086 0.180420
vt 0.423828 0.746094
vt 0.713623 0.976074
vt 0.023926 0.048340
vt 0.700195 0.974609
vt 0.279297 0.208496
vt 0.605957 0.395508
vt 0.153076 0.368896
vt 0.636475 0.196777
vt 0.171631 0.353271
vt 0.720703 0.545654
vt 0.179688 0.390137
vt 0.521973 0.576416
vt 0.079102 0.645996
vt 0.134033 0.283936
vt 0.293945 0.023438
vt 0.046631 0.602783
vt 0.219238 0.001709
vt 0.299072 0.007568
vt 0.049316 0.599854
vt 0.223633 0.001709
vt 0.715820 0.514648
vt 0.048096 0.162842
vt 0.460938 0.640869
vt 0.844971 0.326904
vt 0.410156 0.162842
vt 0.428223 0.611328
vt 0.556885 0.111084
vt 0.590576 0.195312
vt 0.735107 0.711670
vt 0.052490 0.162109
vt 0.844482 0.321533
vt 0.857178 0.040039
vt 0.012451 0.604736
vt 0.200195 0.553711
vt 0.434814 0.615234
vt 0.555176 0.102051
vt 0.581299 0.233643
vt 0.077637 0.413574
vt 0.645996 0.499756
vt 0.922852 0.747559
vt 0.992920 0.934326
vt 0.501221 0.806641
vt 0.645996 0.508789
vt 0.992676 0.925049
vt 0.405273 0.953857
vt 0.267578 0.951172
vt 0.917236 0.964111
vt 0.052246 0.035400
vt 0.931152 0.553711
vt 0.051758 0.027832
vt 0.932617 0.546387
vt 0.867920 0.928711
vt 0.936768 0.546631
vt 0.043701 0.008545
vt 0.926025 0.524902
vt 0.044922 0.006104
vt 0.590576 0.092041
vt 0.928223 0.522949
vt 0.935791 0.746582
vt 0.151123 0.520508
vt 0.170898 0.363770
vt 0.283447 0.208740
vt 0.152344 0.373047
vt 0.180664 0.400879
vt 0.151123 0.527832
vt 0.171387 0.357666
vt 0.180664 0.394287
vt 0.138916 0.207764
vt 0.179443 0.687012
vt 0.006104 0.339600
vt 0.109375 0.340576
vt 0.678223 0.134033
vt 0.163330 0.308838
vt 0.304443 0.144043
vt 0.973633 0.574219
vt 0.079102 0.652100
vt 0.299072 0.020020
vt 0.587646 0.957520
vt 0.805664 0.485596
vt 0.081299 0.643555
vt 0.137207 0.285156
vt 0.343750 0.721924
vt 0.424072 0.730713
vt 0.106201 0.340820
vt 0.500488 0.724609
vt 0.682373 0.133545
vt 0.137207 0.279053
vt 0.299072 0.026123
vt 0.419434 0.729248
vt 0.590576 0.951904
vt 0.073975 0.719971
vt 0.592773 0.394775
vt 0.968506 0.571289
vt 0.038574 0.051758
vt 0.218994 0.077148
vt 0.219238 0.004150
vt 0.297119 0.009277
vt 0.036133 0.055420
vt 0.180176 0.101562
vt 0.223633 0.006104
vt 0.719482 0.514893
vt 0.107422 0.459961
vt 0.581299 0.181641
vt 0.744629 0.725098
vt 0.462891 0.639893
vt 0.520996 0.972656
vt 0.552734 0.077881
vt 0.614258 0.427490
vt 0.947021 0.430664
vt 0.083984 0.354492
vt 0.355957 0.964600
vt 0.396240 0.149170
vt 0.493408 0.972900
vt 0.289795 0.961182
vt 0.403320 0.964600
vt 0.052490 0.018311
vt 0.934326 0.536865
vt 0.049561 0.011475
vt 0.931641 0.529297
vt 0.868896 0.917969
vt 0.937500 0.535889
vt 0.177734 0.047119
vt 0.869385 0.910400
vt 0.933838 0.527344
vt 0.942383 0.749268
vt 0.081787 0.648193
vt 0.343018 0.727539
vt 0.800537 0.484375
vt 0.056396 0.031494
vt 0.306885 0.141846
vt 0.975098 0.571045
vt 0.001953 0.337402
vt 0.032471 0.686035
vt 0.052979 0.346680
vt 0.243652 0.290039
vt 0.684814 0.009277
vt 0.068604 0.719971
vt 0.145752 0.540771
vt 0.159912 0.305176
vt 0.968262 0.576660
vt 0.029785 0.682129
vt 0.239258 0.290039
vt 0.502441 0.720703
vt 0.044189 0.600342
vt 0.216309 0.073975
vt 0.297119 0.004883
vt 0.683105 0.012451
vt 0.467285 0.806396
vt 0.515381 0.982666
vt 0.559570 0.083252
vt 0.677490 0.096191
vt 0.177734 0.287354
vt 0.417725 0.165039
vt 0.434814 0.606445
vt 0.494873 0.159180
vt 0.587402 0.240479
vt 0.160400 0.053955
vt 0.388428 0.016357
vt 0.413086 0.952148
vt 0.899414 0.985107
vt 0.900391 0.960205
vt 0.890137 0.966064
vt 0.960938 0.055664
vt 0.060059 0.035400
vt 0.139404 0.541260
vt 0.159912 0.309814
vt 0.306885 0.146484
vt 0.036133 0.050049
vt 0.184082 0.106445
vt 0.216309 0.078613
vt 0.677734 0.013916
vt 0.049316 0.592285
vt 0.072510 0.242188
vt 0.178955 0.308350
vt 0.494873 0.180176
vt 0.714111 0.507324
vt 0.177734 0.300049
vt 0.493896 0.171875
vt 0.689697 0.058105
vt 0.629639 0.452637
vt 0.901367 0.169678
vt 0.281250 0.962158
vt 0.411133 0.965088
vt 0.912354 0.981201
vt 0.905518 0.969727
vt 0.397705 0.016846
vt 0.895264 0.975342
vt 0.970459 0.058594
vt 0.034912 0.487305
vt 0.418945 0.723877
vt 0.588623 0.947021
vt 0.596680 0.390625
vt 0.966797 0.705322
vt 0.967529 0.567139
vt 0.246338 0.087891
vt 0.897949 0.434814
vt 0.947021 0.727295
vt 0.252930 0.087158
vt 0.868896 0.142090
vt 0.892090 0.434326
vt 0.125732 0.376709
vt 0.497803 0.096924
vt 0.397949 0.601807
vt 0.445312 0.246338
vt 0.041504 0.486572
vt 0.055420 0.115723
vt 0.349854 0.721924
vt 0.419189 0.203613
vt 0.424072 0.723877
vt 0.649170 0.445557
vt 0.058105 0.025146
vt 0.974854 0.565674
vt 0.013428 0.647461
vt 0.032471 0.677979
vt 0.378906 0.240479
vt 0.502197 0.715332
vt 0.684814 0.001953
vt 0.112549 0.474854
vt 0.196777 0.305176
vt 0.476318 0.795654
vt 0.504150 0.991455
vt 0.610596 0.402100
vt 0.734375 0.737061
vt 0.184326 0.095947
vt 0.185791 0.307373
vt 0.719971 0.507324
vt 0.197266 0.295166
vt 0.408691 0.152588
vt 0.734375 0.724854
vt 0.072510 0.391602
vt 0.155518 0.926514
vt 0.206787 0.531738
vt 0.273926 0.029297
vt 0.907471 0.592285
vt 0.069580 0.391602
vt 0.071045 0.690918
vt 0.909668 0.590088
vt 0.043945 0.016846
vt 0.077148 0.690918
vt 0.907715 0.583740
vt 0.042969 0.017578
vt 0.078613 0.690918
vt 0.632080 0.467285
vt 0.901367 0.184814
vt 0.729248 0.968994
vt 0.956299 0.729980
vt 0.497314 0.103760
vt 0.350830 0.000977
vt 0.398926 0.608643
vt 0.125732 0.382324
vt 0.151611 0.034668
vt 0.312744 0.195801
vt 0.446533 0.240723
vt 0.001465 0.331299
vt 0.385498 0.240479
vt 0.626953 0.125000
vt 0.689209 0.004639
vt 0.043701 0.592041
vt 0.073975 0.248291
vt 0.682861 0.003906
vt 0.974121 0.534912
vt 0.072510 0.248291
vt 0.490234 0.183350
vt 0.975342 0.534180
vt 0.184082 0.087646
vt 0.185059 0.299072
vt 0.147949 0.258789
vt 0.180176 0.076904
vt 0.186523 0.287109
vt 0.417725 0.157715
vt 0.967285 0.541748
vt 0.687012 0.077393
vt 0.848389 0.037109
vt 0.003418 0.606201
vt 0.803223 0.617188
vt 0.976318 0.501465
vt 0.055420 0.108887
vt 0.350098 0.729248
vt 0.801758 0.476562
vt 0.006104 0.330566
vt 0.676758 0.125244
vt 0.583008 0.949463
vt 0.806885 0.475586
vt 0.497070 0.717041
vt 0.683105 0.124512
vt 0.071533 0.712891
vt 0.145752 0.531982
vt 0.592773 0.385254
vt 0.034424 0.479736
vt 0.588623 0.938477
vt 0.143311 0.271240
vt 0.965576 0.692871
vt 0.967285 0.555420
vt 0.487061 0.172363
vt 0.977539 0.522461
vt 0.052490 0.172607
vt 0.463623 0.630615
vt 0.686523 0.083740
vt 0.849854 0.032715
vt 0.001953 0.612061
vt 0.487061 0.157471
vt 0.581299 0.246582
vt 0.977295 0.507812
vt 0.001953 0.588135
vt 0.200195 0.535156
vt 0.795166 0.604736
vt 0.907959 0.599365
vt 0.615967 0.455078
vt 0.703125 0.059570
vt 0.948242 0.454834
vt 0.716309 0.964355
vt 0.053467 0.109619
vt 0.425537 0.201172
vt 0.800537 0.474854
vt 0.064941 0.029053
vt 0.139404 0.532471
vt 0.042725 0.478760
vt 0.279297 0.645020
vt 0.643799 0.440186
vt 0.146484 0.530029
vt 0.593994 0.383545
vt 0.908936 0.653809
vt 0.960938 0.707764
vt 0.020020 0.641846
vt 0.189941 0.308350
vt 0.385254 0.233154
vt 0.605225 0.406982
vt 0.626709 0.117188
vt 0.674561 0.145020
vt 0.191162 0.098877
vt 0.677734 0.003418
vt 0.969482 0.534180
vt 0.190918 0.096924
vt 0.969727 0.532227
vt 0.465576 0.629883
vt 0.559570 0.069824
vt 0.687012 0.086182
vt 0.486084 0.170166
vt 0.977539 0.520264
vt 0.005127 0.327393
vt 0.632080 0.126465
vt 0.653809 0.021484
vt 0.676514 0.121582
vt 0.066406 0.027344
vt 0.139893 0.530273
vt 0.902344 0.653564
vt 0.496826 0.713379
vt 0.682617 0.120850
vt 0.059082 0.014648
vt 0.414795 0.203613
vt 0.975098 0.556152
vt 0.013428 0.638916
vt 0.043213 0.469238
vt 0.188477 0.302490
vt 0.276855 0.636230
vt 0.503906 0.707031
vt 0.685547 0.096680
vt 0.143311 0.256104
vt 0.185303 0.074951
vt 0.966797 0.677734
vt 0.898193 0.591797
vt 0.044189 0.027100
vt 0.623047 0.470215
vt 0.023926 0.063721
vt 0.704834 0.960205
vt 0.899414 0.137695
vt 0.959961 0.280273
vt 0.032471 0.469238
vt 0.188477 0.292480
vt 0.412109 0.193359
vt 0.417725 0.150146
vt 0.590576 0.927002
vt 0.975830 0.542236
vt 0.190674 0.087646
vt 0.969238 0.522217
vt 0.190918 0.084229
vt 0.970703 0.519287
vt 0.187744 0.074463
vt 0.798828 0.627441
vt 0.969971 0.508545
vt 0.042969 0.037109
vt 0.615234 0.476318
vt 0.696533 0.079590
vt 0.887695 0.585205
vt 0.614502 0.474365
vt 0.697266 0.077393
vt 0.897949 0.589355
vt 0.046143 0.026855
vt 0.897949 0.583252
vt 0.032471 0.065674
vt 0.966797 0.280029
vt 0.165283 0.215576
vt 0.182373 0.660156
vt 0.581787 0.940186
vt 0.807861 0.467041
vt 0.897949 0.640625
vt 0.908203 0.640625
vt 0.959717 0.694336
vt 0.909668 0.622803
vt 0.963867 0.677002
vt 0.186523 0.068359
vt 0.795166 0.622314
vt 0.909668 0.616455
vt 0.965332 0.670898
vt 0.894287 0.600830
vt 0.695312 0.086914
vt 0.886230 0.592529
vt 0.695801 0.084961
vt 0.886230 0.590332
vt 0.286377 0.647461
vt 0.419189 0.194580
vt 0.649170 0.435059
vt 0.800537 0.465820
vt 0.582520 0.935791
vt 0.897705 0.636475
vt 0.467285 0.789062
vt 0.610596 0.413086
vt 0.674561 0.136475
vt 0.686035 0.111084
vt 0.909180 0.637451
vt 0.959473 0.690918
vt 0.052490 0.239014
vt 0.056396 0.001465
vt 0.414795 0.192139
vt 0.588135 0.925537
vt 0.898926 0.624756
vt 0.692383 0.097168
vt 0.883789 0.602783
vt 0.102295 0.236328
vt 0.887939 0.481689
vt 0.141602 0.715332
vt 0.497803 0.123535
vt 0.402344 0.627441
vt 0.286865 0.645264
vt 0.800537 0.463623
vt 0.890137 0.637451
vt 0.632080 0.115479
vt 0.647217 0.012451
vt 0.679932 0.139648
vt 0.686035 0.118652
vt 0.065674 0.014404
vt 0.901611 0.640381
vt 0.064697 0.012451
vt 0.901611 0.638428
vt 0.281738 0.633789
vt 0.501221 0.702148
vt 0.051270 0.237061
vt 0.587891 0.923096
vt 0.898682 0.622559
vt 0.052490 0.232666
vt 0.897705 0.617432
vt 0.904785 0.622559
vt 0.250488 0.074951
vt 0.873291 0.128906
vt 0.499268 0.701660
vt 0.653809 0.009766
vt 0.683105 0.110107
vt 0.279785 0.628174
vt 0.504150 0.696533
vt 0.649170 0.003906
vt 0.692627 0.113525
vt 0.885986 0.618408
vt 0.729248 0.955566
vt 0.953857 0.741943
vt 0.115967 0.239014
vt 0.873047 0.482666
vt 0.140625 0.700928
vt 0.181885 0.217773
vt 0.185547 0.644043
vt 0.286865 0.630859
vt 0.892822 0.623535
vt 0.244141 0.072510
vt 0.948242 0.742676
vt 0.192871 0.218994
vt 0.405518 0.745850
vt 0.497314 0.146484
vt 0.185547 0.632812
vt 0.403320 0.650635
vt 0.405518 0.757568
vt 0.498047 0.136475
vt 0.403564 0.640137
vt 0.893066 0.126465
vt 0.959229 0.267578
vt 0.020020 0.076416
vt 0.295410 0.600098
vt 0.711914 0.948975
vt 0.269775 0.242920
vt 0.583496 0.364990
vt 0.190674 0.365479
vt 0.605957 0.218994
vt 0.208496 0.350098
vt 0.690186 0.523193
vt 0.141846 0.390137
vt 0.544434 0.545654
vt 0.040527 0.373047
vt 0.499023 0.268555
vt 0.200928 0.132324
vt 0.249756 0.393311
vt 0.291016 0.608154
vt 0.720947 0.948486
vt 0.960449 0.750977
vt 0.252930 0.062500
vt 0.302246 0.612061
vt 0.884521 0.122559
vt 0.956543 0.260986
vt 0.067871 0.374268
vt 0.146240 0.001953
vt 0.262939 0.721436
vt 0.229736 0.132568
vt 0.345459 0.201172
vt 0.043945 0.372803
vt 0.263184 0.693359
vt 0.204590 0.132324
vt 0.025635 0.080078
vt 0.301514 0.601318
vt 0.965820 0.263916
vt 0.117676 0.521973
vt 0.273438 0.245117
vt 0.140625 0.400879
vt 0.192139 0.369629
vt 0.117676 0.529541
vt 0.210205 0.354248
vt 0.140625 0.394287
vt 0.129150 0.244385
vt 0.857178 0.117676
vt 0.139404 0.687012
vt 0.246582 0.060059
vt 0.296143 0.612061
vt 0.954346 0.753906
vt 0.887207 0.446289
vt 0.106934 0.721436
vt 0.887939 0.377686
vt 0.086670 0.369629
vt 0.538818 0.093506
vt 0.355957 0.601807
vt 0.403320 0.246338
vt 0.101562 0.265869
vt 0.872070 0.447266
vt 0.106201 0.707275
vt 0.873047 0.375732
vt 0.540283 0.100098
vt 0.637695 0.178955
vt 0.354736 0.608643
vt 0.084717 0.374756
vt 0.195801 0.034668
vt 0.312744 0.151611
vt 0.402100 0.240723
vt 0.887207 0.410156
vt 0.078125 0.519775
vt 0.254150 0.271973
vt 0.571289 0.326904
vt 0.227783 0.355469
vt 0.582764 0.251709
vt 0.242188 0.340332
vt 0.652100 0.510986
vt 0.103760 0.384277
vt 0.576904 0.522705
vt 0.077148 0.718750
vt 0.872070 0.409424
vt 0.079102 0.522949
vt 0.257812 0.274414
vt 0.001709 0.522217
vt 0.102539 0.395020
vt 0.229004 0.359619
vt 0.079102 0.530273
vt 0.243896 0.344482
vt 0.001709 0.529541
vt 0.102539 0.388428
vt 0.113525 0.273438
vt 0.844971 0.079590
vt 0.861084 0.448486
vt 0.101807 0.693848
vt 0.857178 0.001465
vt 0.153809 0.257568
vt 0.836426 0.129395
vt 0.135986 0.660156
vt 0.039062 0.519775
vt 0.256592 0.341064
vt 0.571289 0.287598
vt 0.072754 0.374023
vt 0.267334 0.325195
vt 0.612793 0.510986
vt 0.038574 0.522949
vt 0.259033 0.344482
vt 0.038574 0.530273
vt 0.070557 0.377686
vt 0.269775 0.328613
vt 0.070801 0.706543
vt 0.845459 0.038818
vt 0.861084 0.407715
vt 0.546875 0.119629
vt 0.653564 0.187988
vt 0.351807 0.627441
vt 0.637695 0.002441
vt 0.053711 0.355469
vt 0.575439 0.082764
vt 0.945557 0.262695
vt 0.314453 0.595459
vt 0.362549 0.253662
vt 0.168701 0.265625
vt 0.360352 0.735840
vt 0.132812 0.644043
vt 0.576904 0.089355
vt 0.653809 0.138916
vt 0.951172 0.263672
vt 0.313477 0.602295
vt 0.646240 0.051270
vt 0.051758 0.360596
vt 0.236816 0.048340
vt 0.940918 0.263672
vt 0.299072 0.110596
vt 0.361328 0.248047
vt 0.179688 0.266846
vt 0.361572 0.748047
vt 0.132812 0.632812
vt 0.350586 0.650635
vt 0.361572 0.759766
vt 0.549072 0.132080
vt 0.350830 0.640137
vt 0.279541 0.584229
vt 0.328369 0.266602
vt 0.945557 0.218994
vt 0.035889 0.320068
vt 0.447021 0.251221
vt 0.200928 0.187012
vt 0.267090 0.341309
vt 0.277344 0.590576
vt 0.657227 0.093506
vt 0.951172 0.218262
vt 0.201172 0.001953
vt 0.308594 0.719727
vt 0.273682 0.074707
vt 0.326172 0.261719
vt 0.940918 0.218262
vt 0.229736 0.187256
vt 0.345459 0.146240
vt 0.039551 0.319580
vt 0.308838 0.691650
vt 0.204590 0.187012
vt 0.135254 0.293701
vt 0.309814 0.724365
vt 0.820801 0.083496
vt 0.090088 0.668213
vt 0.311523 0.770996
vt 0.588379 0.107910
vt 0.672119 0.143066
vt 0.305176 0.620605
vt 0.663574 0.043701
vt 0.052734 0.683105
vt 0.261475 0.724365
vt 0.820801 0.035156
vt 0.149170 0.302246
vt 0.312012 0.737061
vt 0.085693 0.652588
vt 0.211426 0.735840
vt 0.311768 0.760986
vt 0.592041 0.119141
vt 0.211182 0.759766
vt 0.302002 0.632324
vt 0.311523 0.749023
vt 0.083740 0.641357
vt 0.210693 0.748047
vt 0.301025 0.643311
vt 0.260498 0.770752
vt 0.264648 0.606934
vt 0.675293 0.092041
vt 0.022461 0.274902
vt 0.393799 0.251221
vt 0.193115 0.238037
vt 0.299072 0.298584
vt 0.044189 0.668457
vt 0.259277 0.737061
vt 0.259033 0.760986
vt 0.259521 0.618652
vt 0.252686 0.017822
vt 0.360352 0.719238
vt 0.222412 0.239258
vt 0.329590 0.094727
vt 0.466797 0.721436
vt 0.026611 0.273438
vt 0.360596 0.690918
vt 0.197266 0.239014
vt 0.467041 0.693359
vt 0.258545 0.749268
vt 0.001709 0.239746
vt 0.179199 0.281494
vt 0.341797 0.267334
vt 0.297852 0.050537
vt 0.416016 0.719727
vt 0.005371 0.237305
vt 0.182617 0.283691
vt 0.416260 0.691406
vt 0.322021 0.877441
vt 0.777100 0.106445
vt 0.781738 0.680908
vt 0.394775 0.098633
vt 0.601318 0.057129
vt 0.744629 0.966797
vt 0.750244 0.020020
vt 0.322510 0.066895
vt 0.576660 0.949463
vt 0.123291 0.538086
vt 0.207520 0.072266
vt 0.325195 0.061768
vt 0.891357 0.825928
vt 0.060303 0.327148
vt 0.270020 0.198486
vt 0.280518 0.315186
vt 0.453369 0.948975
vt 0.847656 0.927002
vt 0.901611 0.816895
vt 0.049805 0.131104
vt 0.100098 0.397217
vt 0.300293 0.961182
vt 0.564209 0.527832
vt 0.580078 0.482666
vt 0.585205 0.130371
vt 0.582764 0.481934
vt 0.831543 0.914062
vt 0.027832 0.417236
vt 0.304443 0.961182
vt 0.918457 0.804443
vt 0.046143 0.721436
vt 0.120361 0.427002
vt 0.358643 0.076660
vt 0.444824 0.922363
vt 0.048340 0.194336
vt 0.068115 0.221924
vt 0.320801 0.274414
vt 0.244141 0.646240
vt 0.905518 0.946045
vt 0.973877 0.231445
vt 0.731445 0.851562
vt 0.934814 0.112549
vt 0.201660 0.505859
vt 0.118652 0.809082
vt 0.366699 0.778564
vt 0.957520 0.504150
vt 0.076172 0.009766
vt 0.258789 0.259033
vt 0.531982 0.162354
vt 0.002197 0.078857
vt 0.596191 0.828125
vt 0.075439 0.076172
vt 0.402832 0.918945
vt 0.583008 0.876221
vt 0.075439 0.076172
vt 0.583008 0.876221
vt 0.365479 0.833984
vt 0.402832 0.918945
vt 0.290527 0.916748
vt 0.402344 0.921875
vt 0.708008 0.061768
vt 0.977539 0.032471
vt 0.597900 0.176758
vt 0.858154 0.221436
vt 0.613525 0.175293
vt 0.049561 0.854736
vt 0.114258 0.854004
vt 0.350098 0.905518
vt 0.141846 0.479492
vt 0.148926 0.916992
vt 0.287842 0.843262
vt 0.898193 0.577148
vt 0.350342 0.233154
vt 0.561768 0.956299
vt 0.016113 0.601074
vt 0.274414 0.208252
vt 0.202637 0.246582
vt 0.464600 0.241943
vt 0.896729 0.823242
vt 0.447266 0.940918
vt 0.559082 0.777588
vt 0.032471 0.422852
vt 0.047607 0.135986
vt 0.098145 0.402344
vt 0.362305 0.083252
vt 0.445557 0.929443
vt 0.919434 0.806152
vt 0.117188 0.419922
vt 0.334961 0.001709
vt 0.356201 0.076660
vt 0.442627 0.920898
vt 0.215088 0.054688
vt 0.431641 0.915527
vt 0.220703 0.055176
vt 0.350830 0.071289
vt 0.253174 0.361572
vt 0.268311 0.512451
vt 0.608154 0.214355
vt 0.192627 0.480957
vt 0.225098 0.244629
vt 0.607422 0.023926
vt 0.267090 0.511963
vt 0.606445 0.212891
vt 0.255371 0.361328
vt 0.428711 0.168457
vt 0.030273 0.333008
vt 0.085693 0.279053
vt 0.279053 0.239502
vt 0.605469 0.024902
vt 0.226318 0.243652
vt 0.257812 0.543213
vt 0.265381 0.511719
vt 0.426514 0.168457
vt 0.896484 0.945557
vt 0.028809 0.332520
vt 0.259766 0.542969
vt 0.277588 0.238037
vt 0.170166 0.523438
vt 0.722168 0.887207
vt 0.821045 0.147217
vt 0.329102 0.978271
vt 0.602539 0.470215
vt 0.081787 0.009033
vt 0.317627 0.962646
vt 0.065918 0.757812
vt 0.067871 0.588867
vt 0.632324 0.840820
vt 0.897217 0.485352
vt 0.002197 0.584717
vt 0.002441 0.770508
vt 0.231201 0.529785
vt 0.237305 0.883545
vt 0.341064 0.891357
vt 0.314209 0.866211
vt 0.083252 0.598877
vt 0.781738 0.666016
vt 0.929199 0.274658
vt 0.041748 0.191162
vt 0.132568 0.087891
vt 0.206543 0.078613
vt 0.324951 0.068359
vt 0.518066 0.267334
vt 0.759521 0.445801
vt 0.037598 0.189453
vt 0.128418 0.086914
vt 0.208252 0.243652
vt 0.893066 0.828613
vt 0.095703 0.389160
vt 0.116699 0.593262
vt 0.171875 0.269043
vt 0.561279 0.793945
vt 0.132568 0.081787
vt 0.202637 0.240479
vt 0.470215 0.241943
vt 0.760498 0.439941
vt 0.020020 0.593506
vt 0.117432 0.589844
vt 0.313721 0.608154
vt 0.121582 0.588867
vt 0.270020 0.203857
vt 0.279785 0.320801
vt 0.317627 0.610107
vt 0.114990 0.585938
vt 0.276611 0.315186
vt 0.448242 0.949463
vt 0.559570 0.786621
vt 0.465576 0.723877
vt 0.466553 0.233154
vt 0.724854 0.450195
vt 0.760986 0.430664
vt 0.905273 0.820068
vt 0.719971 0.440430
vt 0.913086 0.812744
vt 0.582764 0.488770
vt 0.585938 0.137207
vt 0.834473 0.920166
vt 0.027832 0.422852
vt 0.303955 0.967041
vt 0.050781 0.135254
vt 0.301514 0.965576
vt 0.212158 0.056396
vt 0.522705 0.163330
vt 0.611084 0.815430
vt 0.245605 0.641357
vt 0.646729 0.865234
vt 0.868408 0.493408
vt 0.073486 0.093750
vt 0.588379 0.892578
vt 0.169678 0.813965
vt 0.316895 0.865967
vt 0.743164 0.554932
vt 0.141357 0.916992
vt 0.360840 0.233154
vt 0.420898 0.001221
vt 0.552490 0.961426
vt 0.650635 0.084473
vt 0.290039 0.840576
vt 0.900146 0.579590
vt 0.037598 0.195801
vt 0.212646 0.078613
vt 0.889404 0.833984
vt 0.020020 0.599121
vt 0.313965 0.613525
vt 0.270996 0.208496
vt 0.315430 0.614014
vt 0.559082 0.791504
vt 0.030518 0.426758
vt 0.048828 0.139893
vt 0.339111 0.010742
vt 0.402832 0.771484
vt 0.440430 0.929932
vt 0.001709 0.276611
vt 0.115479 0.425049
vt 0.335693 0.008301
vt 0.925049 0.806396
vt 0.956543 0.234375
vt 0.215576 0.062500
vt 0.405518 0.761230
vt 0.433350 0.922119
vt 0.675781 0.780029
vt 0.960449 0.234619
vt 0.112549 0.417236
vt 0.219971 0.061768
vt 0.352539 0.077637
vt 0.003174 0.457275
vt 0.049316 0.301514
vt 0.118164 0.297607
vt 0.200195 0.058838
vt 0.971191 0.240723
vt 0.121826 0.295166
vt 0.967773 0.237793
vt 0.474854 0.709229
vt 0.965820 0.235840
vt 0.046631 0.300537
vt 0.197754 0.057373
vt 0.244141 0.653809
vt 0.969971 0.238037
vt 0.206543 0.056885
vt 0.050537 0.756592
vt 0.052979 0.590088
vt 0.022461 0.884277
vt 0.129395 0.891357
vt 0.390869 0.827637
vt 0.854248 0.692627
vt 0.041748 0.176514
vt 0.102783 0.217285
vt 0.125000 0.605469
vt 0.599854 0.080322
vt 0.645508 0.946533
vt 0.104736 0.216553
vt 0.598145 0.081787
vt 0.923584 0.536377
vt 0.517822 0.272705
vt 0.761719 0.451172
vt 0.020020 0.605957
vt 0.272949 0.214355
vt 0.313721 0.619873
vt 0.389160 0.146729
vt 0.419678 0.958984
vt 0.457520 0.730713
vt 0.764648 0.439453
vt 0.099609 0.272461
vt 0.444824 0.949707
vt 0.556152 0.787354
vt 0.441895 0.941162
vt 0.553955 0.778564
vt 0.726318 0.437744
vt 0.028076 0.427490
vt 0.302979 0.971436
vt 0.050781 0.140137
vt 0.301758 0.970703
vt 0.337891 0.012695
vt 0.403564 0.773926
vt 0.003174 0.281250
vt 0.180420 0.069336
vt 0.336670 0.012695
vt 0.599854 0.035645
vt 0.722900 0.432129
vt 0.921875 0.812500
vt 0.217285 0.068604
vt 0.405518 0.768066
vt 0.112549 0.422852
vt 0.220459 0.067627
vt 0.017090 0.020508
vt 0.212891 0.063232
vt 0.362305 0.102783
vt 0.430176 0.922607
vt 0.226562 0.249756
vt 0.260498 0.548828
vt 0.277588 0.243652
vt 0.607422 0.029297
vt 0.255859 0.365479
vt 0.265381 0.516602
vt 0.428711 0.164062
vt 0.069824 0.123291
vt 0.593506 0.918213
vt 0.745117 0.790039
vt 0.035645 0.757812
vt 0.038086 0.590332
vt 0.018555 0.589600
vt 0.874268 0.897949
vt 0.017090 0.764893
vt 0.018555 0.589600
vt 0.017090 0.764893
vt 0.018555 0.589600
vt 0.874268 0.897949
vt 0.843262 0.225098
vt 0.909668 0.308105
vt 0.632080 0.175537
vt 0.900146 0.248047
vt 0.072998 0.589355
vt 0.777100 0.469727
vt 0.926270 0.534424
vt 0.303711 0.184814
vt 0.374268 0.243652
vt 0.393066 0.151123
vt 0.764404 0.445557
vt 0.308350 0.180664
vt 0.325195 0.077148
vt 0.377686 0.238770
vt 0.380859 0.591064
vt 0.414551 0.965576
vt 0.509033 0.268799
vt 0.584229 0.957031
vt 0.595459 0.169434
vt 0.174805 0.272461
vt 0.557129 0.796387
vt 0.374268 0.234131
vt 0.393066 0.141846
vt 0.424805 0.956299
vt 0.593018 0.165039
vt 0.095215 0.274170
vt 0.440186 0.951660
vt 0.032471 0.484131
vt 0.166504 0.795654
vt 0.373047 0.119873
vt 0.420654 0.947998
vt 0.465576 0.735352
vt 0.733887 0.445312
vt 0.437256 0.941895
vt 0.029541 0.431641
vt 0.048828 0.145020
vt 0.301270 0.975830
vt 0.432861 0.932373
vt 0.219482 0.073486
vt 0.405518 0.773438
vt 0.001709 0.282227
vt 0.112549 0.428711
vt 0.178223 0.069336
vt 0.220947 0.073486
vt 0.923828 0.812744
vt 0.956055 0.241211
vt 0.362305 0.109375
vt 0.427979 0.928711
vt 0.490967 0.585205
vt 0.647461 0.447510
vt 0.165283 0.047363
vt 0.596436 0.034912
vt 0.723877 0.428955
vt 0.958008 0.241455
vt 0.018555 0.024902
vt 0.360596 0.106689
vt 0.644287 0.447510
vt 0.003174 0.464111
vt 0.200684 0.066895
vt 0.508057 0.586914
vt 0.733887 0.426270
vt 0.966553 0.247314
vt 0.203857 0.065674
vt 0.421631 0.927002
vt 0.493408 0.579590
vt 0.202393 0.065674
vt 0.420410 0.927246
vt 0.001709 0.462402
vt 0.257568 0.279785
vt 0.966553 0.245605
vt 0.208740 0.063721
vt 0.171631 0.505127
vt 0.156006 0.520264
vt 0.822021 0.160156
vt 0.648926 0.876465
vt 0.840576 0.667480
vt 0.852051 0.835938
vt 0.841797 0.647949
vt 0.844238 0.818359
vt 0.308350 0.187500
vt 0.513428 0.273926
vt 0.305908 0.188965
vt 0.764648 0.450195
vt 0.378662 0.593750
vt 0.385742 0.090820
vt 0.598633 0.171143
vt 0.124023 0.276611
vt 0.248047 0.371094
vt 0.255859 0.011230
vt 0.316162 0.282227
vt 0.363770 0.178711
vt 0.373291 0.587402
vt 0.422607 0.961426
vt 0.088623 0.389160
vt 0.096191 0.279053
vt 0.123535 0.502197
vt 0.180420 0.269043
vt 0.203369 0.248535
vt 0.356689 0.181152
vt 0.430176 0.956543
vt 0.099365 0.277832
vt 0.554443 0.792480
vt 0.252441 0.365234
vt 0.437012 0.952148
vt 0.248047 0.365967
vt 0.316162 0.276367
vt 0.432861 0.952881
vt 0.599854 0.158936
vt 0.428467 0.953857
vt 0.596436 0.161621
vt 0.026123 0.484131
vt 0.168701 0.801514
vt 0.271973 0.596436
vt 0.767822 0.189209
vt 0.030518 0.475586
vt 0.175781 0.795654
vt 0.428467 0.944824
vt 0.762451 0.181396
vt 0.197754 0.074951
vt 0.375488 0.109619
vt 0.418701 0.937744
vt 0.732666 0.435059
vt 0.179199 0.072510
vt 0.223633 0.077148
vt 0.334961 0.016846
vt 0.404785 0.778564
vt 0.425537 0.934814
vt 0.202393 0.073975
vt 0.422852 0.935547
vt 0.164551 0.054443
vt 0.510254 0.594238
vt 0.729736 0.432373
vt 0.207764 0.069336
vt 0.492920 0.584717
vt 0.253174 0.277588
vt 0.962891 0.243408
vt 0.046631 0.305176
vt 0.121826 0.300537
vt 0.968018 0.242920
vt 0.736328 0.880127
vt 0.749268 0.421143
vt 0.837158 0.144287
vt 0.010498 0.060547
vt 0.591064 0.453369
vt 0.015381 0.592041
vt 0.838623 0.685547
vt 0.863281 0.850586
vt 0.872070 0.900391
vt 0.040771 0.874023
vt 0.127197 0.871094
vt 0.332764 0.871094
vt 0.780029 0.668213
vt 0.155762 0.813965
vt 0.311523 0.853516
vt 0.369385 0.024658
vt 0.141602 0.465332
vt 0.910156 0.572998
vt 0.417725 0.979736
vt 0.571289 0.964600
vt 0.308350 0.194336
vt 0.518066 0.279053
vt 0.764404 0.456299
vt 0.091309 0.404053
vt 0.114990 0.605957
vt 0.126465 0.516602
vt 0.598145 0.070557
vt 0.922852 0.547607
vt 0.126465 0.281250
vt 0.271240 0.229248
vt 0.374512 0.592773
vt 0.097168 0.283691
vt 0.179443 0.273682
vt 0.197266 0.059814
vt 0.205078 0.251221
vt 0.359375 0.183350
vt 0.100098 0.282471
vt 0.554199 0.797119
vt 0.253662 0.014648
vt 0.311279 0.281982
vt 0.390137 0.087891
vt 0.599854 0.166504
vt 0.061523 0.431152
vt 0.092041 0.279541
vt 0.252930 0.369873
vt 0.437500 0.956299
vt 0.271973 0.601562
vt 0.766113 0.193359
vt 0.175049 0.801514
vt 0.762207 0.187256
vt 0.172119 0.801270
vt 0.377686 0.125000
vt 0.426270 0.950928
vt 0.377686 0.118896
vt 0.423828 0.945312
vt 0.596436 0.041748
vt 0.922363 0.819092
vt 0.955566 0.248047
vt 0.166504 0.053711
vt 0.957764 0.248291
vt 0.506104 0.592041
vt 0.962891 0.251465
vt 0.253174 0.283691
vt 0.960938 0.249512
vt 0.015869 0.026855
vt 0.211182 0.069336
vt 0.744141 0.433594
vt 0.838623 0.157471
vt 0.259521 0.106689
vt 0.329834 0.994385
vt 0.602051 0.454590
vt 0.366943 0.175781
vt 0.895508 0.308594
vt 0.841797 0.627441
vt 0.843750 0.796387
vt 0.364502 0.822021
vt 0.561279 0.305176
vt 0.732910 0.958496
vt 0.795654 0.663818
vt 0.911865 0.272461
vt 0.974365 0.822998
vt 0.137207 0.465332
vt 0.140381 0.904541
vt 0.416260 0.988281
vt 0.564209 0.966797
vt 0.566895 0.021484
vt 0.924805 0.547119
vt 0.099365 0.288330
vt 0.177734 0.279053
vt 0.553955 0.803223
vt 0.060791 0.435547
vt 0.251953 0.374756
vt 0.363281 0.183594
vt 0.124023 0.282227
vt 0.255859 0.016846
vt 0.269287 0.228271
vt 0.390137 0.091064
vt 0.273193 0.603760
vt 0.764160 0.195068
vt 0.173096 0.805908
vt 0.762695 0.192139
vt 0.171631 0.805908
vt 0.274414 0.600830
vt 0.166504 0.060059
vt 0.506104 0.598145
vt 0.957520 0.254395
vt 0.018555 0.032471
vt 0.213135 0.075195
vt 0.493408 0.592041
vt 0.646240 0.454834
vt 0.143555 0.514893
vt 0.818115 0.173096
vt 0.316406 0.978516
vt 0.083252 0.019775
vt 0.307373 0.966553
vt 0.941895 0.135498
vt 0.002930 0.058838
vt 0.594482 0.848389
vt 0.069336 0.159424
vt 0.749268 0.822021
vt 0.426270 0.860352
vt 0.567383 0.331543
vt 0.850098 0.578857
vt 0.863281 0.737549
vt 0.016357 0.993652
vt 0.070801 0.854248
vt 0.348877 0.884766
vt 0.972168 0.121582
vt 0.404541 0.844971
vt 0.860596 0.710938
vt 0.071777 0.601318
vt 0.771973 0.480957
vt 0.784424 0.679443
vt 0.288086 0.828369
vt 0.739258 0.450928
vt 0.912109 0.575684
vt 0.116943 0.516602
vt 0.430176 0.973145
vt 0.566895 0.001221
vt 0.921387 0.556885
vt 0.269287 0.234375
vt 0.373291 0.598145
vt 0.388916 0.097168
vt 0.063232 0.434814
vt 0.092041 0.283691
vt 0.195068 0.062256
vt 0.203369 0.254395
vt 0.172852 0.809326
vt 0.762207 0.195312
vt 0.171387 0.809082
vt 0.274414 0.604248
vt 0.158447 0.503174
vt 0.078857 0.023193
vt 0.529297 0.175781
vt 0.946289 0.138672
vt 0.982178 0.039307
vt 0.214600 0.902100
vt 0.233643 0.554932
vt 0.982178 0.724854
vt 0.423828 0.980957
vt 0.567871 0.011230
vt 0.141846 0.453125
vt 0.570557 0.009766
vt 0.918701 0.565674
vt 0.923340 0.556396
vt 0.768799 0.466797
vt 0.928223 0.547119
vt 0.063232 0.439453
vt 0.197266 0.066406
vt 0.363770 0.187988
vt 0.171143 0.812500
vt 0.274414 0.607422
vt 0.762695 0.198975
vt 0.520508 0.175293
vt 0.622070 0.821045
vt 0.974609 0.042725
vt 0.065918 0.782471
vt 0.633545 0.866943
vt 0.008057 0.695312
vt 0.918945 0.250488
vt 0.058105 0.867432
vt 0.971191 0.138672
vt 0.242920 0.927490
vt 0.744141 0.450195
vt 0.835205 0.171875
vt 0.349365 0.204834
vt 0.645752 0.887695
vt 0.097168 0.060059
vt 0.153564 0.921875
vt 0.246582 0.424561
vt 0.593506 0.851562
vt 0.030029 0.699707
vt 0.348145 0.174561
vt 0.880859 0.310303
vt 0.155029 0.459229
vt 0.520996 0.572998
vt 0.162109 0.451416
vt 0.217285 0.532959
vt 0.294434 0.010742
vt 0.520996 0.562500
vt 0.950195 0.012939
vt 0.022949 0.993164
vt 0.172607 0.526123
vt 0.786133 0.574463
vt 0.979004 0.120605
vt 0.305664 0.838867
vt 0.718994 0.454346
vt 0.802246 0.630127
vt 0.749512 0.456787
vt 0.920654 0.568359
vt 0.760498 0.462158
vt 0.926025 0.557617
vt 0.069580 0.189697
vt 0.750732 0.849609
vt 0.225830 0.479736
vt 0.378906 0.204346
vt 0.528320 0.920410
vt 0.745850 0.703125
vt 0.886475 0.914062
vt 0.021240 0.783203
vt 0.254395 0.545654
vt 0.726562 0.037598
vt 0.788818 0.944092
vt 0.977539 0.001953
vt 0.001953 0.918213
vt 0.028320 0.411621
vt 0.727783 0.016602
vt 0.791504 0.923828
vt 0.147949 0.466553
vt 0.516113 0.582764
vt 0.873291 0.949707
vt 0.958740 0.031738
vt 0.516113 0.572266
vt 0.952393 0.023438
vt 0.517334 0.562744
vt 0.947266 0.015625
vt 0.052490 0.694824
vt 0.288818 0.003662
vt 0.647461 0.146973
vt 0.740479 0.132080
vt 0.942871 0.006592
vt 0.838623 0.603760
vt 0.848145 0.769043
vt 0.166748 0.533691
vt 0.246338 0.765625
vt 0.794678 0.578857
vt 0.016602 0.976807
vt 0.345459 0.869141
vt 0.765137 0.478027
vt 0.783447 0.690186
vt 0.143799 0.497803
vt 0.129150 0.499023
vt 0.803223 0.189941
vt 0.059326 0.322021
vt 0.606201 0.441650
vt 0.058594 0.325195
vt 0.603027 0.440918
vt 0.260010 0.118896
vt 0.316650 0.991211
vt 0.064941 0.793701
vt 0.635742 0.877930
vt 0.095215 0.076416
vt 0.230225 0.421875
vt 0.384766 0.911133
vt 0.384766 0.911133
vt 0.007080 0.915039
vt 0.033936 0.407959
vt 0.954346 0.031494
vt 0.013672 0.911621
vt 0.048340 0.696777
vt 0.941162 0.010742
vt 0.048340 0.685303
vt 0.747070 0.140625
vt 0.933838 0.002197
vt 0.741943 0.891846
vt 0.786133 0.591797
vt 0.975830 0.138428
vt 0.058350 0.317627
vt 0.391602 0.127930
vt 0.610352 0.440430
vt 0.718506 0.181885
vt 0.063965 0.316162
vt 0.375732 0.721680
vt 0.064697 0.319092
vt 0.270996 0.112793
vt 0.610596 0.444580
vt 0.051514 0.780273
vt 0.035400 0.781494
vt 0.004639 0.411133
vt 0.325684 0.574463
vt 0.511963 0.910645
vt 0.541260 0.912109
vt 0.687500 0.795898
vt 0.751221 0.684570
vt 0.821533 0.822998
vt 0.873291 0.959229
vt 0.958984 0.042725
vt 0.689209 0.435791
vt 0.934326 0.007080
vt 0.736816 0.922119
vt 0.757812 0.665527
vt 0.234131 0.767090
vt 0.744629 0.900635
vt 0.764404 0.642334
vt 0.797119 0.590576
vt 0.375732 0.840820
vt 0.747803 0.976318
vt 0.829346 0.692871
vt 0.198486 0.482910
vt 0.407227 0.205566
vt 0.236328 0.943359
vt 0.262695 0.949219
vt 0.833008 0.187744
vt 0.966797 0.500000
vt 0.104492 0.502197
vt 0.807617 0.215088
vt 0.062012 0.313477
vt 0.379395 0.722168
vt 0.021729 0.794189
vt 0.254395 0.554932
vt 0.978760 0.744629
vt 0.847656 0.859131
vt 0.882324 0.917480
vt 0.381104 0.914795
vt 0.787109 0.963623
vt 0.991455 0.015137
vt 0.392090 0.048340
vt 0.573486 0.977783
vt 0.953369 0.040527
vt 0.021240 0.959473
vt 0.615967 0.199463
vt 0.257568 0.350830
vt 0.557617 0.188477
vt 0.727783 0.462402
vt 0.747803 0.150391
vt 0.925537 0.003906
vt 0.328857 0.849365
vt 0.801514 0.653564
vt 0.733154 0.460938
vt 0.811768 0.619141
vt 0.755371 0.473389
vt 0.073486 0.222168
vt 0.750732 0.881836
vt 0.054199 0.511475
vt 0.815430 0.268799
vt 0.058350 0.309814
vt 0.078613 0.508057
vt 0.385010 0.721680
vt 0.715820 0.174316
vt 0.078613 0.516602
vt 0.390625 0.120850
vt 0.712158 0.181885
vt 0.302979 0.980713
vt 0.948486 0.124512
vt 0.011963 0.040527
vt 0.592529 0.433105
vt 0.050537 0.791260
vt 0.476318 0.645996
vt 0.094238 0.095703
vt 0.210693 0.419678
vt 0.001465 0.408936
vt 0.329834 0.572754
vt 0.587158 0.463867
vt 0.830566 0.847412
vt 0.394775 0.057129
vt 0.870361 0.967773
vt 0.954346 0.049316
vt 0.390137 0.054443
vt 0.569824 0.982910
vt 0.650635 0.465576
vt 0.098877 0.475098
vt 0.167480 0.457764
vt 0.209473 0.532959
vt 0.260498 0.352783
vt 0.576904 0.995850
vt 0.680176 0.433105
vt 0.925781 0.007324
vt 0.098877 0.457520
vt 0.643555 0.155762
vt 0.739990 0.426758
vt 0.740479 0.141357
vt 0.100342 0.466064
vt 0.212891 0.541260
vt 0.294434 0.001221
vt 0.641357 0.146973
vt 0.732422 0.937012
vt 0.759277 0.680908
vt 0.170654 0.487305
vt 0.435547 0.207275
vt 0.073242 0.235840
vt 0.259033 0.922363
vt 0.750732 0.894287
vt 0.757080 0.437988
vt 0.071777 0.505859
vt 0.811768 0.249268
vt 0.075439 0.507324
vt 0.186523 0.590576
vt 0.355713 0.080811
vt 0.388428 0.722168
vt 0.493408 0.599854
vt 0.075439 0.515869
vt 0.185303 0.583252
vt 0.391602 0.117432
vt 0.388428 0.119873
vt 0.544189 0.935791
vt 0.609863 0.432129
vt 0.639893 0.421875
vt 0.665527 0.945557
vt 0.068604 0.313232
vt 0.376221 0.727539
vt 0.609131 0.482666
vt 0.069336 0.315918
vt 0.272217 0.118408
vt 0.612061 0.482666
vt 0.034180 0.792725
vt 0.979492 0.758301
vt 0.325684 0.593506
vt 0.755371 0.703125
vt 0.890137 0.923096
vt 0.257568 0.362305
vt 0.587158 0.993652
vt 0.727783 0.472900
vt 0.017822 0.943115
vt 0.632080 0.196533
vt 0.900879 0.269043
vt 0.103271 0.455322
vt 0.735840 0.426758
vt 0.877686 0.223633
vt 0.106445 0.465332
vt 0.573486 0.503174
vt 0.871826 0.215576
vt 0.052246 0.885742
vt 0.113525 0.104980
vt 0.732422 0.903076
vt 0.793701 0.602783
vt 0.743652 0.468018
vt 0.357666 0.081543
vt 0.491699 0.601318
vt 0.833252 0.282715
vt 0.032959 0.518555
vt 0.186523 0.581543
vt 0.235840 0.296143
vt 0.389160 0.116455
vt 0.493408 0.610596
vt 0.636719 0.421143
vt 0.825684 0.288330
vt 0.378662 0.728027
vt 0.002441 0.039795
vt 0.597900 0.867188
vt 0.626221 0.834473
vt 0.974609 0.056641
vt 0.064453 0.801270
vt 0.632812 0.887207
vt 0.390137 0.063232
vt 0.641602 0.464844
vt 0.867188 0.975830
vt 0.949707 0.191406
vt 0.563965 0.986816
vt 0.645752 0.461426
vt 0.037598 0.971191
vt 0.597900 0.206543
vt 0.861572 0.251221
vt 0.818359 0.799805
vt 0.163574 0.465820
vt 0.200928 0.298340
vt 0.559570 0.199707
vt 0.601807 0.906738
vt 0.722168 0.472656
vt 0.598145 0.103760
vt 0.739258 0.437012
vt 0.742920 0.152100
vt 0.006104 0.500977
vt 0.875244 0.224121
vt 0.001953 0.493408
vt 0.870361 0.217041
vt 0.002686 0.852783
vt 0.037598 0.979980
vt 0.002686 0.839111
vt 0.028320 0.969727
vt 0.001221 0.827393
vt 0.016357 0.964355
vt 0.344971 0.854492
vt 0.800537 0.672119
vt 0.709229 0.529785
vt 0.832275 0.215576
vt 0.948730 0.519531
vt 0.384277 0.727539
vt 0.027832 0.512451
vt 0.225830 0.297607
vt 0.636719 0.431641
vt 0.664551 0.954834
vt 0.955811 0.127441
vt 0.980713 0.056641
vt 0.093262 0.125732
vt 0.182861 0.422119
vt 0.001465 0.430176
vt 0.389404 0.836182
vt 0.590576 0.483887
vt 0.677734 0.811768
vt 0.329834 0.593506
vt 0.841309 0.863037
vt 0.886230 0.925049
vt 0.175537 0.928223
vt 0.244629 0.446533
vt 0.146973 0.480957
vt 0.881836 0.960938
vt 0.973389 0.086914
vt 0.123047 0.966064
vt 0.206543 0.306885
vt 0.221924 0.245605
vt 0.595215 0.989258
vt 0.727295 0.480957
vt 0.001953 0.507324
vt 0.302246 0.205078
vt 0.727295 0.946533
vt 0.760010 0.691162
vt 0.871582 0.230713
vt 0.728516 0.944336
vt 0.761475 0.688477
vt 0.736084 0.436523
vt 0.880859 0.232910
vt 0.105469 0.476318
vt 0.116699 0.122070
vt 0.174316 0.458984
vt 0.570312 0.513428
vt 0.057129 0.885010
vt 0.727295 0.897217
vt 0.979004 0.154297
vt 0.842529 0.741211
vt 0.001221 0.867920
vt 0.041748 0.995850
vt 0.172607 0.545898
vt 0.251221 0.779785
vt 0.837891 0.713379
vt 0.760498 0.494141
vt 0.795654 0.692139
vt 0.961182 0.839844
vt 0.149902 0.483643
vt 0.458252 0.209229
vt 0.353760 0.086914
vt 0.387939 0.728027
vt 0.555176 0.990723
vt 0.642822 0.453613
vt 0.798340 0.828613
vt 0.200928 0.308350
vt 0.216309 0.243652
vt 0.607910 0.913818
vt 0.327637 0.001709
vt 0.878418 0.233398
vt 0.157227 0.292480
vt 0.299805 0.218262
vt 0.729248 0.719238
vt 0.760742 0.952393
vt 0.865479 0.219727
vt 0.185059 0.037109
vt 0.462646 0.168457
vt 0.684570 0.141113
vt 0.838623 0.273682
vt 0.355713 0.087402
vt 0.457764 0.174316
vt 0.838623 0.282471
vt 0.038330 0.503174
vt 0.225830 0.284180
vt 0.272949 0.124512
vt 0.533203 0.152344
vt 0.941895 0.097656
vt 0.386963 0.834229
vt 0.587158 0.484131
vt 0.835205 0.864502
vt 0.385010 0.844482
vt 0.525635 0.921875
vt 0.687500 0.812500
vt 0.019775 0.804932
vt 0.968506 0.745361
vt 0.001221 0.825195
vt 0.197754 0.925049
vt 0.244873 0.468994
vt 0.960449 0.724854
vt 0.637939 0.454834
vt 0.938477 0.192383
vt 0.053955 0.962891
vt 0.842529 0.251221
vt 0.909668 0.334473
vt 0.005615 0.937500
vt 0.774902 0.837402
vt 0.810303 0.930908
vt 0.114502 0.967285
vt 0.221436 0.254639
vt 0.052490 0.144287
vt 0.552490 0.197266
vt 0.598145 0.111816
vt 0.740479 0.160400
vt 0.333008 0.009033
vt 0.594971 0.111572
vt 0.737305 0.445557
vt 0.881836 0.241943
vt 0.036133 0.907471
vt 0.153809 0.299805
vt 0.573486 0.513916
vt 0.862305 0.213867
vt 0.308350 0.960449
vt 0.593506 0.052490
vt 0.764404 0.950439
vt 0.776367 0.688965
vt 0.309326 0.952637
vt 0.777100 0.681152
vt 0.311035 0.936279
vt 0.777100 0.664551
vt 0.235596 0.782715
vt 0.312500 0.923340
vt 0.777100 0.651123
vt 0.077881 0.253174
vt 0.254150 0.938965
vt 0.128418 0.481201
vt 0.482422 0.209961
vt 0.183350 0.578369
vt 0.727783 0.550293
vt 0.781494 0.138916
vt 0.833740 0.248047
vt 0.173340 0.580078
vt 0.454834 0.723633
vt 0.836426 0.258545
vt 0.259521 0.134033
vt 0.302246 0.994385
vt 0.951172 0.112061
vt 0.091309 0.161621
vt 0.150146 0.424805
vt 0.050049 0.800537
vt 0.468018 0.640625
vt 0.033936 0.801514
vt 0.476318 0.626709
vt 0.971191 0.760010
vt 0.094971 0.988281
vt 0.547607 0.992920
vt 0.640869 0.446289
vt 0.010986 0.934570
vt 0.771484 0.832031
vt 0.216064 0.254150
vt 0.614258 0.922607
vt 0.059326 0.243652
vt 0.160889 0.476562
vt 0.602783 0.021484
vt 0.983643 0.075195
vt 0.006348 0.714111
vt 0.032959 0.930176
vt 0.918945 0.269775
vt 0.302246 0.220459
vt 0.763184 0.954834
vt 0.776123 0.693848
vt 0.194336 0.037109
vt 0.448486 0.727539
vt 0.835205 0.265869
vt 0.875732 0.038574
vt 0.246338 0.809814
vt 0.382324 0.842529
vt 0.825195 0.864014
vt 0.001709 0.947266
vt 0.802246 0.846680
vt 0.774902 0.850830
vt 0.811279 0.944336
vt 0.635010 0.447021
vt 0.928955 0.192139
vt 0.096191 0.981201
vt 0.642090 0.439209
vt 0.100342 0.974854
vt 0.646484 0.433594
vt 0.880859 0.972412
vt 0.976318 0.098145
vt 0.105957 0.970215
vt 0.221924 0.264160
vt 0.329834 0.010010
vt 0.880127 0.242432
vt 0.113525 0.131104
vt 0.173828 0.469482
vt 0.255859 0.582764
vt 0.380371 0.736084
vt 0.540039 0.153320
vt 0.275879 0.127930
vt 0.376465 0.737793
vt 0.536865 0.154297
vt 0.612061 0.473633
vt 0.023682 0.500000
vt 0.666992 0.967529
vt 0.115967 0.099854
vt 0.860840 0.038818
vt 0.245361 0.824707
vt 0.226562 0.446777
vt 0.372559 0.887451
vt 0.104248 0.966064
vt 0.217773 0.265137
vt 0.620361 0.931641
vt 0.650635 0.424561
vt 0.018066 0.498779
vt 0.069336 0.249756
vt 0.955322 0.425049
vt 0.980225 0.088379
vt 0.026367 0.928467
vt 0.767822 0.815674
vt 0.117188 0.131104
vt 0.157227 0.308350
vt 0.259033 0.583496
vt 0.573242 0.522705
vt 0.721191 0.730713
vt 0.815918 0.775879
vt 0.715088 0.917969
vt 0.327881 0.830811
vt 0.816650 0.648926
vt 0.090332 0.191650
vt 0.123779 0.429688
vt 0.106934 0.479736
vt 0.505127 0.212402
vt 0.383789 0.736572
vt 0.543457 0.153076
vt 0.269531 0.097412
vt 0.713623 0.430176
vt 0.057129 0.341064
vt 0.749756 0.196045
vt 0.067139 0.325195
vt 0.755371 0.653564
vt 0.521240 0.689453
vt 0.635742 0.437744
vt 0.919434 0.191895
vt 0.876221 0.981934
vt 0.948975 0.202393
vt 0.625977 0.938721
vt 0.641846 0.429443
vt 0.911133 0.188721
vt 0.027832 0.721436
vt 0.053955 0.934570
vt 0.883545 0.333008
vt 0.791016 0.808105
vt 0.052490 0.157227
vt 0.552490 0.208252
vt 0.601807 0.919189
vt 0.058838 0.935791
vt 0.712158 0.943604
vt 0.873291 0.246582
vt 0.057373 0.935303
vt 0.712891 0.942383
vt 0.712402 0.934082
vt 0.082520 0.484863
vt 0.530273 0.212646
vt 0.055420 0.489258
vt 0.559814 0.210693
vt 0.357666 0.094971
vt 0.462646 0.180420
vt 0.590088 0.001465
vt 0.674561 0.149902
vt 0.356445 0.095703
vt 0.387451 0.737061
vt 0.547119 0.152588
vt 0.588623 0.000977
vt 0.543213 0.959473
vt 0.602295 0.409424
vt 0.015381 0.015137
vt 0.591064 0.407959
vt 0.075928 0.400879
vt 0.960449 0.113525
vt 0.982178 0.071045
vt 0.083740 0.400146
vt 0.627441 0.851074
vt 0.974609 0.072510
vt 0.018311 0.372559
vt 0.273438 0.095215
vt 0.054199 0.344482
vt 0.503662 0.615723
vt 0.751709 0.193359
vt 0.025635 0.372559
vt 0.063965 0.328613
vt 0.758545 0.654541
vt 0.496094 0.615723
vt 0.518555 0.691406
vt 0.128662 0.094238
vt 0.949707 0.336182
vt 0.243896 0.835693
vt 0.786133 0.609375
vt 0.072021 0.825195
vt 0.347900 0.229248
vt 0.015869 0.824463
vt 0.227539 0.473145
vt 0.374512 0.860596
vt 0.015869 0.824463
vt 0.227539 0.473145
vt 0.001709 0.982178
vt 0.369141 0.889893
vt 0.775879 0.869629
vt 0.813965 0.963623
vt 0.017578 0.509277
vt 0.980713 0.098389
vt 0.048340 0.155518
vt 0.333008 0.019775
vt 0.595215 0.123291
vt 0.597412 0.917480
vt 0.714844 0.902832
vt 0.977539 0.575439
vt 0.732910 0.989746
vt 0.751465 0.514893
vt 0.802002 0.695312
vt 0.974365 0.857178
vt 0.089844 0.221924
vt 0.097412 0.435791
vt 0.535156 0.161377
vt 0.950439 0.096680
vt 0.002441 0.015381
vt 0.594482 0.891602
vt 0.066895 0.849121
vt 0.179199 0.448730
vt 0.037598 0.851074
vt 0.204834 0.447510
vt 0.938232 0.201660
vt 0.329834 0.018555
vt 0.879639 0.251953
vt 0.737305 0.485840
vt 0.833984 0.608887
vt 0.032715 0.489990
vt 0.583740 0.211914
vt 0.058838 0.143311
vt 0.247070 0.355469
vt 0.101807 0.159180
vt 0.062744 0.824951
vt 0.339111 0.232910
vt 0.632324 0.912598
vt 0.018555 0.956299
vt 0.371826 0.858643
vt 0.805176 0.862793
vt 0.926514 0.199219
vt 0.021729 0.507812
vt 0.952148 0.434082
vt 0.165039 0.586914
vt 0.729248 0.736328
vt 0.764648 0.971191
vt 0.174316 0.479980
vt 0.251465 0.591309
vt 0.595215 0.009766
vt 0.001221 0.691162
vt 0.057373 0.904053
vt 0.098633 0.242676
vt 0.113525 0.121826
vt 0.059082 0.901367
vt 0.095459 0.243652
vt 0.117188 0.119629
vt 0.710938 0.898682
vt 0.973877 0.579346
vt 0.022461 0.490723
vt 0.594238 0.212891
vt 0.671143 0.976074
vt 0.064697 0.143311
vt 0.624268 0.051270
vt 0.107666 0.158203
vt 0.368652 0.127930
vt 0.048340 0.110352
vt 0.054443 0.143311
vt 0.249756 0.360352
vt 0.097168 0.158203
vt 0.236816 0.299072
vt 0.099365 0.825928
vt 0.376465 0.231689
vt 0.041748 0.165039
vt 0.625977 0.947754
vt 0.917480 0.197510
vt 0.017578 0.519531
vt 0.881836 0.983643
vt 0.948486 0.208496
vt 0.983643 0.107910
vt 0.604004 0.928223
vt 0.155273 0.589111
vt 0.254883 0.592285
vt 0.432617 0.152344
vt 0.721191 0.738525
vt 0.813477 0.746094
vt 0.808838 0.718262
vt 0.350098 0.837158
vt 0.817383 0.672607
vt 0.127441 0.826904
vt 0.404541 0.229736
vt 0.085205 0.437744
vt 0.092041 0.234131
vt 0.383301 0.743164
vt 0.544922 0.161377
vt 0.098633 0.851074
vt 0.148438 0.448486
vt 0.165039 0.599854
vt 0.444824 0.161133
vt 0.760742 0.983643
vt 0.964111 0.716553
vt 0.590576 0.009521
vt 0.672119 0.158203
vt 0.547363 0.162109
vt 0.588623 0.010254
vt 0.084717 0.385498
vt 0.122559 0.796875
vt 0.622314 0.868408
vt 0.153564 0.079346
vt 0.601318 0.068604
vt 0.924805 0.332275
vt 0.508789 0.786377
vt 0.762207 0.616943
vt 0.047363 0.826904
vt 0.033936 0.826172
vt 0.207275 0.474854
vt 0.938965 0.208252
vt 0.123291 0.997559
vt 0.547607 0.961670
vt 0.576904 0.965576
vt 0.680176 0.460938
vt 0.925537 0.036133
vt 0.022949 0.832764
vt 0.664307 0.449463
vt 0.815430 0.689209
vt 0.122070 0.449951
vt 0.127686 0.849609
vt 0.156494 0.827393
vt 0.434326 0.230469
vt 0.068848 0.442139
vt 0.093018 0.252441
vt 0.519775 0.939209
vt 0.546387 0.165527
vt 0.589111 0.013916
vt 0.667969 0.160645
vt 0.690430 0.945557
vt 0.971191 0.858154
vt 0.682129 0.963135
vt 0.073975 0.385498
vt 0.133057 0.797119
vt 0.533203 0.172607
vt 0.957031 0.852051
vt 0.962158 0.095215
vt 0.023193 0.517334
vt 0.949707 0.213623
vt 0.951172 0.443848
vt 0.772217 0.970215
vt 0.021973 0.864502
vt 0.939941 0.557861
vt 0.024658 0.847412
vt 0.649658 0.450195
vt 0.939941 0.539795
vt 0.096436 0.454346
vt 0.156494 0.845215
vt 0.081055 0.474854
vt 0.176514 0.823486
vt 0.455322 0.229980
vt 0.859375 0.451660
vt 0.011963 0.781006
vt 0.537598 0.969971
vt 0.604248 0.397461
vt 0.012451 0.794434
vt 0.013428 0.003662
vt 0.591797 0.396240
vt 0.001221 0.005127
vt 0.012207 0.807861
vt 0.597412 0.902100
vt 0.364258 0.087402
vt 0.642822 0.051758
vt 0.801025 0.507812
vt 0.353271 0.138672
vt 0.510742 0.739990
vt 0.926758 0.207031
vt 0.036865 0.165039
vt 0.265381 0.656738
vt 0.918457 0.204102
vt 0.605957 0.937744
vt 0.055176 0.430420
vt 0.102539 0.057129
vt 0.327637 0.029297
vt 0.594971 0.928223
vt 0.877197 0.263672
vt 0.101562 0.060059
vt 0.875244 0.261475
vt 0.175537 0.547363
vt 0.328613 0.959961
vt 0.584229 0.034912
vt 0.021973 0.878906
vt 0.245361 0.802490
vt 0.939941 0.571045
vt 0.680420 0.160156
vt 0.168213 0.071777
vt 0.835449 0.507080
vt 0.511719 0.773926
vt 0.823486 0.505859
vt 0.511230 0.761963
vt 0.359131 0.098389
vt 0.811523 0.506592
vt 0.511475 0.750000
vt 0.186279 0.546875
vt 0.593506 0.031982
vt 0.778320 0.965088
vt 0.052979 0.924805
vt 0.753662 0.792725
vt 0.234131 0.803223
vt 0.332520 0.928711
vt 0.943115 0.582764
vt 0.191162 0.055420
vt 0.447021 0.747803
vt 0.687988 0.160400
vt 0.595215 0.221191
vt 0.677979 0.982666
vt 0.001709 0.516602
vt 0.013672 0.044678
vt 0.099609 0.755371
vt 0.588867 0.395264
vt 0.297119 0.541260
vt 0.353027 0.895752
vt 0.037109 0.152100
vt 0.274414 0.651855
vt 0.553467 0.001221
vt 0.611816 0.947021
vt 0.446289 0.170410
vt 0.973633 0.716797
vt 0.065430 0.952637
vt 0.066895 0.257080
vt 0.101562 0.070801
vt 0.862305 0.259277
vt 0.255371 0.601318
vt 0.431885 0.162354
vt 0.069336 0.224854
vt 0.252441 0.602051
vt 0.602783 0.001465
vt 0.979980 0.425049
vt 0.784912 0.781250
vt 0.706787 0.476562
vt 0.835693 0.643799
vt 0.262695 0.983643
vt 0.727783 0.509521
vt 0.795166 0.097412
vt 0.966797 0.538086
vt 0.183350 0.598877
vt 0.201904 0.451660
vt 0.799316 0.142090
vt 0.168945 0.601318
vt 0.190186 0.459717
vt 0.454834 0.746826
vt 0.695312 0.158447
vt 0.017822 0.094482
vt 0.099609 0.724121
vt 0.122070 0.764160
vt 0.252686 0.329590
vt 0.005127 0.519531
vt 0.016846 0.044678
vt 0.099609 0.752441
vt 0.122070 0.792480
vt 0.294922 0.543701
vt 0.939209 0.216309
vt 0.952148 0.454102
vt 0.060791 0.952881
vt 0.195801 0.532715
vt 0.696533 0.946533
vt 0.193115 0.531250
vt 0.695557 0.943604
vt 0.937500 0.696289
vt 0.728760 0.507324
vt 0.773193 0.701416
vt 0.073242 0.458496
vt 0.178955 0.843506
vt 0.052490 0.445068
vt 0.097168 0.268311
vt 0.259033 0.963623
vt 0.283691 0.974365
vt 0.796143 0.072021
vt 0.481201 0.232666
vt 0.866211 0.475098
vt 0.518311 0.230225
vt 0.863281 0.512207
vt 0.541992 0.228760
vt 0.861084 0.535889
vt 0.667236 0.169189
vt 0.695801 0.951416
vt 0.927490 0.213623
vt 0.041992 0.453369
vt 0.264893 0.650391
vt 0.917725 0.210205
vt 0.772217 0.983154
vt 0.970459 0.706299
vt 0.694824 0.934082
vt 0.937012 0.688965
vt 0.696533 0.914795
vt 0.938965 0.673096
vt 0.496338 0.232910
vt 0.866455 0.489502
vt 0.055176 0.439453
vt 0.073975 0.252197
vt 0.107910 0.064941
vt 0.136230 0.043945
vt 0.979736 0.647461
vt 0.698242 0.898438
vt 0.938965 0.658691
vt 0.975586 0.594238
vt 0.004639 0.706055
vt 0.095459 0.227539
vt 0.131104 0.286865
vt 0.734619 0.777832
vt 0.971191 0.595215
vt 0.519775 0.958496
vt 0.969971 0.876953
vt 0.073975 0.268311
vt 0.075439 0.961426
vt 0.719238 0.843994
vt 0.971924 0.661865
vt 0.450195 0.178955
vt 0.649170 0.960449
vt 0.983887 0.718506
vt 0.060059 0.438721
vt 0.140381 0.041748
vt 0.574707 0.234375
vt 0.594238 0.938965
vt 0.001221 0.709229
vt 0.070801 0.916504
vt 0.738525 0.776367
vt 0.333252 0.575195
vt 0.426270 0.041016
vt 0.579346 0.230225
vt 0.860107 0.571777
vt 0.001465 0.779541
vt 0.528076 0.974365
vt 0.794189 0.176758
vt 0.001465 0.794434
vt 0.795654 0.191406
vt 0.001465 0.807861
vt 0.607178 0.906494
vt 0.794189 0.204590
vt 0.785400 0.750488
vt 0.682373 0.469238
vt 0.835205 0.670410
vt 0.569092 0.232178
vt 0.862305 0.561035
vt 0.427002 0.055420
vt 0.594238 0.230469
vt 0.687500 0.983643
vt 0.098633 0.505859
vt 0.667725 0.177734
vt 0.698242 0.960693
vt 0.134033 0.818604
vt 0.774902 0.191895
vt 0.956787 0.877441
vt 0.120605 0.818604
vt 0.621094 0.892822
vt 0.774902 0.205078
vt 0.780273 0.722412
vt 0.521484 0.969727
vt 0.786133 0.176514
vt 0.971191 0.888184
vt 0.710938 0.850342
vt 0.972168 0.672363
vt 0.648193 0.971436
vt 0.691650 0.856445
vt 0.992920 0.717285
vt 0.134033 0.252197
vt 0.259033 0.611328
vt 0.431885 0.174316
vt 0.634277 0.947510
vt 0.133301 0.249512
vt 0.256104 0.612061
vt 0.980225 0.436768
vt 0.781982 0.980957
vt 0.973145 0.696533
vt 0.052734 0.463379
vt 0.839355 0.471191
vt 0.785889 0.190918
vt 0.957764 0.889648
vt 0.615479 0.903809
vt 0.785889 0.204102
vt 0.646973 0.982178
vt 0.702637 0.854248
vt 0.971924 0.679443
vt 0.668701 0.466309
vt 0.835693 0.684570
vt 0.815186 0.123047
vt 0.839600 0.523682
vt 0.201904 0.478027
vt 0.695312 0.177490
vt 0.817139 0.160400
vt 0.839355 0.560547
vt 0.109375 0.504150
vt 0.333252 0.595215
vt 0.677979 0.181885
vt 0.840088 0.578125
vt 0.104004 0.511475
vt 0.698486 0.970703
vt 0.109375 0.518066
vt 0.345459 0.588867
vt 0.418457 0.055420
vt 0.696045 0.979492
vt 0.875732 0.075195
vt 0.211426 0.809570
vt 0.134033 0.302246
vt 0.545898 0.014160
vt 0.578125 0.244873
vt 0.593750 0.951172
vt 0.066895 0.969727
vt 0.705811 0.840332
vt 0.140381 0.055420
vt 0.574707 0.246826
vt 0.984375 0.659912
vt 0.189697 0.532959
vt 0.576172 0.494385
vt 0.791016 0.974854
vt 0.972412 0.686035
vt 0.642578 0.470459
vt 0.960449 0.549805
vt 0.653809 0.468018
vt 0.962158 0.539307
vt 0.280762 0.001953
vt 0.362061 0.883057
vt 0.702148 0.500488
vt 0.744629 0.712646
vt 0.031738 0.467041
vt 0.817139 0.091797
vt 0.840820 0.492188
vt 0.101562 0.074707
vt 0.546875 0.085693
vt 0.860840 0.075439
vt 0.210449 0.824463
vt 0.789551 0.570801
vt 0.175537 0.527100
vt 0.346436 0.955078
vt 0.589600 0.489746
vt 0.350098 0.916016
vt 0.625977 0.480957
vt 0.962158 0.570557
vt 0.689453 0.843506
vt 0.991943 0.703125
vt 0.350098 0.933350
vt 0.609619 0.485352
vt 0.760498 0.756348
vt 0.131104 0.268311
vt 0.730469 0.762695
vt 0.126709 0.262695
vt 0.631104 0.959717
vt 0.057373 0.971191
vt 0.193115 0.552002
vt 0.706543 0.830078
vt 0.917969 0.698486
vt 0.125488 0.270752
vt 0.726318 0.770020
vt 0.924561 0.647949
vt 0.977539 0.608887
vt 0.737549 0.761719
vt 0.254150 0.070068
vt 0.273682 0.260986
vt 0.751709 0.417969
vt 0.782227 0.218994
vt 0.743164 0.691406
vt 0.544434 0.722168
vt 0.127197 0.293213
vt 0.575684 0.257568
vt 0.986084 0.671143
vt 0.124023 0.260498
vt 0.980469 0.451416
vt 0.018311 0.332520
vt 0.257812 0.067871
vt 0.277344 0.263672
vt 0.069336 0.410400
vt 0.504150 0.577637
vt 0.784424 0.216309
vt 0.025879 0.332520
vt 0.746338 0.692383
vt 0.069336 0.403076
vt 0.496826 0.577637
vt 0.541504 0.723877
vt 0.113281 0.066895
vt 0.552734 0.072998
vt 0.949219 0.375977
vt 0.205811 0.835449
vt 0.779785 0.570068
vt 0.052490 0.436523
vt 0.124268 0.295410
vt 0.274414 0.627441
vt 0.553467 0.024658
vt 0.712158 0.809326
vt 0.917236 0.681152
vt 0.295898 0.017578
vt 0.752441 0.730469
vt 0.354492 0.908691
vt 0.677979 0.493164
vt 0.122070 0.284424
vt 0.632324 0.982178
vt 0.986816 0.679932
vt 0.121826 0.273193
vt 0.631348 0.971191
vt 0.041992 0.429932
vt 0.118896 0.285400
vt 0.920166 0.234619
vt 0.118164 0.272461
vt 0.932617 0.239014
vt 0.978516 0.462646
vt 0.718262 0.789795
vt 0.916504 0.665283
vt 0.246582 0.408447
vt 0.280762 0.035400
vt 0.373047 0.912842
vt 0.730713 0.741455
vt 0.246582 0.381348
vt 0.354492 0.934326
vt 0.652832 0.488525
vt 0.702148 0.742676
vt 0.575928 0.514893
vt 0.689209 0.827881
vt 0.992432 0.686035
vt 0.639648 0.501709
vt 0.707275 0.762207
vt 0.058838 0.186523
vt 0.381592 0.128906
vt 0.002197 0.453613
vt 0.102051 0.117920
vt 0.235596 0.395996
vt 0.718018 0.752441
vt 0.064697 0.186523
vt 0.616699 0.093994
vt 0.008545 0.456299
vt 0.107910 0.116943
vt 0.398438 0.159424
vt 0.034668 0.151367
vt 0.054443 0.186523
vt 0.378906 0.133789
vt 0.097412 0.116943
vt 0.195801 0.312744
vt 0.597412 0.509521
vt 0.692383 0.803467
vt 0.616699 0.507812
vt 0.698730 0.784180
vt 0.568115 0.049316
vt 0.924805 0.380859
vt 0.755127 0.568848
vt 0.512451 0.089355
vt 0.875488 0.108887
vt 0.182617 0.808838
vt 0.766846 0.899414
vt 0.634033 0.099609
vt 0.801270 0.556396
vt 0.225830 0.281738
vt 0.386963 0.173584
vt 0.556885 0.740479
vt 0.513672 0.074951
vt 0.860596 0.111084
vt 0.179932 0.823730
vt 0.380615 0.089355
vt 0.752686 0.900391
vt 0.795654 0.533447
vt 0.148926 0.037598
vt 0.576904 0.034912
vt 0.835693 0.557129
vt 0.559082 0.774658
vt 0.742920 0.569580
vt 0.823730 0.557861
vt 0.248779 0.286865
vt 0.560303 0.762695
vt 0.811768 0.557861
vt 0.237061 0.286621
vt 0.560303 0.750732
vt 0.285400 0.228271
vt 0.782227 0.395508
vt 0.273682 0.085938
vt 0.804688 0.249756
vt 0.720703 0.722168
vt 0.103760 0.403564
vt 0.574951 0.744629
vt 0.152832 0.755371
vt 0.588867 0.448486
vt 0.280273 0.650635
vt 0.339600 0.573242
vt 0.350342 0.845215
vt 0.001953 0.146240
vt 0.153564 0.723877
vt 0.071289 0.763428
vt 0.201172 0.345459
vt 0.279785 0.681641
vt 0.013672 0.098633
vt 0.153564 0.752197
vt 0.071289 0.791748
vt 0.279297 0.653809
vt 0.339111 0.575195
vt 0.353027 0.843750
vt 0.018799 0.294922
vt 0.289551 0.229004
vt 0.103027 0.414307
vt 0.277832 0.083984
vt 0.807861 0.248779
vt 0.026123 0.294922
vt 0.295898 0.229492
vt 0.722656 0.724854
vt 0.103027 0.406982
vt 0.573975 0.747559
vt 0.517822 0.061768
vt 0.373291 0.077393
vt 0.786133 0.530518
vt 0.476562 0.084717
vt 0.767822 0.863770
vt 0.002197 0.259521
vt 0.058350 0.226074
vt 0.418213 0.141602
vt 0.006592 0.418213
vt 0.103027 0.083984
vt 0.574707 0.128906
vt 0.477783 0.070068
vt 0.407471 0.077881
vt 0.753662 0.864746
vt 0.008545 0.257568
vt 0.064453 0.228271
vt 0.595703 0.133057
vt 0.012939 0.419189
vt 0.437256 0.180420
vt 0.034668 0.195557
vt 0.417236 0.147217
vt 0.098389 0.081299
vt 0.151611 0.312744
vt 0.576660 0.134033
vt 0.440430 0.085449
vt 0.766846 0.829102
vt 0.291504 0.189209
vt 0.805420 0.362793
vt 0.285645 0.115723
vt 0.816895 0.287842
vt 0.216797 0.403076
vt 0.687988 0.745117
vt 0.142578 0.405518
vt 0.613037 0.756836
vt 0.440430 0.071045
vt 0.752686 0.828613
vt 0.218994 0.413818
vt 0.295898 0.189941
vt 0.141602 0.416260
vt 0.289551 0.113770
vt 0.218994 0.406494
vt 0.302246 0.190430
vt 0.689941 0.747803
vt 0.141846 0.408936
vt 0.478760 0.056396
vt 0.402832 0.064697
vt 0.804688 0.495117
vt 0.931152 0.472412
vt 0.527588 0.036377
vt 0.354248 0.055176
vt 0.762695 0.522949
vt 0.291504 0.150146
vt 0.817139 0.325439
vt 0.180176 0.405273
vt 0.650635 0.757080
vt 0.180908 0.416016
vt 0.295654 0.149658
vt 0.180908 0.408691
vt 0.438477 0.057617
vt 0.911377 0.506104
vt 0.225830 0.057129
vt 0.609863 0.144043
vt 0.801025 0.604004
vt 0.230957 0.239258
vt 0.431641 0.197510
vt 0.006592 0.293213
vt 0.460449 0.148438
vt 0.008789 0.376221
vt 0.542236 0.141846
vt 0.531006 0.020264
vt 0.835449 0.606689
vt 0.265625 0.241455
vt 0.346191 0.040283
vt 0.601562 0.775879
vt 0.751465 0.517578
vt 0.012939 0.291260
vt 0.564209 0.162598
vt 0.015381 0.377197
vt 0.479980 0.187988
vt 0.048340 0.236816
vt 0.459473 0.153809
vt 0.110596 0.299072
vt 0.544189 0.146973
vt 0.175781 0.036621
vt 0.532471 0.009033
vt 0.692139 0.749756
vt 0.823486 0.607422
vt 0.254150 0.242432
vt 0.602783 0.763916
vt 0.165771 0.039551
vt 0.237061 0.051514
vt 0.811768 0.607422
vt 0.242432 0.242432
vt 0.009033 0.333984
vt 0.504150 0.148926
vt 0.004639 0.687744
vt 0.204346 0.755371
vt 0.571533 0.500488
vt 0.326416 0.654785
vt 0.391602 0.590576
vt 0.015381 0.333496
vt 0.523438 0.182617
vt 0.001953 0.200928
vt 0.204834 0.724121
vt 0.937500 0.590332
vt 0.074707 0.273682
vt 0.504639 0.154297
vt 0.146240 0.345215
vt 0.325928 0.686035
vt 0.001221 0.689209
vt 0.205078 0.752441
vt 0.913086 0.592773
vt 0.325439 0.658203
vt 0.479980 0.029541
vt 0.389648 0.039307
vt 0.784668 0.479736
vt 0.230713 0.094727
vt 0.574951 0.177979
vt 0.233643 0.192139
vt 0.479248 0.206543
vt 0.432129 0.030762
vt 0.931152 0.522705
vt 0.481934 0.013672
vt 0.268066 0.193115
vt 0.383057 0.024414
vt 0.175781 0.089355
vt 0.242188 0.092041
vt 0.680176 0.789795
vt 0.244873 0.192383
vt 0.254150 0.091797
vt 0.481689 0.001953
vt 0.692139 0.791016
vt 0.256836 0.192383
vt 0.233398 0.142578
vt 0.528564 0.199707
vt 0.481445 0.650635
vt 0.539551 0.543213
vt 0.378174 0.656250
vt 0.445068 0.590576
vt 0.268311 0.141602
vt 0.429443 0.014648
vt 0.245117 0.141113
vt 0.017822 0.252441
vt 0.484131 0.681885
vt 0.937500 0.643555
vt 0.094727 0.329590
vt 0.377930 0.687500
vt 0.001221 0.647461
vt 0.483643 0.653809
vt 0.542236 0.545166
vt 0.913086 0.645996
vt 0.377441 0.659668
vt 0.257080 0.140869
vt 0.429199 0.002930
vt 0.431152 0.654785
vt 0.495605 0.575195
vt 0.050537 0.297852
vt 0.432129 0.686279
vt 0.431641 0.658447
vn 0.588303 -0.808288 0.023884
vn 0.961285 -0.234680 -0.144418
vn -0.422368 0.879559 0.219047
vn 0.152246 0.932705 0.326928
vn 0.212334 0.947606 -0.238656
vn -0.026769 0.896768 -0.441691
vn -0.354852 0.934064 -0.040064
vn 0.264616 0.959235 -0.099231
vn 0.607332 -0.788984 0.093015
vn 0.815892 -0.380750 -0.435143
vn -0.390137 0.546192 0.741261
vn -0.593362 0.543915 -0.593362
vn -0.707107 0.707107 0.000000
vn -0.316228 0.948683 0.000000
vn 0.157712 -0.811091 0.563257
vn -0.707107 0.707107 0.000000
vn -0.646997 0.539164 0.539164
vn 0.000000 0.948683 -0.316228
vn -0.316228 0.948683 0.000000
vn -0.315906 -0.045129 0.947717
vn 0.421673 -0.715338 0.557211
vn -0.341743 0.000000 0.939793
vn -0.089344 -0.848763 0.521170
vn 0.860622 -0.509100 0.012121
vn 0.554574 -0.831861 -0.021330
vn 0.695482 0.708243 -0.121231
vn -0.700140 -0.700140 -0.140028
vn -0.082761 0.744845 -0.662085
vn 0.661031 0.750359 -0.000000
vn 0.887883 -0.459797 0.015855
vn 0.566195 -0.815987 -0.116570
vn -0.601731 0.680218 -0.418596
vn 0.162221 -0.973329 -0.162221
vn 0.683763 -0.455842 0.569803
vn 0.887214 -0.443607 0.126745
vn 0.811107 -0.486664 0.324443
vn -0.686161 0.623783 -0.374270
vn 0.577350 0.808290 -0.115470
vn 0.574805 0.508481 0.641129
vn 0.645928 0.310045 0.697602
vn 0.577350 -0.577350 0.577350
vn 0.363790 -0.467730 0.805535
vn 0.459504 0.114876 0.880716
vn 0.676178 0.352789 0.646779
vn 0.378298 -0.042033 0.924729
vn 0.590900 0.803623 0.070908
vn 0.857143 0.285714 0.428572
vn 0.444444 -0.111111 0.888889
vn 0.572036 0.320340 0.755088
vn 0.577350 -0.577350 0.577350
vn -0.000000 -0.707107 -0.707107
vn 0.269191 -0.430706 0.861411
vn 0.107833 0.646997 -0.754829
vn 0.333333 0.666667 -0.666667
vn 0.543702 0.441758 0.713609
vn 0.248282 0.910366 0.331042
vn 0.105409 0.843274 0.527046
vn 0.198762 0.844737 0.496904
vn 0.285738 -0.519524 0.805263
vn 0.849515 0.494493 -0.183850
vn 0.941925 -0.331488 -0.053789
vn 0.900287 0.434467 -0.026874
vn 0.035777 0.697653 0.715542
vn 0.000000 -0.000000 1.000000
vn 0.000000 -0.000000 1.000000
vn -0.036235 -0.697526 0.715643
vn 0.000000 -0.000000 1.000000
vn 0.049938 0.998752 0.000000
vn -0.035777 0.697653 0.715542
vn 0.035331 -0.697777 0.715443
vn -0.050568 -0.998721 0.000000
vn -0.050568 0.998721 0.000000
vn 0.035331 0.697777 -0.715443
vn -0.108128 -0.689315 -0.716347
vn 0.049938 -0.998752 0.000000
vn 0.104186 -0.703259 -0.703259
vn -0.168109 0.966625 0.193325
vn 0.161290 0.967742 0.193548
vn -0.036235 0.697526 -0.715643
vn 0.000000 -0.000000 -1.000000
vn 0.000000 -0.000000 -1.000000
vn -0.000000 -0.980581 0.196116
vn -0.112420 -0.702624 -0.702624
vn 0.003683 -0.024400 -0.999695
vn -0.057506 0.851087 0.521866
vn 0.157835 0.966742 0.201240
vn -0.125542 -0.753250 0.645643
vn 0.023568 -0.955331 0.294596
vn 0.000000 0.586075 0.810257
vn -0.101170 -0.643444 0.758778
vn 0.114781 -0.746077 0.655892
vn 0.080222 -0.541500 0.836864
vn 0.000000 0.641049 0.767500
vn -0.099918 -0.612864 0.783846
vn 0.117135 -0.713462 0.690834
vn 0.082991 -0.544051 0.834938
vn -0.073982 0.844634 0.530208
vn 0.164057 0.956998 0.239249
vn -0.123823 -0.701665 0.701665
vn 0.078807 -0.912855 0.400606
vn -0.168746 0.956230 0.239058
vn -0.172483 0.977406 -0.122176
vn 0.168644 0.983757 0.061485
vn -0.058041 -0.996370 0.062273
vn -0.086402 0.924320 -0.371708
vn 0.167696 0.978226 -0.122278
vn 0.080632 -0.964893 -0.249958
vn -0.142142 -0.805471 -0.575336
vn -0.025204 0.766218 -0.642086
vn 0.084824 0.542875 -0.835519
vn -0.028535 -0.547872 -0.836076
vn 0.132234 -0.829469 -0.542675
vn -0.136089 -0.828903 -0.542587
vn 0.148633 0.876936 -0.457047
vn -0.104515 0.630576 -0.769059
vn 0.092058 0.552345 -0.828517
vn 0.148633 -0.876936 -0.457047
vn 0.029443 -0.547646 -0.836192
vn -0.152410 -0.883978 -0.441989
vn 0.152410 0.883978 -0.441989
vn -0.047887 0.823655 0.565066
vn -0.157720 0.883232 -0.441616
vn 0.164333 -0.962993 0.213633
vn -0.153682 -0.875984 -0.457202
vn -0.142531 -0.812427 0.565373
vn 0.000000 -0.000000 1.000000
vn 0.046811 0.823866 0.564848
vn 0.000000 1.000000 0.000000
vn 0.000000 -0.000000 1.000000
vn 0.137360 -0.824163 0.549442
vn 0.000000 -0.000000 1.000000
vn -0.142003 -0.823618 0.549079
vn -0.000000 -1.000000 0.000000
vn 0.000000 -0.000000 1.000000
vn 0.000000 0.692532 -0.721387
vn 0.000000 1.000000 0.000000
vn -0.000000 -1.000000 0.000000
vn -0.116221 -0.687637 -0.716692
vn 0.113142 -0.688281 -0.716567
vn 0.000000 0.707107 -0.707107
vn 0.000000 -0.000000 -1.000000
vn 0.000000 -0.000000 -1.000000
vn -0.120338 -0.701968 -0.701968
vn 0.001457 -0.008741 -0.999961
vn 0.631034 -0.775554 0.017651
vn 0.981593 -0.062034 -0.180628
vn 0.485071 -0.485072 -0.727607
vn -0.613393 -0.751575 0.242661
vn 0.672490 0.699390 -0.242096
vn -0.520709 0.327303 0.788502
vn -0.080673 0.197200 -0.977038
vn -0.824163 -0.549442 -0.137361
vn -0.550671 0.532192 0.643065
vn -0.203653 0.814613 -0.543075
vn 0.178965 0.238620 -0.954480
vn 0.522840 0.746914 -0.410803
vn 0.872872 -0.436436 0.218218
vn -0.512147 0.768221 -0.384111
vn -0.000000 -1.000000 -0.000000
vn -0.203653 0.814613 -0.543075
vn -0.000000 -0.989950 0.141421
vn 0.879738 0.471288 0.062838
vn 0.205602 0.899508 -0.385504
vn -0.490511 0.674453 -0.551825
vn 0.835512 -0.543083 0.083551
vn 0.777304 -0.567555 0.271440
vn 0.209370 -0.942163 0.261712
vn -0.500959 0.751439 -0.429394
vn 0.249680 -0.959883 0.127614
vn 0.800000 -0.600000 0.000000
vn 0.631848 -0.753358 0.182264
vn 0.843274 -0.527046 0.105409
vn -0.467888 0.779813 -0.415900
vn 0.571548 -0.816497 -0.081650
vn 0.571548 0.816496 0.081650
vn 0.654498 0.523598 0.545415
vn 0.727393 -0.581915 0.363696
vn 0.464461 -0.712173 0.526389
vn 0.481070 -0.534523 0.694879
vn 0.816497 -0.408248 0.408248
vn 0.582902 -0.684910 0.437177
vn -0.000000 -0.707107 0.707107
vn 0.000000 0.447214 -0.894427
vn -0.157622 0.472866 -0.866921
vn 0.447214 -0.000000 0.894427
vn 0.527046 0.105409 0.843274
vn 0.000000 0.447214 -0.894427
vn -0.218218 0.436436 -0.872872
vn -0.000000 -1.000000 0.000000
vn 0.447214 -0.000000 0.894427
vn -0.000000 -0.707107 0.707107
vn 0.554700 -0.000000 0.832050
vn 0.000000 0.707107 -0.707107
vn 0.459504 0.114876 0.880716
vn 0.410152 -0.205076 0.888662
vn -0.000000 -0.707107 -0.707107
vn 0.696311 0.174078 0.696311
vn 0.248282 0.910366 0.331042
vn 0.000000 0.707107 -0.707107
vn 0.000000 0.894427 0.447214
vn -0.380221 -0.292478 -0.877433
vn 0.444444 -0.111111 0.888889
vn 0.107833 0.646997 -0.754829
vn 0.680144 -0.093813 0.727051
vn -0.577350 -0.577350 -0.577350
vn 0.471672 0.101072 0.875962
vn 0.210389 -0.691280 0.691280
vn -0.380221 -0.292478 -0.877433
vn 0.207514 -0.691715 0.691714
vn 0.534061 0.486938 0.691137
vn 0.196116 -0.588348 0.784465
vn -0.725901 0.435541 0.532327
vn -0.816497 0.408248 0.408248
vn -0.173720 0.075530 0.981894
vn -0.849473 -0.235965 0.471929
vn -0.781916 -0.463357 -0.417022
vn -0.801282 -0.398828 0.445963
vn -0.897515 -0.173712 -0.405329
vn -0.685189 0.548151 -0.479632
vn -0.138809 0.097166 -0.985541
vn 0.630826 0.718674 -0.292516
vn 0.975803 -0.002688 -0.218637
vn -0.648527 -0.728306 -0.221323
vn -0.345658 0.938216 -0.016460
vn -0.355752 0.928148 0.109462
vn 0.215666 0.970495 0.107833
vn 0.441744 -0.868824 -0.223622
vn 0.311109 -0.634417 -0.707620
vn 0.035356 0.737769 0.674127
vn -0.389833 -0.693037 0.606407
vn 0.087985 -0.964694 0.248244
vn -0.267261 0.801784 -0.534523
vn 0.889834 0.455768 0.021703
vn 0.887214 -0.443607 0.126745
vn 0.204926 -0.973400 0.102463
vn 0.911323 0.390566 -0.130189
vn 0.905753 0.418040 -0.069673
vn 0.331250 0.836842 -0.435855
vn 0.096674 0.870063 -0.483368
vn 0.628539 0.549972 0.549972
vn 0.267261 0.801784 -0.534522
vn 0.677834 -0.478471 0.558217
vn 0.811107 -0.486664 0.324443
vn 0.707107 -0.000000 0.707107
vn 0.277851 -0.937749 0.208389
vn 0.628539 0.549972 0.549972
vn 0.540563 0.828862 -0.144150
vn 0.707107 -0.000000 0.707107
vn 0.458220 0.042958 0.887800
vn 0.707107 -0.000000 0.707107
vn 0.407306 -0.678844 0.610960
vn 0.352771 -0.271363 0.895497
vn -0.235899 0.967186 -0.094360
vn -0.093856 0.994878 -0.037543
vn -0.597460 0.582141 0.551502
vn -0.787499 -0.551249 -0.275625
vn -0.173809 0.819386 -0.546257
vn 0.000000 0.832050 -0.554700
vn -0.000000 -0.989950 0.141421
vn 0.478639 0.837618 -0.263251
vn -0.787499 -0.551249 -0.275625
vn 0.107833 0.646997 -0.754829
vn 0.911323 0.390566 -0.130189
vn -0.077850 0.778499 -0.622799
vn 0.905753 0.418040 -0.069673
vn 0.534523 0.801784 -0.267261
vn 0.911323 0.390566 -0.130189
vn 0.550590 0.816606 -0.173219
vn 0.707107 -0.707107 -0.000000
vn 0.608378 -0.793537 0.013226
vn 0.585988 -0.803021 -0.108516
vn 0.058026 0.812362 -0.580259
vn 0.514222 0.857036 -0.032649
vn 0.492922 0.179244 0.851410
vn -0.201574 0.503935 -0.839891
vn 0.856961 0.490399 -0.158513
vn 0.964663 -0.204574 -0.166056
vn 0.739937 0.653939 -0.157662
vn 0.866910 -0.498224 0.015500
vn -0.884652 -0.147442 -0.442326
vn -0.816497 0.408248 0.408248
vn -0.685875 0.501216 -0.527596
vn -0.872872 -0.218218 0.436436
vn -0.661880 -0.692954 0.285883
vn -0.399326 0.399326 0.825274
vn 0.345730 0.908612 -0.234296
vn -0.500959 0.751439 -0.429394
vn -0.000000 -1.000000 -0.000000
vn 0.258485 -0.965919 -0.013604
vn -0.408248 0.816497 -0.408248
vn 0.379067 -0.925369 -0.000000
vn 0.704361 -0.616316 0.352180
vn 0.683763 -0.455842 0.569803
vn 0.473118 -0.545906 0.691481
vn 0.420252 -0.680408 0.600360
vn -0.124035 -0.992278 0.000000
vn -0.000000 -0.707107 0.707107
vn -0.206149 0.526825 -0.824596
vn 0.315789 -0.526316 0.789474
vn 0.447772 -0.692981 0.565046
vn -0.124035 -0.992278 0.000000
vn -0.176090 -0.880451 0.440225
vn 0.502609 0.154649 0.850569
vn 0.371391 -0.000000 0.928477
vn 0.512147 -0.768222 -0.384111
vn -0.192450 0.962251 -0.192450
vn -0.242535 0.970143 0.000000
vn 0.000000 -0.000000 1.000000
vn 0.784734 -0.554677 0.276633
vn 0.922117 0.358177 0.146319
vn -0.659393 -0.691698 -0.294542
vn -0.260427 -0.959326 -0.108954
vn -0.174799 -0.334265 -0.926128
vn 0.746773 0.522535 -0.411445
vn 0.959479 -0.061721 0.274938
vn 0.963668 -0.267041 -0.005805
vn 0.664753 -0.742959 0.078206
vn 0.843027 -0.487319 -0.227653
vn 0.518319 -0.685250 0.511642
vn -0.513205 0.534589 0.671443
vn -0.880471 0.474100 0.000000
vn -0.824163 -0.549442 -0.137361
vn -0.666239 -0.743484 0.057934
vn -0.623348 0.431862 0.651868
vn -0.444444 0.444445 0.777778
vn -0.880471 0.474100 0.000000
vn -0.676715 0.290021 -0.676716
vn 0.434997 -0.635485 0.637915
vn 0.048492 -0.415035 0.908512
vn -0.049255 -0.381326 0.923127
vn -0.115081 -0.746279 0.655610
vn 0.079181 0.989759 -0.118771
vn -0.365148 -0.912871 -0.182574
vn 0.534522 -0.801784 0.267261
vn 0.288076 0.691381 0.662574
vn 0.426334 0.852668 -0.301987
vn 0.515026 0.463524 0.721037
vn 0.235702 0.235702 0.942809
vn 0.449739 0.881489 0.143917
vn 0.051435 0.565779 0.822951
vn 0.311373 -0.233530 0.921146
vn 0.441836 0.568075 0.694314
vn 0.293198 0.837708 0.460739
vn 0.198762 0.844737 0.496904
vn 0.203536 -0.237459 0.949835
vn 0.651140 -0.758402 -0.029024
vn 0.990076 -0.009603 -0.140205
vn 0.563179 0.778282 -0.277679
vn 0.986348 0.046187 -0.158062
vn 0.829612 0.546330 -0.115181
vn 0.922280 -0.382409 0.056237
vn 0.979927 -0.163321 0.114325
vn 0.943725 0.324889 0.061884
vn 0.005897 -0.082556 -0.996569
vn 0.814613 0.543075 -0.203653
vn 0.825545 0.557605 0.086900
vn 0.929501 -0.367210 -0.034426
vn -0.313498 0.946472 -0.076880
vn -0.933346 0.287183 -0.215387
vn 0.022716 -0.022716 -0.999484
vn -0.051147 0.017115 0.998544
vn 0.594227 0.630120 -0.499842
vn 0.022951 -0.059227 -0.997981
vn 0.721742 -0.204975 -0.661116
vn -0.289750 -0.790226 -0.539988
vn -0.422428 -0.612022 -0.668568
vn 0.353540 0.694675 -0.626448
vn -0.604240 -0.792113 0.086320
vn 0.493628 -0.546319 -0.676659
vn 0.045254 0.012141 -0.998902
vn -0.230197 -0.823246 -0.518918
vn -0.281850 -0.911867 0.298429
vn 0.418701 -0.840901 -0.342892
vn -0.246096 -0.810668 -0.531277
vn 0.393766 -0.771342 -0.499980
vn 0.068840 -0.913696 -0.400525
vn 0.891856 -0.172221 -0.418250
vn 0.485071 -0.485071 -0.727607
vn 0.643451 0.760442 -0.087743
vn -0.481871 0.368287 0.795088
vn -0.824163 -0.549442 -0.137361
vn -0.659432 -0.750388 0.045478
vn -0.986394 0.164399 0.000000
vn 0.271010 0.958958 0.083388
vn -0.533846 -0.739171 0.410651
vn 0.000000 0.948683 -0.316228
vn -0.316228 0.948683 0.000000
vn -0.000000 -0.894427 0.447214
vn -0.853766 -0.465690 -0.232845
vn -0.088743 0.735297 -0.671910
vn 0.707107 -0.707107 -0.000000
vn 0.313341 -0.949238 -0.027648
vn 0.447214 0.894427 -0.000000
vn 0.316228 -0.000000 0.948683
vn 0.000000 -0.000000 -1.000000
vn 0.316228 0.948683 0.000000
vn -0.000001 -1.000000 0.000000
vn 0.426402 0.639602 0.639602
vn 0.092748 0.881104 -0.463739
vn 0.300753 0.952384 -0.050125
vn 0.439679 0.635091 0.635092
vn 0.295936 0.866670 -0.401628
vn 0.294199 -0.813373 0.501868
vn 0.404821 0.867472 0.289157
vn 0.298142 0.596285 0.745356
vn 0.513270 0.543462 0.664231
vn 0.248282 0.910366 0.331042
vn 0.333334 0.666666 0.666667
vn 0.293198 0.837708 0.460739
vn 0.000000 0.707107 -0.707107
vn 0.260870 0.130435 0.956522
vn 0.198762 0.844737 0.496904
vn 0.384111 0.512147 0.768221
vn 0.312670 -0.052112 0.948431
vn 0.459504 0.114876 0.880716
vn -0.000000 -0.707107 -0.707107
vn 0.276847 -0.204626 0.938874
vn 0.441836 0.568075 0.694314
vn 0.283193 0.629317 0.723714
vn 0.444444 -0.111111 0.888889
vn 0.082761 0.662085 -0.744845
vn 0.384111 0.512147 0.768221
vn 0.502519 0.502519 0.703527
vn 0.267261 0.534522 0.801784
vn 0.627410 -0.768799 0.123715
vn 0.769269 -0.629402 0.109896
vn 0.982558 0.090041 -0.162706
vn 0.944713 0.298838 0.134959
vn 0.068533 0.968029 -0.241293
vn 0.900987 0.347663 -0.259523
vn 0.900287 0.434467 -0.026874
vn 0.697660 0.715101 0.043604
vn 0.919591 -0.389785 0.049196
vn 0.943725 0.324889 0.061884
vn 0.822845 0.562277 0.082285
vn 0.876309 -0.467365 0.116841
vn -0.130057 0.078034 0.988431
vn 0.880863 -0.387801 0.271461
vn 0.624540 -0.780674 -0.022305
vn 0.000000 -0.000000 -1.000000
vn -0.285981 -0.796109 -0.533316
vn 0.271513 -0.950953 0.148218
vn -0.218218 -0.872872 -0.436436
vn 0.323690 -0.912701 -0.249401
vn 0.284522 -0.953452 -0.099885
vn -0.029075 -0.715697 -0.697805
vn 0.445435 -0.089087 0.890871
vn 0.801784 -0.267261 0.534523
vn 0.935639 0.029861 -0.351694
vn 0.707107 -0.000000 0.707107
vn 0.444444 -0.111111 0.888889
vn 0.880771 0.275241 -0.385337
vn 0.336813 -0.910872 0.238474
vn 0.383578 -0.706987 0.594170
vn 0.172911 -0.260520 0.949859
vn 0.766230 0.466057 -0.442360
vn 0.970058 -0.084698 -0.227626
vn 0.735907 0.553503 -0.389968
vn 0.959479 -0.061721 0.274938
vn 0.981403 -0.126027 -0.144797
vn -0.478429 0.772129 0.418237
vn -0.351284 0.916851 -0.189693
vn -0.064282 0.964237 0.257130
vn -0.093856 0.994878 -0.037543
vn 0.182666 0.976868 -0.111188
vn -0.010576 -0.997698 0.066983
vn 0.323883 0.857337 -0.400091
vn 0.000000 0.707107 -0.707107
vn 0.079181 0.989759 -0.118771
vn -0.485071 0.727607 -0.485071
vn 0.122341 -0.825800 -0.550534
vn 0.238181 -0.971048 0.018322
vn -0.128769 0.715381 -0.686766
vn 0.472866 0.866921 -0.157622
vn 0.707107 -0.707107 -0.000000
vn 0.352341 -0.934112 -0.057358
vn 0.096674 0.870063 -0.483368
vn 0.366247 0.927062 -0.080117
vn 0.304290 -0.852013 -0.426006
vn 0.235702 0.942809 0.235702
vn -0.192450 0.962251 -0.192450
vn 0.174078 0.696311 -0.696311
vn 0.284807 -0.818822 -0.498413
vn 0.000000 -0.000000 1.000000
vn 0.283193 0.629317 0.723714
vn 0.514496 0.514496 0.685994
vn 0.195537 -0.204848 0.959063
vn -0.844841 -0.461000 -0.271521
vn -0.787743 0.506276 -0.350920
vn -0.849920 0.526443 -0.022199
vn 0.849515 0.494493 -0.183850
vn 0.188264 0.975551 -0.113386
vn 0.900287 0.434467 -0.026874
vn 0.844416 0.530776 0.072379
vn 0.588349 0.784464 0.196116
vn 0.943725 0.324889 0.061884
vn -0.012105 -0.121046 -0.992573
vn 0.814613 0.543075 -0.203653
vn 0.896520 0.431658 -0.099613
vn 0.957704 -0.159617 -0.239426
vn 0.242338 -0.040390 -0.969351
vn 0.404721 0.840467 -0.360301
vn 0.241517 0.342404 -0.907981
vn 0.327319 -0.778739 0.535189
vn 0.959479 -0.061721 0.274938
vn 0.963668 -0.267041 -0.005805
vn 0.988369 -0.056478 0.141196
vn 0.485071 -0.485071 -0.727607
vn -0.676715 0.676716 -0.290021
vn 0.572599 0.801637 -0.171779
vn -0.808122 0.505076 -0.303046
vn -0.707106 0.707107 0.000000
vn -0.043243 -0.720713 -0.691884
vn -0.080673 0.197200 -0.977038
vn -0.666667 0.333334 -0.666667
vn -0.447214 0.894427 0.000000
vn -0.707106 0.707107 0.000000
vn 0.000000 0.733761 0.679408
vn -0.447214 0.894427 0.000000
vn 0.305910 0.945539 -0.111240
vn 0.000000 0.948683 -0.316228
vn -0.424858 0.066384 0.902823
vn -0.425797 0.000000 0.904819
vn -0.262226 -0.745428 0.612842
vn -0.333947 -0.910765 -0.242871
vn 0.534758 -0.831846 0.148544
vn 0.219017 -0.954291 0.203373
vn 0.147442 0.884652 0.442326
vn 0.235702 0.942809 0.235702
vn -0.192450 0.962251 -0.192450
vn -0.242535 0.970143 0.000000
vn 0.000000 1.000000 0.000000
vn -0.242535 0.970143 0.000000
vn 0.000000 1.000000 0.000000
vn 0.000000 -0.000000 1.000000
vn 0.163846 -0.737309 0.655386
vn 0.231691 -0.409914 0.882207
vn 0.307984 -0.132856 0.942070
vn 0.198029 -0.693103 0.693103
vn -0.411693 -0.288185 -0.864557
vn 0.323175 -0.277007 0.904890
vn 0.056418 -0.994530 0.087907
vn 0.889743 -0.453427 -0.052553
vn 0.883797 -0.461353 0.077819
vn 0.494720 -0.865760 0.075582
vn 0.940062 -0.322570 -0.110596
vn 0.085686 -0.068549 -0.993961
vn 0.496139 -0.868243 0.000000
vn -0.404763 0.911466 0.073457
vn -0.744281 0.664179 -0.070089
vn -0.370505 0.928799 -0.007613
vn -0.683096 0.397438 -0.612717
vn -0.931054 0.350397 -0.101782
vn 0.137885 -0.962083 0.235337
vn 0.537385 -0.146559 0.830504
vn 0.742781 -0.371391 0.557086
vn 0.813963 -0.390438 -0.430143
vn 0.696311 -0.174078 0.696311
vn 0.445435 -0.089087 0.890871
vn -0.862897 0.080897 0.498863
vn 0.690501 0.032116 0.722618
vn -0.872699 -0.367452 0.321521
vn -0.909724 -0.076519 0.408101
vn 0.472250 -0.769142 0.430581
vn 0.950069 -0.309127 0.042540
vn 0.485071 -0.485071 -0.727607
vn -0.559886 -0.814378 0.152696
vn -0.676715 0.676716 -0.290021
vn 0.659947 0.714295 -0.232922
vn -0.808122 0.505076 -0.303046
vn 0.660175 0.644073 -0.386444
vn -0.223451 0.111726 -0.968291
vn -0.577350 0.577350 -0.577350
vn -0.808122 0.505076 -0.303046
vn 0.326250 0.797499 -0.507500
vn -0.223009 0.689299 -0.689299
vn 0.239084 -0.967723 -0.079695
vn 0.341432 0.938937 0.042679
vn 0.000000 -0.000000 -1.000000
vn 0.316228 0.948683 0.000000
vn -0.159617 -0.239426 -0.957704
vn -0.000000 -1.000000 0.000000
vn 0.707107 -0.000000 0.707107
vn 0.316228 -0.000000 0.948683
vn 0.335578 0.939618 -0.067116
vn 0.707107 -0.000000 0.707107
vn 0.316228 -0.000000 0.948683
vn -0.000000 -1.000000 0.000000
vn 0.369028 -0.883033 0.289951
vn 0.324443 0.486664 -0.811107
vn 0.000000 -0.000000 1.000000
vn -0.242536 -0.970142 0.000000
vn 0.315789 -0.526316 0.789474
vn -0.196116 -0.980581 0.000000
vn -0.176090 -0.880451 0.440225
vn 0.441129 -0.735215 0.514650
vn 0.384400 -0.492513 0.780812
vn -0.216612 0.541530 -0.812296
vn -0.000000 -0.894427 0.447214
vn 0.315789 -0.526316 0.789474
vn 0.487769 0.182913 0.853595
vn 0.280668 -0.654892 0.701670
vn -0.224840 0.533994 -0.815044
vn 0.235419 -0.342427 0.909572
vn -0.176090 -0.880451 0.440225
vn -0.000000 -0.894427 0.447214
vn 0.294086 -0.000000 0.955779
vn 0.314057 0.946595 -0.072985
vn 0.890134 0.438596 0.123670
vn 0.075169 -0.951435 0.298531
vn 0.825390 -0.517744 0.225106
vn 0.847700 -0.508620 0.150702
vn 0.467154 -0.867572 0.170548
vn -0.026120 0.074007 0.996916
vn 0.814613 0.543075 -0.203653
vn 0.896520 0.431658 -0.099613
vn 0.828517 0.552345 0.092057
vn 0.351124 0.936329 0.000000
vn -0.795083 -0.536064 -0.283687
vn -0.920074 0.321812 -0.223385
vn -0.577350 0.577350 0.577350
vn 0.446304 -0.063758 0.892607
vn 0.742781 -0.371391 0.557086
vn -0.808290 0.115470 0.577350
vn 0.271605 -0.864196 0.423551
vn 0.959745 -0.279778 -0.024790
vn -0.233957 -0.824165 -0.515768
vn 0.020820 -0.853611 -0.520495
vn 0.311109 -0.634417 -0.707620
vn -0.060858 -0.608580 -0.791155
vn 0.230368 -0.884614 -0.405448
vn -0.707107 0.707107 -0.000000
vn -0.428029 0.902874 -0.040128
vn -0.780399 0.520266 -0.346844
vn -0.481900 0.619586 0.619586
vn -0.852975 0.255893 0.454920
vn -0.599979 -0.741641 0.299990
vn -0.676715 0.676716 -0.290021
vn -0.529813 0.662266 -0.529813
vn -0.808122 0.505076 -0.303046
vn -0.707106 0.707107 0.000000
vn -0.721219 -0.540914 0.432731
vn -0.408248 0.408249 0.816497
vn -0.577350 0.577350 -0.577350
vn -0.562872 -0.756548 0.332881
vn -0.165251 -0.980485 0.106495
vn -0.437404 -0.893419 -0.102371
vn 0.951666 -0.212508 -0.221747
vn -0.149873 0.889874 -0.430886
vn 0.079181 0.989759 -0.118771
vn -0.421665 -0.872410 -0.247183
vn 0.040505 -0.951877 -0.303791
vn 0.952786 0.059549 0.297745
vn 1.000000 -0.000000 0.000000
vn -0.166890 0.891999 -0.420102
vn 0.894427 -0.000000 0.447214
vn 0.991942 -0.121818 -0.034805
vn -0.267261 0.801784 -0.534522
vn 0.282270 -0.511614 0.811526
vn 0.244936 -0.775631 0.581724
vn 0.358569 0.597614 0.717137
vn 0.333334 0.666666 0.666667
vn 0.136083 0.272165 0.952579
vn 0.051435 0.565779 0.822951
vn 0.145479 -0.800132 -0.581914
vn 0.104542 0.052271 0.993146
vn 0.522435 0.812554 -0.258491
vn 0.935010 0.205164 -0.289248
vn 0.938862 0.332668 0.088711
vn 0.393251 0.896613 -0.203565
vn 0.884744 0.362149 -0.293387
vn 0.825545 0.557605 0.086900
vn 0.297174 0.950956 0.085850
vn -0.024092 0.088337 0.995799
vn 0.896520 0.431658 -0.099613
vn 0.315450 0.946349 -0.070100
vn 0.033528 -0.062865 -0.997459
vn -0.471211 0.873932 0.119173
vn -0.682577 0.729652 0.041190
vn 0.049643 -0.993359 0.103799
vn 0.382359 0.382360 -0.841191
vn 0.220320 0.603486 -0.766331
vn -0.533345 0.811798 0.237756
vn -0.727366 0.648568 0.224271
vn 0.578515 -0.276109 -0.767518
vn 0.721742 -0.204975 -0.661116
vn -0.101355 0.168158 -0.980536
vn 0.153827 -0.964568 0.214349
vn 0.065172 -0.912406 0.404065
vn 0.179213 -0.796502 -0.577466
vn -0.008784 -0.316215 -0.948647
vn 0.282114 -0.923034 0.261572
vn -0.023034 -0.310956 -0.950145
vn 0.238196 -0.870905 0.429870
vn 0.052949 0.112252 0.992268
vn 0.871704 -0.084359 -0.482718
vn 0.248069 -0.744208 -0.620174
vn 0.050286 -0.759871 -0.648126
vn -0.310407 -0.151594 -0.938439
vn 0.658737 0.154997 0.736235
vn 0.833951 0.443591 -0.328257
vn 0.756757 0.567567 -0.324324
vn 0.507093 0.169031 -0.845154
vn 0.926109 0.075601 -0.369604
vn -0.368674 0.638792 0.675295
vn 0.048939 -0.048939 0.997602
vn -0.178965 0.954480 -0.238620
vn 0.193079 0.953136 -0.232921
vn -0.157525 -0.986759 -0.038638
vn 0.917949 -0.335405 -0.211834
vn 0.323414 0.818046 -0.475609
vn -0.588349 0.784464 -0.196116
vn 0.162221 0.162221 0.973329
vn 0.894427 -0.000000 0.447214
vn -0.142655 0.903482 -0.404190
vn -0.477670 -0.796117 -0.371521
vn 0.216895 -0.976028 0.018075
vn 0.254457 0.763370 -0.593732
vn 0.000000 0.948683 -0.316228
vn -0.105409 0.843274 -0.527046
vn 0.332692 0.942628 0.027724
vn 0.107710 -0.983755 -0.143614
vn 0.780869 -0.000000 0.624695
vn 0.348743 0.929981 -0.116248
vn 0.268731 -0.962955 -0.022394
vn 0.768221 -0.000000 0.640184
vn -0.096926 -0.969256 0.226160
vn 0.092748 0.881104 -0.463739
vn 0.395817 0.915326 0.074216
vn 0.468522 0.624695 0.624695
vn 0.089087 0.890871 -0.445435
vn 0.357003 0.933699 0.027462
vn 0.390567 0.650944 0.650945
vn 0.362447 0.932004 0.000000
vn 0.152057 0.380143 0.912343
vn 0.182574 0.839841 0.511208
vn 0.320984 0.868543 -0.377627
vn 0.143625 -0.844853 0.515360
vn 0.137361 -0.824163 -0.549442
vn 0.358569 0.597614 0.717137
vn 0.327086 0.862316 0.386555
vn 0.058824 0.705882 -0.705882
vn 0.000000 0.707107 0.707107
vn 0.051435 0.565779 0.822951
vn 0.040622 0.893689 0.446844
vn 0.235702 0.942809 0.235702
vn 0.088045 0.704361 -0.704361
vn 0.063758 0.892607 0.446304
vn 0.000000 1.000000 0.000000
vn 0.072643 0.181608 0.980684
vn 0.035855 -0.998134 0.049422
vn 0.885925 -0.463827 -0.000802
vn 0.533465 -0.844653 -0.044455
vn -0.057890 -0.051458 -0.996996
vn -0.160777 -0.072185 0.984348
vn -0.379339 0.796144 0.471442
vn -0.727366 0.648568 0.224271
vn -0.696470 0.686955 0.207419
vn 0.912222 0.253487 -0.321863
vn 0.807412 0.477856 -0.346034
vn -0.902932 0.018943 0.429366
vn 0.969142 -0.152294 0.193828
vn -0.491539 -0.655386 0.573462
vn 0.711143 0.241281 0.660347
vn -0.920553 -0.048450 0.387601
vn 0.980286 -0.024507 0.196057
vn 0.617213 0.154303 0.771517
vn -0.491539 -0.655386 0.573462
vn -0.168732 -0.352804 0.920358
vn -0.567108 0.797986 -0.203979
vn -0.537353 0.772765 0.337765
vn 0.531543 -0.779982 0.330289
vn 0.751809 -0.636147 0.173495
vn -0.580644 0.503907 0.639476
vn -0.807025 0.256640 0.531833
vn -0.707107 0.707107 -0.000000
vn -0.544992 0.758376 -0.357561
vn 0.175114 0.951898 0.251445
vn -0.612311 -0.759266 0.220432
vn -0.747427 -0.653998 -0.116785
vn -0.926367 -0.168430 0.336861
vn 0.095346 0.286039 0.953463
vn 0.254457 0.763370 -0.593732
vn 0.798228 -0.066519 0.598671
vn -0.105963 0.741738 -0.662266
vn -0.161048 -0.375780 -0.912608
vn 0.340503 0.936382 -0.085126
vn 0.248282 -0.910367 -0.331042
vn -0.000000 -0.707107 -0.707107
vn -0.188237 -0.439219 -0.878438
vn -0.157500 -0.984374 0.078750
vn 0.189675 -0.867084 0.460639
vn 0.324443 0.486664 -0.811107
vn 0.127000 0.635001 -0.762001
vn 0.147620 -0.098414 0.984136
vn 0.371391 0.742781 0.557086
vn 0.108804 0.731956 0.672608
vn 0.333334 0.666666 0.666667
vn 0.293198 0.837708 0.460739
vn -0.081650 0.571547 0.816497
vn 0.105409 0.527046 0.843274
vn 0.000000 -0.000000 1.000000
vn -0.000000 -0.707107 0.707107
vn 0.000000 -0.000000 1.000000
vn 0.235702 0.942809 0.235702
vn 0.272166 -0.136083 -0.952579
vn 0.478644 0.864804 -0.151706
vn 0.800811 -0.598821 0.010725
vn 0.047637 -0.997590 0.050440
vn 0.851822 -0.523597 0.015630
vn 0.098353 -0.993563 0.056202
vn 0.221340 -0.974586 0.034507
vn -0.518977 0.838509 0.166031
vn 0.220320 0.603486 -0.766331
vn 0.311626 0.424944 -0.849889
vn 0.711143 0.241281 0.660347
vn 0.982766 -0.109738 -0.148756
vn 0.220454 -0.932691 0.285460
vn 0.939929 -0.307421 -0.148410
vn -0.133334 -0.666666 -0.733333
vn 0.098295 -0.835504 -0.540621
vn 0.376474 0.439219 -0.815692
vn -0.060858 -0.608580 -0.791155
vn 0.784924 0.159646 -0.598671
vn -0.152057 -0.912343 -0.380143
vn -0.445824 -0.819741 -0.359536
vn 0.832050 -0.000000 0.554700
vn 0.224231 -0.523204 0.822179
vn 0.244242 -0.789089 0.563635
vn 0.157027 -0.837478 0.523424
vn 0.324443 0.486664 -0.811107
vn 0.149441 0.647576 -0.747203
vn -0.242536 -0.970142 0.000000
vn 0.099015 -0.099015 0.990148
vn -0.242536 -0.970142 0.000000
vn 0.210672 0.079002 0.974359
vn 0.155601 -0.146956 0.976828
vn 0.283193 0.629317 0.723714
vn 0.222985 0.522860 0.822736
vn 0.181706 -0.000000 0.983353
vn -0.086549 0.562565 0.822210
vn 0.105457 0.015065 0.994310
vn 0.289604 -0.920264 0.263143
vn 0.743479 -0.608301 0.277866
vn 0.446304 0.892607 -0.063758
vn -0.041559 0.955847 -0.290910
vn -0.087404 -0.047064 -0.995061
vn 0.331574 -0.939117 0.090102
vn 0.395789 -0.511630 -0.762618
vn 0.673423 -0.518645 -0.526791
vn -0.518889 0.331513 -0.787943
vn -0.230171 -0.175368 -0.957219
vn -0.577350 0.577350 0.577350
vn -0.826427 0.190714 0.529761
vn 0.879343 -0.462413 0.113708
vn 0.899274 0.393432 -0.191096
vn 0.744843 0.630251 -0.219071
vn 0.215225 -0.883962 -0.415078
vn 0.485632 -0.251189 0.837297
vn 0.601953 -0.632935 -0.486874
vn -0.487477 0.816287 -0.309906
vn -0.592009 -0.782979 0.190971
vn -0.660585 0.366992 0.654939
vn -0.737698 0.409832 0.536507
vn -0.780399 0.520266 -0.346844
vn -0.687046 0.467191 0.556507
vn -0.861057 0.334856 -0.382692
vn -0.826901 0.262188 0.497485
vn 0.753565 -0.207880 -0.623640
vn -0.149801 0.898807 -0.411953
vn 0.814313 -0.254473 -0.521669
vn 0.248415 0.883783 -0.396508
vn -0.316228 -0.948683 0.000000
vn 0.577350 0.577350 0.577350
vn 0.229416 0.688247 -0.688247
vn 0.063119 -0.820553 -0.568075
vn 0.358569 0.597614 0.717137
vn 0.333333 0.666666 0.666667
vn 0.000000 0.208108 0.978106
vn 0.097422 0.229227 0.968485
vn 0.280516 0.919496 -0.275387
vn 0.118846 0.190153 -0.974535
vn 0.953431 -0.103074 -0.283452
vn -0.227921 0.341882 -0.911685
vn -0.314270 0.392837 -0.864242
vn 0.136083 0.272166 -0.952579
vn 0.934635 0.243476 -0.259185
vn 0.855088 -0.128942 -0.502194
vn -0.382423 0.749848 0.539890
vn 0.499220 -0.174727 0.848675
vn 0.674926 -0.467257 0.571092
vn 0.604708 0.172773 0.777482
vn 0.191291 0.047823 0.980368
vn 0.539168 0.816172 -0.207753
vn -0.460631 0.860733 -0.216697
vn -0.721827 0.683500 0.108593
vn 0.584192 0.646822 -0.490246
vn 0.649370 0.636930 -0.415497
vn 0.258172 0.301201 -0.917946
vn 0.707107 -0.000000 -0.707107
vn -0.453003 -0.101418 0.885722
vn -0.588498 -0.535852 0.605419
vn 0.824243 0.088312 -0.559308
vn -0.338259 0.860144 -0.381749
vn 0.267261 0.801784 -0.534523
vn 0.950255 0.259160 -0.172774
vn 0.841191 0.535303 -0.076472
vn 0.808291 0.577350 0.115470
vn 0.188237 0.878438 -0.439219
vn -0.301512 -0.904534 -0.301511
vn -0.153603 -0.975047 -0.160282
vn -0.707107 0.000000 0.707107
vn 0.162221 0.162221 0.973329
vn 0.254457 0.763370 -0.593732
vn -0.408248 0.816497 0.408248
vn 0.035968 0.863220 -0.503545
vn 0.000000 0.948683 -0.316228
vn 0.189737 0.948683 -0.252982
vn -0.707107 0.000000 0.707107
vn 0.242536 -0.000000 0.970142
vn -0.116841 0.876309 -0.467366
vn -0.127000 0.635001 0.762001
vn -0.333333 0.666667 -0.666667
vn 0.242536 -0.000000 0.970142
vn 0.707107 -0.707107 0.000000
vn 0.000000 -0.000000 -1.000000
vn -0.078811 -0.945732 -0.315244
vn -0.210235 -0.578147 -0.788383
vn -0.093296 -0.995153 0.031099
vn 0.000000 0.894427 -0.447214
vn 0.295378 0.954299 0.045443
vn 0.029814 -0.954056 0.298142
vn 0.000000 0.894427 -0.447214
vn 0.468522 0.624695 0.624695
vn 0.000000 0.707107 0.707107
vn 0.318000 0.847998 -0.423999
vn 0.468522 0.624695 0.624695
vn 0.000000 0.707107 0.707107
vn 0.289211 0.944757 -0.154246
vn 0.091211 -0.875627 0.474298
vn 0.000000 0.707107 -0.707107
vn 0.000000 0.707107 0.707107
vn -0.154049 0.898618 0.410797
vn 0.000000 0.707107 -0.707107
vn -0.068640 0.892318 0.446159
vn -0.057682 0.269181 0.961361
vn 0.204926 0.973400 -0.102463
vn 0.365148 -0.182574 -0.912871
vn 0.356398 -0.934325 0.004272
vn 0.231670 -0.938120 0.257411
vn -0.015644 0.059448 0.998109
vn 0.329745 -0.942338 0.057156
vn -0.025532 -0.062847 -0.997697
vn 0.291162 -0.956674 0.000000
vn -0.615983 0.602566 -0.507424
vn -0.475083 0.759487 0.444381
vn -0.625104 0.767060 -0.144446
vn 0.559852 -0.759121 0.332116
vn 0.860753 -0.299392 0.411665
vn 0.764471 -0.611577 -0.203859
vn 0.498453 0.667316 -0.553384
vn 0.780720 0.390359 -0.487950
vn 0.229130 0.722642 -0.652141
vn -0.561886 0.656363 0.503460
vn -0.660595 -0.722703 0.203260
vn 0.768767 0.090443 -0.633102
vn -0.092812 -0.951318 -0.293903
vn -0.145510 0.062361 -0.987389
vn 0.220732 0.908894 0.353820
vn -0.562024 0.259396 0.785393
vn 0.000000 1.000000 0.000000
vn -0.527270 0.188311 0.828568
vn -0.792448 0.035817 0.608887
vn 0.422952 -0.629453 0.651844
vn -0.047880 -0.335159 0.940944
vn -0.747427 -0.653998 -0.116785
vn -0.961539 -0.273541 0.024867
vn -0.268258 -0.199956 0.942367
vn -0.751868 -0.043377 0.657885
vn -0.512147 0.384111 0.768221
vn 0.230689 0.967611 0.102528
vn -0.471929 0.235965 0.849473
vn 0.824243 0.088312 -0.559308
vn 0.841191 0.535303 -0.076472
vn 0.129641 0.738952 -0.661168
vn 0.625993 0.056908 -0.777749
vn 0.000000 0.948683 -0.316228
vn 0.188145 0.940721 -0.282216
vn -0.227921 -0.911685 -0.341882
vn -0.152057 -0.912343 -0.380143
vn -0.485071 -0.727607 -0.485071
vn -0.090415 -0.981647 -0.167913
vn 0.000000 0.948683 -0.316228
vn 0.237810 0.951238 -0.196451
vn 0.318273 0.947242 -0.037890
vn -0.111111 -0.444444 -0.888889
vn -0.212598 -0.690942 -0.690942
vn -0.110264 -0.992372 0.055132
vn -0.169031 0.507092 0.845154
vn 0.152057 0.380143 0.912343
vn 0.217186 0.912182 -0.347498
vn 0.119670 -0.852648 0.508597
vn 0.081259 0.677161 -0.731334
vn 0.200691 -0.225777 0.953283
vn 0.163846 -0.737309 0.655386
vn -0.000000 -0.707107 0.707107
vn 0.141060 -0.282121 0.948952
vn 0.066304 -0.279950 0.957722
vn 0.103400 -0.206801 0.972904
vn 0.229416 -0.688247 0.688247
vn -0.000000 -0.707107 0.707107
vn 0.297936 -0.335177 -0.893807
vn 0.229416 -0.688247 0.688247
vn -0.000000 -0.707107 0.707107
vn -0.041631 0.000000 0.999133
vn -0.124035 0.000000 0.992278
vn 0.212000 0.953998 0.212000
vn 0.447707 -0.888089 0.104194
vn 0.521422 0.848368 -0.091601
vn -0.092993 0.963142 -0.252410
vn -0.694761 -0.612289 -0.377370
vn -0.812175 0.226932 -0.537469
vn -0.272540 -0.178855 -0.945374
vn -0.937792 0.303914 -0.167876
vn -0.683096 0.397438 -0.612717
vn -0.314270 0.392837 -0.864242
vn -0.367452 0.321521 -0.872699
vn 0.115900 0.231800 -0.965834
vn -0.457604 0.522976 -0.719092
vn -0.224860 0.374766 -0.899438
vn -0.495570 0.344744 -0.797221
vn 0.899255 0.393834 -0.190353
vn 0.741581 0.664866 -0.089501
vn 0.189519 -0.966138 0.175100
vn 0.887247 -0.448343 -0.108546
vn -0.007623 -0.404004 0.914726
vn 0.279202 0.314102 -0.907406
vn 0.787044 0.342193 -0.513290
vn 0.228436 0.750576 -0.620042
vn 0.496234 -0.626822 0.600705
vn 0.780869 0.624695 0.000000
vn 0.794329 -0.134632 0.592381
vn 0.067316 0.053853 0.996277
vn -0.649877 0.396785 0.648245
vn -0.793123 0.256483 0.552424
vn -0.597095 -0.771854 0.218449
vn -0.747427 -0.653998 -0.116785
vn -0.967227 -0.245119 -0.066248
vn -0.596852 -0.777295 -0.198950
vn -0.534522 0.267261 0.801784
vn -0.482103 0.120526 0.867785
vn -0.518816 -0.636962 0.570184
vn 0.841191 0.535303 -0.076472
vn 0.832656 0.543036 0.108607
vn 0.039467 0.872648 -0.486753
vn 0.259161 0.950255 -0.172774
vn 0.832656 0.543036 0.108607
vn 0.707107 -0.000000 -0.707107
vn 0.101015 0.909137 -0.404061
vn -0.382692 -0.861057 -0.334855
vn -0.152057 -0.912343 -0.380143
vn -0.218218 -0.872871 -0.436436
vn 0.110263 -0.937240 -0.330791
vn -0.274721 -0.961524 0.000000
vn 0.242536 0.970142 0.000000
vn -0.100504 0.703526 -0.703526
vn 0.577350 0.577350 0.577350
vn 0.333333 0.666667 0.666667
vn -0.100504 0.703526 -0.703526
vn -0.209529 -0.977802 0.000000
vn -0.174078 -0.696311 -0.696310
vn -0.141422 -0.989949 0.000000
vn 0.577350 0.577350 0.577350
vn 0.333333 0.666667 0.666667
vn -0.000000 -0.707107 0.707106
vn 0.034895 0.697899 -0.715346
vn -0.203954 -0.978980 0.000000
vn 0.187647 -0.112588 0.975763
vn -0.189927 -0.981288 0.031654
vn -0.070186 0.631676 0.772049
vn 0.087371 0.961074 0.262111
vn 0.279752 0.466252 0.839254
vn 0.152057 0.380143 0.912343
vn 0.025599 0.767970 0.639974
vn 0.163846 -0.737309 0.655386
vn -0.000000 -0.707107 0.707107
vn 0.146328 -0.329238 0.932840
vn -0.147442 -0.884652 0.442326
vn -0.169031 -0.845154 0.507093
vn -0.000000 -0.894427 0.447214
vn 0.161132 -0.000000 0.986933
vn 0.188876 -0.967994 0.165267
vn -0.146200 -0.106327 -0.983524
vn -0.121880 0.987870 0.096221
vn 0.306987 0.951659 0.010233
vn -0.180264 0.947348 -0.264644
vn 0.273167 0.956083 -0.106231
vn -0.073017 -0.041519 -0.996466
vn -0.253694 0.961368 -0.106819
vn 0.088582 -0.088582 -0.992122
vn 0.720854 -0.576683 -0.384455
vn 0.391176 -0.540196 -0.745097
vn 0.677253 -0.365872 -0.638330
vn 0.585268 0.805693 -0.091211
vn 0.473503 0.835593 -0.278531
vn 0.046984 -0.751746 0.657777
vn -0.032927 -0.477438 0.878048
vn 0.711143 0.241281 0.660347
vn 0.911322 0.390567 -0.130189
vn 0.394977 -0.853380 -0.340199
vn 0.668965 -0.594635 -0.445977
vn 0.461316 0.823778 -0.329511
vn 0.279202 0.314102 -0.907406
vn 0.842972 0.425500 -0.329161
vn -0.000000 -0.780869 0.624695
vn 0.860753 -0.299392 0.411665
vn 0.754434 -0.628695 -0.188608
vn -0.000000 -1.000000 0.000000
vn -0.690656 0.480457 0.540514
vn -0.999121 -0.040505 -0.010801
vn -0.707107 0.707107 -0.000000
vn -0.613351 0.744784 -0.262865
vn -0.780399 0.520266 -0.346844
vn -0.966052 0.170123 -0.194426
vn -0.711287 -0.222277 -0.666831
vn -0.997821 -0.065646 -0.006565
vn -0.785765 -0.381096 -0.487174
vn 0.870063 0.483368 0.096674
vn 0.679851 -0.151078 -0.717620
vn -0.145433 0.901681 -0.407211
vn 0.210106 0.930465 -0.300150
vn -0.269069 -0.962440 -0.036221
vn -0.434614 -0.894792 -0.102262
vn -0.707107 0.000000 0.707107
vn -0.408248 0.816497 0.408248
vn -0.707107 0.707107 0.000000
vn -0.152866 0.889404 -0.430805
vn -0.617214 -0.771516 -0.154303
vn 0.879049 -0.361961 -0.310253
vn 0.107482 -0.940466 -0.322446
vn -0.486665 -0.811107 -0.324443
vn 0.826234 -0.236067 0.511478
vn 0.932255 -0.331468 -0.145017
vn 0.707107 -0.707107 0.000000
vn -0.082761 -0.082761 -0.993127
vn -0.154303 0.617213 0.771517
vn 0.707107 -0.707107 0.000000
vn 0.154649 -0.502609 0.850569
vn 0.202189 -0.824310 0.528803
vn 0.126745 -0.443607 0.887214
vn 0.098831 -0.820296 0.563336
vn 0.141421 -0.000000 0.989950
vn -0.169031 -0.845154 0.507093
vn -0.000000 -0.894427 0.447214
vn 0.272166 0.680414 0.680414
vn 0.129699 -0.424470 0.896104
vn 0.241307 0.965226 -0.100544
vn -0.211999 0.953998 -0.212000
vn -0.142821 0.981121 0.130402
vn -0.133726 0.989574 -0.053491
vn 0.240364 0.961454 0.133535
vn 0.072603 0.019262 0.997175
vn -0.508316 0.849614 0.140612
vn -0.685090 0.724921 0.071696
vn -0.635913 0.771575 -0.016958
vn -0.227921 0.341882 -0.911685
vn -0.912871 0.182574 -0.365149
vn -0.527046 0.421637 -0.737865
vn -0.386348 0.757085 0.526838
vn 0.398647 -0.916888 0.019932
vn 0.702247 -0.702247 -0.117041
vn -0.345592 0.938037 -0.025536
vn -0.318042 0.947892 0.018708
vn -0.721827 0.683500 0.108593
vn -0.700140 0.700140 0.140028
vn -0.706496 0.706496 0.041559
vn -0.000000 -0.780869 0.624695
vn 0.549442 -0.824163 -0.137361
vn 0.955994 -0.251577 -0.150946
vn 0.000000 0.020829 0.999783
vn -0.000000 -0.780869 0.624695
vn 0.736537 -0.040919 0.675159
vn -0.646330 0.430887 0.629757
vn -0.666666 0.333333 0.666667
vn -0.743294 0.401679 0.534946
vn -0.789100 0.251597 0.560375
vn 0.707107 -0.000000 -0.707107
vn -0.539705 0.662676 -0.519210
vn 0.625284 0.016600 -0.780221
vn -0.160812 0.894517 -0.417107
vn 0.170728 0.919303 -0.354589
vn 0.422392 0.844782 -0.328526
vn 0.035968 0.863220 -0.503545
vn -0.408248 0.816497 0.408248
vn -0.707107 0.707107 0.000000
vn -0.450933 -0.878441 -0.158119
vn 0.814613 -0.203653 0.543075
vn 0.950915 -0.237729 -0.198107
vn -0.256307 0.683486 -0.683486
vn 0.196116 -0.274563 -0.941357
vn -0.154303 0.617213 0.771517
vn 0.242536 -0.000000 0.970142
vn 0.456172 0.304114 0.836315
vn -0.265343 0.729694 -0.630190
vn 0.242536 -0.000000 0.970142
vn 0.000000 0.707107 0.707107
vn 0.554700 -0.000000 0.832050
vn 0.154649 -0.502609 0.850569
vn -0.000000 -0.991882 0.127164
vn -0.000000 -0.707106 0.707107
vn 0.016460 -0.839456 0.543178
vn -0.053338 0.560050 0.826740
vn -0.037000 0.222002 0.974344
vn 0.113465 0.097256 0.988770
vn -0.257529 0.482867 0.836970
vn -0.039590 0.554265 0.831398
vn 0.120343 -0.080229 0.989485
vn -0.183576 0.157351 0.970330
vn 0.000000 0.707107 -0.707107
vn 0.144005 0.912029 -0.384012
vn 0.161281 -0.483843 -0.860165
vn 0.229416 -0.688247 0.688247
vn 0.053149 -0.425195 0.903540
vn 0.083900 -0.503398 -0.859972
vn 0.409913 0.868829 -0.277683
vn -0.170770 0.914838 -0.365935
vn 0.105682 0.970513 -0.216648
vn -0.597994 0.760951 -0.251710
vn -0.209313 -0.058199 -0.976115
vn -0.812175 0.226932 -0.537469
vn -0.112683 0.081951 -0.990246
vn -0.542587 0.471661 -0.695079
vn 0.063472 0.084629 -0.994389
vn -0.499092 0.499092 -0.708389
vn -0.232104 0.290129 -0.928414
vn -0.314270 0.392837 -0.864242
vn -0.890222 0.359040 -0.280347
vn -0.367452 0.321521 -0.872699
vn -0.526703 0.847368 0.067470
vn -0.706496 0.706496 0.041559
vn -0.800813 -0.169869 -0.574320
vn -0.907265 0.082479 -0.412393
vn -0.481108 0.330762 -0.811869
vn 0.740080 -0.306403 -0.598664
vn 0.407383 -0.349186 0.843865
vn 0.773408 0.633635 -0.018637
vn 0.289957 -0.559203 -0.776670
vn 0.217689 -0.839660 -0.497577
vn 0.551144 -0.661373 -0.508749
vn -0.655759 -0.696573 -0.291146
vn -0.087536 -0.982343 0.165345
vn -0.700030 -0.653048 0.288939
vn -0.443264 -0.837276 0.320135
vn -0.460604 -0.756086 -0.464949
vn 0.706910 -0.612656 -0.353455
vn -0.000000 -0.977802 -0.209529
vn 0.319773 0.413040 0.852727
vn -0.000000 -0.780869 0.624695
vn 0.986431 0.051917 0.155752
vn 0.404820 0.289157 0.867473
vn 0.527868 0.485639 0.696786
vn 0.966533 -0.250162 0.056855
vn 0.424000 0.847998 -0.317999
vn -0.572078 0.667424 -0.476732
vn -0.707107 0.707107 0.000000
vn -0.182230 0.888373 -0.421408
vn 0.228463 0.933293 -0.277071
vn -0.453416 -0.875916 -0.164878
vn 0.909483 -0.293974 -0.293974
vn -0.269069 -0.874475 -0.403604
vn 0.839254 -0.279752 0.466252
vn 0.224230 -0.074744 0.971666
vn -0.263230 -0.935929 -0.233982
vn -0.196116 0.588348 0.784465
vn 0.707107 -0.707107 -0.000000
vn 0.468293 0.468293 0.749269
vn -0.221332 -0.932755 -0.284569
vn -0.127000 -0.635001 -0.762001
vn -0.293294 -0.806559 -0.513265
vn -0.071247 -0.997459 0.000000
vn -0.138968 -0.990145 0.017371
vn -0.000000 -0.707106 0.707107
vn 0.155492 -0.870759 0.466478
vn -0.299632 0.863646 0.405385
vn -0.018322 0.238181 0.971048
vn 0.098214 0.387400 0.916665
vn -0.092450 0.369800 0.924500
vn -0.203653 0.543075 0.814613
vn 0.157991 0.947943 -0.276483
vn 0.023696 -0.094782 0.995216
vn -0.137292 0.955075 -0.262646
vn -0.255985 -0.025598 -0.966342
vn -0.812175 0.226932 -0.537469
vn -0.836685 0.512002 -0.194454
vn -0.519258 0.373866 -0.768502
vn -0.683096 0.397438 -0.612717
vn -0.464361 0.300469 -0.833119
vn 0.684806 0.725690 -0.066436
vn -0.443264 -0.837276 0.320135
vn -0.503742 -0.671656 -0.543251
vn -0.134371 -0.974186 -0.181400
vn 0.393839 -0.747284 -0.535217
vn -0.138445 -0.107680 -0.984499
vn -0.301511 -0.904534 -0.301511
vn 0.354594 -0.868755 -0.345729
vn 0.489083 -0.692868 -0.529840
vn 0.912815 -0.370060 -0.172695
vn 0.573132 0.814451 0.090495
vn -0.375273 0.650121 0.660692
vn -0.080093 0.133488 0.987809
vn -0.503362 -0.717291 -0.481789
vn 0.664364 0.747409 0.000000
vn 0.206406 0.172005 0.963229
vn -0.379442 0.698173 0.607107
vn 0.495261 0.228582 0.838133
vn -0.355172 -0.764866 -0.537431
vn -0.060858 -0.608580 -0.791155
vn -0.142200 -0.619585 0.771942
vn 0.454474 -0.650181 0.608866
vn -0.051550 -0.335073 0.940781
vn 0.829740 -0.414870 -0.373383
vn -0.235702 -0.942809 -0.235702
vn -0.726639 -0.603579 -0.328159
vn 0.888889 -0.444444 -0.111111
vn 0.027743 -0.998749 -0.041614
vn 0.577350 -0.577351 -0.577350
vn 0.586588 0.073324 -0.806559
vn 0.876342 -0.259657 -0.405714
vn -0.188859 -0.974112 -0.124249
vn 0.422392 0.844782 -0.328526
vn -0.559950 0.732242 -0.387658
vn 0.421077 0.842152 -0.336861
vn -0.115173 0.888475 -0.444238
vn 0.035968 0.863220 -0.503545
vn 0.187582 0.937907 -0.291793
vn 0.707107 -0.707107 0.000000
vn 0.259160 -0.431934 -0.863869
vn -0.466252 -0.839255 0.279751
vn -0.395820 -0.879599 -0.263879
vn 0.826234 -0.236067 0.511478
vn 0.254164 -0.050833 0.965824
vn 0.000000 0.919145 -0.393919
vn 0.224908 0.934234 -0.276810
vn 0.174078 0.696311 -0.696311
vn -0.242536 -0.970142 0.000000
vn 0.351124 0.936329 0.000000
vn -0.174078 -0.696311 -0.696310
vn -0.000000 -1.000000 0.000000
vn -0.000000 -0.707107 0.707106
vn -0.242536 -0.776114 -0.582085
vn 0.333333 0.666667 0.666667
vn -0.000000 -0.707107 0.707106
vn -0.000000 -0.894427 0.447214
vn 0.362462 0.922631 0.131804
vn -0.333333 0.666667 -0.666667
vn 0.275862 0.958950 0.065682
vn -0.256288 -0.768865 -0.585802
vn 0.094703 0.899676 0.426162
vn 0.267498 0.948403 0.170226
vn 0.000000 0.894427 -0.447214
vn 0.000000 0.707107 0.707107
vn 0.178885 0.983870 0.000000
vn -0.099860 0.778910 0.619134
vn 0.148152 0.977805 -0.148152
vn -0.000000 -0.707106 0.707107
vn 0.000000 0.707107 -0.707107
vn 0.226455 -0.792594 0.566139
vn 0.214559 -0.393359 0.893998
vn -0.329690 0.857194 0.395629
vn 0.074125 0.741249 0.667124
vn 0.178332 0.416107 0.891657
vn 0.000000 0.707107 -0.707107
vn 0.000000 0.707107 0.707107
vn 0.268833 0.384047 0.883310
vn 0.550106 0.777056 -0.305889
vn -0.279083 0.913579 -0.295780
vn 0.413867 0.897544 -0.152084
vn -0.268169 0.906668 -0.325634
vn -0.714755 -0.696428 0.064145
vn -0.809127 -0.549791 0.207469
vn 0.062277 -0.980416 0.186831
vn -0.786441 -0.595385 -0.164398
vn 0.062141 0.970632 -0.232405
vn -0.709292 0.678980 -0.189448
vn -0.769277 0.637401 -0.043959
vn -0.876519 0.403199 -0.262956
vn -0.367452 0.321521 -0.872699
vn -0.624642 0.715736 -0.312321
vn 0.334727 -0.334727 0.880861
vn 0.041913 -0.936079 -0.349284
vn -0.110137 0.904041 0.413014
vn 0.383844 -0.348949 0.854926
vn 0.181834 0.207810 0.961120
vn 0.444699 0.483368 0.754055
vn 0.915806 -0.388302 0.102570
vn -0.433224 -0.487377 -0.758143
vn 0.258172 0.301201 -0.917946
vn -0.094360 0.589747 -0.802056
vn -0.688319 -0.615516 0.383870
vn -0.819207 0.486123 0.304277
vn 0.252307 -0.931404 0.262350
vn -0.455864 -0.716357 0.528223
vn -0.655136 0.453787 0.604048
vn -0.762162 0.120630 0.636049
vn -0.221847 -0.770625 0.597429
vn 0.466980 -0.716036 0.518867
vn 0.757279 0.072122 -0.649097
vn -0.151210 -0.970263 -0.189012
vn -0.635321 0.057757 0.770086
vn 0.602283 0.504616 -0.618561
vn -0.145810 0.067297 -0.987021
vn -0.562024 0.259396 0.785393
vn -0.528872 0.142085 0.836723
vn -0.141421 -0.989950 0.000000
vn -0.652435 0.209033 0.728447
vn -0.649726 -0.473529 0.594665
vn 0.591364 -0.483843 -0.645124
vn 0.535305 -0.397862 -0.745087
vn -0.771824 -0.458005 -0.441042
vn 0.635044 -0.488496 -0.598407
vn 0.024470 -0.929877 -0.367057
vn 0.586588 0.073324 -0.806559
vn -0.423153 -0.871197 -0.248913
vn 0.919007 -0.191460 -0.344628
vn 0.149719 0.673738 0.723644
vn 0.487869 0.406558 0.772460
vn 0.000000 0.894427 -0.447214
vn 0.233833 0.732678 0.639144
vn 0.707106 -0.707107 -0.000000
vn 0.514496 0.514496 0.685994
vn 0.707107 0.707106 -0.000000
vn 0.206284 -0.309426 0.928279
vn -0.291903 -0.948683 0.121626
vn -0.000000 -0.707107 0.707107
vn -0.108607 -0.543036 0.832656
vn -0.046259 -0.346943 0.936745
vn -0.296111 0.924311 -0.240764
vn -0.692154 0.711930 0.118655
vn -0.811303 0.581803 -0.057375
vn -0.727366 0.648568 0.224271
vn -0.696470 0.686955 0.207419
vn 0.382359 0.382360 -0.841191
vn 0.721742 -0.204975 -0.661116
vn -0.315366 -0.776285 -0.545826
vn 0.399537 -0.762755 -0.508503
vn 0.025453 -0.369075 -0.929051
vn 0.584898 -0.674882 -0.449921
vn 0.326558 -0.553149 -0.766411
vn 0.404294 -0.789338 -0.462051
vn 0.584898 -0.674882 -0.449921
vn -0.712267 -0.252740 -0.654826
vn -0.388298 0.359535 -0.848504
vn 0.230269 0.314003 0.921075
vn 0.136091 0.990437 -0.022682
vn 0.105344 -0.667180 0.737410
vn 0.090826 -0.333028 0.938532
vn 0.489083 -0.692868 -0.529840
vn -0.254000 -0.381000 -0.889001
vn -0.332820 -0.832050 -0.443760
vn 0.934118 -0.350294 0.068685
vn 0.393815 -0.760634 0.516088
vn -0.426487 -0.750204 0.505275
vn -0.712166 0.687324 -0.142847
vn -0.633047 0.695024 0.340871
vn -0.821489 -0.410744 0.395532
vn -0.304115 -0.836314 0.456172
vn 0.148052 -0.933177 0.327509
vn -0.477359 0.477360 0.737737
vn 0.000000 0.857493 0.514496
vn 0.187303 0.922105 0.338585
vn -0.521917 0.173972 0.835067
vn -0.603905 0.666378 -0.437310
vn 0.585053 -0.203658 -0.785008
vn -0.762528 -0.298722 -0.573861
vn 0.197334 0.631470 -0.749870
vn 0.623850 0.051987 -0.779813
vn 0.577350 -0.577351 -0.577350
vn 0.344031 -0.933799 0.098295
vn -0.218832 0.785220 -0.579260
vn 0.192274 0.978847 -0.069918
vn -0.343410 0.711349 -0.613232
vn 0.219561 -0.499003 -0.838325
vn -0.348155 -0.870388 0.348156
vn 0.000000 0.707107 -0.707107
vn 0.260513 -0.855971 0.446594
vn -0.247689 -0.965986 0.074307
vn -0.241093 0.861046 0.447744
vn 0.087371 0.961074 0.262111
vn 0.178332 0.416107 0.891657
vn 0.117041 0.702247 0.702247
vn -0.147442 -0.884652 0.442326
vn 0.000000 -0.000000 1.000000
vn -0.169031 -0.845154 0.507093
vn -0.082339 -0.782218 0.617540
vn 0.117041 0.702247 0.702247
vn -0.065618 -0.459325 0.885841
vn -0.147442 -0.884652 0.442326
vn -0.218218 -0.872872 0.436436
vn 0.000000 -0.000000 1.000000
vn 0.816497 0.408248 -0.408248
vn 0.324443 -0.811107 -0.486665
vn 0.408248 0.816497 0.408248
vn -0.426401 -0.639602 0.639602
vn -0.316228 0.000000 0.948683
vn -0.019538 0.016281 0.999677
vn 0.033352 -0.433574 0.900500
vn 0.236912 -0.382705 -0.892978
vn 0.101985 0.979338 -0.174632
vn -0.810833 0.585227 -0.007713
vn -0.287183 -0.933346 0.215387
vn 0.005748 -0.982921 0.183938
vn -0.525763 -0.841220 -0.126183
vn -0.280655 -0.071963 -0.957107
vn -0.305969 0.928106 0.212138
vn -0.436436 -0.872871 0.218218
vn -0.164363 -0.965632 0.201345
vn -0.150600 -0.953802 0.259965
vn -0.723959 -0.607338 0.327145
vn 0.461757 -0.692636 -0.554108
vn 0.528680 -0.563926 -0.634417
vn -0.475665 -0.739923 -0.475665
vn -0.000000 -0.894427 -0.447214
vn 0.000000 -0.000000 -1.000000
vn 0.261231 0.962619 0.071570
vn 0.000000 -0.000000 1.000000
vn -0.336146 0.773137 0.537834
vn -0.764292 0.040226 0.643614
vn 0.301914 -0.846081 0.439311
vn -0.353773 -0.823325 0.443824
vn -0.491083 -0.681652 0.542390
vn -0.833142 0.535901 -0.136687
vn 0.757279 0.072122 -0.649097
vn 0.288996 0.922564 0.255650
vn -0.919145 0.000000 -0.393919
vn 0.707107 -0.000000 -0.707107
vn -0.209370 -0.942163 -0.261712
vn -0.909137 0.101016 -0.404061
vn -0.287881 -0.925331 -0.246755
vn -0.068432 -0.989624 -0.126335
vn 0.123092 0.861640 -0.492366
vn 0.122518 0.869873 -0.477818
vn 0.032062 0.908429 -0.416809
vn 0.229910 0.910060 -0.344865
vn 0.000000 0.932005 -0.362446
vn -0.087370 -0.611593 -0.786334
vn 0.707106 -0.707107 -0.000000
vn 0.130189 0.911322 -0.390567
vn 0.139428 -0.529826 -0.836567
vn -0.409185 0.681975 -0.606200
vn -0.103940 0.831520 0.545685
vn -0.096275 -0.032092 0.994837
vn -0.157189 -0.916934 -0.366774
vn -0.466252 -0.839255 0.279751
vn -0.164399 0.000000 0.986394
vn -0.311400 -0.778499 -0.544950
vn -0.224860 -0.974391 0.000000
vn -0.212430 -0.977176 0.000000
vn 0.079556 -0.477334 0.875113
vn -0.296175 -0.829288 0.473879
vn 0.162221 -0.973328 -0.162222
vn -0.202490 -0.978703 0.033748
vn 0.021195 -0.529880 0.847808
vn -0.022081 -0.861156 0.507861
vn -0.105891 -0.544580 0.831997
vn -0.022550 -0.219859 0.975271
vn 0.130189 0.911322 -0.390567
vn 0.000000 0.707107 -0.707107
vn 0.119976 -0.459908 -0.879824
vn 0.000000 0.707107 -0.707107
vn 0.000000 0.447214 0.894427
vn -0.170797 0.546550 0.819824
vn 0.101015 0.909137 -0.404061
vn 0.026774 -0.348062 0.937089
vn -0.170797 0.546550 0.819824
vn -0.714755 -0.696428 0.064145
vn 0.095856 -0.949433 0.298980
vn -0.686530 -0.718461 -0.111761
vn -0.809127 -0.549791 0.207469
vn 0.047829 -0.997286 0.055970
vn -0.908165 -0.414841 -0.056060
vn -0.922726 -0.364685 0.124825
vn -0.829755 -0.557818 0.018594
vn -0.787923 -0.531751 0.310512
vn 0.055378 -0.994506 0.088836
vn -0.829755 -0.557818 0.018594
vn -0.277056 0.849640 0.448723
vn -0.263491 -0.785051 0.560596
vn -0.160768 -0.964610 0.208999
vn 0.219698 0.844616 -0.488218
vn 0.042802 0.333858 -0.941651
vn -0.698715 0.675327 -0.236072
vn -0.674918 0.734721 0.068346
vn 0.382359 0.382360 -0.841191
vn 0.210949 0.597688 -0.773479
vn -0.484942 -0.646589 -0.588858
vn -0.685090 0.724921 0.071696
vn 0.046418 -0.278510 -0.959311
vn -0.491881 0.516476 -0.700932
vn -0.475090 0.542162 -0.693073
vn -0.143163 -0.114530 -0.983050
vn 0.000000 -0.000000 -1.000000
vn -0.462069 -0.627093 -0.627094
vn 0.172774 -0.777482 -0.604708
vn 0.702354 -0.561883 -0.437020
vn 0.489083 -0.692868 -0.529840
vn -0.296174 -0.829288 -0.473879
vn 0.429537 -0.816120 -0.386583
vn 0.702354 -0.561883 -0.437020
vn 0.281202 -0.958971 -0.036052
vn 0.677199 -0.395033 -0.620766
vn 0.086548 0.995307 0.043274
vn -0.354954 0.648709 0.673189
vn -0.617578 0.786009 -0.028072
vn 0.075974 0.303895 0.949671
vn -0.097396 0.681769 0.725056
vn -0.762073 0.058622 0.644831
vn -0.541116 -0.732098 0.413795
vn 0.242856 -0.925572 0.290409
vn -0.348022 -0.841726 0.412769
vn -0.548545 -0.835284 -0.037401
vn 0.336861 0.421076 0.842152
vn 0.444699 0.483368 0.754055
vn -0.026359 0.611535 0.790778
vn -0.676204 0.383052 0.629300
vn -0.745940 0.393856 0.537077
vn 0.162085 0.965753 0.202606
vn -0.734614 0.182639 0.653441
vn -0.498922 0.410877 0.763057
vn -0.583387 -0.633303 0.508514
vn -0.028253 0.775871 -0.630259
vn 0.577350 -0.577351 -0.577350
vn 0.586588 0.073324 -0.806559
vn -0.419570 -0.874104 -0.244749
vn -0.052338 -0.994420 -0.091591
vn 0.408248 -0.816497 -0.408248
vn -0.534522 0.801784 -0.267261
vn -0.447214 0.000000 -0.894427
vn 0.267261 0.801784 0.534522
vn 0.707107 -0.707107 -0.000000
vn -0.242536 0.000000 -0.970142
vn 0.174078 0.696311 -0.696311
vn 0.333333 0.666667 -0.666667
vn -0.360000 -0.800000 -0.480000
vn 0.174078 0.696311 -0.696311
vn -0.436436 -0.872871 -0.218218
vn 0.403705 0.897123 0.179425
vn 0.333333 0.666667 -0.666667
vn -0.046525 -0.883960 -0.465242
vn -0.190693 -0.858116 -0.476731
vn -0.317999 -0.847998 0.423999
vn -0.000000 -0.707107 0.707106
vn -0.000000 -0.894427 0.447214
vn -0.436006 -0.804934 -0.402467
vn -0.317999 -0.847998 0.423999
vn -0.242536 -0.970142 0.000000
vn -0.000000 -0.894427 0.447214
vn 0.367607 0.882258 0.294086
vn -0.314270 -0.864241 -0.392837
vn -0.707107 0.707107 0.000000
vn 0.000000 -0.000000 1.000000
vn 0.192450 0.192450 -0.962250
vn 0.948683 -0.316228 0.000000
vn -0.194084 0.852585 0.485211
vn 0.087371 0.961074 0.262111
vn -0.000000 -0.707106 0.707107
vn -0.124214 -0.931605 0.341588
vn 0.120386 -0.385235 0.914932
vn 0.816497 0.408248 -0.408248
vn 0.324443 -0.811107 -0.486664
vn 0.426401 0.639602 -0.639602
vn 0.816497 0.408248 -0.408248
vn 0.419058 0.907959 0.000000
vn -0.175995 0.659980 0.730378
vn 0.000000 -0.000000 1.000000
vn -0.239378 -0.624091 0.743780
vn 0.000000 -0.000000 1.000000
vn -0.208196 0.637602 -0.741700
vn 0.000000 -0.000000 -1.000000
vn -0.175995 -0.659980 -0.730378
vn 0.000000 -0.000000 -1.000000
vn -0.821794 0.547862 -0.156532
vn -0.532181 0.354788 -0.768706
vn -0.114791 -0.918328 0.378810
vn 0.006489 0.120038 0.992748
vn -0.783396 -0.278767 0.555499
vn 0.744859 -0.304421 -0.593728
vn 0.598764 -0.136083 -0.789280
vn 0.731501 0.667030 -0.141341
vn -0.371224 0.426220 -0.824942
vn 0.405285 0.905137 0.128340
vn -0.081108 0.919234 0.385268
vn 0.233831 -0.904825 0.355830
vn 0.108396 0.939418 0.325184
vn 0.000000 0.986394 -0.164399
vn -0.603405 0.748528 -0.274969
vn 0.283374 0.956389 0.070844
vn -0.411306 0.630670 0.658090
vn -0.707107 0.707107 0.000000
vn -0.101822 -0.160005 -0.981851
vn 0.893507 -0.434679 0.112695
vn 0.096561 0.241402 0.965609
vn 0.901157 -0.425074 0.085015
vn 0.328925 0.796553 -0.507258
vn 0.153443 0.179017 -0.971807
vn -0.240097 0.749993 -0.616331
vn -0.709673 0.664838 -0.233142
vn -0.681349 -0.565021 0.465312
vn -0.691254 0.434706 0.577233
vn -0.521627 0.115459 0.845325
vn -0.652435 0.209033 0.728447
vn -0.692256 0.071166 0.718135
vn -0.323700 -0.098266 0.941043
vn -0.072423 0.796656 -0.600078
vn 0.130189 0.911322 -0.390567
vn 0.016023 0.793117 0.608858
vn 0.000000 0.164399 -0.986394
vn 0.894427 -0.447214 0.000000
vn 0.110110 0.838531 0.533611
vn 0.196116 0.980581 0.000000
vn 0.109764 0.109764 0.987878
vn 0.863779 -0.503871 0.000000
vn 0.000000 -0.000000 -1.000000
vn 0.707107 0.707107 0.000000
vn -0.196116 -0.588348 0.784465
vn -0.260108 0.483058 0.836062
vn 0.031376 0.149035 0.988334
vn 0.324443 -0.811107 -0.486664
vn -0.447214 -0.894427 0.000000
vn -0.577350 -0.577350 0.577350
vn 0.366508 0.855186 0.366508
vn -0.371391 0.000000 0.928477
vn -0.499026 -0.748539 0.436648
vn -0.314485 0.104828 0.943456
vn -0.631508 -0.674081 0.383162
vn 0.012451 -0.996117 -0.087160
vn -0.913644 -0.279987 -0.294724
vn -0.152057 0.988372 0.000000
vn -0.447213 0.894427 0.000000
vn -0.236609 0.625325 0.743630
vn -0.175995 -0.659980 0.730378
vn -0.447214 -0.894427 0.000000
vn -0.152057 -0.988372 0.000000
vn -0.152057 0.988372 0.000000
vn -0.349746 0.832549 -0.429580
vn -0.340213 -0.786008 -0.516185
vn -0.152057 -0.988372 0.000000
vn -0.198297 0.616587 0.761904
vn -0.175828 -0.584000 0.792482
vn -0.102589 0.063364 0.992704
vn -0.886864 0.438516 0.145517
vn -0.696470 0.686955 0.207419
vn -0.585470 0.745145 -0.319348
vn -0.019243 -0.901206 -0.432964
vn 0.744859 -0.304421 -0.593728
vn 0.400386 -0.339970 0.850948
vn -0.102464 -0.819704 -0.563548
vn 0.060797 -0.920648 -0.385630
vn -0.535303 0.841191 0.076472
vn -0.070535 0.987484 -0.141069
vn -0.707107 0.707107 0.000000
vn -0.350661 0.736389 -0.578591
vn -0.533326 -0.737577 0.414178
vn 0.161379 -0.984412 0.069931
vn 0.244898 0.734694 0.632653
vn -0.255443 -0.766328 0.589483
vn -0.845154 0.507093 -0.169031
vn -0.232663 -0.214766 0.948548
vn 0.902124 -0.426459 0.065609
vn -0.616554 0.199473 0.761625
vn 0.140028 0.980196 0.140028
vn -0.514496 0.000000 0.857493
vn -0.627854 0.352479 0.693944
vn -0.527270 0.188311 0.828568
vn -0.107906 -0.950924 -0.289998
vn -0.881134 0.211473 -0.422944
vn 0.000000 0.857493 0.514496
vn 0.262031 0.897699 0.354227
vn -0.899367 0.172220 -0.401845
vn 0.539054 -0.505363 -0.673817
vn -0.123267 -0.801234 -0.585517
vn -0.028273 -0.876462 -0.480640
vn 0.512813 -0.459763 -0.725011
vn -0.454931 -0.878122 -0.148117
vn -0.296098 -0.944693 -0.140999
vn 0.215387 0.789754 0.574367
vn 0.793492 -0.606788 0.046676
vn -0.492249 0.599929 -0.630695
vn -0.087370 -0.611593 -0.786334
vn 0.047351 -0.520865 -0.852325
vn -0.000000 -1.000000 0.000000
vn -0.970142 0.000000 0.242536
vn -0.436436 -0.872871 -0.218218
vn -0.554700 0.000000 0.832050
vn -0.000001 -0.894427 -0.447214
vn -0.970142 0.000000 0.242536
vn -0.466252 -0.839255 0.279751
vn -0.400218 -0.864470 -0.304165
vn -0.554700 0.000000 0.832050
vn -0.324443 0.486664 -0.811107
vn 0.090167 0.090167 -0.991837
vn 0.688247 -0.229416 -0.688247
vn -0.707107 0.707107 0.000000
vn 0.196116 -0.000000 -0.980581
vn -0.707107 0.707107 0.000000
vn 0.154100 0.154100 0.975964
vn -0.597614 0.717137 -0.358569
vn -0.198762 -0.496904 0.844737
vn 0.149276 -0.381483 0.912243
vn -0.355133 -0.927290 0.118378
vn -0.408248 0.816496 0.408249
vn 0.000000 0.554700 0.832050
vn 0.056634 0.264292 0.962778
vn 0.000000 0.242536 0.970142
vn -0.206284 -0.309426 0.928279
vn -0.127386 -0.668776 0.732469
vn -0.120400 -0.558219 0.820911
vn -0.066519 0.000000 0.997785
vn -0.183726 -0.780836 0.597110
vn -0.110432 0.000000 0.993884
vn -0.260108 0.483058 0.836062
vn -0.079556 0.875113 -0.477334
vn 0.130189 0.911322 -0.390567
vn 0.303455 -0.358629 -0.882780
vn 0.077557 0.249907 0.965159
vn 0.044992 -0.584898 0.809858
vn -0.000000 -0.707107 0.707107
vn 0.309057 -0.353209 -0.883022
vn 0.041310 -0.123929 0.991431
vn 0.176439 -0.957814 0.226851
vn -0.772510 -0.626753 0.102029
vn -0.738740 -0.669698 -0.075945
vn -0.778350 -0.497633 0.382795
vn 0.141264 -0.988851 0.047088
vn -0.918604 -0.283236 -0.275581
vn 0.082589 0.988705 -0.125063
vn -0.318635 0.896499 -0.307834
vn -0.876851 0.458473 0.144689
vn -0.646060 -0.727745 0.230205
vn 0.023742 -0.997178 0.071227
vn -0.523367 -0.842492 -0.127650
vn -0.735446 0.643516 -0.212148
vn -0.841397 0.538030 -0.050738
vn -0.143682 -0.967087 0.209996
vn -0.724654 -0.628785 0.281967
vn -0.065595 -0.301738 -0.951132
vn -0.165022 -0.935125 0.313542
vn -0.734255 -0.595716 0.325566
vn 0.122282 0.092538 -0.988172
vn -0.556766 -0.340877 -0.757505
vn -0.359654 0.464553 -0.809222
vn 0.387242 -0.353405 0.851556
vn 0.777067 0.629173 -0.017547
vn 0.031943 0.833408 0.551734
vn -0.643199 -0.290224 -0.708565
vn 0.125956 -0.040160 -0.991223
vn -0.905926 0.265307 -0.330016
vn -0.219755 0.877392 -0.426487
vn 0.461316 0.823778 -0.329511
vn 0.105344 -0.667180 0.737410
vn 0.189531 -0.541518 0.819046
vn -0.365826 0.792624 -0.487769
vn 0.441415 0.802572 -0.401286
vn 0.033352 0.433574 -0.900500
vn -0.058080 0.710367 -0.701431
vn 0.250453 0.728591 -0.637517
vn -0.241967 0.733233 -0.635469
vn 0.301856 0.760069 -0.575481
vn -0.318592 0.791652 -0.521332
vn 0.034016 0.056694 -0.997812
vn 0.891331 -0.452522 0.027426
vn 0.229416 0.137649 0.963546
vn -0.272103 -0.665141 0.695375
vn 0.371521 0.477670 0.796117
vn -0.023100 0.646805 0.762306
vn -0.899080 0.356240 0.254457
vn 0.436852 -0.786334 -0.436852
vn 0.741249 -0.667124 -0.074125
vn -0.534522 0.801784 -0.267261
vn 0.215387 0.789754 0.574367
vn 0.383483 0.690268 0.613572
vn -0.970142 0.000000 0.242536
vn -0.000000 -1.000000 0.000000
vn -0.492366 -0.861640 -0.123091
vn -0.448062 -0.876642 -0.175328
vn -0.195738 -0.978690 -0.062063
vn 0.000000 -0.000000 -1.000000
vn 0.858754 -0.449823 -0.245358
vn 0.000000 -0.000000 -1.000000
vn 0.523205 0.822178 0.224231
vn 0.192450 0.192450 0.962250
vn 0.884652 -0.442326 0.147442
vn 0.514496 0.857493 0.000000
vn -0.074125 -0.667124 0.741249
vn -0.342193 -0.787044 0.513290
vn -0.371391 -0.928477 0.000000
vn -0.351094 -0.930397 0.105328
vn 0.324443 -0.811107 -0.486664
vn -0.000000 -1.000000 0.000000
vn -0.000000 -0.707107 -0.707107
vn -0.447214 -0.894427 0.000000
vn 0.577350 0.577350 -0.577350
vn -0.119251 -0.405452 0.906305
vn -0.169300 -0.959366 0.225733
vn -0.056299 0.647438 0.760036
vn 0.208795 0.371191 0.904777
vn -0.000000 -1.000000 0.000000
vn -0.447214 -0.894427 0.000000
vn -0.368101 -0.803129 0.468492
vn 0.196116 0.588348 0.784465
vn 0.519589 0.705156 -0.482475
vn 0.314486 0.943456 0.104829
vn -0.269069 0.201802 0.941742
vn -0.182574 0.912871 -0.365148
vn 0.130189 0.911322 -0.390567
vn 0.000000 0.707107 -0.707107
vn -0.557086 0.371391 0.742782
vn 0.000000 0.447214 0.894427
vn -0.298142 -0.596285 0.745356
vn 0.784465 0.196116 -0.588348
vn 0.811107 0.486664 -0.324443
vn -0.424264 0.565685 0.707107
vn 0.000000 0.447214 0.894427
vn 0.163846 -0.655386 0.737309
vn -0.137361 0.549442 0.824163
vn -0.000000 -0.707107 0.707107
vn 0.055891 -0.995460 0.077039
vn -0.753475 -0.641016 0.146197
vn -0.749499 -0.660801 -0.039914
vn -0.287183 -0.933346 0.215387
vn 0.816497 -0.408248 0.408248
vn 0.109394 -0.938259 0.328180
vn -0.382199 -0.028311 -0.923646
vn 0.103181 -0.002064 0.994660
vn -0.327088 0.934539 -0.140181
vn -0.212000 0.953998 0.212000
vn -0.379752 -0.072334 -0.922256
vn -0.254457 0.763370 0.593732
vn -0.235554 0.850042 -0.471108
vn -0.276686 -0.830057 -0.484200
vn -0.254457 -0.763370 0.593732
vn 0.552423 0.701303 -0.450558
vn -0.611593 -0.786334 0.087370
vn -0.402919 -0.433913 -0.805838
vn -0.070979 -0.294057 -0.953149
vn -0.172473 -0.948602 0.265343
vn -0.752732 -0.516159 0.408626
vn -0.102464 -0.819704 -0.563548
vn 0.168281 -0.631055 -0.757266
vn 0.141855 -0.756562 -0.638350
vn 0.168179 -0.902052 -0.397514
vn -0.503655 -0.457868 -0.732590
vn -0.477144 0.691036 -0.542957
vn 0.000000 -0.000000 -1.000000
vn 0.223676 -0.293264 -0.929497
vn 0.702354 -0.561883 -0.437020
vn 0.428029 -0.823133 -0.373154
vn -0.192450 0.192450 -0.962250
vn 1.000000 -0.000000 0.000000
vn 0.554700 -0.832050 0.000000
vn 0.836315 0.456171 0.304114
vn 0.218218 0.436436 -0.872871
vn 1.000000 -0.000000 0.000000
vn 0.447214 0.894427 0.000000
vn -0.495880 0.805805 0.323699
vn -0.836536 0.032175 0.546966
vn -0.535303 0.841191 0.076472
vn -0.379442 0.698173 0.607107
vn -0.707107 0.707107 0.000000
vn -0.907959 0.000000 0.419058
vn 0.836315 0.456171 0.304114
vn 1.000000 -0.000000 0.000000
vn 0.542957 -0.839116 0.032906
vn 0.393543 -0.043727 0.918266
vn -0.249783 -0.416305 0.874242
vn -0.207701 -0.225009 0.951962
vn 0.887217 -0.461353 0.000000
vn -0.857575 0.493802 -0.143961
vn -0.616554 0.199473 0.761625
vn -0.635321 0.057757 0.770086
vn -0.562024 0.259396 0.785393
vn -0.711324 0.156144 0.685300
vn -0.527270 0.188311 0.828568
vn 0.602283 0.504616 -0.618561
vn -0.995893 -0.090536 0.000000
vn -0.141421 -0.989950 0.000000
vn -0.801784 0.267261 -0.534522
vn -0.995893 -0.090536 0.000000
vn -0.141421 -0.989950 0.000000
vn -0.522035 -0.594040 0.612042
vn 0.056749 0.646934 -0.760431
vn 0.601219 -0.034496 -0.798340
vn 0.314945 -0.809858 -0.494913
vn -0.524097 0.000000 -0.851658
vn -0.498273 0.830455 -0.249136
vn -0.496139 0.000000 -0.868243
vn 0.178331 -0.891657 -0.416107
vn 0.826898 -0.537484 0.165380
vn 0.538138 0.739940 0.403604
vn 0.784465 -0.196116 0.588348
vn 0.154303 0.771517 0.617213
vn 0.383483 0.690268 0.613572
vn 0.819705 -0.512316 0.256158
vn -0.000000 -1.000000 0.000000
vn -0.469776 -0.880830 -0.058722
vn -0.274721 0.000000 -0.961524
vn -0.000000 -1.000000 0.000000
vn -0.447214 -0.894427 0.000000
vn -0.436436 -0.872871 -0.218218
vn -0.340503 -0.936382 -0.085125
vn 0.333333 0.666667 -0.666667
vn -0.274721 0.000000 -0.961524
vn -0.520658 -0.763631 -0.381816
vn -0.317999 -0.847998 0.423999
vn -0.242536 -0.970142 0.000000
vn -0.482199 -0.783573 -0.391787
vn -0.293294 0.513265 -0.806559
vn 0.140028 -0.140028 -0.980196
vn 0.666667 -0.333333 -0.666667
vn -0.242536 -0.970142 0.000000
vn -0.408249 -0.816496 0.408248
vn -0.447214 -0.894427 0.000000
vn 0.000000 -0.000000 -1.000000
vn -0.534523 -0.801783 0.267262
vn -0.438633 -0.682318 -0.584844
vn 0.485071 -0.485071 -0.727607
vn 0.030012 0.810314 0.585227
vn 0.906183 -0.422885 0.000000
vn 0.857143 -0.285715 0.428571
vn -0.614940 -0.696932 -0.368964
vn -0.196116 -0.980581 0.000000
vn 0.000000 -0.000000 -1.000000
vn -0.577350 -0.577350 -0.577350
vn -0.107833 -0.646997 0.754829
vn -0.338971 -0.762684 0.550828
vn -0.672842 -0.717698 -0.179424
vn -0.196116 -0.980581 0.000000
vn -0.023027 0.782903 0.621717
vn -0.381001 -0.889001 0.254000
vn -0.235702 0.235702 0.942809
vn -0.298142 -0.596285 0.745356
vn 0.784465 0.196116 -0.588348
vn 0.597022 -0.398015 -0.696526
vn 0.588348 -0.196116 -0.784465
vn 0.419058 -0.349215 0.838116
vn 0.000000 0.857493 -0.514496
vn 0.784465 0.196116 -0.588348
vn 0.811107 0.486664 -0.324443
vn 0.485071 0.485071 -0.727607
vn 0.000000 0.832050 -0.554700
vn -0.298142 -0.596285 0.745356
vn 0.811107 0.486664 -0.324443
vn -0.894427 0.447214 0.000000
vn -0.526696 0.766986 -0.366503
vn -0.287183 -0.933346 0.215387
vn 0.816497 -0.408248 0.408248
vn 0.174077 -0.696311 0.696311
vn -0.523367 -0.842492 -0.127650
vn 0.816497 -0.408248 0.408248
vn 0.444444 -0.444444 0.777778
vn 0.174077 -0.696311 0.696311
vn -0.198571 -0.959760 0.198571
vn -0.218013 0.621499 -0.752469
vn -0.137075 -0.524460 -0.840329
vn -0.275686 -0.834715 -0.476706
vn 0.000000 -0.000000 1.000000
vn -0.254139 0.769478 0.585933
vn 0.000000 -0.000000 1.000000
vn -0.254140 -0.769478 0.585933
vn -0.032974 -0.992877 0.114492
vn -0.658493 -0.736729 0.153679
vn -0.123719 -0.973892 0.190337
vn -0.704213 -0.687895 0.175740
vn -0.318274 -0.772951 -0.548860
vn -0.599409 -0.794960 0.093525
vn 0.293882 -0.854931 -0.427465
vn -0.030387 -0.334256 -0.941992
vn -0.332116 -0.603847 -0.724616
vn 0.242464 0.024246 -0.969857
vn -0.408248 -0.408248 -0.816497
vn -0.488049 0.637175 -0.596504
vn -0.670362 0.737399 0.082809
vn -0.959355 0.274102 0.067127
vn -0.700140 0.700140 0.140028
vn -0.706496 0.706496 0.041559
vn -0.535303 0.841191 0.076472
vn -0.693103 0.693103 0.198030
vn -0.989950 0.000000 0.141421
vn -0.659944 0.614430 -0.432377
vn 0.078812 0.945732 0.315244
vn 0.244413 -0.226955 0.942737
vn 0.332686 0.907322 0.257075
vn -0.334945 0.930404 -0.148865
vn 0.203595 0.152696 0.967074
vn -0.422913 0.902214 0.084583
vn 0.000000 1.000000 0.000000
vn 0.105344 -0.667180 0.737410
vn 0.332533 -0.105806 0.937138
vn 0.153081 0.765403 0.625079
vn -0.709075 0.647275 -0.279727
vn -0.721827 0.683500 0.108593
vn -0.408607 -0.681011 0.607671
vn -0.959233 0.279776 -0.039968
vn -0.700140 0.700140 0.140028
vn -0.057166 -0.914659 -0.400163
vn -0.141421 0.000000 -0.989950
vn -0.889001 0.254001 -0.381000
vn 0.602283 0.504616 -0.618561
vn -0.801784 0.267261 -0.534522
vn -0.145510 0.062361 -0.987389
vn -0.995893 -0.090536 0.000000
vn -1.000000 0.000000 0.000000
vn 0.000000 0.857493 0.514496
vn -0.801784 0.267261 -0.534522
vn -0.521917 0.173972 0.835067
vn -0.904534 0.301511 -0.301511
vn 0.666667 -0.333333 -0.666667
vn 0.564636 -0.174769 -0.806624
vn -0.394467 -0.833639 -0.386577
vn -0.069264 -0.900436 -0.429439
vn 0.122518 0.869873 -0.477818
vn -0.063169 0.823721 -0.563466
vn -0.293294 0.513265 -0.806559
vn -0.707107 0.707107 0.000000
vn 0.000000 -0.000000 -1.000000
vn -0.666667 0.666667 -0.333333
vn -0.442326 0.884652 0.147442
vn 0.165774 0.193403 0.967013
vn -0.666667 0.666667 -0.333333
vn 0.198212 0.272541 0.941506
vn 0.816497 -0.408248 0.408248
vn 0.857143 -0.285715 0.428571
vn -0.269824 0.797480 0.539648
vn 0.102359 0.375315 0.921228
vn 0.000000 0.707107 0.707107
vn 0.196116 0.588348 0.784465
vn 0.727607 0.485071 -0.485071
vn -0.178800 -0.321839 0.929758
vn 0.103418 0.155126 0.982467
vn -0.000000 -0.707107 0.707107
vn 0.784465 0.196116 -0.588348
vn 0.472866 0.157622 -0.866921
vn 0.000000 0.857493 -0.514496
vn -0.926367 0.336861 0.168430
vn -0.298142 -0.596285 0.745356
vn -0.928477 0.371391 0.000000
vn 0.408248 -0.408248 0.816497
vn 0.006301 -0.998761 0.049360
vn -0.634089 -0.771327 -0.054641
vn 0.075191 0.938008 -0.338360
vn -0.867245 0.488811 0.094608
vn -0.696581 0.693057 -0.185598
vn 0.019665 -0.990409 0.136762
vn -0.588789 -0.808213 0.010971
vn -0.641722 -0.759200 0.108667
vn 0.453234 0.717620 -0.528773
vn -0.662902 0.745765 0.066290
vn -0.573805 -0.808543 0.130410
vn -0.949429 0.303696 0.079708
vn -0.635913 0.771575 -0.016958
vn -0.670627 0.737689 0.077938
vn -0.960406 0.274402 0.048206
vn -0.744845 0.662085 -0.082761
vn -0.621247 0.763247 0.177499
vn -0.449159 0.723644 -0.524018
vn -0.583637 -0.741376 0.331253
vn -0.702104 -0.612252 -0.363590
vn -0.705206 -0.676092 -0.213503
vn -0.975148 -0.207936 -0.076482
vn -0.244379 0.904204 0.350277
vn 0.046908 0.992885 0.109452
vn 1.000000 -0.000000 0.000000
vn 0.000000 -0.000000 -1.000000
vn 0.447213 -0.894427 0.000000
vn 1.000000 -0.000000 0.000000
vn 0.000000 -0.000000 -1.000000
vn 0.577350 0.577350 0.577350
vn 0.000000 1.000000 0.000000
vn 0.132891 -0.232559 0.963461
vn -0.094137 -0.948892 -0.301236
vn -0.460322 -0.865404 -0.197939
vn 1.000000 -0.000000 0.000000
vn 0.577350 0.577350 0.577350
vn 0.109764 0.109764 0.987878
vn 0.447213 -0.894427 0.000000
vn -0.349149 -0.829228 -0.436436
vn 0.280894 -0.944825 0.168536
vn -0.104116 0.104116 -0.989100
vn -0.371391 0.928477 0.000000
vn 0.447214 0.894427 0.000000
vn 0.836315 0.456171 0.304114
vn -0.401590 0.914732 0.044621
vn 0.447214 0.894427 0.000000
vn 0.316228 -0.000000 0.948683
vn 0.981023 -0.183942 -0.061313
vn 0.549442 0.137361 -0.824163
vn 0.742781 0.557086 -0.371391
vn 0.107833 -0.970495 0.215666
vn 0.418040 0.069673 0.905753
vn 0.981023 -0.183942 -0.061313
vn 0.371391 -0.000000 0.928477
vn 1.000000 -0.000001 0.000000
vn 0.178543 0.964132 -0.196398
vn -0.298016 -0.666154 0.683685
vn -0.220688 -0.364135 -0.904822
vn -0.914928 0.328436 0.234597
vn -0.379310 -0.827586 -0.413793
vn -0.000000 -1.000000 0.000000
vn -0.267261 -0.534522 -0.801784
vn 0.000000 -0.000000 -1.000000
vn 0.851202 -0.523817 -0.032738
vn -0.267261 -0.534522 0.801784
vn -0.000000 -1.000000 0.000000
vn -0.249783 -0.416305 0.874242
vn -0.199008 -0.398015 0.895533
vn 0.832050 -0.554700 0.000000
vn 0.123611 0.145425 0.981617
vn -0.914882 0.332684 0.228720
vn -0.677631 -0.542105 -0.496929
vn -0.698243 -0.206887 -0.685313
vn -0.332530 0.561485 -0.757732
vn -0.721218 0.432731 0.540914
vn -0.846695 0.477756 0.234214
vn -0.662142 0.420498 0.620282
vn -0.774696 0.276392 0.568730
vn -0.468293 0.468293 0.749269
vn -0.801784 0.267261 -0.534522
vn -0.521917 0.173972 0.835067
vn -0.565654 -0.613188 0.551394
vn 0.666667 -0.333333 -0.666667
vn -0.142842 -0.785632 -0.601978
vn 0.538369 -0.383070 -0.750611
vn -0.232835 -0.957434 -0.170612
vn -0.155910 0.883489 -0.441745
vn 0.117935 0.979371 -0.164083
vn -0.492518 0.844317 -0.211079
vn 0.408248 0.816497 0.408248
vn 0.383483 0.690268 0.613572
vn -0.469776 -0.880830 -0.058722
vn -0.340503 -0.936382 -0.085125
vn -0.349461 -0.906710 0.236122
vn -0.565916 -0.808452 -0.161690
vn -0.198479 -0.977128 0.076338
vn -0.492274 0.601668 -0.629017
vn -0.087370 -0.611593 -0.786334
vn 0.130189 0.911322 -0.390567
vn -0.543918 0.530652 -0.650048
vn -0.283508 0.850524 0.442981
vn 0.000000 -0.000000 -1.000000
vn 0.512148 0.768221 0.384111
vn 0.745356 0.596284 0.298142
vn 0.688248 0.688247 0.229416
vn 0.000000 -0.000000 -1.000000
vn -0.492366 -0.615457 -0.615457
vn -0.468522 -0.624695 -0.624695
vn -0.155230 -0.698535 0.698535
vn 0.466252 0.839254 0.279751
vn 0.745356 0.596284 0.298142
vn -0.318789 -0.701334 0.637577
vn -0.000000 -0.707107 -0.707107
vn -0.316228 -0.948683 -0.000000
vn -0.252546 -0.477032 0.841820
vn 0.042679 -0.341432 0.938937
vn 0.196116 0.588348 0.784465
vn 0.316228 0.948683 0.000000
vn -0.094386 0.094386 0.991051
vn 0.000000 0.894427 -0.447214
vn -0.667424 0.572077 0.476731
vn 0.210559 0.350931 -0.912421
vn -0.904534 0.301511 0.301511
vn 0.694996 -0.304061 -0.651558
vn 0.323381 -0.323381 0.889297
vn -0.140426 -0.224682 0.964261
vn -0.097561 -0.585366 0.804878
vn -0.577350 0.577350 0.577351
vn -0.928279 0.309426 0.206284
vn 0.382692 -0.334855 0.861057
vn -0.714755 -0.696428 0.064145
vn -0.794871 -0.596473 -0.111359
vn -0.908165 -0.414841 -0.056060
vn -0.754421 0.608089 -0.247138
vn -0.958621 0.284669 0.003018
vn -0.551640 -0.614326 0.564177
vn -0.918604 -0.283236 -0.275581
vn -0.950511 0.293446 0.102068
vn -0.298143 -0.745356 0.596285
vn -0.123975 -0.960807 0.247951
vn 0.183447 -0.956750 0.225782
vn -0.041562 -0.025977 -0.998798
vn 0.262166 -0.961276 -0.084961
vn -0.200339 0.571975 0.795430
vn -0.221670 -0.576621 0.786365
vn 0.000000 0.868243 -0.496139
vn 0.566799 0.651634 -0.504095
vn -0.360399 -0.720798 -0.592084
vn -0.441054 -0.882109 0.165395
vn -0.685090 0.724921 0.071696
vn -0.635913 0.771575 -0.016958
vn -0.017424 -0.383320 -0.923451
vn -0.324443 -0.486664 -0.811107
vn -0.456120 0.470374 -0.755449
vn -0.446727 0.811909 -0.375818
vn -0.652335 -0.750398 -0.106591
vn -0.972590 -0.216131 0.085766
vn -0.697624 -0.657759 0.284033
vn -0.434973 0.449972 -0.779951
vn -0.124649 0.934866 0.332397
vn 0.131017 0.949870 0.283869
vn 0.894427 0.447214 0.000000
vn 0.737655 -0.663890 0.122943
vn 0.041310 0.123929 -0.991431
vn -0.285714 -0.857143 0.428571
vn 0.147441 -0.884652 0.442326
vn 0.382008 0.891350 0.244060
vn 0.256663 -0.179664 0.949655
vn 0.894427 0.447214 0.000000
vn 0.707107 -0.707107 0.000000
vn -0.434617 -0.712771 0.550514
vn 0.130318 -0.954270 0.269045
vn 0.107833 -0.970495 0.215666
vn 0.911322 -0.390567 -0.130188
vn -0.302102 -0.132170 -0.944069
vn -0.227332 0.802582 0.551528
vn -0.049690 -0.099381 -0.993808
vn -0.949613 0.268759 0.161255
vn -0.225509 -0.239603 0.944318
vn -0.934890 0.345503 0.081295
vn -0.627854 0.352479 0.693944
vn -0.514496 0.000000 0.857493
vn -0.707106 0.000000 0.707107
vn -0.815441 0.091452 0.571571
vn -0.616554 0.199473 0.761625
vn -0.514496 0.000000 0.857493
vn -0.707106 0.000000 0.707107
vn -0.761339 0.145789 0.631750
vn -0.236001 0.677551 -0.696583
vn 0.072824 -0.928501 -0.364118
vn -0.604777 0.031830 -0.795759
vn -0.367840 0.919601 -0.137940
vn -0.593199 0.000000 -0.805056
vn -0.286074 0.732350 -0.617920
vn 0.070311 -0.928106 -0.365617
vn -0.165608 0.980912 -0.101913
vn 0.784465 -0.196116 0.588348
vn 0.801784 -0.534522 0.267261
vn 0.018118 0.996506 -0.081532
vn 0.408248 0.816497 0.408248
vn 0.784465 -0.196116 0.588348
vn 0.203595 0.865277 0.458088
vn -0.316228 0.000000 -0.948683
vn -0.340503 -0.936382 -0.085125
vn -0.497000 -0.730882 -0.467764
vn -0.464991 0.348743 -0.813733
vn -0.113137 -0.084853 -0.989949
vn -0.309695 0.870097 0.383432
vn 0.140028 -0.140028 -0.980196
vn -0.637577 -0.701334 0.318788
vn 0.408248 0.408248 0.816497
vn 0.334205 0.208878 0.919063
vn 0.269069 0.403604 0.874475
vn -0.098743 0.691200 0.715886
vn 0.857143 -0.285715 0.428571
vn -0.588348 -0.784465 0.196116
vn -0.514496 -0.857493 0.000000
vn -0.316105 -0.493913 0.810017
vn -0.368577 -0.921443 0.122859
vn -0.000000 -1.000000 0.000000
vn -0.000000 -0.707107 -0.707107
vn -0.333333 -0.666667 0.666667
vn -0.242536 0.000000 0.970142
vn -0.297488 -0.581453 0.757241
vn -0.196116 0.000000 0.980581
vn -0.322666 -0.752886 0.573628
vn -0.235702 0.235702 0.942809
vn -0.105409 0.527046 0.843274
vn 0.694996 -0.304061 -0.651558
vn 0.192450 0.192450 -0.962250
vn -0.272165 0.136083 0.952579
vn 0.118279 0.212902 0.969888
vn -0.263625 0.483312 0.834812
vn -0.243396 0.924906 -0.292075
vn 0.000000 -0.000000 1.000000
vn -0.287741 -0.523165 0.802187
vn -0.164280 -0.126943 0.978211
vn -0.447214 0.894427 0.000000
vn -0.503147 0.622944 0.598985
vn -0.792672 -0.577378 0.195721
vn -0.988292 0.149663 0.029675
vn -0.829755 -0.557818 0.018594
vn -0.415979 0.878755 -0.233988
vn -0.212000 0.953998 0.212000
vn 0.000000 1.000000 0.000000
vn 0.000000 0.600000 0.800000
vn -0.804122 0.594351 -0.011654
vn -0.735446 0.643516 -0.212148
vn -0.811810 0.552577 -0.188740
vn -0.614578 0.491662 -0.616897
vn -0.003234 0.153636 0.988122
vn -0.927321 0.270650 0.258505
vn -0.769328 -0.140630 0.623183
vn 0.670067 0.734912 -0.104473
vn 0.037871 0.889966 0.454451
vn 0.319936 -0.119976 -0.939812
vn -0.529075 0.529076 -0.663444
vn -0.480000 -0.360000 -0.800000
vn -0.198987 -0.326908 -0.923870
vn -0.447015 0.447015 -0.774826
vn -0.447213 0.894428 0.000000
vn 0.894427 0.447214 0.000000
vn 0.169031 0.507093 -0.845154
vn 0.365148 0.182574 0.912871
vn -0.447213 0.894428 0.000000
vn 0.894427 0.447214 0.000000
vn -0.151947 -0.037987 -0.987658
vn 0.255551 0.958315 -0.127775
vn -0.705981 -0.560954 -0.432345
vn -0.952745 -0.122877 -0.277810
vn 0.066757 0.122389 -0.990235
vn -0.943858 0.330350 0.000000
vn -0.298016 -0.666154 0.683685
vn 0.098639 -0.131519 0.986394
vn 0.093808 0.619949 0.779015
vn 0.338002 -0.826227 0.450669
vn -0.432653 -0.524021 0.733630
vn -0.416448 -0.042648 0.908159
vn 0.666667 -0.333333 -0.666667
vn -0.481757 -0.602196 -0.636608
vn 0.597022 -0.099504 -0.796030
vn -0.292894 0.540727 -0.788560
vn 0.540514 -0.030029 -0.840799
vn -0.423334 -0.719667 -0.550334
vn -0.630706 -0.683265 0.367912
vn -0.707107 -0.707107 0.000000
vn -0.512148 -0.768221 0.384111
vn -0.000000 -0.242536 -0.970142
vn 0.000000 -0.000000 -1.000000
vn 0.577350 0.577350 0.577350
vn 0.494685 0.824474 0.274825
vn -0.544949 -0.778499 0.311400
vn -0.649189 -0.699126 -0.299626
vn 0.408248 0.408248 0.816497
vn 0.199889 0.299833 0.932815
vn -0.721995 0.618853 -0.309426
vn -0.521917 0.835067 0.173972
vn -0.401610 -0.722897 0.562254
vn -0.590405 -0.755718 -0.283394
vn -0.371391 -0.928477 0.000000
vn 0.745356 0.596284 0.298142
vn 0.494685 0.824474 0.274825
vn -0.361962 -0.775631 0.517088
vn -0.588348 -0.784465 0.196116
vn -0.600000 -0.800000 0.000000
vn -0.370133 -0.925330 0.082252
vn -0.310600 0.768736 0.559081
vn 0.000000 0.707107 0.707107
vn 0.000000 -0.000000 1.000000
vn -0.293294 -0.513265 0.806559
vn 0.760286 -0.228086 -0.608228
vn 0.190488 -0.103181 0.976252
vn -0.667424 0.572077 0.476731
vn -0.857195 0.329690 0.395628
vn 0.276026 -0.345033 0.897085
vn -0.424264 0.707107 0.565686
vn -0.000000 -0.707107 0.707107
vn 0.052926 -0.529256 0.846810
vn -0.099504 -0.597022 0.796030
vn -0.590082 0.727594 -0.349872
vn -0.787923 -0.531751 0.310512
vn -0.923548 -0.286618 -0.254772
vn -0.874595 0.484746 0.010259
vn 0.366508 -0.366508 0.855186
vn -0.596842 -0.738946 0.312631
vn 0.174077 -0.696311 0.696311
vn -0.519656 -0.844441 -0.129914
vn -0.928477 -0.371390 0.000000
vn 0.118470 0.947758 -0.296174
vn 0.034324 -0.009241 -0.999368
vn -0.118222 0.942892 -0.311414
vn -0.193195 0.596119 -0.779306
vn -0.156014 -0.511378 -0.845075
vn -0.266653 -0.683041 -0.679964
vn 0.000000 0.868243 -0.496139
vn 0.304114 0.836314 -0.456172
vn -0.942758 0.305713 0.133216
vn 0.233924 -0.766751 -0.597806
vn 0.748867 -0.302734 -0.589534
vn 0.598764 -0.136083 -0.789280
vn 0.800000 -0.000000 -0.600000
vn 0.106449 -0.606761 -0.787725
vn -0.089352 -0.945631 -0.312728
vn -0.463308 -0.864247 -0.196015
vn 0.116642 -0.058321 -0.991460
vn 0.000000 1.000000 0.000000
vn -0.554700 0.832050 0.000000
vn -0.365148 0.912871 0.182575
vn 0.577350 0.577350 0.577350
vn 0.176160 0.075497 0.981462
vn 0.000000 1.000000 0.000000
vn -0.554700 0.832050 0.000000
vn 0.435413 -0.895016 0.096758
vn 0.289390 -0.000000 0.957211
vn -0.710436 -0.542174 0.448696
vn -0.686372 -0.721271 -0.093067
vn -0.267261 -0.534522 0.801784
vn -0.000000 -1.000000 0.000000
vn -0.577351 -0.577350 -0.577350
vn -0.249783 -0.416305 0.874242
vn -0.199008 -0.398015 0.895533
vn -0.112588 -0.187647 0.975763
vn -0.934131 0.354970 -0.037365
vn 0.111857 0.801641 0.587248
vn -0.867678 0.481117 -0.125146
vn -0.771035 -0.599694 -0.214176
vn -0.136552 -0.987992 0.072292
vn -0.708777 -0.571692 0.413284
vn -0.424264 0.565685 -0.707107
vn -0.707107 -0.565685 -0.424264
vn 0.600000 -0.000000 -0.800000
vn -0.348743 0.929981 -0.116248
vn 0.240966 0.883541 0.401610
vn -0.061568 0.954298 0.292446
vn -0.267261 0.534523 -0.801784
vn -0.356915 0.107075 -0.927980
vn -0.511532 0.833609 0.208402
vn 0.000000 -0.000000 -1.000000
vn -0.513436 -0.606788 -0.606788
vn -0.507673 -0.609208 -0.609208
vn -0.384456 -0.720854 0.576683
vn 0.408248 0.816497 0.408248
vn 0.000000 0.707107 0.707107
vn -0.164337 -0.027390 0.986024
vn -0.707107 0.565685 0.424264
vn 0.000000 0.316228 -0.948683
vn -0.857195 0.329690 0.395628
vn -0.707107 0.707107 0.000000
vn 0.301511 0.301511 0.904534
vn -0.842160 0.478702 -0.248216
vn -0.266516 0.895249 -0.357070
vn -0.809127 -0.549791 0.207469
vn -0.908165 -0.414841 -0.056060
vn -0.812506 -0.566207 -0.138721
vn -0.700491 0.656108 -0.280775
vn 0.210559 -0.350931 0.912421
vn -0.768221 -0.512147 0.384111
vn -0.272166 -0.952579 0.136083
vn -0.707107 0.707107 0.000000
vn 0.000000 1.000000 0.000000
vn -0.229416 0.688247 0.688247
vn -0.707107 0.707107 0.000000
vn -0.235702 0.235702 0.942809
vn -0.133726 0.989574 -0.053491
vn -0.212000 0.953998 0.212000
vn 0.000000 1.000000 0.000000
vn -0.378517 0.919255 0.108148
vn 0.190227 -0.051215 0.980403
vn -0.391351 -0.051046 -0.918825
vn -0.117521 0.980124 0.159829
vn -0.014645 0.893353 -0.449117
vn -0.235639 0.797163 0.555883
vn -0.287516 -0.786885 0.546028
vn -0.168747 -0.956230 0.239058
vn -0.308621 0.925864 0.218009
vn -0.270205 0.955368 -0.119421
vn -0.447728 -0.867472 0.216868
vn -0.173457 -0.982924 0.061433
vn -0.455840 -0.883189 -0.110399
vn -0.309987 0.881044 -0.357309
vn -0.172484 -0.977406 -0.122176
vn -0.331062 -0.857048 -0.394799
vn 0.567207 0.632128 -0.527912
vn -0.735446 0.643516 -0.212148
vn -0.550828 -0.338971 -0.762685
vn -0.178186 -0.534557 -0.826134
vn -0.899882 0.418911 0.121351
vn 0.493628 -0.546319 -0.676659
vn 0.534523 0.267261 -0.801784
vn 0.140028 0.700140 0.700140
vn 0.301512 0.904534 0.301511
vn 0.320750 0.449050 0.833951
vn 0.816497 -0.408248 -0.408248
vn 0.219823 0.549557 0.806018
vn 0.137758 0.688791 0.711751
vn 0.968123 -0.186177 -0.167560
vn -0.967310 -0.055013 0.247558
vn -0.701760 -0.654236 0.281971
vn -0.102464 -0.819704 -0.563548
vn -0.113777 -0.910208 -0.398216
vn -0.000000 -0.894427 -0.447214
vn -0.464606 -0.862840 -0.199117
vn -0.707107 0.707107 0.000000
vn -0.447213 0.894428 0.000000
vn 0.029285 0.087856 -0.995703
vn -0.744845 0.662085 -0.082761
vn -0.656467 0.659733 -0.365792
vn 0.280386 -0.112154 0.953313
vn -0.707107 0.707107 0.000000
vn -0.447213 0.894428 0.000000
vn -0.744845 0.662085 -0.082761
vn -0.538134 0.821118 0.190202
vn -0.672874 0.734045 -0.091756
vn -0.700140 -0.140028 -0.700140
vn -0.130573 0.074613 -0.988627
vn 0.511756 -0.857944 0.045155
vn -0.724018 -0.571422 0.386360
vn -0.000002 -0.970142 0.242536
vn -0.329161 -0.893438 0.305650
vn 0.196116 -0.000000 0.980581
vn 0.538968 0.835400 -0.107794
vn -0.428353 0.899541 0.085671
vn 0.207928 0.041586 0.977260
vn -0.333333 -0.666667 0.666667
vn -0.408248 -0.816497 -0.408248
vn 0.201467 -0.979351 0.016789
vn -0.577351 -0.577350 -0.577350
vn 0.000000 -0.000000 -1.000000
vn -0.952786 0.297746 -0.059549
vn -0.267261 -0.534522 0.801784
vn -0.199008 -0.398015 0.895533
vn -0.894427 -0.447213 0.000000
vn -0.970142 0.242536 0.000000
vn 0.263880 0.879599 0.395820
vn -0.762814 0.245297 0.598285
vn -0.707106 0.000000 0.707107
vn -0.808868 0.148813 0.568848
vn -0.759279 0.181911 0.624823
vn -0.707827 0.409795 0.575368
vn -0.535784 0.096617 0.838809
vn -0.527659 -0.680011 -0.509079
vn -0.277808 0.868702 -0.410098
vn 0.122518 0.869873 -0.477818
vn -0.259639 0.759686 -0.596209
vn -0.700140 0.700140 0.140028
vn -0.557086 -0.742781 -0.371390
vn -0.577350 -0.577350 -0.577350
vn -0.577350 -0.577350 0.577350
vn 0.316228 -0.000000 -0.948683
vn -0.651584 -0.592349 0.473879
vn -0.707107 -0.707107 0.000000
vn 0.240772 -0.120386 -0.963087
vn -0.574696 -0.766261 -0.287348
vn -0.608229 -0.760286 0.228086
vn -0.082761 0.082761 -0.993127
vn 0.652045 0.512321 0.558896
vn 0.359351 0.211383 0.908947
vn -0.333333 0.666667 0.666667
vn 0.439480 0.304256 0.845154
vn -0.173495 -0.751809 -0.636146
vn -0.440012 -0.462013 0.770021
vn -0.064150 -0.705650 -0.705650
vn -0.507673 -0.609208 0.609208
vn -0.470411 -0.664109 0.581096
vn -0.295241 -0.196827 0.934929
vn -0.377627 0.585322 0.717492
vn -0.272165 0.136083 0.952579
vn 0.358569 -0.597614 0.717137
vn -0.707107 0.707107 0.000000
vn 0.771517 0.154303 -0.617213
vn -0.857195 0.329690 0.395628
vn 0.228665 -0.057166 0.971825
vn -0.772510 -0.626753 0.102029
vn -0.758164 -0.642070 -0.113725
vn -0.785665 -0.614868 0.068319
vn -0.874217 -0.473973 0.105327
vn -0.895303 -0.442732 0.049192
vn -0.828296 -0.553775 -0.085196
vn -0.620679 -0.696487 0.360088
vn -0.904329 0.286371 0.316515
vn 0.056957 -0.056957 0.996751
vn -0.976187 -0.216930 0.000000
vn 0.000000 0.242536 0.970142
vn 0.000000 0.600000 0.800000
vn -0.879619 0.456890 0.132370
vn -0.690856 -0.511233 0.511233
vn -0.246632 -0.937201 0.246632
vn -0.707107 0.707107 0.000000
vn -0.235702 0.235702 0.942809
vn -0.260513 0.855971 0.446594
vn -0.226614 0.679842 -0.697468
vn 0.000000 -0.000000 -1.000000
vn -0.226614 -0.679842 -0.697468
vn 0.000000 -0.000000 -1.000000
vn 0.038320 -0.076640 -0.996322
vn 0.943344 -0.134763 -0.303218
vn -0.177892 -0.213470 -0.960617
vn -0.324337 -0.612637 -0.720750
vn 0.975877 -0.198225 -0.091488
vn 0.219823 0.549557 0.806018
vn 0.336861 0.842152 0.421076
vn 0.390567 0.650945 0.650945
vn 0.965031 -0.261363 -0.020105
vn 0.332877 0.406850 0.850686
vn 0.390567 0.650945 0.650945
vn 0.934730 -0.350524 -0.058421
vn -0.206689 -0.974389 -0.088581
vn 0.023716 -0.924908 -0.379450
vn -0.464606 -0.862840 -0.199117
vn -0.372992 -0.668814 -0.643090
vn 0.755689 -0.604551 0.251896
vn 0.107443 0.026861 -0.993848
vn -0.000000 -1.000000 0.000000
vn 0.792256 0.030471 -0.609428
vn 0.189989 -0.686882 -0.701497
vn 0.345384 -0.935415 0.075553
vn -0.999005 0.025870 0.036327
vn -0.530039 0.839229 -0.121467
vn 0.027186 0.380609 0.924336
vn 0.538968 0.835400 -0.107794
vn -0.214697 -0.143131 -0.966136
vn -0.700140 -0.140028 -0.700140
vn 0.000000 -0.000000 -1.000000
vn -0.401590 0.914732 0.044621
vn 0.577350 -0.577351 0.577350
vn 0.334496 -0.304087 0.891989
vn -0.212911 -0.191620 -0.958097
vn -0.700140 -0.140028 -0.700140
vn 0.097589 -0.975900 0.195180
vn -0.413376 -0.890348 0.190789
vn -0.871872 -0.171573 -0.458696
vn -0.981194 0.062766 -0.182533
vn 0.396474 0.066079 0.915665
vn 0.374828 0.837850 -0.396877
vn -0.593998 -0.665960 0.451292
vn -0.690117 -0.712236 -0.128291
vn 0.000000 0.855500 0.517803
vn -0.919642 0.313240 -0.236938
vn -0.478825 0.650711 -0.589323
vn -0.880597 0.454166 0.135210
vn -0.583546 -0.725646 0.364570
vn -0.603222 -0.580073 0.547393
vn -0.464232 0.512091 -0.722670
vn -0.665124 -0.472334 -0.578369
vn -0.441476 -0.813576 -0.378408
vn -0.271435 -0.944592 -0.184576
vn 0.057596 -0.921545 -0.383977
vn -0.617540 0.082339 -0.782218
vn 0.080582 0.241747 -0.966988
vn -0.577350 -0.577350 -0.577350
vn 0.716817 0.477878 0.507746
vn 0.301512 0.904534 0.301512
vn -0.529813 -0.662266 0.529813
vn 0.408248 0.408248 0.816497
vn 0.359351 0.211383 0.908947
vn -0.460739 0.837708 0.293198
vn 0.408248 -0.408248 0.816497
vn 0.844653 -0.044455 -0.533465
vn 0.408248 0.816497 0.408248
vn 0.000000 0.707107 0.707107
vn -0.441836 -0.568075 0.694314
vn -0.351123 0.000000 0.936329
vn -0.470016 -0.506171 0.723102
vn -0.351123 0.000000 0.936329
vn -0.481900 -0.619586 0.619585
vn -0.492144 -0.412028 0.766829
vn -0.447214 0.894427 0.000000
vn -0.639602 0.639602 0.426401
vn 0.266320 -0.411585 0.871591
vn -0.334637 -0.100391 0.936984
vn -0.328675 -0.465622 0.821687
vn -0.042340 0.976733 -0.210238
vn -0.876336 0.461418 -0.138306
vn -0.078308 0.897748 -0.433492
vn -0.278222 -0.679188 0.679188
vn 0.057789 -0.936182 0.346734
vn -0.164399 0.986394 0.000000
vn -0.469155 0.883116 0.000000
vn 0.000000 -0.000000 1.000000
vn -0.469155 -0.883116 0.000000
vn -0.164399 -0.986394 0.000000
vn 0.000000 -0.000000 1.000000
vn -0.164399 0.986394 0.000000
vn -0.436395 0.879886 -0.188040
vn -0.436395 -0.879886 -0.188040
vn -0.164399 -0.986394 0.000000
vn -0.408247 0.816497 -0.408248
vn 0.240772 0.120385 -0.963087
vn 0.301512 0.904534 0.301511
vn -0.324338 -0.612637 -0.720750
vn -0.156701 -0.177595 -0.971548
vn 0.951062 -0.308892 -0.008129
vn 0.386685 -0.190765 -0.902266
vn -0.398216 -0.455104 -0.796432
vn -0.103074 -0.283452 -0.953431
vn -0.958069 0.031643 0.284784
vn -0.784159 -0.361436 0.504439
vn -0.989040 0.135378 0.058924
vn -0.260339 0.848075 -0.461511
vn -0.707107 0.707107 0.000000
vn 0.215387 0.933346 0.287183
vn 0.187704 0.062568 -0.980231
vn 0.205847 -0.247016 0.946895
vn 0.737655 -0.663890 0.122943
vn -0.000000 -1.000000 0.000000
vn 0.086210 -0.147788 -0.985255
vn 0.410222 0.902489 0.131271
vn -0.365148 0.912871 0.182575
vn 0.126183 -0.084122 -0.988434
vn 0.415292 -0.909688 0.000000
vn -0.489869 0.866691 -0.094206
vn -0.448416 0.776834 0.442100
vn 0.160296 0.068698 0.984675
vn 0.351123 -0.936329 0.000000
vn 0.055470 -0.000000 0.998460
vn 0.440226 0.880451 0.176090
vn -0.554700 0.832050 0.000000
vn -0.365148 0.912871 0.182575
vn 0.093980 -0.971124 0.219286
vn 0.390567 0.130189 0.911322
vn -0.803289 -0.331294 -0.494946
vn -0.932751 -0.117012 -0.341005
vn -0.584119 -0.715642 0.382965
vn -0.820775 -0.553131 -0.142743
vn -0.142714 -0.968630 0.203443
vn -0.635321 0.057757 0.770086
vn -0.652435 0.209033 0.728447
vn -0.692256 0.071166 0.718135
vn -0.883458 0.123273 0.452002
vn -0.262111 0.961075 -0.087370
vn -0.620490 0.053956 -0.782356
vn -0.645942 0.704664 -0.293610
vn -0.338480 0.940222 0.037609
vn -0.600951 0.620337 -0.504024
vn 0.784465 -0.196116 0.588348
vn 0.098150 0.899707 0.425316
vn -0.659469 0.549558 -0.512920
vn -0.356009 0.890024 0.284807
vn -0.629844 0.497245 -0.596694
vn -0.371391 0.928477 0.000000
vn 0.205076 0.410151 -0.888662
vn 0.527046 0.737865 0.421637
vn -0.554700 -0.832050 0.000000
vn 0.771035 0.428353 0.471188
vn -0.603701 -0.771395 0.201234
vn -0.545279 -0.749758 -0.374879
vn -0.577350 -0.577350 -0.577350
vn -0.384111 -0.768221 0.512148
vn -0.578349 -0.800791 -0.155709
vn -0.588348 -0.784465 0.196116
vn -0.600000 -0.800000 0.000000
vn -0.581238 -0.813733 0.000000
vn -0.666667 -0.666667 0.333333
vn -0.600000 -0.800000 0.000000
vn -0.583448 -0.507346 0.634183
vn -0.503719 0.685916 0.525154
vn -0.766652 0.638877 -0.063888
vn -0.577350 0.577350 0.577350
vn -0.115470 0.577350 -0.808290
vn 0.771517 0.154303 -0.617213
vn 0.048450 -0.242251 0.969003
vn 0.903516 -0.191655 -0.383310
vn -0.408248 0.408248 0.816497
vn 0.408248 0.816497 0.408248
vn -0.583130 -0.089712 0.807410
vn -0.408248 -0.163299 0.898146
vn -0.547176 0.164153 0.820763
vn -0.534522 0.267261 0.801784
vn 0.000000 0.316228 -0.948683
vn -0.272165 0.136083 0.952579
vn -0.800000 0.600000 0.000000
vn -0.822192 0.569210 0.000000
vn -0.067591 0.112652 0.991333
vn -0.615947 0.650167 0.444851
vn -0.768221 0.512147 0.384111
vn -0.280248 -0.532472 0.798708
vn -0.856535 -0.505665 -0.103197
vn -0.742781 0.557086 -0.371391
vn -0.888889 0.111111 0.444444
vn -0.000000 -0.099504 0.995037
vn -0.768221 -0.512147 0.384111
vn -0.707107 0.000000 0.707107
vn -0.888889 0.111111 0.444444
vn 0.000000 0.242536 0.970142
vn -0.147043 0.661693 0.735215
vn -0.646997 -0.539164 0.539164
vn -0.277852 -0.937749 0.208389
vn 0.000000 0.868243 -0.496139
vn 0.261785 0.785355 -0.560968
vn -0.178186 -0.534557 -0.826134
vn -0.958544 0.267205 0.098965
vn -0.983441 0.114070 0.140827
vn -0.019243 -0.901206 -0.432964
vn -0.381664 -0.792241 -0.476116
vn 0.114015 -0.604776 -0.788192
vn -0.394790 -0.622553 -0.675698
vn -0.432493 0.449128 -0.781815
vn -0.444445 -0.888889 -0.111111
vn 0.221013 0.184177 -0.957722
vn -0.274721 -0.961524 0.000000
vn -0.104829 -0.314485 0.943456
vn -0.249878 -0.968277 0.000000
vn -0.376555 -0.734282 0.564833
vn 0.918266 0.043727 0.393543
vn 0.492518 0.844317 0.211079
vn -0.707107 0.707107 0.000000
vn 0.061185 -0.260035 0.963659
vn 0.413376 0.890348 0.190789
vn -0.496139 -0.868243 0.000000
vn 0.022261 -0.200347 -0.979472
vn -0.000000 -1.000000 0.000000
vn 0.577350 -0.577351 0.577350
vn 0.671050 -0.356495 0.650079
vn 0.387657 -0.559950 0.732242
vn -0.946895 0.247016 -0.205847
vn -0.387657 0.732242 -0.559950
vn -0.558549 -0.594092 0.578859
vn 0.447175 0.302501 0.841741
vn 0.727607 -0.485071 0.485071
vn 0.405616 0.050702 0.912636
vn -0.496139 -0.868243 0.000000
vn 0.000000 -0.000000 1.000000
vn -0.000000 -1.000000 0.000000
vn 0.786456 0.599205 0.149801
vn -0.018060 -0.288957 0.957172
vn 0.483988 0.850644 0.205328
vn 0.275644 -0.956648 0.094043
vn -0.495715 -0.371786 -0.784883
vn -0.400556 -0.148778 -0.904113
vn 0.410125 0.853503 -0.321450
vn 0.093980 -0.971124 0.219286
vn -0.383914 -0.223950 -0.895799
vn -0.000000 -0.970142 0.242536
vn 0.361961 0.051709 0.930758
vn -0.666667 -0.666667 0.333333
vn -0.749177 -0.500138 -0.434276
vn -0.941184 0.125491 -0.313728
vn 0.000000 0.822192 0.569210
vn 0.255998 0.902087 0.347425
vn -0.627854 0.352479 0.693944
vn -0.872961 0.161763 0.460187
vn -0.574705 0.642317 -0.507093
vn -0.595880 -0.681005 -0.425628
vn -0.349461 -0.906710 0.236122
vn -0.597351 -0.730096 -0.331861
vn -0.308053 -0.924159 0.225906
vn 0.316228 -0.000000 -0.948683
vn -0.577350 -0.577350 0.577350
vn -0.492366 -0.615457 -0.615457
vn -0.611577 -0.764471 0.203859
vn 0.362143 0.452679 -0.814822
vn -0.629740 -0.454812 -0.629740
vn -0.534522 0.267261 -0.801784
vn -0.447214 0.000000 -0.894427
vn -0.707107 0.707107 -0.000000
vn -0.465690 0.853766 0.232845
vn 0.527046 0.737865 0.421637
vn 0.816497 0.408248 0.408248
vn -0.638877 -0.511101 0.574989
vn -0.254000 0.381001 -0.889001
vn -0.115470 0.577350 -0.808290
vn 0.884652 -0.147442 -0.442326
vn 0.861640 -0.123091 0.492366
vn -0.443812 0.682789 0.580371
vn 0.439480 0.304256 0.845154
vn 0.957841 0.056344 -0.281718
vn -0.477671 -0.796117 -0.371521
vn -0.569803 -0.683763 0.455842
vn 0.870063 -0.096674 0.483368
vn 0.216612 -0.054153 0.974755
vn 0.941993 -0.030387 -0.334255
vn -0.621998 -0.475645 0.621997
vn -0.398015 -0.199007 0.895533
vn 0.257172 -0.411476 0.874386
vn -0.766652 0.638877 -0.063888
vn 0.577350 -0.577350 0.577350
vn -0.549443 -0.137360 0.824163
vn 0.170440 -0.255660 0.951624
vn -0.707107 0.707107 0.000000
vn -0.832050 0.000000 0.554700
vn -0.707107 0.000000 0.707107
vn -0.774139 0.416844 0.476393
vn -0.793492 -0.046676 0.606788
vn -0.485071 0.727607 0.485071
vn -0.260513 0.855971 0.446594
vn -0.832050 0.000000 0.554700
vn -0.707107 0.000000 0.707107
vn -0.888889 0.111111 0.444444
vn -0.685995 -0.514495 0.514496
vn -0.780869 -0.624695 0.000000
vn -0.696733 -0.627059 0.348367
vn -0.402546 -0.708480 0.579666
vn -0.290958 -0.945611 0.145479
vn -0.408247 0.816497 -0.408248
vn -0.163846 -0.196616 -0.966694
vn -0.894427 0.447214 0.000000
vn -0.408247 0.816497 -0.408248
vn 0.301512 0.904534 0.301511
vn 0.320750 0.449050 0.833951
vn -0.963087 0.240773 -0.120385
vn 0.099903 0.031787 -0.994489
vn 0.918272 -0.384932 -0.092755
vn -0.511557 -0.409246 -0.755531
vn -0.930195 0.227346 0.288184
vn 0.493628 -0.546319 -0.676659
vn 0.492921 -0.357368 -0.793295
vn -0.965549 0.174422 0.193110
vn 0.283847 0.301869 0.910113
vn 0.934724 -0.354786 0.020468
vn -0.463253 -0.445435 -0.766149
vn -0.956014 0.026556 0.292115
vn -0.734275 -0.585126 0.344192
vn -0.613422 -0.740337 0.274982
vn -0.206689 -0.974389 -0.088581
vn -0.585986 -0.789807 -0.181175
vn 0.792256 0.030471 -0.609428
vn 0.220755 -0.088302 -0.971324
vn 0.912871 -0.182574 0.365148
vn 0.393750 -0.905624 0.157500
vn -0.047249 -0.244117 -0.968594
vn -0.459758 0.492598 -0.738897
vn -0.452711 0.467315 -0.759387
vn -0.310077 0.806202 0.503876
vn -0.181339 -0.380812 0.906697
vn -0.680553 -0.710430 -0.179268
vn -0.838133 0.114291 -0.533358
vn -0.367735 0.646323 -0.668609
vn -0.000000 -0.970142 0.242536
vn -0.666667 -0.666667 0.333333
vn -0.390567 -0.130189 -0.911322
vn 0.385009 0.055001 0.921272
vn 0.908747 0.032846 -0.416053
vn 0.693103 0.574285 -0.435665
vn 0.320145 -0.155746 0.934479
vn 0.894427 -0.000000 -0.447214
vn 0.157870 -0.964764 0.210494
vn -0.707107 0.000000 -0.707107
vn -0.941184 0.125491 -0.313728
vn -0.751860 0.438585 -0.492290
vn 0.000000 0.861366 0.507985
vn 0.344250 0.784124 0.516374
vn -0.858720 0.367111 0.357534
vn -0.323039 0.683125 -0.654970
vn -0.707107 0.000000 -0.707107
vn 0.588348 -0.784465 0.196116
vn 0.000000 1.000000 0.000000
vn -0.349461 -0.906710 0.236122
vn -0.677834 -0.717707 -0.159491
vn -0.189749 -0.973804 -0.125306
vn -0.307268 -0.921803 0.236360
vn -0.502472 -0.845066 0.182717
vn -0.447214 0.894427 -0.000000
vn -0.304835 0.929374 0.208180
vn -0.638877 -0.511101 -0.574989
vn -0.631055 -0.504844 0.588984
vn 0.384812 0.213785 0.897895
vn 0.000000 -0.000000 1.000000
vn -0.294198 0.294198 -0.909338
vn -0.577350 0.577350 -0.577350
vn 0.439480 0.304256 0.845154
vn 0.936913 -0.068555 -0.342773
vn 0.000000 0.554700 0.832050
vn -0.457496 0.457496 0.762493
vn 0.408248 0.816497 0.408248
vn -0.619586 -0.619586 0.481900
vn 0.861640 -0.123091 0.492366
vn 0.282703 0.047117 0.958050
vn 0.036131 -0.216789 0.975550
vn -0.845154 0.507093 -0.169031
vn -0.632979 0.517892 0.575435
vn 0.523205 -0.672692 0.523205
vn -0.717137 0.597614 0.358569
vn -0.768221 0.512147 0.384111
vn 0.383482 -0.613572 0.690269
vn -0.155914 0.940598 0.301605
vn -0.133726 0.989574 -0.053491
vn -0.845154 0.507093 -0.169031
vn -0.436436 0.872872 0.218218
vn -0.971401 0.152193 0.182255
vn 0.137758 0.688791 0.711751
vn 0.320750 0.449050 0.833951
vn -0.887740 0.455252 0.068288
vn -0.983230 -0.020772 0.181182
vn -0.727035 -0.644346 0.237144
vn 0.598764 -0.136083 -0.789280
vn 0.739688 0.600204 -0.304329
vn 0.808341 -0.011772 -0.588597
vn -0.099844 -0.923550 -0.370252
vn 0.417045 -0.322022 0.849927
vn -0.393028 -0.841411 -0.370885
vn -0.876154 -0.456080 0.156027
vn 0.792256 0.030471 -0.609428
vn 0.198921 -0.485367 -0.851381
vn 0.210725 -0.126435 -0.969334
vn -0.646989 0.588172 -0.485242
vn 0.980581 -0.000000 0.196116
vn 0.413376 0.890348 0.190789
vn 0.251533 -0.083844 -0.964210
vn 0.912871 -0.182574 0.365148
vn 0.392403 -0.342493 0.853650
vn -0.321361 0.631642 0.705518
vn 0.577350 -0.577351 0.577350
vn 0.681005 -0.425628 0.595880
vn 0.040390 0.242338 0.969351
vn -0.979884 0.094753 -0.175640
vn -0.299713 0.692580 -0.656129
vn -0.707827 0.409795 0.575368
vn -0.692256 0.071166 0.718135
vn -0.917814 0.297360 0.263049
vn 0.707106 -0.707107 0.000000
vn -0.235702 0.942809 0.235702
vn 0.588348 -0.784465 0.196116
vn 0.000000 1.000000 0.000000
vn -0.814379 0.152696 -0.559885
vn 0.111111 -0.888889 -0.444444
vn -0.622799 0.077850 -0.778499
vn 0.172774 0.950255 0.259161
vn -0.744208 0.248070 -0.620174
vn -0.130189 0.963398 -0.234340
vn -0.727607 -0.485071 -0.485071
vn -0.707107 -0.707107 0.000000
vn -0.635999 -0.741998 0.212000
vn -0.312348 -0.937042 0.156174
vn -0.742781 -0.557086 0.371391
vn 0.324443 0.486664 -0.811107
vn -0.690942 -0.584643 -0.425195
vn 0.527046 0.737865 0.421637
vn -0.543075 -0.814613 -0.203653
vn -0.756448 -0.476282 0.448265
vn -0.707107 -0.707107 0.000000
vn -0.793612 -0.544191 0.272096
vn -0.611354 -0.774382 -0.163028
vn -0.712857 -0.495901 0.495901
vn -0.279448 0.372597 -0.884918
vn -0.632979 0.517892 0.575435
vn -0.115470 0.577350 -0.808290
vn -0.882257 0.367607 0.294086
vn -0.447214 0.000000 0.894427
vn -0.620827 -0.449564 0.642235
vn -0.845154 -0.169031 0.507093
vn -0.457496 0.457496 0.762493
vn -0.845154 0.169031 0.507093
vn -0.577350 -0.115470 0.808290
vn -0.635999 -0.466399 0.614799
vn 0.854965 -0.142494 0.498729
vn 0.073121 0.045701 0.996275
vn -0.605253 0.425919 0.672504
vn -0.288916 0.086675 0.953423
vn -0.841178 0.540758 0.000000
vn 0.523205 -0.672692 0.523205
vn -0.358151 -0.153493 0.920960
vn -0.549443 -0.137360 0.824163
vn -0.418040 -0.487713 0.766406
vn -0.358151 -0.153493 0.920960
vn -0.849836 0.522977 0.065372
vn -0.549443 -0.137360 0.824163
vn -0.400164 0.057166 0.914659
vn -0.938244 0.270822 -0.215298
vn -0.874217 -0.473973 0.105327
vn -0.879007 -0.454057 -0.145531
vn -0.843865 0.523779 -0.116395
vn -0.874217 -0.473973 0.105327
vn -0.769245 0.553165 -0.319798
vn -0.864780 -0.491737 -0.101739
vn -0.832050 0.000000 0.554700
vn -0.692601 -0.340623 0.635830
vn -0.235702 0.235702 0.942809
vn -0.821754 0.469574 0.322832
vn -0.316228 0.948683 0.000000
vn -0.260513 0.855971 0.446594
vn -0.388463 -0.522415 0.759065
vn -0.838548 0.542590 -0.049326
vn -0.378517 0.919255 0.108148
vn 0.219823 0.549557 0.806018
vn 0.336861 0.842152 0.421076
vn 0.135526 0.677631 0.722806
vn -0.869950 0.457869 0.183147
vn 0.336861 0.842152 0.421076
vn 0.339227 0.407072 0.848067
vn 0.390567 0.650945 0.650945
vn -0.835700 0.534459 0.126327
vn -0.558598 -0.379847 -0.737350
vn -0.178186 -0.534557 -0.826134
vn -0.979684 0.058521 0.191819
vn -0.045823 0.801901 -0.595698
vn -0.156410 -0.113753 0.981120
vn 0.980581 -0.000000 0.196116
vn 0.551318 0.826977 0.110264
vn 0.000000 -0.000000 1.000000
vn 0.980581 -0.000000 0.196116
vn -0.035829 -0.250801 -0.967375
vn 0.954817 -0.062271 0.290597
vn 0.912871 -0.182574 0.365148
vn 0.305452 -0.925341 0.224597
vn -0.883452 -0.331295 0.331295
vn 0.706341 -0.046526 0.706341
vn -0.952786 0.297746 -0.059549
vn -0.868037 -0.434019 0.241121
vn -0.898369 0.179674 -0.400811
vn -0.754145 -0.632943 -0.175069
vn 0.538968 0.835400 -0.107794
vn 0.974812 0.108312 -0.194962
vn 0.249919 0.040309 0.967427
vn -0.508710 -0.339140 -0.791327
vn -0.531795 -0.170174 -0.829599
vn 0.921639 0.067437 -0.382143
vn 0.732252 0.549189 -0.402739
vn 0.096176 0.256468 0.961756
vn -0.263576 0.786185 0.558964
vn -0.838414 -0.168349 -0.518383
vn -0.933571 0.245560 -0.261046
vn 0.000000 0.851658 0.524097
vn -0.950950 0.309345 -0.000000
vn -0.443667 0.764094 -0.468316
vn -0.688247 -0.229416 -0.688247
vn 0.707107 -0.707107 0.000000
vn 0.588348 -0.784465 0.196116
vn -0.707107 0.000000 -0.707107
vn -0.588347 0.784466 -0.196116
vn -0.235702 0.942809 0.235702
vn 0.000000 1.000000 0.000000
vn 0.588348 0.784465 0.196116
vn -0.474403 0.811479 -0.341238
vn -0.136038 0.986279 -0.093526
vn 0.707106 -0.707107 -0.000000
vn -0.235702 0.942809 0.235702
vn 0.604708 0.777482 0.172774
vn 0.635000 -0.762001 0.127000
vn -0.814379 0.152696 -0.559885
vn -0.645942 0.704664 -0.293610
vn -0.535303 0.841191 0.076472
vn -0.308053 -0.924159 0.225906
vn -0.572986 -0.766462 0.290214
vn 0.000000 -0.000000 -1.000000
vn -0.549972 -0.549972 -0.628539
vn -0.811107 -0.486664 0.324443
vn -0.702728 0.597319 -0.386501
vn -0.231516 0.890447 0.391797
vn -0.547153 -0.410365 -0.729537
vn -0.680414 -0.272166 0.680414
vn 0.000000 -0.000000 1.000000
vn -0.784214 0.619116 0.041274
vn -0.366508 0.855186 0.366508
vn -0.845154 0.169031 0.507093
vn -0.707107 -0.707107 -0.000000
vn -0.645646 -0.271851 0.713609
vn 0.292492 0.038999 0.955472
vn -0.683763 0.455842 0.569803
vn -0.874157 0.388514 0.291386
vn -0.564550 -0.446935 0.693926
vn -0.982664 -0.160329 -0.093094
vn -0.684666 -0.720101 -0.112635
vn -0.641849 -0.765160 0.050589
vn -0.823492 0.335497 0.457496
vn -0.765346 -0.030614 0.642891
vn -0.990565 -0.109962 0.081790
vn -0.685837 -0.709972 0.159895
vn -0.235702 -0.235702 -0.942809
vn -0.324338 -0.612637 -0.720750
vn -0.863023 0.487795 0.131330
vn 0.536920 -0.817053 -0.210099
vn 0.890614 -0.441959 -0.107142
vn 0.308277 0.008808 0.951256
vn 0.907210 -0.394740 0.145431
vn 0.668440 0.725520 -0.163730
vn 0.960119 0.076809 -0.268833
vn -0.729343 -0.653894 0.201198
vn -0.206689 -0.974389 -0.088581
vn -0.570170 -0.601270 -0.559803
vn -0.534225 -0.834726 -0.133556
vn 0.200944 -0.000000 -0.979603
vn 0.037287 -0.149149 -0.988111
vn 0.980581 -0.000000 0.196116
vn 0.954817 -0.062271 0.290597
vn 0.370370 0.925926 0.074074
vn -0.603871 0.789678 -0.108387
vn -0.647458 0.631667 0.426375
vn -0.809885 0.584180 -0.053107
vn 0.918266 0.043727 0.393543
vn -0.020391 -0.203912 0.978777
vn 0.538968 0.835400 -0.107794
vn -0.160213 -0.179062 -0.970705
vn 0.980597 0.095204 -0.171366
vn -0.583819 0.796118 -0.159223
vn 0.097590 0.195180 0.975900
vn -0.835400 0.538968 -0.107793
vn -0.479022 -0.212899 -0.851594
vn 0.980597 0.095204 -0.171366
vn 0.908747 0.032846 -0.416053
vn 0.326895 0.036322 0.944362
vn 0.049499 -0.998229 0.032999
vn -0.998428 -0.028238 -0.048409
vn -0.344511 0.776865 -0.527061
vn -0.995567 0.066506 -0.066505
vn -0.787831 -0.531328 0.311468
vn -0.985212 0.000000 -0.171341
vn -0.737756 0.526504 -0.422503
vn -0.820775 -0.553131 -0.142743
vn -0.988832 -0.035315 -0.144793
vn -0.792283 -0.517409 0.323381
vn -0.729959 -0.638714 -0.243320
vn -0.941184 0.125491 -0.313728
vn -0.956551 0.092998 0.276337
vn -0.816497 0.408248 -0.408248
vn -0.911641 0.082016 0.402720
vn -0.771654 -0.252895 0.583604
vn -0.729710 0.374717 0.571935
vn -0.620566 0.073400 0.780712
vn -0.937427 0.229508 0.261833
vn -0.593830 -0.662349 -0.456792
vn -0.914840 -0.374934 0.149974
vn -0.779342 -0.620587 -0.086593
vn -0.553899 -0.722885 -0.413077
vn -0.237733 -0.945648 -0.221884
vn -0.631169 -0.450835 -0.631169
vn 0.707106 -0.707107 0.000000
vn 0.622799 -0.778499 0.077849
vn -0.622327 0.700119 -0.350059
vn 0.409378 0.893187 0.186081
vn -0.476160 0.854838 -0.206211
vn 0.309427 0.928279 0.206284
vn 0.642345 -0.749403 0.160586
vn 0.707107 -0.707107 0.000000
vn 0.000000 -0.000000 -1.000000
vn -0.735215 -0.147043 -0.661693
vn -0.550610 -0.570274 0.609603
vn 0.000000 -0.000000 -1.000000
vn -0.486664 -0.324443 -0.811107
vn -0.000000 -0.447214 0.894427
vn 0.000000 0.707107 0.707107
vn -0.727607 -0.485071 -0.485071
vn -0.348743 -0.464990 -0.813733
vn -0.768350 -0.329293 0.548821
vn -0.000000 -1.000000 0.000000
vn -0.000000 -0.447214 -0.894427
vn 0.000000 0.707107 0.707107
vn -0.666667 0.333333 -0.666667
vn -0.727607 -0.485071 -0.485071
vn 0.894427 -0.447214 0.000000
vn 0.000000 0.447214 0.894427
vn -0.819342 -0.491605 0.294963
vn -0.617649 0.332580 -0.712671
vn -0.784214 0.619116 0.041274
vn -0.597022 0.696526 0.398015
vn -0.707107 -0.707107 -0.000000
vn -0.830455 -0.498273 0.249136
vn -0.304430 0.270604 -0.913289
vn -0.837951 0.427890 0.338746
vn 0.457496 -0.762493 0.457496
vn -0.768221 0.512147 0.384111
vn -0.686465 -0.432219 0.584767
vn 0.060128 -0.012026 0.998118
vn -0.945732 0.078811 0.315244
vn -0.780869 -0.624695 0.000000
vn -0.699563 -0.424734 0.574641
vn -0.925706 0.326720 0.190586
vn -0.606219 0.192888 0.771552
vn -1.000000 0.000000 0.000000
vn -0.780869 -0.624695 0.000000
vn -0.468122 -0.427415 0.773419
vn -0.268758 0.698772 0.662938
vn -0.606219 0.192888 0.771552
vn -0.920358 0.383482 -0.076696
vn -0.596791 0.174065 0.783289
vn 0.080691 -0.020173 -0.996535
vn 0.175869 -0.971469 -0.159119
vn -0.990978 -0.132901 -0.017335
vn -0.650736 -0.747278 0.134603
vn -0.324338 -0.612637 -0.720750
vn -0.190234 -0.081529 -0.978348
vn -0.853167 0.492941 0.170633
vn 0.792099 -0.032391 -0.609533
vn 0.118087 -0.616266 -0.778635
vn -0.650600 -0.553010 -0.520480
vn -0.395303 0.440915 -0.805810
vn -0.893288 0.207371 -0.398790
vn 0.232311 -0.068327 -0.970239
vn -0.721218 0.432731 -0.540914
vn 0.144074 -0.126065 -0.981504
vn -0.522976 0.457604 -0.719093
vn -0.853771 0.325246 -0.406558
vn -0.624695 0.468521 0.624695
vn -0.723923 -0.155126 -0.672214
vn -0.699796 0.591580 -0.400399
vn -0.150946 -0.251577 0.955994
vn -0.590757 -0.795249 -0.136328
vn -0.371391 -0.928477 0.000000
vn 0.980581 -0.000000 0.196116
vn 0.000000 -0.000000 1.000000
vn 0.410222 0.902489 0.131271
vn -0.127775 -0.255551 -0.958315
vn 0.980581 -0.000000 0.196116
vn 0.000000 -0.000000 1.000000
vn 0.954817 -0.062271 0.290597
vn 0.984608 0.084880 -0.152784
vn 0.149441 -0.964582 0.217370
vn -0.843844 -0.429997 0.320984
vn -0.964792 0.216247 -0.149709
vn -0.695873 -0.677560 -0.238062
vn 0.399796 0.071392 0.913820
vn -0.704361 -0.616316 0.352180
vn -0.861813 0.086181 0.499851
vn 0.243673 -0.093720 0.965319
vn -0.734904 0.597110 0.321520
vn -0.952673 -0.015978 0.303577
vn -0.624695 -0.468521 -0.624695
vn -0.574365 0.789755 -0.215386
vn 0.658280 -0.708918 -0.253185
vn 0.172774 0.950255 0.259161
vn 0.600000 -0.000000 -0.800000
vn 0.928477 -0.000000 0.371391
vn -0.498420 0.825509 -0.264786
vn -0.662574 0.691382 0.288076
vn -0.736205 0.670473 0.092026
vn 0.600000 -0.000000 -0.800000
vn 0.928477 -0.000000 0.371391
vn 0.235703 0.942809 0.235702
vn 0.707107 -0.707107 0.000000
vn -0.085126 0.936382 0.340503
vn -0.481170 0.837235 0.259832
vn -1.000000 0.000000 0.000000
vn -0.000000 -0.447214 0.894427
vn 0.000000 0.707107 0.707107
vn -0.707107 0.000000 -0.707107
vn -1.000000 0.000000 0.000000
vn -0.000000 -1.000000 0.000000
vn -0.588348 -0.196116 -0.784465
vn -0.577350 -0.577350 0.577350
vn -1.000000 0.000000 0.000000
vn -0.000000 -1.000000 0.000000
vn 0.000000 0.707107 0.707107
vn -0.000000 -0.447214 -0.894427
vn 0.000000 0.447214 0.894427
vn -0.707107 0.000000 -0.707107
vn -0.666667 0.333333 -0.666667
vn 0.948683 -0.316228 0.000000
vn -0.666667 -0.333333 -0.666667
vn 1.000000 -0.000000 0.000000
vn 0.970142 -0.242536 0.000000
vn 0.000000 0.371391 0.928477
vn 1.000000 -0.000000 0.000000
vn 0.000000 -0.000000 1.000000
vn -0.577350 -0.577350 -0.577350
vn 1.000000 -0.000000 0.000000
vn 0.000000 -0.000000 1.000000
vn -0.845154 -0.169031 0.507093
vn -0.845154 0.169031 0.507093
vn -0.707107 -0.707107 -0.000000
vn -0.953463 -0.095346 0.286039
vn -0.845154 -0.169031 0.507093
vn -0.485071 0.485071 0.727607
vn -0.953463 -0.095346 0.286039
vn -0.749611 -0.433985 0.499740
vn -0.017539 -0.263077 0.964615
vn -0.899719 0.424868 0.099969
vn 0.222138 -0.012341 0.974937
vn -0.839523 0.384188 0.384188
vn -0.358151 -0.153493 0.920960
vn -0.937042 0.312348 0.156174
vn -0.519589 -0.482475 0.705156
vn -0.992044 0.095586 -0.081931
vn -0.696709 0.680064 -0.228273
vn 0.208227 -0.978035 0.009465
vn 0.013651 -0.778125 0.627961
vn -0.989808 0.122653 0.072365
vn -0.712858 0.652189 -0.257842
vn 0.673191 0.673188 -0.305994
vn 0.845154 0.169031 0.507093
vn 0.955947 -0.281161 -0.084348
vn -0.954118 0.063608 -0.292596
vn -0.679851 -0.717620 -0.151078
vn 0.260113 -0.078034 -0.962420
vn -0.513187 0.456166 -0.727015
vn -0.604764 0.636180 0.479099
vn -0.782885 -0.590238 0.196746
vn -0.842256 -0.515800 -0.156699
vn -0.150130 -0.064342 0.986570
vn -0.125677 -0.188515 -0.973996
vn -0.624695 0.468521 0.624695
vn -0.707107 0.000000 0.707107
vn -0.714487 -0.049848 -0.697871
vn 0.000000 -0.000000 1.000000
vn -0.888889 0.444444 0.111111
vn -0.872872 0.436436 -0.218218
vn -0.707307 0.690467 -0.151566
vn -0.280828 -0.336993 0.898650
vn -0.832405 -0.525729 -0.175243
vn 0.735739 -0.277637 0.617743
vn 0.000000 0.083045 0.996546
vn -0.521471 -0.830818 0.194447
vn 0.214164 0.047592 0.975638
vn -0.845154 0.169031 -0.507093
vn -0.510984 0.829302 0.226173
vn -0.851544 0.524027 -0.016376
vn -0.672874 0.734045 -0.091756
vn 0.000000 -0.000000 1.000000
vn -0.875276 0.071243 0.478348
vn 0.396436 -0.000000 0.918062
vn -0.816497 -0.408248 0.408248
vn -0.503910 0.521654 -0.688441
vn -0.685090 -0.497180 -0.532413
vn -0.762000 0.635001 0.127000
vn -0.456291 0.623835 -0.634530
vn -0.703921 0.670402 0.234640
vn -0.700140 0.700140 0.140028
vn -0.762000 0.635001 0.127000
vn -0.645040 0.592482 -0.482586
vn -0.700140 0.700140 0.140028
vn -0.828444 -0.480258 -0.288155
vn -0.766261 -0.287348 -0.574696
vn -0.426402 -0.639602 0.639602
vn -0.000000 -0.447214 0.894427
vn -0.727607 -0.485071 -0.485071
vn -0.707107 -0.707107 -0.000000
vn -0.741999 -0.212000 -0.635999
vn -0.953463 -0.095346 0.286039
vn -0.613572 -0.690268 0.383483
vn -0.801784 -0.534522 0.267261
vn -0.000000 -0.447214 -0.894427
vn -0.707107 0.000000 -0.707107
vn -0.666667 0.333333 -0.666667
vn 0.000000 0.242536 0.970142
vn -0.688247 -0.229416 -0.688247
vn 0.000000 -0.000000 1.000000
vn 0.000000 -0.000000 1.000000
vn -0.707107 0.000000 -0.707107
vn -0.577350 0.577350 -0.577350
vn -0.854358 0.512615 0.085436
vn -0.668965 0.594635 0.445977
vn -0.000000 -0.371391 0.928477
vn -0.983078 0.163846 0.081923
vn -0.547117 -0.633503 0.547117
vn -0.992503 -0.119312 0.026514
vn -0.700902 0.695521 -0.158073
vn 0.855186 0.366509 0.366509
vn 0.536920 -0.817053 -0.210099
vn 0.485071 -0.485071 0.727607
vn 0.975909 0.057406 -0.210490
vn 0.673191 0.673188 -0.305994
vn 0.830455 -0.498273 0.249137
vn 0.295330 0.286892 0.911303
vn -0.331995 0.429642 0.839754
vn 0.396424 0.916729 -0.049553
vn -0.829835 0.548283 0.103729
vn 0.633751 0.724285 0.271607
vn 0.833950 0.449051 0.320750
vn 0.981476 -0.051657 -0.184488
vn 0.070708 0.692192 -0.718242
vn 0.415919 -0.323743 0.849825
vn -0.856154 0.187284 0.481587
vn -0.671267 0.297494 0.678895
vn -0.865124 -0.476047 0.157920
vn -0.980581 0.000000 -0.196116
vn -0.212902 -0.118279 0.969888
vn -0.700140 -0.700140 -0.140028
vn -0.707107 0.000000 0.707107
vn -0.938026 0.127024 -0.322446
vn -0.624695 0.468521 0.624695
vn -0.707107 0.000000 0.707107
vn -0.600000 -0.800000 0.000000
vn 0.014395 -0.115159 -0.993243
vn -0.583080 -0.812148 -0.020824
vn 0.000000 -0.000000 1.000000
vn -0.117935 -0.252717 -0.960326
vn 0.000000 -0.000000 1.000000
vn -0.891434 0.026610 -0.452369
vn 0.633922 0.156422 0.757413
vn 0.061236 -0.110224 0.992019
vn -0.212598 -0.138188 -0.967319
vn -0.562254 -0.819284 0.112451
vn 0.835504 -0.098295 0.540620
vn -0.000000 -0.047565 0.998868
vn -0.880451 -0.440225 0.176090
vn -0.970434 -0.086646 0.225279
vn 0.196097 0.014007 0.980484
vn -0.887801 0.030614 -0.459208
vn -0.386501 -0.281091 -0.878410
vn 0.222525 0.010596 0.974869
vn -0.508710 -0.339140 -0.791327
vn -0.703203 -0.617966 0.351601
vn -0.432652 -0.115374 -0.894148
vn -0.787212 -0.382822 -0.483471
vn -0.999029 -0.040585 0.017171
vn -0.792202 -0.540709 0.282929
vn -0.851225 -0.516815 -0.091203
vn -0.997983 -0.055725 -0.030395
vn -0.970413 0.153062 0.186736
vn -0.816496 0.408249 -0.408248
vn -0.800140 -0.477665 0.362784
vn -0.990518 0.078199 0.112954
vn -0.717137 -0.358569 -0.597615
vn 0.635000 -0.762001 0.127000
vn 0.707107 -0.707107 -0.000000
vn -0.655385 0.573462 -0.491540
vn 0.244112 0.945931 0.213597
vn -0.085126 0.936382 0.340503
vn -0.839653 0.524784 -0.139942
vn 0.641988 -0.703131 -0.305709
vn 0.582085 -0.776114 -0.242536
vn 0.468521 -0.624695 -0.624695
vn -0.667982 0.654350 0.354439
vn -0.814379 0.152696 -0.559885
vn 0.172774 0.950255 0.259161
vn 0.928477 -0.000000 0.371391
vn -0.397006 0.883901 0.247193
vn -0.724286 -0.271607 -0.633750
vn -0.577350 -0.577350 0.577350
vn -0.000000 -0.707107 -0.707107
vn 1.000000 -0.000000 0.000000
vn -0.685994 -0.514496 0.514496
vn 0.768221 0.512147 0.384111
vn 1.000000 -0.000000 0.000000
vn -0.723102 -0.506171 0.470016
vn -0.000000 -0.707107 -0.707107
vn -0.707107 0.000000 -0.707107
vn -0.000000 -0.447214 -0.894427
vn 1.000000 -0.000000 0.000000
vn -0.707107 0.000000 -0.707107
vn 1.000000 -0.000000 0.000000
vn -0.666667 -0.333333 -0.666667
vn 1.000000 -0.000000 0.000000
vn -0.534523 -0.267261 0.801784
vn 0.816497 0.408248 0.408248
vn -0.801784 0.267261 0.534523
vn 1.000000 -0.000000 0.000000
vn 0.000000 -0.000000 1.000000
vn -0.408248 -0.408248 0.816497
vn 1.000000 -0.000000 0.000000
vn -0.577350 -0.577350 -0.577350
vn 0.000000 -0.000000 1.000000
vn 1.000000 -0.000000 0.000000
vn -0.408248 -0.408248 0.816497
vn -0.801784 0.267261 0.534522
vn 1.000000 -0.000000 0.000000
vn -0.794506 -0.482379 0.368878
vn -0.707107 0.000000 -0.707107
vn -0.310685 0.186411 -0.932055
vn -0.577350 0.577350 -0.577350
vn -0.843865 0.349186 0.407383
vn 0.148329 0.012361 0.988861
vn -0.897011 0.227411 0.379019
vn -0.344604 -0.529213 0.775359
vn -0.059916 -0.339525 0.938687
vn 0.073301 -0.855186 0.513112
vn 0.014420 -0.778673 0.627264
vn -0.569492 0.793221 0.215593
vn -0.569492 -0.793220 0.215593
vn 0.351319 0.931759 -0.091648
vn 0.043767 0.048143 -0.997881
vn -0.831200 0.543476 0.117220
vn 0.376288 0.376288 -0.846649
vn 0.885270 -0.081405 -0.457898
vn 0.577351 0.577349 -0.577350
vn 0.857493 -0.000000 -0.514496
vn 0.940294 -0.255515 -0.224853
vn 0.825573 0.528366 -0.198137
vn 0.875676 -0.097636 -0.472926
vn 0.517379 0.850799 0.091978
vn 0.781121 0.577351 0.237733
vn -0.011179 0.889855 0.456107
vn -0.859864 0.193772 0.472320
vn -0.099791 0.830764 0.547606
vn 0.222028 0.009653 -0.974993
vn -0.565700 0.377134 -0.733316
vn -0.797452 -0.598089 -0.079745
vn -0.030975 -0.216826 -0.975719
vn -0.707107 0.000000 -0.707107
vn -0.977577 -0.078206 -0.195515
vn -0.707107 0.565685 0.424264
vn -0.955550 0.235287 0.177665
vn 0.000000 -0.000000 1.000000
vn -0.962250 0.192450 0.192450
vn -0.130054 -0.222950 -0.966116
vn -0.880451 -0.440225 0.176090
vn -0.992017 -0.074170 -0.101983
vn 0.018465 0.073859 0.997098
vn -0.899058 0.436436 -0.034915
vn -0.971825 0.057166 0.228665
vn 0.000000 -0.000000 1.000000
vn -0.961241 0.066869 0.267476
vn -0.739980 0.573485 0.351490
vn -0.986716 0.017940 0.161463
vn -0.534522 -0.267261 -0.801784
vn -0.479022 -0.212899 -0.851594
vn -0.816497 -0.408248 0.408248
vn -0.986494 0.142340 0.081055
vn -0.976990 -0.069335 -0.201701
vn -0.812762 0.393440 -0.429677
vn -0.678844 -0.407306 -0.610960
vn -0.627646 0.675927 -0.386244
vn -0.845154 0.507092 -0.169032
vn -0.759072 -0.345033 -0.552052
vn -1.000000 0.000000 0.000000
vn -0.666667 -0.333333 -0.666667
vn -0.731077 -0.452572 0.510593
vn -0.000000 -0.707107 -0.707107
vn -1.000000 0.000000 0.000000
vn -0.680414 -0.272165 -0.680414
vn -0.784465 -0.588348 0.196116
vn -0.601317 -0.526152 -0.601317
vn -1.000000 0.000000 0.000000
vn -0.801784 0.534522 0.267261
vn 0.666667 0.666667 0.333333
vn -0.000000 -0.164399 0.986394
vn -0.577350 -0.577350 0.577350
vn -0.624695 0.468521 -0.624695
vn -0.573462 0.655386 0.491539
vn -0.577350 -0.577350 -0.577350
vn -0.534523 -0.267261 0.801784
vn -0.000000 -0.447214 -0.894427
vn -0.801784 0.267261 0.534523
vn -0.534523 -0.267261 0.801784
vn -0.801784 0.534522 0.267261
vn 0.768221 0.512147 0.384111
vn -0.836059 -0.418030 0.355325
vn -0.707107 0.000000 -0.707107
vn 0.000000 -0.000000 1.000000
vn -0.408248 -0.408248 0.816497
vn -0.000000 -0.447214 -0.894427
vn -0.801784 0.267261 0.534523
vn -0.688247 -0.229416 -0.688247
vn 0.000000 -0.000000 1.000000
vn -0.445976 0.074329 0.891953
vn -0.688247 0.229416 0.688248
vn -0.707107 0.000000 -0.707107
vn -0.662266 0.529813 0.529813
vn -0.908007 0.198627 0.368878
vn -0.000000 -0.287348 0.957826
vn -0.843482 -0.393625 0.365509
vn -0.946792 -0.063119 0.315597
vn -0.018702 -0.130915 0.991217
vn -0.948472 0.021078 0.316158
vn 0.118470 0.947758 -0.296174
vn 0.028165 -0.026940 -0.999240
vn -0.139905 0.909380 -0.391733
vn -0.516256 0.745770 0.421077
vn -0.516256 -0.745770 0.421077
vn 0.536920 -0.817053 -0.210099
vn 0.712470 0.641224 -0.284988
vn 0.861841 -0.110023 -0.495101
vn 0.242536 -0.000000 -0.970142
vn 0.712173 -0.464461 -0.526389
vn -0.601787 -0.732316 -0.318693
vn -0.876725 -0.465020 0.122919
vn -0.810859 -0.561911 0.163594
vn -0.771517 -0.493771 -0.401189
vn -0.472800 0.350788 -0.808337
vn 0.323658 0.351400 -0.878501
vn 0.012818 0.589647 -0.807560
vn 0.306570 0.245256 -0.919709
vn -0.431219 0.344976 -0.833692
vn -0.301511 0.301511 -0.904534
vn -0.397573 0.340777 -0.851943
vn -0.829561 -0.518476 0.207391
vn -0.912608 -0.375780 -0.161048
vn -0.965173 -0.082729 0.248188
vn -0.714487 -0.049848 -0.697871
vn -0.997202 0.072524 0.018131
vn -0.747360 0.626167 -0.222188
vn -0.986736 0.020643 0.161016
vn -0.700140 -0.700140 -0.140028
vn 0.000000 -0.000000 1.000000
vn -1.000000 0.000000 0.000000
vn -0.315735 -0.276268 0.907738
vn -0.903394 -0.401508 -0.150566
vn -1.000000 0.000000 0.000000
vn -0.133897 -0.133897 0.981908
vn -0.995869 0.090534 0.006964
vn -0.993900 0.103262 -0.038723
vn -0.904534 -0.301512 0.301511
vn -0.914840 -0.374934 0.149974
vn -0.677549 -0.568389 -0.466756
vn -0.963918 -0.247159 0.098864
vn -0.914840 -0.374934 0.149974
vn -0.860207 -0.404194 -0.310919
vn -0.963918 -0.247159 0.098864
vn -0.590710 0.600394 -0.539063
vn -0.736718 -0.636074 -0.229470
vn -0.758142 -0.433225 -0.487378
vn 0.675528 -0.713058 -0.187646
vn 0.600000 -0.000000 -0.800000
vn 0.707107 -0.707107 0.000000
vn -0.085126 0.936382 0.340503
vn -0.835170 0.536896 -0.119310
vn -0.691237 -0.550262 0.468405
vn -0.768706 -0.354788 -0.532181
vn -0.707105 0.000000 0.707108
vn -1.000000 0.000000 0.000000
vn -0.707105 0.000000 0.707108
vn -0.912870 -0.365149 -0.182575
vn -1.000000 0.000000 0.000000
vn 0.000000 -0.000000 1.000000
vn -0.816497 -0.408248 -0.408248
vn -0.534523 -0.267261 0.801784
vn -0.801784 0.534522 0.267261
vn -1.000000 0.000000 0.000000
vn 0.000000 0.447214 0.894427
vn -0.000000 -0.316228 0.948683
vn -0.539053 -0.505363 0.673817
vn -0.440225 -0.176090 0.880451
vn -0.759671 -0.395029 0.516577
vn -0.946792 -0.063119 0.315597
vn -0.446844 -0.040622 0.893689
vn -0.938116 0.097721 0.332249
vn -0.128429 0.932999 0.336182
vn 0.118470 0.947758 -0.296174
vn 0.067263 0.896841 -0.437210
vn -0.118470 0.935911 -0.331715
vn -0.245104 -0.751298 -0.612761
vn 0.114327 -0.632607 -0.765988
vn 0.855186 0.366509 0.366509
vn 0.242424 -0.030303 0.969697
vn -0.100504 0.703526 0.703526
vn 0.855186 0.366509 0.366509
vn 0.000000 1.000000 0.000000
vn 0.126745 0.443607 0.887214
vn -0.100504 0.703526 0.703526
vn 0.700141 0.700139 0.140030
vn 0.823842 0.253489 0.506980
vn 0.131488 0.368166 0.920415
vn 0.837333 0.395663 0.377260
vn -0.027462 0.796391 0.604159
vn -0.466333 0.373067 -0.802094
vn -0.707107 0.565686 0.424264
vn -0.912871 0.182574 0.365149
vn -0.926409 -0.349588 0.139835
vn -0.718246 -0.591888 -0.365774
vn -0.536858 -0.816471 0.212506
vn -0.760441 -0.380222 -0.526460
vn -0.838054 0.529298 -0.132324
vn -0.926409 -0.349588 0.139835
vn -0.875312 -0.483381 0.013064
vn -0.769631 -0.576148 0.275176
vn -0.755264 -0.503508 -0.419591
vn 0.658280 -0.708918 -0.253185
vn 0.582085 -0.776114 -0.242536
vn -0.499851 0.741159 0.448143
vn -0.768350 -0.329293 -0.548821
vn -0.707105 0.000000 0.707108
vn -0.851943 -0.397574 -0.340777
vn -0.772511 -0.459332 0.438452
vn -0.886484 -0.443242 -0.132973
vn -0.000000 -0.351123 0.936329
vn -0.495570 -0.344744 0.797222
vn -0.436436 0.218218 0.872872
vn -0.688247 0.229416 0.688248
vn -0.531092 0.518448 0.670189
vn 0.115470 -0.577350 -0.808290
vn 0.597614 -0.717137 0.358569
vn 0.557087 0.742781 -0.371391
vn 0.597614 -0.717137 0.358569
vn 0.668965 0.594635 -0.445976
vn 0.267261 -0.534523 0.801784
vn 0.248070 0.620173 0.744208
vn 0.164080 0.192370 0.967508
vn -0.323366 0.438463 0.838561
vn -0.904534 -0.301512 0.301511
vn -0.762000 0.635001 0.127000
vn -0.704372 0.586978 -0.399145
vn -0.895016 -0.338655 -0.290275
vn -0.703921 0.670402 0.234640
vn -0.963918 -0.247159 0.098864
vn -0.670463 0.647863 -0.361598
vn -0.839110 0.479492 -0.256871
vn -0.667982 0.654350 0.354439
vn -0.864314 0.486177 0.128816
vn -0.103729 0.903927 0.414917
vn -0.941505 0.336252 -0.022417
vn -0.776196 -0.431219 -0.459967
vn 0.582085 -0.776114 -0.242536
vn 0.468521 -0.624695 -0.624695
vn 1.000000 -0.000000 0.000000
vn -0.723545 -0.361772 -0.587880
vn 0.468521 -0.624695 -0.624695
vn -0.669534 0.618032 0.412021
vn -0.874157 0.388514 0.291386
vn -0.704361 -0.088045 -0.704361
vn -0.908429 0.032063 0.416808
vn -0.820729 -0.273576 0.501557
vn 1.000000 -0.000000 0.000000
vn -0.701820 -0.122055 -0.701820
vn -0.919145 0.000001 0.393919
vn 1.000000 -0.000000 0.000000
vn -0.912871 0.182574 0.365148
vn -0.446844 -0.040622 0.893689
vn -0.436436 0.218218 0.872872
vn -0.688247 0.229416 0.688248
vn -0.534522 -0.267261 0.801784
vn -0.606219 0.192888 0.771552
vn -0.444444 -0.444444 0.777778
vn -0.283917 -0.075711 0.955855
vn -0.222099 0.848345 0.480607
vn -0.365965 0.191300 0.910754
vn -0.358974 0.564103 0.743590
vn 0.000000 -0.000000 1.000000
vn -0.422787 -0.526327 0.737720
vn 0.000000 -0.000000 1.000000
vn -0.358974 0.564103 -0.743590
vn 0.000000 -0.000000 -1.000000
vn -0.358974 -0.564103 -0.743590
vn 0.000000 -0.000000 -1.000000
vn 0.447214 -0.000000 -0.894427
vn 0.904534 -0.301511 0.301511
vn 0.962250 0.192450 0.192450
vn 0.577350 0.577350 0.577350
vn 0.899438 -0.224860 -0.374766
vn 0.000000 0.707107 -0.707107
vn 0.577350 0.577350 0.577350
vn 0.942809 -0.235702 -0.235702
vn 0.629342 -0.704863 0.327258
vn 0.039590 -0.831398 -0.554265
vn 0.171219 0.171219 -0.970241
vn 0.798369 -0.425797 -0.425797
vn 0.512148 0.384111 -0.768221
vn 0.922146 0.381578 -0.063596
vn 0.276484 0.947943 -0.157990
vn 0.274491 0.147803 -0.950163
vn 0.744881 0.053206 -0.665072
vn 0.039590 -0.831398 -0.554265
vn 0.761904 -0.190476 -0.619048
vn 0.109606 -0.657635 -0.745320
vn 0.049651 0.297907 0.953303
vn -0.323800 0.431733 0.841879
vn 0.922146 0.381578 -0.063596
vn 0.351319 0.931759 -0.091648
vn 0.428496 0.781375 0.453702
vn -0.828744 -0.525934 0.191249
vn -0.301511 0.301511 -0.904534
vn -0.399585 0.352575 -0.846181
vn -0.924448 -0.120580 0.361741
vn -0.291385 0.388514 -0.874158
vn -0.301511 0.301511 -0.904534
vn -0.925547 0.000000 0.378633
vn -0.829464 -0.444834 -0.337806
vn -0.574696 0.766261 -0.287348
vn -0.878672 0.477303 -0.010848
vn -0.755199 -0.487226 -0.438503
vn -0.885634 0.463904 -0.021087
vn -0.785001 -0.452884 -0.422693
vn -0.984986 0.171302 -0.021413
vn -0.337461 0.799251 0.497311
vn -0.986472 0.125933 -0.104944
vn -0.832845 -0.227139 -0.504755
vn -0.980581 -0.196115 0.000000
vn -0.894427 -0.447214 0.000000
vn -0.000000 -0.242536 0.970142
vn -0.980581 -0.196115 0.000000
vn -0.415581 -0.369406 0.831163
vn -0.707107 0.707107 0.000000
vn -0.447213 0.894427 0.000000
vn -0.422787 0.526327 0.737720
vn -0.361227 -0.562841 0.743455
vn -0.627753 -0.778413 0.000000
vn -0.707107 0.707107 0.000000
vn -0.470503 0.720644 -0.509215
vn -0.539929 -0.788331 -0.294977
vn -0.350987 0.503950 0.789204
vn -0.350987 -0.503949 0.789204
vn -0.000000 -0.554700 -0.832050
vn 0.668965 0.594635 -0.445976
vn -0.229416 0.688247 -0.688247
vn 0.572078 0.476731 -0.667424
vn 0.169030 -0.507093 -0.845154
vn 1.000000 -0.000001 0.000000
vn 0.548821 0.329293 -0.768350
vn 0.962250 0.192450 0.192450
vn 0.229416 0.688247 0.688247
vn -0.348367 0.696733 -0.627060
vn 0.169031 -0.507093 -0.845154
vn 0.904534 -0.301511 0.301511
vn -0.282138 -0.564276 -0.775880
vn 0.508507 -0.649759 0.565008
vn 0.727607 0.485071 -0.485071
vn 0.252699 0.631748 0.732828
vn -0.229416 0.688247 -0.688247
vn 0.904534 -0.301511 0.301511
vn 0.962250 0.192450 0.192450
vn 0.577350 -0.577350 0.577350
vn 0.229416 0.688247 0.688247
vn 0.321521 0.597110 0.734904
vn 0.342381 0.733674 0.586939
vn 0.870257 -0.394079 0.295559
vn 0.428571 -0.285714 -0.857143
vn 0.298143 0.745356 -0.596285
vn 0.784465 -0.196116 -0.588348
vn 0.000000 0.707107 -0.707107
vn 0.428571 -0.285714 -0.857143
vn -0.228934 -0.641016 -0.732590
vn 0.899438 -0.224860 -0.374766
vn 0.623783 -0.686161 0.374270
vn 0.712470 0.641224 -0.284988
vn 0.201627 0.131292 -0.970623
vn 0.826130 0.199411 -0.527014
vn 0.156055 -0.156055 -0.975343
vn 0.812484 -0.273510 -0.514842
vn 0.107833 -0.754829 -0.646997
vn -0.865263 0.190793 0.463593
vn -0.876580 -0.470016 0.103404
vn -0.904534 -0.301512 0.301511
vn -0.456543 0.555792 -0.694740
vn -0.703921 0.670402 0.234640
vn -0.713396 -0.485506 -0.505322
vn -0.732964 0.467850 -0.493842
vn -0.902274 -0.273905 -0.332982
vn -0.762306 -0.369602 -0.531304
vn -0.993884 0.088345 -0.066259
vn -0.717547 -0.191346 -0.669711
vn -0.995893 -0.090535 0.000000
vn -0.508385 0.524272 0.683143
vn -0.998360 0.051198 -0.025599
vn -0.436436 0.218218 0.872872
vn -0.534522 0.267261 0.801784
vn -0.995893 -0.090535 0.000000
vn -0.431934 -0.259160 0.863869
vn 0.447214 -0.000000 -0.894427
vn -0.298142 -0.596285 -0.745356
vn -0.298142 0.596285 -0.745356
vn -0.322376 -0.601768 -0.730718
vn 0.169030 -0.507093 -0.845154
vn 0.801783 -0.534523 0.267261
vn -0.022389 -0.559717 -0.828381
vn 0.594635 -0.445976 0.668965
vn 0.597614 -0.717137 0.358569
vn 0.267261 -0.534523 0.801784
vn 0.332309 -0.720003 0.609234
vn 0.321521 0.597110 0.734904
vn -0.465690 0.698535 -0.543305
vn 0.572078 0.476731 -0.667424
vn 0.959264 0.274075 -0.068519
vn 0.594635 -0.445976 0.668965
vn 0.267261 -0.534523 0.801784
vn 0.270914 0.609557 0.745014
vn 0.516194 0.615462 0.595609
vn 0.298143 0.745356 -0.596285
vn 0.000000 0.707107 -0.707107
vn -0.507985 0.795107 -0.331295
vn 0.265631 -0.316228 -0.910736
vn 0.847612 -0.125997 -0.515440
vn 0.107833 -0.754829 -0.646997
vn -0.008361 -0.677214 -0.735739
vn 0.776573 -0.288957 -0.559855
vn 0.510485 0.360342 -0.780742
vn 0.922146 0.381578 -0.063596
vn 0.508340 0.547443 0.664753
vn 0.428496 0.781375 0.453702
vn -0.926409 -0.349588 0.139835
vn -0.875312 -0.483381 0.013064
vn -0.883905 -0.337368 -0.323874
vn -0.984710 -0.142711 -0.099898
vn -0.944830 0.181698 0.272547
vn -0.971094 0.029607 0.236852
vn -0.820390 -0.449469 0.353466
vn -0.321521 -0.597109 -0.734905
vn -0.465690 0.698536 -0.543305
vn 0.572078 0.476731 -0.667424
vn 0.169030 -0.507093 -0.845154
vn 0.428571 -0.285714 -0.857143
vn -0.457428 -0.530616 -0.713587
vn 0.298143 0.745356 -0.596285
vn -0.509902 0.784465 -0.353009
vn 0.506182 0.621223 0.598215
vn 0.707107 0.707107 0.000000
vn 0.904534 -0.301512 -0.301511
vn 0.577350 0.577350 0.577350
vn 0.632175 -0.716465 0.295015
vn 0.822329 -0.338216 -0.457586
vn 0.535899 0.535899 0.652399
vn -0.642754 -0.690929 -0.330885
vn -0.873723 0.199201 0.443765
vn -0.047116 0.851706 0.521897
vn -0.762131 0.435504 -0.479054
vn -0.934562 -0.201572 -0.293195
vn -0.981650 0.166695 -0.092609
vn -0.977481 0.200710 0.065165
vn -0.875312 -0.483381 0.013064
vn -0.998966 -0.045179 0.005020
vn -0.875664 -0.444568 0.188605
vn 0.826234 -0.511478 0.236067
vn 0.508507 -0.649759 0.565008
vn 0.205061 0.692080 0.692080
vn 0.371391 0.742781 0.557086
vn 0.231124 0.656878 0.717700
vn 0.828805 -0.516785 0.214514
vn -0.259792 -0.881033 -0.395335
vn 0.121070 -0.887848 -0.443924
vn -0.058563 -0.786418 0.614912
vn -0.241121 -0.868037 -0.434019
vn -0.056699 -0.031184 -0.997904
vn 0.054754 -0.949070 -0.310272
vn -0.432519 0.676986 0.595497
vn -0.470559 0.736527 -0.485903
vn -0.470559 -0.736527 -0.485903
vn -0.432519 -0.676986 0.595497
vn 0.842701 -0.481543 0.240772
vn 0.301511 -0.301511 -0.904534
vn -0.267261 -0.534522 -0.801784
vn -0.127000 -0.635001 -0.762001
vn 0.451129 -0.701757 0.551380
vn -0.169031 -0.507092 -0.845154
vn -0.342745 -0.582667 -0.736902
vn 0.773491 -0.511502 0.374269
vn 0.745014 -0.270914 0.609557
vn 0.594635 -0.445976 0.668965
vn 0.895443 -0.426401 0.127920
vn 0.222375 0.681949 0.696774
vn 0.332309 -0.720003 0.609234
vn 0.712470 0.641224 -0.284988
vn 0.733725 0.493597 -0.466916
vn 0.265631 -0.316228 -0.910736
vn 0.810383 0.009763 -0.585819
vn 0.401189 -0.771517 -0.493771
vn 0.870388 0.348155 -0.348155
vn -0.505323 -0.496610 -0.705710
vn 0.859063 -0.411634 -0.304251
vn 0.629342 -0.704863 0.327258
vn 0.674926 0.571092 -0.467257
vn 0.498179 0.400709 -0.768928
vn 0.826130 0.199411 -0.527014
vn 0.000000 1.000000 0.000000
vn -0.027257 0.190799 0.981251
vn -0.321860 0.459800 0.827641
vn -0.100504 0.703526 0.703526
vn -0.801783 0.267262 0.534523
vn 0.000000 1.000000 0.000000
vn 0.126745 0.443607 0.887214
vn -0.812742 0.474100 0.338643
vn -0.624695 0.000000 0.780869
vn 0.129446 0.402721 0.906123
vn -0.782198 0.362129 0.506980
vn -0.506979 -0.253490 0.823842
vn 0.141421 -0.000000 0.989950
vn -0.852108 0.238590 0.465819
vn -0.027462 0.796391 0.604159
vn -0.126947 -0.284670 0.950183
vn -0.064784 -0.785509 0.615450
vn -0.360943 0.520043 -0.774128
vn -0.240772 -0.481543 -0.842701
vn -0.400475 -0.530788 -0.746917
vn -0.507269 0.629389 0.588683
vn 0.000000 -0.000000 1.000000
vn 0.000000 -0.000000 1.000000
vn -0.507269 -0.629389 0.588683
vn -0.081650 -0.571548 -0.816497
vn 0.895443 -0.426401 0.127920
vn -0.091440 -0.713229 -0.694941
vn 0.332309 -0.720003 0.609234
vn 0.448327 0.652111 0.611354
vn 0.707107 0.707107 0.000000
vn -0.505076 0.808122 -0.303046
vn -0.842701 0.481543 0.240772
vn 0.707107 0.707107 0.000000
vn 0.577350 0.577350 0.577350
vn -0.847874 0.484500 0.215333
vn -0.552202 -0.512758 -0.657383
vn 0.816120 -0.386583 -0.429537
vn 0.577351 0.577350 0.577350
vn -0.606407 -0.389833 -0.693037
vn 0.789613 -0.290910 -0.540262
vn 0.501534 0.390082 -0.772204
vn 0.857011 -0.335352 -0.391244
vn -0.615871 -0.683721 -0.391443
vn 0.097220 -0.662861 -0.742404
vn 0.049651 0.297907 0.953303
vn -0.666126 0.297056 0.684130
vn -0.816497 0.081650 0.571548
vn 0.301511 -0.301511 -0.904534
vn -0.282138 -0.564276 -0.775880
vn -0.379136 0.695084 -0.610831
vn -0.067032 -0.558598 -0.826725
vn -0.333333 0.666667 -0.666667
vn 0.218605 0.683139 0.696802
vn -0.603804 0.676993 -0.420833
vn 0.201319 0.632717 0.747757
vn -0.347330 0.663084 -0.663084
vn 0.321521 0.597110 0.734904
vn -0.481070 0.694879 -0.534523
vn 0.371391 0.742781 0.557086
vn 0.867684 -0.448466 0.214484
vn 0.140727 0.743841 0.653374
vn 0.577351 0.577350 0.577350
vn 0.238244 0.734584 0.635316
vn 0.916297 -0.349066 -0.196349
vn 0.576818 0.546459 0.607177
vn -0.820218 0.528585 0.218725
vn 0.039590 -0.831398 -0.554265
vn -0.000000 -0.447214 -0.894427
vn -0.749634 -0.624695 -0.218643
vn 0.108112 -0.684712 -0.720750
vn 0.076866 0.461197 0.883962
vn 0.508340 0.547443 0.664753
vn 0.428496 0.781375 0.453702
vn -0.828402 0.185677 0.528464
vn 0.039869 0.239215 0.970148
vn -0.319987 0.441886 0.838060
vn -0.662639 0.233151 0.711723
vn -0.864622 0.065787 0.498097
vn -0.891942 0.169122 0.419329
vn -0.858106 -0.510777 -0.052537
vn -0.894560 -0.443100 0.058523
vn -0.161613 -0.011408 0.986788
vn 0.301511 -0.301511 -0.904534
vn -0.127000 -0.635001 -0.762001
vn -0.778813 0.524201 -0.344475
vn -0.353187 -0.613429 -0.706374
vn -0.470723 0.697368 -0.540460
vn 0.938016 -0.278225 0.206681
vn -0.230571 -0.576429 -0.783943
vn -0.169031 -0.507092 -0.845154
vn -0.514496 0.685994 -0.514496
vn 0.457496 0.762493 0.457496
vn -0.920358 0.383483 -0.076697
vn 0.270914 0.609557 0.745014
vn 0.745014 -0.270914 0.609557
vn 0.744669 0.509510 -0.431124
vn 0.895443 -0.426401 0.127920
vn 0.401189 -0.771517 -0.493771
vn -0.000000 -0.800000 -0.600000
vn -0.000000 -0.600000 -0.800000
vn -0.604551 -0.453413 -0.654931
vn -0.507985 0.795107 -0.331295
vn -0.816497 0.408248 0.408248
vn -0.609785 -0.377486 -0.696898
vn -0.861555 0.475341 0.178252
vn 0.093659 -0.655610 -0.749269
vn 0.107833 -0.754829 -0.646997
vn -0.564182 -0.672381 -0.479168
vn 0.511720 0.529995 0.676201
vn -0.869871 0.310669 0.383158
vn -0.115470 -0.577350 -0.808290
vn -0.165295 -0.628121 -0.760357
vn -0.845154 0.169030 -0.507093
vn -0.714544 0.494685 -0.494685
vn -0.371391 -0.557086 -0.742781
vn -0.514496 0.685994 -0.514496
vn -0.878702 0.475964 -0.036613
vn 0.097818 0.782547 0.614859
vn -0.743311 0.473016 -0.473016
vn -0.319282 -0.574707 -0.753505
vn -0.000000 -0.650791 -0.759257
vn 0.889975 -0.423013 -0.170304
vn 0.745014 -0.270914 0.609557
vn 0.979827 -0.039193 0.195965
vn 0.690103 0.558655 -0.460069
vn -0.215387 -0.574367 -0.789754
vn 0.191600 0.766402 0.613121
vn -0.498396 -0.652446 -0.570890
vn 0.577351 0.577350 0.577350
vn -0.687202 -0.333189 -0.645553
vn 0.176890 0.732828 0.657018
vn -0.916946 0.225119 0.329442
vn -0.539164 -0.539164 0.646997
vn -0.914574 0.112756 0.388381
vn -0.320206 0.782725 0.533676
vn -0.173170 0.197908 0.964803
vn -0.096588 -0.023691 -0.995042
vn -0.392907 0.765135 -0.510090
vn 0.958097 -0.212911 0.191620
vn 0.612327 0.654556 -0.443409
vn -0.000000 -0.650791 -0.759257
vn 0.478300 0.402779 -0.780384
vn 0.000000 0.832050 0.554700
vn 0.774780 -0.471605 -0.421076
vn -0.531380 -0.515751 -0.672039
vn -0.843144 0.499231 0.199692
vn -0.632008 -0.432427 -0.643096
vn -0.904047 0.278169 0.324531
vn -0.798007 -0.249377 -0.548630
vn -0.659380 0.461566 0.593443
vn -0.855296 0.204105 0.476245
vn -0.639602 -0.639602 0.426401
vn -0.987878 0.109764 0.109764
vn -0.776117 -0.570209 -0.269265
vn -0.991192 -0.052168 0.121725
vn -0.976467 -0.023816 0.214346
vn -0.815603 -0.564309 -0.127851
vn -0.924434 0.273128 0.266125
vn -0.578829 -0.413449 0.702864
vn -0.930758 0.258544 0.258544
vn -0.298717 0.831565 0.468260
vn -0.243318 0.872772 -0.423162
vn -0.388376 0.481279 0.785833
vn -0.388376 -0.481279 0.785833
vn 0.185288 0.688214 0.701449
vn -0.791327 0.508710 -0.339140
vn -0.917171 0.393073 -0.065512
vn -0.881677 0.470896 -0.030057
vn 0.236164 0.676286 0.697756
vn -0.815139 0.366812 0.448326
vn 0.000000 0.707107 0.707107
vn -0.762001 -0.127000 -0.635001
vn -0.666126 0.297056 0.684130
vn -0.910522 0.015303 0.413178
vn 0.000000 0.707107 0.707107
vn -0.940400 0.008830 0.339957
vn -0.828325 -0.505076 -0.242437
vn -0.971564 0.018160 0.236081
vn -0.736635 -0.641585 -0.213862
vn -0.987534 0.120922 0.100769
vn -0.226455 -0.566139 -0.792594
vn -0.127000 -0.635001 -0.762001
vn -0.169031 -0.507092 -0.845154
vn -0.813734 0.464990 -0.348743
vn 0.112874 0.741742 0.661118
vn -0.914519 0.396292 0.081291
vn 0.265631 -0.316228 -0.910736
vn 0.401189 -0.771517 -0.493771
vn -0.000000 -0.600000 -0.800000
vn -0.593967 -0.636394 -0.492145
vn -0.935547 0.283818 0.210235
vn 0.207471 0.744456 0.634618
vn 0.267261 0.534522 0.801784
vn -0.327986 -0.529823 -0.782120
vn -0.000000 -0.650791 -0.759257
vn 0.081400 0.781444 0.618643
vn -0.975537 -0.121942 -0.182913
vn -0.781503 -0.510369 -0.358854
vn -0.977536 -0.054307 0.203654
vn -0.691714 0.691714 0.207514
vn -0.872871 0.436436 0.218218
vn -0.760270 -0.613551 0.213409
vn -0.392483 0.539779 -0.744712
vn -0.392483 -0.539779 -0.744712
vn -0.455493 -0.521919 -0.721198
vn -0.813733 0.464990 -0.348743
vn -0.934512 0.354470 -0.032225
vn -0.091440 -0.713229 -0.694941
vn -0.918963 0.062302 -0.389392
vn -0.000000 -0.600000 -0.800000
vn -0.925132 -0.346925 -0.154189
vn -0.330730 -0.573266 -0.749656
vn -0.849569 0.525924 0.040455
vn -0.329293 -0.548821 -0.768350
vn -0.997317 0.073198 0.000000
vn -0.665653 -0.382134 -0.640999
vn -0.097561 0.804878 0.585366
vn 0.267261 0.534522 0.801784
vn -0.127000 0.762001 0.635001
vn -0.862518 0.402509 0.306674
vn 0.267261 0.534522 0.801784
vn -0.968410 -0.043647 0.245513
vn -0.984844 0.090013 0.148256
vn -0.426919 -0.788157 -0.443338
vn -0.142205 -0.034006 -0.989253
vn -0.464206 0.754337 0.464208
vn -0.918963 0.062302 -0.389392
vn -0.786333 0.436852 -0.436852
vn -0.846809 -0.052925 -0.529257
vn -0.624694 0.468522 0.624696
vn -0.978980 -0.122373 -0.163164
vn -0.869696 -0.434848 -0.233530
vn -0.961880 -0.108734 0.250926
vn -0.081101 -0.286973 0.954499
vn -0.357974 -0.728509 0.584063
vn -0.621433 0.540741 0.566940
vn -0.872871 0.436436 0.218218
vn -0.724563 -0.516242 0.456622
vn -0.471924 0.722766 0.504873
vn -0.471089 -0.689277 0.550430
vn -0.871866 -0.204054 -0.445209
vn -0.949395 0.237349 0.205703
vn -0.596871 -0.655717 -0.462365
vn -0.369922 -0.711388 0.597566
vn -0.622126 0.763518 0.173205
vn -0.707107 0.707107 0.000000
vn -0.446517 0.893033 -0.055815
vn -0.579289 -0.793839 0.185050
vn -0.540867 -0.840275 -0.037426
vn -0.707107 0.707107 0.000000
vn -0.510567 0.726299 -0.460229
vn -0.593694 -0.740891 -0.314020
vn -0.170654 -0.039382 -0.984544
vn -0.665340 0.433918 -0.607485
vn -0.422994 0.767292 0.482016
vn -0.878438 0.188237 0.439219
vn -0.114473 0.200327 0.973018
vn -0.526327 0.422787 0.737720
vn 0.000000 -0.000000 1.000000
vn -0.564103 -0.358974 0.743590
vn 0.000000 -0.000000 1.000000
vn -0.526327 0.422787 -0.737720
vn 0.000000 -0.000000 -1.000000
vn -0.526327 -0.422787 -0.737720
vn 0.000000 -0.000000 -1.000000
vn -0.514679 0.635780 -0.575230
vn 0.000000 -0.000000 -1.000000
vn -0.514679 -0.635780 -0.575230
vn 0.000000 -0.000000 -1.000000
vn -0.893998 0.214560 0.393359
vn -0.071907 -0.100670 0.992318
vn -0.651584 -0.592349 0.473880
vn -0.742371 -0.460782 -0.486381
vn -0.898645 0.057977 -0.434828
vn -0.282742 -0.065248 -0.956974
vn -0.771517 0.154303 -0.617213
vn -0.469155 0.883116 0.000000
vn 0.000000 -0.000000 1.000000
vn -0.707107 0.707107 0.000000
vn -0.634740 -0.772726 0.000000
vn 0.000000 -0.000000 1.000000
vn -0.477009 0.871603 -0.113009
vn -0.707107 0.707107 0.000000
vn -0.552338 -0.829824 -0.079470
vn -0.468122 0.773419 0.427416
vn -0.991271 0.127906 0.031977
vn -0.613683 0.554020 -0.562543
vn -0.841586 0.540123 0.000000
vn -0.562841 0.361227 0.743455
vn -0.841587 -0.540122 0.000000
vn -0.526327 -0.422787 0.737720
vn -0.778413 0.627753 0.000000
vn -0.562841 0.361227 -0.743455
vn -0.759934 -0.575085 -0.302947
vn -0.488628 0.401796 0.774469
vn -0.504582 0.252291 0.825679
vn -0.493208 -0.369695 0.787446
vn -0.742370 -0.460782 -0.486381
vn -0.976727 0.157174 0.145948
vn -0.642984 -0.564571 0.517524
vn -0.911751 0.348611 0.217211
vn -0.872872 -0.436435 0.218218
vn -0.963364 -0.167542 0.209427
vn -0.629389 0.507269 0.588683
vn -0.683318 0.550734 -0.479342
vn -0.683318 -0.550734 -0.479342
vn -0.629389 -0.507269 0.588683
vn -0.666667 0.333333 0.666667
vn -0.894528 0.204892 0.397290
vn -0.761582 -0.279190 0.584847
vn -0.965632 -0.164363 0.201345
vn -0.508635 0.427503 -0.747350
vn -0.494006 0.247003 -0.833635
vn -0.506920 -0.384316 -0.771579
vn -0.675556 0.434947 0.595353
vn 0.000000 -0.000000 1.000000
vn 0.000000 -0.000000 1.000000
vn -0.675556 -0.434947 0.595353
vn -0.978980 0.000000 0.203954
vn -0.676753 0.104116 0.728811
vn -0.596285 0.298143 0.745356
vn 0.000000 -0.000000 1.000000
vn -0.659980 -0.175995 0.730378
vn 0.000000 -0.000000 1.000000
vn -0.625325 0.236609 -0.743630
vn 0.000000 -0.000000 -1.000000
vn -0.644517 -0.208329 -0.735661
vn 0.000000 -0.000000 -1.000000
vn -0.753250 -0.125542 0.645643
vn -0.936236 0.039420 0.349153
vn -0.927053 0.246529 0.282482
vn -0.596285 0.298143 0.745356
vn -0.988372 -0.152057 0.000000
vn -0.894427 -0.447213 0.000000
vn -0.625325 -0.236609 0.743630
vn -0.954146 0.299340 0.000000
vn -0.661389 0.171789 -0.730105
vn -0.988372 -0.152057 0.000000
vn -0.871623 -0.389666 -0.297377
vn -0.666667 0.333333 0.666667
vn -0.523250 0.168188 0.835417
vn -0.739020 0.109484 0.664727
vn -0.560557 -0.204159 0.802556
vn -0.541364 -0.083287 0.836653
vn -0.529254 0.391291 0.752849
vn -0.497920 0.253657 0.829297
vn -0.518010 -0.335845 0.786686
vn -0.690118 0.104169 0.716160
vn -0.702624 -0.112420 0.702624
vn 0.000000 -0.000000 1.000000
vn -0.702624 -0.112420 -0.702624
vn -0.690118 0.104169 -0.716160
vn 0.000000 -0.000000 -1.000000
vn -0.991144 0.061128 0.117889
vn -0.689315 -0.108128 0.716347
vn -0.998721 -0.050568 0.000000
vn -0.689315 -0.108128 -0.716347
vn -0.703259 0.104186 -0.703259
vn -0.745356 -0.119257 0.655913
vn -0.543251 0.000000 0.839570
vn -0.746077 0.114781 0.655892
vn -0.552226 0.478896 -0.682426
vn -0.485941 0.247388 -0.838248
vn -0.542245 -0.426459 -0.723949
vn -0.478897 -0.247706 -0.842199
vn -0.717137 0.358569 0.597614
vn -0.780720 0.390360 -0.487950
vn -0.985460 0.169907 0.000000
vn -0.814756 -0.315718 -0.486307
vn -0.748794 -0.290158 0.595916
vn -0.627466 0.553356 0.547798
vn -0.882109 0.441054 0.165395
vn -0.673440 -0.544757 0.499718
vn -0.780720 0.390360 -0.487950
vn -0.502750 0.195186 -0.842107
vn -0.876936 0.148633 -0.457047
vn -0.687889 -0.249678 -0.681520
vn -0.505342 -0.174256 -0.845142
vn -0.717137 0.358569 0.597614
vn 0.000000 -0.000000 1.000000
vn -0.813348 0.137856 0.565208
vn 0.000000 -0.000000 1.000000
vn -0.784985 -0.217526 0.580069
vn -0.696310 0.696311 0.174078
vn -0.823249 0.562360 0.077542
vn -0.823084 -0.535961 0.187826
vn -0.775235 -0.631673 0.000000
vn -0.840275 0.540867 -0.037426
vn -0.697410 0.451266 -0.556757
vn -0.798100 -0.514963 -0.312810
vn -0.875984 -0.153681 -0.457202
vn -0.812427 -0.142531 0.565373
vn -0.985939 0.167108 -0.000000
vn -0.640067 0.419600 -0.643623
vn 0.000000 -0.000000 -1.000000
vn -0.640067 -0.419599 -0.643623
vn 0.000000 -0.000000 -1.000000
vn -0.883978 -0.152410 -0.441989
vn -0.544684 0.000000 -0.838641
vn -0.884652 0.147442 -0.442326
vn 0.000000 -0.000000 1.000000
vn -0.832050 0.554700 0.000000
vn 0.000000 -0.000000 1.000000
vn -0.823618 -0.142003 0.549079
vn -0.824163 0.137361 0.549442
vn -0.832050 -0.554700 0.000000
vn 0.000000 -0.000000 1.000000
vn -0.631932 0.519087 -0.575509
vn -0.772726 0.634740 0.000000
vn -0.770997 -0.633318 -0.066872
vn -0.644126 0.333169 0.688549
vn -0.713462 0.117136 0.690834
vn -0.521360 0.170938 0.836041
vn -0.604265 -0.183162 0.775445
vn -0.853546 0.125522 -0.505672
vn -0.753735 0.376867 -0.538382
vn -0.522965 0.140582 -0.840681
vn -0.792492 -0.298250 -0.531980
vn -0.522193 -0.143460 -0.840674
vn -0.605159 -0.097606 0.790098
vn -0.702830 0.109817 0.702830
vn -0.544831 0.032049 0.837933
vn -0.637193 0.323997 0.699293
vn -0.882500 0.289676 0.370515
vn -0.766819 -0.333616 0.548350
vn -0.956230 -0.168746 0.239058
vn -0.930145 0.211102 -0.300442
vn -0.779814 0.377330 -0.499512
vn -0.977406 -0.172483 -0.122176
vn -0.855805 -0.276716 -0.437065
vn -0.946967 0.310873 0.081305
vn -0.867472 -0.447728 0.216868
vn -0.982924 -0.173457 0.061433
vn -0.893033 -0.446517 -0.055815
vn -0.829468 0.132234 -0.542675
vn -0.828903 -0.136088 -0.542587
vn -0.554700 0.000000 -0.832050
vn -0.638308 0.206511 -0.741563
vn 0.000000 -0.000000 -1.000000
vn -0.637171 -0.209220 -0.741781
vn 0.000000 -0.000000 -1.000000
vn -0.712824 -0.120632 0.690891
vn -0.898800 0.048228 0.435699
vn -0.967795 -0.005432 -0.251681
vn -0.805471 -0.142142 -0.575336
vn 0.000000 -0.000000 1.000000
vn -0.964554 0.263887 0.000000
vn -0.883116 -0.469155 0.000000
vn 0.000000 -0.000000 1.000000
vn -0.986394 -0.164399 0.000000
vn -0.680471 0.223512 -0.697855
vn -0.929741 0.368214 0.000000
vn -0.883863 -0.437768 -0.164758
vn -0.986394 -0.164399 0.000000
vn -0.999098 0.034651 0.024544
vn -0.688281 0.113142 -0.716567
vn -0.687637 -0.116220 -0.716692
vn 0.000000 -0.000000 -1.000000
vn 0.000000 -0.000000 1.000000
vn -1.000000 0.000000 0.000000
vn -0.702503 0.113920 -0.702504
vn -0.702247 -0.117041 -0.702247
vn -1.000000 0.000000 0.000000
vn -0.486048 0.628194 0.607560
vn -0.759257 0.650791 0.000000
vn -0.593362 0.543915 -0.593362
vn -0.000000 -0.989950 0.141421
vn -0.709299 -0.630488 -0.315244
vn -0.267261 0.801784 -0.534522
vn 0.845154 0.507092 0.169031
vn 0.441054 0.165395 -0.882109
vn 0.612381 0.782027 0.115856
vn -0.384111 0.768221 -0.512148
vn -0.847998 -0.423999 -0.317999
vn 0.000000 -0.000000 -1.000000
vn 0.439219 0.878438 -0.188237
vn 0.707107 -0.707107 0.000000
vn 0.130189 -0.911322 0.390567
vn 0.668965 -0.445977 0.594635
vn 0.824163 -0.549442 0.137361
vn 0.601568 -0.786666 0.138823
vn 0.665953 0.702951 -0.249733
vn 0.596285 0.745356 -0.298142
vn 0.000000 0.810679 -0.585491
vn 0.749269 0.468293 0.468293
vn 0.811107 -0.486664 0.324443
vn 0.813733 -0.000000 0.581238
vn -0.717242 0.563547 -0.409852
vn 0.813733 -0.000000 0.581238
vn 0.162221 -0.973329 -0.162222
vn -0.707107 -0.707107 0.000000
vn 0.780720 0.390360 0.487950
vn 0.706707 0.706706 0.033653
vn 0.727393 -0.581915 0.363696
vn 0.690942 -0.425195 0.584644
vn 0.551825 -0.797081 0.245256
vn 0.912871 -0.365148 0.182574
vn 0.447214 -0.000000 0.894427
vn -0.000000 -0.707107 0.707107
vn 0.000000 0.447214 -0.894427
vn 0.577350 -0.577350 0.577350
vn 0.301511 -0.542720 0.783930
vn 0.530033 0.576123 0.622212
vn -0.446686 0.863422 -0.234467
vn -0.906019 0.371454 -0.202860
vn -0.672153 -0.692878 -0.261019
vn 0.849515 0.494493 -0.183850
vn 0.839891 -0.511589 0.181272
vn 0.871030 0.465619 0.156544
vn -0.306612 0.759865 0.573231
vn -0.816497 0.408248 0.408248
vn -0.461715 0.666921 -0.584838
vn -0.825461 -0.313106 -0.469659
vn -0.026868 0.017912 -0.999478
vn 0.177627 0.947343 0.266440
vn 0.364044 -0.258238 -0.894866
vn -0.434051 0.888447 0.149205
vn 0.172981 0.941786 0.288301
vn -0.379339 0.796144 0.471442
vn 0.231489 0.610290 -0.757601
vn 0.276303 0.429803 -0.859608
vn -0.408335 0.888234 0.210482
vn 0.255771 0.429034 -0.866320
vn 0.156174 0.937042 0.312348
vn 0.043727 0.918266 0.393542
vn -0.464533 0.878846 0.108809
vn -0.553254 0.676373 -0.486240
vn -0.423307 0.779930 0.460999
vn 0.282625 0.942082 -0.180566
vn -0.292227 0.876681 -0.382143
vn -0.362533 0.901563 0.236124
vn -0.707107 -0.707107 -0.000000
vn -0.713887 -0.682848 0.155193
vn -0.454794 0.330759 0.826898
vn -0.512321 0.186299 0.838344
vn -0.064282 0.964237 0.257130
vn 0.350085 0.935010 0.056536
vn -0.485071 0.727607 -0.485071
vn 0.301511 -0.904534 0.301511
vn 0.963087 0.240772 0.120386
vn 0.963087 0.240772 -0.120386
vn 0.436300 0.842510 -0.315941
vn 0.801762 -0.593898 0.066813
vn 0.702247 -0.702247 0.117041
vn -0.680414 -0.680414 -0.272166
vn 0.596285 0.745356 -0.298142
vn -0.196116 0.784465 -0.588348
vn 0.635001 -0.762001 0.127000
vn 0.866924 -0.497306 0.033602
vn 0.718190 0.692990 -0.062999
vn 0.735683 -0.580802 0.348481
vn -0.816497 -0.408248 -0.408248
vn 0.609785 -0.696898 0.377486
vn 0.828517 -0.552345 0.092057
vn 0.790354 -0.022264 0.612246
vn 0.816497 -0.408248 0.408248
vn 0.811754 0.025367 0.583448
vn 0.551380 -0.701757 0.451129
vn 0.000000 0.707107 -0.707107
vn 0.426401 -0.639602 -0.639602
vn -0.000000 -0.707107 -0.707107
vn 0.154303 0.617213 -0.771517
vn 0.390567 0.650944 -0.650945
vn -0.507673 -0.609208 -0.609208
vn 0.588348 -0.784465 0.196116
vn -0.000000 -0.707107 -0.707107
vn 0.000000 0.707107 -0.707107
vn 0.073324 0.806559 0.586588
vn 0.229416 -0.688247 0.688247
vn -0.301511 -0.301511 -0.904534
vn -0.000000 -0.707107 0.707107
vn -0.507673 -0.609208 -0.609208
vn 0.390567 0.650944 -0.650945
vn 0.654931 0.453413 0.604551
vn 0.492366 -0.615458 0.615457
vn 0.140028 0.700140 0.700140
vn 0.408248 -0.408248 0.816497
vn 0.229416 -0.688247 0.688247
vn 0.636364 0.545454 0.545455
vn -0.000000 -0.707107 0.707107
vn -0.871995 -0.333882 -0.357977
vn -0.796039 0.473434 -0.377071
vn -0.908381 0.347183 -0.233040
vn -0.191018 0.071632 0.978969
vn -0.795107 -0.331294 0.507985
vn -0.419537 0.684509 0.596185
vn -0.045478 0.204651 0.977778
vn 0.755578 -0.534163 -0.379173
vn 0.360831 -0.872008 -0.330762
vn 0.529453 -0.317672 -0.786616
vn 0.838886 -0.226499 -0.494943
vn 0.358313 -0.841752 0.403813
vn 0.792636 -0.470814 0.387379
vn 0.816775 -0.308865 0.487320
vn 0.079565 0.096443 0.992153
vn -0.342996 0.879947 0.328704
vn -0.462322 0.434721 0.772837
vn 0.445261 -0.626149 0.640063
vn 0.363102 -0.549081 0.752773
vn -0.011679 -0.763039 0.646247
vn 0.970142 -0.000000 0.242536
vn 1.000000 -0.000000 0.000000
vn -0.847998 -0.423999 -0.317999
vn 0.292314 0.109618 -0.950019
vn -0.754997 -0.577350 -0.310881
vn 0.285033 0.950109 -0.126681
vn 0.970142 -0.000000 0.242536
vn 1.000000 -0.000000 0.000000
vn 0.963087 0.240772 0.120386
vn 0.301511 0.904534 -0.301511
vn 0.664624 -0.717095 0.209881
vn 0.807582 -0.507995 0.299587
vn -0.276686 0.484200 -0.830057
vn -0.000000 -1.000000 0.000000
vn 1.000000 -0.000000 0.000000
vn 0.963087 0.240772 0.120386
vn 0.963087 0.240772 -0.120386
vn 0.638677 0.752726 -0.159669
vn -0.492068 0.639688 -0.590481
vn 0.932007 -0.324176 -0.162088
vn 0.948683 -0.000000 0.316228
vn 1.000000 -0.000000 -0.000000
vn 0.176446 -0.952809 0.247025
vn 0.668965 -0.445977 0.594635
vn 0.948683 -0.000000 0.316228
vn 1.000000 -0.000000 -0.000000
vn 0.668965 -0.445977 0.594635
vn 0.824163 -0.549442 0.137361
vn 0.634256 -0.755067 0.166115
vn 0.921057 0.388890 -0.020468
vn 0.963087 0.240772 -0.120386
vn 0.925722 0.349717 -0.144001
vn 0.745356 0.596285 -0.298142
vn 0.811297 0.561667 -0.162259
vn 0.927589 0.340116 -0.154598
vn 0.757873 0.648300 -0.073048
vn 0.894427 -0.000000 0.447214
vn -0.667424 0.572078 -0.476731
vn 0.162221 -0.973329 -0.162221
vn -0.693103 -0.693103 -0.198030
vn 0.768221 -0.000000 0.640184
vn 0.548822 0.768350 -0.329293
vn 0.784465 0.196116 0.588348
vn 0.771686 -0.171486 0.612449
vn -0.451138 0.694059 -0.561031
vn -0.153213 0.122570 -0.980562
vn 0.736946 0.631668 -0.240636
vn 0.525163 -0.016284 -0.850846
vn 0.970547 -0.118388 -0.209816
vn 0.190117 0.961316 0.199316
vn -0.412065 0.906542 0.091570
vn -0.043243 -0.720713 -0.691884
vn 0.084482 0.732177 0.675855
vn -0.447214 0.894427 0.000000
vn -0.708806 -0.679875 0.188051
vn -0.064282 0.964237 0.257130
vn -0.093856 0.994878 -0.037543
vn 0.302967 0.889966 0.340838
vn -0.665536 0.594228 0.451614
vn 0.127495 0.713970 0.688471
vn -0.367607 0.294086 0.882258
vn 0.970142 -0.000000 0.242536
vn -0.847998 -0.423999 -0.317999
vn 0.423999 0.847998 -0.317999
vn -0.489372 0.689570 -0.533861
vn 0.954480 -0.000000 0.298275
vn 0.272477 -0.938533 0.211927
vn 0.961524 -0.000000 0.274721
vn 0.374766 -0.899438 0.224860
vn -0.707107 -0.707107 0.000000
vn 0.487769 0.792624 -0.365827
vn -0.851943 -0.340777 -0.397573
vn -0.331042 0.744845 -0.579324
vn 0.876802 -0.468354 0.108919
vn 0.688247 -0.688247 0.229416
vn 0.754732 -0.553470 0.352208
vn -0.855186 -0.366508 -0.366508
vn 0.599760 0.779688 -0.179928
vn 0.777394 0.422014 0.466436
vn 0.942965 0.068579 0.325752
vn -0.485071 0.727607 -0.485071
vn 0.895386 -0.370505 0.247003
vn 0.639602 0.767522 0.042640
vn 0.844088 0.364493 0.393268
vn 0.730096 -0.597351 0.331862
vn 0.934947 0.112193 0.336581
vn 0.635552 -0.662034 0.397220
vn 0.816497 -0.408248 0.408248
vn 0.408248 -0.408248 0.816497
vn -0.316228 0.000000 -0.948683
vn 0.836338 0.146726 0.528214
vn 0.894427 -0.000000 0.447214
vn -0.316228 0.000000 -0.948683
vn 0.804903 0.049280 0.591357
vn 0.481543 -0.240772 0.842701
vn 0.799556 0.199889 0.566352
vn 0.408248 -0.408248 0.816497
vn 0.616316 -0.352180 0.704361
vn 0.577350 -0.577350 0.577350
vn 0.698535 0.543305 0.465690
vn 0.803796 0.080379 0.589450
vn 0.767765 -0.615869 -0.176752
vn 0.307623 -0.947421 -0.088099
vn 0.199491 0.935028 -0.293130
vn -0.373849 0.918697 -0.127411
vn 0.536240 -0.677138 0.503916
vn 0.702620 -0.624962 0.340216
vn -0.707107 0.707107 0.000000
vn -0.646997 0.539164 0.539164
vn 0.787726 -0.501281 0.358057
vn -0.855186 0.366508 0.366508
vn 0.447065 -0.851143 0.275117
vn -0.646997 0.539164 0.539164
vn -0.855186 0.366508 0.366508
vn -0.205980 0.017165 0.978406
vn -0.623548 -0.666551 -0.408531
vn 0.058321 0.991460 -0.116642
vn -0.485071 0.727607 -0.485071
vn 0.301511 -0.904534 0.301512
vn 0.970142 -0.000000 0.242536
vn 0.928414 0.290129 0.232104
vn 0.971666 0.224230 -0.074744
vn 0.921057 0.388890 -0.020468
vn 0.732469 0.668776 -0.127386
vn 0.894427 -0.000000 0.447214
vn 0.949961 -0.308737 0.047498
vn 0.688247 -0.688247 0.229416
vn 0.862985 -0.496870 0.091529
vn 0.702247 -0.702247 0.117041
vn 0.920817 0.352653 -0.166531
vn -0.697877 -0.697876 -0.161049
vn 0.857493 -0.000000 0.514496
vn 0.408248 0.816497 -0.408248
vn 0.789352 -0.000000 0.613941
vn -0.707107 0.000000 -0.707107
vn -0.363696 0.581914 -0.727393
vn 0.688247 -0.688247 0.229416
vn 0.485071 -0.485071 0.727607
vn -0.858116 -0.190692 -0.476731
vn -0.707107 -0.707107 0.000000
vn 0.912871 0.365148 -0.182574
vn 0.730242 0.660695 -0.173867
vn 0.970495 0.107833 0.215666
vn -0.408944 0.701047 -0.584206
vn 0.744378 -0.572598 0.343559
vn 0.971473 0.083269 0.222051
vn 0.442326 -0.884652 0.147442
vn 0.807280 -0.242184 0.538187
vn -0.937042 -0.156174 -0.312348
vn 0.914341 -0.326550 0.239470
vn 0.426402 0.639602 -0.639602
vn 0.685994 0.514496 0.514496
vn -0.000000 -0.707107 0.707107
vn -0.426402 -0.639602 -0.639602
vn 0.000000 0.707107 -0.707107
vn 0.554700 -0.832050 0.000000
vn 0.000000 0.707107 0.707107
vn 0.280445 0.957343 0.069607
vn -0.377118 0.924546 0.054743
vn -0.330991 0.943200 -0.028620
vn 0.804067 -0.592915 0.043920
vn 0.310827 -0.936720 0.161065
vn 0.179213 -0.796502 -0.577466
vn 0.229484 -0.469896 -0.852370
vn 0.792636 -0.470814 0.387379
vn 0.363027 -0.836541 0.410379
vn 0.807262 -0.558243 0.191554
vn 0.362723 -0.890687 0.274058
vn -0.321651 0.142645 -0.936052
vn -0.430560 0.580756 -0.690899
vn -0.244242 -0.110490 -0.963399
vn -0.279971 0.621603 0.731591
vn 0.193934 -0.343854 0.918779
vn 0.386294 -0.804779 0.450676
vn 0.653408 -0.542190 0.528288
vn -0.225992 -0.067798 0.971767
vn 0.945732 0.078811 0.315244
vn 1.000000 -0.000000 0.000000
vn 0.928414 0.290129 0.232104
vn 0.458643 0.888621 0.000000
vn 0.956730 0.047836 0.287019
vn 0.445435 -0.089087 -0.890871
vn 1.000000 -0.000000 0.000000
vn -0.883541 -0.240966 -0.401610
vn 0.942809 0.235702 0.235702
vn -0.668989 -0.639903 -0.378124
vn 0.629753 0.750344 0.200985
vn 0.859455 0.499038 0.110897
vn -0.647660 0.440409 -0.621753
vn 0.313363 -0.940089 0.134298
vn 1.000000 -0.000000 0.000000
vn 0.928414 0.290129 0.232104
vn 0.964210 0.251533 -0.083844
vn 0.948683 0.316228 0.000000
vn 0.895669 -0.235702 0.377124
vn 0.923356 -0.373739 0.087939
vn -0.970988 -0.186728 -0.149383
vn 0.894427 0.447213 0.000000
vn 0.844216 0.521427 -0.124149
vn 0.975550 0.216789 -0.036132
vn 0.921057 0.388890 -0.020468
vn 0.926004 0.351243 -0.138368
vn 0.964560 -0.253401 0.073568
vn -0.707107 -0.707107 -0.000000
vn 0.408248 0.816497 -0.408248
vn 0.948683 -0.000000 0.316228
vn 0.950893 -0.276842 0.138421
vn 0.959264 0.068519 0.274075
vn -0.502519 0.502519 -0.703526
vn 0.688247 -0.688247 0.229416
vn 0.768350 -0.548821 0.329293
vn 0.485071 -0.485071 0.727607
vn 0.948683 -0.000000 0.316228
vn 0.457496 0.762493 -0.457496
vn 0.904534 0.301511 0.301511
vn -0.937042 -0.156174 -0.312348
vn 0.976772 -0.126035 0.173298
vn -0.408248 0.408248 -0.816497
vn -0.801784 -0.267261 -0.534523
vn -0.457496 0.457496 -0.762493
vn -0.707107 -0.707107 0.000000
vn 0.891148 0.399480 -0.215105
vn 0.911898 0.344112 0.223673
vn 0.417585 -0.835170 0.357930
vn -0.937042 -0.156174 -0.312348
vn -0.801784 -0.267261 -0.534523
vn 0.816497 -0.408248 0.408248
vn 0.972306 0.129641 0.194461
vn -0.755263 -0.419590 -0.503509
vn 0.980196 -0.140028 0.140028
vn 0.727607 -0.485071 0.485071
vn 0.929241 0.172081 0.326955
vn 1.000000 -0.000000 -0.000000
vn -0.408248 0.408248 -0.816497
vn 0.945905 0.166924 0.278207
vn 0.982138 -0.051692 0.180920
vn 0.816497 -0.408248 0.408248
vn 0.882257 -0.294086 0.367607
vn 0.848376 -0.145436 0.509026
vn 0.896871 -0.000000 0.442293
vn -0.697846 -0.653004 -0.294272
vn -0.904534 -0.301511 -0.301511
vn -0.881883 0.247753 -0.401124
vn 0.234427 -0.107354 -0.966188
vn 0.500324 -0.841503 0.203836
vn 0.806498 -0.551055 0.214242
vn 0.541707 -0.824459 -0.163772
vn 0.817299 -0.544866 -0.187466
vn 0.970142 -0.000000 0.242536
vn -0.485071 -0.727607 -0.485071
vn 0.960958 0.034320 0.274559
vn 0.146451 0.988540 -0.036613
vn -0.824475 -0.274825 -0.494685
vn 0.635999 0.741998 0.212000
vn 0.808290 0.577350 0.115470
vn 0.771517 -0.617213 -0.154303
vn 0.912871 0.365148 0.182574
vn 0.857143 -0.285714 0.428571
vn 0.948683 -0.316228 0.000000
vn -0.804334 -0.042333 -0.592667
vn -0.872872 -0.218218 -0.436436
vn 0.949118 0.127114 0.288125
vn 0.664624 -0.717095 0.209881
vn 0.881104 -0.092748 0.463739
vn 0.937042 -0.312348 0.156174
vn -0.558216 0.478471 -0.677834
vn 0.707107 -0.707107 0.000000
vn -0.875113 -0.079556 -0.477334
vn 0.950793 0.050935 0.305612
vn 0.912871 0.182574 0.365148
vn 0.563326 -0.751101 0.344255
vn 0.948683 -0.000000 0.316228
vn 0.975309 -0.197531 0.098765
vn 0.972806 0.185296 0.138972
vn 0.948683 -0.316228 0.000000
vn 1.000000 -0.000000 -0.000000
vn 0.970142 -0.000000 0.242536
vn 0.986667 0.162192 -0.013516
vn 0.929206 0.335547 0.154868
vn -0.970988 -0.186728 -0.149383
vn 0.866449 0.487377 0.108306
vn 0.707107 0.707107 0.000000
vn -0.900682 -0.344378 -0.264906
vn -0.970988 -0.186728 -0.149383
vn 0.970142 -0.000000 0.242536
vn 0.994319 -0.095201 0.047600
vn -0.928414 -0.290129 -0.232104
vn 0.983135 0.057831 0.173495
vn 0.844061 0.522514 -0.120580
vn 0.988851 0.047088 0.141264
vn 0.965098 0.237319 -0.110749
vn 0.485071 -0.485071 0.727607
vn 0.894427 -0.000000 0.447214
vn -0.707107 0.000000 -0.707107
vn -0.408248 0.408248 -0.816497
vn 0.984073 -0.151396 0.093167
vn 0.983078 0.081923 0.163847
vn 0.988871 0.021040 0.147279
vn -0.485071 0.485071 -0.727607
vn -0.816497 -0.408248 -0.408248
vn 0.963609 0.225525 -0.143516
vn 0.917556 0.367022 0.152926
vn -0.408248 0.408248 -0.816497
vn 0.882257 -0.294086 0.367607
vn 0.899027 0.211536 0.383409
vn 0.408248 -0.408248 0.816497
vn -0.316228 0.000000 -0.948683
vn 0.577350 0.577350 0.577350
vn -0.537466 0.780740 -0.318708
vn -0.010922 0.993957 0.109226
vn -0.889481 0.454409 -0.048341
vn -0.640029 -0.712145 -0.288464
vn -0.727354 -0.618794 0.296732
vn 0.179213 -0.796502 -0.577466
vn 0.392536 -0.836916 0.381427
vn 0.765576 -0.568714 0.300762
vn 0.182340 -0.455849 -0.871179
vn 0.238225 0.933842 -0.266812
vn -0.272421 0.892755 -0.358853
vn -0.408903 0.686336 0.601450
vn -0.468293 0.749269 -0.468293
vn -0.043243 -0.720713 -0.691884
vn -0.218204 0.631884 0.743714
vn -0.061008 0.208444 -0.976130
vn -0.800181 -0.595879 -0.068101
vn -0.273004 0.312004 0.910012
vn 0.865036 0.328857 0.378900
vn 0.552780 0.796799 0.244020
vn 0.970142 -0.000000 0.242536
vn -0.485071 -0.727607 -0.485071
vn 0.000000 1.000000 0.000000
vn 0.664624 -0.717095 0.209881
vn 0.813733 -0.464991 0.348743
vn 0.937042 -0.312348 0.156174
vn -0.855186 0.366508 0.366508
vn 0.000000 -0.000000 1.000000
vn 0.771517 -0.617213 -0.154303
vn 0.617213 -0.771517 0.154303
vn -0.849714 -0.246691 -0.465972
vn 0.956522 0.130435 0.260870
vn -0.802369 0.382081 -0.458496
vn 0.688247 -0.688247 0.229416
vn 0.707107 -0.707107 0.000000
vn -0.777593 -0.029907 -0.628056
vn 0.958315 0.127775 0.255551
vn 0.470940 -0.833202 0.289809
vn 0.857143 -0.285714 0.428571
vn 0.948683 -0.316228 0.000000
vn 0.596285 0.745356 0.298142
vn 0.892664 0.403139 0.201569
vn 0.408248 0.816497 0.408248
vn 0.801784 -0.267261 0.534523
vn 0.938910 0.259009 0.226633
vn 0.857143 -0.428572 0.285714
vn 0.707107 0.707107 0.000000
vn -0.814613 -0.543075 -0.203653
vn 0.959366 -0.000000 0.282166
vn -0.904534 -0.301511 -0.301511
vn 0.940721 0.282216 0.188144
vn 0.844441 0.519656 -0.129914
vn 0.945732 -0.315244 0.078811
vn 0.844216 0.521427 -0.124149
vn 0.984268 -0.144745 0.101322
vn -0.707107 -0.707107 0.000000
vn 0.457496 0.762493 -0.457496
vn 0.904534 0.301511 0.301511
vn -0.485071 0.485071 -0.727607
vn 0.937042 0.156174 0.312348
vn -0.816497 -0.408248 -0.408248
vn 0.917329 -0.096561 0.386244
vn 0.882257 -0.294086 0.367607
vn 0.953463 0.171623 0.247900
vn 0.417585 -0.835170 0.357930
vn 0.911206 0.236238 0.337484
vn 0.010203 0.994730 -0.102023
vn -0.901728 0.308727 -0.302614
vn -0.493597 0.306830 0.813768
vn -0.228199 0.085575 0.969846
vn -0.743452 -0.483072 0.462516
vn -0.029075 -0.715697 -0.697805
vn 0.022571 -0.253488 -0.967075
vn 0.460659 -0.755563 -0.465744
vn 0.759878 -0.500942 -0.414298
vn 0.518292 -0.612079 0.597271
vn 0.188237 -0.439219 0.878438
vn 0.633497 -0.543912 0.550311
vn 0.470129 -0.526545 0.708328
vn 0.027151 -0.742119 0.669718
vn 0.632979 -0.575435 0.517892
vn -0.800181 -0.595879 -0.068101
vn -0.720152 -0.677790 0.148266
vn 0.698535 0.543305 0.465690
vn 0.304287 0.849905 0.430199
vn -0.948683 -0.316228 0.000000
vn -0.240772 0.120386 0.963087
vn 0.963087 0.120386 0.240772
vn -0.787726 0.358058 -0.501280
vn 0.444444 -0.888889 0.111111
vn 0.505076 0.808122 0.303046
vn 0.816497 0.408248 0.408248
vn -0.707107 0.000000 -0.707107
vn 0.771517 -0.617213 -0.154303
vn 0.857143 -0.285714 0.428571
vn 0.617213 -0.771517 0.154303
vn 0.635999 0.741998 0.212000
vn 0.316228 0.948683 0.000000
vn -0.639602 -0.639602 -0.426402
vn 0.919145 -0.000000 0.393919
vn -0.850569 -0.425284 -0.309298
vn 0.920602 0.216612 0.324918
vn 0.600000 0.800000 0.000000
vn -0.514496 0.514496 -0.685994
vn -0.864242 -0.392837 -0.314270
vn 0.971825 0.057166 0.228665
vn 0.390360 -0.780720 0.487950
vn 0.894427 0.447213 0.000000
vn -0.408248 0.408248 -0.816497
vn -0.801784 -0.267261 -0.534523
vn -0.914822 -0.371901 -0.157447
vn -0.877508 0.204684 -0.433687
vn -0.052206 0.188313 0.980721
vn -0.137361 0.824163 0.549442
vn 0.139115 0.284554 0.948513
vn 0.457317 0.634008 0.623614
vn -0.685711 -0.644773 -0.337738
vn 0.016244 -0.022491 -0.999615
vn 0.327631 0.944571 0.021076
vn -0.300726 0.946094 -0.120291
vn 0.489729 -0.860012 -0.143335
vn 0.311109 -0.634417 -0.707620
vn 0.349430 -0.804303 -0.480620
vn 0.734610 -0.652628 -0.185540
vn -0.768156 0.576117 0.279330
vn 0.285570 0.951901 -0.111055
vn -0.328962 0.900126 0.285582
vn -0.571820 0.751839 -0.328268
vn 0.538972 -0.841322 -0.041080
vn 0.742565 -0.643870 0.184466
vn 0.421673 -0.715338 0.557211
vn 0.661147 -0.538143 0.522768
vn 0.483280 -0.515665 0.707482
vn 0.229416 0.688247 0.688247
vn 0.553874 0.489965 0.673170
vn -0.182574 0.365148 0.912871
vn 0.937042 -0.312348 0.156174
vn 0.924708 0.202145 0.322572
vn -0.986394 0.164399 0.000000
vn 0.066372 0.066372 0.995585
vn 0.617213 -0.771517 0.154303
vn -0.763370 -0.254457 -0.593732
vn 0.655386 0.737309 0.163846
vn 0.505076 0.808122 0.303046
vn 0.688247 -0.229416 0.688247
vn 0.688247 -0.688247 0.229416
vn 0.707107 -0.707107 0.000000
vn 0.894427 -0.000000 0.447214
vn -0.696526 -0.597022 -0.398015
vn 0.894427 -0.000000 0.447214
vn 0.000000 1.000000 0.000000
vn -0.768203 -0.592107 -0.243461
vn -0.129914 0.844441 0.519656
vn -0.251953 0.794620 -0.552358
vn 0.456792 0.662349 0.593830
vn 0.443518 0.804903 -0.394238
vn -0.013136 -0.022332 0.999664
vn 0.810140 -0.317012 0.493129
vn 0.589642 -0.606912 0.532898
vn 0.639602 0.426401 0.639602
vn -0.996546 -0.083045 0.000000
vn -0.884652 -0.442326 -0.147442
vn -0.996546 -0.083045 0.000000
vn -0.194272 0.229595 0.953700
vn -0.279080 0.102819 0.954747
vn 0.748042 -0.411228 0.520888
vn -0.323613 0.107871 0.940020
vn 0.588348 0.784465 0.196116
vn 0.688247 -0.688247 0.229416
vn -0.707107 0.000000 -0.707107
vn 0.894427 -0.000000 0.447214
vn 0.000000 1.000000 0.000000
vn -0.577350 -0.577350 -0.577350
vn -0.267261 0.801784 -0.534522
vn -0.063907 0.044735 -0.996953
vn 0.452362 0.779603 -0.433113
vn 0.811513 -0.361686 -0.458945
vn 0.555443 -0.267175 -0.787464
vn 0.308836 -0.905489 0.291050
vn 0.228356 -0.367253 0.901653
vn 0.238627 0.947488 -0.212893
vn -0.188844 0.917246 -0.350711
vn -0.175160 0.963379 -0.203026
vn 0.027706 0.960455 -0.277054
vn -0.881532 0.262525 -0.392406
vn 0.300774 -0.950692 -0.075633
vn 0.283327 -0.452445 -0.845588
vn 0.172981 0.941786 0.288301
vn -0.135051 -0.071974 0.988221
vn 0.761654 0.535978 0.364158
vn -0.276565 0.761909 0.585667
vn 0.328153 -0.925503 0.189105
vn -0.081562 -0.682156 -0.726644
vn 0.258402 -0.447383 -0.856199
vn -0.317999 0.847998 0.423999
vn -0.957367 -0.211184 -0.197105
vn -0.332877 0.702740 0.628768
vn -0.301511 0.301511 0.904534
vn 0.036986 0.628768 0.776713
vn -0.942809 -0.235702 -0.235702
vn -0.937043 -0.312347 -0.156174
vn -0.826183 0.521201 0.213943
vn -0.710865 0.611675 0.347167
vn -0.982611 0.014241 -0.185130
vn -0.738064 0.553548 -0.385806
vn 0.026818 0.704934 0.708766
vn 0.473842 0.579140 0.663379
vn -0.157288 0.425260 0.891299
vn 0.770041 0.182885 0.611220
vn -0.150649 0.301297 0.941554
vn 0.861371 -0.047415 0.505759
vn -0.336861 0.168430 0.926367
vn 0.356103 0.929257 -0.098352
vn -0.283802 0.931552 -0.227304
vn -0.380776 -0.900405 -0.210429
vn 0.306226 -0.947432 -0.092730
vn 0.353540 0.694675 -0.626448
vn -0.665724 0.641948 -0.380414
vn -0.382421 0.016102 -0.923848
vn 0.835946 -0.468837 0.285283
vn 0.810140 -0.317012 0.493129
vn 0.154018 0.933885 0.322704
vn 0.709114 0.628173 0.320245
vn 0.043727 0.918266 0.393542
vn 0.468032 0.738050 -0.486033
vn -0.026769 0.896768 -0.441691
vn 0.196414 0.963657 0.181069
vn 0.748461 0.624543 0.223051
vn -0.354914 0.912636 0.202808
vn -0.962250 -0.192450 -0.192450
vn -0.510937 0.859304 -0.023224
vn -0.904534 -0.301511 -0.301511
vn -0.962893 -0.200603 -0.180543
vn -0.440647 -0.748710 -0.495241
vn -0.954378 -0.221948 -0.199754
vn -0.487780 -0.650373 -0.582311
vn -0.946895 -0.205847 -0.247016
vn 0.036986 0.628768 0.776713
vn 0.242536 -0.000000 0.970142
vn 0.566982 0.300167 0.767093
vn -0.926367 -0.336861 -0.168430
vn 0.420764 -0.735252 -0.531377
vn 0.751628 -0.508356 -0.420274
vn -0.710865 0.611675 0.347167
vn -0.735556 0.643612 -0.211473
vn -0.974953 0.037789 -0.219176
vn -0.791203 0.477935 0.381545
vn -0.589780 0.578216 0.563761
vn 0.724090 -0.346106 0.596577
vn 0.532756 -0.472216 0.702270
vn -0.763715 -0.642319 -0.064539
vn -0.730386 -0.674202 -0.109486
vn -0.956597 0.122119 -0.264591
vn -0.983282 0.145671 0.109254
vn -0.844939 -0.466173 0.262222
vn -0.952579 0.272166 -0.136083
vn -0.770611 -0.593972 0.230989
vn -0.245745 0.499964 0.830449
vn 0.019905 0.294587 0.955417
vn 0.751668 -0.508481 -0.420050
vn 0.449689 -0.256965 -0.855423
vn 0.178782 0.945815 0.271057
vn 0.778641 0.569836 0.262690
vn 0.308041 0.378633 -0.872782
vn -0.024283 -0.150552 -0.988304
vn 0.608052 0.790221 -0.076314
vn -0.026769 0.896768 -0.441691
vn -0.568947 -0.767736 -0.294756
vn 0.447139 0.850242 -0.277768
vn -0.946895 -0.205847 -0.247016
vn -0.516333 -0.500070 -0.695220
vn -0.946895 -0.205847 -0.247016
vn 0.617799 0.114407 0.777969
vn -0.878144 -0.229081 -0.419982
vn -0.816497 -0.408248 -0.408248
vn -0.958765 0.030277 -0.282583
vn -0.459018 0.799325 -0.387791
vn -0.930039 0.028183 0.366379
vn -0.801784 -0.534522 -0.267261
vn -0.846499 -0.451466 0.282166
vn -0.883541 -0.240966 0.401610
vn -0.927478 0.324617 0.185496
vn -0.667424 0.476731 0.572078
vn -0.902027 0.429537 -0.042954
vn -0.512632 0.300509 0.804303
vn -0.609604 -0.314634 0.727591
vn 0.824898 -0.522823 -0.214938
vn 0.854832 -0.508829 0.101766
vn -0.379489 -0.921616 -0.081319
vn 0.549442 0.824163 -0.137361
vn -0.422428 -0.612022 -0.668568
vn 0.353540 0.694675 -0.626448
vn -0.807252 0.456273 -0.374378
vn -0.665724 0.641948 -0.380414
vn 0.878776 -0.477234 0.000000
vn -0.448926 0.845036 -0.290481
vn -0.916246 -0.296432 -0.269484
vn -0.594162 -0.064427 -0.801761
vn -0.591495 -0.387531 -0.707074
vn -0.768386 -0.551803 -0.324185
vn -0.821479 0.551434 0.145234
vn -0.779579 0.533396 -0.328244
vn -0.922835 -0.378599 -0.070987
vn -0.771094 0.625815 0.117340
vn -0.941556 0.038907 -0.334603
vn 0.597214 -0.586485 0.547148
vn 0.633497 -0.543912 0.550311
vn 0.759387 -0.579532 0.295761
vn -0.388239 -0.899236 -0.201605
vn 0.432793 -0.898020 -0.079058
vn -0.089163 0.952931 -0.289780
vn -0.106390 0.986768 0.122349
vn -0.948219 0.177731 -0.263234
vn -0.252429 0.962034 -0.103776
vn -0.683813 -0.705951 -0.184482
vn -0.973441 0.196983 -0.116660
vn -0.918266 0.043727 0.393543
vn -0.575230 0.514679 0.635780
vn 0.892115 -0.382335 0.240729
vn 0.791327 -0.339140 0.508710
vn 0.615229 -0.681328 0.396594
vn 0.776687 -0.534578 0.333143
vn 0.157663 -0.465482 -0.870901
vn 0.298890 0.326565 -0.896672
vn 0.735028 0.586298 0.340570
vn 0.043727 0.918266 0.393542
vn -0.975537 -0.121942 -0.182913
vn -0.596827 -0.767348 0.234467
vn -0.631965 -0.750089 -0.194905
vn 0.932788 0.292474 0.210630
vn -0.360738 0.827881 0.429512
vn -0.912871 0.182574 -0.365148
vn 0.483086 -0.362315 0.797092
vn -0.933060 -0.353919 -0.064349
vn 0.577350 -0.115470 0.808290
vn -0.861640 -0.123091 -0.492366
vn -0.402553 0.513033 0.758121
vn -0.299614 0.368276 0.880116
vn 0.567880 0.421330 0.707102
vn 0.308932 0.150788 0.939055
vn 0.717232 -0.171300 0.675451
vn 0.248530 0.960533 -0.124937
vn -0.165759 0.953899 -0.250203
vn -0.770690 -0.619360 -0.149770
vn -0.929166 0.341551 0.141395
vn -0.930949 0.071611 0.358057
vn -0.912421 -0.210559 0.350931
vn -0.577350 0.577350 0.577350
vn -0.883541 -0.240966 0.401610
vn -0.912421 -0.210559 0.350931
vn -0.777482 -0.604708 -0.172774
vn -0.883541 -0.240966 0.401610
vn 0.167183 0.345765 0.923307
vn 0.465406 0.601149 0.649629
vn -0.681196 -0.650694 -0.335514
vn -0.776312 -0.615281 0.136997
vn 0.832710 -0.485419 -0.266388
vn 0.640184 -0.768221 0.000000
vn 0.242399 0.962097 0.124948
vn 0.819121 0.538411 0.197877
vn -0.379489 -0.921616 -0.081319
vn 0.649642 0.751547 -0.114643
vn -0.409995 -0.907846 -0.087856
vn 0.836874 -0.486854 0.250231
vn -0.957704 -0.159617 -0.239426
vn -0.299263 0.682530 -0.666779
vn -0.936632 -0.285062 -0.203616
vn -0.957704 -0.159617 -0.239426
vn -0.611901 -0.743776 0.269025
vn -0.901263 -0.360505 -0.240337
vn -0.807781 0.186411 0.559233
vn -0.644380 0.661796 0.383145
vn -0.301511 0.301511 0.904534
vn -0.912871 0.182574 -0.365148
vn -0.733362 0.401755 -0.548428
vn -0.594162 -0.064427 -0.801761
vn -0.883858 -0.187485 -0.428537
vn -0.962099 -0.020915 0.271898
vn 0.242536 -0.000000 0.970142
vn -0.894118 -0.341869 0.289273
vn 0.628695 0.188608 0.754434
vn -0.912858 0.187253 0.362803
vn -0.301511 0.301511 0.904534
vn 0.036986 0.628768 0.776713
vn 0.242536 -0.000000 0.970142
vn -0.753096 -0.417986 -0.508069
vn -0.898507 0.432709 0.073815
vn -0.409370 -0.895496 -0.174650
vn 0.319659 -0.946889 0.034921
vn 0.092881 0.993110 -0.071447
vn -0.176333 0.969833 -0.168318
vn -0.182112 0.974838 -0.128550
vn 0.010203 0.994730 -0.102023
vn -0.695303 -0.709954 -0.111888
vn -0.951859 0.306131 -0.015749
vn -0.912421 -0.210559 0.350931
vn 0.324443 -0.486664 0.811107
vn 0.000000 -0.000000 1.000000
vn -0.577350 0.577350 0.577350
vn -0.529813 -0.529813 0.662266
vn -0.912421 -0.210559 0.350931
vn 0.324443 -0.486664 0.811107
vn -0.707107 -0.707106 0.000000
vn -0.762001 -0.635000 -0.127000
vn 0.178279 -0.102415 0.978636
vn -0.811385 -0.559105 0.170459
vn -0.880831 -0.411054 0.234888
vn -0.242214 0.312860 -0.918396
vn -0.707107 0.707107 0.000000
vn -0.160003 0.662868 0.731441
vn -0.141422 0.989949 0.000000
vn -0.707107 0.707107 0.000000
vn -0.272796 0.545592 0.792409
vn -0.141422 0.989949 0.000000
vn 0.872776 -0.482672 0.072731
vn 0.680138 -0.699948 0.217908
vn 0.649642 0.751547 -0.114643
vn -0.665724 0.641948 -0.380414
vn -0.000000 -0.447214 -0.894427
vn -0.912871 0.182574 -0.365148
vn -0.734774 0.404807 -0.544278
vn -0.924500 -0.369800 -0.092450
vn 0.928658 0.333182 0.163047
vn -0.162965 0.582915 0.796023
vn 0.218425 -0.388903 0.895011
vn -0.952033 -0.043274 0.302920
vn -0.912871 -0.365148 0.182574
vn 0.728780 -0.045549 0.683231
vn -0.958778 0.116608 0.259129
vn 0.120386 0.240772 0.963087
vn 0.717496 -0.143499 0.681621
vn 0.222177 0.932914 -0.283388
vn 0.064150 0.705650 -0.705650
vn -0.791899 -0.503441 -0.345605
vn -0.914326 0.014989 -0.404702
vn 0.651572 0.192042 0.733876
vn 0.000000 -0.000000 1.000000
vn -0.529813 -0.529813 0.662266
vn -0.951357 0.294468 0.090605
vn -0.904534 -0.301511 -0.301511
vn 0.324443 -0.486664 0.811107
vn -0.965749 -0.252580 0.059431
vn -0.707107 -0.707106 0.000000
vn -0.529813 -0.529813 0.662266
vn -0.880831 -0.411054 0.234888
vn -0.990652 0.085218 -0.106522
vn -0.224196 0.759774 0.610311
vn -0.731700 -0.632033 -0.255244
vn 0.017583 -0.024346 -0.999549
vn 0.000000 -0.000000 -1.000000
vn 0.632055 0.665675 -0.396715
vn 0.674085 -0.596678 -0.435414
vn 0.505471 -0.378139 -0.775571
vn -0.940721 -0.188144 -0.282216
vn -0.911685 -0.341882 -0.227921
vn -0.279448 0.605470 -0.745194
vn -0.285535 0.230271 -0.930293
vn -0.711048 -0.555506 0.431073
vn -0.916592 -0.290254 -0.274977
vn 0.947591 0.247343 0.202220
vn -0.440741 0.881483 0.169516
vn -0.290021 0.676716 -0.676716
vn 0.824702 -0.443071 -0.351503
vn -0.488610 0.769030 0.412132
vn -0.952579 -0.272166 -0.136083
vn 0.478467 -0.358851 0.801433
vn 0.196116 -0.784465 0.588348
vn -0.924500 -0.369800 -0.092450
vn -0.853766 -0.465690 -0.232845
vn -0.816497 -0.408248 0.408248
vn 0.624484 -0.026020 0.780604
vn 0.977207 -0.034901 0.209402
vn 0.871075 0.093329 0.482202
vn 0.977207 -0.034901 0.209402
vn 0.811500 -0.261331 0.522661
vn -0.231950 0.914549 0.331359
vn -0.846727 0.502042 0.176089
vn -0.336155 0.624289 0.705169
vn -0.824348 0.421542 0.377826
vn -0.381578 0.413376 0.826752
vn -0.745356 0.298142 0.596285
vn -0.718553 0.374897 0.585777
vn -0.311497 0.338008 0.888099
vn -0.283497 0.958960 0.004930
vn -0.954207 0.273325 -0.121586
vn -0.252429 0.962034 -0.103776
vn -0.279891 0.769702 0.573777
vn -0.835804 -0.511462 -0.199595
vn -0.965749 -0.252580 0.059431
vn -0.880831 -0.411054 0.234888
vn -0.213619 0.312213 -0.925684
vn 0.500126 0.607629 0.616977
vn 0.537450 0.716600 -0.444558
vn 0.319826 0.946308 0.047033
vn 0.874418 0.478197 0.081977
vn -0.379489 -0.921616 -0.081319
vn 0.525786 0.233682 -0.817889
vn -0.409995 -0.907846 -0.087856
vn -0.807252 0.456273 -0.374378
vn 0.727051 0.680144 -0.093813
vn 0.741890 -0.550435 0.382911
vn -0.000000 -0.447214 -0.894427
vn -0.103431 -0.107568 0.988803
vn 0.881498 0.194346 0.430338
vn -0.353305 0.914437 0.197435
vn -0.399233 0.813821 -0.422266
vn 0.024498 0.992167 -0.122490
vn -0.825653 0.492495 -0.275218
vn -0.952579 -0.272166 -0.136083
vn -0.904534 -0.301511 -0.301511
vn -0.736364 0.408281 -0.539514
vn -0.911322 -0.390567 -0.130189
vn 0.977207 -0.034901 0.209402
vn 0.164153 -0.328305 0.930199
vn -0.800000 -0.600000 0.000000
vn -0.957826 0.287348 0.000000
vn 0.920273 0.201310 0.335516
vn -0.817985 -0.311065 -0.483879
vn -0.908257 0.330275 -0.256881
vn -0.864242 -0.392837 0.314270
vn 0.721662 -0.030069 0.691592
vn -0.876342 0.259657 0.405714
vn 0.577350 -0.115470 0.808290
vn -0.706063 0.597438 0.380188
vn 0.160872 0.321745 0.933060
vn 0.106147 0.919942 -0.377413
vn -0.702354 -0.448311 -0.552917
vn -0.113592 0.851943 -0.511165
vn 0.804106 -0.536788 -0.255485
vn -0.242570 0.935629 0.256432
vn -0.803685 0.594028 0.034943
vn -0.710865 0.611675 0.347167
vn -0.530367 0.843147 -0.088394
vn 0.821678 -0.566623 0.061513
vn 0.726197 -0.286991 0.624720
vn 0.527790 -0.500193 0.686472
vn 0.632979 -0.575435 0.517892
vn -0.618338 -0.785627 -0.021176
vn 0.232202 -0.946884 0.222469
vn 0.150329 0.150329 0.977140
vn -0.150376 0.852133 0.501255
vn -0.753175 -0.413428 0.511668
vn -0.918630 -0.229658 -0.321521
vn 0.969030 -0.199201 -0.145942
vn -0.952579 -0.272166 -0.136083
vn -0.921401 -0.265789 -0.283508
vn 0.254772 -0.923548 0.286618
vn 0.145478 -0.290957 0.945611
vn 0.872782 0.320287 0.368330
vn 0.880587 -0.317012 0.352235
vn 0.164153 -0.328305 0.930199
vn 0.716713 -0.220527 0.661582
vn -0.293455 0.754600 0.586910
vn 0.838617 -0.285487 0.463916
vn 0.096674 0.870063 0.483368
vn -0.196116 0.980581 0.000000
vn 0.081191 0.981052 0.175913
vn -0.845394 0.406528 0.346473
vn 0.163846 0.081923 0.983078
vn -0.196116 0.980581 0.000000
vn -0.707107 0.707107 0.000000
vn -0.813886 -0.548776 -0.190879
vn -0.965749 -0.252580 0.059431
vn -0.007081 0.644337 0.764709
vn 0.000000 1.000000 0.000000
vn 0.375653 0.542609 0.751306
vn 0.353371 0.256997 -0.899490
vn -0.409995 -0.907846 -0.087856
vn 0.844653 -0.400099 0.355643
vn -0.154149 0.314226 -0.936750
vn -0.422428 -0.612022 -0.668568
vn -0.807252 0.456273 -0.374378
vn 0.849905 -0.430199 0.304287
vn 0.621439 -0.639610 0.452451
vn 0.803648 -0.436089 0.404939
vn -0.078259 -0.138459 0.987271
vn 0.910600 0.067038 0.407815
vn 0.597884 -0.587395 0.545438
vn -0.919423 -0.240464 -0.311189
vn -0.309024 0.132439 -0.941788
vn 0.964237 0.257130 0.064282
vn -0.233157 0.647660 -0.725379
vn 0.187300 -0.352124 -0.917021
vn 0.544274 0.731647 -0.410436
vn 0.987028 -0.044385 0.154289
vn 0.729688 0.633898 0.256377
vn -0.837834 0.491145 -0.238350
vn -0.918802 -0.253880 -0.302238
vn -0.706562 -0.667308 0.235521
vn 0.478467 -0.358851 0.801433
vn -0.813250 -0.520480 -0.260240
vn 0.583819 -0.159224 0.796117
vn 0.193247 -0.386494 0.901819
vn -0.813250 -0.520480 -0.260240
vn -0.758098 -0.530668 0.379049
vn 0.749269 -0.093659 0.655610
vn 0.397026 0.839291 -0.371431
vn 0.880587 -0.317012 0.352235
vn 0.160872 0.321745 0.933060
vn 0.795948 -0.311458 0.519096
vn -0.476245 0.816421 0.326568
vn -0.314312 0.932461 -0.178111
vn -0.254000 0.939801 0.228600
vn -0.923186 0.365289 -0.119549
vn -0.412742 0.794186 0.445996
vn -0.912815 0.370060 0.172695
vn -0.325299 0.845780 0.422890
vn -0.874728 0.453655 0.170434
vn -0.551807 0.819596 -0.154181
vn -0.325299 0.845780 0.422890
vn -0.810326 0.562540 0.164074
vn 0.156124 0.987108 -0.035254
vn -0.111892 0.959372 -0.259010
vn -0.657961 -0.751658 -0.045807
vn 0.126136 -0.989685 0.067920
vn -0.078251 0.958576 0.273879
vn -0.283497 0.958960 0.004930
vn -0.154902 0.985742 -0.065716
vn -0.938523 0.339612 -0.061956
vn -0.080358 0.956263 0.281254
vn -0.302291 0.921269 -0.244712
vn -0.923376 0.379433 0.058374
vn -0.010243 0.614617 0.788759
vn 0.136774 0.378758 0.915333
vn 0.561975 0.561975 0.606933
vn 0.344092 0.938818 -0.014868
vn 0.875998 0.470444 0.106346
vn 0.827837 -0.519326 -0.212101
vn 0.640184 -0.768221 0.000000
vn 0.845231 -0.517684 0.132617
vn 0.640184 -0.768221 0.000000
vn 0.691714 -0.691714 0.207514
vn -0.880104 -0.082510 0.467556
vn -0.756481 -0.405257 0.513326
vn -0.909380 -0.307790 -0.279809
vn 0.700140 0.700140 -0.140028
vn 0.977741 -0.076047 -0.195548
vn -0.925010 -0.222002 -0.308337
vn 0.293734 -0.951917 -0.087032
vn -0.307006 0.950971 0.037440
vn -0.436700 0.873402 0.215551
vn -0.219653 0.956133 -0.193809
vn -0.021152 0.994166 0.105762
vn 0.394746 -0.896306 0.202017
vn 0.931075 0.333295 0.148370
vn 0.223221 -0.378387 0.898329
vn 0.164153 -0.328305 0.930199
vn -0.260942 0.829425 0.493927
vn -0.946068 0.296806 -0.129852
vn 0.096674 0.870063 0.483368
vn -0.302024 0.913096 -0.273929
vn -0.862360 0.472907 0.180817
vn 0.300024 0.930072 0.212017
vn 0.300023 -0.930073 0.212017
vn 0.133202 0.266404 -0.954613
vn 0.832026 -0.439125 0.338973
vn 0.921865 0.051215 0.384111
vn 0.933256 -0.268514 0.238609
vn 0.975887 -0.034043 0.215603
vn 0.727553 0.601163 0.330559
vn -0.918324 -0.286976 -0.272628
vn -0.140943 -0.082217 -0.986598
vn -0.919287 0.069996 0.387314
vn -0.893261 -0.255217 -0.370065
vn -0.946601 0.225795 0.230137
vn -0.904213 -0.282566 -0.320242
vn -0.232729 0.698188 -0.677031
vn 0.123278 0.887604 -0.443803
vn -0.925383 0.378029 -0.027565
vn -0.918396 -0.214944 -0.332186
vn 0.177778 -0.422222 0.888889
vn 0.816497 0.408248 0.408248
vn 0.577350 -0.115470 0.808290
vn -0.647397 0.734021 0.205161
vn 0.447213 -0.000000 0.894427
vn 0.165295 0.760356 0.628121
vn 0.345033 0.897085 0.276026
vn -0.130189 0.911322 0.390568
vn 0.212597 0.690942 0.690943
vn 0.343947 0.902860 0.257960
vn -0.141422 0.989949 0.000000
vn -0.731573 -0.659378 -0.173267
vn -0.130284 0.148896 -0.980233
vn 0.225606 0.706898 0.670371
vn 0.296881 0.930226 0.215733
vn 0.239510 -0.836171 0.493409
vn 0.885567 0.336734 0.319970
vn -0.122762 0.018313 -0.992267
vn -0.948683 -0.252982 -0.189737
vn -0.925196 -0.201129 -0.321807
vn 0.368033 -0.878262 -0.305300
vn -0.904534 -0.301511 -0.301511
vn -0.463522 0.721038 -0.515026
vn -0.307006 0.950971 0.037440
vn 0.007192 0.977987 -0.208542
vn 0.048594 0.981601 -0.184658
vn 0.654935 0.671445 -0.346730
vn 0.923040 0.018175 -0.384275
vn 0.577350 -0.115470 0.808290
vn 0.880587 -0.317012 0.352235
vn 0.487768 -0.182913 0.853595
vn 0.205076 0.410152 0.888662
vn 0.684129 -0.297056 0.666127
vn 0.791342 -0.450418 -0.413402
vn -0.502787 -0.746071 -0.436560
vn -0.305056 0.510310 0.804068
vn 0.228271 0.243108 0.942757
vn 0.318841 0.939288 -0.126798
vn 0.865017 0.500800 0.030731
vn -0.684841 -0.705111 -0.183879
vn 0.216230 -0.968195 -0.125865
vn 0.028825 0.879178 0.475621
vn 0.375705 0.876645 0.300564
vn 0.236609 0.625325 0.743630
vn 0.000000 -0.000000 1.000000
vn 0.104169 -0.690118 0.716160
vn 0.005422 -0.010844 0.999927
vn 0.104169 0.690118 -0.716160
vn 0.005362 0.010723 -0.999928
vn 0.012322 -0.032565 -0.999394
vn -0.899454 -0.283390 -0.332675
vn -0.000001 -0.384615 -0.923077
vn -0.209289 0.643372 -0.736390
vn -0.074456 0.388828 -0.918297
vn 0.422686 -0.768521 -0.480325
vn -0.899046 -0.272080 -0.343057
vn -0.000001 -0.554700 -0.832050
vn 0.398015 -0.895534 0.199007
vn 0.943348 0.277902 0.181288
vn 0.107563 -0.402494 -0.909081
vn 0.867511 -0.176291 -0.465130
vn -0.706562 -0.667308 0.235521
vn 0.473912 -0.355434 0.805651
vn 0.015663 -0.978925 0.203617
vn -0.161034 -0.966204 -0.201292
vn -0.800000 -0.600000 0.000000
vn 0.716135 0.464056 0.521347
vn -0.090536 -0.995893 0.000000
vn -0.572426 -0.546554 -0.611235
vn -0.613350 -0.602865 -0.510251
vn -0.688718 -0.710855 -0.142663
vn 0.216979 -0.965803 -0.141934
vn -0.718661 -0.688048 -0.100583
vn 0.065540 -0.997357 -0.031346
vn 0.371391 -0.000000 0.928477
vn -0.196116 0.980581 0.000000
vn 0.581914 0.363696 0.727393
vn 0.100900 0.990659 0.091728
vn 0.312347 0.156174 0.937043
vn 0.000000 0.894427 0.447214
vn 0.381000 0.889001 0.254000
vn 0.624695 -0.000000 0.780869
vn 0.039646 -0.048265 0.998047
vn -0.771214 -0.622745 0.131973
vn -0.718001 -0.666898 -0.199303
vn -0.672480 -0.719481 0.173543
vn 0.889270 0.406523 -0.209614
vn 0.603152 0.536871 0.589896
vn 0.692800 0.627265 -0.355762
vn 0.904193 0.396575 -0.158630
vn 0.032121 -0.043294 -0.998546
vn 0.680414 0.680414 -0.272165
vn 0.349754 0.936842 0.000000
vn 0.171789 0.661389 0.730105
vn 0.100440 -0.677973 0.728193
vn 0.248375 -0.968664 0.000000
vn 0.298142 -0.596285 0.745356
vn 0.248375 0.968664 0.000000
vn 0.100440 0.677973 -0.728193
vn 0.298143 0.596285 -0.745356
vn 0.349754 -0.936842 0.000000
vn 0.171789 -0.661389 -0.730105
vn 0.174730 0.658082 0.732392
vn 0.247582 0.495164 0.832776
vn 0.257457 -0.696088 0.670206
vn 0.134254 -0.530623 0.836908
vn 0.994147 -0.073173 0.079481
vn 0.558215 -0.828531 -0.043954
vn 0.803648 -0.436089 0.404939
vn 0.907719 0.059685 0.415313
vn -0.180102 0.179236 -0.967180
vn 0.850092 -0.467688 0.242097
vn 0.929855 0.063041 0.362486
vn 0.921865 0.051215 0.384111
vn 0.348799 0.174399 -0.920828
vn 0.974961 -0.034682 0.219655
vn 0.785503 0.558225 0.267151
vn -0.226907 0.710980 -0.665598
vn 0.159173 0.864083 -0.477520
vn -0.706562 -0.667308 0.235521
vn 0.197104 -0.492760 0.847548
vn -0.781404 -0.558146 -0.279073
vn -0.241747 -0.966988 0.080582
vn -0.539248 -0.739317 -0.403264
vn -0.130189 -0.390567 -0.911322
vn 0.633497 -0.543912 0.550311
vn 0.733782 -0.350728 0.581854
vn 0.821557 -0.542000 0.176863
vn 0.632979 -0.575435 0.517892
vn 0.190885 0.979055 -0.070812
vn 0.870397 0.489201 0.055591
vn 0.529969 0.794953 0.295268
vn 0.548879 0.574708 0.606995
vn -0.763200 -0.627416 -0.154513
vn -0.030574 0.039310 -0.998759
vn 0.997705 0.055371 -0.038965
vn 0.884910 0.456446 0.092688
vn 0.974296 0.225136 0.007763
vn 0.864912 0.477193 0.155606
vn -0.185693 0.212221 -0.959417
vn 0.180171 -0.510485 0.840799
vn 0.599287 0.403366 0.691485
vn 0.714295 -0.212312 0.666863
vn 0.447214 -0.000000 0.894427
vn -0.692029 -0.711928 -0.119392
vn -0.002151 -0.998050 -0.062378
vn 0.287920 0.918706 -0.270337
vn 0.137856 0.813348 0.565208
vn 0.275943 -0.954461 -0.113401
vn 0.905596 -0.257585 -0.336966
vn 0.555323 -0.770287 -0.313489
vn 0.539260 -0.329839 -0.774858
vn 0.921865 0.051215 0.384111
vn 0.390078 0.139314 -0.910182
vn 0.821370 -0.456317 0.342237
vn 0.008195 -0.016391 -0.999832
vn -0.333332 0.666668 -0.666666
vn 0.179315 0.918986 -0.351158
vn 0.968050 -0.220784 0.118883
vn 0.684129 -0.297056 0.666127
vn -0.050857 0.851863 0.521289
vn -0.572656 0.810101 0.125705
vn 0.375551 0.187775 0.907580
vn -0.219653 0.956133 -0.193809
vn 0.304430 0.101477 -0.947114
vn 0.485937 0.784165 -0.385942
vn 0.333333 0.666667 -0.666667
vn 0.064150 0.705650 -0.705650
vn 0.169426 0.895540 -0.411465
vn 0.333333 0.666667 -0.666667
vn 0.064150 0.705650 -0.705650
vn -0.577350 -0.577350 -0.577350
vn -0.134629 -0.478679 -0.867607
vn -0.612470 -0.765588 -0.196865
vn -0.311188 -0.933564 -0.177822
vn 0.000000 -0.000000 -1.000000
vn 0.309050 0.817488 -0.486006
vn 0.134219 0.525203 -0.840326
vn 0.309050 -0.817488 -0.486006
vn 0.163575 -0.508902 -0.845140
vn 0.000000 -0.000000 1.000000
vn 0.358569 0.717137 0.597614
vn 0.133897 0.803379 0.580218
vn 0.250041 -0.770962 0.585745
vn 0.000000 -0.000000 1.000000
vn 0.993881 -0.088739 0.065772
vn 0.501281 -0.864371 -0.039741
vn 0.473082 -0.647375 -0.597577
vn 0.438633 -0.682319 -0.584844
vn 0.036102 -0.342969 -0.938653
vn -0.072121 0.757279 -0.649097
vn 0.000001 0.707107 -0.707107
vn 0.149101 0.497002 -0.854844
vn 0.181818 0.818181 -0.545455
vn 0.140265 -0.986531 -0.084159
vn 0.968050 -0.220784 0.118883
vn 0.426861 0.049253 0.902975
vn 0.220783 -0.968050 0.118883
vn 0.611378 -0.433060 0.662327
vn 0.846809 -0.506908 -0.161117
vn 0.831954 -0.536148 0.142819
vn -0.345402 0.445518 0.825961
vn 0.009295 0.301436 0.953441
vn 0.991574 -0.121246 0.045617
vn 0.477415 -0.876690 -0.059081
vn 0.882437 0.432394 0.185312
vn 0.139494 0.988417 -0.059783
vn 0.333333 0.666666 0.666667
vn 0.527312 0.803523 0.276211
vn 0.990732 -0.081034 0.109009
vn 0.863774 0.496566 0.085543
vn 0.968050 -0.220784 0.118883
vn 0.121744 -0.973950 0.191312
vn 0.087131 0.798697 0.595392
vn 0.324405 0.929961 0.173016
vn 0.636364 0.545454 0.545454
vn 0.221927 0.972253 -0.073976
vn 0.443813 0.853486 0.273115
vn 0.659736 0.359856 0.659736
vn 0.889270 0.406523 -0.209614
vn 0.821395 0.557375 -0.121009
vn -0.014527 0.018489 -0.999724
vn 0.136539 0.603618 0.785495
vn 0.323742 0.625901 0.709534
vn 0.253657 0.497920 0.829297
vn 0.222814 -0.690722 0.687937
vn 0.217230 -0.537092 0.815073
vn 0.993488 -0.042665 -0.105647
vn 0.928077 -0.362617 0.084750
vn 0.948971 0.142533 0.281315
vn 0.189688 0.280738 -0.940853
vn -0.942921 0.324962 0.072806
vn -0.708012 -0.571130 0.415367
vn -0.734774 0.404807 -0.544278
vn -0.594162 -0.064427 -0.801761
vn -0.449162 -0.718310 -0.531305
vn -0.344310 0.570024 0.746005
vn 0.394640 0.606055 0.690620
vn -0.049296 0.271130 0.961280
vn 0.868112 0.496064 0.017362
vn 0.993504 -0.108480 0.034370
vn 0.977022 -0.153849 0.147505
vn 0.380412 -0.924678 -0.016042
vn 0.827550 0.493860 0.266952
vn 0.200881 0.979294 -0.025110
vn 0.077148 -0.072862 0.994354
vn 0.624379 0.722965 0.295758
vn 0.904534 0.301511 0.301511
vn 0.415029 0.899229 0.138343
vn -0.255867 0.284296 -0.923963
vn 0.814815 0.518518 0.259260
vn -0.084565 0.157787 -0.983846
vn 0.877877 0.412496 -0.243267
vn 0.835989 0.484404 -0.257828
vn 0.581915 0.727393 0.363697
vn 0.820563 0.514533 0.248860
vn 0.649717 0.543400 0.531587
vn -0.125628 0.690958 -0.711896
vn 0.189642 0.537319 -0.821781
vn 0.376133 0.740912 -0.556393
vn -0.110449 0.834869 0.539254
vn -0.215515 0.943957 0.249998
vn 0.355490 0.866360 0.350782
vn -0.262393 0.828251 0.495126
vn 0.387917 0.623439 0.678855
vn 0.475858 0.853262 0.213315
vn 0.885234 0.446216 0.131346
vn 0.986063 -0.112114 0.122920
vn 0.875080 -0.236786 0.422098
vn 0.952435 -0.284695 0.108702
vn 0.293112 -0.927951 0.230200
vn 0.876711 -0.364763 0.313568
vn 0.196609 -0.968484 0.152918
vn -0.133902 0.060472 0.989148
vn -0.496904 -0.844737 0.198762
vn 0.274721 -0.961524 0.000000
vn -0.493846 -0.864231 -0.096026
vn -0.487154 -0.852520 0.189449
vn -0.520130 -0.845212 -0.122809
vn 0.273166 -0.956083 -0.106231
vn 0.000000 -0.000000 -1.000000
vn 0.125522 0.853546 -0.505672
vn 0.187351 0.505281 -0.842372
vn 0.376867 0.753735 -0.538382
vn 0.165063 -0.516908 -0.839976
vn 0.260845 -0.821662 -0.506785
vn 0.315962 -0.040958 -0.947887
vn 0.473082 -0.647375 -0.597577
vn 0.332309 -0.720004 -0.609233
vn 0.316855 -0.282906 -0.905299
vn 0.189530 -0.926292 -0.325670
vn 0.562565 -0.086548 0.822210
vn 0.514496 -0.000000 0.857493
vn 0.207390 -0.518476 0.829561
vn -0.128098 -0.954910 -0.267841
vn 0.554700 -0.000000 0.832050
vn 0.352110 0.393534 0.849205
vn 0.595647 0.284875 0.751033
vn 0.115087 0.978240 0.172631
vn -0.113846 0.860175 0.497130
vn -0.314312 0.932461 -0.178111
vn -0.276937 0.889115 0.364391
vn -0.388430 0.915586 -0.104044
vn 0.422073 0.881133 0.213212
vn 0.455818 0.887261 0.070688
vn 0.186450 0.695603 0.693810
vn 0.304336 0.927162 0.218520
vn 0.231491 -0.797904 0.556562
vn 0.315674 0.947020 0.059189
vn 0.291813 -0.953530 0.075008
vn 0.132234 0.829468 -0.542675
vn 0.327491 0.928497 -0.175051
vn 0.306247 -0.881969 -0.358251
vn -0.103418 0.982467 -0.155126
vn -0.314312 0.932461 -0.178111
vn -0.165390 0.820592 0.547061
vn 0.572457 0.675053 -0.465400
vn 0.859087 0.060404 -0.508253
vn -0.354384 0.921401 -0.159473
vn -0.172272 0.849879 0.498025
vn 0.470412 0.880953 -0.051318
vn 0.096674 0.870063 0.483368
vn -0.301511 0.904534 -0.301511
vn 0.654204 0.755060 -0.043614
vn 0.041748 -0.997307 0.060302
vn 0.083030 0.019161 -0.996363
vn 0.113142 0.688281 -0.716567
vn 0.312823 0.588843 -0.745255
vn 0.371391 0.742781 -0.557086
vn 0.000000 -0.000000 -1.000000
vn 0.006872 -0.024882 -0.999667
vn 0.371391 -0.742781 -0.557086
vn 0.473082 -0.647375 -0.597577
vn 0.405906 -0.710336 -0.575033
vn 0.425628 -0.595880 -0.681005
vn 0.316743 -0.821627 -0.473924
vn -0.043743 -0.947775 0.315925
vn 0.491004 0.864593 0.106740
vn 0.439200 -0.898365 0.006654
vn 0.727393 0.581914 0.363696
vn 0.289574 0.500173 0.816072
vn 0.548996 0.421148 0.721968
vn 0.481919 -0.000000 0.876216
vn 0.077157 -0.972175 0.221183
vn -0.307006 0.950971 0.037440
vn 0.437479 0.065622 0.896831
vn -0.219653 0.956133 -0.193809
vn 0.013739 0.975444 -0.219819
vn 0.846886 -0.231137 -0.478916
vn 0.711962 -0.079333 0.697723
vn 0.392571 0.086629 0.915633
vn -0.106390 0.986768 0.122349
vn -0.283497 0.958960 0.004930
vn 0.601969 0.797726 -0.035592
vn -0.252429 0.962034 -0.103776
vn -0.080358 0.956263 0.281254
vn 0.839416 0.520568 0.156171
vn 0.499278 0.865684 -0.036238
vn -0.081824 0.954615 0.286384
vn 0.839416 0.520568 0.156171
vn -0.302024 0.913096 -0.273929
vn 0.724914 0.577246 -0.375882
vn 0.000000 -0.000000 1.000000
vn 0.368214 0.929741 0.000000
vn 0.368214 -0.929741 0.000000
vn 0.000000 -0.000000 1.000000
vn 0.109453 0.674962 -0.729689
vn 0.312823 0.588843 -0.745255
vn 0.263887 0.964554 0.000000
vn 0.263887 -0.964554 0.000000
vn 0.212000 -0.635999 -0.741999
vn 0.447709 0.262705 -0.854718
vn 0.445607 0.619974 -0.645807
vn 0.201155 -0.877259 -0.435836
vn 0.111111 -0.444444 -0.888889
vn -0.408248 -0.408248 -0.816497
vn 0.111111 -0.444444 -0.888889
vn -0.407307 -0.678844 -0.610960
vn 0.361686 -0.730396 -0.579401
vn 0.707323 -0.311781 0.634419
vn 0.840021 -0.454244 0.296694
vn 0.916974 0.284322 0.279856
vn 0.964555 -0.192911 0.180050
vn 0.840371 0.481082 0.249675
vn 0.178174 0.979958 0.089087
vn -0.042868 0.947382 -0.317223
vn -0.106390 0.986768 0.122349
vn 0.811422 0.584084 0.020985
vn 0.181173 -0.965745 0.185779
vn 0.903137 -0.360034 0.233921
vn 0.235329 -0.954959 -0.180760
vn 0.879839 -0.461421 -0.113902
vn 0.130325 -0.990474 -0.044464
vn 0.854358 -0.512615 0.085436
vn 0.660979 0.749109 0.044065
vn -0.136391 0.236890 -0.961915
vn 0.550210 0.094322 -0.829682
vn 0.614722 -0.247302 -0.748972
vn 0.405906 -0.710336 -0.575033
vn 0.535457 -0.143142 -0.832344
vn 0.045859 0.848392 0.527379
vn 0.600839 0.799085 -0.021350
vn -0.326529 -0.767667 -0.551423
vn 0.380870 -0.750648 -0.539875
vn -0.291565 -0.843771 -0.450600
vn 0.313231 -0.792922 -0.522648
vn 0.178426 -0.982225 -0.058297
vn 0.906533 -0.419587 0.046309
vn 0.562565 -0.086548 0.822210
vn 0.727393 0.581914 0.363696
vn 0.352110 0.393534 0.849205
vn 0.536321 -0.100560 0.838002
vn -0.264512 0.872891 0.409994
vn -0.289157 -0.867472 -0.404821
vn 0.257252 -0.846909 -0.465367
vn 0.097368 -0.506312 -0.856836
vn 0.304430 0.101477 -0.947114
vn 0.333333 0.666667 -0.666667
vn 0.429349 -0.690025 -0.582688
vn 0.712751 0.237584 -0.659955
vn 0.190586 -0.544533 -0.816799
vn -0.091645 0.012385 0.995715
vn 0.832700 0.495266 0.247633
vn 0.727393 0.581914 0.363696
vn 0.625474 -0.714827 0.312737
vn 0.801784 -0.534523 -0.267261
vn -0.393804 0.757888 0.520119
vn -0.156648 -0.897167 0.412981
vn -0.465289 -0.713796 0.523451
vn 0.711808 0.700328 -0.053577
vn 0.562565 -0.086548 0.822210
vn 0.536321 -0.100560 0.838002
vn 0.762493 -0.457496 0.457496
vn 0.111036 -0.871838 -0.477043
vn 0.304430 0.101477 -0.947114
vn 0.467252 0.720581 -0.512288
vn 0.803223 0.152692 -0.575776
vn 0.912714 -0.165948 0.373383
vn 0.778499 -0.622799 0.077850
vn 0.148513 -0.988787 -0.015633
vn 0.908094 -0.350109 -0.229759
vn 0.126899 -0.986993 0.098699
vn -0.149537 0.059815 0.986945
vn 0.908378 -0.412899 0.066064
vn 0.223229 -0.972289 0.069449
vn 0.884193 -0.467121 0.000000
vn 0.273166 -0.956083 -0.106231
vn 0.000000 -0.000000 -1.000000
vn 0.856095 -0.513657 -0.057073
vn 0.847832 -0.459047 -0.265436
vn 0.726879 -0.039056 0.685654
vn 0.264547 0.214498 0.940216
vn 0.026749 -0.998648 -0.044582
vn 0.943764 -0.328408 0.038187
vn 0.778499 -0.622799 0.077850
vn 0.311400 -0.949769 0.031140
vn 0.103486 -0.005749 -0.994614
vn 0.884652 0.442326 -0.147442
vn 0.782903 0.621717 0.023027
vn 0.035213 0.112682 -0.993007
vn 0.821395 0.557375 -0.121009
vn 0.970142 0.242536 0.000000
vn 0.883020 0.422314 0.204758
vn 0.792624 0.609711 0.000000
vn -0.021640 0.027542 -0.999386
vn 0.970142 0.242536 0.000000
vn 0.863754 -0.502839 0.032896
vn -0.155589 0.069151 0.985398
vn 0.924500 -0.369800 0.092450
vn 0.932477 0.321770 0.164168
vn 0.864242 -0.392837 -0.314270
vn -0.536649 0.499456 0.680111
vn -0.567717 -0.409693 0.714037
vn 0.854266 0.168265 -0.491850
vn 0.762684 0.550828 -0.338971
vn 0.595049 0.051743 0.802022
vn 0.496139 -0.000000 0.868243
vn -0.067116 -0.939618 0.335578
vn -0.387038 -0.812781 0.435418
vn 0.581238 -0.000000 0.813734
vn 0.496139 -0.000000 0.868243
vn 0.176421 0.915782 -0.360860
vn 0.016385 0.912105 0.409628
vn 0.662220 0.731091 -0.164230
vn 0.889929 0.308406 0.336025
vn 0.897274 -0.380622 0.223664
vn 0.969618 -0.242405 0.032868
vn 0.965609 0.241402 0.096561
vn 0.000000 -0.000000 -1.000000
vn 0.997192 -0.073866 -0.012311
vn -0.591018 -0.172380 0.788025
vn 0.917291 -0.049952 -0.395071
vn -0.593732 0.254457 0.763370
vn 0.778684 0.215106 0.589391
vn 0.204713 0.233957 0.950451
vn 0.796975 0.603826 -0.015002
vn 0.911389 -0.411543 -0.001620
vn 0.839416 0.520568 0.156171
vn 0.749742 0.650638 -0.120648
vn 0.765325 0.643130 0.025725
vn 0.980635 -0.195774 -0.005291
vn 0.943456 0.314485 -0.104828
vn 0.912714 -0.165948 0.373383
vn 0.751915 0.658524 0.031130
vn 0.965282 -0.249579 -0.077076
vn 0.943456 0.314485 -0.104828
vn 0.083014 0.027671 -0.996164
vn 0.984916 0.164153 -0.054718
vn 0.912714 -0.165948 0.373383
vn 0.778499 -0.622799 0.077850
vn 0.068152 -0.018587 -0.997502
vn 0.569492 0.793220 0.215593
vn 0.569492 -0.793221 0.215593
vn 0.774329 -0.318842 0.546585
vn 0.425628 -0.595880 -0.681005
vn 0.802181 -0.422200 0.422200
vn 0.250452 -0.818145 -0.517602
vn 0.490709 -0.848927 -0.196284
vn 0.870416 -0.205379 -0.447433
vn 0.536321 -0.100560 0.838002
vn 0.802181 -0.422200 0.422200
vn -0.417352 0.713382 0.562941
vn 0.115087 0.978240 0.172631
vn 0.781321 0.600411 0.170423
vn 0.014968 0.860681 0.508924
vn 0.696683 0.712251 -0.085626
vn 0.860747 0.469204 0.197389
vn 0.363530 0.865861 0.343701
vn 0.644258 0.502641 0.576441
vn 0.394471 0.862251 0.317672
vn 0.936854 -0.052271 0.345792
vn 0.949261 -0.228304 0.216287
vn 0.717961 -0.142602 0.681320
vn 0.857576 -0.346149 0.380452
vn 0.863764 0.483916 0.140492
vn 0.814047 0.580791 -0.003131
vn 0.888629 -0.457501 -0.032105
vn 0.333333 0.666667 0.666667
vn 0.523204 0.523204 0.672692
vn 0.571366 0.791893 0.215515
vn 0.509401 -0.774904 0.374212
vn 0.523204 -0.523204 0.672692
vn 0.227921 0.911685 0.341882
vn 0.197815 0.869344 0.452892
vn 0.798460 0.552646 0.238840
vn 0.119901 0.845971 0.519573
vn 0.889552 0.423596 0.171068
vn 0.477818 0.869873 0.122517
vn 0.875530 -0.043443 -0.481207
vn 0.685458 0.719375 -0.112458
vn 0.143484 0.856066 0.496551
vn 0.832537 0.438810 0.338124
vn 0.916068 -0.160966 -0.367300
vn 0.429349 -0.690025 -0.582688
vn 0.863083 -0.124539 -0.489467
vn 0.762338 0.033145 0.646330
vn -0.467962 -0.691144 0.550755
vn 0.285319 -0.792553 -0.538936
vn 0.111111 -0.444444 -0.888889
vn 0.871252 -0.272267 -0.408400
vn 0.345985 -0.753027 -0.559682
vn 0.429349 -0.690025 -0.582688
vn 0.924817 -0.355570 -0.135217
vn 0.250323 -0.841997 -0.477890
vn 0.466196 -0.490733 -0.736099
vn 0.920588 -0.023075 -0.389853
vn 0.298143 0.596285 0.745356
vn 0.485071 0.485071 0.727607
vn 0.000000 -0.000000 1.000000
vn 0.018705 -0.029394 0.999393
vn 0.026569 0.037023 -0.998961
vn 0.021837 -0.027185 -0.999392
vn 0.808896 -0.252780 0.530838
vn 0.846648 -0.376289 0.376289
vn -0.555520 0.393915 0.732277
vn 0.672673 -0.000000 0.739940
vn 0.360890 0.755918 -0.546212
vn 0.584802 0.811176 0.000000
vn 0.298143 0.596285 0.745356
vn 0.485071 0.485071 0.727607
vn 0.707107 -0.707107 0.000000
vn 0.447213 -0.894427 0.000000
vn 0.422787 -0.526327 0.737720
vn 0.584802 0.811176 0.000000
vn 0.392681 0.544686 -0.741026
vn 0.707107 -0.707107 0.000000
vn 0.447213 -0.894427 0.000000
vn 0.361226 -0.562842 -0.743455
vn 0.333333 0.666666 0.666667
vn 0.440204 0.440204 0.782586
vn 0.253657 0.497920 0.829297
vn 0.333333 -0.666667 0.666667
vn 0.329662 -0.477211 0.814612
vn 0.614722 -0.247302 -0.748972
vn 0.833806 -0.225823 0.503758
vn 0.424264 -0.707107 -0.565685
vn 0.425628 -0.595880 -0.681005
vn 0.917044 -0.260083 -0.302304
vn 0.345526 -0.750371 -0.563520
vn 0.936854 -0.052271 0.345792
vn 0.947184 -0.317757 0.043269
vn 0.971211 -0.140240 0.192568
vn 0.771522 0.006768 0.636167
vn 0.873069 -0.148608 0.464399
vn -0.597110 -0.183726 0.780836
vn -0.576914 0.274721 0.769219
vn 0.893898 -0.034381 0.446949
vn -0.555662 -0.425252 0.714423
vn 0.614722 -0.247302 -0.748972
vn 0.894692 -0.120439 0.430140
vn 0.590614 0.050336 -0.805383
vn 0.862730 -0.032556 0.504616
vn 0.583090 0.174326 -0.793484
vn 0.444058 0.630732 -0.636389
vn 0.949084 -0.269666 -0.162850
vn 0.273539 -0.811560 -0.516282
vn 0.965188 -0.066565 0.252946
vn 0.936854 -0.052271 0.345792
vn 0.971211 -0.140240 0.192568
vn 0.926990 -0.169600 -0.334553
vn 0.965188 -0.066565 0.252946
vn 0.985347 -0.043408 0.164948
vn 0.895959 0.331600 0.295465
vn 0.987484 0.141069 0.070535
vn 0.778791 0.601794 0.176998
vn 0.890813 -0.235465 -0.388599
vn 0.651631 0.751882 -0.100251
vn 0.868974 0.403398 0.286625
vn 0.973675 -0.183671 -0.134987
vn 0.504799 0.855461 -0.115603
vn 0.577350 0.577350 0.577350
vn 0.624695 -0.624695 -0.468521
vn 0.491996 -0.862009 0.121982
vn 0.965188 -0.066565 0.252946
vn 0.933029 -0.191330 -0.304711
vn 0.550734 0.683318 -0.479342
vn 0.294747 0.457158 -0.839125
vn 0.624695 -0.624695 -0.468521
vn 0.390360 -0.780720 -0.487950
vn 0.294746 -0.457158 -0.839125
vn 0.000000 -0.000000 1.000000
vn 0.358569 0.717137 0.597614
vn 0.577350 0.577350 0.577350
vn 0.507269 -0.629389 0.588683
vn 0.000000 -0.000000 1.000000
vn 0.781066 0.583595 0.222154
vn 0.936080 -0.229076 -0.266980
vn 0.803117 0.487553 0.342484
vn 0.939266 -0.334624 -0.076201
vn 0.424062 0.474215 0.771551
vn 0.258725 0.500202 0.826353
vn 0.388376 -0.481279 0.785833
vn 0.872872 0.436435 0.218218
vn 0.691714 0.691714 0.207514
vn 0.691714 -0.691714 0.207514
vn 0.872871 -0.436436 0.218218
vn 0.345829 0.426522 -0.835752
vn 0.516331 0.629278 -0.580872
vn 0.577350 -0.577350 -0.577350
vn 0.345828 -0.426522 -0.835752
vn 0.376867 -0.753735 -0.538382
vn 0.750918 0.428734 0.502304
vn 0.691714 0.691714 0.207514
vn 0.691714 -0.691714 0.207514
vn 0.666667 -0.333333 0.666667
vn 0.872871 -0.436436 0.218218
vn 0.523204 -0.523204 0.672692
vn 0.324176 0.648353 0.688875
vn 0.420737 0.567994 0.707364
vn 0.579405 0.796682 0.172011
vn 0.488215 -0.797646 0.354128
vn 0.420737 -0.567995 0.707363
vn 0.585877 0.806485 0.079564
vn 0.707107 -0.707107 0.000000
vn 0.559394 -0.824673 0.083621
vn 0.523950 0.775149 -0.353016
vn 0.672199 -0.672200 -0.310316
vn 0.413970 -0.855539 -0.310938
vn 0.564103 0.358974 0.743590
vn 0.000000 -0.000000 1.000000
vn 0.596285 -0.298143 0.745356
vn 0.016673 -0.016673 0.999722
vn 0.029122 0.018532 -0.999404
vn 0.596285 -0.298143 -0.745356
vn 0.008219 -0.008219 -0.999932
vn 0.514679 0.635780 -0.575230
vn 0.000000 -0.000000 -1.000000
vn 0.577350 -0.577350 -0.577350
vn 0.000000 -0.000000 -1.000000
vn 0.371391 -0.742781 -0.557086
vn 0.000000 -0.000000 1.000000
vn 0.634740 0.772726 0.000000
vn 0.469155 -0.883116 0.000000
vn 0.000000 -0.000000 1.000000
vn 0.707107 -0.707107 0.000000
vn 0.312823 0.588843 -0.745255
vn 0.556223 0.829790 -0.045443
vn 0.469155 -0.883116 0.000000
vn 0.705509 -0.705509 -0.067191
vn 0.312823 -0.588843 -0.745255
vn 0.371391 -0.742781 -0.557086
vn 0.707107 0.707107 0.000000
vn 0.720644 0.470503 0.509215
vn 0.778413 -0.627753 0.000000
vn 0.596285 -0.298143 0.745356
vn 0.485071 -0.485071 0.727607
vn 0.707107 0.707107 0.000000
vn 0.894427 0.447213 0.000000
vn 0.526327 0.422787 -0.737720
vn 0.840977 -0.524787 -0.131746
vn 0.485071 -0.485071 -0.727607
vn 0.479130 0.388506 0.787082
vn 0.666666 -0.333333 0.666667
vn 0.455374 -0.393660 0.798540
vn 0.911751 0.348610 0.217211
vn 0.909987 -0.353129 0.217310
vn 0.780720 0.390360 -0.487950
vn 0.624695 0.624695 -0.468521
vn 0.629389 0.507269 0.588683
vn 0.683318 -0.550734 -0.479342
vn 0.577350 -0.577350 0.577350
vn 0.717137 -0.358569 0.597614
vn 0.866062 0.227800 0.445021
vn 0.723591 -0.190948 0.663291
vn 0.942812 -0.259615 0.209058
vn 0.780720 0.390360 -0.487950
vn 0.624695 0.624695 -0.468521
vn 0.425331 0.347453 -0.835685
vn 0.734938 -0.473180 -0.485764
vn 0.425331 -0.347453 -0.835685
vn 0.000000 -0.000000 1.000000
vn 0.675556 0.434947 0.595353
vn 0.577350 -0.577350 0.577350
vn 0.000000 -0.000000 1.000000
vn 0.717137 -0.358569 0.597614
vn 0.966742 0.157835 0.201240
vn 0.965632 -0.164363 0.201345
vn 0.661389 0.171789 0.730105
vn 0.000000 -0.000000 1.000000
vn 0.624091 -0.239378 0.743780
vn 0.000000 -0.000000 1.000000
vn 0.690118 0.104169 -0.716160
vn 0.010723 0.005362 -0.999928
vn 0.637602 -0.208196 -0.741700
vn 0.000000 -0.000000 -1.000000
vn 0.863525 0.058248 0.500932
vn 0.967742 -0.161290 0.193548
vn 0.989203 0.146549 0.000000
vn 0.841566 0.379783 0.384099
vn 0.935286 -0.353892 0.000000
vn 0.659980 -0.175995 0.730378
vn 0.946551 0.140230 -0.290476
vn 0.894427 0.447213 0.000000
vn 0.596285 0.298142 -0.745356
vn 0.900429 -0.255485 -0.352071
vn 0.567690 0.190533 0.800890
vn 0.632005 -0.182496 0.753170
vn 0.497920 -0.253657 0.829297
vn 0.541364 -0.083287 0.836653
vn 0.518010 0.335845 0.786686
vn 0.637193 -0.323997 0.699293
vn 0.473553 -0.338252 0.813224
vn 0.697526 -0.036235 0.715643
vn 0.000000 -0.000000 1.000000
vn 0.697526 -0.036235 -0.715643
vn 0.000000 -0.000000 -1.000000
vn 0.998721 -0.050568 0.000000
vn 0.697777 0.035331 0.715443
vn 0.959233 0.048134 -0.278487
vn 0.680746 0.029627 0.731920
vn 0.541364 -0.083287 0.836653
vn 0.753735 0.376867 -0.538382
vn 0.454409 0.299105 -0.839076
vn 0.577350 0.577350 -0.577350
vn 0.629278 -0.516331 -0.580872
vn 0.454409 -0.299105 -0.839076
vn 0.816142 0.312350 -0.486158
vn 0.750104 0.287077 0.595761
vn 0.814756 -0.315718 -0.486307
vn 0.748794 -0.290158 0.595916
vn 0.637244 0.458577 0.619377
vn 0.696311 0.696310 0.174078
vn 0.882109 -0.441054 0.165395
vn 0.630488 -0.315244 0.709299
vn 0.696310 -0.696311 0.174078
vn 0.506979 -0.506980 0.697097
vn 0.851577 0.230427 -0.470872
vn 0.502750 0.195185 -0.842107
vn 0.850042 -0.235554 -0.471108
vn 0.502079 -0.197245 -0.842028
vn 0.000000 -0.000000 1.000000
vn 0.786460 0.212807 0.579822
vn 0.000000 -0.000000 1.000000
vn 0.784985 -0.217526 0.580069
vn 0.900159 0.435561 0.000000
vn 0.874927 0.444635 0.191839
vn 0.883189 0.455840 -0.110399
vn 0.704361 0.704361 0.088045
vn 0.823249 -0.562360 0.077542
vn 0.696310 -0.696311 0.174078
vn 0.900159 0.435561 0.000000
vn 0.737077 0.356650 -0.574037
vn 0.672200 0.672199 -0.310316
vn 0.798099 -0.514963 -0.312811
vn 0.886653 -0.000000 -0.462435
vn 0.821001 -0.000000 0.570926
vn 0.731584 0.388654 -0.560119
vn 0.577350 0.577350 -0.577350
vn 0.007630 0.003815 -0.999964
vn 0.640067 -0.419600 -0.643623
vn 0.000000 -0.000000 -1.000000
vn 0.894427 -0.000000 -0.447214
vn 0.544684 -0.000000 -0.838641
vn 0.000000 -0.000000 1.000000
vn 0.707107 0.707107 0.000000
vn 0.883116 0.469155 0.000000
vn 0.000000 -0.000000 1.000000
vn 0.832050 -0.000000 0.554700
vn 0.000000 -0.000000 1.000000
vn 0.832050 -0.554700 0.000000
vn 0.731584 0.388654 -0.560119
vn 0.705509 0.705509 -0.067191
vn 0.883116 0.469155 0.000000
vn 0.770996 -0.633319 -0.066872
vn 0.605362 0.180052 0.775318
vn 0.643571 -0.154858 0.749557
vn 0.492517 -0.254750 0.832184
vn 0.817868 0.216985 -0.532926
vn 0.522965 0.140582 -0.840681
vn 0.792492 -0.298250 -0.531980
vn 0.522193 -0.143460 -0.840674
vn 0.594356 0.017504 0.804012
vn 0.541364 -0.083287 0.836653
vn 0.804557 0.309119 0.507083
vn 0.911084 -0.354844 0.209789
vn 0.669332 -0.259096 0.696321
vn 0.900159 0.435561 0.000000
vn 0.857538 0.272234 -0.436482
vn 0.883189 0.455840 -0.110399
vn 0.909661 -0.244956 -0.335430
vn 0.978226 0.167696 -0.122278
vn 0.936851 0.259721 0.234213
vn 0.883189 0.455840 -0.110399
vn 0.945595 -0.315199 0.080618
vn 0.827968 -0.049186 -0.558615
vn 0.554700 -0.000000 -0.832050
vn 0.673987 0.112331 -0.730153
vn 0.007663 0.003831 -0.999963
vn 0.637171 -0.209221 -0.741781
vn 0.000000 -0.000000 -1.000000
vn 0.956230 -0.168747 0.239058
vn 0.810716 0.048161 0.583455
vn 0.933647 0.049899 -0.354702
vn 0.000000 -0.000000 1.000000
vn 0.987106 0.160071 0.000000
vn 0.883116 0.469155 0.000000
vn 0.000000 -0.000000 1.000000
vn 0.963252 -0.268599 0.000000
vn 0.731584 0.388654 -0.560119
vn 0.971986 0.157990 -0.174019
vn 0.596285 0.298142 -0.745356
vn 0.883116 0.469155 0.000000
vn 0.924608 -0.362174 -0.118026
vn 0.995682 -0.087213 -0.031796
vn 0.956998 0.164057 0.239249
vn 0.692532 -0.000000 -0.721387
vn 0.000000 -0.000000 -1.000000
vn 0.000000 -0.000000 1.000000
vn 1.000000 -0.000000 0.000000
vn 0.998752 -0.000000 -0.049938
f 4386/4386/4386 4370/4370/4370 4512/4512/4512
f 4512/4512/4512 4370/4370/4370 4498/4498/4498
f 4512/4512/4512 4498/4498/4498 4555/4555/4555
f 4370/4370/4370 4386/4386/4386 2677/2677/2677
f 4555/4555/4555 4498/4498/4498 4542/4542/4542
f 4555/4555/4555 4542/4542/4542 4560/4560/4560
f 4555/4555/4555 4560/4560/4560 4565/4565/4565
f 2764/2764/2764 4386/4386/4386 4381/4381/4381
f 4386/4386/4386 2764/2764/2764 2770/2770/2770
f 4386/4386/4386 2770/2770/2770 2677/2677/2677
f 2677/2677/2677 2770/2770/2770 135/135/135
f 2677/2677/2677 135/135/135 140/140/140
f 140/140/140 135/135/135 6009/6009/6009
f 6009/6009/6009 135/135/135 6049/6049/6049
f 4499/4499/4499 4371/4371/4371 142/142/142
f 142/142/142 4371/4371/4371 2678/2678/2678
f 4499/4499/4499 142/142/142 4543/4543/4543
f 142/142/142 2678/2678/2678 141/141/141
f 4543/4543/4543 142/142/142 4562/4562/4562
f 142/142/142 141/141/141 6012/6012/6012
f 4562/4562/4562 142/142/142 4545/4545/4545
f 142/142/142 6012/6012/6012 6369/6369/6369
f 4545/4545/4545 142/142/142 4501/4501/4501
f 4501/4501/4501 142/142/142 4373/4373/4373
f 4373/4373/4373 142/142/142 2680/2680/2680
f 142/142/142 6369/6369/6369 6491/6491/6491
f 2680/2680/2680 142/142/142 144/144/144
f 6530/6530/6530 6491/6491/6491 6543/6543/6543
f 6491/6491/6491 6530/6530/6530 142/142/142
f 142/142/142 6530/6530/6530 6549/6549/6549
f 142/142/142 6549/6549/6549 6532/6532/6532
f 142/142/142 6532/6532/6532 6493/6493/6493
f 142/142/142 6493/6493/6493 6371/6371/6371
f 142/142/142 6371/6371/6371 6013/6013/6013
f 142/142/142 6013/6013/6013 144/144/144
f 144/144/144 6013/6013/6013 139/139/139
f 139/139/139 6013/6013/6013 6053/6053/6053
f 6053/6053/6053 6013/6013/6013 6382/6382/6382
f 4513/4513/4513 4556/4556/4556 4506/4506/4506
f 4513/4513/4513 4506/4506/4506 4383/4383/4383
f 4513/4513/4513 4383/4383/4383 4387/4387/4387
f 4506/4506/4506 4556/4556/4556 4551/4551/4551
f 4551/4551/4551 4556/4556/4556 4567/4567/4567
f 4551/4551/4551 4567/4567/4567 4564/4564/4564
f 4564/4564/4564 4567/4567/4567 4554/4554/4554
f 4554/4554/4554 4567/4567/4567 4558/4558/4558
f 4561/4561/4561 4544/4544/4544 4557/4557/4557
f 4561/4561/4561 4557/4557/4557 4566/4566/4566
f 4557/4557/4557 4544/4544/4544 4500/4500/4500
f 4557/4557/4557 4500/4500/4500 4514/4514/4514
f 4514/4514/4514 4500/4500/4500 4372/4372/4372
f 4557/4557/4557 4514/4514/4514 4510/4510/4510
f 4557/4557/4557 4510/4510/4510 4552/4552/4552
f 4510/4510/4510 4514/4514/4514 4384/4384/4384
f 4514/4514/4514 4372/4372/4372 4388/4388/4388
f 4514/4514/4514 4388/4388/4388 4384/4384/4384
f 4384/4384/4384 4388/4388/4388 2766/2766/2766
f 4388/4388/4388 4372/4372/4372 2679/2679/2679
f 2766/2766/2766 4388/4388/4388 2771/2771/2771
f 2771/2771/2771 4388/4388/4388 2679/2679/2679
f 2771/2771/2771 2679/2679/2679 138/138/138
f 138/138/138 2679/2679/2679 143/143/143
f 4505/4505/4505 4550/4550/4550 4484/4484/4484
f 4505/4505/4505 4484/4484/4484 4420/4420/4420
f 4484/4484/4484 4550/4550/4550 4507/4507/4507
f 4505/4505/4505 4420/4420/4420 4382/4382/4382
f 4507/4507/4507 4550/4550/4550 4563/4563/4563
f 4382/4382/4382 4420/4420/4420 4126/4126/4126
f 4507/4507/4507 4563/4563/4563 4553/4553/4553
f 4382/4382/4382 4126/4126/4126 2765/2765/2765
f 4507/4507/4507 4553/4553/4553 4486/4486/4486
f 2765/2765/2765 4126/4126/4126 2065/2065/2065
f 4486/4486/4486 4553/4553/4553 4511/4511/4511
f 2765/2765/2765 2065/2065/2065 129/129/129
f 4486/4486/4486 4511/4511/4511 4421/4421/4421
f 129/129/129 2065/2065/2065 126/126/126
f 4421/4421/4421 4511/4511/4511 4385/4385/4385
f 129/129/129 126/126/126 5863/5863/5863
f 4421/4421/4421 4385/4385/4385 4127/4127/4127
f 129/129/129 5863/5863/5863 6045/6045/6045
f 4127/4127/4127 4385/4385/4385 2768/2768/2768
f 6045/6045/6045 5863/5863/5863 6323/6323/6323
f 4127/4127/4127 2768/2768/2768 2067/2067/2067
f 6045/6045/6045 6323/6323/6323 6373/6373/6373
f 2067/2067/2067 2768/2768/2768 131/131/131
f 6373/6373/6373 6323/6323/6323 6413/6413/6413
f 131/131/131 2768/2768/2768 134/134/134
f 6373/6373/6373 6413/6413/6413 6496/6496/6496
f 131/131/131 134/134/134 6048/6048/6048
f 6496/6496/6496 6413/6413/6413 6473/6473/6473
f 131/131/131 6048/6048/6048 5867/5867/5867
f 6496/6496/6496 6473/6473/6473 6536/6536/6536
f 5867/5867/5867 6048/6048/6048 6327/6327/6327
f 6536/6536/6536 6473/6473/6473 6499/6499/6499
f 6327/6327/6327 6048/6048/6048 6376/6376/6376
f 6536/6536/6536 6499/6499/6499 6550/6550/6550
f 6327/6327/6327 6376/6376/6376 6416/6416/6416
f 6550/6550/6550 6499/6499/6499 6539/6539/6539
f 6416/6416/6416 6376/6376/6376 6501/6501/6501
f 6539/6539/6539 6499/6499/6499 6475/6475/6475
f 6416/6416/6416 6501/6501/6501 6475/6475/6475
f 6475/6475/6475 6501/6501/6501 6539/6539/6539
f 4485/4485/4485 4509/4509/4509 4497/4497/4497
f 4485/4485/4485 4497/4497/4497 4472/4472/4472
f 4472/4472/4472 4497/4497/4497 4480/4480/4480
f 4480/4480/4480 4497/4497/4497 4504/4504/4504
f 4419/4419/4419 4483/4483/4483 4470/4470/4470
f 4419/4419/4419 4470/4470/4470 4408/4408/4408
f 4419/4419/4419 4408/4408/4408 4125/4125/4125
f 4125/4125/4125 4408/4408/4408 4076/4076/4076
f 4125/4125/4125 4076/4076/4076 2066/2066/2066
f 2066/2066/2066 4076/4076/4076 1937/1937/1937
f 2066/2066/2066 1937/1937/1937 121/121/121
f 2066/2066/2066 121/121/121 127/127/127
f 127/127/127 121/121/121 5830/5830/5830
f 127/127/127 5830/5830/5830 5865/5865/5865
f 4508/4508/4508 4487/4487/4487 4496/4496/4496
f 4496/4496/4496 4487/4487/4487 4474/4474/4474
f 4474/4474/4474 4487/4487/4487 4422/4422/4422
f 4474/4474/4474 4422/4422/4422 4411/4411/4411
f 4411/4411/4411 4422/4422/4422 4128/4128/4128
f 4411/4411/4411 4128/4128/4128 4079/4079/4079
f 4079/4079/4079 4128/4128/4128 2068/2068/2068
f 4079/4079/4079 2068/2068/2068 1940/1940/1940
f 1940/1940/1940 2068/2068/2068 125/125/125
f 125/125/125 2068/2068/2068 132/132/132
f 2772/2772/2772 137/137/137 133/133/133
f 2772/2772/2772 133/133/133 2767/2767/2767
f 133/133/133 137/137/137 6052/6052/6052
f 133/133/133 6052/6052/6052 6047/6047/6047
f 6047/6047/6047 6052/6052/6052 6380/6380/6380
f 6047/6047/6047 6380/6380/6380 6375/6375/6375
f 6383/6383/6383 6014/6014/6014 6372/6372/6372
f 6381/6381/6381 6370/6370/6370 6506/6506/6506
f 6381/6381/6381 6506/6506/6506 6377/6377/6377
f 6506/6506/6506 6370/6370/6370 6492/6492/6492
f 6377/6377/6377 6506/6506/6506 6502/6502/6502
f 6506/6506/6506 6492/6492/6492 6545/6545/6545
f 6506/6506/6506 6545/6545/6545 6502/6502/6502
f 6545/6545/6545 6492/6492/6492 6531/6531/6531
f 6502/6502/6502 6545/6545/6545 6540/6540/6540
f 6545/6545/6545 6531/6531/6531 6548/6548/6548
f 6540/6540/6540 6545/6545/6545 6552/6552/6552
f 6552/6552/6552 6545/6545/6545 6548/6548/6548
f 6540/6540/6540 6552/6552/6552 6551/6551/6551
f 6551/6551/6551 6552/6552/6552 6537/6537/6537
f 6537/6537/6537 6552/6552/6552 6542/6542/6542
f 6542/6542/6542 6552/6552/6552 6548/6548/6548
f 6542/6542/6542 6548/6548/6548 6529/6529/6529
f 6476/6476/6476 6500/6500/6500 6488/6488/6488
f 6488/6488/6488 6500/6500/6500 6474/6474/6474
f 6476/6476/6476 6488/6488/6488 6462/6462/6462
f 6476/6476/6476 6462/6462/6462 6417/6417/6417
f 6417/6417/6417 6462/6462/6462 6404/6404/6404
f 6488/6488/6488 6474/6474/6474 6460/6460/6460
f 6460/6460/6460 6474/6474/6474 6414/6414/6414
f 6460/6460/6460 6414/6414/6414 6401/6401/6401
f 6401/6401/6401 6414/6414/6414 6325/6325/6325
f 6401/6401/6401 6325/6325/6325 6313/6313/6313
f 6326/6326/6326 6415/6415/6415 6403/6403/6403
f 6326/6326/6326 6403/6403/6403 6315/6315/6315
f 6326/6326/6326 6315/6315/6315 5866/5866/5866
f 6321/6321/6321 5861/5861/5861 6315/6315/6315
f 6315/6315/6315 5861/5861/5861 5831/5831/5831
f 6315/6315/6315 5831/5831/5831 5866/5866/5866
f 5831/5831/5831 5861/5861/5861 117/117/117
f 5831/5831/5831 117/117/117 123/123/123
f 5831/5831/5831 123/123/123 5866/5866/5866
f 5866/5866/5866 123/123/123 130/130/130
f 6320/6320/6320 6314/6314/6314 6402/6402/6402
f 6320/6320/6320 6402/6402/6402 6411/6411/6411
f 6411/6411/6411 6402/6402/6402 6461/6461/6461
f 6411/6411/6411 6461/6461/6461 6471/6471/6471
f 6471/6471/6471 6461/6461/6461 6487/6487/6487
f 6471/6471/6471 6487/6487/6487 6494/6494/6494
f 6494/6494/6494 6487/6487/6487 6469/6469/6469
f 6469/6469/6469 6487/6487/6487 6459/6459/6459
f 6469/6469/6469 6459/6459/6459 6408/6408/6408
f 6408/6408/6408 6459/6459/6459 6399/6399/6399
f 1939/1939/1939 124/124/124 2064/2064/2064
f 2064/2064/2064 124/124/124 119/119/119
f 1939/1939/1939 2064/2064/2064 4078/4078/4078
f 4078/4078/4078 2064/2064/2064 4124/4124/4124
f 4078/4078/4078 4124/4124/4124 4410/4410/4410
f 4410/4410/4410 4124/4124/4124 4418/4418/4418
f 4410/4410/4410 4418/4418/4418 4473/4473/4473
f 4473/4473/4473 4418/4418/4418 4481/4481/4481
f 4473/4473/4473 4481/4481/4481 4495/4495/4495
f 4495/4495/4495 4481/4481/4481 4502/4502/4502
f 4481/4481/4481 4418/4418/4418 4468/4468/4468
f 4418/4418/4418 4124/4124/4124 4308/4308/4308
f 4418/4418/4418 4308/4308/4308 4468/4468/4468
f 4308/4308/4308 4124/4124/4124 2480/2480/2480
f 4308/4308/4308 2480/2480/2480 2568/2568/2568
f 2568/2568/2568 2480/2480/2480 113/113/113
f 2568/2568/2568 113/113/113 108/108/108
f 4308/4308/4308 2568/2568/2568 4356/4356/4356
f 4308/4308/4308 4356/4356/4356 4468/4468/4468
f 4356/4356/4356 2568/2568/2568 4353/4353/4353
f 4353/4353/4353 2568/2568/2568 2565/2565/2565
f 4356/4356/4356 4353/4353/4353 4491/4491/4491
f 4468/4468/4468 4356/4356/4356 4494/4494/4494
f 4494/4494/4494 4356/4356/4356 4491/4491/4491
f 4494/4494/4494 4491/4491/4491 4538/4538/4538
f 4468/4468/4468 4494/4494/4494 4522/4522/4522
f 4494/4494/4494 4538/4538/4538 4534/4534/4534
f 4494/4494/4494 4534/4534/4534 4522/4522/4522
f 4522/4522/4522 4534/4534/4534 4540/4540/4540
f 4540/4540/4540 4534/4534/4534 4549/4549/4549
f 4123/4123/4123 2063/2063/2063 2479/2479/2479
f 2479/2479/2479 2063/2063/2063 111/111/111
f 111/111/111 2063/2063/2063 118/118/118
f 111/111/111 118/118/118 5967/5967/5967
f 5967/5967/5967 118/118/118 5862/5862/5862
f 5967/5967/5967 5862/5862/5862 6322/6322/6322
f 5967/5967/5967 6322/6322/6322 6342/6342/6342
f 6342/6342/6342 6322/6322/6322 6412/6412/6412
f 6342/6342/6342 6412/6412/6412 6458/6458/6458
f 6458/6458/6458 6412/6412/6412 6472/6472/6472
f 6458/6458/6458 6472/6472/6472 6513/6513/6513
f 6513/6513/6513 6472/6472/6472 6495/6495/6495
f 6513/6513/6513 6495/6495/6495 6528/6528/6528
f 6528/6528/6528 6495/6495/6495 6511/6511/6511
f 6511/6511/6511 6495/6495/6495 6470/6470/6470
f 6511/6511/6511 6470/6470/6470 6455/6455/6455
f 6455/6455/6455 6470/6470/6470 6410/6410/6410
f 6455/6455/6455 6410/6410/6410 6339/6339/6339
f 6339/6339/6339 6410/6410/6410 6319/6319/6319
f 6339/6339/6339 6319/6319/6319 5965/5965/5965
f 5965/5965/5965 6319/6319/6319 5860/5860/5860
f 5965/5965/5965 5860/5860/5860 110/110/110
f 110/110/110 5860/5860/5860 116/116/116
f 4482/4482/4482 4469/4469/4469 4523/4523/4523
f 4482/4482/4482 4523/4523/4523 4503/4503/4503
f 4503/4503/4503 4523/4523/4523 4541/4541/4541
f 4503/4503/4503 4541/4541/4541 4521/4521/4521
f 4503/4503/4503 4521/4521/4521 4479/4479/4479
f 4479/4479/4479 4521/4521/4521 4467/4467/4467
f 4479/4479/4479 4467/4467/4467 4417/4417/4417
f 4533/4533/4533 4537/4537/4537 4548/4548/4548
f 4548/4548/4548 4537/4537/4537 4559/4559/4559
f 4548/4548/4548 4559/4559/4559 4531/4531/4531
f 4548/4548/4548 4531/4531/4531 4539/4539/4539
f 4539/4539/4539 4531/4531/4531 4519/4519/4519
f 4531/4531/4531 4559/4559/4559 4535/4535/4535
f 4531/4531/4531 4535/4535/4535 4492/4492/4492
f 4559/4559/4559 4537/4537/4537 4547/4547/4547
f 4559/4559/4559 4547/4547/4547 4535/4535/4535
f 4547/4547/4547 4537/4537/4537 4530/4530/4530
f 4535/4535/4535 4547/4547/4547 4528/4528/4528
f 4528/4528/4528 4547/4547/4547 4516/4516/4516
f 4516/4516/4516 4547/4547/4547 4525/4525/4525
f 4535/4535/4535 4528/4528/4528 4489/4489/4489
f 4535/4535/4535 4489/4489/4489 4492/4492/4492
f 4489/4489/4489 4528/4528/4528 4476/4476/4476
f 4492/4492/4492 4489/4489/4489 4354/4354/4354
f 4354/4354/4354 4489/4489/4489 4350/4350/4350
f 4471/4471/4471 4478/4478/4478 4416/4416/4416
f 4471/4471/4471 4416/4416/4416 4409/4409/4409
f 4409/4409/4409 4416/4416/4416 4122/4122/4122
f 4409/4409/4409 4122/4122/4122 4077/4077/4077
f 4122/4122/4122 4416/4416/4416 4307/4307/4307
f 4307/4307/4307 4416/4416/4416 4466/4466/4466
f 4077/4077/4077 4122/4122/4122 2062/2062/2062
f 4077/4077/4077 2062/2062/2062 1938/1938/1938
f 1938/1938/1938 2062/2062/2062 115/115/115
f 1938/1938/1938 115/115/115 122/122/122
f 2062/2062/2062 4122/4122/4122 2478/2478/2478
f 2062/2062/2062 2478/2478/2478 115/115/115
f 2478/2478/2478 4122/4122/4122 4307/4307/4307
f 115/115/115 2478/2478/2478 109/109/109
f 4355/4355/4355 4307/4307/4307 4466/4466/4466
f 2478/2478/2478 4307/4307/4307 2566/2566/2566
f 2566/2566/2566 4307/4307/4307 4355/4355/4355
f 2478/2478/2478 2566/2566/2566 109/109/109
f 4355/4355/4355 4466/4466/4466 4493/4493/4493
f 4493/4493/4493 4466/4466/4466 4520/4520/4520
f 4493/4493/4493 4520/4520/4520 4532/4532/4532
f 2566/2566/2566 4355/4355/4355 4351/4351/4351
f 2566/2566/2566 4351/4351/4351 2562/2562/2562
f 2566/2566/2566 2562/2562/2562 105/105/105
f 2566/2566/2566 105/105/105 109/109/109
f 105/105/105 2562/2562/2562 102/102/102
f 109/109/109 105/105/105 5993/5993/5993
f 109/109/109 5993/5993/5993 5964/5964/5964
f 4349/4349/4349 4488/4488/4488 4475/4475/4475
f 4349/4349/4349 4475/4475/4475 4343/4343/4343
f 4349/4349/4349 4343/4343/4343 2561/2561/2561
f 97/97/97 101/101/101 2561/2561/2561
f 2561/2561/2561 4343/4343/4343 2558/2558/2558
f 2561/2561/2561 2558/2558/2558 97/97/97
f 2558/2558/2558 4343/4343/4343 2290/2290/2290
f 97/97/97 2558/2558/2558 93/93/93
f 93/93/93 2558/2558/2558 2290/2290/2290
f 97/97/97 93/93/93 5988/5988/5988
f 5988/5988/5988 93/93/93 5905/5905/5905
f 5988/5988/5988 5905/5905/5905 6350/6350/6350
f 5905/5905/5905 93/93/93 89/89/89
f 89/89/89 93/93/93 2290/2290/2290
f 5905/5905/5905 89/89/89 5785/5785/5785
f 6220/6220/6220 6271/6271/6271 5785/5785/5785
f 6220/6220/6220 5785/5785/5785 5696/5696/5696
f 5696/5696/5696 5785/5785/5785 85/85/85
f 85/85/85 5785/5785/5785 89/89/89
f 89/89/89 2290/2290/2290 1747/1747/1747
f 89/89/89 1747/1747/1747 85/85/85
f 85/85/85 1747/1747/1747 1586/1586/1586
f 85/85/85 1586/1586/1586 1514/1514/1514
f 85/85/85 1514/1514/1514 77/77/77
f 1514/1514/1514 1586/1586/1586 3722/3722/3722
f 3722/3722/3722 1586/1586/1586 1747/1747/1747
f 1514/1514/1514 3722/3722/3722 3632/3632/3632
f 3632/3632/3632 3722/3722/3722 4304/4304/4304
f 4304/4304/4304 3722/3722/3722 4340/4340/4340
f 3722/3722/3722 1747/1747/1747 3943/3943/3943
f 3722/3722/3722 3943/3943/3943 4340/4340/4340
f 3943/3943/3943 1747/1747/1747 2290/2290/2290
f 4340/4340/4340 3943/3943/3943 4399/4399/4399
f 4340/4340/4340 4399/4399/4399 4412/4412/4412
f 4412/4412/4412 4399/4399/4399 4444/4444/4444
f 4399/4399/4399 3943/3943/3943 4267/4267/4267
f 4267/4267/4267 3943/3943/3943 2290/2290/2290
f 4267/4267/4267 2290/2290/2290 4343/4343/4343
f 4399/4399/4399 4267/4267/4267 4449/4449/4449
f 4267/4267/4267 4343/4343/4343 4475/4475/4475
f 4267/4267/4267 4475/4475/4475 4449/4449/4449
f 4449/4449/4449 4475/4475/4475 4527/4527/4527
f 4449/4449/4449 4527/4527/4527 4515/4515/4515
f 4450/4450/4450 4517/4517/4517 4445/4445/4445
f 4450/4450/4450 4445/4445/4445 4400/4400/4400
f 4445/4445/4445 4517/4517/4517 4526/4526/4526
f 4445/4445/4445 4526/4526/4526 4464/4464/4464
f 4464/4464/4464 4526/4526/4526 4448/4448/4448
f 4341/4341/4341 4413/4413/4413 4405/4405/4405
f 4341/4341/4341 4405/4405/4405 4305/4305/4305
f 4405/4405/4405 4413/4413/4413 4423/4423/4423
f 4465/4465/4465 4413/4413/4413 4446/4446/4446
f 4413/4413/4413 4465/4465/4465 4434/4434/4434
f 4413/4413/4413 4434/4434/4434 4423/4423/4423
f 4423/4423/4423 4434/4434/4434 4415/4415/4415
f 4423/4423/4423 4415/4415/4415 4407/4407/4407
f 86/86/86 78/78/78 5665/5665/5665
f 86/86/86 5665/5665/5665 5697/5697/5697
f 5697/5697/5697 5665/5665/5665 6222/6222/6222
f 6222/6222/6222 5665/5665/5665 6194/6194/6194
f 6222/6222/6222 6194/6194/6194 6336/6336/6336
f 6222/6222/6222 6336/6336/6336 6345/6345/6345
f 5786/5786/5786 6273/6273/6273 5907/5907/5907
f 5907/5907/5907 6273/6273/6273 6333/6333/6333
f 6344/6344/6344 6335/6335/6335 6397/6397/6397
f 6344/6344/6344 6397/6397/6397 6405/6405/6405
f 6405/6405/6405 6397/6397/6397 6418/6418/6418
f 6405/6405/6405 6418/6418/6418 6428/6428/6428
f 6344/6344/6344 6405/6405/6405 6438/6438/6438
f 6405/6405/6405 6428/6428/6428 6452/6452/6452
f 6405/6405/6405 6452/6452/6452 6438/6438/6438
f 6452/6452/6452 6428/6428/6428 6406/6406/6406
f 6452/6452/6452 6406/6406/6406 6439/6439/6439
f 6439/6439/6439 6406/6406/6406 6347/6347/6347
f 6439/6439/6439 6347/6347/6347 6395/6395/6395
f 6438/6438/6438 6452/6452/6452 6514/6514/6514
f 6508/6508/6508 6514/6514/6514 6439/6439/6439
f 6394/6394/6394 6344/6344/6344 6438/6438/6438
f 6344/6344/6344 6394/6394/6394 6221/6221/6221
f 6221/6221/6221 6394/6394/6394 6272/6272/6272
f 6272/6272/6272 6394/6394/6394 6332/6332/6332
f 6351/6351/6351 5906/5906/5906 6332/6332/6332
f 6351/6351/6351 6332/6332/6332 6463/6463/6463
f 6332/6332/6332 6394/6394/6394 6442/6442/6442
f 6332/6332/6332 6442/6442/6442 6463/6463/6463
f 6442/6442/6442 6394/6394/6394 6438/6438/6438
f 6463/6463/6463 6442/6442/6442 6516/6516/6516
f 6463/6463/6463 6516/6516/6516 6478/6478/6478
f 6478/6478/6478 6516/6516/6516 6524/6524/6524
f 6442/6442/6442 6438/6438/6438 6507/6507/6507
f 6442/6442/6442 6507/6507/6507 6516/6516/6516
f 6507/6507/6507 6438/6438/6438 6514/6514/6514
f 6524/6524/6524 6516/6516/6516 6534/6534/6534
f 6534/6534/6534 6516/6516/6516 6507/6507/6507
f 6534/6534/6534 6507/6507/6507 6514/6514/6514
f 6524/6524/6524 6534/6534/6534 6547/6547/6547
f 6534/6534/6534 6514/6514/6514 6508/6508/6508
f 6534/6534/6534 6508/6508/6508 6518/6518/6518
f 6518/6518/6518 6508/6508/6508 6443/6443/6443
f 6518/6518/6518 6443/6443/6443 6466/6466/6466
f 6429/6429/6429 6419/6419/6419 6407/6407/6407
f 6407/6407/6407 6419/6419/6419 6398/6398/6398
f 6407/6407/6407 6398/6398/6398 6348/6348/6348
f 6348/6348/6348 6398/6398/6398 6338/6338/6338
f 6515/6515/6515 6453/6453/6453 6441/6441/6441
f 6346/6346/6346 6337/6337/6337 6223/6223/6223
f 6223/6223/6223 6337/6337/6337 6195/6195/6195
f 6223/6223/6223 6195/6195/6195 5666/5666/5666
f 5787/5787/5787 6274/6274/6274 6223/6223/6223
f 5787/5787/5787 6223/6223/6223 5698/5698/5698
f 5698/5698/5698 6223/6223/6223 5666/5666/5666
f 5787/5787/5787 5698/5698/5698 91/91/91
f 91/91/91 5698/5698/5698 88/88/88
f 88/88/88 5698/5698/5698 5666/5666/5666
f 88/88/88 5666/5666/5666 82/82/82
f 88/88/88 82/82/82 1516/1516/1516
f 88/88/88 1516/1516/1516 1588/1588/1588
f 6396/6396/6396 6349/6349/6349 6224/6224/6224
f 6396/6396/6396 6224/6224/6224 6275/6275/6275
f 6396/6396/6396 6275/6275/6275 6334/6334/6334
f 6396/6396/6396 6334/6334/6334 6444/6444/6444
f 6396/6396/6396 6444/6444/6444 6440/6440/6440
f 6440/6440/6440 6444/6444/6444 6509/6509/6509
f 6444/6444/6444 6334/6334/6334 6468/6468/6468
f 6468/6468/6468 6334/6334/6334 6354/6354/6354
f 6354/6354/6354 6334/6334/6334 5909/5909/5909
f 5909/5909/5909 6334/6334/6334 6275/6275/6275
f 5909/5909/5909 6275/6275/6275 5788/5788/5788
f 5909/5909/5909 5788/5788/5788 96/96/96
f 96/96/96 5788/5788/5788 92/92/92
f 87/87/87 1587/1587/1587 90/90/90
f 90/90/90 1587/1587/1587 1748/1748/1748
f 90/90/90 1748/1748/1748 94/94/94
f 1748/1748/1748 1587/1587/1587 3723/3723/3723
f 3723/3723/3723 1587/1587/1587 1515/1515/1515
f 3723/3723/3723 1515/1515/1515 3633/3633/3633
f 3723/3723/3723 3633/3633/3633 4306/4306/4306
f 3723/3723/3723 4306/4306/4306 4342/4342/4342
f 4342/4342/4342 4306/4306/4306 4406/4406/4406
f 1748/1748/1748 3723/3723/3723 3944/3944/3944
f 3944/3944/3944 3723/3723/3723 4342/4342/4342
f 4342/4342/4342 4406/4406/4406 4414/4414/4414
f 1748/1748/1748 3944/3944/3944 2291/2291/2291
f 1748/1748/1748 2291/2291/2291 94/94/94
f 3944/3944/3944 4342/4342/4342 4401/4401/4401
f 4401/4401/4401 4342/4342/4342 4414/4414/4414
f 4433/4433/4433 4463/4463/4463 4414/4414/4414
f 4414/4414/4414 4463/4463/4463 4447/4447/4447
f 4414/4414/4414 4447/4447/4447 4401/4401/4401
f 94/94/94 2291/2291/2291 2559/2559/2559
f 94/94/94 2559/2559/2559 99/99/99
f 4268/4268/4268 2291/2291/2291 3944/3944/3944
f 4268/4268/4268 3944/3944/3944 4401/4401/4401
f 2559/2559/2559 2291/2291/2291 4344/4344/4344
f 4344/4344/4344 2291/2291/2291 4268/4268/4268
f 2559/2559/2559 4344/4344/4344 4352/4352/4352
f 2559/2559/2559 4352/4352/4352 2563/2563/2563
f 4352/4352/4352 4344/4344/4344 4477/4477/4477
f 4477/4477/4477 4344/4344/4344 4268/4268/4268
f 4352/4352/4352 4477/4477/4477 4490/4490/4490
f 4268/4268/4268 4401/4401/4401 4451/4451/4451
f 4268/4268/4268 4451/4451/4451 4477/4477/4477
f 4451/4451/4451 4401/4401/4401 4447/4447/4447
f 4490/4490/4490 4477/4477/4477 4529/4529/4529
f 4529/4529/4529 4477/4477/4477 4451/4451/4451
f 4490/4490/4490 4529/4529/4529 4536/4536/4536
f 4451/4451/4451 4447/4447/4447 4518/4518/4518
f 4451/4451/4451 4518/4518/4518 4529/4529/4529
f 4518/4518/4518 4447/4447/4447 4524/4524/4524
f 4529/4529/4529 4518/4518/4518 4546/4546/4546
f 4546/4546/4546 4518/4518/4518 4524/4524/4524
f 2564/2564/2564 2567/2567/2567 104/104/104
f 2564/2564/2564 104/104/104 2560/2560/2560
f 104/104/104 2567/2567/2567 107/107/107
f 2560/2560/2560 104/104/104 100/100/100
f 104/104/104 107/107/107 5992/5992/5992
f 104/104/104 5992/5992/5992 100/100/100
f 5992/5992/5992 107/107/107 5995/5995/5995
f 5995/5995/5995 107/107/107 112/112/112
f 5995/5995/5995 112/112/112 5968/5968/5968
f 5995/5995/5995 5968/5968/5968 6343/6343/6343
f 5995/5995/5995 6343/6343/6343 6360/6360/6360
f 5995/5995/5995 6360/6360/6360 6357/6357/6357
f 5995/5995/5995 6357/6357/6357 5992/5992/5992
f 6467/6467/6467 6357/6357/6357 6482/6482/6482
f 6357/6357/6357 6467/6467/6467 6353/6353/6353
f 6357/6357/6357 6353/6353/6353 5992/5992/5992
f 5992/5992/5992 6353/6353/6353 5990/5990/5990
f 5992/5992/5992 5990/5990/5990 100/100/100
f 5990/5990/5990 6353/6353/6353 5908/5908/5908
f 100/100/100 5990/5990/5990 95/95/95
f 95/95/95 5990/5990/5990 5908/5908/5908
f 6465/6465/6465 6481/6481/6481 6517/6517/6517
f 6517/6517/6517 6481/6481/6481 6526/6526/6526
f 6517/6517/6517 6526/6526/6526 6533/6533/6533
f 6533/6533/6533 6526/6526/6526 6546/6546/6546
f 6356/6356/6356 6359/6359/6359 6481/6481/6481
f 6526/6526/6526 6481/6481/6481 6486/6486/6486
f 6486/6486/6486 6481/6481/6481 6359/6359/6359
f 6486/6486/6486 6359/6359/6359 6457/6457/6457
f 6457/6457/6457 6359/6359/6359 6341/6341/6341
f 6486/6486/6486 6457/6457/6457 6512/6512/6512
f 6526/6526/6526 6486/6486/6486 6522/6522/6522
f 6522/6522/6522 6486/6486/6486 6512/6512/6512
f 6526/6526/6526 6522/6522/6522 6546/6546/6546
f 6522/6522/6522 6512/6512/6512 6527/6527/6527
f 6546/6546/6546 6522/6522/6522 6535/6535/6535
f 6535/6535/6535 6522/6522/6522 6527/6527/6527
f 6546/6546/6546 6535/6535/6535 6523/6523/6523
f 6535/6535/6535 6527/6527/6527 6510/6510/6510
f 6523/6523/6523 6535/6535/6535 6520/6520/6520
f 6520/6520/6520 6535/6535/6535 6510/6510/6510
f 6520/6520/6520 6510/6510/6510 6454/6454/6454
f 6520/6520/6520 6454/6454/6454 6484/6484/6484
f 6479/6479/6479 6525/6525/6525 6521/6521/6521
f 6464/6464/6464 6480/6480/6480 6355/6355/6355
f 6464/6464/6464 6355/6355/6355 6352/6352/6352
f 6355/6355/6355 6480/6480/6480 6485/6485/6485
f 6352/6352/6352 6355/6355/6355 5989/5989/5989
f 6456/6456/6456 6340/6340/6340 6485/6485/6485
f 6485/6485/6485 6340/6340/6340 6358/6358/6358
f 6485/6485/6485 6358/6358/6358 6355/6355/6355
f 6358/6358/6358 6340/6340/6340 5966/5966/5966
f 6358/6358/6358 5966/5966/5966 5994/5994/5994
f 6358/6358/6358 5994/5994/5994 6355/6355/6355
f 5989/5989/5989 6355/6355/6355 5991/5991/5991
f 5991/5991/5991 6355/6355/6355 5994/5994/5994
f 5989/5989/5989 5991/5991/5991 103/103/103
f 103/103/103 5991/5991/5991 5994/5994/5994
f 5989/5989/5989 103/103/103 98/98/98
f 103/103/103 5994/5994/5994 106/106/106
f 6483/6483/6483 6477/6477/6477 6519/6519/6519
f 6409/6409/6409 6400/6400/6400 6318/6318/6318
f 6318/6318/6318 6400/6400/6400 6312/6312/6312
f 6318/6318/6318 6312/6312/6312 5859/5859/5859
f 5859/5859/5859 6312/6312/6312 5829/5829/5829
f 5859/5859/5859 5829/5829/5829 114/114/114
f 114/114/114 5829/5829/5829 120/120/120
f 5829/5829/5829 6312/6312/6312 5864/5864/5864
f 5864/5864/5864 6312/6312/6312 6324/6324/6324
f 6498/6498/6498 6538/6538/6538 6544/6544/6544
f 6498/6498/6498 6544/6544/6544 6505/6505/6505
f 6497/6497/6497 6504/6504/6504 6374/6374/6374
f 6374/6374/6374 6504/6504/6504 6379/6379/6379
f 6374/6374/6374 6379/6379/6379 6046/6046/6046
f 6379/6379/6379 6504/6504/6504 6368/6368/6368
f 6368/6368/6368 6504/6504/6504 6490/6490/6490
f 6379/6379/6379 6368/6368/6368 6011/6011/6011
f 6046/6046/6046 6379/6379/6379 6051/6051/6051
f 6046/6046/6046 6051/6051/6051 128/128/128
f 128/128/128 6051/6051/6051 136/136/136
f 128/128/128 136/136/136 2769/2769/2769
f 128/128/128 2769/2769/2769 2763/2763/2763
f 6503/6503/6503 6541/6541/6541 6489/6489/6489
f 6050/6050/6050 6378/6378/6378 6010/6010/6010
f 3884/3884/3884 3941/3941/3941 1744/1744/1744
f 3941/3941/3941 3884/3884/3884 4366/4366/4366
f 3884/3884/3884 1744/1744/1744 1677/1677/1677
f 3941/3941/3941 4366/4366/4366 4397/4397/4397
f 4397/4397/4397 4366/4366/4366 4429/4429/4429
f 1744/1744/1744 3941/3941/3941 3936/3936/3936
f 1744/1744/1744 3936/3936/3936 1738/1738/1738
f 4397/4397/4397 4429/4429/4429 4441/4441/4441
f 4441/4441/4441 4429/4429/4429 4456/4456/4456
f 4441/4441/4441 4456/4456/4456 4462/4462/4462
f 79/79/79 1677/1677/1677 1744/1744/1744
f 79/79/79 1744/1744/1744 73/73/73
f 79/79/79 73/73/73 5730/5730/5730
f 5730/5730/5730 73/73/73 5781/5781/5781
f 4367/4367/4367 3885/3885/3885 81/81/81
f 81/81/81 3885/3885/3885 1678/1678/1678
f 4367/4367/4367 81/81/81 4430/4430/4430
f 81/81/81 1678/1678/1678 80/80/80
f 4430/4430/4430 81/81/81 4457/4457/4457
f 4457/4457/4457 81/81/81 4432/4432/4432
f 4432/4432/4432 81/81/81 4369/4369/4369
f 4369/4369/4369 81/81/81 3887/3887/3887
f 3887/3887/3887 81/81/81 1680/1680/1680
f 81/81/81 80/80/80 5731/5731/5731
f 1680/1680/1680 81/81/81 84/84/84
f 76/76/76 84/84/84 5784/5784/5784
f 5784/5784/5784 84/84/84 5732/5732/5732
f 5732/5732/5732 84/84/84 81/81/81
f 5784/5784/5784 5732/5732/5732 6270/6270/6270
f 6270/6270/6270 5732/5732/5732 6254/6254/6254
f 6254/6254/6254 5732/5732/5732 81/81/81
f 6270/6270/6270 6254/6254/6254 6393/6393/6393
f 6393/6393/6393 6254/6254/6254 6367/6367/6367
f 6367/6367/6367 6254/6254/6254 81/81/81
f 6367/6367/6367 81/81/81 6427/6427/6427
f 6427/6427/6427 81/81/81 6448/6448/6448
f 6448/6448/6448 81/81/81 6425/6425/6425
f 6425/6425/6425 81/81/81 6365/6365/6365
f 6425/6425/6425 6365/6365/6365 6436/6436/6436
f 6436/6436/6436 6365/6365/6365 6391/6391/6391
f 6365/6365/6365 81/81/81 6253/6253/6253
f 6365/6365/6365 6253/6253/6253 6391/6391/6391
f 6253/6253/6253 81/81/81 5731/5731/5731
f 6391/6391/6391 6253/6253/6253 6267/6267/6267
f 6253/6253/6253 5731/5731/5731 5782/5782/5782
f 6253/6253/6253 5782/5782/5782 6267/6267/6267
f 3935/3935/3935 3940/3940/3940 4396/4396/4396
f 3935/3935/3935 4396/4396/4396 4392/4392/4392
f 4392/4392/4392 4396/4396/4396 4440/4440/4440
f 4392/4392/4392 4440/4440/4440 4435/4435/4435
f 4435/4435/4435 4440/4440/4440 4458/4458/4458
f 4458/4458/4458 4440/4440/4440 4460/4460/4460
f 4435/4435/4435 4458/4458/4458 4452/4452/4452
f 4435/4435/4435 4452/4452/4452 4424/4424/4424
f 4458/4458/4458 4460/4460/4460 4437/4437/4437
f 4437/4437/4437 4460/4460/4460 4442/4442/4442
f 1743/1743/1743 1737/1737/1737 72/72/72
f 72/72/72 1737/1737/1737 68/68/68
f 72/72/72 68/68/68 5780/5780/5780
f 5780/5780/5780 68/68/68 5775/5775/5775
f 5780/5780/5780 5775/5775/5775 6266/6266/6266
f 6266/6266/6266 5775/5775/5775 6260/6260/6260
f 6266/6266/6266 6260/6260/6260 6384/6384/6384
f 6266/6266/6266 6384/6384/6384 6389/6389/6389
f 1673/1673/1673 69/69/69 1739/1739/1739
f 69/69/69 1673/1673/1673 63/63/63
f 1673/1673/1673 1739/1739/1739 3880/3880/3880
f 69/69/69 63/63/63 5776/5776/5776
f 3880/3880/3880 1739/1739/1739 3937/3937/3937
f 5776/5776/5776 63/63/63 5726/5726/5726
f 5776/5776/5776 5726/5726/5726 6261/6261/6261
f 6261/6261/6261 5726/5726/5726 6249/6249/6249
f 3880/3880/3880 3937/3937/3937 4362/4362/4362
f 4362/4362/4362 3937/3937/3937 4393/4393/4393
f 4362/4362/4362 4393/4393/4393 4425/4425/4425
f 4425/4425/4425 4393/4393/4393 4436/4436/4436
f 64/64/64 1674/1674/1674 65/65/65
f 65/65/65 1674/1674/1674 3881/3881/3881
f 64/64/64 65/65/65 5727/5727/5727
f 65/65/65 3881/3881/3881 4363/4363/4363
f 5727/5727/5727 65/65/65 6251/6251/6251
f 65/65/65 4363/4363/4363 4426/4426/4426
f 6251/6251/6251 65/65/65 6362/6362/6362
f 65/65/65 4426/4426/4426 4454/4454/4454
f 6362/6362/6362 65/65/65 6421/6421/6421
f 65/65/65 4454/4454/4454 4428/4428/4428
f 6421/6421/6421 65/65/65 6446/6446/6446
f 65/65/65 4428/4428/4428 4365/4365/4365
f 6446/6446/6446 65/65/65 6423/6423/6423
f 65/65/65 4365/4365/4365 3883/3883/3883
f 65/65/65 3883/3883/3883 1676/1676/1676
f 65/65/65 1676/1676/1676 67/67/67
f 6423/6423/6423 65/65/65 6364/6364/6364
f 65/65/65 67/67/67 5729/5729/5729
f 65/65/65 5729/5729/5729 6252/6252/6252
f 65/65/65 6252/6252/6252 6364/6364/6364
f 6252/6252/6252 5729/5729/5729 5779/5779/5779
f 6252/6252/6252 5779/5779/5779 6265/6265/6265
f 6252/6252/6252 6265/6265/6265 6364/6364/6364
f 6364/6364/6364 6265/6265/6265 6388/6388/6388
f 4453/4453/4453 4459/4459/4459 4427/4427/4427
f 4427/4427/4427 4459/4459/4459 4439/4439/4439
f 4427/4427/4427 4439/4439/4439 4364/4364/4364
f 4364/4364/4364 4439/4439/4439 4395/4395/4395
f 4364/4364/4364 4395/4395/4395 3882/3882/3882
f 3882/3882/3882 4395/4395/4395 3938/3938/3938
f 3882/3882/3882 3938/3938/3938 1675/1675/1675
f 1675/1675/1675 3938/3938/3938 1740/1740/1740
f 1675/1675/1675 1740/1740/1740 66/66/66
f 66/66/66 1740/1740/1740 70/70/70
f 66/66/66 70/70/70 5728/5728/5728
f 5728/5728/5728 70/70/70 5777/5777/5777
f 4461/4461/4461 4455/4455/4455 4431/4431/4431
f 4461/4461/4461 4431/4431/4431 4443/4443/4443
f 4443/4443/4443 4431/4431/4431 4398/4398/4398
f 4398/4398/4398 4431/4431/4431 4368/4368/4368
f 4443/4443/4443 4398/4398/4398 4394/4394/4394
f 4443/4443/4443 4394/4394/4394 4438/4438/4438
f 4394/4394/4394 4398/4398/4398 3939/3939/3939
f 4398/4398/4398 4368/4368/4368 3942/3942/3942
f 4398/4398/4398 3942/3942/3942 3939/3939/3939
f 3939/3939/3939 3942/3942/3942 1741/1741/1741
f 3942/3942/3942 4368/4368/4368 3886/3886/3886
f 1741/1741/1741 3942/3942/3942 1745/1745/1745
f 1745/1745/1745 3942/3942/3942 3886/3886/3886
f 1745/1745/1745 3886/3886/3886 1679/1679/1679
f 1745/1745/1745 1679/1679/1679 74/74/74
f 74/74/74 1679/1679/1679 83/83/83
f 1742/1742/1742 1746/1746/1746 71/71/71
f 71/71/71 1746/1746/1746 75/75/75
f 71/71/71 75/75/75 5778/5778/5778
f 5778/5778/5778 75/75/75 5783/5783/5783
f 5778/5778/5778 5783/5783/5783 6264/6264/6264
f 6264/6264/6264 5783/5783/5783 6269/6269/6269
f 6263/6263/6263 6268/6268/6268 6386/6386/6386
f 6386/6386/6386 6268/6268/6268 6392/6392/6392
f 6386/6386/6386 6392/6392/6392 6432/6432/6432
f 6432/6432/6432 6392/6392/6392 6437/6437/6437
f 6437/6437/6437 6392/6392/6392 6366/6366/6366
f 6437/6437/6437 6366/6366/6366 6426/6426/6426
f 6432/6432/6432 6437/6437/6437 6449/6449/6449
f 6437/6437/6437 6426/6426/6426 6447/6447/6447
f 6449/6449/6449 6437/6437/6437 6451/6451/6451
f 6451/6451/6451 6437/6437/6437 6447/6447/6447
f 6449/6449/6449 6451/6451/6451 6430/6430/6430
f 6451/6451/6451 6447/6447/6447 6424/6424/6424
f 6430/6430/6430 6451/6451/6451 6434/6434/6434
f 6434/6434/6434 6451/6451/6451 6424/6424/6424
f 6363/6363/6363 6387/6387/6387 6422/6422/6422
f 6422/6422/6422 6387/6387/6387 6433/6433/6433
f 6422/6422/6422 6433/6433/6433 6445/6445/6445
f 6445/6445/6445 6433/6433/6433 6450/6450/6450
f 6445/6445/6445 6450/6450/6450 6420/6420/6420
f 6420/6420/6420 6450/6450/6450 6431/6431/6431
f 6420/6420/6420 6431/6431/6431 6361/6361/6361
f 6361/6361/6361 6431/6431/6431 6385/6385/6385
f 6361/6361/6361 6385/6385/6385 6250/6250/6250
f 6250/6250/6250 6385/6385/6385 6262/6262/6262
f 6385/6385/6385 6431/6431/6431 6390/6390/6390
f 6390/6390/6390 6431/6431/6431 6435/6435/6435
f 219/219/219 282/282/282 4749/4749/4749
f 4749/4749/4749 282/282/282 4616/4616/4616
f 4749/4749/4749 4616/4616/4616 5166/5166/5166
f 4749/4749/4749 5166/5166/5166 5186/5186/5186
f 220/220/220 4750/4750/4750 5187/5187/5187
f 220/220/220 5187/5187/5187 4618/4618/4618
f 4618/4618/4618 5187/5187/5187 5462/5462/5462
f 4618/4618/4618 5462/5462/5462 5130/5130/5130
f 5130/5130/5130 5462/5462/5462 5773/5773/5773
f 5130/5130/5130 5773/5773/5773 5461/5461/5461
f 5461/5461/5461 5773/5773/5773 5904/5904/5904
f 5461/5461/5461 5904/5904/5904 5817/5817/5817
f 5817/5817/5817 5904/5904/5904 6147/6147/6147
f 5817/5817/5817 6147/6147/6147 5963/5963/5963
f 5963/5963/5963 6147/6147/6147 6171/6171/6171
f 5963/5963/5963 6171/6171/6171 6130/6130/6130
f 280/280/280 218/218/218 4617/4617/4617
f 280/280/280 4617/4617/4617 216/216/216
f 216/216/216 4617/4617/4617 5129/5129/5129
f 216/216/216 5129/5129/5129 5016/5016/5016
f 5016/5016/5016 5129/5129/5129 5460/5460/5460
f 5016/5016/5016 5460/5460/5460 5367/5367/5367
f 5367/5367/5367 5460/5460/5460 5767/5767/5767
f 5767/5767/5767 5460/5460/5460 5816/5816/5816
f 5767/5767/5767 5816/5816/5816 5961/5961/5961
f 5767/5767/5767 5961/5961/5961 5959/5959/5959
f 5188/5188/5188 5168/5168/5168 5505/5505/5505
f 5188/5188/5188 5505/5505/5505 5463/5463/5463
f 5463/5463/5463 5505/5505/5505 5771/5771/5771
f 5463/5463/5463 5771/5771/5771 5774/5774/5774
f 5165/5165/5165 4614/4614/4614 5126/5126/5126
f 5126/5126/5126 4614/4614/4614 4690/4690/4690
f 4690/4690/4690 4614/4614/4614 212/212/212
f 5167/5167/5167 5128/5128/5128 5504/5504/5504
f 5504/5504/5504 5128/5128/5128 5366/5366/5366
f 5504/5504/5504 5366/5366/5366 5637/5637/5637
f 5504/5504/5504 5637/5637/5637 5770/5770/5770
f 5770/5770/5770 5637/5637/5637 5939/5939/5939
f 5939/5939/5939 5637/5637/5637 5815/5815/5815
f 5815/5815/5815 5637/5637/5637 5578/5578/5578
f 213/213/213 4615/4615/4615 281/281/281
f 215/215/215 283/283/283 217/217/217
f 215/215/215 217/217/217 4689/4689/4689
f 4689/4689/4689 217/217/217 5083/5083/5083
f 5083/5083/5083 217/217/217 5017/5017/5017
f 5083/5083/5083 5017/5017/5017 5269/5269/5269
f 5083/5083/5083 5269/5269/5269 5298/5298/5298
f 5269/5269/5269 5017/5017/5017 5368/5368/5368
f 5269/5269/5269 5368/5368/5368 5766/5766/5766
f 5766/5766/5766 5368/5368/5368 5768/5768/5768
f 5766/5766/5766 5768/5768/5768 5957/5957/5957
f 5957/5957/5957 5768/5768/5768 5960/5960/5960
f 5269/5269/5269 5766/5766/5766 5418/5418/5418
f 5269/5269/5269 5418/5418/5418 5267/5267/5267
f 5267/5267/5267 5418/5418/5418 5292/5292/5292
f 5127/5127/5127 4691/4691/4691 5125/5125/5125
f 5125/5125/5125 4691/4691/4691 214/214/214
f 5125/5125/5125 214/214/214 4688/4688/4688
f 5125/5125/5125 4688/4688/4688 5082/5082/5082
f 5127/5127/5127 5125/5125/5125 5365/5365/5365
f 5125/5125/5125 5082/5082/5082 5271/5271/5271
f 5125/5125/5125 5271/5271/5271 5365/5365/5365
f 5365/5365/5365 5271/5271/5271 5636/5636/5636
f 5270/5270/5270 5081/5081/5081 5297/5297/5297
f 5270/5270/5270 5297/5297/5297 5425/5425/5425
f 5270/5270/5270 5425/5425/5425 5576/5576/5576
f 5270/5270/5270 5576/5576/5576 5635/5635/5635
f 5576/5576/5576 5425/5425/5425 5690/5690/5690
f 5814/5814/5814 5577/5577/5577 5692/5692/5692
f 5814/5814/5814 5692/5692/5692 5891/5891/5891
f 5814/5814/5814 5891/5891/5891 5929/5929/5929
f 5814/5814/5814 5929/5929/5929 5937/5937/5937
f 5929/5929/5929 5891/5891/5891 5900/5900/5900
f 5900/5900/5900 5891/5891/5891 5725/5725/5725
f 5725/5725/5725 5891/5891/5891 5689/5689/5689
f 5900/5900/5900 5725/5725/5725 5763/5763/5763
f 5424/5424/5424 5296/5296/5296 5294/5294/5294
f 5424/5424/5424 5294/5294/5294 5421/5421/5421
f 5294/5294/5294 5296/5296/5296 5266/5266/5266
f 5266/5266/5266 5296/5296/5296 5268/5268/5268
f 5294/5294/5294 5266/5266/5266 5290/5290/5290
f 5294/5294/5294 5290/5290/5290 5329/5329/5329
f 5329/5329/5329 5290/5290/5290 5358/5358/5358
f 5693/5693/5693 5426/5426/5426 5423/5423/5423
f 5691/5691/5691 5422/5422/5422 5688/5688/5688
f 5691/5691/5691 5688/5688/5688 5890/5890/5890
f 5688/5688/5688 5422/5422/5422 5459/5459/5459
f 5688/5688/5688 5459/5459/5459 5724/5724/5724
f 5459/5459/5459 5422/5422/5422 5330/5330/5330
f 5330/5330/5330 5422/5422/5422 5295/5295/5295
f 5459/5459/5459 5330/5330/5330 5360/5360/5360
f 5459/5459/5459 5360/5360/5360 5499/5499/5499
f 5459/5459/5459 5499/5499/5499 5724/5724/5724
f 5499/5499/5499 5360/5360/5360 5411/5411/5411
f 5499/5499/5499 5411/5411/5411 5553/5553/5553
f 5499/5499/5499 5553/5553/5553 5724/5724/5724
f 5724/5724/5724 5553/5553/5553 5762/5762/5762
f 5361/5361/5361 5293/5293/5293 5364/5364/5364
f 5363/5363/5363 5291/5291/5291 5416/5416/5416
f 5363/5363/5363 5416/5416/5416 5415/5415/5415
f 5415/5415/5415 5416/5416/5416 5455/5455/5455
f 5359/5359/5359 5362/5362/5362 5413/5413/5413
f 5359/5359/5359 5413/5413/5413 5408/5408/5408
f 5772/5772/5772 5769/5769/5769 5902/5902/5902
f 5902/5902/5902 5769/5769/5769 5935/5935/5935
f 5903/5903/5903 5936/5936/5936 6143/6143/6143
f 5903/5903/5903 6143/6143/6143 6146/6146/6146
f 6172/6172/6172 6148/6148/6148 6144/6144/6144
f 6172/6172/6172 6144/6144/6144 6169/6169/6169
f 6172/6172/6172 6169/6169/6169 6128/6128/6128
f 6172/6172/6172 6128/6128/6128 6131/6131/6131
f 6128/6128/6128 6169/6169/6169 6126/6126/6126
f 6126/6126/6126 6169/6169/6169 6151/6151/6151
f 5958/5958/5958 5962/5962/5962 6129/6129/6129
f 5958/5958/5958 6129/6129/6129 6127/6127/6127
f 5958/5958/5958 6127/6127/6127 5955/5955/5955
f 5955/5955/5955 6127/6127/6127 6124/6124/6124
f 6125/6125/6125 6150/6150/6150 5956/5956/5956
f 5956/5956/5956 6150/6150/6150 6104/6104/6104
f 5956/5956/5956 6104/6104/6104 5765/5765/5765
f 5765/5765/5765 6104/6104/6104 5928/5928/5928
f 5765/5765/5765 5928/5928/5928 5417/5417/5417
f 6152/6152/6152 6170/6170/6170 6145/6145/6145
f 6152/6152/6152 6145/6145/6145 6105/6105/6105
f 6105/6105/6105 6145/6145/6145 5938/5938/5938
f 6105/6105/6105 5938/5938/5938 5933/5933/5933
f 5414/5414/5414 5453/5453/5453 5409/5409/5409
f 5420/5420/5420 5932/5932/5932 5934/5934/5934
f 5934/5934/5934 5932/5932/5932 6078/6078/6078
f 5420/5420/5420 5934/5934/5934 5503/5503/5503
f 5934/5934/5934 6078/6078/6078 6142/6142/6142
f 5503/5503/5503 5934/5934/5934 5695/5695/5695
f 5934/5934/5934 6142/6142/6142 6189/6189/6189
f 5695/5695/5695 5934/5934/5934 5858/5858/5858
f 5934/5934/5934 6189/6189/6189 6193/6193/6193
f 5858/5858/5858 5934/5934/5934 6008/6008/6008
f 5934/5934/5934 6193/6193/6193 6139/6139/6139
f 5934/5934/5934 6139/6139/6139 6008/6008/6008
f 5457/5457/5457 5419/5419/5419 5502/5502/5502
f 5454/5454/5454 5501/5501/5501 5575/5575/5575
f 5574/5574/5574 5500/5500/5500 5694/5694/5694
f 5574/5574/5574 5694/5694/5694 5827/5827/5827
f 5827/5827/5827 5694/5694/5694 5856/5856/5856
f 5574/5574/5574 5827/5827/5827 5356/5356/5356
f 5574/5574/5574 5356/5356/5356 5452/5452/5452
f 5356/5356/5356 5827/5827/5827 5755/5755/5755
f 5356/5356/5356 5755/5755/5755 5406/5406/5406
f 5406/5406/5406 5755/5755/5755 5753/5753/5753
f 5406/5406/5406 5753/5753/5753 5327/5327/5327
f 5327/5327/5327 5753/5753/5753 5722/5722/5722
f 5327/5327/5327 5722/5722/5722 5264/5264/5264
f 5264/5264/5264 5722/5722/5722 5626/5626/5626
f 5264/5264/5264 5626/5626/5626 5263/5263/5263
f 5263/5263/5263 5626/5626/5626 5550/5550/5550
f 5264/5264/5264 5263/5263/5263 5123/5123/5123
f 5263/5263/5263 5550/5550/5550 5164/5164/5164
f 5263/5263/5263 5164/5164/5164 5123/5123/5123
f 5123/5123/5123 5164/5164/5164 4946/4946/4946
f 5164/5164/5164 5550/5550/5550 5400/5400/5400
f 4946/4946/4946 5164/5164/5164 4685/4685/4685
f 5164/5164/5164 5400/5400/5400 4945/4945/4945
f 5164/5164/5164 4945/4945/4945 4685/4685/4685
f 4945/4945/4945 5400/5400/5400 4610/4610/4610
f 4945/4945/4945 4610/4610/4610 4685/4685/4685
f 4610/4610/4610 5400/5400/5400 5321/5321/5321
f 4685/4685/4685 4610/4610/4610 488/488/488
f 4610/4610/4610 5321/5321/5321 223/223/223
f 4610/4610/4610 223/223/223 488/488/488
f 223/223/223 5321/5321/5321 5227/5227/5227
f 488/488/488 223/223/223 619/619/619
f 223/223/223 5227/5227/5227 311/311/311
f 223/223/223 311/311/311 619/619/619
f 619/619/619 311/311/311 1021/1021/1021
f 5458/5458/5458 5357/5357/5357 5451/5451/5451
f 5451/5451/5451 5357/5357/5357 5570/5570/5570
f 5451/5451/5451 5570/5570/5570 5573/5573/5573
f 5570/5570/5570 5357/5357/5357 5664/5664/5664
f 5664/5664/5664 5357/5357/5357 5634/5634/5634
f 5634/5634/5634 5357/5357/5357 5407/5407/5407
f 5634/5634/5634 5407/5407/5407 5631/5631/5631
f 5631/5631/5631 5407/5407/5407 5497/5497/5497
f 5497/5497/5497 5407/5407/5407 5328/5328/5328
f 5497/5497/5497 5328/5328/5328 5325/5325/5325
f 5325/5325/5325 5328/5328/5328 5265/5265/5265
f 5325/5325/5325 5265/5265/5265 5124/5124/5124
f 5325/5325/5325 5124/5124/5124 5197/5197/5197
f 5197/5197/5197 5124/5124/5124 4947/4947/4947
f 5197/5197/5197 4947/4947/4947 5080/5080/5080
f 5080/5080/5080 4947/4947/4947 4687/4687/4687
f 5080/5080/5080 4687/4687/4687 5015/5015/5015
f 5456/5456/5456 5450/5450/5450 5412/5412/5412
f 5857/5857/5857 6007/6007/6007 5828/5828/5828
f 5828/5828/5828 6007/6007/6007 6122/6122/6122
f 6122/6122/6122 6007/6007/6007 6138/6138/6138
f 5828/5828/5828 6122/6122/6122 6135/6135/6135
f 5828/5828/5828 6135/6135/6135 5756/5756/5756
f 5756/5756/5756 6135/6135/6135 6075/6075/6075
f 5756/5756/5756 6075/6075/6075 5754/5754/5754
f 5754/5754/5754 6075/6075/6075 6073/6073/6073
f 5754/5754/5754 6073/6073/6073 5723/5723/5723
f 5723/5723/5723 6073/6073/6073 6089/6089/6089
f 5723/5723/5723 6089/6089/6089 5627/5627/5627
f 5627/5627/5627 6089/6089/6089 6071/6071/6071
f 5627/5627/5627 6071/6071/6071 5551/5551/5551
f 5551/5551/5551 6071/6071/6071 5953/5953/5953
f 5551/5551/5551 5953/5953/5953 5401/5401/5401
f 5401/5401/5401 5953/5953/5953 5925/5925/5925
f 5401/5401/5401 5925/5925/5925 5322/5322/5322
f 5322/5322/5322 5925/5925/5925 5887/5887/5887
f 5322/5322/5322 5887/5887/5887 5228/5228/5228
f 5228/5228/5228 5887/5887/5887 5869/5869/5869
f 5228/5228/5228 5869/5869/5869 5198/5198/5198
f 5228/5228/5228 5198/5198/5198 312/312/312
f 5198/5198/5198 5869/5869/5869 5790/5790/5790
f 5198/5198/5198 5790/5790/5790 5833/5833/5833
f 6121/6121/6121 6137/6137/6137 6192/6192/6192
f 6120/6120/6120 6191/6191/6191 6185/6185/6185
f 6123/6123/6123 6187/6187/6187 6136/6136/6136
f 6136/6136/6136 6187/6187/6187 6183/6183/6183
f 6136/6136/6136 6183/6183/6183 6179/6179/6179
f 6136/6136/6136 6179/6179/6179 6076/6076/6076
f 6076/6076/6076 6179/6179/6179 6074/6074/6074
f 6074/6074/6074 6179/6179/6179 6219/6219/6219
f 6074/6074/6074 6219/6219/6219 6090/6090/6090
f 6090/6090/6090 6219/6219/6219 6168/6168/6168
f 6090/6090/6090 6168/6168/6168 6072/6072/6072
f 6072/6072/6072 6168/6168/6168 5954/5954/5954
f 6190/6190/6190 6188/6188/6188 6184/6184/6184
f 6184/6184/6184 6188/6188/6188 6140/6140/6140
f 6141/6141/6141 6077/6077/6077 6186/6186/6186
f 5931/5931/5931 5899/5899/5899 6077/6077/6077
f 6077/6077/6077 5899/5899/5899 5987/5987/5987
f 6077/6077/6077 5987/5987/5987 6186/6186/6186
f 5987/5987/5987 5899/5899/5899 5760/5760/5760
f 5987/5987/5987 5760/5760/5760 5569/5569/5569
f 5987/5987/5987 5569/5569/5569 6006/6006/6006
f 5987/5987/5987 6006/6006/6006 6186/6186/6186
f 6186/6186/6186 6006/6006/6006 6181/6181/6181
f 6181/6181/6181 6006/6006/6006 6044/6044/6044
f 5898/5898/5898 5930/5930/5930 5901/5901/5901
f 5898/5898/5898 5901/5901/5901 5759/5759/5759
f 5759/5759/5759 5901/5901/5901 5764/5764/5764
f 5757/5757/5757 5761/5761/5761 5571/5571/5571
f 5571/5571/5571 5761/5761/5761 5552/5552/5552
f 5571/5571/5571 5552/5552/5552 5410/5410/5410
f 5571/5571/5571 5410/5410/5410 5449/5449/5449
f 5758/5758/5758 5572/5572/5572 5568/5568/5568
f 6004/6004/6004 5567/5567/5567 5662/5662/5662
f 6005/6005/6005 5663/5663/5663 6043/6043/6043
f 6043/6043/6043 5663/5663/5663 5633/5633/5633
f 6180/6180/6180 6042/6042/6042 6039/6039/6039
f 6038/6038/6038 6041/6041/6041 5632/5632/5632
f 6038/6038/6038 5632/5632/5632 5628/5628/5628
f 6178/6178/6178 6182/6182/6182 6040/6040/6040
f 6178/6178/6178 6040/6040/6040 6036/6036/6036
f 6036/6036/6036 6040/6040/6040 5630/5630/5630
f 6178/6178/6178 6036/6036/6036 6218/6218/6218
f 6218/6218/6218 6036/6036/6036 6070/6070/6070
f 5629/5629/5629 5496/5496/5496 6035/6035/6035
f 5498/5498/5498 5326/5326/5326 6037/6037/6037
f 6069/6069/6069 6034/6034/6034 5324/5324/5324
f 6167/6167/6167 6217/6217/6217 6066/6066/6066
f 6167/6167/6167 6066/6066/6066 5926/5926/5926
f 6167/6167/6167 5926/5926/5926 6064/6064/6064
f 6167/6167/6167 6064/6064/6064 5951/5951/5951
f 6064/6064/6064 5926/5926/5926 5888/5888/5888
f 6064/6064/6064 5888/5888/5888 5949/5949/5949
f 5949/5949/5949 5888/5888/5888 5813/5813/5813
f 5949/5949/5949 5813/5813/5813 5922/5922/5922
f 5922/5922/5922 5813/5813/5813 5721/5721/5721
f 5922/5922/5922 5721/5721/5721 5893/5893/5893
f 5893/5893/5893 5721/5721/5721 5639/5639/5639
f 5893/5893/5893 5639/5639/5639 5819/5819/5819
f 5819/5819/5819 5639/5639/5639 5507/5507/5507
f 5819/5819/5819 5507/5507/5507 5821/5821/5821
f 5821/5821/5821 5507/5507/5507 5372/5372/5372
f 5821/5821/5821 5372/5372/5372 5275/5275/5275
f 5821/5821/5821 5275/5275/5275 5699/5699/5699
f 5699/5699/5699 5275/5275/5275 5202/5202/5202
f 5821/5821/5821 5699/5699/5699 5912/5912/5912
f 5699/5699/5699 5202/5202/5202 5516/5516/5516
f 5912/5912/5912 5699/5699/5699 5795/5795/5795
f 5792/5792/5792 5699/5699/5699 5516/5516/5516
f 5792/5792/5792 5516/5516/5516 5589/5589/5589
f 5323/5323/5323 5195/5195/5195 5625/5625/5625
f 5625/5625/5625 5195/5195/5195 5403/5403/5403
f 5323/5323/5323 5625/5625/5625 6068/6068/6068
f 5927/5927/5927 6067/6067/6067 5624/5624/5624
f 5927/5927/5927 5624/5624/5624 5889/5889/5889
f 5889/5889/5889 5624/5624/5624 5402/5402/5402
f 5889/5889/5889 5402/5402/5402 5354/5354/5354
f 5889/5889/5889 5354/5354/5354 5812/5812/5812
f 5812/5812/5812 5354/5354/5354 5720/5720/5720
f 5720/5720/5720 5354/5354/5354 5225/5225/5225
f 5720/5720/5720 5225/5225/5225 5638/5638/5638
f 5638/5638/5638 5225/5225/5225 5131/5131/5131
f 5638/5638/5638 5131/5131/5131 5506/5506/5506
f 5506/5506/5506 5131/5131/5131 4862/4862/4862
f 5506/5506/5506 4862/4862/4862 5371/5371/5371
f 5371/5371/5371 4862/4862/4862 4754/4754/4754
f 5371/5371/5371 4754/4754/4754 5274/5274/5274
f 5274/5274/5274 4754/4754/4754 4619/4619/4619
f 5274/5274/5274 4622/4622/4622 5200/5200/5200
f 5405/5405/5405 5196/5196/5196 5079/5079/5079
f 5405/5405/5405 5079/5079/5079 5014/5014/5014
f 5355/5355/5355 5404/5404/5404 5013/5013/5013
f 5355/5355/5355 5013/5013/5013 5226/5226/5226
f 5226/5226/5226 5013/5013/5013 4608/4608/4608
f 5226/5226/5226 4608/4608/4608 5132/5132/5132
f 4608/4608/4608 5013/5013/5013 489/489/489
f 489/489/489 5013/5013/5013 4686/4686/4686
f 5132/5132/5132 4608/4608/4608 358/358/358
f 5132/5132/5132 358/358/358 4864/4864/4864
f 4864/4864/4864 358/358/358 551/551/551
f 6065/6065/6065 5950/5950/5950 5924/5924/5924
f 6065/6065/6065 5924/5924/5924 5952/5952/5952
f 5924/5924/5924 5950/5950/5950 5886/5886/5886
f 5886/5886/5886 5950/5950/5950 5923/5923/5923
f 5886/5886/5886 5923/5923/5923 5868/5868/5868
f 5868/5868/5868 5923/5923/5923 5892/5892/5892
f 5868/5868/5868 5892/5892/5892 5789/5789/5789
f 5789/5789/5789 5892/5892/5892 5818/5818/5818
f 5789/5789/5789 5818/5818/5818 5832/5832/5832
f 5832/5832/5832 5818/5818/5818 5910/5910/5910
f 5910/5910/5910 5818/5818/5818 5820/5820/5820
f 5910/5910/5910 5820/5820/5820 5911/5911/5911
f 5832/5832/5832 5910/5910/5910 5640/5640/5640
f 5640/5640/5640 5910/5910/5910 5911/5911/5911
f 5832/5832/5832 5640/5640/5640 5464/5464/5464
f 5640/5640/5640 5911/5911/5911 5642/5642/5642
f 5464/5464/5464 5640/5640/5640 5369/5369/5369
f 5642/5642/5642 5911/5911/5911 5794/5794/5794
f 5642/5642/5642 5794/5794/5794 5585/5585/5585
f 5585/5585/5585 5791/5791/5791 5587/5587/5587
f 5464/5464/5464 5369/5369/5369 5272/5272/5272
f 5427/5427/5427 5369/5369/5369 5642/5642/5642
f 5272/5272/5272 5369/5369/5369 5189/5189/5189
f 5189/5189/5189 5369/5369/5369 5299/5299/5299
f 5189/5189/5189 5299/5299/5299 4692/4692/4692
f 4692/4692/4692 5299/5299/5299 4806/4806/4806
f 4806/4806/4806 5299/5299/5299 4865/4865/4865
f 5299/5299/5299 5369/5369/5369 5300/5300/5300
f 5299/5299/5299 5300/5300/5300 4865/4865/4865
f 5300/5300/5300 5369/5369/5369 5427/5427/5427
f 4865/4865/4865 5300/5300/5300 4871/4871/4871
f 5300/5300/5300 5427/5427/5427 5232/5232/5232
f 5300/5300/5300 5232/5232/5232 4871/4871/4871
f 5232/5232/5232 5427/5427/5427 5331/5331/5331
f 4869/4869/4869 5232/5232/5232 4697/4697/4697
f 4609/4609/4609 490/490/490 620/620/620
f 4609/4609/4609 620/620/620 359/359/359
f 359/359/359 620/620/620 1024/1024/1024
f 359/359/359 1024/1024/1024 553/553/553
f 313/313/313 5199/5199/5199 4948/4948/4948
f 5465/5465/5465 5199/5199/5199 5834/5834/5834
f 5199/5199/5199 5465/5465/5465 5273/5273/5273
f 5199/5199/5199 5273/5273/5273 4948/4948/4948
f 4948/4948/4948 5273/5273/5273 4752/4752/4752
f 4752/4752/4752 5273/5273/5273 5190/5190/5190
f 4752/4752/4752 5190/5190/5190 4694/4694/4694
f 4948/4948/4948 4752/4752/4752 503/503/503
f 360/360/360 313/313/313 4948/4948/4948
f 360/360/360 4948/4948/4948 503/503/503
f 313/313/313 360/360/360 1231/1231/1231
f 1231/1231/1231 360/360/360 503/503/503
f 313/313/313 1231/1231/1231 1023/1023/1023
f 1231/1231/1231 503/503/503 1590/1590/1590
f 1022/1022/1022 1230/1230/1230 1293/1293/1293
f 1025/1025/1025 1296/1296/1296 552/552/552
f 1295/1295/1295 1232/1232/1232 1682/1682/1682
f 1682/1682/1682 1232/1232/1232 2396/2396/2396
f 2396/2396/2396 1232/1232/1232 1591/1591/1591
f 2396/2396/2396 1591/1591/1591 3452/3452/3452
f 3452/3452/3452 1591/1591/1591 3520/3520/3520
f 3520/3520/3520 1591/1591/1591 2151/2151/2151
f 3520/3520/3520 2151/2151/2151 3448/3448/3448
f 550/550/550 1294/1294/1294 1439/1439/1439
f 550/550/550 1439/1439/1439 679/679/679
f 1439/1439/1439 1294/1294/1294 1842/1842/1842
f 1842/1842/1842 1294/1294/1294 1681/1681/1681
f 1842/1842/1842 1681/1681/1681 2395/2395/2395
f 1439/1439/1439 1842/1842/1842 1750/1750/1750
f 1750/1750/1750 1842/1842/1842 2573/2573/2573
f 1750/1750/1750 2573/2573/2573 2398/2398/2398
f 2398/2398/2398 2573/2573/2573 2990/2990/2990
f 2398/2398/2398 2990/2990/2990 2782/2782/2782
f 3451/3451/3451 2573/2573/2573 2395/2395/2395
f 2782/2782/2782 2993/2993/2993 3065/3065/3065
f 3065/3065/3065 2993/2993/2993 2573/2573/2573
f 3065/3065/3065 2573/2573/2573 3451/3451/3451
f 2782/2782/2782 3065/3065/3065 3069/3069/3069
f 3069/3069/3069 3065/3065/3065 3451/3451/3451
f 3069/3069/3069 3451/3451/3451 3242/3242/3242
f 3242/3242/3242 3451/3451/3451 3519/3519/3519
f 3242/3242/3242 3519/3519/3519 3353/3353/3353
f 3353/3353/3353 3519/3519/3519 3447/3447/3447
f 3353/3353/3353 3447/3447/3447 3237/3237/3237
f 3237/3237/3237 3447/3447/3447 3144/3144/3144
f 3144/3144/3144 3447/3447/3447 2759/2759/2759
f 2759/2759/2759 3447/3447/3447 2150/2150/2150
f 3144/3144/3144 2759/2759/2759 2536/2536/2536
f 3144/3144/3144 2536/2536/2536 3147/3147/3147
f 1841/1841/1841 2394/2394/2394 2570/2570/2570
f 1589/1589/1589 502/502/502 2149/2149/2149
f 2149/2149/2149 502/502/502 881/881/881
f 2149/2149/2149 881/881/881 2758/2758/2758
f 2758/2758/2758 881/881/881 1225/1225/1225
f 881/881/881 502/502/502 221/221/221
f 221/221/221 502/502/502 4751/4751/4751
f 881/881/881 221/221/221 348/348/348
f 881/881/881 348/348/348 1225/1225/1225
f 1225/1225/1225 348/348/348 667/667/667
f 1225/1225/1225 667/667/667 1375/1375/1375
f 1375/1375/1375 667/667/667 1377/1377/1377
f 1377/1377/1377 667/667/667 608/608/608
f 1377/1377/1377 608/608/608 1157/1157/1157
f 1157/1157/1157 608/608/608 492/492/492
f 1157/1157/1157 492/492/492 1227/1227/1227
f 1227/1227/1227 492/492/492 429/429/429
f 1227/1227/1227 429/429/429 1383/1383/1383
f 1383/1383/1383 429/429/429 670/670/670
f 1383/1383/1383 670/670/670 1508/1508/1508
f 1508/1508/1508 670/670/670 807/807/807
f 1508/1508/1508 807/807/807 1835/1835/1835
f 807/807/807 670/670/670 350/350/350
f 350/350/350 670/670/670 276/276/276
f 807/807/807 350/350/350 278/278/278
f 1835/1835/1835 807/807/807 1019/1019/1019
f 1019/1019/1019 807/807/807 278/278/278
f 1019/1019/1019 278/278/278 432/432/432
f 1019/1019/1019 432/432/432 495/495/495
f 1019/1019/1019 495/495/495 845/845/845
f 3243/3243/3243 3354/3354/3354 2070/2070/2070
f 2070/2070/2070 3354/3354/3354 2154/2154/2154
f 2154/2154/2154 3354/3354/3354 3239/3239/3239
f 3243/3243/3243 2070/2070/2070 2072/2072/2072
f 3243/3243/3243 2072/2072/2072 3070/3070/3070
f 3070/3070/3070 2072/2072/2072 1844/1844/1844
f 3070/3070/3070 1844/1844/1844 2783/2783/2783
f 2783/2783/2783 1847/1847/1847 1685/1685/1685
f 2783/2783/2783 1685/1685/1685 2399/2399/2399
f 2153/2153/2153 3238/3238/3238 2148/2148/2148
f 2148/2148/2148 3238/3238/3238 2660/2660/2660
f 2148/2148/2148 2660/2660/2660 1928/1928/1928
f 2660/2660/2660 3238/3238/3238 3146/3146/3146
f 2660/2660/2660 3146/3146/3146 2663/2663/2663
f 2069/2069/2069 2152/2152/2152 812/812/812
f 2069/2069/2069 812/812/812 680/680/680
f 2069/2069/2069 680/680/680 2071/2071/2071
f 2071/2071/2071 680/680/680 1843/1843/1843
f 1843/1843/1843 680/680/680 688/688/688
f 1846/1846/1846 689/689/689 1683/1683/1683
f 1683/1683/1683 689/689/689 694/694/694
f 694/694/694 689/689/689 4870/4870/4870
f 694/694/694 4870/4870/4870 4696/4696/4696
f 5018/5018/5018 690/690/690 4867/4867/4867
f 4872/4872/4872 688/688/688 4866/4866/4866
f 4866/4866/4866 688/688/688 680/680/680
f 4866/4866/4866 680/680/680 4807/4807/4807
f 4807/4807/4807 680/680/680 812/812/812
f 4807/4807/4807 812/812/812 4693/4693/4693
f 4693/4693/4693 812/812/812 1/1/1
f 1/1/1 812/812/812 848/848/848
f 848/848/848 812/812/812 2152/2152/2152
f 1/1/1 848/848/848 145/145/145
f 848/848/848 2152/2152/2152 2147/2147/2147
f 145/145/145 848/848/848 949/949/949
f 949/949/949 848/848/848 2147/2147/2147
f 145/145/145 949/949/949 346/346/346
f 949/949/949 2147/2147/2147 1926/1926/1926
f 346/346/346 949/949/949 1018/1018/1018
f 1018/1018/1018 949/949/949 1926/1926/1926
f 346/346/346 1018/1018/1018 425/425/425
f 1018/1018/1018 1926/1926/1926 1829/1829/1829
f 425/425/425 1018/1018/1018 843/843/843
f 843/843/843 1018/1018/1018 1829/1829/1829
f 843/843/843 1829/1829/1829 1576/1576/1576
f 843/843/843 1576/1576/1576 610/610/610
f 610/610/610 1576/1576/1576 1381/1381/1381
f 610/610/610 1381/1381/1381 542/542/542
f 542/542/542 1381/1381/1381 1579/1579/1579
f 542/542/542 1579/1579/1579 751/751/751
f 751/751/751 1579/1579/1579 1584/1584/1584
f 751/751/751 1584/1584/1584 809/809/809
f 809/809/809 1584/1584/1584 1833/1833/1833
f 809/809/809 1833/1833/1833 1735/1735/1735
f 809/809/809 1735/1735/1735 811/811/811
f 811/811/811 1735/1735/1735 1839/1839/1839
f 811/811/811 1839/1839/1839 1511/1511/1511
f 811/811/811 1511/1511/1511 1092/1092/1092
f 811/811/811 1092/1092/1092 753/753/753
f 811/811/811 753/753/753 439/439/439
f 1927/1927/1927 2659/2659/2659 1830/1830/1830
f 1830/1830/1830 2659/2659/2659 2661/2661/2661
f 146/146/146 347/347/347 222/222/222
f 222/222/222 347/347/347 349/349/349
f 349/349/349 347/347/347 427/427/427
f 349/349/349 427/427/427 668/668/668
f 146/146/146 222/222/222 4753/4753/4753
f 146/146/146 4753/4753/4753 2/2/2
f 2/2/2 4753/4753/4753 4695/4695/4695
f 369/369/369 2991/2991/2991 2574/2574/2574
f 1848/1848/1848 2779/2779/2779 370/370/370
f 370/370/370 2779/2779/2779 2992/2992/2992
f 2781/2781/2781 1845/1845/1845 1944/1944/1944
f 1944/1944/1944 1845/1845/1845 693/693/693
f 693/693/693 1845/1845/1845 691/691/691
f 687/687/687 1848/1848/1848 370/370/370
f 693/693/693 691/691/691 5021/5021/5021
f 687/687/687 370/370/370 4873/4873/4873
f 5335/5335/5335 5021/5021/5021 4868/4868/4868
f 4873/4873/4873 370/370/370 5231/5231/5231
f 4868/4868/4868 5231/5231/5231 5335/5335/5335
f 5335/5335/5335 5231/5231/5231 5431/5431/5431
f 5335/5335/5335 5431/5431/5431 5514/5514/5514
f 2397/2397/2397 1684/1684/1684 361/361/361
f 361/361/361 1684/1684/1684 695/695/695
f 2397/2397/2397 361/361/361 1749/1749/1749
f 361/361/361 695/695/695 4699/4699/4699
f 1749/1749/1749 361/361/361 755/755/755
f 361/361/361 4699/4699/4699 5169/5169/5169
f 755/755/755 361/361/361 5201/5201/5201
f 361/361/361 5169/5169/5169 5588/5588/5588
f 5201/5201/5201 361/361/361 5515/5515/5515
f 5515/5515/5515 361/361/361 5588/5588/5588
f 2996/2996/2996 2989/2989/2989 2780/2780/2780
f 2996/2996/2996 2780/2780/2780 1943/1943/1943
f 2989/2989/2989 2996/2996/2996 3168/3168/3168
f 2989/2989/2989 3168/3168/3168 2571/2571/2571
f 2572/2572/2572 3169/3169/3169 2876/2876/2876
f 2569/2569/2569 2875/2875/2875 2293/2293/2293
f 2569/2569/2569 2293/2293/2293 362/362/362
f 362/362/362 2293/2293/2293 1941/1941/1941
f 1941/1941/1941 2293/2293/2293 2482/2482/2482
f 1941/1941/1941 2482/2482/2482 2155/2155/2155
f 2877/2877/2877 3170/3170/3170 2878/2878/2878
f 2877/2877/2877 2878/2878/2878 2483/2483/2483
f 2583/2583/2583 3170/3170/3170 2997/2997/2997
f 3170/3170/3170 2583/2583/2583 2878/2878/2878
f 2483/2483/2483 2878/2878/2878 2158/2158/2158
f 2878/2878/2878 2583/2583/2583 2303/2303/2303
f 2158/2158/2158 2878/2878/2878 2784/2784/2784
f 2784/2784/2784 2878/2878/2878 2303/2303/2303
f 2158/2158/2158 2784/2784/2784 2161/2161/2161
f 2161/2161/2161 2784/2784/2784 2082/2082/2082
f 2784/2784/2784 2303/2303/2303 2703/2703/2703
f 2784/2784/2784 2703/2703/2703 2082/2082/2082
f 2703/2703/2703 2303/2303/2303 2168/2168/2168
f 2082/2082/2082 2703/2703/2703 2102/2102/2102
f 2703/2703/2703 2168/2168/2168 2718/2718/2718
f 2703/2703/2703 2718/2718/2718 2102/2102/2102
f 2718/2718/2718 2168/2168/2168 2416/2416/2416
f 2718/2718/2718 2416/2416/2416 2808/2808/2808
f 2102/2102/2102 2718/2718/2718 2724/2724/2724
f 2724/2724/2724 2718/2718/2718 3197/3197/3197
f 2724/2724/2724 3197/3197/3197 3199/3199/3199
f 3199/3199/3199 3197/3197/3197 3672/3672/3672
f 3199/3199/3199 3672/3672/3672 2927/2927/2927
f 3672/3672/3672 3197/3197/3197 3569/3569/3569
f 2927/2927/2927 3672/3672/3672 3291/3291/3291
f 3291/3291/3291 3672/3672/3672 3569/3569/3569
f 3291/3291/3291 3569/3569/3569 3391/3391/3391
f 3391/3391/3391 3569/3569/3569 3289/3289/3289
f 2927/2927/2927 3291/3291/3291 2623/2623/2623
f 2927/2927/2927 2623/2623/2623 2330/2330/2330
f 3291/3291/3291 3391/3391/3391 2815/2815/2815
f 3291/3291/3291 2815/2815/2815 2623/2623/2623
f 2815/2815/2815 3391/3391/3391 3289/3289/3289
f 2623/2623/2623 2815/2815/2815 2624/2624/2624
f 2623/2623/2623 2624/2624/2624 2334/2334/2334
f 2334/2334/2334 2624/2624/2624 1981/1981/1981
f 1981/1981/1981 2624/2624/2624 2815/2815/2815
f 2815/2815/2815 3289/3289/3289 3095/3095/3095
f 3095/3095/3095 3289/3289/3289 3573/3573/3573
f 3095/3095/3095 3573/3573/3573 3295/3295/3295
f 3295/3295/3295 3573/3573/3573 3576/3576/3576
f 3576/3576/3576 3573/3573/3573 3572/3572/3572
f 3572/3572/3572 3573/3573/3573 3673/3673/3673
f 3572/3572/3572 3673/3673/3673 3285/3285/3285
f 3285/3285/3285 3673/3673/3673 3282/3282/3282
f 3285/3285/3285 3282/3282/3282 3278/3278/3278
f 3285/3285/3285 3278/3278/3278 3280/3280/3280
f 3280/3280/3280 3278/3278/3278 3091/3091/3091
f 3280/3280/3280 3091/3091/3091 3384/3384/3384
f 3384/3384/3384 3091/3091/3091 3185/3185/3185
f 3185/3185/3185 3091/3091/3091 3012/3012/3012
f 3185/3185/3185 3012/3012/3012 2901/2901/2901
f 3185/3185/3185 2901/2901/2901 3183/3183/3183
f 2292/2292/2292 2874/2874/2874 2481/2481/2481
f 2584/2584/2584 2998/2998/2998 1518/1518/1518
f 1518/1518/1518 2998/2998/2998 1946/1946/1946
f 2584/2584/2584 1518/1518/1518 1252/1252/1252
f 2584/2584/2584 1252/1252/1252 2304/2304/2304
f 2302/2302/2302 1250/1250/1250 2167/2167/2167
f 2167/2167/2167 1250/1250/1250 1300/1300/1300
f 1300/1300/1300 1250/1250/1250 441/441/441
f 1300/1300/1300 441/441/441 443/443/443
f 1251/1251/1251 1517/1517/1517 442/442/442
f 442/442/442 1517/1517/1517 554/554/554
f 554/554/554 1517/1517/1517 1945/1945/1945
f 554/554/554 1945/1945/1945 692/692/692
f 554/554/554 692/692/692 4949/4949/4949
f 554/554/554 4949/4949/4949 442/442/442
f 4949/4949/4949 692/692/692 5019/5019/5019
f 442/442/442 4949/4949/4949 4951/4951/4951
f 442/442/442 4951/4951/4951 444/444/444
f 444/444/444 4951/4951/4951 373/373/373
f 444/444/444 373/373/373 1301/1301/1301
f 373/373/373 4951/4951/4951 5086/5086/5086
f 373/373/373 5086/5086/5086 375/375/375
f 375/375/375 5086/5086/5086 5254/5254/5254
f 375/375/375 5254/5254/5254 5135/5135/5135
f 375/375/375 5135/5135/5135 631/631/631
f 4950/4950/4950 5020/5020/5020 5334/5334/5334
f 4950/4950/4950 5334/5334/5334 5376/5376/5376
f 5376/5376/5376 5334/5334/5334 5513/5513/5513
f 4950/4950/4950 5376/5376/5376 5307/5307/5307
f 4950/4950/4950 5307/5307/5307 4952/4952/4952
f 5581/5581/5581 5668/5668/5668 5376/5376/5376
f 5376/5376/5376 5668/5668/5668 5670/5670/5670
f 5376/5376/5376 5670/5670/5670 5307/5307/5307
f 5670/5670/5670 5668/5668/5668 5837/5837/5837
f 5798/5798/5798 5671/5671/5671 5670/5670/5670
f 5670/5670/5670 5671/5671/5671 5597/5597/5597
f 5670/5670/5670 5597/5597/5597 5556/5556/5556
f 5670/5670/5670 5556/5556/5556 5307/5307/5307
f 5556/5556/5556 5597/5597/5597 5649/5649/5649
f 5556/5556/5556 5649/5649/5649 5710/5710/5710
f 5307/5307/5307 5556/5556/5556 5475/5475/5475
f 5307/5307/5307 5475/5475/5475 4952/4952/4952
f 4952/4952/4952 5475/5475/5475 5087/5087/5087
f 5556/5556/5556 5710/5710/5710 5743/5743/5743
f 5556/5556/5556 5743/5743/5743 5475/5475/5475
f 5743/5743/5743 5710/5710/5710 6000/6000/6000
f 5087/5087/5087 5475/5475/5475 5716/5716/5716
f 5716/5716/5716 5475/5475/5475 5743/5743/5743
f 5087/5087/5087 5716/5716/5716 5255/5255/5255
f 5743/5743/5743 6000/6000/6000 6031/6031/6031
f 5743/5743/5743 6031/6031/6031 5716/5716/5716
f 6031/6031/6031 6000/6000/6000 6235/6235/6235
f 5255/5255/5255 5716/5716/5716 5541/5541/5541
f 5255/5255/5255 5541/5541/5541 5136/5136/5136
f 6235/6235/6235 6000/6000/6000 6119/6119/6119
f 5716/5716/5716 6031/6031/6031 6132/6132/6132
f 6132/6132/6132 6031/6031/6031 6235/6235/6235
f 5541/5541/5541 5716/5716/5716 5882/5882/5882
f 5882/5882/5882 5716/5716/5716 6132/6132/6132
f 5136/5136/5136 5541/5541/5541 5546/5546/5546
f 5546/5546/5546 5541/5541/5541 5882/5882/5882
f 5136/5136/5136 5546/5546/5546 5142/5142/5142
f 5142/5142/5142 5546/5546/5546 5320/5320/5320
f 5142/5142/5142 5320/5320/5320 4811/4811/4811
f 5320/5320/5320 5546/5546/5546 5883/5883/5883
f 5883/5883/5883 5546/5546/5546 5882/5882/5882
f 5320/5320/5320 5883/5883/5883 5810/5810/5810
f 5810/5810/5810 5883/5883/5883 6063/6063/6063
f 5883/5883/5883 5882/5882/5882 6149/6149/6149
f 6149/6149/6149 5882/5882/5882 6132/6132/6132
f 5883/5883/5883 6149/6149/6149 6063/6063/6063
f 6149/6149/6149 6132/6132/6132 6235/6235/6235
f 6063/6063/6063 6149/6149/6149 6283/6283/6283
f 6283/6283/6283 6149/6149/6149 6235/6235/6235
f 6063/6063/6063 6283/6283/6283 6216/6216/6216
f 6283/6283/6283 6235/6235/6235 6248/6248/6248
f 6248/6248/6248 6235/6235/6235 6119/6119/6119
f 6283/6283/6283 6248/6248/6248 6302/6302/6302
f 6248/6248/6248 6119/6119/6119 6237/6237/6237
f 6248/6248/6248 6237/6237/6237 6302/6302/6302
f 6237/6237/6237 6119/6119/6119 6102/6102/6102
f 6302/6302/6302 6237/6237/6237 6317/6317/6317
f 6317/6317/6317 6237/6237/6237 6245/6245/6245
f 6317/6317/6317 6245/6245/6245 6311/6311/6311
f 6317/6317/6317 6311/6311/6311 6306/6306/6306
f 6311/6311/6311 6245/6245/6245 6331/6331/6331
f 6331/6331/6331 6245/6245/6245 6297/6297/6297
f 6331/6331/6331 6297/6297/6297 6329/6329/6329
f 6329/6329/6329 6297/6297/6297 6280/6280/6280
f 6329/6329/6329 6280/6280/6280 6308/6308/6308
f 6308/6308/6308 6280/6280/6280 6242/6242/6242
f 6308/6308/6308 6242/6242/6242 6201/6201/6201
f 6308/6308/6308 6201/6201/6201 6231/6231/6231
f 6231/6231/6231 6201/6201/6201 6174/6174/6174
f 6231/6231/6231 6174/6174/6174 6156/6156/6156
f 6174/6174/6174 6201/6201/6201 6153/6153/6153
f 6153/6153/6153 6201/6201/6201 6108/6108/6108
f 5512/5512/5512 5429/5429/5429 5374/5374/5374
f 5374/5374/5374 5429/5429/5429 5302/5302/5302
f 5430/5430/5430 5230/5230/5230 5306/5306/5306
f 5304/5304/5304 5229/5229/5229 367/367/367
f 5373/5373/5373 5301/5301/5301 5508/5508/5508
f 5233/5233/5233 5332/5332/5332 5170/5170/5170
f 5233/5233/5233 5170/5170/5170 4698/4698/4698
f 5171/5171/5171 5333/5333/5333 5586/5586/5586
f 5171/5171/5171 5586/5586/5586 5590/5590/5590
f 5586/5586/5586 5333/5333/5333 5428/5428/5428
f 5586/5586/5586 5428/5428/5428 5644/5644/5644
f 5511/5511/5511 5305/5305/5305 5584/5584/5584
f 5583/5583/5583 5303/5303/5303 366/366/366
f 5375/5375/5375 5510/5510/5510 5580/5580/5580
f 5579/5579/5579 5509/5509/5509 5582/5582/5582
f 5579/5579/5579 5582/5582/5582 5667/5667/5667
f 5667/5667/5667 5582/5582/5582 5836/5836/5836
f 5836/5836/5836 5582/5582/5582 5793/5793/5793
f 5836/5836/5836 5793/5793/5793 5797/5797/5797
f 5793/5793/5793 5582/5582/5582 363/363/363
f 5797/5797/5797 5793/5793/5793 5700/5700/5700
f 5700/5700/5700 5793/5793/5793 363/363/363
f 5797/5797/5797 5700/5700/5700 5336/5336/5336
f 5336/5336/5336 5700/5700/5700 5276/5276/5276
f 5277/5277/5277 5700/5700/5700 363/363/363
f 5336/5336/5336 5276/5276/5276 4627/4627/4627
f 5277/5277/5277 363/363/363 4620/4620/4620
f 5276/5276/5276 4625/4625/4625 4627/4627/4627
f 4620/4620/4620 363/363/363 685/685/685
f 4627/4627/4627 4625/4625/4625 815/815/815
f 5643/5643/5643 5370/5370/5370 5641/5641/5641
f 4755/4755/4755 4863/4863/4863 549/549/549
f 4755/4755/4755 549/549/549 678/678/678
f 4755/4755/4755 678/678/678 4621/4621/4621
f 4621/4621/4621 678/678/678 683/683/683
f 683/683/683 678/678/678 1438/1438/1438
f 4623/4623/4623 683/683/683 756/756/756
f 4623/4623/4623 756/756/756 5203/5203/5203
f 5835/5835/5835 5796/5796/5796 5669/5669/5669
f 5672/5672/5672 5799/5799/5799 5337/5337/5337
f 5672/5672/5672 5337/5337/5337 5235/5235/5235
f 5672/5672/5672 5235/5235/5235 5598/5598/5598
f 5598/5598/5598 5235/5235/5235 5240/5240/5240
f 5236/5236/5236 5338/5338/5338 4629/4629/4629
f 5234/5234/5234 4628/4628/4628 4/4/4
f 5234/5234/5234 4/4/4 5239/5239/5239
f 5239/5239/5239 4/4/4 226/226/226
f 5239/5239/5239 226/226/226 8/8/8
f 3/3/3 4626/4626/4626 813/813/813
f 3/3/3 813/813/813 1163/1163/1163
f 1163/1163/1163 813/813/813 1592/1592/1592
f 3/3/3 1163/1163/1163 225/225/225
f 225/225/225 1163/1163/1163 1239/1239/1239
f 225/225/225 1239/1239/1239 1173/1173/1173
f 1239/1239/1239 1163/1163/1163 2156/2156/2156
f 1239/1239/1239 2156/2156/2156 2160/2160/2160
f 1239/1239/1239 2160/2160/2160 2081/2081/2081
f 814/814/814 4624/4624/4624 682/682/682
f 814/814/814 682/682/682 1594/1594/1594
f 5278/5278/5278 5596/5596/5596 5237/5237/5237
f 5596/5596/5596 5278/5278/5278 5648/5648/5648
f 5648/5648/5648 5278/5278/5278 5709/5709/5709
f 5709/5709/5709 5278/5278/5278 5281/5281/5281
f 5281/5281/5281 5278/5278/5278 5/5/5
f 5709/5709/5709 5281/5281/5281 5609/5609/5609
f 5609/5609/5609 5281/5281/5281 5/5/5
f 5709/5709/5709 5609/5609/5609 5999/5999/5999
f 5609/5609/5609 5/5/5 4808/4808/4808
f 5999/5999/5999 5609/5609/5609 5848/5848/5848
f 5999/5999/5999 5848/5848/5848 6118/6118/6118
f 5848/5848/5848 5609/5609/5609 5444/5444/5444
f 5444/5444/5444 5609/5609/5609 4808/4808/4808
f 5444/5444/5444 4808/4808/4808 5022/5022/5022
f 5444/5444/5444 5022/5022/5022 5193/5193/5193
f 5193/5193/5193 5022/5022/5022 4633/4633/4633
f 5193/5193/5193 4633/4633/4633 5138/5138/5138
f 5444/5444/5444 5193/5193/5193 5538/5538/5538
f 5444/5444/5444 5538/5538/5538 5851/5851/5851
f 5279/5279/5279 5238/5238/5238 6/6/6
f 1299/1299/1299 372/372/372 1253/1253/1253
f 1299/1299/1299 1253/1253/1253 2165/2165/2165
f 1254/1254/1254 371/371/371 1311/1311/1311
f 1254/1254/1254 1311/1311/1311 2166/2166/2166
f 1311/1311/1311 371/371/371 374/374/374
f 2166/2166/2166 1311/1311/1311 2415/2415/2415
f 2415/2415/2415 1311/1311/1311 2218/2218/2218
f 1311/1311/1311 374/374/374 1316/1316/1316
f 1316/1316/1316 374/374/374 627/627/627
f 1311/1311/1311 1316/1316/1316 2218/2218/2218
f 1396/1396/1396 1316/1316/1316 820/820/820
f 1316/1316/1316 1396/1396/1396 2218/2218/2218
f 2218/2218/2218 1396/1396/1396 2219/2219/2219
f 2415/2415/2415 2218/2218/2218 2807/2807/2807
f 2218/2218/2218 2219/2219/2219 2922/2922/2922
f 2218/2218/2218 2922/2922/2922 2807/2807/2807
f 2922/2922/2922 2219/2219/2219 3023/3023/3023
f 2807/2807/2807 2922/2922/2922 3568/3568/3568
f 3568/3568/3568 2922/2922/2922 3287/3287/3287
f 2807/2807/2807 3568/3568/3568 3196/3196/3196
f 2807/2807/2807 3196/3196/3196 2717/2717/2717
f 1317/1317/1317 630/630/630 823/823/823
f 629/629/629 5134/5134/5134 228/228/228
f 628/628/628 227/227/227 376/376/376
f 628/628/628 376/376/376 821/821/821
f 376/376/376 227/227/227 9/9/9
f 5133/5133/5133 5141/5141/5141 227/227/227
f 227/227/227 5141/5141/5141 9/9/9
f 9/9/9 5141/5141/5141 4810/4810/4810
f 5318/5318/5318 5088/5088/5088 4810/4810/4810
f 4810/4810/4810 5088/5088/5088 328/328/328
f 4810/4810/4810 328/328/328 319/319/319
f 4810/4810/4810 319/319/319 9/9/9
f 319/319/319 328/328/328 974/974/974
f 319/319/319 974/974/974 1319/1319/1319
f 9/9/9 319/319/319 772/772/772
f 772/772/772 319/319/319 1319/1319/1319
f 9/9/9 772/772/772 317/317/317
f 772/772/772 1319/1319/1319 1406/1406/1406
f 772/772/772 1406/1406/1406 1467/1467/1467
f 772/772/772 1467/1467/1467 1401/1401/1401
f 1401/1401/1401 1467/1467/1467 2811/2811/2811
f 1401/1401/1401 2811/2811/2811 2513/2513/2513
f 772/772/772 1401/1401/1401 564/564/564
f 564/564/564 1401/1401/1401 1461/1461/1461
f 564/564/564 1461/1461/1461 504/504/504
f 504/504/504 1461/1461/1461 1528/1528/1528
f 504/504/504 1528/1528/1528 625/625/625
f 625/625/625 1528/1528/1528 1618/1618/1618
f 625/625/625 1618/1618/1618 818/818/818
f 818/818/818 1618/1618/1618 1034/1034/1034
f 1034/1034/1034 1618/1618/1618 1763/1763/1763
f 1034/1034/1034 1763/1763/1763 2318/2318/2318
f 1034/1034/1034 2318/2318/2318 1692/1692/1692
f 1692/1692/1692 2318/2318/2318 2312/2312/2312
f 1034/1034/1034 1692/1692/1692 1170/1170/1170
f 460/460/460 824/824/824 377/377/377
f 824/824/824 460/460/460 900/900/900
f 460/460/460 377/377/377 318/318/318
f 318/318/318 377/377/377 10/10/10
f 460/460/460 318/318/318 565/565/565
f 460/460/460 565/565/565 507/507/507
f 565/565/565 318/318/318 773/773/773
f 5319/5319/5319 5808/5808/5808 5090/5090/5090
f 5809/5809/5809 6062/6062/6062 5825/5825/5825
f 5825/5825/5825 6062/6062/6062 6215/6215/6215
f 5809/5809/5809 5825/5825/5825 5547/5547/5547
f 5825/5825/5825 6215/6215/6215 6032/6032/6032
f 6032/6032/6032 6215/6215/6215 6285/6285/6285
f 6032/6032/6032 6285/6285/6285 6133/6133/6133
f 6133/6133/6133 6285/6285/6285 6176/6176/6176
f 6176/6176/6176 6285/6285/6285 6305/6305/6305
f 6176/6176/6176 6305/6305/6305 6211/6211/6211
f 6176/6176/6176 6211/6211/6211 5920/5920/5920
f 5920/5920/5920 6211/6211/6211 5947/5947/5947
f 6211/6211/6211 6305/6305/6305 6209/6209/6209
f 6209/6209/6209 6305/6305/6305 6229/6229/6229
f 6229/6229/6229 6305/6305/6305 6310/6310/6310
f 6229/6229/6229 6310/6310/6310 6234/6234/6234
f 6234/6234/6234 6310/6310/6310 6330/6330/6330
f 6234/6234/6234 6330/6330/6330 6227/6227/6227
f 6227/6227/6227 6330/6330/6330 6328/6328/6328
f 6227/6227/6227 6328/6328/6328 6206/6206/6206
f 6206/6206/6206 6328/6328/6328 6307/6307/6307
f 6213/6213/6213 6282/6282/6282 6300/6300/6300
f 6099/6099/6099 6117/6117/6117 5847/5847/5847
f 6236/6236/6236 6101/6101/6101 6244/6244/6244
f 6100/6100/6100 5849/5849/5849 5852/5852/5852
f 5853/5853/5853 5850/5850/5850 5445/5445/5445
f 6103/6103/6103 5855/5855/5855 6098/6098/6098
f 6098/6098/6098 5855/5855/5855 5807/5807/5807
f 6103/6103/6103 6098/6098/6098 6247/6247/6247
f 6246/6246/6246 6097/6097/6097 6298/6298/6298
f 6298/6298/6298 6097/6097/6097 6088/6088/6088
f 6298/6298/6298 6088/6088/6088 6281/6281/6281
f 6281/6281/6281 6088/6088/6088 6086/6086/6086
f 6281/6281/6281 6086/6086/6086 6061/6061/6061
f 6281/6281/6281 6061/6061/6061 6243/6243/6243
f 6303/6303/6303 6299/6299/6299 6316/6316/6316
f 6087/6087/6087 6096/6096/6096 5806/5806/5806
f 6087/6087/6087 5806/5806/5806 5717/5717/5717
f 6087/6087/6087 5717/5717/5717 6085/6085/6085
f 5854/5854/5854 5539/5539/5539 5806/5806/5806
f 5806/5806/5806 5539/5539/5539 5446/5446/5446
f 5446/5446/5446 5539/5539/5539 5287/5287/5287
f 5806/5806/5806 5446/5446/5446 5312/5312/5312
f 5806/5806/5806 5312/5312/5312 5717/5717/5717
f 5312/5312/5312 5446/5446/5446 5315/5315/5315
f 5717/5717/5717 5312/5312/5312 5752/5752/5752
f 5717/5717/5717 5752/5752/5752 6085/6085/6085
f 5752/5752/5752 5312/5312/5312 5398/5398/5398
f 6085/6085/6085 5752/5752/5752 5751/5751/5751
f 5751/5751/5751 5752/5752/5752 5398/5398/5398
f 6085/6085/6085 5751/5751/5751 6060/6060/6060
f 6060/6060/6060 5751/5751/5751 6058/6058/6058
f 5751/5751/5751 5398/5398/5398 5530/5530/5530
f 5751/5751/5751 5530/5530/5530 5748/5748/5748
f 5748/5748/5748 5530/5530/5530 5527/5527/5527
f 6233/6233/6233 6226/6226/6226 5982/5982/5982
f 6233/6233/6233 5982/5982/5982 6002/6002/6002
f 6233/6233/6233 6002/6002/6002 6228/6228/6228
f 6002/6002/6002 5982/5982/5982 5617/5617/5617
f 5617/5617/5617 5982/5982/5982 5613/5613/5613
f 6002/6002/6002 5617/5617/5617 5619/5619/5619
f 6002/6002/6002 5619/5619/5619 5622/5622/5622
f 6225/6225/6225 6205/6205/6205 5981/5981/5981
f 5981/5981/5981 6205/6205/6205 5996/5996/5996
f 6210/6210/6210 6230/6230/6230 5986/5986/5986
f 5986/5986/5986 6230/6230/6230 6003/6003/6003
f 6210/6210/6210 5986/5986/5986 5945/5945/5945
f 6210/6210/6210 5945/5945/5945 6212/6212/6212
f 6212/6212/6212 5945/5945/5945 5948/5948/5948
f 5985/5985/5985 6001/6001/6001 5621/5621/5621
f 5985/5985/5985 5621/5621/5621 5545/5545/5545
f 5545/5545/5545 5621/5621/5621 5257/5257/5257
f 5257/5257/5257 5621/5621/5621 5314/5314/5314
f 5944/5944/5944 5984/5984/5984 5542/5542/5542
f 5944/5944/5944 5542/5542/5542 5488/5488/5488
f 5944/5944/5944 5488/5488/5488 5946/5946/5946
f 5946/5946/5946 5488/5488/5488 5490/5490/5490
f 5946/5946/5946 5490/5490/5490 5919/5919/5919
f 5919/5919/5919 5490/5490/5490 5492/5492/5492
f 5489/5489/5489 5543/5543/5543 5214/5214/5214
f 5489/5489/5489 5214/5214/5214 5491/5491/5491
f 5491/5491/5491 5214/5214/5214 5259/5259/5259
f 5491/5491/5491 5259/5259/5259 5493/5493/5493
f 5259/5259/5259 5214/5214/5214 5137/5137/5137
f 6177/6177/6177 5921/5921/5921 5885/5885/5885
f 5885/5885/5885 5921/5921/5921 5495/5495/5495
f 5885/5885/5885 5495/5495/5495 5350/5350/5350
f 6177/6177/6177 5885/5885/5885 6134/6134/6134
f 6134/6134/6134 5885/5885/5885 5719/5719/5719
f 6134/6134/6134 5719/5719/5719 6033/6033/6033
f 6033/6033/6033 5719/5719/5719 5352/5352/5352
f 5352/5352/5352 5719/5719/5719 5220/5220/5220
f 6033/6033/6033 5352/5352/5352 5826/5826/5826
f 6304/6304/6304 6284/6284/6284 6301/6301/6301
f 6301/6301/6301 6284/6284/6284 6214/6214/6214
f 5884/5884/5884 5349/5349/5349 5718/5718/5718
f 5718/5718/5718 5349/5349/5349 5027/5027/5027
f 5718/5718/5718 5027/5027/5027 5218/5218/5218
f 5494/5494/5494 5260/5260/5260 5349/5349/5349
f 5349/5349/5349 5260/5260/5260 5024/5024/5024
f 5349/5349/5349 5024/5024/5024 5027/5027/5027
f 5024/5024/5024 5260/5260/5260 5139/5139/5139
f 5024/5024/5024 5139/5139/5139 4700/4700/4700
f 4700/4700/4700 5139/5139/5139 4635/4635/4635
f 4700/4700/4700 4635/4635/4635 461/461/461
f 4700/4700/4700 461/461/461 5024/5024/5024
f 461/461/461 4635/4635/4635 771/771/771
f 5024/5024/5024 461/461/461 4568/4568/4568
f 461/461/461 771/771/771 964/964/964
f 461/461/461 964/964/964 4568/4568/4568
f 964/964/964 771/771/771 1464/1464/1464
f 4568/4568/4568 964/964/964 320/320/320
f 320/320/320 964/964/964 380/380/380
f 11/11/11 4701/4701/4701 5024/5024/5024
f 4701/4701/4701 11/11/11 325/325/325
f 4701/4701/4701 325/325/325 380/380/380
f 4701/4701/4701 380/380/380 150/150/150
f 5024/5024/5024 4701/4701/4701 5027/5027/5027
f 5027/5027/5027 4701/4701/4701 150/150/150
f 518/518/518 5027/5027/5027 4757/4757/4757
f 5027/5027/5027 518/518/518 229/229/229
f 5027/5027/5027 229/229/229 5218/5218/5218
f 229/229/229 518/518/518 285/285/285
f 285/285/285 518/518/518 643/643/643
f 229/229/229 285/285/285 4638/4638/4638
f 229/229/229 4638/4638/4638 4764/4764/4764
f 229/229/229 4764/4764/4764 5218/5218/5218
f 5218/5218/5218 4764/4764/4764 5146/5146/5146
f 5448/5448/5448 5825/5825/5825 5351/5351/5351
f 5448/5448/5448 5351/5351/5351 5147/5147/5147
f 5147/5147/5147 5351/5351/5351 5219/5219/5219
f 5448/5448/5448 5147/5147/5147 5221/5221/5221
f 5825/5825/5825 5448/5448/5448 5353/5353/5353
f 5353/5353/5353 5448/5448/5448 5221/5221/5221
f 5825/5825/5825 5353/5353/5353 5547/5547/5547
f 5353/5353/5353 5221/5221/5221 5223/5223/5223
f 5547/5547/5547 5353/5353/5353 5261/5261/5261
f 5353/5353/5353 5223/5223/5223 5178/5178/5178
f 5353/5353/5353 5178/5178/5178 5261/5261/5261
f 5261/5261/5261 5178/5178/5178 5144/5144/5144
f 5144/5144/5144 5178/5178/5178 4879/4879/4879
f 5148/5148/5148 4765/4765/4765 5030/5030/5030
f 5030/5030/5030 4765/4765/4765 4639/4639/4639
f 5148/5148/5148 5030/5030/5030 5222/5222/5222
f 5222/5222/5222 5030/5030/5030 5176/5176/5176
f 5222/5222/5222 5176/5176/5176 5224/5224/5224
f 5224/5224/5224 5176/5176/5176 5177/5177/5177
f 5177/5177/5177 5176/5176/5176 5152/5152/5152
f 5224/5224/5224 5177/5177/5177 5179/5179/5179
f 5177/5177/5177 5152/5152/5152 5040/5040/5040
f 5177/5177/5177 5040/5040/5040 5099/5099/5099
f 5177/5177/5177 5099/5099/5099 5179/5179/5179
f 5099/5099/5099 5040/5040/5040 4819/4819/4819
f 5099/5099/5099 4819/4819/4819 5179/5179/5179
f 5179/5179/5179 4819/4819/4819 4880/4880/4880
f 4880/4880/4880 4819/4819/4819 20/20/20
f 4880/4880/4880 20/20/20 22/22/22
f 22/22/22 20/20/20 522/522/522
f 22/22/22 522/522/522 523/523/523
f 523/523/523 522/522/522 1051/1051/1051
f 1051/1051/1051 522/522/522 982/982/982
f 5029/5029/5029 4636/4636/4636 5094/5094/5094
f 5029/5029/5029 5094/5094/5094 5174/5174/5174
f 5095/5095/5095 4637/4637/4637 4759/4759/4759
f 4759/4759/4759 4637/4637/4637 284/284/284
f 4759/4759/4759 284/284/284 148/148/148
f 148/148/148 284/284/284 637/637/637
f 637/637/637 284/284/284 642/642/642
f 148/148/148 637/637/637 567/567/567
f 5175/5175/5175 5098/5098/5098 5173/5173/5173
f 5175/5175/5175 5173/5173/5173 5151/5151/5151
f 5172/5172/5172 5096/5096/5096 5031/5031/5031
f 5172/5172/5172 5031/5031/5031 5150/5150/5150
f 5150/5150/5150 5031/5031/5031 4889/4889/4889
f 5150/5150/5150 4889/4889/4889 4966/4966/4966
f 5150/5150/5150 4966/4966/4966 4973/4973/4973
f 5032/5032/5032 5097/5097/5097 4641/4641/4641
f 4641/4641/4641 5097/5097/5097 4762/4762/4762
f 5032/5032/5032 4641/4641/4641 4576/4576/4576
f 5032/5032/5032 4576/4576/4576 4891/4891/4891
f 4576/4576/4576 4641/4641/4641 286/286/286
f 4576/4576/4576 286/286/286 156/156/156
f 156/156/156 286/286/286 260/260/260
f 260/260/260 286/286/286 467/467/467
f 711/711/711 575/575/575 467/467/467
f 711/711/711 467/467/467 872/872/872
f 872/872/872 467/467/467 286/286/286
f 286/286/286 4641/4641/4641 708/708/708
f 286/286/286 708/708/708 872/872/872
f 708/708/708 4641/4641/4641 465/465/465
f 872/872/872 708/708/708 909/909/909
f 872/872/872 909/909/909 1059/1059/1059
f 909/909/909 708/708/708 905/905/905
f 5548/5548/5548 5262/5262/5262 5145/5145/5145
f 5548/5548/5548 5145/5145/5145 5091/5091/5091
f 5091/5091/5091 5145/5145/5145 4703/4703/4703
f 5811/5811/5811 5549/5549/5549 5093/5093/5093
f 5143/5143/5143 4878/4878/4878 21/21/21
f 5143/5143/5143 21/21/21 4702/4702/4702
f 5092/5092/5092 4704/4704/4704 331/331/331
f 331/331/331 4704/4704/4704 524/524/524
f 524/524/524 4704/4704/4704 23/23/23
f 331/331/331 524/524/524 902/902/902
f 902/902/902 524/524/524 1052/1052/1052
f 902/902/902 1052/1052/1052 1629/1629/1629
f 902/902/902 1629/1629/1629 1416/1416/1416
f 902/902/902 1416/1416/1416 979/979/979
f 1416/1416/1416 1629/1629/1629 2228/2228/2228
f 1416/1416/1416 2228/2228/2228 1989/1989/1989
f 4813/4813/4813 17/17/17 4817/4817/4817
f 4815/4815/4815 4818/4818/4818 5039/5039/5039
f 5089/5089/5089 330/330/330 329/329/329
f 329/329/329 330/330/330 978/978/978
f 978/978/978 330/330/330 901/901/901
f 329/329/329 978/978/978 975/975/975
f 975/975/975 978/978/978 1712/1712/1712
f 975/975/975 1712/1712/1712 1320/1320/1320
f 1320/1320/1320 1712/1712/1712 2424/2424/2424
f 1712/1712/1712 978/978/978 1709/1709/1709
f 1709/1709/1709 978/978/978 1413/1413/1413
f 1712/1712/1712 1709/1709/1709 2626/2626/2626
f 1712/1712/1712 2626/2626/2626 2424/2424/2424
f 2424/2424/2424 2626/2626/2626 3294/3294/3294
f 1050/1050/1050 980/980/980 1628/1628/1628
f 1628/1628/1628 980/980/980 1468/1468/1468
f 1628/1628/1628 1468/1468/1468 2225/2225/2225
f 981/981/981 520/520/520 384/384/384
f 981/981/981 384/384/384 778/778/778
f 981/981/981 778/778/778 1470/1470/1470
f 1470/1470/1470 778/778/778 969/969/969
f 1470/1470/1470 969/969/969 1777/1777/1777
f 1777/1777/1777 969/969/969 1533/1533/1533
f 386/386/386 521/521/521 18/18/18
f 387/387/387 19/19/19 14/14/14
f 13/13/13 16/16/16 4812/4812/4812
f 388/388/388 15/15/15 231/231/231
f 231/231/231 15/15/15 4816/4816/4816
f 231/231/231 4816/4816/4816 169/169/169
f 231/231/231 169/169/169 466/466/466
f 466/466/466 169/169/169 471/471/471
f 231/231/231 466/466/466 646/646/646
f 466/466/466 471/471/471 652/652/652
f 646/646/646 466/466/466 709/709/709
f 709/709/709 466/466/466 652/652/652
f 646/646/646 709/709/709 1132/1132/1132
f 709/709/709 652/652/652 911/911/911
f 1132/1132/1132 709/709/709 1329/1329/1329
f 1329/1329/1329 709/709/709 911/911/911
f 1329/1329/1329 911/911/911 1140/1140/1140
f 1140/1140/1140 911/911/911 1063/1063/1063
f 1132/1132/1132 1329/1329/1329 1325/1325/1325
f 1132/1132/1132 1325/1325/1325 1322/1322/1322
f 1325/1325/1325 1329/1329/1329 1478/1478/1478
f 1325/1325/1325 1478/1478/1478 1539/1539/1539
f 1325/1325/1325 1539/1539/1539 1421/1421/1421
f 1539/1539/1539 1478/1478/1478 1634/1634/1634
f 1421/1421/1421 1539/1539/1539 2119/2119/2119
f 1421/1421/1421 2119/2119/2119 1781/1781/1781
f 1539/1539/1539 1634/1634/1634 2232/2232/2232
f 2232/2232/2232 1634/1634/1634 1784/1784/1784
f 1539/1539/1539 2232/2232/2232 2732/2732/2732
f 2732/2732/2732 2232/2232/2232 3300/3300/3300
f 2232/2232/2232 1784/1784/1784 1885/1885/1885
f 3300/3300/3300 2232/2232/2232 3035/3035/3035
f 3035/3035/3035 2232/2232/2232 1885/1885/1885
f 3035/3035/3035 1885/1885/1885 2242/2242/2242
f 385/385/385 230/230/230 645/645/645
f 385/385/385 645/645/645 779/779/779
f 779/779/779 645/645/645 1046/1046/1046
f 1414/1414/1414 1988/1988/1988 1985/1985/1985
f 1984/1984/1984 1987/1987/1987 2110/2110/2110
f 2108/2108/2108 1986/1986/1986 2226/2226/2226
f 2108/2108/2108 2226/2226/2226 2113/2113/2113
f 1983/1983/1983 2107/2107/2107 1410/1410/1410
f 1411/1411/1411 2109/2109/2109 968/968/968
f 968/968/968 2109/2109/2109 2105/2105/2105
f 2114/2114/2114 2227/2227/2227 1471/1471/1471
f 2111/2111/2111 2115/2115/2115 2106/2106/2106
f 2106/2106/2106 2115/2115/2115 1778/1778/1778
f 2106/2106/2106 1778/1778/1778 1775/1775/1775
f 1775/1775/1775 1778/1778/1778 1537/1537/1537
f 1537/1537/1537 1778/1778/1778 1534/1534/1534
f 2112/2112/2112 1469/1469/1469 1776/1776/1776
f 2104/2104/2104 1774/1774/1774 967/967/967
f 967/967/967 1774/1774/1774 1408/1408/1408
f 1408/1408/1408 1774/1774/1774 1536/1536/1536
f 1407/1407/1407 1535/1535/1535 1532/1532/1532
f 1407/1407/1407 1532/1532/1532 966/966/966
f 977/977/977 973/973/973 781/781/781
f 973/973/973 977/977/977 1120/1120/1120
f 1120/1120/1120 977/977/977 1048/1048/1048
f 1120/1120/1120 1048/1048/1048 1126/1126/1126
f 1120/1120/1120 1126/1126/1126 1124/1124/1124
f 1120/1120/1120 1124/1124/1124 867/867/867
f 973/973/973 1120/1120/1120 1404/1404/1404
f 973/973/973 1404/1404/1404 1627/1627/1627
f 1627/1627/1627 1404/1404/1404 2224/2224/2224
f 1627/1627/1627 2224/2224/2224 2621/2621/2621
f 2621/2621/2621 2224/2224/2224 3028/3028/3028
f 3028/3028/3028 2224/2224/2224 2726/2726/2726
f 3028/3028/3028 2726/2726/2726 2511/2511/2511
f 2726/2726/2726 2224/2224/2224 2222/2222/2222
f 2511/2511/2511 2726/2726/2726 1977/1977/1977
f 1977/1977/1977 2726/2726/2726 2222/2222/2222
f 2511/2511/2511 1977/1977/1977 1766/1766/1766
f 1766/1766/1766 1977/1977/1977 1531/1531/1531
f 1531/1531/1531 1977/1977/1977 2222/2222/2222
f 1531/1531/1531 2222/2222/2222 1400/1400/1400
f 1400/1400/1400 2222/2222/2222 1185/1185/1185
f 1400/1400/1400 1185/1185/1185 864/864/864
f 1185/1185/1185 2222/2222/2222 1625/1625/1625
f 976/976/976 780/780/780 1047/1047/1047
f 1049/1049/1049 647/647/647 1133/1133/1133
f 1049/1049/1049 1133/1133/1133 1323/1323/1323
f 1049/1049/1049 1323/1323/1323 1127/1127/1127
f 1127/1127/1127 1323/1323/1323 1419/1419/1419
f 1127/1127/1127 1419/1419/1419 1474/1474/1474
f 1127/1127/1127 1474/1474/1474 1125/1125/1125
f 1321/1321/1321 1324/1324/1324 1420/1420/1420
f 1321/1321/1321 1420/1420/1420 1417/1417/1417
f 1417/1417/1417 1420/1420/1420 1779/1779/1779
f 1418/1418/1418 1782/1782/1782 2231/2231/2231
f 1418/1418/1418 2231/2231/2231 1473/1473/1473
f 1473/1473/1473 2231/2231/2231 2117/2117/2117
f 1473/1473/1473 2117/2117/2117 1991/1991/1991
f 1473/1473/1473 1991/1991/1991 1189/1189/1189
f 1189/1189/1189 1991/1991/1991 1476/1476/1476
f 1189/1189/1189 1476/1476/1476 986/986/986
f 1991/1991/1991 2117/2117/2117 2429/2429/2429
f 2429/2429/2429 2117/2117/2117 2517/2517/2517
f 2517/2517/2517 2117/2117/2117 2427/2427/2427
f 2230/2230/2230 1780/1780/1780 2118/2118/2118
f 2230/2230/2230 2118/2118/2118 2627/2627/2627
f 2230/2230/2230 2627/2627/2627 2426/2426/2426
f 2426/2426/2426 2627/2627/2627 2730/2730/2730
f 2426/2426/2426 2730/2730/2730 2516/2516/2516
f 2730/2730/2730 2627/2627/2627 3296/3296/3296
f 3296/3296/3296 2627/2627/2627 2118/2118/2118
f 2730/2730/2730 3296/3296/3296 3487/3487/3487
f 3296/3296/3296 2118/2118/2118 2731/2731/2731
f 2731/2731/2731 2118/2118/2118 1538/1538/1538
f 3296/3296/3296 2731/2731/2731 3299/3299/3299
f 3296/3296/3296 3299/3299/3299 3758/3758/3758
f 3296/3296/3296 3758/3758/3758 3487/3487/3487
f 3487/3487/3487 3758/3758/3758 3988/3988/3988
f 1631/1631/1631 1477/1477/1477 1326/1326/1326
f 1632/1632/1632 1327/1327/1327 1422/1422/1422
f 1633/1633/1633 1423/1423/1423 1783/1783/1783
f 1783/1783/1783 1423/1423/1423 1268/1268/1268
f 1783/1783/1783 1268/1268/1268 1196/1196/1196
f 1783/1783/1783 1196/1196/1196 1884/1884/1884
f 1884/1884/1884 1196/1196/1196 1797/1797/1797
f 1797/1797/1797 1196/1196/1196 1339/1339/1339
f 1424/1424/1424 1328/1328/1328 1269/1269/1269
f 1269/1269/1269 1328/1328/1328 1139/1139/1139
f 1269/1269/1269 1139/1139/1139 1143/1143/1143
f 1269/1269/1269 1143/1143/1143 1198/1198/1198
f 1141/1141/1141 1138/1138/1138 1060/1060/1060
f 1141/1141/1141 1060/1060/1060 1270/1270/1270
f 1270/1270/1270 1060/1060/1060 989/989/989
f 1062/1062/1062 910/910/910 826/826/826
f 826/826/826 910/910/910 651/651/651
f 826/826/826 651/651/651 716/716/716
f 826/826/826 716/716/716 991/991/991
f 716/716/716 651/651/651 525/525/525
f 525/525/525 651/651/651 333/333/333
f 1061/1061/1061 825/825/825 990/990/990
f 1142/1142/1142 1271/1271/1271 1340/1340/1340
f 1142/1142/1142 1340/1340/1340 1197/1197/1197
f 1341/1341/1341 1272/1272/1272 1551/1551/1551
f 1341/1341/1341 1551/1551/1551 1554/1554/1554
f 1554/1554/1554 1551/1551/1551 1798/1798/1798
f 1798/1798/1798 1551/1551/1551 1793/1793/1793
f 1796/1796/1796 1338/1338/1338 1553/1553/1553
f 1552/1552/1552 1273/1273/1273 1277/1277/1277
f 1552/1552/1552 1277/1277/1277 1648/1648/1648
f 1552/1552/1552 1648/1648/1648 1794/1794/1794
f 1277/1277/1277 1273/1273/1273 992/992/992
f 1277/1277/1277 992/992/992 927/927/927
f 927/927/927 992/992/992 722/722/722
f 927/927/927 722/722/722 788/788/788
f 722/722/722 992/992/992 717/717/717
f 788/788/788 722/722/722 725/725/725
f 722/722/722 717/717/717 577/577/577
f 577/577/577 717/717/717 526/526/526
f 725/725/725 722/722/722 476/476/476
f 577/577/577 526/526/526 472/472/472
f 472/472/472 526/526/526 334/334/334
f 722/722/722 577/577/577 392/392/392
f 722/722/722 392/392/392 476/476/476
f 577/577/577 472/472/472 289/289/289
f 577/577/577 289/289/289 392/392/392
f 289/289/289 472/472/472 235/235/235
f 235/235/235 472/472/472 288/288/288
f 235/235/235 288/288/288 159/159/159
f 289/289/289 235/235/235 171/171/171
f 289/289/289 171/171/171 392/392/392
f 392/392/392 171/171/171 270/270/270
f 270/270/270 171/171/171 4585/4585/4585
f 270/270/270 4585/4585/4585 25/25/25
f 270/270/270 25/25/25 31/31/31
f 270/270/270 31/31/31 271/271/271
f 270/270/270 271/271/271 476/476/476
f 271/271/271 31/31/31 174/174/174
f 271/271/271 174/174/174 291/291/291
f 271/271/271 291/291/291 476/476/476
f 476/476/476 291/291/291 589/589/589
f 476/476/476 589/589/589 725/725/725
f 725/725/725 589/589/589 829/829/829
f 589/589/589 291/291/291 527/527/527
f 829/829/829 589/589/589 792/792/792
f 792/792/792 589/589/589 527/527/527
f 527/527/527 291/291/291 245/245/245
f 245/245/245 291/291/291 4594/4594/4594
f 4594/4594/4594 291/291/291 33/33/33
f 4594/4594/4594 33/33/33 4743/4743/4743
f 527/527/527 245/245/245 403/403/403
f 527/527/527 403/403/403 792/792/792
f 403/403/403 245/245/245 295/295/295
f 403/403/403 295/295/295 660/660/660
f 403/403/403 660/660/660 738/738/738
f 403/403/403 738/738/738 792/792/792
f 738/738/738 660/660/660 1151/1151/1151
f 1002/1002/1002 829/829/829 792/792/792
f 1002/1002/1002 792/792/792 738/738/738
f 829/829/829 1002/1002/1002 1149/1149/1149
f 738/738/738 1151/1151/1151 940/940/940
f 738/738/738 940/940/940 1002/1002/1002
f 940/940/940 1151/1151/1151 1211/1211/1211
f 1002/1002/1002 940/940/940 1283/1283/1283
f 1283/1283/1283 940/940/940 1211/1211/1211
f 1002/1002/1002 1283/1283/1283 1149/1149/1149
f 1211/1211/1211 1151/1151/1151 1563/1563/1563
f 1149/1149/1149 1283/1283/1283 1367/1367/1367
f 1149/1149/1149 1367/1367/1367 1485/1485/1485
f 1149/1149/1149 1485/1485/1485 1560/1560/1560
f 1211/1211/1211 1563/1563/1563 1666/1666/1666
f 1666/1666/1666 1563/1563/1563 1903/1903/1903
f 1666/1666/1666 1903/1903/1903 2260/2260/2260
f 1795/1795/1795 1791/1791/1791 1881/1881/1881
f 1882/1882/1882 1790/1790/1790 2003/2003/2003
f 2003/2003/2003 1790/1790/1790 2006/2006/2006
f 2008/2008/2008 1792/1792/1792 1645/1645/1645
f 1883/1883/1883 2004/2004/2004 2238/2238/2238
f 2238/2238/2238 2004/2004/2004 2007/2007/2007
f 2239/2239/2239 2009/2009/2009 2350/2350/2350
f 1278/1278/1278 928/928/928 1357/1357/1357
f 1278/1278/1278 1357/1357/1357 1649/1649/1649
f 997/997/997 928/928/928 789/789/789
f 928/928/928 997/997/997 1357/1357/1357
f 1357/1357/1357 997/997/997 1279/1279/1279
f 1649/1649/1649 1357/1357/1357 1658/1658/1658
f 1357/1357/1357 1279/1279/1279 1555/1555/1555
f 1357/1357/1357 1555/1555/1555 1658/1658/1658
f 1658/1658/1658 1555/1555/1555 2024/2024/2024
f 2024/2024/2024 1555/1555/1555 2029/2029/2029
f 2024/2024/2024 2029/2029/2029 2439/2439/2439
f 2439/2439/2439 2029/2029/2029 2035/2035/2035
f 2439/2439/2439 2035/2035/2035 2445/2445/2445
f 2439/2439/2439 2445/2445/2445 2832/2832/2832
f 2832/2832/2832 2445/2445/2445 2835/2835/2835
f 2832/2832/2832 2835/2835/2835 3114/3114/3114
f 2835/2835/2835 2445/2445/2445 2451/2451/2451
f 3114/3114/3114 2835/2835/2835 2838/2838/2838
f 2838/2838/2838 2835/2835/2835 2451/2451/2451
f 332/332/332 650/650/650 469/469/469
f 470/470/470 168/168/168 287/287/287
f 287/287/287 168/168/168 158/158/158
f 157/157/157 165/165/165 234/234/234
f 234/234/234 165/165/165 170/170/170
f 170/170/170 165/165/165 4581/4581/4581
f 475/475/475 391/391/391 269/269/269
f 30/30/30 24/24/24 4653/4653/4653
f 172/172/172 30/30/30 35/35/35
f 35/35/35 30/30/30 4653/4653/4653
f 35/35/35 4653/4653/4653 4601/4601/4601
f 4653/4653/4653 24/24/24 4647/4647/4647
f 4647/4647/4647 24/24/24 4584/4584/4584
f 4647/4647/4647 4584/4584/4584 4732/4732/4732
f 4653/4653/4653 4647/4647/4647 4778/4778/4778
f 4653/4653/4653 4778/4778/4778 4658/4658/4658
f 4778/4778/4778 4647/4647/4647 4832/4832/4832
f 4778/4778/4778 4832/4832/4832 4907/4907/4907
f 4907/4907/4907 4832/4832/4832 4830/4830/4830
f 4907/4907/4907 4830/4830/4830 4900/4900/4900
f 4977/4977/4977 4900/4900/4900 5058/5058/5058
f 4900/4900/4900 4977/4977/4977 4907/4907/4907
f 4907/4907/4907 4977/4977/4977 4990/4990/4990
f 4990/4990/4990 4977/4977/4977 4980/4980/4980
f 4990/4990/4990 4980/4980/4980 4982/4982/4982
f 4990/4990/4990 4982/4982/4982 4904/4904/4904
f 4904/4904/4904 4982/4982/4982 4897/4897/4897
f 4904/4904/4904 4897/4897/4897 4826/4826/4826
f 4907/4907/4907 4990/4990/4990 5000/5000/5000
f 5067/5067/5067 4990/4990/4990 5065/5065/5065
f 4990/4990/4990 5067/5067/5067 5000/5000/5000
f 4994/4994/4994 5002/5002/5002 5067/5067/5067
f 5067/5067/5067 5002/5002/5002 5000/5000/5000
f 5000/5000/5000 5002/5002/5002 4940/4940/4940
f 5000/5000/5000 4940/4940/4940 4921/4921/4921
f 4921/4921/4921 4940/4940/4940 4937/4937/4937
f 4911/4911/4911 4907/4907/4907 5000/5000/5000
f 4911/4911/4911 5000/5000/5000 4921/4921/4921
f 4907/4907/4907 4911/4911/4911 4778/4778/4778
f 4911/4911/4911 4921/4921/4921 4854/4854/4854
f 4778/4778/4778 4911/4911/4911 4786/4786/4786
f 4786/4786/4786 4911/4911/4911 4854/4854/4854
f 4786/4786/4786 4854/4854/4854 4660/4660/4660
f 4731/4731/4731 4583/4583/4583 4728/4728/4728
f 4727/4727/4727 4582/4582/4582 167/167/167
f 4727/4727/4727 167/167/167 4771/4771/4771
f 4771/4771/4771 167/167/167 4643/4643/4643
f 4771/4771/4771 4643/4643/4643 4823/4823/4823
f 4648/4648/4648 4733/4733/4733 4833/4833/4833
f 4833/4833/4833 4733/4733/4733 4831/4831/4831
f 4831/4831/4831 4733/4733/4733 4975/4975/4975
f 4975/4975/4975 4733/4733/4733 4773/4773/4773
f 4773/4773/4773 4733/4733/4733 4718/4718/4718
f 4975/4975/4975 4773/4773/4773 5050/5050/5050
f 4773/4773/4773 4718/4718/4718 4894/4894/4894
f 4773/4773/4773 4894/4894/4894 5050/5050/5050
f 5050/5050/5050 4894/4894/4894 5102/5102/5102
f 4730/4730/4730 4726/4726/4726 4724/4724/4724
f 4730/4730/4730 4724/4724/4724 4716/4716/4716
f 4716/4716/4716 4724/4724/4724 166/166/166
f 4716/4716/4716 166/166/166 4814/4814/4814
f 4716/4716/4716 4814/4814/4814 5037/5037/5037
f 4725/4725/4725 4729/4729/4729 4770/4770/4770
f 4770/4770/4770 4729/4729/4729 4772/4772/4772
f 4770/4770/4770 4772/4772/4772 4824/4824/4824
f 4723/4723/4723 4769/4769/4769 164/164/164
f 164/164/164 4769/4769/4769 4642/4642/4642
f 4642/4642/4642 4769/4769/4769 4822/4822/4822
f 4715/4715/4715 5036/5036/5036 4967/4967/4967
f 4969/4969/4969 5038/5038/5038 5149/5149/5149
f 4893/4893/4893 4717/4717/4717 4970/4970/4970
f 4893/4893/4893 4970/4970/4970 5045/5045/5045
f 4893/4893/4893 5045/5045/5045 5101/5101/5101
f 5049/5049/5049 5100/5100/5100 5044/5044/5044
f 5049/5049/5049 5044/5044/5044 4974/4974/4974
f 4974/4974/4974 5044/5044/5044 4968/4968/4968
f 4974/4974/4974 4968/4968/4968 4829/4829/4829
f 4829/4829/4829 4968/4968/4968 4899/4899/4899
f 4899/4899/4899 4968/4968/4968 5056/5056/5056
f 5056/5056/5056 4968/4968/4968 5157/5157/5157
f 4976/4976/4976 5057/5057/5057 4978/4978/4978
f 4978/4978/4978 5057/5057/5057 4961/4961/4961
f 4961/4961/4961 5057/5057/5057 5104/5104/5104
f 5055/5055/5055 5156/5156/5156 5103/5103/5103
f 5103/5103/5103 5156/5156/5156 5180/5180/5180
f 5105/5105/5105 5182/5182/5182 5048/5048/5048
f 5105/5105/5105 5048/5048/5048 4964/4964/4964
f 4964/4964/4964 5048/5048/5048 4972/4972/4972
f 5046/5046/5046 5181/5181/5181 5158/5158/5158
f 5047/5047/5047 5159/5159/5159 4971/4971/4971
f 5052/5052/5052 4979/4979/4979 4963/4963/4963
f 4981/4981/4981 5054/5054/5054 4983/4983/4983
f 4983/4983/4983 5054/5054/5054 4892/4892/4892
f 4892/4892/4892 5054/5054/5054 4959/4959/4959
f 4983/4983/4983 4892/4892/4892 4898/4898/4898
f 5051/5051/5051 4962/4962/4962 5107/5107/5107
f 5106/5106/5106 4960/4960/4960 5041/5041/5041
f 5043/5043/5043 4965/4965/4965 4888/4888/4888
f 5043/5043/5043 4888/4888/4888 4957/4957/4957
f 5043/5043/5043 4957/4957/4957 5154/5154/5154
f 5053/5053/5053 5109/5109/5109 4958/4958/4958
f 4958/4958/4958 5109/5109/5109 5155/5155/5155
f 5042/5042/5042 5153/5153/5153 5108/5108/5108
f 4895/4895/4895 4887/4887/4887 4882/4882/4882
f 4896/4896/4896 4883/4883/4883 4825/4825/4825
f 4828/4828/4828 4884/4884/4884 4722/4722/4722
f 4828/4828/4828 4722/4722/4722 4737/4737/4737
f 4722/4722/4722 4884/4884/4884 4710/4710/4710
f 4710/4710/4710 4884/4884/4884 4956/4956/4956
f 4710/4710/4710 4956/4956/4956 4821/4821/4821
f 4821/4821/4821 4956/4956/4956 5035/5035/5035
f 4905/4905/4905 4827/4827/4827 4734/4734/4734
f 4881/4881/4881 4885/4885/4885 4955/4955/4955
f 4955/4955/4955 4885/4885/4885 4953/4953/4953
f 4955/4955/4955 4953/4953/4953 5033/5033/5033
f 4820/4820/4820 5034/5034/5034 4954/4954/4954
f 4820/4820/4820 4954/4954/4954 4890/4890/4890
f 4820/4820/4820 4890/4890/4890 4709/4709/4709
f 4708/4708/4708 4886/4886/4886 4575/4575/4575
f 4708/4708/4708 4575/4575/4575 155/155/155
f 4708/4708/4708 155/155/155 4579/4579/4579
f 4707/4707/4707 4578/4578/4578 4767/4767/4767
f 4705/4705/4705 4766/4766/4766 4711/4711/4711
f 4714/4714/4714 4768/4768/4768 4580/4580/4580
f 4714/4714/4714 4580/4580/4580 163/163/163
f 4714/4714/4714 163/163/163 4646/4646/4646
f 4646/4646/4646 163/163/163 238/238/238
f 4646/4646/4646 238/238/238 4586/4586/4586
f 4646/4646/4646 4586/4586/4586 4738/4738/4738
f 4586/4586/4586 238/238/238 268/268/268
f 4738/4738/4738 4586/4586/4586 26/26/26
f 26/26/26 4586/4586/4586 268/268/268
f 4738/4738/4738 26/26/26 4740/4740/4740
f 4740/4740/4740 26/26/26 29/29/29
f 4740/4740/4740 29/29/29 4597/4597/4597
f 29/29/29 26/26/26 273/273/273
f 273/273/273 26/26/26 268/268/268
f 4740/4740/4740 4597/4597/4597 4654/4654/4654
f 4740/4740/4740 4654/4654/4654 4846/4846/4846
f 4654/4654/4654 4597/4597/4597 247/247/247
f 4846/4846/4846 4654/4654/4654 4782/4782/4782
f 4782/4782/4782 4654/4654/4654 247/247/247
f 4846/4846/4846 4782/4782/4782 4918/4918/4918
f 4846/4846/4846 4918/4918/4918 5069/5069/5069
f 4782/4782/4782 247/247/247 38/38/38
f 38/38/38 247/247/247 336/336/336
f 336/336/336 247/247/247 402/402/402
f 336/336/336 402/402/402 737/737/737
f 737/737/737 402/402/402 734/734/734
f 737/737/737 734/734/734 939/939/939
f 737/737/737 939/939/939 1001/1001/1001
f 1001/1001/1001 939/939/939 1364/1364/1364
f 939/939/939 734/734/734 732/732/732
f 1364/1364/1364 939/939/939 1362/1362/1362
f 732/732/732 734/734/734 400/400/400
f 1364/1364/1364 1362/1362/1362 1719/1719/1719
f 1719/1719/1719 1362/1362/1362 1359/1359/1359
f 1359/1359/1359 1362/1362/1362 931/931/931
f 936/936/936 732/732/732 931/931/931
f 931/931/931 732/732/732 729/729/729
f 1359/1359/1359 931/931/931 1356/1356/1356
f 1359/1359/1359 1356/1356/1356 1431/1431/1431
f 1431/1431/1431 1356/1356/1356 1343/1343/1343
f 1356/1356/1356 931/931/931 995/995/995
f 995/995/995 931/931/931 729/729/729
f 1356/1356/1356 995/995/995 1343/1343/1343
f 995/995/995 729/729/729 578/578/578
f 1343/1343/1343 995/995/995 994/994/994
f 994/994/994 995/995/995 578/578/578
f 1343/1343/1343 994/994/994 1335/1335/1335
f 1335/1335/1335 994/994/994 988/988/988
f 1335/1335/1335 988/988/988 918/918/918
f 994/994/994 578/578/578 721/721/721
f 578/578/578 729/729/729 478/478/478
f 721/721/721 578/578/578 393/393/393
f 393/393/393 578/578/578 478/478/478
f 721/721/721 393/393/393 474/474/474
f 474/474/474 393/393/393 268/268/268
f 474/474/474 268/268/268 266/266/266
f 268/268/268 393/393/393 273/273/273
f 273/273/273 393/393/393 478/478/478
f 273/273/273 478/478/478 241/241/241
f 241/241/241 478/478/478 400/400/400
f 4706/4706/4706 4712/4712/4712 4719/4719/4719
f 4577/4577/4577 154/154/154 160/160/160
f 160/160/160 154/154/154 258/258/258
f 4720/4720/4720 4713/4713/4713 4644/4644/4644
f 4721/4721/4721 4645/4645/4645 4735/4735/4735
f 161/161/161 259/259/259 4571/4571/4571
f 162/162/162 4574/4574/4574 233/233/233
f 162/162/162 233/233/233 237/237/237
f 237/237/237 233/233/233 265/265/265
f 4572/4572/4572 261/261/261 256/256/256
f 256/256/256 261/261/261 389/389/389
f 4573/4573/4573 257/257/257 232/232/232
f 232/232/232 257/257/257 264/264/264
f 264/264/264 257/257/257 390/390/390
f 264/264/264 390/390/390 473/473/473
f 262/262/262 468/468/468 390/390/390
f 390/390/390 468/468/468 576/576/576
f 390/390/390 576/576/576 473/473/473
f 473/473/473 576/576/576 785/785/785
f 473/473/473 785/785/785 720/720/720
f 785/785/785 576/576/576 658/658/658
f 658/658/658 576/576/576 712/712/712
f 236/236/236 263/263/263 267/267/267
f 657/657/657 710/710/710 648/648/648
f 657/657/657 648/648/648 654/654/654
f 648/648/648 710/710/710 871/871/871
f 648/648/648 871/871/871 869/869/869
f 869/869/869 871/871/871 1129/1129/1129
f 1129/1129/1129 871/871/871 1058/1058/1058
f 784/784/784 656/656/656 714/714/714
f 714/714/714 656/656/656 653/653/653
f 782/782/782 713/713/713 913/913/913
f 913/913/913 713/713/713 920/920/920
f 783/783/783 914/914/914 718/718/718
f 715/715/715 655/655/655 1137/1137/1137
f 715/715/715 1137/1137/1137 921/921/921
f 1137/1137/1137 655/655/655 1266/1266/1266
f 1266/1266/1266 655/655/655 1190/1190/1190
f 1190/1190/1190 655/655/655 649/649/649
f 1190/1190/1190 649/649/649 870/870/870
f 1190/1190/1190 870/870/870 1130/1130/1130
f 912/912/912 919/919/919 1134/1134/1134
f 719/719/719 917/917/917 987/987/987
f 719/719/719 987/987/987 993/993/993
f 915/915/915 1135/1135/1135 1194/1194/1194
f 1195/1195/1195 1136/1136/1136 1265/1265/1265
f 1334/1334/1334 916/916/916 1193/1193/1193
f 1332/1332/1332 1192/1192/1192 1330/1330/1330
f 1330/1330/1330 1192/1192/1192 1263/1263/1263
f 1543/1543/1543 1267/1267/1267 1191/1191/1191
f 1543/1543/1543 1191/1191/1191 1131/1131/1131
f 1543/1543/1543 1131/1131/1131 1056/1056/1056
f 1267/1267/1267 1543/1543/1543 2234/2234/2234
f 1267/1267/1267 2234/2234/2234 1480/1480/1480
f 1480/1480/1480 2234/2234/2234 2345/2345/2345
f 2345/2345/2345 2234/2234/2234 3210/3210/3210
f 1331/1331/1331 1264/1264/1264 1479/1479/1479
f 1331/1331/1331 1479/1479/1479 1333/1333/1333
f 1333/1333/1333 1479/1479/1479 1713/1713/1713
f 1713/1713/1713 1479/1479/1479 2340/2340/2340
f 1333/1333/1333 1713/1713/1713 1544/1544/1544
f 1333/1333/1333 1544/1544/1544 1342/1342/1342
f 1342/1342/1342 1544/1544/1544 1427/1427/1427
f 1713/1713/1713 2340/2340/2340 2243/2243/2243
f 2243/2243/2243 2340/2340/2340 2820/2820/2820
f 2243/2243/2243 2820/2820/2820 2823/2823/2823
f 2823/2823/2823 2820/2820/2820 3223/3223/3223
f 2243/2243/2243 2823/2823/2823 2246/2246/2246
f 2243/2243/2243 2246/2246/2246 1787/1787/1787
f 1787/1787/1787 2246/2246/2246 1549/1549/1549
f 1787/1787/1787 1549/1549/1549 1481/1481/1481
f 1481/1481/1481 1549/1549/1549 1204/1204/1204
f 1481/1481/1481 1204/1204/1204 1199/1199/1199
f 1199/1199/1199 1204/1204/1204 923/923/923
f 2823/2823/2823 3223/3223/3223 2825/2825/2825
f 2825/2825/2825 3223/3223/3223 3328/3328/3328
f 3328/3328/3328 3223/3223/3223 3692/3692/3692
f 2825/2825/2825 3328/3328/3328 2939/2939/2939
f 2825/2825/2825 2939/2939/2939 2352/2352/2352
f 1054/1054/1054 1128/1128/1128 1057/1057/1057
f 1054/1054/1054 1057/1057/1057 908/908/908
f 463/463/463 4640/4640/4640 4760/4760/4760
f 904/904/904 707/707/707 462/462/462
f 253/253/253 633/633/633 462/462/462
f 462/462/462 633/633/633 777/777/777
f 462/462/462 777/777/777 904/904/904
f 904/904/904 777/777/777 1188/1188/1188
f 1188/1188/1188 777/777/777 1472/1472/1472
f 1472/1472/1472 777/777/777 1122/1122/1122
f 984/984/984 1053/1053/1053 907/907/907
f 983/983/983 906/906/906 903/903/903
f 983/983/983 903/903/903 1187/1187/1187
f 464/464/464 4761/4761/4761 254/254/254
f 255/255/255 4763/4763/4763 153/153/153
f 255/255/255 153/153/153 635/635/635
f 635/635/635 153/153/153 774/774/774
f 774/774/774 153/153/153 324/324/324
f 774/774/774 324/324/324 1183/1183/1183
f 1183/1183/1183 324/324/324 863/863/863
f 985/985/985 1475/1475/1475 1630/1630/1630
f 1630/1630/1630 1475/1475/1475 1990/1990/1990
f 985/985/985 1630/1630/1630 1055/1055/1055
f 1055/1055/1055 1630/1630/1630 2121/2121/2121
f 1055/1055/1055 2121/2121/2121 1542/1542/1542
f 2121/2121/2121 1630/1630/1630 3029/3029/3029
f 2121/2121/2121 3029/3029/3029 2630/2630/2630
f 1630/1630/1630 1990/1990/1990 2335/2335/2335
f 1630/1630/1630 2335/2335/2335 3029/3029/3029
f 2335/2335/2335 1990/1990/1990 2428/2428/2428
f 2630/2630/2630 3029/3029/3029 3489/3489/3489
f 2335/2335/2335 2428/2428/2428 2729/2729/2729
f 2335/2335/2335 2729/2729/2729 3029/3029/3029
f 2729/2729/2729 2428/2428/2428 2515/2515/2515
f 3029/3029/3029 2729/2729/2729 3486/3486/3486
f 3029/3029/3029 3486/3486/3486 3489/3489/3489
f 3489/3489/3489 3486/3486/3486 3986/3986/3986
f 1121/1121/1121 776/776/776 632/632/632
f 1541/1541/1541 2120/2120/2120 2629/2629/2629
f 1540/1540/1540 2628/2628/2628 2233/2233/2233
f 2233/2233/2233 2628/2628/2628 3200/3200/3200
f 3200/3200/3200 2628/2628/2628 2928/2928/2928
f 2928/2928/2928 2628/2628/2628 3493/3493/3493
f 2233/2233/2233 3200/3200/3200 3209/3209/3209
f 3200/3200/3200 2928/2928/2928 3763/3763/3763
f 3763/3763/3763 2928/2928/2928 3493/3493/3493
f 3200/3200/3200 3763/3763/3763 3209/3209/3209
f 3763/3763/3763 3493/3493/3493 3989/3989/3989
f 3989/3989/3989 3493/3493/3493 3845/3845/3845
f 3763/3763/3763 3989/3989/3989 3849/3849/3849
f 3763/3763/3763 3849/3849/3849 3209/3209/3209
f 3849/3849/3849 3989/3989/3989 4057/4057/4057
f 3209/3209/3209 3849/3849/3849 3306/3306/3306
f 3306/3306/3306 3849/3849/3849 3921/3921/3921
f 3209/3209/3209 3306/3306/3306 2342/2342/2342
f 3306/3306/3306 3921/3921/3921 3398/3398/3398
f 2342/2342/2342 3306/3306/3306 3105/3105/3105
f 3105/3105/3105 3306/3306/3306 3398/3398/3398
f 865/865/865 1123/1123/1123 634/634/634
f 1119/1119/1119 866/866/866 1403/1403/1403
f 1403/1403/1403 866/866/866 1044/1044/1044
f 1403/1403/1403 1044/1044/1044 2223/2223/2223
f 2223/2223/2223 1044/1044/1044 1624/1624/1624
f 1624/1624/1624 1044/1044/1044 1184/1184/1184
f 2223/2223/2223 1624/1624/1624 2221/2221/2221
f 868/868/868 636/636/636 775/775/775
f 868/868/868 775/775/775 1045/1045/1045
f 1045/1045/1045 775/775/775 1186/1186/1186
f 971/971/971 1626/1626/1626 1770/1770/1770
f 1770/1770/1770 1626/1626/1626 2925/2925/2925
f 2925/2925/2925 1626/1626/1626 2620/2620/2620
f 2925/2925/2925 2620/2620/2620 3027/3027/3027
f 1982/1982/1982 972/972/972 1773/1773/1773
f 970/970/970 1980/1980/1980 1412/1412/1412
f 1772/1772/1772 2926/2926/2926 2327/2327/2327
f 1978/1978/1978 1769/1769/1769 2331/2331/2331
f 2332/2332/2332 1771/1771/1771 2328/2328/2328
f 2333/2333/2333 2329/2329/2329 2622/2622/2622
f 1979/1979/1979 2812/2812/2812 1409/1409/1409
f 1415/1415/1415 2813/2813/2813 1710/1710/1710
f 3094/3094/3094 1711/1711/1711 2814/2814/2814
f 3198/3198/3198 2924/2924/2924 3026/3026/3026
f 3198/3198/3198 3026/3026/3026 2723/2723/2723
f 2723/2723/2723 3026/3026/3026 2510/2510/2510
f 2723/2723/2723 2510/2510/2510 2098/2098/2098
f 2098/2098/2098 2510/2510/2510 1764/1764/1764
f 1708/1708/1708 3093/3093/3093 2625/2625/2625
f 2625/2625/2625 3093/3093/3093 3293/3293/3293
f 2423/2423/2423 3292/3292/3292 2728/2728/2728
f 2728/2728/2728 3292/3292/3292 3575/3575/3575
f 2423/2423/2423 2728/2728/2728 1405/1405/1405
f 2423/2423/2423 1405/1405/1405 1318/1318/1318
f 2728/2728/2728 3575/3575/3575 2727/2727/2727
f 2728/2728/2728 2727/2727/2727 1405/1405/1405
f 2727/2727/2727 3575/3575/3575 3570/3570/3570
f 1405/1405/1405 2727/2727/2727 1466/1466/1466
f 2727/2727/2727 3570/3570/3570 2809/2809/2809
f 2727/2727/2727 2809/2809/2809 1466/1466/1466
f 2810/2810/2810 3571/3571/3571 3284/3284/3284
f 2810/2810/2810 3284/3284/3284 2512/2512/2512
f 3674/3674/3674 3574/3574/3574 3025/3025/3025
f 3025/3025/3025 3574/3574/3574 3290/3290/3290
f 3674/3674/3674 3025/3025/3025 3283/3283/3283
f 3283/3283/3283 3025/3025/3025 2725/2725/2725
f 2725/2725/2725 3025/3025/3025 2220/2220/2220
f 3283/3283/3283 2725/2725/2725 3279/3279/3279
f 2725/2725/2725 2220/2220/2220 1705/1705/1705
f 2725/2725/2725 1705/1705/1705 3279/3279/3279
f 1705/1705/1705 2220/2220/2220 1398/1398/1398
f 3279/3279/3279 1705/1705/1705 1868/1868/1868
f 3279/3279/3279 1868/1868/1868 1866/1866/1866
f 3279/3279/3279 1866/1866/1866 3092/3092/3092
f 3092/3092/3092 1866/1866/1866 1864/1864/1864
f 1864/1864/1864 1866/1866/1866 963/963/963
f 1864/1864/1864 963/963/963 1039/1039/1039
f 3092/3092/3092 1864/1864/1864 3013/3013/3013
f 3013/3013/3013 1864/1864/1864 1861/1861/1861
f 3013/3013/3013 1861/1861/1861 2902/2902/2902
f 3024/3024/3024 3288/3288/3288 2923/2923/2923
f 1397/1397/1397 822/822/822 899/899/899
f 1397/1397/1397 899/899/899 1704/1704/1704
f 1703/1703/1703 898/898/898 897/897/897
f 1703/1703/1703 897/897/897 1867/1867/1867
f 897/897/897 898/898/898 314/314/314
f 314/314/314 898/898/898 458/458/458
f 897/897/897 314/314/314 456/456/456
f 897/897/897 456/456/456 961/961/961
f 897/897/897 961/961/961 1867/1867/1867
f 1867/1867/1867 961/961/961 1865/1865/1865
f 3286/3286/3286 3281/3281/3281 2514/2514/2514
f 2514/2514/2514 3281/3281/3281 3383/3383/3383
f 2514/2514/2514 3383/3383/3383 2721/2721/2721
f 2514/2514/2514 2721/2721/2721 1462/1462/1462
f 2514/2514/2514 1462/1462/1462 1402/1402/1402
f 1462/1462/1462 2721/2721/2721 1529/1529/1529
f 1529/1529/1529 2721/2721/2721 1619/1619/1619
f 962/962/962 457/457/457 1038/1038/1038
f 1038/1038/1038 457/457/457 704/704/704
f 704/704/704 457/457/457 819/819/819
f 819/819/819 457/457/457 626/626/626
f 626/626/626 457/457/457 316/316/316
f 626/626/626 316/316/316 506/506/506
f 704/704/704 819/819/819 817/817/817
f 704/704/704 817/817/817 1114/1114/1114
f 1114/1114/1114 817/817/817 1109/1109/1109
f 817/817/817 819/819/819 1035/1035/1035
f 817/817/817 1035/1035/1035 855/855/855
f 855/855/855 1035/1035/1035 1171/1171/1171
f 817/817/817 855/855/855 762/762/762
f 817/817/817 762/762/762 766/766/766
f 1863/1863/1863 1037/1037/1037 1113/1113/1113
f 1113/1113/1113 1037/1037/1037 703/703/703
f 1858/1858/1858 1862/1862/1862 1112/1112/1112
f 1858/1858/1858 1112/1112/1112 1105/1105/1105
f 505/505/505 315/315/315 459/459/459
f 3385/3385/3385 3186/3186/3186 2722/2722/2722
f 2722/2722/2722 3186/3186/3186 2502/2502/2502
f 2722/2722/2722 2502/2502/2502 1620/1620/1620
f 1617/1617/1617 2501/2501/2501 2603/2603/2603
f 2603/2603/2603 2501/2501/2501 3184/3184/3184
f 2603/2603/2603 3184/3184/3184 3181/3181/3181
f 1617/1617/1617 2603/2603/2603 1762/1762/1762
f 2603/2603/2603 3181/3181/3181 2903/2903/2903
f 2603/2603/2603 2903/2903/2903 1762/1762/1762
f 1762/1762/1762 2903/2903/2903 2317/2317/2317
f 2317/2317/2317 2903/2903/2903 2889/2889/2889
f 2317/2317/2317 2889/2889/2889 2311/2311/2311
f 2900/2900/2900 1860/1860/1860 2712/2712/2712
f 2712/2712/2712 1860/1860/1860 2097/2097/2097
f 2712/2712/2712 2097/2097/2097 2093/2093/2093
f 2712/2712/2712 2093/2093/2093 2705/2705/2705
f 2093/2093/2093 2097/2097/2097 1453/1453/1453
f 2712/2712/2712 2705/2705/2705 3090/3090/3090
f 3090/3090/3090 2705/2705/2705 3271/3271/3271
f 3090/3090/3090 3271/3271/3271 3662/3662/3662
f 3090/3090/3090 3662/3662/3662 3475/3475/3475
f 3475/3475/3475 3662/3662/3662 3558/3558/3558
f 3558/3558/3558 3662/3662/3662 3753/3753/3753
f 3558/3558/3558 3753/3753/3753 3554/3554/3554
f 3554/3554/3554 3753/3753/3753 3750/3750/3750
f 3554/3554/3554 3750/3750/3750 3266/3266/3266
f 3554/3554/3554 3266/3266/3266 2906/2906/2906
f 3266/3266/3266 3750/3750/3750 3472/3472/3472
f 3266/3266/3266 3472/3472/3472 3010/3010/3010
f 3266/3266/3266 3010/3010/3010 2911/2911/2911
f 2911/2911/2911 3010/3010/3010 2178/2178/2178
f 2911/2911/2911 2178/2178/2178 2090/2090/2090
f 2090/2090/2090 2178/2178/2178 1389/1389/1389
f 2090/2090/2090 1389/1389/1389 1392/1392/1392
f 1392/1392/1392 1389/1389/1389 859/859/859
f 1392/1392/1392 859/859/859 890/890/890
f 890/890/890 859/859/859 555/555/555
f 2890/2890/2890 2905/2905/2905 3265/3265/3265
f 2890/2890/2890 3265/3265/3265 2910/2910/2910
f 2313/2313/2313 2891/2891/2891 2912/2912/2912
f 2313/2313/2313 2912/2912/2912 2091/2091/2091
f 2313/2313/2313 2091/2091/2091 1693/1693/1693
f 1169/1169/1169 1691/1691/1691 1391/1391/1391
f 1391/1391/1391 1691/1691/1691 2089/2089/2089
f 1169/1169/1169 1391/1391/1391 889/889/889
f 1169/1169/1169 889/889/889 621/621/621
f 1169/1169/1169 621/621/621 853/853/853
f 1390/1390/1390 2179/2179/2179 1757/1757/1757
f 1757/1757/1757 2179/2179/2179 2489/2489/2489
f 1757/1757/1757 2489/2489/2489 2586/2586/2586
f 1390/1390/1390 1757/1757/1757 858/858/858
f 858/858/858 1757/1757/1757 1248/1248/1248
f 1248/1248/1248 1757/1757/1757 1949/1949/1949
f 623/623/623 891/891/891 556/556/556
f 623/623/623 556/556/556 448/448/448
f 2180/2180/2180 3011/3011/3011 3001/3001/3001
f 2180/2180/2180 3001/3001/3001 2490/2490/2490
f 2490/2490/2490 3001/3001/3001 2588/2588/2588
f 2588/2588/2588 3001/3001/3001 2695/2695/2695
f 3001/3001/3001 3011/3011/3011 3462/3462/3462
f 3462/3462/3462 3011/3011/3011 3473/3473/3473
f 3462/3462/3462 3473/3473/3473 3751/3751/3751
f 3462/3462/3462 3751/3751/3751 3741/3741/3741
f 1756/1756/1756 2585/2585/2585 1947/1947/1947
f 1950/1950/1950 2587/2587/2587 2694/2694/2694
f 1950/1950/1950 2694/2694/2694 2075/2075/2075
f 1950/1950/1950 2075/2075/2075 1449/1449/1449
f 1449/1449/1449 2075/2075/2075 1445/1445/1445
f 1247/1247/1247 1948/1948/1948 1448/1448/1448
f 1247/1247/1247 1448/1448/1448 849/849/849
f 849/849/849 1448/1448/1448 1102/1102/1102
f 860/860/860 1249/1249/1249 850/850/850
f 860/860/860 850/850/850 557/557/557
f 557/557/557 850/850/850 696/696/696
f 557/557/557 696/696/696 449/449/449
f 696/696/696 850/850/850 1103/1103/1103
f 449/449/449 696/696/696 759/759/759
f 449/449/449 759/759/759 452/452/452
f 452/452/452 759/759/759 701/701/701
f 696/696/696 1103/1103/1103 888/888/888
f 696/696/696 888/888/888 759/759/759
f 888/888/888 1103/1103/1103 1101/1101/1101
f 1101/1101/1101 1103/1103/1103 1450/1450/1450
f 1101/1101/1101 1450/1450/1450 1447/1447/1447
f 888/888/888 1101/1101/1101 883/883/883
f 888/888/888 883/883/883 759/759/759
f 759/759/759 883/883/883 887/887/887
f 759/759/759 887/887/887 1032/1032/1032
f 759/759/759 1032/1032/1032 856/856/856
f 3254/3254/3254 2693/2693/2693 3000/3000/3000
f 3253/3253/3253 2999/2999/2999 3461/3461/3461
f 3253/3253/3253 3461/3461/3461 3731/3731/3731
f 3731/3731/3731 3461/3461/3461 3913/3913/3913
f 3913/3913/3913 3461/3461/3461 3740/3740/3740
f 2696/2696/2696 3255/3255/3255 2882/2882/2882
f 2696/2696/2696 2882/2882/2882 2077/2077/2077
f 2077/2077/2077 2882/2882/2882 2299/2299/2299
f 2882/2882/2882 3255/3255/3255 3360/3360/3360
f 3360/3360/3360 3255/3255/3255 3732/3732/3732
f 1446/1446/1446 2076/2076/2076 2298/2298/2298
f 1446/1446/1446 2298/2298/2298 1597/1597/1597
f 1446/1446/1446 1597/1597/1597 1100/1100/1100
f 1100/1100/1100 1597/1597/1597 1233/1233/1233
f 1100/1100/1100 1233/1233/1233 882/882/882
f 882/882/882 1233/1233/1233 1028/1028/1028
f 882/882/882 1028/1028/1028 886/886/886
f 1598/1598/1598 2300/2300/2300 2301/2301/2301
f 2301/2301/2301 2300/2300/2300 2785/2785/2785
f 2785/2785/2785 2300/2300/2300 2883/2883/2883
f 1598/1598/1598 2301/2301/2301 1752/1752/1752
f 1598/1598/1598 1752/1752/1752 1234/1234/1234
f 1234/1234/1234 1752/1752/1752 1388/1388/1388
f 1234/1234/1234 1388/1388/1388 1029/1029/1029
f 1388/1388/1388 1752/1752/1752 1857/1857/1857
f 1857/1857/1857 1752/1752/1752 2301/2301/2301
f 1857/1857/1857 2301/2301/2301 2785/2785/2785
f 2785/2785/2785 2883/2883/2883 3171/3171/3171
f 2785/2785/2785 3171/3171/3171 1857/1857/1857
f 3171/3171/3171 2883/2883/2883 3361/3361/3361
f 1857/1857/1857 3171/3171/3171 3534/3534/3534
f 3534/3534/3534 3171/3171/3171 3361/3361/3361
f 1857/1857/1857 3534/3534/3534 3735/3735/3735
f 3534/3534/3534 3361/3361/3361 3733/3733/3733
f 3534/3534/3534 3733/3733/3733 3735/3735/3735
f 3735/3735/3735 3733/3733/3733 3915/3915/3915
f 3735/3735/3735 3915/3915/3915 3739/3739/3739
f 1027/1027/1027 1387/1387/1387 1238/1238/1238
f 1026/1026/1026 1236/1236/1236 885/885/885
f 1237/1237/1237 1386/1386/1386 1856/1856/1856
f 1237/1237/1237 1856/1856/1856 1167/1167/1167
f 1167/1167/1167 1856/1856/1856 1242/1242/1242
f 884/884/884 1235/1235/1235 1166/1166/1166
f 884/884/884 1166/1166/1166 1030/1030/1030
f 1031/1031/1031 1168/1168/1168 1243/1243/1243
f 1031/1031/1031 1243/1243/1243 1297/1297/1297
f 1297/1297/1297 1243/1243/1243 1452/1452/1452
f 1297/1297/1297 1452/1452/1452 1689/1689/1689
f 1689/1689/1689 1452/1452/1452 1850/1850/1850
f 1689/1689/1689 1850/1850/1850 2305/2305/2305
f 2305/2305/2305 1850/1850/1850 2406/2406/2406
f 2305/2305/2305 2406/2406/2406 3008/3008/3008
f 3008/3008/3008 2406/2406/2406 3007/3007/3007
f 3008/3008/3008 3007/3007/3007 3459/3459/3459
f 3459/3459/3459 3007/3007/3007 3366/3366/3366
f 3459/3459/3459 3366/3366/3366 3650/3650/3650
f 3459/3459/3459 3650/3650/3650 3809/3809/3809
f 3809/3809/3809 3650/3650/3650 3737/3737/3737
f 3809/3809/3809 3737/3737/3737 3917/3917/3917
f 1033/1033/1033 1298/1298/1298 857/857/857
f 702/702/702 760/760/760 857/857/857
f 702/702/702 857/857/857 894/894/894
f 857/857/857 1298/1298/1298 1104/1104/1104
f 857/857/857 1104/1104/1104 894/894/894
f 1104/1104/1104 1298/1298/1298 1690/1690/1690
f 894/894/894 1104/1104/1104 1524/1524/1524
f 1524/1524/1524 1104/1104/1104 1690/1690/1690
f 1524/1524/1524 1690/1690/1690 2307/2307/2307
f 894/894/894 1524/1524/1524 1454/1454/1454
f 1524/1524/1524 2307/2307/2307 2170/2170/2170
f 1524/1524/1524 2170/2170/2170 1454/1454/1454
f 1454/1454/1454 2170/2170/2170 2095/2095/2095
f 1451/1451/1451 1241/1241/1241 1854/1854/1854
f 1451/1451/1451 1854/1854/1854 1849/1849/1849
f 1849/1849/1849 1854/1854/1854 2404/2404/2404
f 2306/2306/2306 3009/3009/3009 2169/2169/2169
f 2169/2169/2169 3009/3009/3009 2798/2798/2798
f 2169/2169/2169 2798/2798/2798 2094/2094/2094
f 2798/2798/2798 3009/3009/3009 3460/3460/3460
f 2798/2798/2798 3460/3460/3460 3263/3263/3263
f 3263/3263/3263 3460/3460/3460 3810/3810/3810
f 3263/3263/3263 3810/3810/3810 3655/3655/3655
f 3006/3006/3006 2405/2405/2405 1855/1855/1855
f 3006/3006/3006 1855/1855/1855 3365/3365/3365
f 3365/3365/3365 1855/1855/1855 3649/3649/3649
f 3649/3649/3649 1855/1855/1855 3736/3736/3736
f 3736/3736/3736 1855/1855/1855 3734/3734/3734
f 2092/2092/2092 2797/2797/2797 2704/2704/2704
f 2704/2704/2704 2797/2797/2797 3262/3262/3262
f 2704/2704/2704 3262/3262/3262 3270/3270/3270
f 3663/3663/3663 3272/3272/3272 3264/3264/3264
f 3663/3663/3663 3264/3264/3264 3656/3656/3656
f 3663/3663/3663 3656/3656/3656 3754/3754/3754
f 3754/3754/3754 3656/3656/3656 3746/3746/3746
f 3754/3754/3754 3746/3746/3746 3752/3752/3752
f 3752/3752/3752 3746/3746/3746 3742/3742/3742
f 3746/3746/3746 3656/3656/3656 3919/3919/3919
f 3746/3746/3746 3919/3919/3919 3742/3742/3742
f 3919/3919/3919 3656/3656/3656 3811/3811/3811
f 3742/3742/3742 3919/3919/3919 3916/3916/3916
f 2711/2711/2711 3088/3088/3088 2898/2898/2898
f 1456/1456/1456 1453/1453/1453 2097/2097/2097
f 1453/1453/1453 1456/1456/1456 893/893/893
f 893/893/893 1456/1456/1456 1036/1036/1036
f 893/893/893 1036/1036/1036 769/769/769
f 769/769/769 1036/1036/1036 1107/1107/1107
f 1107/1107/1107 1036/1036/1036 1456/1456/1456
f 1107/1107/1107 1456/1456/1456 1860/1860/1860
f 1455/1455/1455 2096/2096/2096 1859/1859/1859
f 3474/3474/3474 2899/2899/2899 3089/3089/3089
f 2899/2899/2899 3474/3474/3474 3182/3182/3182
f 3182/3182/3182 3474/3474/3474 3557/3557/3557
f 3182/3182/3182 3557/3557/3557 3553/3553/3553
f 3182/3182/3182 3553/3553/3553 2904/2904/2904
f 3914/3914/3914 3918/3918/3918 3738/3738/3738
f 1593/1593/1593 681/681/681 1442/1442/1442
f 1164/1164/1164 1596/1596/1596 2296/2296/2296
f 2294/2294/2294 1595/1595/1595 2073/2073/2073
f 2073/2073/2073 1595/1595/1595 1444/1444/1444
f 2073/2073/2073 1444/1444/1444 365/365/365
f 1165/1165/1165 2297/2297/2297 2159/2159/2159
f 2157/2157/2157 2295/2295/2295 2074/2074/2074
f 2157/2157/2157 2074/2074/2074 1942/1942/1942
f 1942/1942/1942 2074/2074/2074 368/368/368
f 364/364/364 1443/1443/1443 686/686/686
f 684/684/684 1440/1440/1440 757/757/757
f 758/758/758 1441/1441/1441 1751/1751/1751
f 1176/1176/1176 1240/1240/1240 2084/2084/2084
f 224/224/224 1172/1172/1172 7/7/7
f 7/7/7 1172/1172/1172 895/895/895
f 7/7/7 895/895/895 4809/4809/4809
f 4809/4809/4809 895/895/895 5023/5023/5023
f 5023/5023/5023 895/895/895 861/861/861
f 5023/5023/5023 861/861/861 4634/4634/4634
f 4634/4634/4634 861/861/861 770/770/770
f 770/770/770 861/861/861 1463/1463/1463
f 1463/1463/1463 861/861/861 1706/1706/1706
f 1706/1706/1706 861/861/861 895/895/895
f 1706/1706/1706 895/895/895 2099/2099/2099
f 1175/1175/1175 2083/2083/2083 2103/2103/2103
f 896/896/896 1174/1174/1174 2100/2100/2100
f 1465/1465/1465 1707/1707/1707 1399/1399/1399
f 1465/1465/1465 1399/1399/1399 965/965/965
f 1399/1399/1399 1707/1707/1707 1530/1530/1530
f 1530/1530/1530 1707/1707/1707 2101/2101/2101
f 1530/1530/1530 2101/2101/2101 1765/1765/1765
f 965/965/965 1399/1399/1399 862/862/862
f 965/965/965 862/862/862 323/323/323
f 965/965/965 323/323/323 382/382/382
f 5540/5540/5540 5194/5194/5194 5289/5289/5289
f 5289/5289/5289 5194/5194/5194 5140/5140/5140
f 5289/5289/5289 5140/5140/5140 5217/5217/5217
f 5288/5288/5288 5216/5216/5216 5258/5258/5258
f 5288/5288/5288 5258/5258/5258 5317/5317/5317
f 5288/5288/5288 5317/5317/5317 5447/5447/5447
f 5256/5256/5256 5215/5215/5215 5544/5544/5544
f 5316/5316/5316 5623/5623/5623 5313/5313/5313
f 5313/5313/5313 5623/5623/5623 5620/5620/5620
f 5313/5313/5313 5620/5620/5620 5399/5399/5399
f 5399/5399/5399 5620/5620/5620 5618/5618/5618
f 5399/5399/5399 5618/5618/5618 5616/5616/5616
f 5399/5399/5399 5616/5616/5616 5531/5531/5531
f 5531/5531/5531 5616/5616/5616 5661/5661/5661
f 5531/5531/5531 5661/5661/5661 5528/5528/5528
f 5025/5025/5025 4570/4570/4570 12/12/12
f 12/12/12 4570/4570/4570 327/327/327
f 326/326/326 4569/4569/4569 321/321/321
f 326/326/326 321/321/321 383/383/383
f 381/381/381 322/322/322 152/152/152
f 519/519/519 4758/4758/4758 516/516/516
f 513/513/513 4756/4756/4756 5026/5026/5026
f 517/517/517 512/512/512 641/641/641
f 514/514/514 5028/5028/5028 151/151/151
f 514/514/514 151/151/151 572/572/572
f 644/644/644 515/515/515 573/573/573
f 644/644/644 573/573/573 639/639/639
f 640/640/640 574/574/574 570/570/570
f 640/640/640 570/570/570 511/511/511
f 569/569/569 571/571/571 149/149/149
f 569/569/569 149/149/149 379/379/379
f 569/569/569 379/379/379 510/510/510
f 568/568/568 638/638/638 509/509/509
f 566/566/566 508/508/508 378/378/378
f 566/566/566 378/378/378 147/147/147
f 2760/2760/2760 1226/1226/1226 2537/2537/2537
f 2537/2537/2537 1226/1226/1226 1376/1376/1376
f 2537/2537/2537 1376/1376/1376 1378/1378/1378
f 2537/2537/2537 1378/1378/1378 2466/2466/2466
f 2537/2537/2537 2466/2466/2466 3149/3149/3149
f 3149/3149/3149 2466/2466/2466 2864/2864/2864
f 2466/2466/2466 1378/1378/1378 2053/2053/2053
f 2466/2466/2466 2053/2053/2053 2864/2864/2864
f 2053/2053/2053 1378/1378/1378 1158/1158/1158
f 2864/2864/2864 2053/2053/2053 2541/2541/2541
f 2053/2053/2053 1158/1158/1158 1228/1228/1228
f 2053/2053/2053 1228/1228/1228 2541/2541/2541
f 2541/2541/2541 1228/1228/1228 1384/1384/1384
f 2541/2541/2541 1384/1384/1384 2280/2280/2280
f 669/669/669 428/428/428 310/310/310
f 669/669/669 310/310/310 609/609/609
f 609/609/609 310/310/310 4613/4613/4613
f 609/609/609 4613/4613/4613 494/494/494
f 3145/3145/3145 3148/3148/3148 2662/2662/2662
f 3150/3150/3150 2863/2863/2863 2664/2664/2664
f 2664/2664/2664 2863/2863/2863 2278/2278/2278
f 2278/2278/2278 2863/2863/2863 2540/2540/2540
f 2278/2278/2278 2540/2540/2540 1382/1382/1382
f 2664/2664/2664 2278/2278/2278 1831/1831/1831
f 1831/1831/1831 2278/2278/2278 1577/1577/1577
f 4612/4612/4612 309/309/309 611/611/611
f 611/611/611 309/309/309 844/844/844
f 844/844/844 309/309/309 426/426/426
f 4612/4612/4612 611/611/611 61/61/61
f 61/61/61 611/611/611 543/543/543
f 61/61/61 543/543/543 277/277/277
f 61/61/61 277/277/277 430/430/430
f 430/430/430 277/277/277 671/671/671
f 277/277/277 543/543/543 752/752/752
f 277/277/277 752/752/752 351/351/351
f 351/351/351 752/752/752 279/279/279
f 279/279/279 752/752/752 808/808/808
f 279/279/279 808/808/808 810/810/810
f 279/279/279 810/810/810 433/433/433
f 433/433/433 810/810/810 438/438/438
f 433/433/433 438/438/438 352/352/352
f 491/491/491 4611/4611/4611 60/60/60
f 431/431/431 493/493/493 62/62/62
f 1379/1379/1379 1575/1575/1575 2277/2277/2277
f 1380/1380/1380 2538/2538/2538 1578/1578/1578
f 1580/1580/1580 2539/2539/2539 2279/2279/2279
f 2281/2281/2281 1385/1385/1385 1509/1509/1509
f 2281/2281/2281 1509/1509/1509 2387/2387/2387
f 2281/2281/2281 2387/2387/2387 1581/1581/1581
f 2387/2387/2387 1509/1509/1509 2469/2469/2469
f 2469/2469/2469 1509/1509/1509 1837/1837/1837
f 2469/2469/2469 1837/1837/1837 2284/2284/2284
f 2284/2284/2284 1837/1837/1837 2666/2666/2666
f 2666/2666/2666 1837/1837/1837 2671/2671/2671
f 2671/2671/2671 1837/1837/1837 2393/2393/2393
f 2666/2666/2666 2671/2671/2671 2668/2668/2668
f 2666/2666/2666 2668/2668/2668 2474/2474/2474
f 1582/1582/1582 2388/2388/2388 1585/1585/1585
f 2386/2386/2386 2467/2467/2467 1583/1583/1583
f 1583/1583/1583 2467/2467/2467 1832/1832/1832
f 1834/1834/1834 2468/2468/2468 2283/2283/2283
f 1834/1834/1834 2283/2283/2283 1736/1736/1736
f 1734/1734/1734 2282/2282/2282 2665/2665/2665
f 1734/1734/1734 2665/2665/2665 1838/1838/1838
f 1838/1838/1838 2665/2665/2665 2471/2471/2471
f 2667/2667/2667 2669/2669/2669 2870/2870/2870
f 2667/2667/2667 2870/2870/2870 2866/2866/2866
f 2667/2667/2667 2866/2866/2866 2542/2542/2542
f 2667/2667/2667 2542/2542/2542 2470/2470/2470
f 2470/2470/2470 2542/2542/2542 2059/2059/2059
f 2871/2871/2871 2670/2670/2670 2392/2392/2392
f 2871/2871/2871 2392/2392/2392 2547/2547/2547
f 2871/2871/2871 2547/2547/2547 2970/2970/2970
f 2543/2543/2543 2867/2867/2867 2672/2672/2672
f 2672/2672/2672 2867/2867/2867 2975/2975/2975
f 2672/2672/2672 2975/2975/2975 3152/3152/3152
f 2672/2672/2672 3152/3152/3152 2872/2872/2872
f 2872/2872/2872 3152/3152/3152 3341/3341/3341
f 2872/2872/2872 3341/3341/3341 2977/2977/2977
f 3341/3341/3341 3152/3152/3152 3241/3241/3241
f 3241/3241/3241 3152/3152/3152 2969/2969/2969
f 2544/2544/2544 2673/2673/2673 2061/2061/2061
f 2061/2061/2061 2673/2673/2673 2286/2286/2286
f 2286/2286/2286 2673/2673/2673 2873/2873/2873
f 2286/2286/2286 2873/2873/2873 2979/2979/2979
f 2061/2061/2061 2286/2286/2286 1931/1931/1931
f 1931/1931/1931 2286/2286/2286 2762/2762/2762
f 1931/1931/1931 2762/2762/2762 2287/2287/2287
f 2287/2287/2287 2762/2762/2762 3630/3630/3630
f 1931/1931/1931 2287/2287/2287 950/950/950
f 2287/2287/2287 3630/3630/3630 3449/3449/3449
f 950/950/950 2287/2287/2287 952/952/952
f 2287/2287/2287 3449/3449/3449 2289/2289/2289
f 2287/2287/2287 2289/2289/2289 952/952/952
f 2289/2289/2289 3449/3449/3449 3352/3352/3352
f 3352/3352/3352 3449/3449/3449 4075/4075/4075
f 4075/4075/4075 3449/3449/3449 4071/4071/4071
f 952/952/952 2289/2289/2289 954/954/954
f 950/950/950 952/952/952 613/613/613
f 952/952/952 954/954/954 548/548/548
f 613/613/613 952/952/952 545/545/545
f 545/545/545 952/952/952 548/548/548
f 2472/2472/2472 2060/2060/2060 2056/2056/2056
f 2473/2473/2473 2057/2057/2057 1840/1840/1840
f 1840/1840/1840 2057/2057/2057 1512/1512/1512
f 2865/2865/2865 2869/2869/2869 2974/2974/2974
f 2055/2055/2055 2058/2058/2058 1930/1930/1930
f 2054/2054/2054 1929/1929/1929 1510/1510/1510
f 1093/1093/1093 1513/1513/1513 1229/1229/1229
f 1229/1229/1229 1513/1513/1513 1932/1932/1932
f 1093/1093/1093 1229/1229/1229 754/754/754
f 1229/1229/1229 1932/1932/1932 2555/2555/2555
f 754/754/754 1229/1229/1229 440/440/440
f 1229/1229/1229 2555/2555/2555 1936/1936/1936
f 440/440/440 1229/1229/1229 354/354/354
f 1229/1229/1229 1936/1936/1936 1292/1292/1292
f 354/354/354 1229/1229/1229 497/497/497
f 1229/1229/1229 1292/1292/1292 847/847/847
f 1229/1229/1229 847/847/847 497/497/497
f 434/434/434 353/353/353 496/496/496
f 1020/1020/1020 846/846/846 1291/1291/1291
f 1020/1020/1020 1291/1291/1291 1437/1437/1437
f 1437/1437/1437 1291/1291/1291 1934/1934/1934
f 1020/1020/1020 1437/1437/1437 1836/1836/1836
f 1437/1437/1437 1934/1934/1934 2389/2389/2389
f 1437/1437/1437 2389/2389/2389 1836/1836/1836
f 1935/1935/1935 2551/2551/2551 2390/2390/2390
f 2391/2391/2391 2552/2552/2552 2546/2546/2546
f 2868/2868/2868 2967/2967/2967 2973/2973/2973
f 2965/2965/2965 2545/2545/2545 2674/2674/2674
f 2674/2674/2674 2545/2545/2545 2548/2548/2548
f 2972/2972/2972 2966/2966/2966 3151/3151/3151
f 2971/2971/2971 2676/2676/2676 3156/3156/3156
f 3153/3153/3153 2675/2675/2675 2549/2549/2549
f 3240/3240/3240 2968/2968/2968 3154/3154/3154
f 3240/3240/3240 3154/3154/3154 3342/3342/3342
f 3240/3240/3240 3342/3342/3342 3339/3339/3339
f 3339/3339/3339 3342/3342/3342 3344/3344/3344
f 3342/3342/3342 3154/3154/3154 3158/3158/3158
f 3344/3344/3344 3342/3342/3342 3349/3349/3349
f 3349/3349/3349 3342/3342/3342 3158/3158/3158
f 3349/3349/3349 3158/3158/3158 3063/3063/3063
f 3159/3159/3159 3155/3155/3155 2553/2553/2553
f 3159/3159/3159 2553/2553/2553 3064/3064/3064
f 2285/2285/2285 2978/2978/2978 2761/2761/2761
f 2761/2761/2761 2978/2978/2978 3157/3157/3157
f 2761/2761/2761 3157/3157/3157 3628/3628/3628
f 3157/3157/3157 2978/2978/2978 3346/3346/3346
f 3628/3628/3628 3157/3157/3157 3876/3876/3876
f 3876/3876/3876 3157/3157/3157 3346/3346/3346
f 3340/3340/3340 3345/3345/3345 2976/2976/2976
f 3343/3343/3343 3348/3348/3348 3875/3875/3875
f 1162/1162/1162 2554/2554/2554 1933/1933/1933
f 1162/1162/1162 1933/1933/1933 951/951/951
f 1162/1162/1162 951/951/951 614/614/614
f 1162/1162/1162 614/614/614 674/674/674
f 674/674/674 614/614/614 437/437/437
f 2550/2550/2550 1160/1160/1160 3062/3062/3062
f 3878/3878/3878 3347/3347/3347 3061/3061/3061
f 3878/3878/3878 3061/3061/3061 3791/3791/3791
f 3791/3791/3791 3061/3061/3061 2556/2556/2556
f 2556/2556/2556 3061/3061/3061 1159/1159/1159
f 2556/2556/2556 1159/1159/1159 1094/1094/1094
f 3878/3878/3878 3791/3791/3791 4265/4265/4265
f 3878/3878/3878 4265/4265/4265 4239/4239/4239
f 4239/4239/4239 4265/4265/4265 4359/4359/4359
f 4359/4359/4359 4265/4265/4265 4389/4389/4389
f 3350/3350/3350 3879/3879/3879 3877/3877/3877
f 3877/3877/3877 3879/3879/3879 4186/4186/4186
f 4186/4186/4186 3879/3879/3879 4240/4240/4240
f 4186/4186/4186 4240/4240/4240 4361/4361/4361
f 4186/4186/4186 4361/4361/4361 4375/4375/4375
f 4186/4186/4186 4375/4375/4375 4338/4338/4338
f 4186/4186/4186 4338/4338/4338 4120/4120/4120
f 4186/4186/4186 4120/4120/4120 3877/3877/3877
f 3877/3877/3877 4120/4120/4120 3629/3629/3629
f 3793/3793/3793 2557/2557/2557 2477/2477/2477
f 2477/2477/2477 2557/2557/2557 1096/1096/1096
f 2477/2477/2477 1096/1096/1096 1099/1099/1099
f 1161/1161/1161 673/673/673 1095/1095/1095
f 1095/1095/1095 673/673/673 618/618/618
f 1095/1095/1095 618/618/618 676/676/676
f 1095/1095/1095 676/676/676 1097/1097/1097
f 436/436/436 612/612/612 544/544/544
f 436/436/436 544/544/544 357/357/357
f 357/357/357 544/544/544 546/546/546
f 357/357/357 546/546/546 500/500/500
f 672/672/672 435/435/435 356/356/356
f 672/672/672 356/356/356 617/617/617
f 615/615/615 355/355/355 498/498/498
f 616/616/616 499/499/499 675/675/675
f 677/677/677 501/501/501 547/547/547
f 677/677/677 547/547/547 953/953/953
f 677/677/677 953/953/953 1098/1098/1098
f 1098/1098/1098 953/953/953 2288/2288/2288
f 1098/1098/1098 2288/2288/2288 2476/2476/2476
f 2476/2476/2476 2288/2288/2288 3351/3351/3351
f 2476/2476/2476 3351/3351/3351 3720/3720/3720
f 3720/3720/3720 3351/3351/3351 4074/4074/4074
f 3720/3720/3720 4074/4074/4074 4241/4241/4241
f 4241/4241/4241 4074/4074/4074 4329/4329/4329
f 4241/4241/4241 4329/4329/4329 4357/4357/4357
f 4357/4357/4357 4329/4329/4329 4379/4379/4379
f 2475/2475/2475 3719/3719/3719 3792/3792/3792
f 3450/3450/3450 3631/3631/3631 4072/4072/4072
f 4072/4072/4072 3631/3631/3631 4121/4121/4121
f 4072/4072/4072 4121/4121/4121 4339/4339/4339
f 4072/4072/4072 4339/4339/4339 4348/4348/4348
f 4348/4348/4348 4339/4339/4339 4404/4404/4404
f 4404/4404/4404 4339/4339/4339 4376/4376/4376
f 3794/3794/3794 3721/3721/3721 4266/4266/4266
f 4266/4266/4266 3721/3721/3721 4242/4242/4242
f 4266/4266/4266 4242/4242/4242 4391/4391/4391
f 4391/4391/4391 4242/4242/4242 4358/4358/4358
f 4391/4391/4391 4358/4358/4358 4380/4380/4380
f 4328/4328/4328 4073/4073/4073 4070/4070/4070
f 4328/4328/4328 4070/4070/4070 4347/4347/4347
f 4328/4328/4328 4347/4347/4347 4377/4377/4377
f 4377/4377/4377 4347/4347/4347 4402/4402/4402
f 4390/4390/4390 4378/4378/4378 4403/4403/4403
f 4390/4390/4390 4403/4403/4403 4360/4360/4360
f 4360/4360/4360 4403/4403/4403 4374/4374/4374
f 3479/3479/3479 2322/2322/2322 2598/2598/2598
f 2598/2598/2598 2322/2322/2322 1964/1964/1964
f 2598/2598/2598 1964/1964/1964 2163/2163/2163
f 2163/2163/2163 1964/1964/1964 2086/2086/2086
f 1964/1964/1964 2322/2322/2322 1615/1615/1615
f 1615/1615/1615 2322/2322/2322 1623/1623/1623
f 2322/2322/2322 3479/3479/3479 3195/3195/3195
f 3195/3195/3195 3479/3479/3479 3667/3667/3667
f 3195/3195/3195 3667/3667/3667 3390/3390/3390
f 2322/2322/2322 3195/3195/3195 2421/2421/2421
f 2322/2322/2322 2421/2421/2421 1623/1623/1623
f 1623/1623/1623 2421/2421/2421 1874/1874/1874
f 3481/3481/3481 2599/2599/2599 3471/3471/3471
f 3471/3471/3471 2599/2599/2599 2593/2593/2593
f 3471/3471/3471 2593/2593/2593 3370/3370/3370
f 3471/3471/3471 3370/3370/3370 3745/3745/3745
f 3370/3370/3370 2593/2593/2593 2403/2403/2403
f 3370/3370/3370 2403/2403/2403 3081/3081/3081
f 3370/3370/3370 3081/3081/3081 3364/3364/3364
f 2403/2403/2403 2593/2593/2593 2080/2080/2080
f 2080/2080/2080 2593/2593/2593 2164/2164/2164
f 2080/2080/2080 2164/2164/2164 2088/2088/2088
f 2080/2080/2080 2088/2088/2088 1952/1952/1952
f 1952/1952/1952 2088/2088/2088 1761/1761/1761
f 1952/1952/1952 1761/1761/1761 1599/1599/1599
f 1599/1599/1599 1761/1761/1761 1695/1695/1695
f 1599/1599/1599 1695/1695/1695 955/955/955
f 1599/1599/1599 955/955/955 851/851/851
f 851/851/851 955/955/955 4874/4874/4874
f 955/955/955 1695/1695/1695 957/957/957
f 957/957/957 1695/1695/1695 1613/1613/1613
f 955/955/955 957/957/957 4631/4631/4631
f 955/955/955 4631/4631/4631 4874/4874/4874
f 4874/4874/4874 4631/4631/4631 5474/5474/5474
f 4874/4874/4874 5474/5474/5474 5594/5594/5594
f 2592/2592/2592 2597/2597/2597 2162/2162/2162
f 2087/2087/2087 1965/1965/1965 1969/1969/1969
f 1969/1969/1969 1965/1965/1965 1527/1527/1527
f 1527/1527/1527 1965/1965/1965 1616/1616/1616
f 2085/2085/2085 1966/1966/1966 1758/1758/1758
f 2402/2402/2402 2078/2078/2078 1954/1954/1954
f 1954/1954/1954 2078/2078/2078 1601/1601/1601
f 2402/2402/2402 1954/1954/1954 3079/3079/3079
f 3079/3079/3079 1954/1954/1954 2701/2701/2701
f 1967/1967/1967 1526/1526/1526 1314/1314/1314
f 1967/1967/1967 1314/1314/1314 1697/1697/1697
f 1525/1525/1525 1614/1614/1614 1180/1180/1180
f 1525/1525/1525 1180/1180/1180 1313/1313/1313
f 1180/1180/1180 1614/1614/1614 1257/1257/1257
f 1257/1257/1257 1614/1614/1614 1621/1621/1621
f 1257/1257/1257 1621/1621/1621 1260/1260/1260
f 1968/1968/1968 1698/1698/1698 1760/1760/1760
f 1696/1696/1696 1312/1312/1312 1308/1308/1308
f 1308/1308/1308 1312/1312/1312 1041/1041/1041
f 1696/1696/1696 1308/1308/1308 1611/1611/1611
f 1696/1696/1696 1611/1611/1611 1759/1759/1759
f 1759/1759/1759 1611/1611/1611 1694/1694/1694
f 1042/1042/1042 1315/1315/1315 1182/1182/1182
f 1042/1042/1042 1182/1182/1182 1116/1116/1116
f 1042/1042/1042 1116/1116/1116 959/959/959
f 1612/1612/1612 1309/1309/1309 956/956/956
f 956/956/956 1309/1309/1309 705/705/705
f 956/956/956 705/705/705 4632/4632/4632
f 4632/4632/4632 705/705/705 4876/4876/4876
f 956/956/956 4632/4632/4632 4630/4630/4630
f 4632/4632/4632 4876/4876/4876 5343/5343/5343
f 4632/4632/4632 5343/5343/5343 4630/4630/4630
f 5343/5343/5343 4876/4876/4876 5436/5436/5436
f 4630/4630/4630 5343/5343/5343 5473/5473/5473
f 1181/1181/1181 1258/1258/1258 1177/1177/1177
f 1181/1181/1181 1177/1177/1177 1115/1115/1115
f 1953/1953/1953 1600/1600/1600 1303/1303/1303
f 1953/1953/1953 1303/1303/1303 1523/1523/1523
f 1303/1303/1303 1600/1600/1600 852/852/852
f 1303/1303/1303 852/852/852 699/699/699
f 699/699/699 852/852/852 4875/4875/4875
f 699/699/699 4875/4875/4875 5085/5085/5085
f 5085/5085/5085 4875/4875/4875 5595/5595/5595
f 5085/5085/5085 5595/5595/5595 5206/5206/5206
f 5206/5206/5206 5595/5595/5595 5742/5742/5742
f 1302/1302/1302 697/697/697 1110/1110/1110
f 1302/1302/1302 1110/1110/1110 1519/1519/1519
f 1110/1110/1110 697/697/697 445/445/445
f 1110/1110/1110 445/445/445 453/453/453
f 1110/1110/1110 453/453/453 958/958/958
f 453/453/453 445/445/445 5204/5204/5204
f 958/958/958 453/453/453 454/454/454
f 958/958/958 454/454/454 1040/1040/1040
f 454/454/454 453/453/453 5191/5191/5191
f 5191/5191/5191 453/453/453 5204/5204/5204
f 5191/5191/5191 5204/5204/5204 5656/5656/5656
f 5656/5656/5656 5204/5204/5204 5740/5740/5740
f 1951/1951/1951 1521/1521/1521 1602/1602/1602
f 1602/1602/1602 1521/1521/1521 1304/1304/1304
f 1951/1951/1951 1602/1602/1602 2079/2079/2079
f 1955/1955/1955 1604/1604/1604 1608/1608/1608
f 1607/1607/1607 1603/1603/1603 1305/1305/1305
f 1607/1607/1607 1305/1305/1305 1178/1178/1178
f 1178/1178/1178 1305/1305/1305 1118/1118/1118
f 1118/1118/1118 1305/1305/1305 1256/1256/1256
f 1256/1256/1256 1305/1305/1305 1522/1522/1522
f 1255/1255/1255 1520/1520/1520 1111/1111/1111
f 1255/1255/1255 1111/1111/1111 960/960/960
f 1255/1255/1255 960/960/960 1117/1117/1117
f 1610/1610/1610 1179/1179/1179 1307/1307/1307
f 1307/1307/1307 1179/1179/1179 1262/1262/1262
f 1262/1262/1262 1179/1179/1179 1259/1259/1259
f 1307/1307/1307 1262/1262/1262 1460/1460/1460
f 1460/1460/1460 1262/1262/1262 1395/1395/1395
f 1460/1460/1460 1395/1395/1395 1700/1700/1700
f 1700/1700/1700 1395/1395/1395 1702/1702/1702
f 1700/1700/1700 1702/1702/1702 1768/1768/1768
f 1700/1700/1700 1768/1768/1768 1870/1870/1870
f 1870/1870/1870 1768/1768/1768 1976/1976/1976
f 1870/1870/1870 1976/1976/1976 2210/2210/2210
f 2210/2210/2210 1976/1976/1976 2215/2215/2215
f 1605/1605/1605 1306/1306/1306 1457/1457/1457
f 1261/1261/1261 1622/1622/1622 1394/1394/1394
f 1394/1394/1394 1622/1622/1622 1873/1873/1873
f 1606/1606/1606 1459/1459/1459 2185/2185/2185
f 2185/2185/2185 1459/1459/1459 2206/2206/2206
f 2185/2185/2185 2206/2206/2206 2611/2611/2611
f 1609/1609/1609 2186/2186/2186 2702/2702/2702
f 1609/1609/1609 2702/2702/2702 1956/1956/1956
f 2702/2702/2702 2186/2186/2186 2913/2913/2913
f 2913/2913/2913 2186/2186/2186 2612/2612/2612
f 2702/2702/2702 2913/2913/2913 3180/3180/3180
f 2702/2702/2702 3180/3180/3180 3005/3005/3005
f 3180/3180/3180 2913/2913/2913 3382/3382/3382
f 3382/3382/3382 2913/2913/2913 3277/3277/3277
f 3277/3277/3277 2913/2913/2913 2612/2612/2612
f 3277/3277/3277 2612/2612/2612 3022/3022/3022
f 3022/3022/3022 2612/2612/2612 2422/2422/2422
f 3078/3078/3078 2700/2700/2700 3002/3002/3002
f 3080/3080/3080 3003/3003/3003 3363/3363/3363
f 3363/3363/3363 3003/3003/3003 3084/3084/3084
f 3363/3363/3363 3084/3084/3084 3458/3458/3458
f 3458/3458/3458 3084/3084/3084 3257/3257/3257
f 3257/3257/3257 3084/3084/3084 2788/2788/2788
f 3257/3257/3257 2788/2788/2788 2885/2885/2885
f 2885/2885/2885 2788/2788/2788 2698/2698/2698
f 2698/2698/2698 2788/2788/2788 2591/2591/2591
f 2698/2698/2698 2591/2591/2591 2310/2310/2310
f 2310/2310/2310 2591/2591/2591 2409/2409/2409
f 3085/3085/3085 3004/3004/3004 3179/3179/3179
f 3367/3367/3367 3362/3362/3362 3543/3543/3543
f 3543/3543/3543 3362/3362/3362 3456/3456/3456
f 3543/3543/3543 3456/3456/3456 3539/3539/3539
f 3368/3368/3368 3544/3544/3544 3465/3465/3465
f 3545/3545/3545 3542/3542/3542 3466/3466/3466
f 3541/3541/3541 3457/3457/3457 3372/3372/3372
f 3372/3372/3372 3457/3457/3457 3256/3256/3256
f 3372/3372/3372 3256/3256/3256 2884/2884/2884
f 3369/3369/3369 3467/3467/3467 3743/3743/3743
f 3743/3743/3743 3467/3467/3467 3653/3653/3653
f 3463/3463/3463 3540/3540/3540 3172/3172/3172
f 3463/3463/3463 3172/3172/3172 3175/3175/3175
f 3172/3172/3172 3540/3540/3540 3371/3371/3371
f 3172/3172/3172 3371/3371/3371 2893/2893/2893
f 2893/2893/2893 3371/3371/3371 2887/2887/2887
f 2893/2893/2893 2887/2887/2887 2789/2789/2789
f 2893/2893/2893 2789/2789/2789 2314/2314/2314
f 2893/2893/2893 2314/2314/2314 2594/2594/2594
f 2594/2594/2594 2314/2314/2314 2410/2410/2410
f 3176/3176/3176 3173/3173/3173 3082/3082/3082
f 3083/3083/3083 3174/3174/3174 2894/2894/2894
f 3083/3083/3083 2894/2894/2894 2787/2787/2787
f 3373/3373/3373 2886/2886/2886 2888/2888/2888
f 2888/2888/2888 2886/2886/2886 2699/2699/2699
f 2888/2888/2888 2699/2699/2699 2791/2791/2791
f 2589/2589/2589 2786/2786/2786 2892/2892/2892
f 2589/2589/2589 2892/2892/2892 2595/2595/2595
f 2790/2790/2790 2697/2697/2697 2309/2309/2309
f 2790/2790/2790 2309/2309/2309 2316/2316/2316
f 2596/2596/2596 2411/2411/2411 2590/2590/2590
f 2590/2590/2590 2411/2411/2411 2407/2407/2407
f 2412/2412/2412 2315/2315/2315 2308/2308/2308
f 2412/2412/2412 2308/2308/2308 2408/2408/2408
f 2420/2420/2420 3194/3194/3194 3389/3389/3389
f 2420/2420/2420 3389/3389/3389 3020/3020/3020
f 3020/3020/3020 3389/3389/3389 3484/3484/3484
f 3020/3020/3020 3484/3484/3484 3017/3017/3017
f 3017/3017/3017 3484/3484/3484 3386/3386/3386
f 3017/3017/3017 3386/3386/3386 2719/2719/2719
f 2719/2719/2719 3386/3386/3386 2920/2920/2920
f 2719/2719/2719 2920/2920/2920 2806/2806/2806
f 2719/2719/2719 2806/2806/2806 2198/2198/2198
f 2719/2719/2719 2198/2198/2198 2200/2200/2200
f 1872/1872/1872 2419/2419/2419 2203/2203/2203
f 2203/2203/2203 2419/2419/2419 2610/2610/2610
f 1393/1393/1393 1871/1871/1871 2216/2216/2216
f 1393/1393/1393 2216/2216/2216 1701/1701/1701
f 1701/1701/1701 2216/2216/2216 1767/1767/1767
f 1767/1767/1767 2216/2216/2216 2325/2325/2325
f 1767/1767/1767 2325/2325/2325 1975/1975/1975
f 1975/1975/1975 2325/2325/2325 2508/2508/2508
f 2217/2217/2217 1875/1875/1875 2205/2205/2205
f 2217/2217/2217 2205/2205/2205 2324/2324/2324
f 2217/2217/2217 2324/2324/2324 2326/2326/2326
f 2326/2326/2326 2324/2324/2324 2418/2418/2418
f 2326/2326/2326 2418/2418/2418 2509/2509/2509
f 2509/2509/2509 2418/2418/2418 2615/2615/2615
f 2509/2509/2509 2615/2615/2615 2619/2619/2619
f 3388/3388/3388 3666/3666/3666 3483/3483/3483
f 3483/3483/3483 3666/3666/3666 3668/3668/3668
f 3668/3668/3668 3666/3666/3666 3562/3562/3562
f 3562/3562/3562 3666/3666/3666 3478/3478/3478
f 1458/1458/1458 1699/1699/1699 2204/2204/2204
f 2204/2204/2204 1699/1699/1699 2323/2323/2323
f 2323/2323/2323 1699/1699/1699 2417/2417/2417
f 2417/2417/2417 1699/1699/1699 1869/1869/1869
f 2417/2417/2417 1869/1869/1869 2614/2614/2614
f 2614/2614/2614 1869/1869/1869 2209/2209/2209
f 3275/3275/3275 3021/3021/3021 3018/3018/3018
f 3275/3275/3275 3018/3018/3018 3192/3192/3192
f 3652/3652/3652 3464/3464/3464 3177/3177/3177
f 3652/3652/3652 3177/3177/3177 3258/3258/3258
f 3652/3652/3652 3258/3258/3258 3547/3547/3547
f 3547/3547/3547 3258/3258/3258 2792/2792/2792
f 3547/3547/3547 2792/2792/2792 2896/2896/2896
f 2896/2896/2896 2792/2792/2792 2795/2795/2795
f 2795/2795/2795 2792/2792/2792 2491/2491/2491
f 2795/2795/2795 2491/2491/2491 2172/2172/2172
f 2172/2172/2172 2491/2491/2491 2175/2175/2175
f 3178/3178/3178 3380/3380/3380 3260/3260/3260
f 3259/3259/3259 3378/3378/3378 3374/3374/3374
f 2793/2793/2793 3261/3261/3261 3376/3376/3376
f 2793/2793/2793 3376/3376/3376 2802/2802/2802
f 3651/3651/3651 3546/3546/3546 3548/3548/3548
f 3651/3651/3651 3548/3548/3548 3747/3747/3747
f 3548/3548/3548 3546/3546/3546 2895/2895/2895
f 3548/3548/3548 2895/2895/2895 2907/2907/2907
f 3749/3749/3749 3744/3744/3744 3654/3654/3654
f 3744/3744/3744 3749/3749/3749 3658/3658/3658
f 3744/3744/3744 3658/3658/3658 3469/3469/3469
f 3748/3748/3748 3549/3549/3549 3375/3375/3375
f 3375/3375/3375 3549/3549/3549 2801/2801/2801
f 2801/2801/2801 3549/3549/3549 2908/2908/2908
f 3748/3748/3748 3375/3375/3375 3551/3551/3551
f 3551/3551/3551 3375/3375/3375 3379/3379/3379
f 3748/3748/3748 3551/3551/3551 3657/3657/3657
f 3657/3657/3657 3551/3551/3551 3468/3468/3468
f 2801/2801/2801 2908/2908/2908 2799/2799/2799
f 2801/2801/2801 2799/2799/2799 2496/2496/2496
f 2496/2496/2496 2799/2799/2799 2183/2183/2183
f 3550/3550/3550 3377/3377/3377 3268/3268/3268
f 3550/3550/3550 3268/3268/3268 3659/3659/3659
f 3659/3659/3659 3268/3268/3268 3555/3555/3555
f 3555/3555/3555 3268/3268/3268 2707/2707/2707
f 3555/3555/3555 2707/2707/2707 2713/2713/2713
f 3470/3470/3470 3552/3552/3552 3755/3755/3755
f 3755/3755/3755 3552/3552/3552 3661/3661/3661
f 3470/3470/3470 3755/3755/3755 3480/3480/3480
f 3755/3755/3755 3661/3661/3661 3560/3560/3560
f 3480/3480/3480 3755/3755/3755 3664/3664/3664
f 3664/3664/3664 3755/3755/3755 3560/3560/3560
f 3482/3482/3482 3665/3665/3665 3564/3564/3564
f 3564/3564/3564 3665/3665/3665 3561/3561/3561
f 3564/3564/3564 3561/3561/3561 3189/3189/3189
f 3564/3564/3564 3189/3189/3189 3276/3276/3276
f 3189/3189/3189 3561/3561/3561 3477/3477/3477
f 3189/3189/3189 3477/3477/3477 2609/2609/2609
f 2609/2609/2609 3477/3477/3477 2606/2606/2606
f 2609/2609/2609 2606/2606/2606 2500/2500/2500
f 2609/2609/2609 2500/2500/2500 2193/2193/2193
f 2193/2193/2193 2500/2500/2500 1973/1973/1973
f 3559/3559/3559 3660/3660/3660 3476/3476/3476
f 3476/3476/3476 3660/3660/3660 3556/3556/3556
f 3476/3476/3476 3556/3556/3556 2716/2716/2716
f 3476/3476/3476 2716/2716/2716 2605/2605/2605
f 3670/3670/3670 3563/3563/3563 3273/3273/3273
f 3670/3670/3670 3273/3273/3273 3191/3191/3191
f 3274/3274/3274 3188/3188/3188 3269/3269/3269
f 3274/3274/3274 3269/3269/3269 3381/3381/3381
f 3267/3267/3267 3187/3187/3187 2607/2607/2607
f 3267/3267/3267 2607/2607/2607 2706/2706/2706
f 3669/3669/3669 3190/3190/3190 3565/3565/3565
f 3565/3565/3565 3190/3190/3190 2914/2914/2914
f 3671/3671/3671 3566/3566/3566 3485/3485/3485
f 3485/3485/3485 3566/3566/3566 3387/3387/3387
f 3387/3387/3387 3566/3566/3566 2921/2921/2921
f 2921/2921/2921 3566/3566/3566 3015/3015/3015
f 3193/3193/3193 3019/3019/3019 2916/2916/2916
f 2916/2916/2916 3019/3019/3019 2720/2720/2720
f 2916/2916/2916 2720/2720/2720 2202/2202/2202
f 2916/2916/2916 2202/2202/2202 2414/2414/2414
f 2414/2414/2414 2202/2202/2202 2196/2196/2196
f 3016/3016/3016 3567/3567/3567 2915/2915/2915
f 3016/3016/3016 2915/2915/2915 2918/2918/2918
f 2918/2918/2918 2915/2915/2915 2321/2321/2321
f 2321/2321/2321 2915/2915/2915 2413/2413/2413
f 2321/2321/2321 2413/2413/2413 2195/2195/2195
f 2919/2919/2919 3014/3014/3014 2917/2917/2917
f 2919/2919/2919 2917/2917/2917 2805/2805/2805
f 2805/2805/2805 2917/2917/2917 2197/2197/2197
f 2197/2197/2197 2917/2917/2917 2319/2319/2319
f 2201/2201/2201 2199/2199/2199 2194/2194/2194
f 2194/2194/2194 2199/2199/2199 2320/2320/2320
f 706/706/706 1310/1310/1310 1043/1043/1043
f 706/706/706 1043/1043/1043 455/455/455
f 706/706/706 455/455/455 4877/4877/4877
f 4877/4877/4877 455/455/455 5192/5192/5192
f 4877/4877/4877 5192/5192/5192 5658/5658/5658
f 4877/4877/4877 5658/5658/5658 5437/5437/5437
f 446/446/446 698/698/698 5084/5084/5084
f 446/446/446 5084/5084/5084 5205/5205/5205
f 5342/5342/5342 5435/5435/5435 5657/5657/5657
f 5342/5342/5342 5657/5657/5657 5741/5741/5741
f 5342/5342/5342 5741/5741/5741 5472/5472/5472
f 5472/5472/5472 5741/5741/5741 5593/5593/5593
f 2618/2618/2618 2613/2613/2613 2505/2505/2505
f 2505/2505/2505 2613/2613/2613 2208/2208/2208
f 2507/2507/2507 2617/2617/2617 2214/2214/2214
f 2506/2506/2506 2213/2213/2213 1974/1974/1974
f 2211/2211/2211 2616/2616/2616 2503/2503/2503
f 2207/2207/2207 2212/2212/2212 2504/2504/2504
f 2494/2494/2494 2794/2794/2794 2804/2804/2804
f 2796/2796/2796 2173/2173/2173 2184/2184/2184
f 2796/2796/2796 2184/2184/2184 2800/2800/2800
f 2796/2796/2796 2800/2800/2800 2897/2897/2897
f 2897/2897/2897 2800/2800/2800 2909/2909/2909
f 2181/2181/2181 2171/2171/2171 2174/2174/2174
f 2177/2177/2177 2492/2492/2492 2497/2497/2497
f 2176/2176/2176 2495/2495/2495 2182/2182/2182
f 2498/2498/2498 2493/2493/2493 2803/2803/2803
f 2604/2604/2604 2715/2715/2715 2499/2499/2499
f 2499/2499/2499 2715/2715/2715 2602/2602/2602
f 2499/2499/2499 2602/2602/2602 1972/1972/1972
f 1972/1972/1972 2602/2602/2602 1959/1959/1959
f 2714/2714/2714 2708/2708/2708 2600/2600/2600
f 2710/2710/2710 2608/2608/2608 2191/2191/2191
f 2710/2710/2710 2191/2191/2191 2188/2188/2188
f 2601/2601/2601 2709/2709/2709 2187/2187/2187
f 2601/2601/2601 2187/2187/2187 1957/1957/1957
f 1957/1957/1957 2187/2187/2187 1961/1961/1961
f 2189/2189/2189 2192/2192/2192 1963/1963/1963
f 2190/2190/2190 1970/1970/1970 1960/1960/1960
f 1971/1971/1971 1958/1958/1958 1962/1962/1962
f 2425/2425/2425 2116/2116/2116 2229/2229/2229
f 3985/3985/3985 3756/3756/3756 3843/3843/3843
f 3987/3987/3987 3847/3847/3847 3490/3490/3490
f 3757/3757/3757 3297/3297/3297 3760/3760/3760
f 3759/3759/3759 3762/3762/3762 3848/3848/3848
f 3761/3761/3761 3298/3298/3298 3495/3495/3495
f 3495/3495/3495 3298/3298/3298 3764/3764/3764
f 3764/3764/3764 3298/3298/3298 3034/3034/3034
f 3764/3764/3764 3034/3034/3034 3813/3813/3813
f 3495/3495/3495 3764/3764/3764 3920/3920/3920
f 3920/3920/3920 3764/3764/3764 3813/3813/3813
f 3495/3495/3495 3920/3920/3920 3761/3761/3761
f 3920/3920/3920 3813/3813/3813 4034/4034/4034
f 3761/3761/3761 3920/3920/3920 3990/3990/3990
f 3990/3990/3990 3920/3920/3920 4034/4034/4034
f 3761/3761/3761 3990/3990/3990 3846/3846/3846
f 3990/3990/3990 4034/4034/4034 4058/4058/4058
f 3488/3488/3488 3844/3844/3844 3492/3492/3492
f 3491/3491/3491 3494/3494/3494 2631/2631/2631
f 3922/3922/3922 3850/3850/3850 4059/4059/4059
f 4035/4035/4035 4062/4062/4062 4059/4059/4059
f 4059/4059/4059 4062/4062/4062 4060/4060/4060
f 4059/4059/4059 4060/4060/4060 3922/3922/3922
f 4060/4060/4060 4062/4062/4062 4037/4037/4037
f 3922/3922/3922 4060/4060/4060 3852/3852/3852
f 3922/3922/3922 3852/3852/3852 3400/3400/3400
f 4060/4060/4060 4037/4037/4037 4036/4036/4036
f 4060/4060/4060 4036/4036/4036 3852/3852/3852
f 4036/4036/4036 4037/4037/4037 3864/3864/3864
f 3852/3852/3852 4036/4036/4036 3862/3862/3862
f 4036/4036/4036 3864/3864/3864 3868/3868/3868
f 3862/3862/3862 4036/4036/4036 3870/3870/3870
f 3870/3870/3870 4036/4036/4036 3868/3868/3868
f 4032/4032/4032 3812/3812/3812 3817/3817/3817
f 4033/4033/4033 3818/3818/3818 4061/4061/4061
f 3814/3814/3814 3037/3037/3037 3219/3219/3219
f 3814/3814/3814 3219/3219/3219 3819/3819/3819
f 3110/3110/3110 3222/3222/3222 3219/3219/3219
f 3219/3219/3219 3222/3222/3222 3312/3312/3312
f 3219/3219/3219 3312/3312/3312 3771/3771/3771
f 3219/3219/3219 3771/3771/3771 3819/3819/3819
f 3771/3771/3771 3312/3312/3312 3497/3497/3497
f 3771/3771/3771 3497/3497/3497 3593/3593/3593
f 3771/3771/3771 3593/3593/3593 3681/3681/3681
f 3819/3819/3819 3771/3771/3771 4038/4038/4038
f 4038/4038/4038 3771/3771/3771 3681/3681/3681
f 3819/3819/3819 4038/4038/4038 4063/4063/4063
f 4038/4038/4038 3681/3681/3681 3827/3827/3827
f 4038/4038/4038 3827/3827/3827 3865/3865/3865
f 3218/3218/3218 3036/3036/3036 2932/2932/2932
f 3218/3218/3218 2932/2932/2932 3109/3109/3109
f 2930/2930/2930 3033/3033/3033 2240/2240/2240
f 2931/2931/2931 2241/2241/2241 2632/2632/2632
f 2931/2931/2931 2632/2632/2632 2633/2633/2633
f 2632/2632/2632 2241/2241/2241 2351/2351/2351
f 2633/2633/2633 2632/2632/2632 2430/2430/2430
f 2430/2430/2430 2632/2632/2632 2351/2351/2351
f 2430/2430/2430 2351/2351/2351 2015/2015/2015
f 2430/2430/2430 2015/2015/2015 2021/2021/2021
f 2015/2015/2015 2351/2351/2351 2012/2012/2012
f 2015/2015/2015 2012/2012/2012 1653/1653/1653
f 1653/1653/1653 2012/2012/2012 1643/1643/1643
f 1653/1653/1653 1643/1643/1643 1350/1350/1350
f 1350/1350/1350 1643/1643/1643 1347/1347/1347
f 1350/1350/1350 1347/1347/1347 1071/1071/1071
f 2934/2934/2934 2634/2634/2634 2636/2636/2636
f 2636/2636/2636 2634/2634/2634 2431/2431/2431
f 2636/2636/2636 2431/2431/2431 2356/2356/2356
f 2356/2356/2356 2431/2431/2431 2023/2023/2023
f 2635/2635/2635 2355/2355/2355 2638/2638/2638
f 2635/2635/2635 2638/2638/2638 2933/2933/2933
f 2638/2638/2638 2355/2355/2355 2434/2434/2434
f 2434/2434/2434 2355/2355/2355 2022/2022/2022
f 2011/2011/2011 2349/2349/2349 2005/2005/2005
f 2011/2011/2011 2005/2005/2005 1640/1640/1640
f 2637/2637/2637 2432/2432/2432 2639/2639/2639
f 2637/2637/2637 2639/2639/2639 2929/2929/2929
f 2929/2929/2929 2639/2639/2639 2935/2935/2935
f 2929/2929/2929 2935/2935/2935 3106/3106/3106
f 2640/2640/2640 2433/2433/2433 2438/2438/2438
f 2438/2438/2438 2433/2433/2433 2020/2020/2020
f 2640/2640/2640 2438/2438/2438 2831/2831/2831
f 2640/2640/2640 2831/2831/2831 2936/2936/2936
f 2936/2936/2936 2831/2831/2831 3108/3108/3108
f 1642/1642/1642 2010/2010/2010 1647/1647/1647
f 2013/2013/2013 1650/1650/1650 1654/1654/1654
f 2014/2014/2014 1655/1655/1655 2019/2019/2019
f 1641/1641/1641 1644/1644/1644 1344/1344/1344
f 1651/1651/1651 1349/1349/1349 1352/1352/1352
f 1352/1352/1352 1349/1349/1349 1075/1075/1075
f 1652/1652/1652 1353/1353/1353 1656/1656/1656
f 1657/1657/1657 1354/1354/1354 1646/1646/1646
f 1646/1646/1646 1354/1354/1354 1346/1346/1346
f 1346/1346/1346 1354/1354/1354 1065/1065/1065
f 1072/1072/1072 1348/1348/1348 1070/1070/1070
f 1072/1072/1072 1070/1070/1070 873/873/873
f 873/873/873 1070/1070/1070 1064/1064/1064
f 1064/1064/1064 1070/1070/1070 1345/1345/1345
f 1351/1351/1351 1074/1074/1074 1068/1068/1068
f 1073/1073/1073 874/874/874 1067/1067/1067
f 1066/1066/1066 1355/1355/1355 1069/1069/1069
f 1066/1066/1066 1069/1069/1069 875/875/875
f 2030/2030/2030 1556/1556/1556 1557/1557/1557
f 2030/2030/2030 1557/1557/1557 2036/2036/2036
f 2036/2036/2036 1557/1557/1557 1561/1561/1561
f 1557/1557/1557 1556/1556/1556 1281/1281/1281
f 1557/1557/1557 1281/1281/1281 1561/1561/1561
f 1281/1281/1281 1556/1556/1556 1280/1280/1280
f 1561/1561/1561 1281/1281/1281 1209/1209/1209
f 1281/1281/1281 1280/1280/1280 929/929/929
f 1281/1281/1281 929/929/929 1209/1209/1209
f 929/929/929 1280/1280/1280 998/998/998
f 929/929/929 998/998/998 791/791/791
f 1209/1209/1209 929/929/929 932/932/932
f 1209/1209/1209 932/932/932 830/830/830
f 830/830/830 932/932/932 727/727/727
f 727/727/727 932/932/932 929/929/929
f 727/727/727 929/929/929 791/791/791
f 727/727/727 791/791/791 588/588/588
f 588/588/588 791/791/791 582/582/582
f 588/588/588 582/582/582 397/397/397
f 2444/2444/2444 2034/2034/2034 1894/1894/1894
f 1894/1894/1894 2034/2034/2034 1559/1559/1559
f 1894/1894/1894 1559/1559/1559 1483/1483/1483
f 790/790/790 996/996/996 786/786/786
f 790/790/790 786/786/786 581/581/581
f 581/581/581 786/786/786 579/579/579
f 581/581/581 579/579/579 395/395/395
f 1148/1148/1148 1558/1558/1558 1208/1208/1208
f 1148/1148/1148 1208/1208/1208 828/828/828
f 580/580/580 787/787/787 585/585/585
f 585/585/585 787/787/787 724/724/724
f 580/580/580 585/585/585 396/396/396
f 394/394/394 584/584/584 587/587/587
f 586/586/586 583/583/583 726/726/726
f 726/726/726 583/583/583 723/723/723
f 726/726/726 723/723/723 827/827/827
f 1150/1150/1150 659/659/659 1156/1156/1156
f 1150/1150/1150 1156/1156/1156 1562/1562/1562
f 1156/1156/1156 659/659/659 597/597/597
f 597/597/597 659/659/659 294/294/294
f 597/597/597 294/294/294 179/179/179
f 1156/1156/1156 597/597/597 1152/1152/1152
f 1156/1156/1156 1152/1152/1152 1492/1492/1492
f 1562/1562/1562 1156/1156/1156 1496/1496/1496
f 1562/1562/1562 1496/1496/1496 1902/1902/1902
f 1902/1902/1902 1496/1496/1496 2137/2137/2137
f 1210/1210/1210 1665/1665/1665 1282/1282/1282
f 1282/1282/1282 1665/1665/1665 1365/1365/1365
f 1495/1495/1495 1155/1155/1155 1490/1490/1490
f 1495/1495/1495 1490/1490/1490 2134/2134/2134
f 1493/1493/1493 1153/1153/1153 1089/1089/1089
f 1154/1154/1154 599/599/599 606/606/606
f 1154/1154/1154 606/606/606 1090/1090/1090
f 605/605/605 595/595/595 302/302/302
f 1091/1091/1091 607/607/607 604/604/604
f 604/604/604 607/607/607 304/304/304
f 1091/1091/1091 604/604/604 1087/1087/1087
f 1087/1087/1087 604/604/604 537/537/537
f 1091/1091/1091 1087/1087/1087 1436/1436/1436
f 537/537/537 604/604/604 252/252/252
f 1091/1091/1091 1436/1436/1436 1499/1499/1499
f 537/537/537 252/252/252 538/538/538
f 1499/1499/1499 1436/1436/1436 1817/1817/1817
f 1499/1499/1499 1817/1817/1817 1819/1819/1819
f 1819/1819/1819 1817/1817/1817 2371/2371/2371
f 537/537/537 538/538/538 1007/1007/1007
f 538/538/538 252/252/252 249/249/249
f 1008/1008/1008 1436/1436/1436 1007/1007/1007
f 1008/1008/1008 1007/1007/1007 538/538/538
f 1436/1436/1436 1008/1008/1008 1565/1565/1565
f 1008/1008/1008 538/538/538 1009/1009/1009
f 1008/1008/1008 1009/1009/1009 1565/1565/1565
f 538/538/538 249/249/249 541/541/541
f 541/541/541 249/249/249 206/206/206
f 538/538/538 541/541/541 1009/1009/1009
f 1009/1009/1009 541/541/541 487/487/487
f 487/487/487 541/541/541 211/211/211
f 1565/1565/1565 1009/1009/1009 1505/1505/1505
f 1009/1009/1009 487/487/487 880/880/880
f 1009/1009/1009 880/880/880 1505/1505/1505
f 880/880/880 487/487/487 839/839/839
f 1565/1565/1565 1505/1505/1505 2383/2383/2383
f 2272/2272/2272 2756/2756/2756 2383/2383/2383
f 2272/2272/2272 2383/2383/2383 1505/1505/1505
f 2272/2272/2272 1505/1505/1505 1828/1828/1828
f 2272/2272/2272 1828/1828/1828 2464/2464/2464
f 1828/1828/1828 1505/1505/1505 1824/1824/1824
f 1286/1286/1286 1505/1505/1505 880/880/880
f 1505/1505/1505 1286/1286/1286 1824/1824/1824
f 1286/1286/1286 880/880/880 839/839/839
f 1824/1824/1824 1286/1286/1286 1214/1214/1214
f 1824/1824/1824 1214/1214/1214 1217/1217/1217
f 1286/1286/1286 839/839/839 836/836/836
f 1286/1286/1286 836/836/836 1214/1214/1214
f 836/836/836 839/839/839 414/414/414
f 414/414/414 839/839/839 424/424/424
f 1214/1214/1214 836/836/836 840/840/840
f 840/840/840 836/836/836 414/414/414
f 1217/1217/1217 1214/1214/1214 837/837/837
f 837/837/837 1214/1214/1214 840/840/840
f 1217/1217/1217 837/837/837 842/842/842
f 840/840/840 414/414/414 341/341/341
f 341/341/341 414/414/414 42/42/42
f 341/341/341 42/42/42 4606/4606/4606
f 840/840/840 341/341/341 417/417/417
f 840/840/840 417/417/417 837/837/837
f 842/842/842 837/837/837 345/345/345
f 345/345/345 837/837/837 417/417/417
f 842/842/842 345/345/345 801/801/801
f 345/345/345 417/417/417 59/59/59
f 59/59/59 417/417/417 52/52/52
f 59/59/59 52/52/52 4681/4681/4681
f 1491/1491/1491 1088/1088/1088 1497/1497/1497
f 1494/1494/1494 1498/1498/1498 1818/1818/1818
f 1494/1494/1494 1818/1818/1818 1815/1815/1815
f 1494/1494/1494 1815/1815/1815 2139/2139/2139
f 1815/1815/1815 1818/1818/1818 2370/2370/2370
f 1815/1815/1815 2370/2370/2370 2456/2456/2456
f 2456/2456/2456 2370/2370/2370 2747/2747/2747
f 2747/2747/2747 2370/2370/2370 2751/2751/2751
f 2747/2747/2747 2751/2751/2751 3051/3051/3051
f 3051/3051/3051 2751/2751/2751 3125/3125/3125
f 3051/3051/3051 3125/3125/3125 3439/3439/3439
f 3439/3439/3439 3125/3125/3125 3130/3130/3130
f 3130/3130/3130 3125/3125/3125 2752/2752/2752
f 2752/2752/2752 3125/3125/3125 2749/2749/2749
f 2382/2382/2382 2749/2749/2749 2370/2370/2370
f 2749/2749/2749 2382/2382/2382 2752/2752/2752
f 2382/2382/2382 2370/2370/2370 1816/1816/1816
f 2382/2382/2382 1816/1816/1816 1564/1564/1564
f 1564/1564/1564 1816/1816/1816 1435/1435/1435
f 2752/2752/2752 2382/2382/2382 2757/2757/2757
f 3236/3236/3236 3130/3130/3130 2752/2752/2752
f 3236/3236/3236 2752/2752/2752 2757/2757/2757
f 3130/3130/3130 3236/3236/3236 3439/3439/3439
f 3236/3236/3236 2757/2757/2757 2862/2862/2862
f 2862/2862/2862 2757/2757/2757 2273/2273/2273
f 2862/2862/2862 2273/2273/2273 2465/2465/2465
f 3236/3236/3236 2862/2862/2862 3337/3337/3337
f 3236/3236/3236 3337/3337/3337 3439/3439/3439
f 3139/3139/3139 3446/3446/3446 3337/3337/3337
f 3337/3337/3337 3446/3446/3446 3518/3518/3518
f 3439/3439/3439 3337/3337/3337 3599/3599/3599
f 3599/3599/3599 3337/3337/3337 3518/3518/3518
f 3439/3439/3439 3599/3599/3599 3596/3596/3596
f 3439/3439/3439 3596/3596/3596 3503/3503/3503
f 3503/3503/3503 3596/3596/3596 3685/3685/3685
f 3599/3599/3599 3518/3518/3518 3621/3621/3621
f 3621/3621/3621 3518/3518/3518 3715/3715/3715
f 3621/3621/3621 3715/3715/3715 3701/3701/3701
f 3621/3621/3621 3701/3701/3701 3599/3599/3599
f 3701/3701/3701 3715/3715/3715 3787/3787/3787
f 3599/3599/3599 3701/3701/3701 3785/3785/3785
f 3785/3785/3785 3701/3701/3701 3787/3787/3787
f 3599/3599/3599 3785/3785/3785 3691/3691/3691
f 3785/3785/3785 3787/3787/3787 3830/3830/3830
f 3785/3785/3785 3830/3830/3830 3934/3934/3934
f 3830/3830/3830 3787/3787/3787 3874/3874/3874
f 3934/3934/3934 3830/3830/3830 4000/4000/4000
f 4000/4000/4000 3830/3830/3830 3874/3874/3874
f 2138/2138/2138 1814/1814/1814 2455/2455/2455
f 2138/2138/2138 2455/2455/2455 2530/2530/2530
f 2138/2138/2138 2530/2530/2530 2265/2265/2265
f 2852/2852/2852 2959/2959/2959 2530/2530/2530
f 2530/2530/2530 2959/2959/2959 2651/2651/2651
f 2530/2530/2530 2651/2651/2651 2265/2265/2265
f 2265/2265/2265 2651/2651/2651 2373/2373/2373
f 2265/2265/2265 2373/2373/2373 1912/1912/1912
f 1912/1912/1912 2373/2373/2373 2039/2039/2039
f 1912/1912/1912 2039/2039/2039 1733/1733/1733
f 1912/1912/1912 1733/1733/1733 1731/1731/1731
f 1731/1731/1731 1733/1733/1733 1504/1504/1504
f 1434/1434/1434 1086/1086/1086 1006/1006/1006
f 1005/1005/1005 1085/1085/1085 536/536/536
f 248/248/248 250/250/250 4661/4661/4661
f 248/248/248 4661/4661/4661 4659/4659/4659
f 248/248/248 4659/4659/4659 204/204/204
f 4659/4659/4659 4661/4661/4661 4784/4784/4784
f 4784/4784/4784 4661/4661/4661 4790/4790/4790
f 4784/4784/4784 4790/4790/4790 4850/4850/4850
f 4784/4784/4784 4850/4850/4850 4847/4847/4847
f 4847/4847/4847 4850/4850/4850 4912/4912/4912
f 4912/4912/4912 4850/4850/4850 4917/4917/4917
f 4912/4912/4912 4917/4917/4917 4997/4997/4997
f 4748/4748/4748 204/204/204 4659/4659/4659
f 4748/4748/4748 4659/4659/4659 4852/4852/4852
f 204/204/204 4748/4748/4748 4805/4805/4805
f 4748/4748/4748 4852/4852/4852 4944/4944/4944
f 4748/4748/4748 4944/4944/4944 4805/4805/4805
f 4944/4944/4944 4852/4852/4852 5078/5078/5078
f 204/204/204 4805/4805/4805 49/49/49
f 4944/4944/4944 5078/5078/5078 5006/5006/5006
f 5006/5006/5006 5078/5078/5078 5120/5120/5120
f 4944/4944/4944 5006/5006/5006 4936/4936/4936
f 4944/4944/4944 4936/4936/4936 4805/4805/4805
f 413/413/413 422/422/422 49/49/49
f 413/413/413 49/49/49 40/40/40
f 40/40/40 49/49/49 4805/4805/4805
f 4805/4805/4805 4936/4936/4936 4795/4795/4795
f 4805/4805/4805 4795/4795/4795 40/40/40
f 40/40/40 4795/4795/4795 4802/4802/4802
f 4795/4795/4795 4936/4936/4936 4939/4939/4939
f 4795/4795/4795 4939/4939/4939 4932/4932/4932
f 4932/4932/4932 4939/4939/4939 5001/5001/5001
f 4932/4932/4932 5001/5001/5001 4992/4992/4992
f 486/486/486 210/210/210 423/423/423
f 423/423/423 210/210/210 55/55/55
f 55/55/55 210/210/210 4678/4678/4678
f 4678/4678/4678 210/210/210 4683/4683/4683
f 4678/4678/4678 4683/4683/4683 4856/4856/4856
f 485/485/485 419/419/419 838/838/838
f 342/342/342 4607/4607/4607 418/418/418
f 418/418/418 4607/4607/4607 44/44/44
f 44/44/44 4607/4607/4607 4804/4804/4804
f 44/44/44 4804/4804/4804 4798/4798/4798
f 4798/4798/4798 4804/4804/4804 5012/5012/5012
f 44/44/44 4798/4798/4798 4800/4800/4800
f 44/44/44 4800/4800/4800 197/197/197
f 4943/4943/4943 4798/4798/4798 4796/4796/4796
f 4800/4800/4800 4798/4798/4798 5009/5009/5009
f 5009/5009/5009 4798/4798/4798 4943/4943/4943
f 4800/4800/4800 5009/5009/5009 4788/4788/4788
f 4800/4800/4800 4788/4788/4788 47/47/47
f 5074/5074/5074 4943/4943/4943 4935/4935/4935
f 4943/4943/4943 5074/5074/5074 5076/5076/5076
f 5076/5076/5076 5074/5074/5074 5118/5118/5118
f 5076/5076/5076 5118/5118/5118 5072/5072/5072
f 5076/5076/5076 5072/5072/5072 4927/4927/4927
f 5076/5076/5076 4927/4927/4927 5009/5009/5009
f 5009/5009/5009 4927/4927/4927 4788/4788/4788
f 4788/4788/4788 4927/4927/4927 4919/4919/4919
f 4919/4919/4919 4927/4927/4927 5070/5070/5070
f 4788/4788/4788 4919/4919/4919 4783/4783/4783
f 4788/4788/4788 4783/4783/4783 176/176/176
f 176/176/176 4783/4783/4783 39/39/39
f 176/176/176 39/39/39 406/406/406
f 406/406/406 39/39/39 337/337/337
f 4605/4605/4605 41/41/41 4803/4803/4803
f 4801/4801/4801 4793/4793/4793 5010/5010/5010
f 4797/4797/4797 5011/5011/5011 4794/4794/4794
f 202/202/202 48/48/48 420/420/420
f 203/203/203 421/421/421 53/53/53
f 203/203/203 53/53/53 4666/4666/4666
f 43/43/43 194/194/194 415/415/415
f 54/54/54 4677/4677/4677 4667/4667/4667
f 4667/4667/4667 4677/4677/4677 4855/4855/4855
f 4668/4668/4668 4858/4858/4858 4676/4676/4676
f 4668/4668/4668 4676/4676/4676 205/205/205
f 4675/4675/4675 4857/4857/4857 4684/4684/4684
f 4682/4682/4682 209/209/209 207/207/207
f 207/207/207 209/209/209 539/539/539
f 4682/4682/4682 207/207/207 4673/4673/4673
f 4674/4674/4674 208/208/208 201/201/201
f 201/201/201 208/208/208 540/540/540
f 5008/5008/5008 4942/4942/4942 5075/5075/5075
f 4941/4941/4941 4792/4792/4792 4931/4931/4931
f 5117/5117/5117 5073/5073/5073 5004/5004/5004
f 5004/5004/5004 5073/5073/5073 4933/4933/4933
f 5071/5071/5071 5116/5116/5116 5003/5003/5003
f 5071/5071/5071 5003/5003/5003 4924/4924/4924
f 4926/4926/4926 5005/5005/5005 4834/4834/4834
f 4926/4926/4926 4834/4834/4834 4845/4845/4845
f 4845/4845/4845 4834/4834/4834 4739/4739/4739
f 4739/4739/4739 4834/4834/4834 4736/4736/4736
f 4736/4736/4736 4834/4834/4834 4906/4906/4906
f 4906/4906/4906 4834/4834/4834 4995/4995/4995
f 4995/4995/4995 4834/4834/4834 5005/5005/5005
f 4995/4995/4995 5005/5005/5005 4934/4934/4934
f 4993/4993/4993 5066/5066/5066 4903/4903/4903
f 4903/4903/4903 5066/5066/5066 5064/5064/5064
f 4902/4902/4902 5063/5063/5063 4985/4985/4985
f 4985/4985/4985 5063/5063/5063 5114/5114/5114
f 5114/5114/5114 5063/5063/5063 5061/5061/5061
f 5061/5061/5061 5063/5063/5063 4989/4989/4989
f 5114/5114/5114 5061/5061/5061 5112/5112/5112
f 5114/5114/5114 5112/5112/5112 5162/5162/5162
f 5162/5162/5162 5112/5112/5112 5160/5160/5160
f 5162/5162/5162 5160/5160/5160 5183/5183/5183
f 4901/4901/4901 4984/4984/4984 4988/4988/4988
f 5062/5062/5062 4991/4991/4991 4987/4987/4987
f 5062/5062/5062 4987/4987/4987 5113/5113/5113
f 5113/5113/5113 4987/4987/4987 5060/5060/5060
f 5113/5113/5113 5060/5060/5060 5161/5161/5161
f 5161/5161/5161 5060/5060/5060 5111/5111/5111
f 5161/5161/5161 5111/5111/5111 5185/5185/5185
f 5059/5059/5059 4986/4986/4986 5115/5115/5115
f 5059/5059/5059 5115/5115/5115 5110/5110/5110
f 5110/5110/5110 5115/5115/5115 5163/5163/5163
f 5110/5110/5110 5163/5163/5163 5184/5184/5184
f 4853/4853/4853 4920/4920/4920 4929/4929/4929
f 4930/4930/4930 4923/4923/4923 5122/5122/5122
f 4928/4928/4928 5119/5119/5119 5077/5077/5077
f 4928/4928/4928 5077/5077/5077 4851/4851/4851
f 5121/5121/5121 4922/4922/4922 5007/5007/5007
f 5007/5007/5007 4922/4922/4922 4938/4938/4938
f 4791/4791/4791 4662/4662/4662 181/181/181
f 4791/4791/4791 181/181/181 4657/4657/4657
f 4657/4657/4657 181/181/181 4600/4600/4600
f 4657/4657/4657 4600/4600/4600 4652/4652/4652
f 181/181/181 4662/4662/4662 300/300/300
f 181/181/181 300/300/300 178/178/178
f 178/178/178 300/300/300 596/596/596
f 300/300/300 4662/4662/4662 251/251/251
f 300/300/300 251/251/251 602/602/602
f 4785/4785/4785 4848/4848/4848 4777/4777/4777
f 4777/4777/4777 4848/4848/4848 4840/4840/4840
f 4840/4840/4840 4848/4848/4848 4913/4913/4913
f 4840/4840/4840 4913/4913/4913 4999/4999/4999
f 4849/4849/4849 4789/4789/4789 4655/4655/4655
f 4849/4849/4849 4655/4655/4655 4780/4780/4780
f 4849/4849/4849 4780/4780/4780 4915/4915/4915
f 4776/4776/4776 4839/4839/4839 4843/4843/4843
f 4843/4843/4843 4839/4839/4839 4998/4998/4998
f 4776/4776/4776 4843/4843/4843 4781/4781/4781
f 4776/4776/4776 4781/4781/4781 4656/4656/4656
f 4996/4996/4996 4916/4916/4916 4842/4842/4842
f 4779/4779/4779 4841/4841/4841 4914/4914/4914
f 4598/4598/4598 180/180/180 177/177/177
f 4598/4598/4598 177/177/177 292/292/292
f 4599/4599/4599 293/293/293 34/34/34
f 34/34/34 293/293/293 242/242/242
f 299/299/299 600/600/600 593/593/593
f 598/598/598 603/603/603 298/298/298
f 298/298/298 603/603/603 275/275/275
f 298/298/298 275/275/275 184/184/184
f 184/184/184 275/275/275 188/188/188
f 36/36/36 243/243/243 4590/4590/4590
f 594/594/594 296/296/296 301/301/301
f 301/301/301 296/296/296 189/189/189
f 37/37/37 4592/4592/4592 32/32/32
f 32/32/32 4592/4592/4592 4742/4742/4742
f 37/37/37 32/32/32 173/173/173
f 173/173/173 32/32/32 290/290/290
f 244/244/244 4593/4593/4593 4591/4591/4591
f 4591/4591/4591 4593/4593/4593 4741/4741/4741
f 274/274/274 601/601/601 303/303/303
f 274/274/274 303/303/303 186/186/186
f 186/186/186 303/303/303 192/192/192
f 191/191/191 297/297/297 182/182/182
f 191/191/191 182/182/182 4603/4603/4603
f 4604/4604/4604 183/183/183 187/187/187
f 4602/4602/4602 185/185/185 190/190/190
f 3212/3212/3212 3097/3097/3097 3206/3206/3206
f 3207/3207/3207 3099/3099/3099 3032/3032/3032
f 3031/3031/3031 3098/3098/3098 3203/3203/3203
f 3030/3030/3030 3201/3201/3201 3204/3204/3204
f 3204/3204/3204 3201/3201/3201 3392/3392/3392
f 3392/3392/3392 3201/3201/3201 3301/3301/3301
f 3392/3392/3392 3301/3301/3301 3675/3675/3675
f 3675/3675/3675 3301/3301/3301 3577/3577/3577
f 3675/3675/3675 3577/3577/3577 3815/3815/3815
f 3815/3815/3815 3577/3577/3577 3765/3765/3765
f 3815/3815/3815 3765/3765/3765 3923/3923/3923
f 3923/3923/3923 3765/3765/3765 3820/3820/3820
f 3923/3923/3923 3820/3820/3820 3925/3925/3925
f 3925/3925/3925 3820/3820/3820 3855/3855/3855
f 3925/3925/3925 3855/3855/3855 3991/3991/3991
f 3991/3991/3991 3855/3855/3855 3859/3859/3859
f 3991/3991/3991 3859/3859/3859 3993/3993/3993
f 3993/3993/3993 3859/3859/3859 3867/3867/3867
f 3993/3993/3993 3867/3867/3867 3929/3929/3929
f 3929/3929/3929 3867/3867/3867 3863/3863/3863
f 3929/3929/3929 3863/3863/3863 3826/3826/3826
f 3929/3929/3929 3826/3826/3826 3828/3828/3828
f 3828/3828/3828 3826/3826/3826 3776/3776/3776
f 3929/3929/3929 3828/3828/3828 3931/3931/3931
f 3202/3202/3202 3096/3096/3096 3302/3302/3302
f 3302/3302/3302 3096/3096/3096 3211/3211/3211
f 3213/3213/3213 3208/3208/3208 3305/3305/3305
f 3213/3213/3213 3305/3305/3305 3307/3307/3307
f 3307/3307/3307 3305/3305/3305 3581/3581/3581
f 3307/3307/3307 3581/3581/3581 3403/3403/3403
f 3304/3304/3304 3205/3205/3205 3393/3393/3393
f 3304/3304/3304 3393/3393/3393 3676/3676/3676
f 3304/3304/3304 3676/3676/3676 3580/3580/3580
f 3578/3578/3578 3303/3303/3303 3214/3214/3214
f 3578/3578/3578 3214/3214/3214 3308/3308/3308
f 3579/3579/3579 3309/3309/3309 3768/3768/3768
f 3768/3768/3768 3309/3309/3309 3404/3404/3404
f 3677/3677/3677 3816/3816/3816 3583/3583/3583
f 3583/3583/3583 3816/3816/3816 3770/3770/3770
f 3770/3770/3770 3816/3816/3816 3924/3924/3924
f 3770/3770/3770 3924/3924/3924 3854/3854/3854
f 3854/3854/3854 3924/3924/3924 3926/3926/3926
f 3854/3854/3854 3926/3926/3926 3928/3928/3928
f 3928/3928/3928 3926/3926/3926 3992/3992/3992
f 3928/3928/3928 3992/3992/3992 3996/3996/3996
f 3996/3996/3996 3992/3992/3992 3994/3994/3994
f 3996/3996/3996 3994/3994/3994 3999/3999/3999
f 3999/3999/3999 3994/3994/3994 3933/3933/3933
f 3933/3933/3933 3994/3994/3994 3930/3930/3930
f 3582/3582/3582 3769/3769/3769 3405/3405/3405
f 3405/3405/3405 3769/3769/3769 3853/3853/3853
f 3405/3405/3405 3853/3853/3853 3591/3591/3591
f 3591/3591/3591 3853/3853/3853 3927/3927/3927
f 3591/3591/3591 3927/3927/3927 3823/3823/3823
f 3823/3823/3823 3927/3927/3927 3995/3995/3995
f 3823/3823/3823 3995/3995/3995 3833/3833/3833
f 3833/3833/3833 3995/3995/3995 3998/3998/3998
f 3823/3823/3823 3833/3833/3833 3693/3693/3693
f 3693/3693/3693 3833/3833/3833 3712/3712/3712
f 3693/3693/3693 3712/3712/3712 3515/3515/3515
f 3693/3693/3693 3515/3515/3515 3330/3330/3330
f 3823/3823/3823 3693/3693/3693 3406/3406/3406
f 3823/3823/3823 3406/3406/3406 3591/3591/3591
f 3406/3406/3406 3693/3693/3693 3224/3224/3224
f 3591/3591/3591 3406/3406/3406 3039/3039/3039
f 3039/3039/3039 3406/3406/3406 3224/3224/3224
f 3591/3591/3591 3039/3039/3039 3217/3217/3217
f 3039/3039/3039 3224/3224/3224 2822/2822/2822
f 3039/3039/3039 2822/2822/2822 2520/2520/2520
f 3039/3039/3039 2520/2520/2520 2819/2819/2819
f 2520/2520/2520 2822/2822/2822 2348/2348/2348
f 3396/3396/3396 3767/3767/3767 3401/3401/3401
f 3766/3766/3766 3394/3394/3394 3821/3821/3821
f 3821/3821/3821 3394/3394/3394 3584/3584/3584
f 3402/3402/3402 3590/3590/3590 3397/3397/3397
f 3856/3856/3856 3822/3822/3822 3585/3585/3585
f 3860/3860/3860 3857/3857/3857 3586/3586/3586
f 3587/3587/3587 3399/3399/3399 3851/3851/3851
f 3587/3587/3587 3851/3851/3851 3861/3861/3861
f 3858/3858/3858 3869/3869/3869 3866/3866/3866
f 3932/3932/3932 3829/3829/3829 3784/3784/3784
f 3784/3784/3784 3829/3829/3829 3690/3690/3690
f 3690/3690/3690 3829/3829/3829 3778/3778/3778
f 3690/3690/3690 3778/3778/3778 3783/3783/3783
f 3997/3997/3997 3872/3872/3872 3831/3831/3831
f 3832/3832/3832 3873/3873/3873 3710/3710/3710
f 3709/3709/3709 3871/3871/3871 3789/3789/3789
f 3789/3789/3789 3871/3871/3871 3786/3786/3786
f 3713/3713/3713 3790/3790/3790 3627/3627/3627
f 3713/3713/3713 3627/3627/3627 3625/3625/3625
f 3627/3627/3627 3790/3790/3790 3718/3718/3718
f 3718/3718/3718 3790/3790/3790 3788/3788/3788
f 3718/3718/3718 3788/3788/3788 3716/3716/3716
f 3625/3625/3625 3627/3627/3627 3443/3443/3443
f 3625/3625/3625 3443/3443/3443 3334/3334/3334
f 3334/3334/3334 3443/3443/3443 3235/3235/3235
f 3334/3334/3334 3235/3235/3235 3123/3123/3123
f 3440/3440/3440 3717/3717/3717 3714/3714/3714
f 3440/3440/3440 3714/3714/3714 3516/3516/3516
f 3717/3717/3717 3440/3440/3440 3338/3338/3338
f 3717/3717/3717 3338/3338/3338 3626/3626/3626
f 3338/3338/3338 3440/3440/3440 3134/3134/3134
f 3626/3626/3626 3338/3338/3338 3132/3132/3132
f 3132/3132/3132 3338/3338/3338 3134/3134/3134
f 3132/3132/3132 3134/3134/3134 2853/2853/2853
f 3626/3626/3626 3132/3132/3132 3442/3442/3442
f 3442/3442/3442 3132/3132/3132 3053/3053/3053
f 3442/3442/3442 3053/3053/3053 3233/3233/3233
f 3233/3233/3233 3053/3053/3053 2956/2956/2956
f 3233/3233/3233 2956/2956/2956 3054/3054/3054
f 3054/3054/3054 2956/2956/2956 2847/2847/2847
f 3054/3054/3054 2847/2847/2847 2960/2960/2960
f 2960/2960/2960 2847/2847/2847 2743/2743/2743
f 2960/2960/2960 2743/2743/2743 2654/2654/2654
f 3441/3441/3441 3517/3517/3517 3445/3445/3445
f 3441/3441/3441 3445/3445/3445 3141/3141/3141
f 3441/3441/3441 3141/3141/3141 3135/3135/3135
f 3135/3135/3135 3141/3141/3141 2858/2858/2858
f 3135/3135/3135 2858/2858/2858 2857/2857/2857
f 2857/2857/2857 2858/2858/2858 2534/2534/2534
f 3140/3140/3140 3444/3444/3444 3137/3137/3137
f 3142/3142/3142 3138/3138/3138 2963/2963/2963
f 3143/3143/3143 2964/2964/2964 2859/2859/2859
f 2859/2859/2859 2964/2964/2964 2658/2658/2658
f 2859/2859/2859 2658/2658/2658 2535/2535/2535
f 2658/2658/2658 2964/2964/2964 2458/2458/2458
f 2658/2658/2658 2458/2458/2458 2461/2461/2461
f 3060/3060/3060 2755/2755/2755 2964/2964/2964
f 2964/2964/2964 2755/2755/2755 2458/2458/2458
f 2458/2458/2458 2755/2755/2755 2381/2381/2381
f 2458/2458/2458 2381/2381/2381 1726/1726/1726
f 2461/2461/2461 2458/2458/2458 2271/2271/2271
f 2461/2461/2461 2271/2271/2271 2276/2276/2276
f 2276/2276/2276 2271/2271/2271 2044/2044/2044
f 2276/2276/2276 2044/2044/2044 2146/2146/2146
f 2458/2458/2458 1726/1726/1726 2378/2378/2378
f 2378/2378/2378 1726/1726/1726 1812/1812/1812
f 1812/1812/1812 1726/1726/1726 1218/1218/1218
f 2378/2378/2378 1812/1812/1812 1905/1905/1905
f 1905/1905/1905 1812/1812/1812 1374/1374/1374
f 3136/3136/3136 3335/3335/3335 3057/3057/3057
f 3136/3136/3136 3057/3057/3057 2962/2962/2962
f 3059/3059/3059 3336/3336/3336 2861/2861/2861
f 3058/3058/3058 2860/2860/2860 2754/2754/2754
f 2754/2754/2754 2860/2860/2860 2385/2385/2385
f 2385/2385/2385 2860/2860/2860 2462/2462/2462
f 2385/2385/2385 2462/2462/2462 1921/1921/1921
f 2385/2385/2385 1921/1921/1921 1916/1916/1916
f 2533/2533/2533 2657/2657/2657 2460/2460/2460
f 2531/2531/2531 2459/2459/2459 2267/2267/2267
f 2267/2267/2267 2459/2459/2459 2274/2274/2274
f 2376/2376/2376 2855/2855/2855 2532/2532/2532
f 2376/2376/2376 2532/2532/2532 2268/2268/2268
f 2376/2376/2376 2268/2268/2268 2141/2141/2141
f 2376/2376/2376 2141/2141/2141 2043/2043/2043
f 2141/2141/2141 2268/2268/2268 2048/2048/2048
f 2856/2856/2856 2377/2377/2377 2653/2653/2653
f 2854/2854/2854 2652/2652/2652 3133/3133/3133
f 3133/3133/3133 2652/2652/2652 2842/2842/2842
f 3133/3133/3133 2842/2842/2842 2950/2950/2950
f 2950/2950/2950 2842/2842/2842 2453/2453/2453
f 2950/2950/2950 2453/2453/2453 2644/2644/2644
f 2644/2644/2644 2453/2453/2453 2360/2360/2360
f 2453/2453/2453 2842/2842/2842 2132/2132/2132
f 2132/2132/2132 2842/2842/2842 2652/2652/2652
f 2132/2132/2132 2652/2652/2652 1904/1904/1904
f 1904/1904/1904 2652/2652/2652 2374/2374/2374
f 2132/2132/2132 1904/1904/1904 1370/1370/1370
f 2360/2360/2360 2453/2453/2453 2037/2037/2037
f 2360/2360/2360 2037/2037/2037 2026/2026/2026
f 2453/2453/2453 2132/2132/2132 1663/1663/1663
f 2453/2453/2453 1663/1663/1663 2037/2037/2037
f 1663/1663/1663 2132/2132/2132 1487/1487/1487
f 2026/2026/2026 2037/2037/2037 1718/1718/1718
f 1718/1718/1718 2037/2037/2037 1663/1663/1663
f 1718/1718/1718 1663/1663/1663 1363/1363/1363
f 1363/1363/1363 1663/1663/1663 1080/1080/1080
f 1363/1363/1363 1080/1080/1080 999/999/999
f 2026/2026/2026 1718/1718/1718 1715/1715/1715
f 2026/2026/2026 1715/1715/1715 2354/2354/2354
f 1358/1358/1358 1428/1428/1428 1718/1718/1718
f 1718/1718/1718 1428/1428/1428 1715/1715/1715
f 1715/1715/1715 1428/1428/1428 1425/1425/1425
f 1715/1715/1715 1425/1425/1425 1550/1550/1550
f 1550/1550/1550 1425/1425/1425 1206/1206/1206
f 1715/1715/1715 1550/1550/1550 2247/2247/2247
f 1715/1715/1715 2247/2247/2247 2354/2354/2354
f 2354/2354/2354 2247/2247/2247 2824/2824/2824
f 2354/2354/2354 2824/2824/2824 2826/2826/2826
f 2270/2270/2270 2457/2457/2457 2375/2375/2375
f 2270/2270/2270 2375/2375/2375 2042/2042/2042
f 2269/2269/2269 2275/2275/2275 2143/2143/2143
f 2143/2143/2143 2275/2275/2275 2145/2145/2145
f 2143/2143/2143 2145/2145/2145 2052/2052/2052
f 2144/2144/2144 2040/2040/2040 1918/1918/1918
f 2144/2144/2144 1918/1918/1918 2050/2050/2050
f 2142/2142/2142 2049/2049/2049 2045/2045/2045
f 2142/2142/2142 2045/2045/2045 2266/2266/2266
f 2047/2047/2047 2051/2051/2051 1920/1920/1920
f 2140/2140/2140 2046/2046/2046 1919/1919/1919
f 2140/2140/2140 1919/1919/1919 2041/2041/2041
f 2380/2380/2380 2753/2753/2753 2384/2384/2384
f 2380/2380/2380 2384/2384/2384 1913/1913/1913
f 2380/2380/2380 1913/1913/1913 1821/1821/1821
f 1725/1725/1725 2379/2379/2379 1820/1820/1820
f 1725/1725/1725 1820/1820/1820 1215/1215/1215
f 1822/1822/1822 1914/1914/1914 1566/1566/1566
f 1917/1917/1917 1922/1922/1922 1570/1570/1570
f 1915/1915/1915 1569/1569/1569 1567/1567/1567
f 1567/1567/1567 1569/1569/1569 1219/1219/1219
f 1925/1925/1925 2463/2463/2463 1826/1826/1826
f 1571/1571/1571 1924/1924/1924 1574/1574/1574
f 1571/1571/1571 1574/1574/1574 1288/1288/1288
f 1573/1573/1573 1923/1923/1923 1825/1825/1825
f 1573/1573/1573 1825/1825/1825 1506/1506/1506
f 1573/1573/1573 1506/1506/1506 1290/1290/1290
f 1290/1290/1290 1506/1506/1506 1223/1223/1223
f 1573/1573/1573 1290/1290/1290 1287/1287/1287
f 1290/1290/1290 1223/1223/1223 1015/1015/1015
f 1290/1290/1290 1015/1015/1015 1287/1287/1287
f 1287/1287/1287 1015/1015/1015 1016/1016/1016
f 1016/1016/1016 1015/1015/1015 804/804/804
f 1827/1827/1827 1823/1823/1823 1507/1507/1507
f 1507/1507/1507 1823/1823/1823 1568/1568/1568
f 1507/1507/1507 1568/1568/1568 1224/1224/1224
f 1224/1224/1224 1568/1568/1568 1221/1221/1221
f 1224/1224/1224 1221/1221/1221 1012/1012/1012
f 1012/1012/1012 1221/1221/1221 948/948/948
f 1012/1012/1012 948/948/948 806/806/806
f 1220/1220/1220 1572/1572/1572 1289/1289/1289
f 1220/1220/1220 1289/1289/1289 947/947/947
f 947/947/947 1289/1289/1289 1017/1017/1017
f 947/947/947 1017/1017/1017 805/805/805
f 1013/1013/1013 1222/1222/1222 1010/1010/1010
f 1014/1014/1014 1011/1011/1011 803/803/803
f 2369/2369/2369 2748/2748/2748 2750/2750/2750
f 2750/2750/2750 2748/2748/2748 3124/3124/3124
f 2454/2454/2454 2746/2746/2746 2529/2529/2529
f 2745/2745/2745 3050/3050/3050 2850/2850/2850
f 2745/2745/2745 2850/2850/2850 2528/2528/2528
f 2849/2849/2849 3049/3049/3049 3127/3127/3127
f 3127/3127/3127 3049/3049/3049 3437/3437/3437
f 2851/2851/2851 3129/3129/3129 3232/3232/3232
f 2851/2851/2851 3232/3232/3232 2958/2958/2958
f 2958/2958/2958 3232/3232/3232 2954/2954/2954
f 2958/2958/2958 2954/2954/2954 2650/2650/2650
f 2650/2650/2650 2954/2954/2954 2649/2649/2649
f 2650/2650/2650 2649/2649/2649 2368/2368/2368
f 2650/2650/2650 2368/2368/2368 2372/2372/2372
f 2372/2372/2372 2368/2368/2368 1908/1908/1908
f 2372/2372/2372 1908/1908/1908 2038/2038/2038
f 2038/2038/2038 1908/1908/1908 1732/1732/1732
f 1732/1732/1732 1908/1908/1908 1729/1729/1729
f 1732/1732/1732 1729/1729/1729 1503/1503/1503
f 3126/3126/3126 3436/3436/3436 3432/3432/3432
f 3128/3128/3128 3433/3433/3433 3230/3230/3230
f 3231/3231/3231 3434/3434/3434 3331/3331/3331
f 3331/3331/3331 3434/3434/3434 3500/3500/3500
f 3231/3231/3231 3331/3331/3331 3118/3118/3118
f 3231/3231/3231 3118/3118/3118 2953/2953/2953
f 2953/2953/2953 3118/3118/3118 2646/2646/2646
f 2953/2953/2953 2646/2646/2646 2648/2648/2648
f 2648/2648/2648 2646/2646/2646 2259/2259/2259
f 2648/2648/2648 2259/2259/2259 2367/2367/2367
f 2367/2367/2367 2259/2259/2259 1899/1899/1899
f 3435/3435/3435 3438/3438/3438 3502/3502/3502
f 3119/3119/3119 3332/3332/3332 3117/3117/3117
f 3119/3119/3119 3117/3117/3117 2841/2841/2841
f 3119/3119/3119 2841/2841/2841 2647/2647/2647
f 2647/2647/2647 2841/2841/2841 2364/2364/2364
f 2647/2647/2647 2364/2364/2364 2261/2261/2261
f 2261/2261/2261 2364/2364/2364 1807/1807/1807
f 3117/3117/3117 3332/3332/3332 3327/3327/3327
f 3327/3327/3327 3332/3332/3332 3504/3504/3504
f 3117/3117/3117 3327/3327/3327 3115/3115/3115
f 3117/3117/3117 3115/3115/3115 2839/2839/2839
f 3115/3115/3115 3327/3327/3327 3319/3319/3319
f 3319/3319/3319 3327/3327/3327 3414/3414/3414
f 3115/3115/3115 3319/3319/3319 3226/3226/3226
f 3115/3115/3115 3226/3226/3226 3041/3041/3041
f 3115/3115/3115 3041/3041/3041 2945/2945/2945
f 2945/2945/2945 3041/3041/3041 2739/2739/2739
f 2739/2739/2739 3041/3041/3041 2834/2834/2834
f 2739/2739/2739 2834/2834/2834 2449/2449/2449
f 2449/2449/2449 2834/2834/2834 2527/2527/2527
f 2449/2449/2449 2527/2527/2527 2258/2258/2258
f 2258/2258/2258 2527/2527/2527 2255/2255/2255
f 2258/2258/2258 2255/2255/2255 1893/1893/1893
f 1893/1893/1893 2255/2255/2255 2033/2033/2033
f 1893/1893/1893 2033/2033/2033 1724/1724/1724
f 2363/2363/2363 2840/2840/2840 2837/2837/2837
f 2837/2837/2837 2840/2840/2840 3116/3116/3116
f 2362/2362/2362 2836/2836/2836 2450/2450/2450
f 1809/1809/1809 2365/2365/2365 2452/2452/2452
f 1809/1809/1809 2452/2452/2452 1896/1896/1896
f 1809/1809/1809 1896/1896/1896 1433/1433/1433
f 1896/1896/1896 2452/2452/2452 1895/1895/1895
f 1895/1895/1895 2452/2452/2452 2446/2446/2446
f 1896/1896/1896 1895/1895/1895 1486/1486/1486
f 1896/1896/1896 1486/1486/1486 1433/1433/1433
f 1433/1433/1433 1486/1486/1486 1079/1079/1079
f 1079/1079/1079 1486/1486/1486 1077/1077/1077
f 1079/1079/1079 1077/1077/1077 835/835/835
f 835/835/835 1077/1077/1077 833/833/833
f 835/835/835 833/833/833 592/592/592
f 2262/2262/2262 1808/1808/1808 1667/1667/1667
f 1667/1667/1667 1808/1808/1808 1368/1368/1368
f 1368/1368/1368 1808/1808/1808 1432/1432/1432
f 1368/1368/1368 1432/1432/1432 1004/1004/1004
f 1004/1004/1004 1432/1432/1432 1078/1078/1078
f 1004/1004/1004 1078/1078/1078 795/795/795
f 795/795/795 1078/1078/1078 834/834/834
f 795/795/795 834/834/834 591/591/591
f 1076/1076/1076 1484/1484/1484 1366/1366/1366
f 1076/1076/1076 1366/1366/1366 1003/1003/1003
f 1076/1076/1076 1003/1003/1003 832/832/832
f 832/832/832 1003/1003/1003 794/794/794
f 831/831/831 793/793/793 590/590/590
f 2943/2943/2943 2828/2828/2828 3113/3113/3113
f 2830/2830/2830 2944/2944/2944 2737/2737/2737
f 2830/2830/2830 2737/2737/2737 2642/2642/2642
f 2642/2642/2642 2737/2737/2737 2436/2436/2436
f 3040/3040/3040 3225/3225/3225 2938/2938/2938
f 3040/3040/3040 2938/2938/2938 2833/2833/2833
f 2833/2833/2833 2938/2938/2938 2736/2736/2736
f 2833/2833/2833 2736/2736/2736 2525/2525/2525
f 2833/2833/2833 2525/2525/2525 2526/2526/2526
f 2526/2526/2526 2525/2525/2525 2254/2254/2254
f 2254/2254/2254 2525/2525/2525 2253/2253/2253
f 2254/2254/2254 2253/2253/2253 2032/2032/2032
f 3112/3112/3112 2938/2938/2938 3225/3225/3225
f 3112/3112/3112 3225/3225/3225 3221/3221/3221
f 3221/3221/3221 3225/3225/3225 3318/3318/3318
f 3112/3112/3112 3221/3221/3221 3107/3107/3107
f 3112/3112/3112 3107/3107/3107 2829/2829/2829
f 3221/3221/3221 3318/3318/3318 3314/3314/3314
f 3314/3314/3314 3318/3318/3318 3413/3413/3413
f 3314/3314/3314 3413/3413/3413 3311/3311/3311
f 3311/3311/3311 3413/3413/3413 3410/3410/3410
f 3311/3311/3311 3410/3410/3410 3501/3501/3501
f 3311/3311/3311 3501/3501/3501 3496/3496/3496
f 3496/3496/3496 3501/3501/3501 3592/3592/3592
f 3592/3592/3592 3501/3501/3501 3684/3684/3684
f 3592/3592/3592 3684/3684/3684 3680/3680/3680
f 2937/2937/2937 3111/3111/3111 2827/2827/2827
f 2937/2937/2937 2827/2827/2827 2735/2735/2735
f 2735/2735/2735 2827/2827/2827 2641/2641/2641
f 2735/2735/2735 2641/2641/2641 2524/2524/2524
f 2524/2524/2524 2641/2641/2641 2435/2435/2435
f 2524/2524/2524 2435/2435/2435 2252/2252/2252
f 2252/2252/2252 2435/2435/2435 2248/2248/2248
f 2252/2252/2252 2248/2248/2248 1888/1888/1888
f 2252/2252/2252 1888/1888/1888 2031/2031/2031
f 2031/2031/2031 1888/1888/1888 1722/1722/1722
f 3310/3310/3310 3220/3220/3220 3313/3313/3313
f 3407/3407/3407 3411/3411/3411 3415/3415/3415
f 3416/3416/3416 3412/3412/3412 3320/3320/3320
f 3498/3498/3498 3408/3408/3408 3315/3315/3315
f 3316/3316/3316 3409/3409/3409 3417/3417/3417
f 3316/3316/3316 3417/3417/3417 3322/3322/3322
f 3499/3499/3499 3317/3317/3317 3324/3324/3324
f 3679/3679/3679 3683/3683/3683 3687/3687/3687
f 3686/3686/3686 3682/3682/3682 3594/3594/3594
f 3686/3686/3686 3594/3594/3594 3600/3600/3600
f 3686/3686/3686 3600/3600/3600 3694/3694/3694
f 3686/3686/3686 3694/3694/3694 3779/3779/3779
f 3686/3686/3686 3779/3779/3779 3772/3772/3772
f 3686/3686/3686 3772/3772/3772 3678/3678/3678
f 3678/3678/3678 3772/3772/3772 3824/3824/3824
f 3825/3825/3825 3773/3773/3773 3775/3775/3775
f 3774/3774/3774 3782/3782/3782 3777/3777/3777
f 3688/3688/3688 3781/3781/3781 3699/3699/3699
f 3689/3689/3689 3700/3700/3700 3597/3597/3597
f 3597/3597/3597 3700/3700/3700 3609/3609/3609
f 3698/3698/3698 3780/3780/3780 3608/3608/3608
f 3608/3608/3608 3780/3780/3780 3695/3695/3695
f 3598/3598/3598 3611/3611/3611 3595/3595/3595
f 3595/3595/3595 3611/3611/3611 3603/3603/3603
f 3603/3603/3603 3611/3611/3611 3620/3620/3620
f 3603/3603/3603 3620/3620/3620 3605/3605/3605
f 3605/3605/3605 3620/3620/3620 3614/3614/3614
f 3605/3605/3605 3614/3614/3614 3607/3607/3607
f 3607/3607/3607 3614/3614/3614 3617/3617/3617
f 3610/3610/3610 3697/3697/3697 3706/3706/3706
f 3610/3610/3610 3706/3706/3706 3619/3619/3619
f 3705/3705/3705 3696/3696/3696 3602/3602/3602
f 3601/3601/3601 3604/3604/3604 3702/3702/3702
f 3702/3702/3702 3604/3604/3604 3707/3707/3707
f 3707/3707/3707 3604/3604/3604 3606/3606/3606
f 3707/3707/3707 3606/3606/3606 3615/3615/3615
f 3618/3618/3618 3704/3704/3704 3613/3613/3613
f 3703/3703/3703 3708/3708/3708 3612/3612/3612
f 3612/3612/3612 3708/3708/3708 3616/3616/3616
f 2337/2337/2337 2734/2734/2734 2817/2817/2817
f 2817/2817/2817 2734/2734/2734 3102/3102/3102
f 2337/2337/2337 2817/2817/2817 2339/2339/2339
f 2337/2337/2337 2339/2339/2339 1993/1993/1993
f 1993/1993/1993 2339/2339/2339 1995/1995/1995
f 1993/1993/1993 1995/1995/1995 1637/1637/1637
f 3101/3101/3101 2733/2733/2733 2341/2341/2341
f 2341/2341/2341 2733/2733/2733 2336/2336/2336
f 2341/2341/2341 2336/2336/2336 1996/1996/1996
f 1996/1996/1996 2336/2336/2336 1992/1992/1992
f 1996/1996/1996 1992/1992/1992 1876/1876/1876
f 1876/1876/1876 1992/1992/1992 1635/1635/1635
f 2818/2818/2818 3104/3104/3104 3216/3216/3216
f 2818/2818/2818 3216/3216/3216 3038/3038/3038
f 3215/3215/3215 3100/3100/3100 3588/3588/3588
f 3589/3589/3589 3103/3103/3103 3395/3395/3395
f 2816/2816/2816 2518/2518/2518 2338/2338/2338
f 2338/2338/2338 2518/2518/2518 2235/2235/2235
f 2338/2338/2338 2235/2235/2235 1994/1994/1994
f 1994/1994/1994 2235/2235/2235 1878/1878/1878
f 1994/1994/1994 1878/1878/1878 1636/1636/1636
f 2519/2519/2519 2346/2346/2346 2236/2236/2236
f 2236/2236/2236 2346/2346/2346 1998/1998/1998
f 2347/2347/2347 2821/2821/2821 2343/2343/2343
f 2347/2347/2347 2343/2343/2343 1999/1999/1999
f 2237/2237/2237 2001/2001/2001 1880/1880/1880
f 1879/1879/1879 2000/2000/2000 1785/1785/1785
f 1879/1879/1879 1785/1785/1785 1638/1638/1638
f 1877/1877/1877 1639/1639/1639 1786/1786/1786
f 1877/1877/1877 1786/1786/1786 1997/1997/1997
f 1997/1997/1997 1786/1786/1786 2002/2002/2002
f 1997/1997/1997 2002/2002/2002 2344/2344/2344
f 1547/1547/1547 1714/1714/1714 2245/2245/2245
f 2244/2244/2244 1788/1788/1788 1545/1545/1545
f 2941/2941/2941 3329/3329/3329 3228/3228/3228
f 3228/3228/3228 3329/3329/3329 3514/3514/3514
f 3512/3512/3512 3711/3711/3711 3622/3622/3622
f 3227/3227/3227 3511/3511/3511 3043/3043/3043
f 3045/3045/3045 3513/3513/3513 3624/3624/3624
f 2942/2942/2942 3229/3229/3229 2742/2742/2742
f 2742/2742/2742 3229/3229/3229 3048/3048/3048
f 2942/2942/2942 2742/2742/2742 2523/2523/2523
f 2523/2523/2523 2742/2742/2742 2443/2443/2443
f 2523/2523/2523 2443/2443/2443 2126/2126/2126
f 2940/2940/2940 2522/2522/2522 2353/2353/2353
f 2353/2353/2353 2522/2522/2522 2017/2017/2017
f 2353/2353/2353 2017/2017/2017 2025/2025/2025
f 3623/3623/3623 3333/3333/3333 3044/3044/3044
f 3044/3044/3044 3333/3333/3333 3120/3120/3120
f 3044/3044/3044 3120/3120/3120 2946/2946/2946
f 3052/3052/3052 3131/3131/3131 2949/2949/2949
f 3052/3052/3052 2949/2949/2949 2955/2955/2955
f 3121/3121/3121 3234/3234/3234 3056/3056/3056
f 3121/3121/3121 3056/3056/3056 2844/2844/2844
f 2957/2957/2957 2952/2952/2952 3047/3047/3047
f 2957/2957/2957 3047/3047/3047 2848/2848/2848
f 2848/2848/2848 3047/3047/3047 2948/2948/2948
f 2848/2848/2848 2948/2948/2948 2744/2744/2744
f 2744/2744/2744 2948/2948/2948 2846/2846/2846
f 2744/2744/2744 2846/2846/2846 2656/2656/2656
f 2645/2645/2645 3046/3046/3046 2951/2951/2951
f 3042/3042/3042 2643/2643/2643 2741/2741/2741
f 2741/2741/2741 2643/2643/2643 2358/2358/2358
f 2947/2947/2947 3122/3122/3122 2845/2845/2845
f 3055/3055/3055 2961/2961/2961 2843/2843/2843
f 2843/2843/2843 2961/2961/2961 2655/2655/2655
f 2440/2440/2440 2740/2740/2740 2357/2357/2357
f 2441/2441/2441 2359/2359/2359 2129/2129/2129
f 2441/2441/2441 2129/2129/2129 2127/2127/2127
f 2127/2127/2127 2129/2129/2129 1890/1890/1890
f 2127/2127/2127 1890/1890/1890 1805/1805/1805
f 1805/1805/1805 1890/1890/1890 1720/1720/1720
f 1805/1805/1805 1720/1720/1720 1660/1660/1660
f 2442/2442/2442 2128/2128/2128 2125/2125/2125
f 2125/2125/2125 2128/2128/2128 1806/1806/1806
f 2131/2131/2131 2361/2361/2361 2028/2028/2028
f 2130/2130/2130 2027/2027/2027 1891/1891/1891
f 1891/1891/1891 2027/2027/2027 1887/1887/1887
f 1887/1887/1887 2027/2027/2027 2018/2018/2018
f 1887/1887/1887 2018/2018/2018 1801/1801/1801
f 1891/1891/1891 1887/1887/1887 1721/1721/1721
f 1721/1721/1721 1887/1887/1887 1717/1717/1717
f 1721/1721/1721 1717/1717/1717 1662/1662/1662
f 2123/2123/2123 1804/1804/1804 1802/1802/1802
f 1802/1802/1802 1804/1804/1804 1659/1659/1659
f 2016/2016/2016 2521/2521/2521 2122/2122/2122
f 2016/2016/2016 2122/2122/2122 1799/1799/1799
f 1800/1800/1800 2124/2124/2124 1803/1803/1803
f 1800/1800/1800 1803/1803/1803 1661/1661/1661
f 1800/1800/1800 1661/1661/1661 1716/1716/1716
f 1800/1800/1800 1716/1716/1716 1886/1886/1886
f 1664/1664/1664 1488/1488/1488 1081/1081/1081
f 1489/1489/1489 2133/2133/2133 1371/1371/1371
f 1489/1489/1489 1371/1371/1371 1082/1082/1082
f 1000/1000/1000 1083/1083/1083 735/735/735
f 1361/1361/1361 938/938/938 935/935/935
f 1360/1360/1360 933/933/933 930/930/930
f 934/934/934 937/937/937 730/730/730
f 728/728/728 731/731/731 399/399/399
f 728/728/728 399/399/399 477/477/477
f 1429/1429/1429 1546/1546/1546 1275/1275/1275
f 1275/1275/1275 1546/1546/1546 1336/1336/1336
f 1275/1275/1275 1336/1336/1336 1147/1147/1147
f 1147/1147/1147 1336/1336/1336 1144/1144/1144
f 1147/1147/1147 1144/1144/1144 925/925/925
f 1430/1430/1430 1276/1276/1276 1426/1426/1426
f 1426/1426/1426 1276/1276/1276 1203/1203/1203
f 1426/1426/1426 1203/1203/1203 1207/1207/1207
f 1201/1201/1201 1274/1274/1274 1146/1146/1146
f 1201/1201/1201 1146/1146/1146 922/922/922
f 1202/1202/1202 924/924/924 1205/1205/1205
f 926/926/926 1145/1145/1145 1200/1200/1200
f 1200/1200/1200 1145/1145/1145 1337/1337/1337
f 1200/1200/1200 1337/1337/1337 1482/1482/1482
f 1482/1482/1482 1337/1337/1337 1548/1548/1548
f 1482/1482/1482 1548/1548/1548 1789/1789/1789
f 401/401/401 240/240/240 398/398/398
f 401/401/401 398/398/398 733/733/733
f 240/240/240 401/401/401 246/246/246
f 240/240/240 246/246/246 4596/4596/4596
f 240/240/240 4596/4596/4596 4589/4589/4589
f 4589/4589/4589 4596/4596/4596 4747/4747/4747
f 4747/4747/4747 4596/4596/4596 4745/4745/4745
f 4747/4747/4747 4745/4745/4745 4838/4838/4838
f 4838/4838/4838 4745/4745/4745 4836/4836/4836
f 4838/4838/4838 4836/4836/4836 4910/4910/4910
f 335/335/335 736/736/736 797/797/797
f 335/335/335 797/797/797 405/405/405
f 797/797/797 736/736/736 1084/1084/1084
f 797/797/797 1084/1084/1084 1373/1373/1373
f 797/797/797 1373/1373/1373 942/942/942
f 797/797/797 942/942/942 743/743/743
f 796/796/796 741/741/741 404/404/404
f 404/404/404 741/741/741 339/339/339
f 404/404/404 339/339/339 175/175/175
f 175/175/175 339/339/339 46/46/46
f 175/175/175 46/46/46 4787/4787/4787
f 941/941/941 1372/1372/1372 944/944/944
f 941/941/941 944/944/944 742/742/742
f 742/742/742 944/944/944 747/747/747
f 742/742/742 747/747/747 482/482/482
f 943/943/943 1369/1369/1369 1284/1284/1284
f 1284/1284/1284 1369/1369/1369 1810/1810/1810
f 943/943/943 1284/1284/1284 945/945/945
f 943/943/943 945/945/945 745/745/745
f 745/745/745 945/945/945 748/748/748
f 745/745/745 748/748/748 528/528/528
f 1285/1285/1285 1813/1813/1813 1213/1213/1213
f 1285/1285/1285 1213/1213/1213 946/946/946
f 946/946/946 1213/1213/1213 879/879/879
f 879/879/879 1213/1213/1213 802/802/802
f 946/946/946 879/879/879 750/750/750
f 750/750/750 879/879/879 666/666/666
f 750/750/750 666/666/666 535/535/535
f 535/535/535 666/666/666 484/484/484
f 535/535/535 484/484/484 308/308/308
f 1212/1212/1212 1811/1811/1811 1216/1216/1216
f 1212/1212/1212 1216/1216/1216 841/841/841
f 1212/1212/1212 841/841/841 800/800/800
f 799/799/799 343/343/343 409/409/409
f 412/412/412 344/344/344 58/58/58
f 51/51/51 416/416/416 196/196/196
f 51/51/51 196/196/196 4670/4670/4670
f 4670/4670/4670 196/196/196 4665/4665/4665
f 4679/4679/4679 50/50/50 4669/4669/4669
f 4679/4679/4679 4669/4669/4669 4860/4860/4860
f 4860/4860/4860 4669/4669/4669 4664/4664/4664
f 57/57/57 4680/4680/4680 4672/4672/4672
f 4672/4672/4672 4680/4680/4680 4861/4861/4861
f 57/57/57 4672/4672/4672 200/200/200
f 4859/4859/4859 4663/4663/4663 4671/4671/4671
f 4671/4671/4671 4663/4663/4663 199/199/199
f 199/199/199 4663/4663/4663 193/193/193
f 199/199/199 193/193/193 410/410/410
f 56/56/56 198/198/198 407/407/407
f 411/411/411 195/195/195 45/45/45
f 45/45/45 195/195/195 4799/4799/4799
f 411/411/411 45/45/45 338/338/338
f 411/411/411 338/338/338 663/663/663
f 664/664/664 340/340/340 744/744/744
f 408/408/408 662/662/662 798/798/798
f 798/798/798 662/662/662 878/878/878
f 877/877/877 661/661/661 740/740/740
f 4844/4844/4844 5068/5068/5068 4925/4925/4925
f 239/239/239 4588/4588/4588 272/272/272
f 272/272/272 4588/4588/4588 28/28/28
f 28/28/28 4588/4588/4588 4651/4651/4651
f 4587/4587/4587 4746/4746/4746 4650/4650/4650
f 4650/4650/4650 4746/4746/4746 4775/4775/4775
f 4775/4775/4775 4746/4746/4746 4837/4837/4837
f 4775/4775/4775 4837/4837/4837 4909/4909/4909
f 4744/4744/4744 4595/4595/4595 27/27/27
f 4744/4744/4744 27/27/27 4649/4649/4649
f 4744/4744/4744 4649/4649/4649 4835/4835/4835
f 4835/4835/4835 4649/4649/4649 4774/4774/4774
f 4835/4835/4835 4774/4774/4774 4908/4908/4908
f 665/665/665 876/876/876 739/739/739
f 665/665/665 739/739/739 483/483/483
f 483/483/483 739/739/739 479/479/479
f 483/483/483 479/479/479 305/305/305
f 746/746/746 529/529/529 480/480/480
f 749/749/749 534/534/534 532/532/532
f 306/306/306 481/481/481 530/530/530
f 307/307/307 531/531/531 533/533/533
f 5706/5706/5706 5652/5652/5652 6027/6027/6027
f 6029/6029/6029 5654/5654/5654 5846/5846/5846
f 6028/6028/6028 5845/5845/5845 5879/5879/5879
f 5879/5879/5879 5845/5845/5845 5687/5687/5687
f 5879/5879/5879 5687/5687/5687 5713/5713/5713
f 6028/6028/6028 5879/5879/5879 6025/6025/6025
f 6028/6028/6028 6025/6025/6025 6163/6163/6163
f 6163/6163/6163 6025/6025/6025 6159/6159/6159
f 5844/5844/5844 5653/5653/5653 5686/5686/5686
f 5517/5517/5517 5241/5241/5241 5653/5653/5653
f 5653/5653/5653 5241/5241/5241 5207/5207/5207
f 5653/5653/5653 5207/5207/5207 5476/5476/5476
f 5653/5653/5653 5476/5476/5476 5686/5686/5686
f 5476/5476/5476 5207/5207/5207 5209/5209/5209
f 5476/5476/5476 5209/5209/5209 5384/5384/5384
f 5476/5476/5476 5384/5384/5384 5686/5686/5686
f 5686/5686/5686 5384/5384/5384 5536/5536/5536
f 5707/5707/5707 6030/6030/6030 6164/6164/6164
f 5707/5707/5707 6164/6164/6164 5840/5840/5840
f 5840/5840/5840 6164/6164/6164 5942/5942/5942
f 5942/5942/5942 6164/6164/6164 6259/6259/6259
f 5942/5942/5942 6259/6259/6259 6296/6296/6296
f 5942/5942/5942 6296/6296/6296 6055/6055/6055
f 6026/6026/6026 5880/5880/5880 5895/5895/5895
f 6026/6026/6026 5895/5895/5895 6019/6019/6019
f 6026/6026/6026 6019/6019/6019 6160/6160/6160
f 6160/6160/6160 6019/6019/6019 6110/6110/6110
f 5894/5894/5894 5878/5878/5878 5841/5841/5841
f 6020/6020/6020 5897/5897/5897 6084/6084/6084
f 6020/6020/6020 6084/6084/6084 6112/6112/6112
f 6112/6112/6112 6084/6084/6084 6232/6232/6232
f 6112/6112/6112 6232/6232/6232 6157/6157/6157
f 6232/6232/6232 6084/6084/6084 6166/6166/6166
f 6232/6232/6232 6166/6166/6166 6208/6208/6208
f 6232/6232/6232 6208/6208/6208 6309/6309/6309
f 6083/6083/6083 5896/5896/5896 5843/5843/5843
f 6083/6083/6083 5843/5843/5843 6165/6165/6165
f 6165/6165/6165 5843/5843/5843 5943/5943/5943
f 6165/6165/6165 5943/5943/5943 6207/6207/6207
f 5943/5943/5943 5843/5843/5843 5565/5565/5565
f 6207/6207/6207 5943/5943/5943 5998/5998/5998
f 5943/5943/5943 5565/5565/5565 5660/5660/5660
f 5943/5943/5943 5660/5660/5660 5998/5998/5998
f 5998/5998/5998 5660/5660/5660 5615/5615/5615
f 6162/6162/6162 6158/6158/6158 6258/6258/6258
f 6258/6258/6258 6158/6158/6158 6238/6238/6238
f 6258/6258/6258 6238/6238/6238 6294/6294/6294
f 6294/6294/6294 6238/6238/6238 6289/6289/6289
f 6294/6294/6294 6289/6289/6289 6292/6292/6292
f 6292/6292/6292 6289/6289/6289 6286/6286/6286
f 6292/6292/6292 6286/6286/6286 6277/6277/6277
f 6277/6277/6277 6286/6286/6286 6255/6255/6255
f 6277/6277/6277 6255/6255/6255 6196/6196/6196
f 6161/6161/6161 6111/6111/6111 6239/6239/6239
f 6239/6239/6239 6111/6111/6111 6155/6155/6155
f 6239/6239/6239 6155/6155/6155 6290/6290/6290
f 6290/6290/6290 6155/6155/6155 6287/6287/6287
f 6287/6287/6287 6155/6155/6155 6173/6173/6173
f 5839/5839/5839 5940/5940/5940 5800/5800/5800
f 5800/5800/5800 5940/5940/5940 5873/5873/5873
f 5839/5839/5839 5800/5800/5800 5705/5705/5705
f 5708/5708/5708 5801/5801/5801 5680/5680/5680
f 5680/5680/5680 5801/5801/5801 5876/5876/5876
f 5708/5708/5708 5680/5680/5680 5519/5519/5519
f 5708/5708/5708 5519/5519/5519 5655/5655/5655
f 5875/5875/5875 5941/5941/5941 6054/6054/6054
f 5875/5875/5875 6054/6054/6054 5913/5913/5913
f 5875/5875/5875 5913/5913/5913 5736/5736/5736
f 5913/5913/5913 6054/6054/6054 6079/6079/6079
f 6079/6079/6079 6054/6054/6054 6295/6295/6295
f 6079/6079/6079 6295/6295/6295 6293/6293/6293
f 6079/6079/6079 6293/6293/6293 6082/6082/6082
f 6079/6079/6079 6082/6082/6082 5969/5969/5969
f 6079/6079/6079 5969/5969/5969 5913/5913/5913
f 5969/5969/5969 6082/6082/6082 5972/5972/5972
f 5969/5969/5969 5972/5972/5972 5838/5838/5838
f 5969/5969/5969 5838/5838/5838 5913/5913/5913
f 5838/5838/5838 5972/5972/5972 5872/5872/5872
f 5822/5822/5822 5736/5736/5736 5913/5913/5913
f 5822/5822/5822 5913/5913/5913 5838/5838/5838
f 5736/5736/5736 5822/5822/5822 5469/5469/5469
f 5469/5469/5469 5822/5822/5822 5592/5592/5592
f 5592/5592/5592 5822/5822/5822 5838/5838/5838
f 5592/5592/5592 5838/5838/5838 5674/5674/5674
f 5674/5674/5674 5838/5838/5838 5872/5872/5872
f 5674/5674/5674 5872/5872/5872 5734/5734/5734
f 5734/5734/5734 5872/5872/5872 5739/5739/5739
f 5679/5679/5679 5874/5874/5874 5735/5735/5735
f 5679/5679/5679 5735/5735/5735 5378/5378/5378
f 5378/5378/5378 5735/5735/5735 5468/5468/5468
f 5679/5679/5679 5378/5378/5378 5518/5518/5518
f 5518/5518/5518 5378/5378/5378 5308/5308/5308
f 5518/5518/5518 5308/5308/5308 5243/5243/5243
f 5870/5870/5870 5970/5970/5970 6015/6015/6015
f 6016/6016/6016 5971/5971/5971 6081/6081/6081
f 6016/6016/6016 6081/6081/6081 6278/6278/6278
f 6276/6276/6276 6080/6080/6080 6291/6291/6291
f 5737/5737/5737 5871/5871/5871 6018/6018/6018
f 5737/5737/5737 6018/6018/6018 5703/5703/5703
f 5703/5703/5703 6018/6018/6018 5973/5973/5973
f 5703/5703/5703 5973/5973/5973 5651/5651/5651
f 5973/5973/5973 6018/6018/6018 6116/6116/6116
f 6116/6116/6116 6018/6018/6018 6199/6199/6199
f 5973/5973/5973 6116/6116/6116 5977/5977/5977
f 5651/5651/5651 5973/5973/5973 5877/5877/5877
f 5877/5877/5877 5973/5973/5973 5977/5977/5977
f 5651/5651/5651 5877/5877/5877 5559/5559/5559
f 5877/5877/5877 5977/5977/5977 5746/5746/5746
f 5877/5877/5877 5746/5746/5746 5559/5559/5559
f 5746/5746/5746 5977/5977/5977 5805/5805/5805
f 5559/5559/5559 5746/5746/5746 5479/5479/5479
f 5673/5673/5673 5733/5733/5733 5647/5647/5647
f 5647/5647/5647 5733/5733/5733 5676/5676/5676
f 5673/5673/5673 5647/5647/5647 5555/5555/5555
f 5676/5676/5676 5733/5733/5733 5738/5738/5738
f 5676/5676/5676 5738/5738/5738 5678/5678/5678
f 5678/5678/5678 5738/5738/5738 5704/5704/5704
f 5673/5673/5673 5555/5555/5555 5591/5591/5591
f 5591/5591/5591 5555/5555/5555 5471/5471/5471
f 5591/5591/5591 5471/5471/5471 5467/5467/5467
f 5467/5467/5467 5471/5471/5471 5382/5382/5382
f 5645/5645/5645 5675/5675/5675 5914/5914/5914
f 5914/5914/5914 5675/5675/5675 5677/5677/5677
f 5914/5914/5914 5677/5677/5677 5681/5681/5681
f 5681/5681/5681 5677/5677/5677 5701/5701/5701
f 5914/5914/5914 5681/5681/5681 5599/5599/5599
f 5914/5914/5914 5599/5599/5599 5520/5520/5520
f 5646/5646/5646 5915/5915/5915 5554/5554/5554
f 5554/5554/5554 5915/5915/5915 5470/5470/5470
f 5470/5470/5470 5915/5915/5915 5381/5381/5381
f 5381/5381/5381 5915/5915/5915 5340/5340/5340
f 5466/5466/5466 5380/5380/5380 5377/5377/5377
f 5377/5377/5377 5380/5380/5380 5339/5339/5339
f 5379/5379/5379 5341/5341/5341 5309/5309/5309
f 5309/5309/5309 5341/5341/5341 5280/5280/5280
f 5309/5309/5309 5280/5280/5280 5244/5244/5244
f 5244/5244/5244 5280/5280/5280 5246/5246/5246
f 5280/5280/5280 5341/5341/5341 5918/5918/5918
f 5280/5280/5280 5918/5918/5918 5246/5246/5246
f 5246/5246/5246 5918/5918/5918 5248/5248/5248
f 5248/5248/5248 5918/5918/5918 5283/5283/5283
f 5283/5283/5283 5918/5918/5918 5311/5311/5311
f 5248/5248/5248 5283/5283/5283 5253/5253/5253
f 5248/5248/5248 5253/5253/5253 5213/5213/5213
f 5283/5283/5283 5311/5311/5311 5286/5286/5286
f 5286/5286/5286 5311/5311/5311 5389/5389/5389
f 5286/5286/5286 5389/5389/5389 5348/5348/5348
f 5208/5208/5208 5242/5242/5242 5245/5245/5245
f 5208/5208/5208 5245/5245/5245 5247/5247/5247
f 5208/5208/5208 5247/5247/5247 5212/5212/5212
f 5385/5385/5385 5210/5210/5210 5395/5395/5395
f 5396/5396/5396 5211/5211/5211 5250/5250/5250
f 5534/5534/5534 5383/5383/5383 5394/5394/5394
f 5534/5534/5534 5394/5394/5394 5441/5441/5441
f 5441/5441/5441 5394/5394/5394 5390/5390/5390
f 5441/5441/5441 5390/5390/5390 5438/5438/5438
f 5685/5685/5685 5535/5535/5535 5711/5711/5711
f 5881/5881/5881 5715/5715/5715 5842/5842/5842
f 5842/5842/5842 5715/5715/5715 5564/5564/5564
f 5391/5391/5391 5397/5397/5397 5251/5251/5251
f 5249/5249/5249 5282/5282/5282 5284/5284/5284
f 5252/5252/5252 5285/5285/5285 5393/5393/5393
f 5393/5393/5393 5285/5285/5285 5483/5483/5483
f 5483/5483/5483 5285/5285/5285 5347/5347/5347
f 5483/5483/5483 5347/5347/5347 5604/5604/5604
f 5388/5388/5388 5310/5310/5310 5917/5917/5917
f 5344/5344/5344 5386/5386/5386 5432/5432/5432
f 5433/5433/5433 5387/5387/5387 5916/5916/5916
f 5433/5433/5433 5916/5916/5916 5523/5523/5523
f 5346/5346/5346 5434/5434/5434 5480/5480/5480
f 5480/5480/5480 5434/5434/5434 5524/5524/5524
f 5345/5345/5345 5478/5478/5478 5602/5602/5602
f 5602/5602/5602 5478/5478/5478 5745/5745/5745
f 5477/5477/5477 5521/5521/5521 5557/5557/5557
f 5558/5558/5558 5522/5522/5522 5600/5600/5600
f 5558/5558/5558 5600/5600/5600 5650/5650/5650
f 5650/5650/5650 5600/5600/5600 5682/5682/5682
f 5650/5650/5650 5682/5682/5682 5702/5702/5702
f 5802/5802/5802 5601/5601/5601 5744/5744/5744
f 5603/5603/5603 5804/5804/5804 5606/5606/5606
f 5603/5603/5603 5606/5606/5606 5481/5481/5481
f 6197/6197/6197 6017/6017/6017 6279/6279/6279
f 5482/5482/5482 5607/5607/5607 5532/5532/5532
f 5482/5482/5482 5532/5532/5532 5392/5392/5392
f 5392/5392/5392 5532/5532/5532 5439/5439/5439
f 5440/5440/5440 5533/5533/5533 5485/5485/5485
f 5440/5440/5440 5485/5485/5485 5443/5443/5443
f 5443/5443/5443 5485/5485/5485 5487/5487/5487
f 5443/5443/5443 5487/5487/5487 5612/5612/5612
f 5612/5612/5612 5487/5487/5487 5566/5566/5566
f 5566/5566/5566 5487/5487/5487 5529/5529/5529
f 5561/5561/5561 5529/5529/5529 5485/5485/5485
f 5561/5561/5561 5485/5485/5485 5533/5533/5533
f 5561/5561/5561 5533/5533/5533 5608/5608/5608
f 5529/5529/5529 5561/5561/5561 5749/5749/5749
f 5749/5749/5749 5561/5561/5561 5684/5684/5684
f 5749/5749/5749 5684/5684/5684 5824/5824/5824
f 5749/5749/5749 5824/5824/5824 6024/6024/6024
f 6024/6024/6024 5824/5824/5824 5980/5980/5980
f 5980/5980/5980 5824/5824/5824 5978/5978/5978
f 5560/5560/5560 5605/5605/5605 5683/5683/5683
f 5683/5683/5683 5605/5605/5605 5803/5803/5803
f 5683/5683/5683 5803/5803/5803 5823/5823/5823
f 5823/5823/5823 5803/5803/5803 5976/5976/5976
f 5979/5979/5979 5975/5975/5975 6093/6093/6093
f 5979/5979/5979 6093/6093/6093 6023/6023/6023
f 6091/6091/6091 5974/5974/5974 6113/6113/6113
f 6094/6094/6094 6114/6114/6114 6202/6202/6202
f 6203/6203/6203 6115/6115/6115 6198/6198/6198
f 6203/6203/6203 6198/6198/6198 6256/6256/6256
f 6022/6022/6022 6092/6092/6092 6106/6106/6106
f 6109/6109/6109 6095/6095/6095 6204/6204/6204
f 6109/6109/6109 6204/6204/6204 6154/6154/6154
f 6154/6154/6154 6204/6204/6204 6257/6257/6257
f 6154/6154/6154 6257/6257/6257 6175/6175/6175
f 6175/6175/6175 6257/6257/6257 6288/6288/6288
f 6021/6021/6021 6107/6107/6107 6200/6200/6200
f 6021/6021/6021 6200/6200/6200 6056/6056/6056
f 6056/6056/6056 6200/6200/6200 6240/6240/6240
f 6021/6021/6021 6056/6056/6056 5747/5747/5747
f 5747/5747/5747 6056/6056/6056 5750/5750/5750
f 5983/5983/5983 5997/5997/5997 5614/5614/5614
f 5526/5526/5526 5659/5659/5659 5563/5563/5563
f 6059/6059/6059 6057/6057/6057 6241/6241/6241
f 5611/5611/5611 5714/5714/5714 5537/5537/5537
f 5611/5611/5611 5537/5537/5537 5442/5442/5442
f 5712/5712/5712 5610/5610/5610 5562/5562/5562
f 5525/5525/5525 5486/5486/5486 5484/5484/5484
f 4346/4346/4346 4337/4337/4337 4326/4326/4326
f 4326/4326/4326 4337/4337/4337 4303/4303/4303
f 4346/4346/4346 4326/4326/4326 4324/4324/4324
f 4346/4346/4346 4324/4324/4324 4290/4290/4290
f 4346/4346/4346 4290/4290/4290 4311/4311/4311
f 4311/4311/4311 4290/4290/4290 4271/4271/4271
f 4326/4326/4326 4303/4303/4303 4280/4280/4280
f 4280/4280/4280 4303/4303/4303 4282/4282/4282
f 4326/4326/4326 4280/4280/4280 4278/4278/4278
f 4280/4280/4280 4282/4282/4282 4236/4236/4236
f 4278/4278/4278 4280/4280/4280 4182/4182/4182
f 4182/4182/4182 4280/4280/4280 4236/4236/4236
f 4182/4182/4182 4236/4236/4236 4109/4109/4109
f 4236/4236/4236 4282/4282/4282 4284/4284/4284
f 4109/4109/4109 4236/4236/4236 4112/4112/4112
f 4326/4326/4326 4278/4278/4278 4327/4327/4327
f 4326/4326/4326 4327/4327/4327 4301/4301/4301
f 4327/4327/4327 4278/4278/4278 4274/4274/4274
f 4301/4301/4301 4327/4327/4327 4319/4319/4319
f 4327/4327/4327 4274/4274/4274 4295/4295/4295
f 4327/4327/4327 4295/4295/4295 4319/4319/4319
f 4319/4319/4319 4295/4295/4295 4272/4272/4272
f 4319/4319/4319 4272/4272/4272 4317/4317/4317
f 4317/4317/4317 4272/4272/4272 4221/4221/4221
f 4221/4221/4221 4272/4272/4272 4197/4197/4197
f 4262/4262/4262 4112/4112/4112 4236/4236/4236
f 4262/4262/4262 4236/4236/4236 4284/4284/4284
f 4112/4112/4112 4262/4262/4262 4115/4115/4115
f 4262/4262/4262 4284/4284/4284 4259/4259/4259
f 4115/4115/4115 4262/4262/4262 4264/4264/4264
f 4264/4264/4264 4262/4262/4262 4259/4259/4259
f 4322/4322/4322 4325/4325/4325 4297/4297/4297
f 4323/4323/4323 4300/4300/4300 4289/4289/4289
f 4289/4289/4289 4300/4300/4300 4165/4165/4165
f 4165/4165/4165 4300/4300/4300 4247/4247/4247
f 4289/4289/4289 4165/4165/4165 4269/4269/4269
f 4269/4269/4269 4165/4165/4165 4066/4066/4066
f 4269/4269/4269 4066/4066/4066 4157/4157/4157
f 4157/4157/4157 4066/4066/4066 3965/3965/3965
f 4157/4157/4157 3965/3965/3965 3953/3953/3953
f 4333/4333/4333 4345/4345/4345 4320/4320/4320
f 4320/4320/4320 4345/4345/4345 4309/4309/4309
f 4320/4320/4320 4309/4309/4309 4230/4230/4230
f 4230/4230/4230 4309/4309/4309 4193/4193/4193
f 4193/4193/4193 4309/4309/4309 4285/4285/4285
f 4310/4310/4310 4270/4270/4270 4288/4288/4288
f 4288/4288/4288 4270/4270/4270 4189/4189/4189
f 4189/4189/4189 4270/4270/4270 4158/4158/4158
f 4189/4189/4189 4158/4158/4158 4154/4154/4154
f 4154/4154/4154 4158/4158/4158 3954/3954/3954
f 4154/4154/4154 3954/3954/3954 4003/4003/4003
f 4194/4194/4194 4287/4287/4287 4085/4085/4085
f 4083/4083/4083 4286/4286/4286 4188/4188/4188
f 4192/4192/4192 4080/4080/4080 4164/4164/4164
f 4164/4164/4164 4080/4080/4080 4064/4064/4064
f 4192/4192/4192 4164/4164/4164 4243/4243/4243
f 4192/4192/4192 4243/4243/4243 4228/4228/4228
f 4152/4152/4152 4081/4081/4081 4187/4187/4187
f 4082/4082/4082 4153/4153/4153 3957/3957/3957
f 3957/3957/3957 4153/4153/4153 4002/4002/4002
f 4084/4084/4084 3958/3958/3958 4065/4065/4065
f 4065/4065/4065 3958/3958/3958 3964/3964/3964
f 3962/3962/3962 3956/3956/3956 3889/3889/3889
f 3888/3888/3888 3955/3955/3955 4001/4001/4001
f 3888/3888/3888 4001/4001/4001 3951/3951/3951
f 3963/3963/3963 3890/3890/3890 3952/3952/3952
f 4225/4225/4225 4245/4245/4245 4299/4299/4299
f 4224/4224/4224 4298/4298/4298 4318/4318/4318
f 4224/4224/4224 4318/4318/4318 4316/4316/4316
f 4224/4224/4224 4316/4316/4316 4086/4086/4086
f 4086/4086/4086 4316/4316/4316 4219/4219/4219
f 4086/4086/4086 4219/4219/4219 4190/4190/4190
f 4086/4086/4086 4190/4190/4190 4004/4004/4004
f 4004/4004/4004 4190/4190/4190 4039/4039/4039
f 4296/4296/4296 4275/4275/4275 4235/4235/4235
f 4235/4235/4235 4275/4275/4275 4279/4279/4279
f 4296/4296/4296 4235/4235/4235 4167/4167/4167
f 4296/4296/4296 4167/4167/4167 4273/4273/4273
f 4273/4273/4273 4167/4167/4167 4068/4068/4068
f 4273/4273/4273 4068/4068/4068 4198/4198/4198
f 4166/4166/4166 4233/4233/4233 4142/4142/4142
f 4168/4168/4168 4146/4146/4146 4226/4226/4226
f 4226/4226/4226 4146/4146/4146 4248/4248/4248
f 4168/4168/4168 4226/4226/4226 4069/4069/4069
f 4069/4069/4069 4226/4226/4226 4087/4087/4087
f 4069/4069/4069 4087/4087/4087 3968/3968/3968
f 3968/3968/3968 4087/4087/4087 4006/4006/4006
f 3968/3968/3968 4006/4006/4006 3950/3950/3950
f 3968/3968/3968 3950/3950/3950 4015/4015/4015
f 4196/4196/4196 4067/4067/4067 4163/4163/4163
f 4163/4163/4163 4067/4067/4067 3967/3967/3967
f 4195/4195/4195 4162/4162/4162 4220/4220/4220
f 4220/4220/4220 4162/4162/4162 4191/4191/4191
f 4191/4191/4191 4162/4162/4162 4013/4013/4013
f 4191/4191/4191 4013/4013/4013 4040/4040/4040
f 4161/4161/4161 3966/3966/3966 4012/4012/4012
f 4041/4041/4041 4014/4014/4014 3948/3948/3948
f 4005/4005/4005 4042/4042/4042 3949/3949/3949
f 4103/4103/4103 4246/4246/4246 4145/4145/4145
f 4103/4103/4103 4145/4145/4145 3900/3900/3900
f 3900/3900/3900 4145/4145/4145 4028/4028/4028
f 4244/4244/4244 4102/4102/4102 4229/4229/4229
f 4229/4229/4229 4102/4102/4102 4094/4094/4094
f 4229/4229/4229 4094/4094/4094 4200/4200/4200
f 4098/4098/4098 4104/4104/4104 3979/3979/3979
f 3979/3979/3979 4104/4104/4104 3904/3904/3904
f 3978/3978/3978 3903/3903/3903 3635/3635/3635
f 3978/3978/3978 3635/3635/3635 2987/2987/2987
f 3978/3978/3978 2987/2987/2987 3727/3727/3727
f 2987/2987/2987 3635/3635/3635 2777/2777/2777
f 2777/2777/2777 3635/3635/3635 3356/3356/3356
f 4093/4093/4093 3977/3977/3977 3725/3725/3725
f 3634/3634/3634 3902/3902/3902 3911/3911/3911
f 3634/3634/3634 3911/3911/3911 3529/3529/3529
f 3910/3910/3910 3901/3901/3901 4029/4029/4029
f 4027/4027/4027 4144/4144/4144 4052/4052/4052
f 4052/4052/4052 4144/4144/4144 4141/4141/4141
f 4052/4052/4052 4141/4141/4141 4100/4100/4100
f 4052/4052/4052 4100/4100/4100 4049/4049/4049
f 3912/3912/3912 4031/4031/4031 4177/4177/4177
f 4176/4176/4176 4030/4030/4030 4213/4213/4213
f 4213/4213/4213 4030/4030/4030 4053/4053/4053
f 4213/4213/4213 4053/4053/4053 4169/4169/4169
f 4169/4169/4169 4053/4053/4053 4050/4050/4050
f 4169/4169/4169 4050/4050/4050 4138/4138/4138
f 3908/3908/3908 4175/4175/4175 4149/4149/4149
f 3908/3908/3908 4149/4149/4149 4179/4179/4179
f 4151/4151/4151 4178/4178/4178 4255/4255/4255
f 4255/4255/4255 4178/4178/4178 4214/4214/4214
f 4255/4255/4255 4214/4214/4214 4252/4252/4252
f 4252/4252/4252 4214/4214/4214 4250/4250/4250
f 4250/4250/4250 4214/4214/4214 4170/4170/4170
f 4250/4250/4250 4170/4170/4170 4139/4139/4139
f 4250/4250/4250 4139/4139/4139 4209/4209/4209
f 4209/4209/4209 4139/4139/4139 4136/4136/4136
f 4209/4209/4209 4136/4136/4136 4207/4207/4207
f 4150/4150/4150 4254/4254/4254 4277/4277/4277
f 4150/4150/4150 4277/4277/4277 4181/4181/4181
f 4276/4276/4276 4253/4253/4253 4234/4234/4234
f 4234/4234/4234 4253/4253/4253 4251/4251/4251
f 4234/4234/4234 4251/4251/4251 4143/4143/4143
f 4143/4143/4143 4251/4251/4251 4140/4140/4140
f 4140/4140/4140 4251/4251/4251 4249/4249/4249
f 4140/4140/4140 4249/4249/4249 4099/4099/4099
f 4099/4099/4099 4249/4249/4249 4208/4208/4208
f 4099/4099/4099 4208/4208/4208 4205/4205/4205
f 4099/4099/4099 4205/4205/4205 4044/4044/4044
f 4099/4099/4099 4044/4044/4044 3974/3974/3974
f 4137/4137/4137 4048/4048/4048 4134/4134/4134
f 4133/4133/4133 4047/4047/4047 4019/4019/4019
f 4019/4019/4019 4047/4047/4047 3894/3894/3894
f 4019/4019/4019 3894/3894/3894 3891/3891/3891
f 4206/4206/4206 4135/4135/4135 4022/4022/4022
f 4206/4206/4206 4022/4022/4022 4046/4046/4046
f 3896/3896/3896 4051/4051/4051 4101/4101/4101
f 3896/3896/3896 4101/4101/4101 3976/3976/3976
f 4045/4045/4045 4020/4020/4020 3970/3970/3970
f 3973/3973/3973 4043/4043/4043 3969/3969/3969
f 3972/3972/3972 4021/4021/4021 3893/3893/3893
f 3971/3971/3971 3892/3892/3892 3975/3975/3975
f 3975/3975/3975 3892/3892/3892 3895/3895/3895
f 4313/4313/4313 4335/4335/4335 4331/4331/4331
f 4313/4313/4313 4331/4331/4331 4217/4217/4217
f 4330/4330/4330 4334/4334/4334 4321/4321/4321
f 4330/4330/4330 4321/4321/4321 4222/4222/4222
f 4222/4222/4222 4321/4321/4321 4231/4231/4231
f 4222/4222/4222 4231/4231/4231 4091/4091/4091
f 4222/4222/4222 4091/4091/4091 4159/4159/4159
f 4159/4159/4159 4091/4091/4091 3960/3960/3960
f 3960/3960/3960 4091/4091/4091 4018/4018/4018
f 3960/3960/3960 4018/4018/4018 3840/3840/3840
f 4332/4332/4332 4223/4223/4223 4218/4218/4218
f 4218/4218/4218 4223/4223/4223 4160/4160/4160
f 4218/4218/4218 4160/4160/4160 4156/4156/4156
f 4156/4156/4156 4160/4160/4160 3947/3947/3947
f 3947/3947/3947 4160/4160/4160 3961/3961/3961
f 4088/4088/4088 4227/4227/4227 4199/4199/4199
f 4312/4312/4312 4216/4216/4216 4131/4131/4131
f 4312/4312/4312 4131/4131/4131 4203/4203/4203
f 4201/4201/4201 4130/4130/4130 4090/4090/4090
f 4314/4314/4314 4204/4204/4204 4293/4293/4293
f 4315/4315/4315 4294/4294/4294 4336/4336/4336
f 4336/4336/4336 4294/4294/4294 4232/4232/4232
f 4232/4232/4232 4294/4294/4294 4026/4026/4026
f 4336/4336/4336 4232/4232/4232 4302/4302/4302
f 4232/4232/4232 4026/4026/4026 4212/4212/4212
f 4232/4232/4232 4212/4212/4212 4302/4302/4302
f 4302/4302/4302 4212/4212/4212 4281/4281/4281
f 4281/4281/4281 4212/4212/4212 4283/4283/4283
f 4283/4283/4283 4212/4212/4212 4173/4173/4173
f 4283/4283/4283 4173/4173/4173 4258/4258/4258
f 4258/4258/4258 4173/4173/4173 4147/4147/4147
f 4258/4258/4258 4147/4147/4147 4261/4261/4261
f 4261/4261/4261 4147/4147/4147 4054/4054/4054
f 4054/4054/4054 4147/4147/4147 3795/3795/3795
f 4261/4261/4261 4054/4054/4054 4184/4184/4184
f 4054/4054/4054 3795/3795/3795 2880/2880/2880
f 4184/4184/4184 4054/4054/4054 3729/3729/3729
f 3729/3729/3729 4054/4054/4054 2880/2880/2880
f 3729/3729/3729 2880/2880/2880 3076/3076/3076
f 4292/4292/4292 4202/4202/4202 4097/4097/4097
f 4215/4215/4215 4155/4155/4155 4129/4129/4129
f 4129/4129/4129 4155/4155/4155 4007/4007/4007
f 4007/4007/4007 4155/4155/4155 3945/3945/3945
f 4007/4007/4007 3945/3945/3945 3834/3834/3834
f 4132/4132/4132 4011/4011/4011 4092/4092/4092
f 4089/4089/4089 4008/4008/4008 4016/4016/4016
f 4017/4017/4017 4010/4010/4010 3839/3839/3839
f 3837/3837/3837 4009/4009/4009 3835/3835/3835
f 3959/3959/3959 3838/3838/3838 3946/3946/3946
f 3946/3946/3946 3838/3838/3838 3836/3836/3836
f 4023/4023/4023 4291/4291/4291 4095/4095/4095
f 4024/4024/4024 4096/4096/4096 3726/3726/3726
f 4024/4024/4024 3726/3726/3726 3981/3981/3981
f 3981/3981/3981 3726/3726/3726 3638/3638/3638
f 3638/3638/3638 3726/3726/3726 3524/3524/3524
f 3982/3982/3982 4211/4211/4211 4025/4025/4025
f 4210/4210/4210 3980/3980/3980 4172/4172/4172
f 4172/4172/4172 3980/3980/3980 3898/3898/3898
f 3898/3898/3898 3980/3980/3980 3637/3637/3637
f 4180/4180/4180 4107/4107/4107 3842/3842/3842
f 4180/4180/4180 3842/3842/3842 3909/3909/3909
f 3909/3909/3909 3842/3842/3842 3528/3528/3528
f 4105/4105/4105 4110/4110/4110 3801/3801/3801
f 3802/3802/3802 4111/4111/4111 4114/4114/4114
f 3802/3802/3802 4114/4114/4114 3806/3806/3806
f 3806/3806/3806 4114/4114/4114 4117/4117/4117
f 4113/4113/4113 4263/4263/4263 4116/4116/4116
f 4116/4116/4116 4263/4263/4263 4237/4237/4237
f 4237/4237/4237 4263/4263/4263 4256/4256/4256
f 4118/4118/4118 4238/4238/4238 4183/4183/4183
f 4118/4118/4118 4183/4183/4183 4055/4055/4055
f 4183/4183/4183 4238/4238/4238 4260/4260/4260
f 4260/4260/4260 4238/4238/4238 4257/4257/4257
f 4055/4055/4055 4183/4183/4183 3983/3983/3983
f 4055/4055/4055 3983/3983/3983 3647/3647/3647
f 3647/3647/3647 3983/3983/3983 3536/3536/3536
f 3799/3799/3799 4108/4108/4108 3803/3803/3803
f 4106/4106/4106 3798/3798/3798 3841/3841/3841
f 3841/3841/3841 3798/3798/3798 3249/3249/3249
f 3249/3249/3249 3798/3798/3798 3523/3523/3523
f 3841/3841/3841 3249/3249/3249 2994/2994/2994
f 3841/3841/3841 2994/2994/2994 3527/3527/3527
f 3527/3527/3527 2994/2994/2994 3165/3165/3165
f 3165/3165/3165 2994/2994/2994 2690/2690/2690
f 3797/3797/3797 3800/3800/3800 3521/3521/3521
f 4148/4148/4148 4174/4174/4174 3907/3907/3907
f 4148/4148/4148 3907/3907/3907 3796/3796/3796
f 3796/3796/3796 3907/3907/3907 3359/3359/3359
f 3796/3796/3796 3359/3359/3359 2881/2881/2881
f 2881/2881/2881 3359/3359/3359 2488/2488/2488
f 3905/3905/3905 4171/4171/4171 3897/3897/3897
f 3358/3358/3358 3906/3906/3906 3643/3643/3643
f 3073/3073/3073 2487/2487/2487 3358/3358/3358
f 3073/3073/3073 3358/3358/3358 3643/3643/3643
f 3643/3643/3643 3906/3906/3906 3899/3899/3899
f 3643/3643/3643 3899/3899/3899 3641/3641/3641
f 3641/3641/3641 3899/3899/3899 3640/3640/3640
f 3641/3641/3641 3640/3640/3640 3455/3455/3455
f 3641/3641/3641 3455/3455/3455 3533/3533/3533
f 3641/3641/3641 3533/3533/3533 3643/3643/3643
f 3643/3643/3643 3533/3533/3533 3252/3252/3252
f 3522/3522/3522 3724/3724/3724 3247/3247/3247
f 3248/3248/3248 3728/3728/3728 2988/2988/2988
f 3248/3248/3248 2988/2988/2988 3250/3250/3250
f 3248/3248/3248 3250/3250/3250 3526/3526/3526
f 3250/3250/3250 2988/2988/2988 2995/2995/2995
f 2995/2995/2995 2988/2988/2988 2778/2778/2778
f 2995/2995/2995 2778/2778/2778 2692/2692/2692
f 2692/2692/2692 2778/2778/2778 2689/2689/2689
f 2689/2689/2689 2778/2778/2778 2685/2685/2685
f 2689/2689/2689 2685/2685/2685 2582/2582/2582
f 2582/2582/2582 2685/2685/2685 2682/2682/2682
f 2582/2582/2582 2682/2682/2682 2579/2579/2579
f 3639/3639/3639 3525/3525/3525 3453/3453/3453
f 3453/3453/3453 3525/3525/3525 3804/3804/3804
f 3454/3454/3454 3805/3805/3805 3807/3807/3807
f 3454/3454/3454 3807/3807/3807 3532/3532/3532
f 3532/3532/3532 3807/3807/3807 3645/3645/3645
f 3251/3251/3251 3531/3531/3531 3644/3644/3644
f 3251/3251/3251 3644/3644/3644 2400/2400/2400
f 3251/3251/3251 2400/2400/2400 1688/1688/1688
f 1688/1688/1688 2400/2400/2400 1852/1852/1852
f 1688/1688/1688 1852/1852/1852 1246/1246/1246
f 3251/3251/3251 1688/1688/1688 3072/3072/3072
f 3251/3251/3251 3072/3072/3072 3642/3642/3642
f 2486/2486/2486 3071/3071/3071 1687/1687/1687
f 4056/4056/4056 3646/3646/3646 3808/3808/3808
f 4056/4056/4056 3808/3808/3808 4119/4119/4119
f 3646/3646/3646 4056/4056/4056 3648/3648/3648
f 3646/3646/3646 3648/3648/3648 2401/2401/2401
f 2401/2401/2401 3648/3648/3648 1853/1853/1853
f 1853/1853/1853 3648/3648/3648 3087/3087/3087
f 3087/3087/3087 3648/3648/3648 3537/3537/3537
f 3984/3984/3984 4185/4185/4185 3730/3730/3730
f 3984/3984/3984 3730/3730/3730 3538/3538/3538
f 3538/3538/3538 3730/3730/3730 3077/3077/3077
f 3074/3074/3074 2879/2879/2879 1753/1753/1753
f 1753/1753/1753 2879/2879/2879 2484/2484/2484
f 3075/3075/3075 1755/1755/1755 3535/3535/3535
f 3535/3535/3535 1755/1755/1755 3086/3086/3086
f 3086/3086/3086 1755/1755/1755 1851/1851/1851
f 1851/1851/1851 1755/1755/1755 1245/1245/1245
f 1754/1754/1754 2485/2485/2485 1686/1686/1686
f 1754/1754/1754 1686/1686/1686 1244/1244/1244
f 2983/2983/2983 2773/2773/2773 2980/2980/2980
f 2775/2775/2775 2984/2984/2984 2577/2577/2577
f 2774/2774/2774 2575/2575/2575 2681/2681/2681
f 2774/2774/2774 2681/2681/2681 2981/2981/2981
f 2981/2981/2981 2681/2681/2681 2683/2683/2683
f 2981/2981/2981 2683/2683/2683 3244/3244/3244
f 2578/2578/2578 2985/2985/2985 3067/3067/3067
f 3068/3068/3068 2986/2986/2986 2982/2982/2982
f 3068/3068/3068 2982/2982/2982 3246/3246/3246
f 3068/3068/3068 3246/3246/3246 3163/3163/3163
f 3163/3163/3163 3246/3246/3246 3357/3357/3357
f 3163/3163/3163 3357/3357/3357 3167/3167/3167
f 3167/3167/3167 3357/3357/3357 3636/3636/3636
f 3167/3167/3167 3636/3636/3636 3530/3530/3530
f 2581/2581/2581 2576/2576/2576 3066/3066/3066
f 2581/2581/2581 3066/3066/3066 3162/3162/3162
f 2686/2686/2686 2580/2580/2580 3160/3160/3160
f 2684/2684/2684 2776/2776/2776 3245/3245/3245
f 3245/3245/3245 2776/2776/2776 3355/3355/3355
f 2687/2687/2687 3161/3161/3161 3164/3164/3164
f 2688/2688/2688 3166/3166/3166 2691/2691/2691
f 700/700/700 892/892/892 767/767/767
f 700/700/700 767/767/767 561/561/561
f 700/700/700 561/561/561 450/450/450
f 450/450/450 561/561/561 558/558/558
f 562/562/562 768/768/768 763/763/763
f 763/763/763 768/768/768 1106/1106/1106
f 764/764/764 1108/1108/1108 816/816/816
f 447/447/447 451/451/451 559/559/559
f 447/447/447 559/559/559 622/622/622
f 624/624/624 560/560/560 854/854/854
f 854/854/854 560/560/560 761/761/761
f 761/761/761 560/560/560 563/563/563
f 761/761/761 563/563/563 765/765/765
f 3505/3505/3505 3418/3418/3418 3321/3321/3321
f 3326/3326/3326 3419/3419/3419 3426/3426/3426
f 3426/3426/3426 3419/3419/3419 3508/3508/3508
f 3426/3426/3426 3508/3508/3508 3428/3428/3428
f 3428/3428/3428 3508/3508/3508 3510/3510/3510
f 3428/3428/3428 3510/3510/3510 3431/3431/3431
f 3507/3507/3507 3323/3323/3323 3421/3421/3421
f 3422/3422/3422 3325/3325/3325 3425/3425/3425
f 3422/3422/3422 3425/3425/3425 3424/3424/3424
f 3424/3424/3424 3425/3425/3425 3427/3427/3427
f 3424/3424/3424 3427/3427/3427 3430/3430/3430
f 3506/3506/3506 3420/3420/3420 3509/3509/3509
f 3509/3509/3509 3420/3420/3420 3423/3423/3423
f 3509/3509/3509 3423/3423/3423 3429/3429/3429
f 2437/2437/2437 2738/2738/2738 2448/2448/2448
f 2437/2437/2437 2448/2448/2448 2251/2251/2251
f 2447/2447/2447 2257/2257/2257 2250/2250/2250
f 1889/1889/1889 2249/2249/2249 2256/2256/2256
f 1889/1889/1889 2256/2256/2256 1892/1892/1892
f 1889/1889/1889 1892/1892/1892 1723/1723/1723
f 2135/2135/2135 2263/2263/2263 1909/1909/1909
f 2264/2264/2264 1911/1911/1911 1910/1910/1910
f 1910/1910/1910 1911/1911/1911 1672/1672/1672
f 1672/1672/1672 1911/1911/1911 1730/1730/1730
f 1672/1672/1672 1730/1730/1730 1502/1502/1502
f 1910/1910/1910 1672/1672/1672 1670/1670/1670
f 1910/1910/1910 1670/1670/1670 1901/1901/1901
f 1910/1910/1910 1901/1901/1901 2136/2136/2136
f 1906/1906/1906 2366/2366/2366 1898/1898/1898
f 1907/1907/1907 1900/1900/1900 1728/1728/1728
f 1727/1727/1727 1897/1897/1897 1669/1669/1669
f 1727/1727/1727 1669/1669/1669 1501/1501/1501
f 1671/1671/1671 1500/1500/1500 1668/1668/1668
