# From Ember_Paradox_Queen.glb via glb_to_nca_obj.py | yaw270.0 scale2.0 | scale*0.95
o queen
mtllib queen.mtl
usemtl queen
v -0.003532 0.003532 2.133502
v -0.003532 0.003532 2.133502
v -0.003532 0.003532 2.133502
v -0.003532 0.003532 2.133502
v -0.003532 0.003532 2.133502
v -0.003532 0.229600 2.514990
v -0.003532 0.229600 2.514990
v -0.003532 0.229600 2.514990
v -0.003532 0.363825 2.529119
v -0.003532 0.363825 2.529119
v -0.003532 0.328502 2.550313
v -0.003532 0.328502 2.550313
v -0.003532 0.328502 2.550313
v -0.003532 -0.370891 2.741056
v -0.003532 -0.370891 2.741056
v -0.003532 -0.180147 2.769315
v -0.003532 -0.180147 2.769315
v -0.003532 0.166018 2.967124
v -0.003532 0.166018 2.967124
v -0.003532 0.166018 2.967124
v -0.003532 -0.194277 2.974188
v -0.003532 -0.194277 2.974188
v -0.003532 -0.194277 2.974188
v -0.003532 0.052985 3.207320
v -0.003532 0.052985 3.207320
v -0.003532 0.052985 3.207320
v -0.003532 0.095372 3.341545
v -0.003532 0.095372 3.341545
v -0.003532 0.095372 3.341545
v -0.003532 0.095372 3.376868
v -0.003532 0.095372 3.376868
v -0.003532 0.095372 3.376868
v -0.003532 0.095372 3.376868
v -0.003532 0.123631 3.440450
v -0.003532 0.123631 3.440450
v -0.003532 0.123631 3.440450
v -0.003532 0.151888 3.454580
v -0.003532 0.151888 3.454580
v -0.003532 0.151888 3.454580
v -0.003532 0.151888 3.454580
v -0.003532 0.095372 3.496967
v -0.003532 0.095372 3.496967
v -0.003532 0.095372 3.496967
v -0.003532 0.095372 3.496967
v -0.003532 0.095372 3.496967
v -0.003532 0.123631 3.525226
v -0.003532 0.123631 3.525226
v -0.003532 0.123631 3.525226
v -0.003532 0.045919 3.553483
v -0.003532 0.045919 3.553483
v -0.003532 0.045919 3.553483
v -0.003532 -0.095372 3.581741
v -0.003532 -0.095372 3.581741
v -0.003532 -0.095372 3.581741
v -0.003532 -0.060049 3.588805
v -0.003532 -0.060049 3.588805
v -0.003532 -0.060049 3.588805
v -0.003532 0.116565 1.370529
v -0.003532 0.116565 1.370529
v -0.003532 0.116565 1.370529
v -0.003532 0.088308 1.299883
v -0.003532 0.088308 1.299883
v -0.003532 0.088308 1.299883
v -0.003532 0.660539 0.614618
v -0.003532 0.660539 0.614618
v -0.003532 0.695862 0.593425
v -0.003532 0.695862 0.593425
v -0.003532 -0.596957 0.558102
v -0.003532 -0.596957 0.558102
v -0.003532 -0.582827 0.543972
v -0.003532 -0.702926 0.501585
v -0.003532 -0.702926 0.501585
v -0.003532 -0.702926 0.501585
v -0.003532 -0.702926 0.501585
v -0.003532 -0.702926 0.501585
v -0.010596 0.328502 2.084051
v -0.010596 0.328502 2.084051
v -0.010596 0.328502 2.084051
v -0.010596 0.328502 2.084051
v -0.010596 0.342633 2.182956
v -0.010596 0.342633 2.182956
v -0.010596 0.342633 2.182956
v -0.010596 0.342633 2.182956
v -0.010596 -0.321438 2.253601
v -0.010596 -0.321438 2.253601
v -0.010596 -0.321438 2.253601
v -0.010596 -0.229600 2.875283
v -0.010596 -0.229600 2.875283
v -0.010596 -0.229600 2.875283
v -0.010596 -0.229600 2.875283
v -0.010596 -0.215470 2.945929
v -0.010596 -0.215470 2.945929
v -0.010596 -0.222534 3.016575
v -0.010596 -0.222534 3.016575
v -0.010596 -0.010596 3.164931
v -0.010596 -0.038855 3.256771
v -0.010596 -0.151888 3.270899
v -0.010596 -0.151888 3.270899
v -0.010596 -0.123631 3.277965
v -0.010596 -0.123631 3.277965
v -0.010596 0.088308 3.567613
v -0.010596 0.088308 3.567613
v -0.010596 0.088308 3.567613
v -0.010596 0.088308 3.567613
v -0.010596 0.010596 3.588805
v -0.010596 0.010596 3.588805
v -0.010596 0.010596 3.588805
v -0.010596 0.052985 3.588805
v -0.010596 0.052985 3.588805
v -0.010596 0.052985 3.588805
v -0.010596 -0.017660 1.518885
v -0.010596 -0.017660 1.518885
v -0.010596 -0.088308 1.511821
v -0.010596 -0.088308 1.511821
v -0.010596 0.201341 1.215107
v -0.010596 0.201341 1.215107
v -0.010596 0.201341 1.215107
v -0.010596 0.201341 1.215107
v -0.010596 0.709990 0.416811
v -0.010596 0.709990 0.416811
v -0.010596 0.709990 0.416811
v -0.010596 0.709990 0.416811
v -0.017660 0.123631 2.126438
v -0.017660 0.123631 2.126438
v -0.017660 0.123631 2.126438
v -0.017660 0.123631 2.126438
v -0.017660 0.377956 2.437280
v -0.017660 0.377956 2.437280
v -0.017660 0.377956 2.437280
v -0.017660 0.377956 2.437280
v -0.017662 -0.448601 2.776379
v -0.017662 -0.448601 2.776379
v -0.017662 -0.250792 2.931801
v -0.017662 -0.250792 2.931801
v -0.017662 -0.250792 2.931801
v -0.017662 -0.250792 2.931801
v -0.017662 -0.250792 2.931801
v -0.017662 -0.187211 2.974188
v -0.017662 -0.187211 2.974188
v -0.017662 -0.187211 2.974188
v -0.017662 -0.187211 2.974188
v -0.017662 -0.208405 3.080156
v -0.017662 -0.208405 3.080156
v -0.017662 -0.222534 3.087221
v -0.017662 -0.222534 3.087221
v -0.017662 -0.222534 3.087221
v -0.017662 -0.222534 3.087221
v -0.017662 -0.130695 3.136674
v -0.017662 -0.130695 3.136674
v -0.017660 0.010596 3.256771
v -0.017660 0.010596 3.256771
v -0.017660 0.010596 3.256771
v -0.017660 0.081242 3.341545
v -0.017660 0.081242 3.341545
v -0.017660 0.095372 3.341545
v -0.017660 0.095372 3.341545
v -0.017660 0.095372 3.341545
v -0.017662 -0.526311 0.727653
v -0.017662 -0.547504 0.720586
v -0.017662 -0.547504 0.720586
v -0.017662 -0.547504 0.720586
v -0.017662 -0.547504 0.685264
v -0.017662 -0.547504 0.685264
v -0.017662 -0.547504 0.678199
v -0.017662 -0.547504 0.678199
v -0.017662 -0.547504 0.558102
v -0.017662 -0.547504 0.558102
v -0.017662 -0.547504 0.558102
v -0.024727 -0.243728 2.472603
v -0.024727 -0.243728 2.472603
v -0.024727 -0.243728 2.472603
v -0.024727 0.180147 2.493796
v -0.024727 0.180147 2.493796
v -0.024727 0.243728 2.507926
v -0.024727 0.243728 2.507926
v -0.024727 0.243728 2.507926
v -0.024727 0.243728 2.507926
v -0.024727 0.187211 2.514990
v -0.024727 0.187211 2.514990
v -0.024727 0.187211 2.514990
v -0.024727 0.158952 2.719863
v -0.024727 0.158952 2.719863
v -0.024727 -0.250792 2.854091
v -0.024727 -0.250792 2.854091
v -0.024727 -0.250792 2.854091
v -0.024727 -0.187211 3.101351
v -0.024727 -0.187211 3.101351
v -0.024727 -0.187211 3.101351
v -0.024727 -0.116565 3.122544
v -0.024727 -0.116565 3.122544
v -0.024727 -0.116565 3.122544
v -0.024727 -0.060049 3.157866
v -0.024727 -0.060049 3.157866
v -0.024727 -0.060049 3.157866
v -0.024727 -0.017660 3.263835
v -0.024727 -0.017660 3.263835
v -0.024727 -0.017660 3.263835
v -0.024727 0.074178 3.419257
v -0.024727 0.074178 3.419257
v -0.024727 0.074178 3.419257
v -0.024727 0.074178 3.419257
v -0.024727 0.102437 1.363465
v -0.024727 0.102437 1.363465
v -0.024727 0.102437 1.363465
v -0.024727 0.102437 1.363465
v -0.024727 0.173082 1.363465
v -0.024727 0.173082 1.363465
v -0.024727 0.173082 1.363465
v -0.024727 0.095372 1.179784
v -0.024727 0.095372 1.179784
v -0.024727 -0.024727 0.805362
v -0.024727 -0.024727 0.805362
v -0.024727 -0.024727 0.805362
v -0.024727 -0.024727 0.805362
v -0.024727 -0.582827 0.664071
v -0.024727 -0.582827 0.664071
v -0.024727 -0.582827 0.664071
v -0.024727 -0.582827 0.664071
v -0.024727 -0.667603 0.445069
v -0.024727 -0.752377 0.332034
v -0.024727 -0.752377 0.332034
v -0.024727 -0.738249 0.268455
v -0.024727 -0.674667 0.211937
v -0.024727 -0.674667 0.211937
v -0.024727 -0.724120 0.169550
v -0.024727 -0.724120 0.169550
v -0.024727 -0.801830 0.155420
v -0.024727 -0.801830 0.155420
v -0.024727 -0.801830 0.155420
v -0.024727 -0.801830 0.000000
v -0.024727 -0.801830 0.000000
v -0.024727 -0.801830 0.000000
v -0.031791 0.448601 2.154697
v -0.031791 0.448601 2.154697
v -0.031791 0.377956 2.444344
v -0.031791 0.377956 2.444344
v -0.031791 -0.250792 2.451408
v -0.031791 -0.250792 2.451408
v -0.031791 -0.250792 2.451408
v -0.031791 -0.250792 2.451408
v -0.031791 0.257857 2.529119
v -0.031791 0.257857 2.529119
v -0.031791 0.257857 2.529119
v -0.031791 -0.215470 2.776379
v -0.031791 -0.215470 2.776379
v -0.031791 0.201341 2.882347
v -0.031791 0.201341 2.882347
v -0.031791 -0.215470 2.960059
v -0.031791 -0.215470 2.960059
v -0.031791 -0.215470 2.960059
v -0.031791 -0.215470 2.960059
v -0.031791 -0.215470 2.960059
v -0.031791 -0.215470 2.960059
v -0.031791 -0.215470 2.960059
v -0.031791 -0.081242 2.995382
v -0.031791 -0.081242 2.995382
v -0.031791 -0.166018 2.995382
v -0.031791 -0.166018 2.995382
v -0.031791 -0.166018 2.995382
v -0.031791 -0.279051 3.002447
v -0.031791 -0.279051 3.002447
v -0.031791 -0.279051 3.002447
v -0.031791 -0.279051 3.002447
v -0.031791 -0.187211 3.051898
v -0.031791 -0.187211 3.051898
v -0.031791 -0.187211 3.051898
v -0.031791 -0.187211 3.051898
v -0.031791 -0.166018 3.080156
v -0.031791 -0.166018 3.080156
v -0.031791 -0.166018 3.080156
v -0.031791 -0.166018 3.080156
v -0.031791 -0.257857 3.108415
v -0.031791 -0.257857 3.108415
v -0.031791 -0.257857 3.108415
v -0.031791 -0.257857 3.108415
v -0.031791 -0.060049 3.143738
v -0.031791 -0.060049 3.143738
v -0.031791 -0.060049 3.143738
v -0.031791 -0.060049 3.143738
v -0.031791 -0.017660 3.235577
v -0.031791 -0.017660 3.235577
v -0.031791 -0.017660 3.235577
v -0.031791 -0.017660 3.235577
v -0.031791 -0.017660 3.235577
v -0.031791 -0.123631 3.327417
v -0.031791 -0.123631 3.327417
v -0.031791 -0.158952 3.327417
v -0.031791 -0.158952 3.327417
v -0.031791 -0.158952 3.327417
v -0.031791 -0.158952 3.327417
v -0.031791 0.095372 3.376868
v -0.031791 0.095372 3.376868
v -0.031791 0.095372 3.376868
v -0.031791 0.095372 3.376868
v -0.031791 -0.074178 3.532290
v -0.031791 -0.074178 3.532290
v -0.031791 -0.074178 3.532290
v -0.031791 -0.074178 3.532290
v -0.031791 -0.074178 3.532290
v -0.031791 -0.074178 3.532290
v -0.031791 -0.024727 3.546418
v -0.031791 -0.024727 3.546418
v -0.031791 -0.095372 1.610725
v -0.031791 -0.095372 1.610725
v -0.031791 -0.095372 1.610725
v -0.031791 0.109501 1.356399
v -0.031791 0.109501 1.356399
v -0.031791 0.109501 1.356399
v -0.031791 0.109501 1.356399
v -0.031791 0.187211 1.257496
v -0.031791 0.187211 1.257496
v -0.031791 0.187211 1.257496
v -0.031791 0.187211 1.257496
v -0.031791 0.547504 0.628748
v -0.031791 0.547504 0.628748
v -0.031791 -0.695862 0.494521
v -0.031791 -0.695862 0.494521
v -0.031791 -0.695862 0.494521
v -0.031791 -0.695862 0.494521
v -0.031791 -0.695862 0.494521
v -0.038855 0.356761 1.872114
v -0.038855 0.356761 1.872114
v -0.038855 0.356761 1.872114
v -0.038855 0.356761 1.872114
v -0.038855 -0.264921 2.423150
v -0.038855 -0.264921 2.423150
v -0.038855 -0.264921 2.423150
v -0.038855 -0.215470 2.486731
v -0.038855 -0.215470 2.486731
v -0.038855 -0.215470 2.486731
v -0.038855 -0.215470 2.486731
v -0.038855 0.279051 2.529119
v -0.038855 0.279051 2.529119
v -0.038855 -0.243728 2.804637
v -0.038855 -0.236664 2.931801
v -0.038855 -0.236664 2.931801
v -0.038855 -0.236664 2.931801
v -0.038855 -0.420343 2.974188
v -0.038855 -0.420343 2.974188
v -0.038855 -0.420343 2.974188
v -0.038855 -0.201341 2.988316
v -0.038855 -0.201341 2.988316
v -0.038855 -0.201341 2.988316
v -0.038855 -0.201341 2.988316
v -0.038855 0.095372 3.002447
v -0.038855 0.095372 3.002447
v -0.038855 0.095372 3.002447
v -0.038855 0.095372 3.002447
v -0.038855 0.095372 3.002447
v -0.038855 -0.300244 3.016575
v -0.038855 -0.300244 3.016575
v -0.038855 -0.300244 3.016575
v -0.038855 -0.300244 3.016575
v -0.038855 -0.349697 3.080156
v -0.038855 -0.349697 3.080156
v -0.038855 -0.349697 3.080156
v -0.038855 -0.236664 3.108415
v -0.038855 -0.236664 3.108415
v -0.038855 -0.236664 3.108415
v -0.038855 -0.236664 3.108415
v -0.038855 -0.271987 3.122544
v -0.038855 -0.271987 3.122544
v -0.038855 -0.067114 3.164931
v -0.038855 -0.067114 3.164931
v -0.038855 -0.067114 3.164931
v -0.038855 0.024727 3.313288
v -0.038855 0.024727 3.313288
v -0.038855 0.024727 3.313288
v -0.038855 0.074178 3.376868
v -0.038855 0.074178 3.376868
v -0.038855 -0.151888 3.390998
v -0.038855 -0.151888 3.390998
v -0.038855 -0.024727 3.426321
v -0.038855 -0.024727 3.426321
v -0.038855 -0.024727 3.426321
v -0.038855 -0.024727 3.426321
v -0.038855 -0.024727 3.426321
v -0.038855 -0.024727 3.426321
v -0.038855 -0.024727 3.426321
v -0.038855 0.024727 3.532290
v -0.038855 -0.024727 1.617789
v -0.038855 -0.024727 1.617789
v -0.038855 0.067114 1.306947
v -0.038855 0.067114 1.306947
v -0.038855 -0.674667 0.607553
v -0.038855 -0.674667 0.607553
v -0.038855 -0.674667 0.607553
v -0.038855 0.611086 0.515715
v -0.038855 0.611086 0.515715
v -0.038855 -0.667603 0.501585
v -0.038855 -0.667603 0.501585
v -0.038855 -0.667603 0.501585
v -0.038855 -0.667603 0.501585
v -0.038855 -0.667603 0.501585
v -0.045919 -0.441537 1.949824
v -0.045919 -0.441537 1.949824
v -0.045919 -0.250792 2.437280
v -0.045919 -0.250792 2.437280
v -0.045919 -0.250792 2.437280
v -0.045919 -0.250792 2.437280
v -0.045919 -0.250792 2.437280
v -0.045919 0.349697 2.472603
v -0.045919 0.349697 2.472603
v -0.045919 0.349697 2.472603
v -0.045919 0.349697 2.472603
v -0.045919 -0.222534 2.472603
v -0.045919 -0.222534 2.472603
v -0.045919 -0.222534 2.472603
v -0.045919 -0.222534 2.472603
v -0.045919 -0.201341 2.500862
v -0.045919 -0.201341 2.500862
v -0.045919 -0.201341 2.500862
v -0.045919 0.307310 2.507926
v -0.045919 0.307310 2.507926
v -0.045919 0.307310 2.507926
v -0.045919 0.307310 2.507926
v -0.045919 0.293179 2.529119
v -0.045919 0.293179 2.529119
v -0.045919 0.293179 2.529119
v -0.045919 0.293179 2.529119
v -0.045919 0.137760 2.620959
v -0.045919 0.137760 2.620959
v -0.045919 0.137760 2.620959
v -0.045919 -0.215470 2.981252
v -0.045919 -0.215470 2.981252
v -0.045919 -0.215470 2.981252
v -0.045919 -0.215470 2.981252
v -0.045919 -0.215470 2.981252
v -0.045919 -0.215470 2.981252
v -0.045919 -0.215470 2.981252
v -0.045919 -0.215470 2.981252
v -0.045919 -0.215470 2.981252
v -0.045919 -0.236664 3.051898
v -0.045919 -0.236664 3.051898
v -0.045919 -0.236664 3.051898
v -0.045919 -0.236664 3.051898
v -0.045919 -0.236664 3.051898
v -0.045919 -0.236664 3.051898
v -0.045919 -0.236664 3.051898
v -0.045919 -0.060049 3.150802
v -0.045919 -0.060049 3.150802
v -0.045919 -0.060049 3.150802
v -0.045919 -0.130695 3.157866
v -0.045919 -0.130695 3.157866
v -0.045919 -0.052983 3.299158
v -0.045919 -0.052983 3.299158
v -0.045919 -0.052983 3.299158
v -0.045919 -0.102437 3.334481
v -0.045919 -0.102437 3.334481
v -0.045919 0.038855 3.341545
v -0.045919 0.038855 3.341545
v -0.045919 0.038855 3.341545
v -0.045919 0.038855 3.341545
v -0.045919 0.038855 3.341545
v -0.045919 0.088308 3.426321
v -0.045919 0.067114 3.475773
v -0.045919 0.067114 3.475773
v -0.045919 -0.123631 3.475773
v -0.045919 -0.123631 3.475773
v -0.045919 0.095372 1.377593
v -0.045919 0.095372 1.377593
v -0.045919 0.095372 1.377593
v -0.045919 0.095372 1.377593
v -0.045919 0.095372 1.377593
v -0.045919 0.102437 1.370529
v -0.045919 0.102437 1.370529
v -0.045919 0.102437 1.370529
v -0.045919 0.102437 1.370529
v -0.045919 0.151888 1.172720
v -0.045919 0.151888 1.172720
v -0.045919 -0.724120 0.508649
v -0.045919 -0.724120 0.508649
v -0.045919 0.632280 0.466262
v -0.045919 0.632280 0.466262
v -0.045919 0.632280 0.466262
v -0.045919 0.632280 0.466262
v -0.045919 0.632280 0.466262
v -0.045919 0.632280 0.466262
v -0.045919 -0.766507 0.360293
v -0.052985 -0.222534 1.921565
v -0.052985 -0.222534 1.921565
v -0.052983 0.349697 2.076987
v -0.052983 0.349697 2.076987
v -0.052983 0.349697 2.076987
v -0.052985 -0.264921 2.401957
v -0.052985 -0.264921 2.401957
v -0.052985 -0.264921 2.401957
v -0.052983 0.356761 2.486731
v -0.052983 0.356761 2.486731
v -0.052983 0.356761 2.486731
v -0.052983 0.236664 2.507926
v -0.052983 0.236664 2.507926
v -0.052983 0.236664 2.507926
v -0.052983 0.236664 2.507926
v -0.052983 0.335567 2.514990
v -0.052983 0.335567 2.514990
v -0.052983 0.335567 2.514990
v -0.052983 0.335567 2.514990
v -0.052985 -0.236664 2.938865
v -0.052985 -0.236664 2.938865
v -0.052985 -0.201341 2.960059
v -0.052985 -0.201341 2.960059
v -0.052985 -0.201341 2.960059
v -0.052985 -0.201341 2.960059
v -0.052983 0.151888 2.988316
v -0.052983 0.151888 2.988316
v -0.052983 0.151888 2.988316
v -0.052983 0.151888 2.988316
v -0.052985 -0.031791 2.988316
v -0.052985 -0.031791 2.988316
v -0.052985 -0.031791 2.988316
v -0.052985 -0.031791 2.988316
v -0.052985 -0.031791 2.988316
v -0.052985 -0.166018 2.995382
v -0.052985 -0.166018 2.995382
v -0.052983 0.024727 3.002447
v -0.052985 -0.286115 3.080156
v -0.052985 -0.286115 3.080156
v -0.052985 -0.286115 3.080156
v -0.052985 -0.286115 3.080156
v -0.052985 -0.286115 3.080156
v -0.052985 -0.286115 3.080156
v -0.052985 -0.017660 3.214384
v -0.052985 -0.017660 3.214384
v -0.052985 -0.017660 3.214384
v -0.052985 -0.003532 3.320353
v -0.052985 -0.003532 3.320353
v -0.052985 -0.060049 3.320353
v -0.052985 -0.060049 3.320353
v -0.052985 -0.067114 3.320353
v -0.052985 -0.067114 3.320353
v -0.052985 -0.067114 3.320353
v -0.052983 0.031791 3.341545
v -0.052983 0.031791 3.341545
v -0.052983 0.031791 3.341545
v -0.052983 0.045919 3.369804
v -0.052983 0.045919 3.369804
v -0.052983 0.151888 1.356399
v -0.052983 0.151888 1.356399
v -0.052983 0.151888 1.356399
v -0.052983 0.151888 1.356399
v -0.052983 0.151888 1.356399
v -0.052983 0.151888 1.356399
v -0.052983 0.158954 1.356399
v -0.052983 0.158954 1.356399
v -0.052983 0.158954 1.356399
v -0.052983 0.158954 1.356399
v -0.052983 0.158954 1.356399
v -0.052983 0.060049 1.321076
v -0.052983 0.060049 1.321076
v -0.052983 0.060049 1.321076
v -0.052983 0.060049 1.321076
v -0.052983 0.060049 1.321076
v -0.060049 -0.003532 1.971018
v -0.060049 0.236664 2.430216
v -0.060049 0.236664 2.430216
v -0.060049 0.215470 2.486731
v -0.060049 0.215470 2.486731
v -0.060049 -0.208405 2.952993
v -0.060049 -0.208405 2.952993
v -0.060049 0.180147 2.974188
v -0.060049 0.180147 2.974188
v -0.060049 0.180147 2.974188
v -0.060049 0.180147 2.974188
v -0.060049 -0.264921 2.981252
v -0.060049 -0.264921 2.981252
v -0.060049 -0.264921 2.981252
v -0.060049 -0.264921 2.981252
v -0.060049 -0.370891 2.995382
v -0.060049 -0.370891 2.995382
v -0.060049 -0.370891 2.995382
v -0.060049 -0.370891 2.995382
v -0.060049 -0.370891 2.995382
v -0.060049 -0.187211 3.044834
v -0.060049 -0.187211 3.044834
v -0.060049 -0.187211 3.044834
v -0.060049 -0.187211 3.044834
v -0.060049 -0.045919 3.108415
v -0.060049 -0.045919 3.108415
v -0.060049 -0.045919 3.108415
v -0.060049 -0.045919 3.108415
v -0.060049 -0.031791 3.115479
v -0.060049 -0.031791 3.115479
v -0.060049 -0.031791 3.115479
v -0.060049 -0.031791 3.115479
v -0.060049 -0.286115 3.115479
v -0.060049 -0.286115 3.115479
v -0.060049 -0.286115 3.115479
v -0.060049 -0.286115 3.115479
v -0.060049 -0.123629 3.143738
v -0.060049 -0.123629 3.143738
v -0.060049 -0.123629 3.143738
v -0.060049 -0.123629 3.143738
v -0.060049 -0.024727 3.313288
v -0.060049 -0.024727 3.313288
v -0.060049 -0.052983 3.320353
v -0.060049 -0.052983 3.320353
v -0.060049 -0.052983 3.320353
v -0.060049 -0.052983 3.320353
v -0.060049 -0.052983 3.320353
v -0.060049 -0.060049 3.320353
v -0.060049 -0.060049 3.320353
v -0.060049 -0.081242 3.348611
v -0.060049 -0.081242 3.348611
v -0.060049 0.052985 3.412191
v -0.060049 0.052985 3.412191
v -0.060049 0.052985 3.412191
v -0.060049 0.052985 3.412191
v -0.060049 0.052985 3.412191
v -0.060049 0.052985 3.412191
v -0.060049 -0.024727 3.518160
v -0.060049 -0.024727 3.518160
v -0.060049 -0.031791 1.681371
v -0.060049 -0.031791 1.681371
v -0.060049 -0.102437 1.674305
v -0.060049 -0.102437 1.674305
v -0.060049 -0.102437 1.674305
v -0.060049 -0.081242 0.770040
v -0.060049 -0.081242 0.770040
v -0.060049 -0.081242 0.770040
v -0.060049 -0.081242 0.770040
v -0.060049 -0.081242 0.770040
v -0.060049 -0.081242 0.770040
v -0.060049 -0.081242 0.727653
v -0.060049 -0.081242 0.727653
v -0.060049 -0.081242 0.727653
v -0.060049 -0.575763 0.713522
v -0.060049 -0.575763 0.713522
v -0.060049 -0.575763 0.713522
v -0.060049 -0.575763 0.713522
v -0.060049 -0.575763 0.713522
v -0.067114 -0.045919 2.190020
v -0.067114 -0.045919 2.190020
v -0.067114 -0.045919 2.190020
v -0.067114 -0.045919 2.190020
v -0.067114 -0.045919 2.190020
v -0.067114 -0.264921 2.387827
v -0.067114 -0.264921 2.387827
v -0.067114 -0.264921 2.387827
v -0.067114 -0.257857 2.394893
v -0.067114 -0.257857 2.394893
v -0.067114 -0.257857 2.394893
v -0.067114 0.194277 2.465539
v -0.067114 0.194277 2.465539
v -0.067114 -0.250792 2.472603
v -0.067114 -0.250792 2.472603
v -0.067114 -0.250792 2.472603
v -0.067114 -0.250792 2.472603
v -0.067114 -0.250792 2.472603
v -0.067114 -0.250792 2.472603
v -0.067114 -0.187211 2.493796
v -0.067114 -0.187211 2.493796
v -0.067114 0.158954 2.550313
v -0.067114 0.158954 2.550313
v -0.067114 0.158954 2.550313
v -0.067114 -0.158952 2.769315
v -0.067114 -0.158952 2.769315
v -0.067114 -0.158952 2.769315
v -0.067114 -0.229600 2.945929
v -0.067114 -0.229600 2.945929
v -0.067114 0.137760 2.995382
v -0.067114 0.137760 2.995382
v -0.067114 0.137760 2.995382
v -0.067114 -0.321438 3.009511
v -0.067114 -0.321438 3.009511
v -0.067114 -0.321438 3.009511
v -0.067114 -0.173082 3.016575
v -0.067114 -0.173082 3.016575
v -0.067114 -0.173082 3.016575
v -0.067114 -0.173082 3.016575
v -0.067114 -0.243728 3.051898
v -0.067114 -0.243728 3.051898
v -0.067114 -0.243728 3.051898
v -0.067114 -0.243728 3.051898
v -0.067114 -0.243728 3.051898
v -0.067114 -0.243728 3.051898
v -0.067114 -0.144824 3.129608
v -0.067114 -0.144824 3.129608
v -0.067114 -0.144824 3.129608
v -0.067114 -0.144824 3.129608
v -0.067114 -0.144824 3.129608
v -0.067114 -0.180147 3.143738
v -0.067114 -0.180147 3.143738
v -0.067114 -0.180147 3.143738
v -0.067114 -0.180147 3.143738
v -0.067114 -0.180147 3.143738
v -0.067114 -0.180147 3.143738
v -0.067114 -0.060049 3.348611
v -0.067114 -0.060049 3.348611
v -0.067114 -0.060049 3.348611
v -0.067114 -0.060049 3.348611
v -0.067114 -0.060049 3.348611
v -0.067114 0.038855 3.369804
v -0.067114 0.038855 3.369804
v -0.067114 -0.116565 3.390998
v -0.067114 -0.116565 3.390998
v -0.067114 0.038855 3.468708
v -0.067114 0.038855 3.468708
v -0.067114 -0.038855 1.744950
v -0.067114 -0.038855 1.744950
v -0.067114 -0.109501 1.737886
v -0.067114 -0.109501 1.737886
v -0.067114 -0.109501 1.737886
v -0.067114 -0.109501 1.737886
v -0.067114 0.151888 1.370529
v -0.067114 0.151888 1.370529
v -0.067114 0.151888 1.370529
v -0.067114 0.151888 1.370529
v -0.067114 0.144824 1.363465
v -0.067114 0.144824 1.363465
v -0.067114 0.144824 1.363465
v -0.067114 0.144824 1.363465
v -0.067114 0.081242 1.257496
v -0.067114 0.081242 1.257496
v -0.067114 0.081242 1.257496
v -0.067114 0.081242 1.257496
v -0.067114 0.060049 1.250430
v -0.067114 0.060049 1.250430
v -0.067114 0.060049 1.250430
v -0.074178 0.427407 2.133502
v -0.074178 0.427407 2.133502
v -0.074178 0.427407 2.133502
v -0.074178 -0.300244 2.253601
v -0.074178 -0.300244 2.253601
v -0.074178 0.257857 2.472603
v -0.074178 0.144824 2.790509
v -0.074178 0.144824 2.790509
v -0.074178 0.144824 2.790509
v -0.074178 -0.201341 2.967124
v -0.074178 -0.201341 2.967124
v -0.074178 -0.201341 2.967124
v -0.074178 -0.116565 3.002447
v -0.074178 -0.116565 3.002447
v -0.074178 -0.081242 3.009511
v -0.074178 -0.081242 3.009511
v -0.074178 -0.038855 3.051898
v -0.074178 -0.038855 3.051898
v -0.074178 -0.038855 3.051898
v -0.074178 -0.052983 3.051898
v -0.074178 -0.052983 3.051898
v -0.074178 -0.052983 3.051898
v -0.074178 -0.257857 3.066028
v -0.074178 -0.257857 3.066028
v -0.074178 -0.257857 3.066028
v -0.074178 -0.095372 3.150802
v -0.074178 -0.095372 3.150802
v -0.074178 -0.095372 3.150802
v -0.074178 -0.067114 3.348611
v -0.074178 -0.067114 3.348611
v -0.074178 -0.067114 3.348611
v -0.074178 0.010596 3.362740
v -0.074178 0.010596 3.362740
v -0.074178 0.010596 3.362740
v -0.074178 0.010596 3.362740
v -0.074178 -0.081242 3.390998
v -0.074178 -0.081242 3.390998
v -0.074178 -0.081242 3.390998
v -0.074178 -0.081242 3.390998
v -0.074178 -0.081242 3.390998
v -0.074178 -0.081242 3.390998
v -0.074178 -0.081242 3.390998
v -0.074178 0.038855 3.412191
v -0.074178 0.038855 3.412191
v -0.074178 0.038855 3.412191
v -0.074178 -0.074178 3.468708
v -0.074178 -0.074178 3.468708
v -0.074178 0.017662 0.770040
v -0.074178 0.017662 0.770040
v -0.074178 0.017662 0.727653
v -0.074178 0.017662 0.727653
v -0.074178 -0.611086 0.685264
v -0.074178 -0.611086 0.685264
v -0.074178 -0.611086 0.685264
v -0.074178 -0.611086 0.685264
v -0.074178 -0.611086 0.685264
v -0.081242 0.385020 2.105244
v -0.081242 0.385020 2.105244
v -0.081242 0.385020 2.105244
v -0.081242 0.385020 2.105244
v -0.081242 0.215470 2.112310
v -0.081242 0.215470 2.112310
v -0.081242 0.215470 2.112310
v -0.081242 0.215470 2.112310
v -0.081242 0.215470 2.112310
v -0.081242 0.215470 2.112310
v -0.081242 0.215470 2.112310
v -0.081242 -0.173082 2.500862
v -0.081242 -0.173082 2.500862
v -0.081242 -0.173082 2.500862
v -0.081242 -0.144824 2.726927
v -0.081242 -0.144824 2.726927
v -0.081242 0.187211 2.931801
v -0.081242 0.187211 2.960059
v -0.081242 0.187211 2.960059
v -0.081242 0.158954 2.967124
v -0.081242 0.158954 2.967124
v -0.081242 0.158954 2.967124
v -0.081242 -0.279051 2.974188
v -0.081242 -0.279051 2.974188
v -0.081242 -0.279051 2.974188
v -0.081242 -0.151888 2.988316
v -0.081242 -0.151888 2.988316
v -0.081242 -0.151888 2.988316
v -0.081242 -0.151888 2.988316
v -0.081242 0.123631 2.995382
v -0.081242 0.123631 2.995382
v -0.081242 0.123631 2.995382
v -0.081242 0.123631 2.995382
v -0.081242 -0.173082 3.009511
v -0.081242 -0.173082 3.009511
v -0.081242 -0.173082 3.009511
v -0.081242 -0.279051 3.023639
v -0.081242 -0.279051 3.023639
v -0.081242 -0.279051 3.023639
v -0.081242 -0.279051 3.023639
v -0.081242 -0.279051 3.023639
v -0.081242 -0.279051 3.023639
v -0.081242 -0.279051 3.023639
v -0.081242 -0.279051 3.023639
v -0.081242 -0.279051 3.023639
v -0.081242 -0.279051 3.023639
v -0.081242 -0.279051 3.023639
v -0.081242 -0.279051 3.023639
v -0.081242 -0.279051 3.023639
v -0.081242 -0.279051 3.023639
v -0.081242 -0.279051 3.023639
v -0.081242 -0.279051 3.023639
v -0.081242 -0.279051 3.023639
v -0.081242 -0.279051 3.023639
v -0.081242 -0.279051 3.023639
v -0.081242 -0.279051 3.023639
v -0.081242 -0.279051 3.023639
v -0.081242 -0.024727 3.355675
v -0.081242 -0.024727 3.355675
v -0.081242 -0.024727 3.355675
v -0.081242 -0.024727 3.355675
v -0.081242 -0.024727 3.355675
v -0.081242 -0.024727 3.461644
v -0.081242 -0.024727 3.461644
v -0.081242 -0.024727 3.461644
v -0.081242 -0.024727 3.461644
v -0.081242 0.158954 1.299883
v -0.081242 0.158954 1.299883
v -0.081242 0.158954 1.299883
v -0.081242 0.158954 1.299883
v -0.081242 0.074178 1.271624
v -0.081242 0.074178 1.271624
v -0.081242 0.074178 1.271624
v -0.081242 0.052985 1.264560
v -0.081242 0.052985 1.264560
v -0.081242 0.052985 1.264560
v -0.081242 -0.554570 0.734717
v -0.081242 -0.554570 0.734717
v -0.081242 0.724120 0.388552
v -0.081242 0.724120 0.388552
v -0.081242 -0.738249 0.388552
v -0.088306 0.363825 1.928629
v -0.088306 0.363825 1.928629
v -0.088306 0.363825 1.928629
v -0.088306 0.363825 1.928629
v -0.088308 -0.166018 1.935695
v -0.088308 -0.166018 1.935695
v -0.088306 0.321438 2.310117
v -0.088306 0.321438 2.310117
v -0.088306 0.321438 2.310117
v -0.088308 -0.264921 2.423150
v -0.088308 -0.264921 2.423150
v -0.088308 -0.264921 2.423150
v -0.088308 -0.264921 2.423150
v -0.088308 -0.264921 2.423150
v -0.088308 -0.264921 2.423150
v -0.088308 -0.264921 2.423150
v -0.088308 -0.201341 2.430216
v -0.088308 -0.201341 2.430216
v -0.088308 -0.201341 2.430216
v -0.088308 -0.201341 2.430216
v -0.088308 -0.201341 2.430216
v -0.088308 -0.201341 2.430216
v -0.088308 -0.201341 2.430216
v -0.088308 -0.201341 2.430216
v -0.088308 -0.201341 2.430216
v -0.088308 -0.201341 2.430216
v -0.088308 -0.201341 2.430216
v -0.088308 -0.201341 2.430216
v -0.088308 -0.201341 2.430216
v -0.088308 -0.201341 2.430216
v -0.088308 -0.201341 2.430216
v -0.088308 -0.201341 2.430216
v -0.088306 0.286115 2.451408
v -0.088308 -0.215470 2.500862
v -0.088308 -0.215470 2.500862
v -0.088308 -0.215470 2.500862
v -0.088308 -0.307310 2.988316
v -0.088308 -0.307310 2.988316
v -0.088308 -0.307310 2.988316
v -0.088308 -0.307310 2.988316
v -0.088308 -0.307310 2.988316
v -0.088308 -0.307310 2.988316
v -0.088308 -0.060049 3.002447
v -0.088308 -0.060049 3.002447
v -0.088308 -0.060049 3.002447
v -0.088308 -0.060049 3.002447
v -0.088308 -0.060049 3.002447
v -0.088308 -0.173082 3.002447
v -0.088308 -0.173082 3.002447
v -0.088308 -0.173082 3.002447
v -0.088308 -0.173082 3.002447
v -0.088306 0.102437 3.009511
v -0.088306 0.102437 3.009511
v -0.088308 -0.286115 3.115479
v -0.088308 -0.286115 3.115479
v -0.088308 -0.286115 3.115479
v -0.088308 -0.286115 3.115479
v -0.088308 -0.314374 3.122544
v -0.088308 -0.314374 3.122544
v -0.088308 -0.314374 3.122544
v -0.088308 -0.314374 3.122544
v -0.088308 -0.314374 3.122544
v -0.088308 -0.088306 3.164931
v -0.088308 -0.088306 3.164931
v -0.088308 -0.088306 3.164931
v -0.088308 -0.088306 3.164931
v -0.088308 -0.024727 3.398063
v -0.088308 -0.024727 3.398063
v -0.088308 -0.067114 3.398063
v -0.088308 -0.067114 3.398063
v -0.088308 -0.067114 3.398063
v -0.088308 -0.067114 3.398063
v -0.088306 0.166018 1.299883
v -0.088306 0.166018 1.299883
v -0.088306 0.166018 1.299883
v -0.088306 0.166018 1.299883
v -0.088306 0.123631 1.250430
v -0.088306 0.123631 1.250430
v -0.088306 0.123631 1.250430
v -0.088306 0.095372 1.236301
v -0.088306 0.095372 1.236301
v -0.088306 0.095372 1.236301
v -0.088308 -0.596957 0.494521
v -0.088308 -0.674667 0.438003
v -0.095372 -0.060049 1.956888
v -0.095372 -0.060049 1.956888
v -0.095372 -0.060049 1.956888
v -0.095372 -0.010596 2.105244
v -0.095372 -0.010596 2.105244
v -0.095372 -0.010596 2.105244
v -0.095372 -0.010596 2.105244
v -0.095372 -0.257857 2.373698
v -0.095372 -0.257857 2.373698
v -0.095372 -0.257857 2.373698
v -0.095372 -0.257857 2.373698
v -0.095372 0.279051 2.387827
v -0.095372 0.279051 2.387827
v -0.095372 0.279051 2.387827
v -0.095372 -0.166018 2.500862
v -0.095372 -0.166018 2.500862
v -0.095372 -0.166018 2.500862
v -0.095372 -0.123629 2.620959
v -0.095372 -0.123629 2.620959
v -0.095372 -0.123629 2.620959
v -0.095372 -0.208405 2.945929
v -0.095372 -0.208405 2.945929
v -0.095372 -0.208405 2.945929
v -0.095372 -0.180147 2.967124
v -0.095372 -0.180147 2.967124
v -0.095372 -0.180147 2.967124
v -0.095372 -0.180147 2.967124
v -0.095372 -0.180147 2.967124
v -0.095372 -0.180147 2.967124
v -0.095372 -0.180147 2.967124
v -0.095372 -0.038855 2.995382
v -0.095372 -0.038855 2.995382
v -0.095372 -0.038855 2.995382
v -0.095372 -0.038855 2.995382
v -0.095372 -0.038855 2.995382
v -0.095372 -0.038855 2.995382
v -0.095372 -0.038855 2.995382
v -0.095372 -0.038855 2.995382
v -0.095372 -0.038855 2.995382
v -0.095372 -0.038855 2.995382
v -0.095372 -0.038855 2.995382
v -0.095372 -0.038855 2.995382
v -0.095372 -0.038855 2.995382
v -0.095372 -0.017660 3.009511
v -0.095372 -0.017660 3.009511
v -0.095372 -0.017660 3.009511
v -0.095372 -0.017660 3.009511
v -0.095372 0.003532 3.016575
v -0.095372 0.003532 3.016575
v -0.095372 0.003532 3.016575
v -0.095372 -0.236664 3.030705
v -0.095372 -0.236664 3.030705
v -0.095372 -0.236664 3.030705
v -0.095372 -0.363825 3.051898
v -0.095372 -0.363825 3.051898
v -0.095372 -0.363825 3.051898
v -0.095372 -0.363825 3.051898
v -0.095372 -0.151888 3.080156
v -0.095372 -0.151888 3.080156
v -0.095372 -0.151888 3.080156
v -0.095372 -0.151888 3.080156
v -0.095372 -0.151888 3.080156
v -0.095372 0.151888 1.314011
v -0.095372 0.151888 1.314011
v -0.095372 0.151888 1.314011
v -0.095372 0.151888 1.314011
v -0.095372 -0.695862 0.558102
v -0.095372 -0.695862 0.558102
v -0.095372 -0.695862 0.558102
v -0.102437 -0.229598 2.182956
v -0.102437 -0.229598 2.182956
v -0.102437 -0.229598 2.182956
v -0.102437 -0.229598 2.366634
v -0.102437 -0.229598 2.366634
v -0.102437 -0.229598 2.366634
v -0.102437 -0.229598 2.373698
v -0.102437 -0.229598 2.373698
v -0.102437 -0.229598 2.373698
v -0.102437 -0.229598 2.373698
v -0.102437 -0.243728 2.380763
v -0.102437 -0.243728 2.380763
v -0.102437 -0.243728 2.380763
v -0.102437 -0.243728 2.380763
v -0.102437 0.293179 2.401957
v -0.102437 0.293179 2.401957
v -0.102437 0.293179 2.401957
v -0.102437 0.293179 2.401957
v -0.102437 -0.201341 2.790509
v -0.102437 -0.201341 2.790509
v -0.102437 -0.201341 2.790509
v -0.102437 -0.293179 2.854091
v -0.102437 -0.293179 2.854091
v -0.102437 -0.293179 2.854091
v -0.102437 -0.279051 2.910606
v -0.102437 -0.279051 2.910606
v -0.102437 -0.279051 2.910606
v -0.102437 -0.279051 2.910606
v -0.102437 0.187211 2.960059
v -0.102437 0.187211 2.960059
v -0.102437 0.187211 2.960059
v -0.102437 0.151888 2.981252
v -0.102437 0.151888 2.981252
v -0.102437 0.151888 2.981252
v -0.102437 0.151888 2.981252
v -0.102437 0.151888 2.981252
v -0.102437 0.151888 2.981252
v -0.102437 0.151888 2.981252
v -0.102437 -0.060049 2.981252
v -0.102437 -0.060049 2.981252
v -0.102437 -0.060049 2.981252
v -0.102437 -0.102437 2.988316
v -0.102437 -0.102437 2.988316
v -0.102437 -0.102437 2.988316
v -0.102437 -0.102437 2.988316
v -0.102437 -0.158952 2.988316
v -0.102437 -0.158952 2.988316
v -0.102437 -0.052983 2.995382
v -0.102437 -0.052983 2.995382
v -0.102437 -0.052983 2.995382
v -0.102437 -0.081242 2.995382
v -0.102437 -0.081242 2.995382
v -0.102437 -0.123629 3.009511
v -0.102437 -0.123629 3.009511
v -0.102437 -0.123629 3.009511
v -0.102437 -0.307310 3.066028
v -0.102437 -0.307310 3.066028
v -0.102437 -0.307310 3.066028
v -0.102437 -0.307310 3.066028
v -0.102437 -0.307310 3.066028
v -0.102437 -0.307310 3.066028
v -0.102437 -0.052983 3.087221
v -0.102437 -0.052983 3.087221
v -0.102437 -0.052983 3.087221
v -0.102437 -0.031791 3.094285
v -0.102437 -0.031791 3.094285
v -0.102437 -0.031791 3.094285
v -0.102437 0.158954 1.314011
v -0.102437 0.158954 1.314011
v -0.102437 0.158954 1.314011
v -0.102437 0.158954 1.314011
v -0.102437 0.116565 1.264560
v -0.102437 0.116565 1.264560
v -0.102437 0.116565 1.264560
v -0.102437 0.116565 1.264560
v -0.102437 0.088308 1.250430
v -0.102437 0.088308 1.250430
v -0.102437 0.088308 1.250430
v -0.102437 0.137760 1.243366
v -0.102437 0.137760 1.243366
v -0.102437 0.137760 1.243366
v -0.102437 0.137760 1.243366
v -0.109501 -0.448601 1.992211
v -0.109501 -0.448601 1.992211
v -0.109501 -0.448601 1.992211
v -0.109501 -0.448601 1.992211
v -0.109501 -0.123629 2.204148
v -0.109501 -0.123629 2.204148
v -0.109501 -0.123629 2.204148
v -0.109501 -0.123629 2.204148
v -0.109501 -0.123629 2.204148
v -0.109501 -0.123629 2.204148
v -0.109501 -0.250792 2.338376
v -0.109501 -0.250792 2.338376
v -0.109501 -0.250792 2.338376
v -0.109501 -0.250792 2.338376
v -0.109501 -0.250792 2.338376
v -0.109501 -0.250792 2.338376
v -0.109501 -0.250792 2.338376
v -0.109501 -0.229598 2.366634
v -0.109501 -0.229598 2.366634
v -0.109501 -0.229598 2.366634
v -0.109501 -0.215470 2.373698
v -0.109501 -0.215470 2.373698
v -0.109501 -0.215470 2.373698
v -0.109501 -0.222534 2.373698
v -0.109501 -0.222534 2.373698
v -0.109501 -0.222534 2.373698
v -0.109501 -0.187211 2.409021
v -0.109501 -0.187211 2.409021
v -0.109501 -0.194275 2.409021
v -0.109501 -0.194275 2.409021
v -0.109501 -0.194275 2.409021
v -0.109501 -0.187211 2.416086
v -0.109501 -0.187211 2.416086
v -0.109501 -0.187211 2.416086
v -0.109501 0.187211 2.493796
v -0.109501 0.187211 2.493796
v -0.109501 0.187211 2.493796
v -0.109501 0.187211 2.493796
v -0.109501 0.187211 2.493796
v -0.109501 -0.151888 2.493796
v -0.109501 -0.151888 2.493796
v -0.109501 -0.151888 2.493796
v -0.109501 -0.151888 2.493796
v -0.109501 -0.130695 2.507926
v -0.109501 -0.130695 2.507926
v -0.109501 0.166018 2.804637
v -0.109501 0.166018 2.804637
v -0.109501 0.166018 2.804637
v -0.109501 0.194277 2.882347
v -0.109501 0.194277 2.882347
v -0.109501 0.194277 2.882347
v -0.109501 -0.236664 2.889414
v -0.109501 -0.236664 2.889414
v -0.109501 -0.236664 2.889414
v -0.109501 -0.024727 2.988316
v -0.109501 -0.024727 2.988316
v -0.109501 -0.024727 2.988316
v -0.109501 -0.031791 2.995382
v -0.109501 -0.031791 2.995382
v -0.109501 -0.173082 3.002447
v -0.109501 -0.173082 3.002447
v -0.109501 -0.173082 3.002447
v -0.109501 -0.173082 3.002447
v -0.109501 0.095372 3.009511
v -0.109501 0.095372 3.009511
v -0.109501 0.038855 3.016575
v -0.109501 0.038855 3.016575
v -0.109501 0.038855 3.016575
v -0.109501 -0.257857 3.058962
v -0.109501 -0.257857 3.058962
v -0.109501 -0.660539 0.480392
v -0.109501 -0.660539 0.480392
v -0.109501 -0.660539 0.480392
v -0.116565 -0.271987 2.267730
v -0.116565 -0.271987 2.267730
v -0.116565 -0.271987 2.267730
v -0.116565 -0.271987 2.267730
v -0.116565 -0.264921 2.303053
v -0.116565 -0.264921 2.303053
v -0.116565 -0.264921 2.303053
v -0.116565 -0.264921 2.303053
v -0.116565 -0.264921 2.303053
v -0.116565 -0.243728 2.338376
v -0.116565 -0.243728 2.338376
v -0.116565 -0.243728 2.338376
v -0.116565 -0.243728 2.338376
v -0.116565 -0.243728 2.338376
v -0.116565 -0.243728 2.338376
v -0.116565 -0.215470 2.373698
v -0.116565 -0.215470 2.373698
v -0.116565 -0.215470 2.373698
v -0.116565 -0.222534 2.373698
v -0.116565 -0.222534 2.373698
v -0.116565 -0.222534 2.373698
v -0.116565 -0.173082 2.423150
v -0.116565 -0.173082 2.423150
v -0.116565 -0.173082 2.423150
v -0.116565 -0.173082 2.423150
v -0.116565 -0.173082 2.423150
v -0.116565 0.180147 2.472603
v -0.116565 0.180147 2.472603
v -0.116565 0.180147 2.472603
v -0.116565 0.151888 2.486731
v -0.116565 0.151888 2.486731
v -0.116565 0.151888 2.486731
v -0.116565 0.151888 2.500862
v -0.116565 0.151888 2.500862
v -0.116565 0.151888 2.500862
v -0.116565 0.208405 2.536185
v -0.116565 0.208405 2.536185
v -0.116565 0.208405 2.536185
v -0.116565 0.208405 2.536185
v -0.116565 0.187211 2.543249
v -0.116565 0.187211 2.543249
v -0.116565 -0.095372 2.783445
v -0.116565 -0.095372 2.783445
v -0.116565 -0.095372 2.783445
v -0.116565 -0.377956 2.896478
v -0.116565 -0.377956 2.896478
v -0.116565 -0.342633 2.938865
v -0.116565 -0.342633 2.938865
v -0.116565 -0.342633 2.938865
v -0.116565 0.166018 2.960059
v -0.116565 0.166018 2.960059
v -0.116565 0.166018 2.960059
v -0.116565 0.130695 2.981252
v -0.116565 0.130695 2.981252
v -0.116565 0.130695 2.981252
v -0.116565 0.130695 2.981252
v -0.116565 0.130695 2.981252
v -0.116565 -0.003532 3.002447
v -0.116565 -0.003532 3.002447
v -0.116565 -0.003532 3.002447
v -0.116565 -0.003532 3.002447
v -0.116565 -0.067114 3.002447
v -0.116565 -0.067114 3.002447
v -0.116565 -0.067114 3.002447
v -0.116565 0.123631 3.009511
v -0.116565 0.123631 3.009511
v -0.116565 0.123631 3.009511
v -0.116565 -0.095372 3.108415
v -0.116565 -0.095372 3.108415
v -0.116565 -0.095372 3.108415
v -0.116565 0.067114 1.462367
v -0.116565 0.067114 1.462367
v -0.116565 0.123631 1.257496
v -0.116565 0.123631 1.257496
v -0.116565 0.123631 1.257496
v -0.116565 0.123631 1.257496
v -0.116565 -0.717054 0.473326
v -0.116565 -0.717054 0.473326
v -0.116565 -0.717054 0.473326
v -0.123631 -0.024727 2.218279
v -0.123631 -0.024727 2.218279
v -0.123631 -0.024727 2.218279
v -0.123631 -0.286115 2.239471
v -0.123631 -0.286115 2.239471
v -0.123631 -0.286115 2.239471
v -0.123631 -0.286115 2.239471
v -0.123631 -0.286115 2.274794
v -0.123631 -0.286115 2.274794
v -0.123631 -0.286115 2.274794
v -0.123631 -0.264921 2.288924
v -0.123631 -0.264921 2.288924
v -0.123631 -0.264921 2.288924
v -0.123631 -0.264921 2.288924
v -0.123631 -0.264921 2.288924
v -0.123631 -0.264921 2.288924
v -0.123631 -0.264921 2.288924
v -0.123631 -0.271987 2.288924
v -0.123631 -0.271987 2.288924
v -0.123631 -0.271987 2.288924
v -0.123631 -0.271987 2.288924
v -0.123631 -0.271987 2.288924
v -0.123631 -0.271987 2.288924
v -0.123631 -0.271987 2.288924
v -0.123631 -0.264921 2.303053
v -0.123631 -0.264921 2.303053
v -0.123631 -0.264921 2.303053
v -0.123631 -0.264921 2.303053
v -0.123631 -0.264921 2.303053
v -0.123631 -0.271987 2.303053
v -0.123631 -0.271987 2.303053
v -0.123631 -0.271987 2.303053
v -0.123631 -0.271987 2.303053
v -0.123631 -0.243728 2.359570
v -0.123631 -0.243728 2.359570
v -0.123631 -0.243728 2.359570
v -0.123631 -0.243728 2.359570
v -0.123631 -0.243728 2.394893
v -0.123631 -0.243728 2.394893
v -0.123631 -0.243728 2.394893
v -0.123631 -0.243728 2.394893
v -0.123631 -0.243728 2.394893
v -0.123631 -0.187211 2.401957
v -0.123631 -0.187211 2.401957
v -0.123631 -0.187211 2.401957
v -0.123631 -0.187211 2.401957
v -0.123631 -0.187211 2.401957
v -0.123631 -0.180147 2.409021
v -0.123631 -0.180147 2.409021
v -0.123631 -0.180147 2.409021
v -0.123631 -0.158952 2.472603
v -0.123631 -0.158952 2.472603
v -0.123631 -0.158952 2.472603
v -0.123631 -0.158952 2.472603
v -0.123631 -0.187211 2.486731
v -0.123631 -0.187211 2.486731
v -0.123631 -0.187211 2.486731
v -0.123629 0.166018 2.500862
v -0.123629 0.166018 2.500862
v -0.123629 0.166018 2.500862
v -0.123629 0.222534 2.514990
v -0.123629 0.222534 2.514990
v -0.123629 0.222534 2.514990
v -0.123629 0.173082 2.543249
v -0.123629 0.173082 2.543249
v -0.123629 0.102437 2.790509
v -0.123629 0.102437 2.790509
v -0.123629 0.102437 2.790509
v -0.123629 0.102437 2.790509
v -0.123629 0.187211 2.832896
v -0.123629 0.187211 2.832896
v -0.123631 -0.229598 2.839960
v -0.123631 -0.229598 2.839960
v -0.123631 -0.229598 2.839960
v -0.123631 -0.187211 2.952993
v -0.123631 -0.187211 2.952993
v -0.123629 0.130695 2.974188
v -0.123629 0.130695 2.974188
v -0.123629 0.130695 2.974188
v -0.123631 -0.180147 2.974188
v -0.123631 -0.180147 2.974188
v -0.123631 -0.180147 2.974188
v -0.123631 -0.180147 2.974188
v -0.123631 -0.180147 2.974188
v -0.123631 0.017662 2.995382
v -0.123631 0.017662 2.995382
v -0.123631 0.017662 2.995382
v -0.123631 0.017662 2.995382
v -0.123629 0.067114 3.002447
v -0.123629 0.067114 3.002447
v -0.123631 -0.017660 3.002447
v -0.123631 -0.017660 3.002447
v -0.123631 -0.017660 3.002447
v -0.123631 -0.236664 3.002447
v -0.123631 -0.236664 3.002447
v -0.123631 -0.236664 3.002447
v -0.123631 -0.236664 3.002447
v -0.123631 -0.236664 3.002447
v -0.123631 -0.236664 3.002447
v -0.123631 -0.236664 3.002447
v -0.123631 -0.236664 3.016575
v -0.123631 -0.236664 3.016575
v -0.123631 -0.321438 3.115479
v -0.123631 -0.321438 3.115479
v -0.123631 0.024727 1.419980
v -0.123631 0.024727 1.419980
v -0.123631 -0.533376 0.713522
v -0.123631 -0.533376 0.713522
v -0.123631 -0.533376 0.713522
v -0.123631 -0.533376 0.713522
v -0.123631 -0.533376 0.713522
v -0.123631 -0.533376 0.713522
v -0.123631 -0.674667 0.459198
v -0.123631 -0.674667 0.459198
v -0.130695 0.420343 1.963952
v -0.130695 0.420343 1.963952
v -0.130695 0.420343 1.963952
v -0.130695 0.420343 1.963952
v -0.130695 -0.293179 2.218279
v -0.130695 -0.293179 2.218279
v -0.130695 -0.293179 2.218279
v -0.130695 -0.293179 2.218279
v -0.130695 -0.314374 2.232407
v -0.130695 -0.314374 2.232407
v -0.130695 -0.314374 2.232407
v -0.130695 -0.250792 2.253601
v -0.130695 -0.250792 2.253601
v -0.130695 -0.250792 2.253601
v -0.130695 -0.250792 2.253601
v -0.130695 -0.300244 2.253601
v -0.130695 -0.300244 2.253601
v -0.130695 -0.300244 2.253601
v -0.130695 -0.286115 2.260666
v -0.130695 -0.286115 2.260666
v -0.130695 -0.286115 2.260666
v -0.130695 -0.286115 2.260666
v -0.130695 -0.286115 2.260666
v -0.130695 -0.286115 2.260666
v -0.130695 -0.286115 2.260666
v -0.130695 -0.257857 2.295988
v -0.130695 -0.257857 2.295988
v -0.130695 -0.257857 2.295988
v -0.130695 -0.257857 2.295988
v -0.130695 -0.229598 2.338376
v -0.130695 -0.229598 2.338376
v -0.130695 -0.229598 2.338376
v -0.130695 -0.229598 2.338376
v -0.130695 -0.144824 2.472603
v -0.130695 -0.144824 2.472603
v -0.130695 -0.144824 2.472603
v -0.130695 -0.144824 2.472603
v -0.130695 0.166018 2.486731
v -0.130695 0.166018 2.486731
v -0.130695 0.166018 2.486731
v -0.130695 0.201341 2.493796
v -0.130695 0.201341 2.493796
v -0.130695 0.201341 2.493796
v -0.130695 0.201341 2.493796
v -0.130695 0.201341 2.493796
v -0.130695 0.243728 2.500862
v -0.130695 0.243728 2.500862
v -0.130695 0.208405 2.514990
v -0.130695 0.208405 2.514990
v -0.130695 0.208405 2.514990
v -0.130695 0.151888 2.543249
v -0.130695 0.151888 2.543249
v -0.130695 0.151888 2.543249
v -0.130695 0.151888 2.543249
v -0.130695 0.074178 2.635087
v -0.130695 0.074178 2.635087
v -0.130695 0.088308 2.748122
v -0.130695 0.088308 2.748122
v -0.130695 0.088308 2.748122
v -0.130695 0.088308 2.748122
v -0.130695 -0.151888 2.952993
v -0.130695 -0.151888 2.952993
v -0.130695 -0.151888 2.952993
v -0.130695 -0.243728 2.952993
v -0.130695 -0.243728 2.952993
v -0.130695 -0.243728 2.952993
v -0.130695 0.158954 2.967124
v -0.130695 0.158954 2.967124
v -0.130695 -0.158952 2.967124
v -0.130695 -0.158952 2.967124
v -0.130695 -0.123629 2.988316
v -0.130695 -0.123629 2.988316
v -0.130695 -0.123629 2.988316
v -0.130695 -0.123629 2.988316
v -0.130695 -0.045919 3.066028
v -0.130695 -0.045919 3.066028
v -0.130695 -0.045919 3.066028
v -0.130695 -0.045919 3.066028
v -0.130695 -0.045919 3.066028
v -0.130695 -0.060049 3.066028
v -0.130695 -0.060049 3.066028
v -0.130695 -0.060049 3.066028
v -0.130695 -0.060049 3.066028
v -0.130695 -0.060049 3.066028
v -0.130695 -0.081242 3.136674
v -0.130695 -0.081242 3.136674
v -0.130695 -0.081242 3.136674
v -0.130695 -0.081242 3.136674
v -0.130695 -0.561634 0.720586
v -0.130695 -0.561634 0.720586
v -0.130695 -0.561634 0.720586
v -0.137760 -0.293179 2.239471
v -0.137760 -0.293179 2.239471
v -0.137760 -0.293179 2.239471
v -0.137760 -0.293179 2.239471
v -0.137760 -0.293179 2.239471
v -0.137760 -0.293179 2.239471
v -0.137760 -0.293179 2.239471
v -0.137760 -0.279051 2.246535
v -0.137760 -0.279051 2.246535
v -0.137760 -0.279051 2.246535
v -0.137760 -0.279051 2.246535
v -0.137760 -0.264921 2.267730
v -0.137760 -0.264921 2.267730
v -0.137760 -0.264921 2.267730
v -0.137760 -0.264921 2.267730
v -0.137760 -0.264921 2.267730
v -0.137760 -0.222534 2.338376
v -0.137760 -0.222534 2.338376
v -0.137760 -0.222534 2.338376
v -0.137760 -0.222534 2.338376
v -0.137760 -0.222534 2.338376
v -0.137760 -0.222534 2.366634
v -0.137760 -0.222534 2.366634
v -0.137760 -0.222534 2.366634
v -0.137760 0.236664 2.444344
v -0.137760 0.236664 2.444344
v -0.137760 0.236664 2.444344
v -0.137760 0.194277 2.472603
v -0.137760 0.194277 2.472603
v -0.137760 0.194277 2.472603
v -0.137760 -0.038855 2.783445
v -0.137760 -0.038855 2.783445
v -0.137760 -0.038855 2.783445
v -0.137760 0.144824 2.974188
v -0.137760 0.144824 2.974188
v -0.137760 0.144824 2.974188
v -0.137760 0.102437 2.995382
v -0.137760 0.102437 2.995382
v -0.137760 0.102437 2.995382
v -0.137760 0.102437 2.995382
v -0.137760 -0.095372 2.995382
v -0.137760 -0.095372 2.995382
v -0.137760 -0.095372 2.995382
v -0.137760 -0.187211 2.995382
v -0.137760 -0.187211 2.995382
v -0.137760 -0.187211 2.995382
v -0.137760 0.038855 3.016575
v -0.137760 0.038855 3.016575
v -0.137760 -0.250792 3.030705
v -0.137760 -0.250792 3.030705
v -0.137760 -0.286115 3.030705
v -0.137760 -0.286115 3.030705
v -0.137760 -0.286115 3.030705
v -0.137760 -0.286115 3.030705
v -0.137760 -0.286115 3.030705
v -0.137760 -0.158952 3.122544
v -0.137760 -0.158952 3.122544
v -0.137760 -0.158952 3.122544
v -0.137760 -0.158952 3.122544
v -0.137760 0.540440 0.621684
v -0.137760 0.540440 0.621684
v -0.137760 0.646408 0.430939
v -0.137760 0.646408 0.430939
v -0.137760 0.646408 0.430939
v -0.137760 0.646408 0.430939
v -0.137760 -0.724120 0.381488
v -0.144824 -0.286115 2.225343
v -0.144824 -0.286115 2.225343
v -0.144824 -0.286115 2.225343
v -0.144824 -0.293179 2.246535
v -0.144824 -0.293179 2.246535
v -0.144824 -0.293179 2.246535
v -0.144824 -0.279051 2.281858
v -0.144824 -0.279051 2.281858
v -0.144824 -0.279051 2.281858
v -0.144824 -0.243728 2.295988
v -0.144824 -0.243728 2.295988
v -0.144824 -0.243728 2.295988
v -0.144824 -0.243728 2.295988
v -0.144824 -0.229598 2.303053
v -0.144824 -0.229598 2.303053
v -0.144824 -0.229598 2.303053
v -0.144824 -0.229598 2.303053
v -0.144824 -0.229598 2.303053
v -0.144824 -0.229598 2.303053
v -0.144824 -0.222534 2.317181
v -0.144824 -0.222534 2.317181
v -0.144824 -0.222534 2.317181
v -0.144824 -0.222534 2.317181
v -0.144824 -0.222534 2.317181
v -0.144824 -0.222534 2.317181
v -0.144824 -0.208405 2.380763
v -0.144824 -0.208405 2.380763
v -0.144824 -0.208405 2.380763
v -0.144824 0.257857 2.409021
v -0.144824 0.257857 2.409021
v -0.144824 0.257857 2.409021
v -0.144824 0.257857 2.409021
v -0.144824 0.271987 2.430216
v -0.144824 0.271987 2.430216
v -0.144824 0.271987 2.430216
v -0.144824 0.236664 2.444344
v -0.144824 0.236664 2.444344
v -0.144824 0.236664 2.444344
v -0.144824 0.243728 2.479667
v -0.144824 0.243728 2.479667
v -0.144824 0.243728 2.479667
v -0.144824 0.243728 2.479667
v -0.144824 0.123631 2.543249
v -0.144824 0.123631 2.543249
v -0.144824 0.123631 2.543249
v -0.144824 0.123631 2.543249
v -0.144824 0.137760 2.550313
v -0.144824 0.137760 2.550313
v -0.144824 0.137760 2.550313
v -0.144824 0.137760 2.550313
v -0.144824 -0.031791 2.635087
v -0.144824 -0.031791 2.635087
v -0.144824 -0.038855 2.748122
v -0.144824 -0.038855 2.748122
v -0.144824 0.017662 2.790509
v -0.144824 0.017662 2.790509
v -0.144824 -0.151888 2.804637
v -0.144824 -0.151888 2.804637
v -0.144824 -0.081242 2.967124
v -0.144824 -0.081242 2.967124
v -0.144824 -0.081242 2.967124
v -0.144824 -0.116565 2.981252
v -0.144824 -0.116565 2.981252
v -0.144824 -0.116565 2.981252
v -0.144824 -0.116565 2.981252
v -0.144824 0.095372 2.988316
v -0.144824 0.095372 2.988316
v -0.144824 0.095372 2.988316
v -0.144824 0.095372 2.988316
v -0.144824 0.123631 2.988316
v -0.144824 0.123631 2.988316
v -0.144824 0.123631 2.988316
v -0.144824 0.123631 2.988316
v -0.144824 0.109501 1.455303
v -0.144824 0.109501 1.455303
v -0.144824 0.109501 1.455303
v -0.144824 -0.067114 0.734717
v -0.144824 -0.067114 0.734717
v -0.144824 -0.067114 0.734717
v -0.144824 -0.067114 0.734717
v -0.144824 -0.589893 0.501585
v -0.144824 0.724120 0.346165
v -0.144824 0.724120 0.346165
v -0.144824 0.724120 0.346165
v -0.151888 0.017662 1.992211
v -0.151888 -0.052983 2.041664
v -0.151888 -0.052983 2.041664
v -0.151888 -0.307310 2.225343
v -0.151888 -0.307310 2.225343
v -0.151888 -0.307310 2.225343
v -0.151888 -0.307310 2.225343
v -0.151888 -0.236664 2.288924
v -0.151888 -0.236664 2.288924
v -0.151888 -0.236664 2.288924
v -0.151888 -0.236664 2.288924
v -0.151888 0.349697 2.317181
v -0.151888 0.349697 2.317181
v -0.151888 0.349697 2.317181
v -0.151888 -0.215470 2.324247
v -0.151888 -0.215470 2.324247
v -0.151888 -0.215470 2.324247
v -0.151888 0.300246 2.345440
v -0.151888 0.300246 2.345440
v -0.151888 0.300246 2.345440
v -0.151888 0.300246 2.345440
v -0.151888 0.300246 2.345440
v -0.151888 0.314374 2.359570
v -0.151888 0.314374 2.359570
v -0.151888 0.314374 2.359570
v -0.151888 0.314374 2.359570
v -0.151888 0.264923 2.416086
v -0.151888 0.264923 2.416086
v -0.151888 0.236664 2.437280
v -0.151888 0.236664 2.437280
v -0.151888 -0.158952 2.437280
v -0.151888 -0.158952 2.437280
v -0.151888 -0.158952 2.437280
v -0.151888 -0.158952 2.437280
v -0.151888 -0.180147 2.451408
v -0.151888 -0.180147 2.451408
v -0.151888 -0.180147 2.451408
v -0.151888 -0.180147 2.451408
v -0.151888 -0.180147 2.451408
v -0.151888 -0.180147 2.451408
v -0.151888 -0.180147 2.451408
v -0.151888 -0.144824 2.458473
v -0.151888 -0.144824 2.458473
v -0.151888 -0.144824 2.458473
v -0.151888 -0.137760 2.960059
v -0.151888 -0.137760 2.960059
v -0.151888 0.003532 3.002447
v -0.151888 0.003532 3.002447
v -0.151888 0.003532 3.002447
v -0.151888 0.067114 3.002447
v -0.151888 0.067114 3.002447
v -0.151888 0.067114 3.002447
v -0.151888 -0.342633 3.002447
v -0.151888 -0.342633 3.002447
v -0.151888 -0.342633 3.002447
v -0.151888 -0.201341 3.009511
v -0.151888 -0.201341 3.009511
v -0.151888 -0.201341 3.009511
v -0.151888 -0.201341 3.009511
v -0.151888 -0.095372 3.087221
v -0.151888 -0.095372 3.087221
v -0.151888 -0.095372 3.087221
v -0.151888 -0.095372 3.087221
v -0.151888 -0.307310 3.094285
v -0.151888 -0.307310 3.094285
v -0.151888 -0.307310 3.094285
v -0.151888 -0.307310 3.094285
v -0.151888 -0.031791 0.734717
v -0.151888 -0.031791 0.734717
v -0.151888 -0.031791 0.734717
v -0.151888 -0.533376 0.720586
v -0.151888 -0.533376 0.720586
v -0.151888 -0.533376 0.720586
v -0.151888 -0.533376 0.720586
v -0.151888 0.589893 0.494521
v -0.151888 0.589893 0.494521
v -0.158954 -0.222534 2.267730
v -0.158954 -0.222534 2.267730
v -0.158954 -0.222534 2.267730
v -0.158954 -0.222534 2.267730
v -0.158954 -0.222534 2.267730
v -0.158954 -0.222534 2.267730
v -0.158954 -0.222534 2.267730
v -0.158954 -0.250792 2.274794
v -0.158954 -0.250792 2.274794
v -0.158954 -0.250792 2.274794
v -0.158954 -0.250792 2.274794
v -0.158954 -0.229598 2.295988
v -0.158954 -0.229598 2.295988
v -0.158954 -0.229598 2.295988
v -0.158954 -0.229598 2.295988
v -0.158954 -0.236664 2.303053
v -0.158954 -0.236664 2.303053
v -0.158954 -0.236664 2.303053
v -0.158954 -0.236664 2.303053
v -0.158952 0.321438 2.324247
v -0.158952 0.321438 2.324247
v -0.158952 0.321438 2.324247
v -0.158952 0.321438 2.324247
v -0.158952 0.335568 2.338376
v -0.158952 0.335568 2.338376
v -0.158952 0.335568 2.338376
v -0.158952 0.335568 2.338376
v -0.158954 -0.194275 2.345440
v -0.158954 -0.194275 2.345440
v -0.158954 -0.194275 2.345440
v -0.158954 -0.194275 2.345440
v -0.158954 -0.194275 2.345440
v -0.158954 -0.187211 2.359570
v -0.158954 -0.187211 2.359570
v -0.158954 -0.187211 2.359570
v -0.158952 0.300246 2.373698
v -0.158952 0.300246 2.373698
v -0.158952 0.300246 2.373698
v -0.158952 0.300246 2.373698
v -0.158952 0.300246 2.373698
v -0.158952 0.300246 2.373698
v -0.158952 0.300246 2.373698
v -0.158952 0.300246 2.380763
v -0.158952 0.300246 2.380763
v -0.158954 -0.194275 2.380763
v -0.158954 -0.194275 2.380763
v -0.158954 -0.180147 2.394893
v -0.158954 -0.180147 2.394893
v -0.158954 -0.180147 2.394893
v -0.158954 -0.180147 2.394893
v -0.158952 0.257857 2.416086
v -0.158952 0.257857 2.416086
v -0.158952 0.257857 2.416086
v -0.158954 -0.208405 2.416086
v -0.158954 -0.208405 2.416086
v -0.158954 -0.208405 2.416086
v -0.158954 -0.208405 2.416086
v -0.158954 -0.208405 2.416086
v -0.158954 -0.208405 2.416086
v -0.158952 0.236664 2.479667
v -0.158952 0.236664 2.479667
v -0.158952 0.236664 2.479667
v -0.158952 0.236664 2.479667
v -0.158952 0.222534 2.522054
v -0.158952 0.222534 2.522054
v -0.158952 0.222534 2.522054
v -0.158952 0.222534 2.522054
v -0.158952 0.222534 2.522054
v -0.158952 0.088308 2.536185
v -0.158952 0.088308 2.536185
v -0.158952 0.088308 2.536185
v -0.158952 0.180147 2.550313
v -0.158952 0.180147 2.550313
v -0.158952 0.180147 2.550313
v -0.158954 -0.088306 2.811702
v -0.158952 0.116565 2.967124
v -0.158952 0.116565 2.967124
v -0.158952 0.116565 2.967124
v -0.158952 0.116565 2.967124
v -0.158952 -0.010596 2.967124
v -0.158952 -0.010596 2.967124
v -0.158952 -0.010596 2.967124
v -0.158954 -0.293179 2.967124
v -0.158954 -0.293179 2.967124
v -0.158954 -0.293179 2.967124
v -0.158952 0.031791 2.995382
v -0.158952 0.031791 2.995382
v -0.158954 -0.215470 3.009511
v -0.158954 -0.215470 3.009511
v -0.158954 -0.130695 3.066028
v -0.158954 -0.130695 3.066028
v -0.158954 -0.130695 3.066028
v -0.158954 -0.314374 3.080156
v -0.158954 -0.314374 3.080156
v -0.158954 -0.314374 3.080156
v -0.158954 -0.314374 3.080156
v -0.158952 0.024727 1.363465
v -0.158952 0.024727 1.363465
v -0.158952 0.024727 1.363465
v -0.158954 -0.688797 0.452134
v -0.158954 -0.688797 0.452134
v -0.158954 -0.688797 0.452134
v -0.158954 -0.688797 0.452134
v -0.158954 -0.688797 0.452134
v -0.158954 -0.681731 0.416811
v -0.166018 0.257857 2.133502
v -0.166018 0.257857 2.133502
v -0.166018 0.257857 2.133502
v -0.166018 0.257857 2.133502
v -0.166018 0.257857 2.133502
v -0.166018 -0.236664 2.288924
v -0.166018 -0.236664 2.288924
v -0.166018 -0.236664 2.288924
v -0.166018 -0.236664 2.288924
v -0.166018 -0.236664 2.288924
v -0.166018 -0.236664 2.288924
v -0.166018 -0.236664 2.288924
v -0.166018 -0.236664 2.288924
v -0.166018 0.335568 2.303053
v -0.166018 0.335568 2.303053
v -0.166018 0.335568 2.303053
v -0.166018 0.335568 2.303053
v -0.166018 -0.229598 2.303053
v -0.166018 -0.229598 2.303053
v -0.166018 -0.229598 2.303053
v -0.166018 -0.229598 2.303053
v -0.166018 0.335568 2.331311
v -0.166018 0.335568 2.331311
v -0.166018 0.335568 2.331311
v -0.166018 0.335568 2.331311
v -0.166018 0.335568 2.331311
v -0.166018 0.335568 2.331311
v -0.166018 0.335568 2.331311
v -0.166018 0.335568 2.331311
v -0.166018 0.321438 2.345440
v -0.166018 0.321438 2.345440
v -0.166018 0.321438 2.345440
v -0.166018 0.321438 2.345440
v -0.166018 0.321438 2.345440
v -0.166018 0.321438 2.345440
v -0.166018 0.321438 2.345440
v -0.166018 0.321438 2.345440
v -0.166018 0.293179 2.373698
v -0.166018 0.293179 2.373698
v -0.166018 0.293179 2.373698
v -0.166018 0.293179 2.373698
v -0.166018 0.293179 2.373698
v -0.166018 0.286115 2.387827
v -0.166018 0.286115 2.387827
v -0.166018 0.286115 2.387827
v -0.166018 0.286115 2.387827
v -0.166018 -0.173082 2.416086
v -0.166018 -0.173082 2.416086
v -0.166018 -0.173082 2.416086
v -0.166018 -0.173082 2.416086
v -0.166018 -0.151888 2.423150
v -0.166018 -0.151888 2.423150
v -0.166018 -0.151888 2.423150
v -0.166018 0.243728 2.458473
v -0.166018 0.243728 2.458473
v -0.166018 0.243728 2.458473
v -0.166018 0.173082 2.479667
v -0.166018 0.173082 2.479667
v -0.166018 0.173082 2.479667
v -0.166018 0.173082 2.479667
v -0.166018 0.173082 2.479667
v -0.166018 0.173082 2.479667
v -0.166018 0.173082 2.479667
v -0.166018 0.173082 2.479667
v -0.166018 0.173082 2.479667
v -0.166018 0.173082 2.479667
v -0.166018 0.173082 2.479667
v -0.166018 0.173082 2.479667
v -0.166018 0.173082 2.479667
v -0.166018 0.173082 2.479667
v -0.166018 0.109501 2.536185
v -0.166018 0.109501 2.536185
v -0.166018 0.109501 2.536185
v -0.166018 0.109501 2.536185
v -0.166018 0.123631 2.811702
v -0.166018 0.123631 2.811702
v -0.166018 0.123631 2.811702
v -0.166018 -0.045919 2.811702
v -0.166018 -0.173082 2.910606
v -0.166018 -0.173082 2.910606
v -0.166018 -0.173082 2.910606
v -0.166018 -0.045919 2.960059
v -0.166018 -0.045919 2.960059
v -0.166018 -0.045919 2.960059
v -0.166018 -0.045919 2.960059
v -0.166018 -0.052983 2.960059
v -0.166018 -0.052983 2.960059
v -0.166018 -0.052983 2.960059
v -0.166018 -0.052983 2.960059
v -0.166018 -0.052983 2.960059
v -0.166018 0.017662 2.988316
v -0.166018 0.017662 2.988316
v -0.166018 0.017662 2.988316
v -0.166018 0.017662 2.988316
v -0.166018 -0.144824 3.087221
v -0.166018 -0.144824 3.087221
v -0.166018 -0.144824 3.087221
v -0.166018 -0.144824 3.087221
v -0.166018 -0.144824 3.087221
v -0.166018 -0.088306 3.101351
v -0.166018 -0.088306 3.101351
v -0.166018 -0.088306 3.101351
v -0.166018 -0.052983 0.755909
v -0.166018 -0.052983 0.755909
v -0.166018 -0.052983 0.755909
v -0.166018 -0.052983 0.755909
v -0.166018 -0.540440 0.671135
v -0.166018 -0.540440 0.671135
v -0.166018 -0.540440 0.671135
v -0.166018 -0.540440 0.671135
v -0.166018 -0.540440 0.671135
v -0.166018 -0.540440 0.671135
v -0.166018 -0.540440 0.671135
v -0.166018 -0.540440 0.671135
v -0.173082 -0.406212 2.034598
v -0.173082 -0.406212 2.034598
v -0.173082 -0.406212 2.034598
v -0.173082 -0.257857 2.253601
v -0.173082 -0.257857 2.253601
v -0.173082 -0.257857 2.253601
v -0.173082 -0.257857 2.253601
v -0.173082 -0.250792 2.281858
v -0.173082 -0.250792 2.281858
v -0.173082 -0.250792 2.281858
v -0.173082 -0.250792 2.281858
v -0.173082 0.328502 2.317181
v -0.173082 0.328502 2.317181
v -0.173082 0.356761 2.317181
v -0.173082 0.356761 2.317181
v -0.173082 0.356761 2.317181
v -0.173082 0.356761 2.317181
v -0.173082 0.335568 2.338376
v -0.173082 0.335568 2.338376
v -0.173082 0.335568 2.338376
v -0.173082 0.335568 2.338376
v -0.173082 0.321438 2.366634
v -0.173082 0.321438 2.366634
v -0.173082 0.321438 2.366634
v -0.173082 0.321438 2.366634
v -0.173082 0.286115 2.380763
v -0.173082 0.286115 2.380763
v -0.173082 0.286115 2.380763
v -0.173082 -0.102437 2.394893
v -0.173082 0.229600 2.437280
v -0.173082 0.229600 2.437280
v -0.173082 0.109501 2.514990
v -0.173082 0.109501 2.514990
v -0.173082 0.109501 2.514990
v -0.173082 0.109501 2.514990
v -0.173082 0.109501 2.514990
v -0.173082 -0.031791 2.522054
v -0.173082 -0.031791 2.522054
v -0.173082 -0.166018 2.854091
v -0.173082 -0.166018 2.854091
v -0.173082 -0.052983 2.917670
v -0.173082 -0.052983 2.917670
v -0.173082 -0.052983 2.917670
v -0.173082 -0.052983 2.917670
v -0.173082 0.052985 2.967124
v -0.173082 0.052985 2.967124
v -0.173082 0.060049 2.981252
v -0.173082 0.060049 2.981252
v -0.173082 0.060049 2.981252
v -0.173082 0.060049 2.981252
v -0.180147 -0.257857 2.225343
v -0.180147 -0.257857 2.225343
v -0.180147 -0.257857 2.225343
v -0.180147 -0.243728 2.239471
v -0.180147 -0.243728 2.239471
v -0.180147 -0.243728 2.239471
v -0.180147 -0.243728 2.239471
v -0.180147 -0.243728 2.239471
v -0.180147 -0.243728 2.239471
v -0.180147 -0.243728 2.239471
v -0.180147 -0.243728 2.239471
v -0.180147 -0.236664 2.246535
v -0.180147 -0.236664 2.246535
v -0.180147 -0.236664 2.246535
v -0.180147 -0.236664 2.246535
v -0.180147 -0.236664 2.260666
v -0.180147 -0.236664 2.260666
v -0.180147 -0.236664 2.260666
v -0.180147 -0.236664 2.260666
v -0.180147 -0.236664 2.260666
v -0.180147 -0.236664 2.260666
v -0.180147 -0.236664 2.260666
v -0.180147 -0.236664 2.260666
v -0.180147 -0.229598 2.281858
v -0.180147 -0.229598 2.281858
v -0.180147 -0.229598 2.281858
v -0.180147 -0.229598 2.281858
v -0.180147 0.335568 2.310117
v -0.180147 0.335568 2.310117
v -0.180147 0.335568 2.310117
v -0.180147 0.321438 2.331311
v -0.180147 0.321438 2.331311
v -0.180147 0.321438 2.331311
v -0.180147 0.321438 2.331311
v -0.180147 0.300246 2.352504
v -0.180147 0.300246 2.352504
v -0.180147 0.300246 2.352504
v -0.180147 0.300246 2.352504
v -0.180147 0.222534 2.437280
v -0.180147 0.222534 2.437280
v -0.180147 0.222534 2.437280
v -0.180147 0.222534 2.437280
v -0.180147 0.236664 2.444344
v -0.180147 0.236664 2.444344
v -0.180147 0.144824 2.543249
v -0.180147 0.144824 2.543249
v -0.180147 0.144824 2.543249
v -0.180147 0.144824 2.543249
v -0.180147 0.144824 2.543249
v -0.180147 0.144824 2.543249
v -0.180147 0.144824 2.543249
v -0.180147 -0.010596 2.811702
v -0.180147 0.144824 2.917670
v -0.180147 0.144824 2.917670
v -0.180147 0.144824 2.917670
v -0.180147 -0.081242 2.917670
v -0.180147 -0.081242 2.917670
v -0.180147 -0.151888 2.924736
v -0.180147 -0.151888 2.924736
v -0.180147 -0.151888 2.924736
v -0.180147 0.088308 2.967124
v -0.180147 0.088308 2.967124
v -0.180147 0.116565 1.398788
v -0.180147 0.116565 1.398788
v -0.180147 0.116565 1.398788
v -0.180147 0.625216 0.635812
v -0.180147 0.625216 0.635812
v -0.180147 0.625216 0.635812
v -0.180147 0.625216 0.635812
v -0.180147 0.625216 0.635812
v -0.187211 -0.243728 2.218279
v -0.187211 -0.243728 2.218279
v -0.187211 -0.243728 2.218279
v -0.187211 -0.243728 2.218279
v -0.187211 -0.236664 2.253601
v -0.187211 -0.236664 2.253601
v -0.187211 -0.236664 2.253601
v -0.187211 -0.236664 2.253601
v -0.187211 -0.250792 2.253601
v -0.187211 -0.250792 2.253601
v -0.187211 -0.250792 2.253601
v -0.187211 -0.250792 2.253601
v -0.187211 -0.003532 2.274794
v -0.187211 -0.003532 2.274794
v -0.187211 -0.003532 2.274794
v -0.187211 -0.144824 2.345440
v -0.187211 -0.144824 2.345440
v -0.187211 -0.137760 2.359570
v -0.187211 -0.137760 2.359570
v -0.187211 -0.137760 2.359570
v -0.187211 -0.137760 2.359570
v -0.187211 -0.137760 2.359570
v -0.187211 -0.137760 2.359570
v -0.187211 0.250792 2.409021
v -0.187211 0.250792 2.409021
v -0.187211 0.250792 2.409021
v -0.187211 0.250792 2.409021
v -0.187211 0.137760 2.465539
v -0.187211 0.137760 2.465539
v -0.187211 0.102437 2.514990
v -0.187211 0.102437 2.514990
v -0.187211 0.102437 2.514990
v -0.187211 0.102437 2.514990
v -0.187211 0.060049 2.818768
v -0.187211 0.060049 2.818768
v -0.187211 -0.052983 2.861155
v -0.187211 -0.052983 2.861155
v -0.187211 -0.052983 2.861155
v -0.187211 -0.236664 3.009511
v -0.187211 -0.236664 3.009511
v -0.187211 -0.236664 3.009511
v -0.187211 -0.236664 3.009511
v -0.187211 -0.264921 3.030705
v -0.187211 -0.264921 3.030705
v -0.187211 -0.264921 3.030705
v -0.187211 -0.264921 3.030705
v -0.187211 -0.264921 3.030705
v -0.187211 -0.264921 3.044834
v -0.187211 -0.264921 3.044834
v -0.187211 -0.264921 3.044834
v -0.187211 -0.264921 3.044834
v -0.187211 -0.300244 3.058962
v -0.187211 -0.300244 3.058962
v -0.187211 -0.300244 3.058962
v -0.187211 -0.300244 3.058962
v -0.187211 0.067114 1.356399
v -0.187211 0.067114 1.356399
v -0.187211 0.490988 0.727653
v -0.187211 -0.596957 0.657007
v -0.187211 -0.596957 0.657007
v -0.187211 -0.596957 0.657007
v -0.187211 0.681731 0.529843
v -0.187211 0.681731 0.529843
v -0.187211 -0.709990 0.381488
v -0.194275 0.455666 1.992211
v -0.194275 0.455666 1.992211
v -0.194275 0.455666 1.992211
v -0.194275 0.455666 1.992211
v -0.194277 -0.335567 2.069921
v -0.194277 -0.335567 2.069921
v -0.194277 -0.166018 2.260666
v -0.194277 -0.166018 2.260666
v -0.194277 -0.208405 2.260666
v -0.194277 -0.208405 2.260666
v -0.194277 -0.208405 2.267730
v -0.194277 -0.208405 2.267730
v -0.194277 -0.208405 2.267730
v -0.194277 -0.208405 2.267730
v -0.194277 -0.201341 2.281858
v -0.194277 -0.201341 2.281858
v -0.194277 -0.201341 2.281858
v -0.194277 -0.201341 2.281858
v -0.194275 0.279051 2.373698
v -0.194275 0.279051 2.373698
v -0.194275 0.279051 2.373698
v -0.194275 0.243728 2.409021
v -0.194275 0.243728 2.409021
v -0.194275 0.243728 2.409021
v -0.194275 0.144824 2.451408
v -0.194275 0.144824 2.451408
v -0.194275 0.158954 2.451408
v -0.194275 0.158954 2.451408
v -0.194275 0.158954 2.451408
v -0.194275 0.158954 2.451408
v -0.194275 0.158954 2.451408
v -0.194275 0.158954 2.451408
v -0.194275 0.151888 2.458473
v -0.194275 0.151888 2.458473
v -0.194275 0.222534 2.486731
v -0.194275 0.222534 2.486731
v -0.194275 0.222534 2.486731
v -0.194275 0.222534 2.486731
v -0.194275 0.222534 2.486731
v -0.194275 0.137760 2.861155
v -0.194275 0.137760 2.861155
v -0.194275 0.137760 2.861155
v -0.194277 -0.088306 2.861155
v -0.194277 -0.088306 2.861155
v -0.194277 -0.088306 2.861155
v -0.194277 -0.024727 2.924736
v -0.194277 -0.024727 2.924736
v -0.194277 -0.024727 2.924736
v -0.194277 0.038855 2.967124
v -0.194277 0.038855 2.967124
v -0.194275 0.512181 0.720586
v -0.194275 0.512181 0.720586
v -0.194275 0.512181 0.685264
v -0.194275 0.512181 0.685264
v -0.194275 0.505117 0.678199
v -0.194275 0.505117 0.678199
v -0.194275 0.575763 0.671135
v -0.194275 0.575763 0.671135
v -0.194275 0.575763 0.671135
v -0.194275 0.646408 0.579295
v -0.194275 0.646408 0.579295
v -0.194275 0.646408 0.579295
v -0.194275 0.512181 0.558102
v -0.194275 0.512181 0.558102
v -0.194275 0.589893 0.522779
v -0.194275 0.589893 0.522779
v -0.194275 0.646408 0.508649
v -0.194275 0.646408 0.508649
v -0.194277 -0.632280 0.487456
v -0.194277 -0.632280 0.487456
v -0.194277 -0.632280 0.487456
v -0.194277 -0.632280 0.487456
v -0.194277 -0.632280 0.487456
v -0.194277 -0.632280 0.487456
v -0.201341 -0.017660 1.935695
v -0.201341 -0.017660 1.935695
v -0.201341 -0.017660 1.935695
v -0.201341 -0.279051 2.105244
v -0.201341 -0.279051 2.105244
v -0.201341 -0.279051 2.105244
v -0.201341 -0.257857 2.225343
v -0.201341 -0.257857 2.225343
v -0.201341 -0.257857 2.225343
v -0.201341 -0.257857 2.225343
v -0.201341 -0.236664 2.232407
v -0.201341 -0.236664 2.232407
v -0.201341 -0.236664 2.232407
v -0.201341 0.279051 2.338376
v -0.201341 0.279051 2.338376
v -0.201341 0.279051 2.338376
v -0.201341 0.279051 2.338376
v -0.201341 0.279051 2.338376
v -0.201341 0.279051 2.338376
v -0.201341 0.293179 2.352504
v -0.201341 0.293179 2.352504
v -0.201341 0.293179 2.352504
v -0.201341 0.279051 2.366634
v -0.201341 0.279051 2.366634
v -0.201341 0.279051 2.366634
v -0.201341 0.279051 2.366634
v -0.201341 0.264923 2.373698
v -0.201341 0.264923 2.373698
v -0.201341 0.264923 2.373698
v -0.201341 0.264923 2.373698
v -0.201341 0.264923 2.373698
v -0.201341 0.264923 2.373698
v -0.201341 0.264923 2.373698
v -0.201341 0.222534 2.430216
v -0.201341 0.222534 2.430216
v -0.201341 0.222534 2.430216
v -0.201341 0.201341 2.437280
v -0.201341 0.201341 2.437280
v -0.201341 0.201341 2.437280
v -0.201341 0.201341 2.437280
v -0.201341 0.137760 2.451408
v -0.201341 0.137760 2.451408
v -0.201341 0.137760 2.451408
v -0.201341 0.137760 2.451408
v -0.201341 0.130695 2.458473
v -0.201341 0.130695 2.458473
v -0.201341 0.095372 2.500862
v -0.201341 0.095372 2.500862
v -0.201341 0.095372 2.500862
v -0.201341 -0.024727 2.868219
v -0.201341 -0.024727 2.868219
v -0.201341 -0.137760 2.903542
v -0.201341 -0.137760 2.903542
v -0.201341 -0.024727 2.938865
v -0.201341 -0.024727 2.938865
v -0.201341 -0.081242 2.938865
v -0.201341 -0.081242 2.938865
v -0.201341 -0.116565 2.952993
v -0.201341 -0.116565 2.952993
v -0.201341 -0.116565 2.952993
v -0.201341 -0.116565 2.952993
v -0.201341 -0.116565 2.952993
v -0.201341 -0.568698 0.685264
v -0.201341 -0.568698 0.685264
v -0.201341 0.618152 0.551038
v -0.201341 0.618152 0.551038
v -0.201341 0.618152 0.551038
v -0.201341 0.618152 0.551038
v -0.201341 0.618152 0.551038
v -0.201341 -0.547504 0.543972
v -0.201341 -0.547504 0.543972
v -0.208405 -0.088306 1.992211
v -0.208405 -0.088306 1.992211
v -0.208405 -0.088306 1.992211
v -0.208405 -0.088306 1.992211
v -0.208405 -0.102437 2.112310
v -0.208405 -0.102437 2.112310
v -0.208405 -0.158952 2.303053
v -0.208405 -0.158952 2.303053
v -0.208405 -0.151888 2.317181
v -0.208405 -0.151888 2.317181
v -0.208405 -0.151888 2.317181
v -0.208405 -0.151888 2.317181
v -0.208405 -0.151888 2.317181
v -0.208405 -0.151888 2.317181
v -0.208405 0.307310 2.331311
v -0.208405 0.307310 2.331311
v -0.208405 0.307310 2.331311
v -0.208405 0.271987 2.366634
v -0.208405 0.271987 2.366634
v -0.208405 0.271987 2.366634
v -0.208405 0.271987 2.366634
v -0.208405 0.279051 2.366634
v -0.208405 0.279051 2.366634
v -0.208405 0.279051 2.366634
v -0.208405 0.279051 2.366634
v -0.208405 0.279051 2.366634
v -0.208405 0.279051 2.366634
v -0.208405 0.279051 2.366634
v -0.208405 0.271987 2.373698
v -0.208405 0.271987 2.373698
v -0.208405 0.271987 2.373698
v -0.208405 0.271987 2.373698
v -0.208405 0.271987 2.373698
v -0.208405 0.271987 2.373698
v -0.208405 0.271987 2.373698
v -0.208405 0.045919 2.416086
v -0.208405 0.208405 2.423150
v -0.208405 0.208405 2.423150
v -0.208405 0.208405 2.423150
v -0.208405 0.208405 2.423150
v -0.208405 0.102437 2.486731
v -0.208405 0.102437 2.486731
v -0.208405 0.102437 2.486731
v -0.208405 0.130695 2.514990
v -0.208405 0.130695 2.514990
v -0.208405 0.130695 2.514990
v -0.208405 0.130695 2.514990
v -0.208405 0.130695 2.514990
v -0.208405 -0.102437 2.903542
v -0.208405 -0.102437 2.903542
v -0.208405 -0.102437 2.903542
v -0.208405 0.060049 2.924736
v -0.208405 -0.533376 0.692330
v -0.208405 -0.533376 0.692330
v -0.208405 -0.646408 0.579295
v -0.208405 -0.646408 0.579295
v -0.208405 -0.646408 0.579295
v -0.208405 -0.646408 0.579295
v -0.208405 -0.674667 0.487456
v -0.208405 -0.674667 0.487456
v -0.208405 -0.674667 0.487456
v -0.208405 0.695862 0.367357
v -0.208405 0.695862 0.367357
v -0.208405 -0.731185 0.324970
v -0.215470 0.123631 1.978082
v -0.215470 0.123631 1.978082
v -0.215470 0.321438 2.310117
v -0.215470 0.321438 2.310117
v -0.215470 0.321438 2.310117
v -0.215470 0.300246 2.317181
v -0.215470 0.300246 2.317181
v -0.215470 0.300246 2.317181
v -0.215470 0.293179 2.331311
v -0.215470 0.293179 2.331311
v -0.215470 0.293179 2.331311
v -0.215470 0.293179 2.331311
v -0.215470 0.293179 2.331311
v -0.215470 0.293179 2.331311
v -0.215470 0.293179 2.331311
v -0.215470 0.293179 2.331311
v -0.215470 0.264923 2.373698
v -0.215470 0.264923 2.373698
v -0.215470 0.264923 2.373698
v -0.215470 0.264923 2.373698
v -0.215470 0.173082 2.430216
v -0.215470 0.173082 2.430216
v -0.215470 0.109501 2.465539
v -0.215470 0.109501 2.465539
v -0.215470 0.109501 2.465539
v -0.215470 0.052985 2.931801
v -0.215470 0.052985 2.931801
v -0.215470 0.010596 2.952993
v -0.215470 0.010596 2.952993
v -0.215470 0.010596 2.952993
v -0.215470 0.010596 2.952993
v -0.215470 -0.476858 0.727653
v -0.222534 0.307310 2.295988
v -0.222534 0.307310 2.295988
v -0.222534 0.307310 2.295988
v -0.222534 0.307310 2.295988
v -0.222534 0.300246 2.317181
v -0.222534 0.300246 2.317181
v -0.222534 0.300246 2.317181
v -0.222534 0.300246 2.317181
v -0.222534 0.300246 2.317181
v -0.222534 0.300246 2.317181
v -0.222534 0.279051 2.345440
v -0.222534 0.279051 2.345440
v -0.222534 0.279051 2.345440
v -0.222534 0.293179 2.359570
v -0.222534 0.293179 2.359570
v -0.222534 0.293179 2.359570
v -0.222534 -0.031791 2.359570
v -0.222534 -0.031791 2.359570
v -0.222534 0.187211 2.423150
v -0.222534 0.187211 2.423150
v -0.222534 0.187211 2.423150
v -0.222534 0.166018 2.430216
v -0.222534 0.166018 2.430216
v -0.222534 0.166018 2.430216
v -0.222534 0.166018 2.430216
v -0.222534 0.166018 2.430216
v -0.222534 0.173082 2.430216
v -0.222534 0.173082 2.430216
v -0.222534 0.158954 2.437280
v -0.222534 0.158954 2.437280
v -0.222534 0.166018 2.437280
v -0.222534 0.166018 2.437280
v -0.222534 0.166018 2.437280
v -0.222534 0.158954 2.444344
v -0.222534 0.158954 2.444344
v -0.222534 0.158954 2.444344
v -0.222534 0.158954 2.444344
v -0.222534 0.194277 2.458473
v -0.222534 0.194277 2.458473
v -0.222534 0.194277 2.458473
v -0.222534 0.194277 2.458473
v -0.222534 0.194277 2.458473
v -0.222534 0.194277 2.458473
v -0.222534 0.194277 2.458473
v -0.222534 0.052985 2.875283
v -0.222534 0.052985 2.875283
v -0.222534 0.052985 2.875283
v -0.222534 -0.003532 2.903542
v -0.222534 -0.003532 2.903542
v -0.222534 -0.003532 2.903542
v -0.222534 0.031791 2.910606
v -0.222534 0.031791 2.910606
v -0.222534 -0.498053 0.678199
v -0.222534 -0.498053 0.678199
v -0.222534 -0.498053 0.558102
v -0.222534 -0.498053 0.558102
v -0.222534 -0.498053 0.558102
v -0.229600 -0.109501 2.260666
v -0.229598 0.250792 2.310117
v -0.229598 0.250792 2.310117
v -0.229598 0.293179 2.324247
v -0.229598 0.293179 2.324247
v -0.229598 0.293179 2.324247
v -0.229598 0.307310 2.331311
v -0.229598 0.307310 2.331311
v -0.229598 0.307310 2.331311
v -0.229598 0.307310 2.331311
v -0.229600 -0.095372 2.331311
v -0.229600 -0.095372 2.331311
v -0.229600 -0.095372 2.331311
v -0.229600 -0.095372 2.331311
v -0.229600 -0.088306 2.345440
v -0.229600 -0.088306 2.345440
v -0.229600 -0.088306 2.345440
v -0.229600 -0.088306 2.345440
v -0.229598 0.194277 2.394893
v -0.229598 0.194277 2.394893
v -0.229598 0.194277 2.394893
v -0.229598 0.194277 2.394893
v -0.229598 0.194277 2.394893
v -0.229598 0.151888 2.416086
v -0.229598 0.151888 2.416086
v -0.229598 0.151888 2.416086
v -0.229598 0.151888 2.416086
v -0.229598 0.144824 2.423150
v -0.229598 0.144824 2.423150
v -0.229598 0.144824 2.423150
v -0.229598 0.137760 2.444344
v -0.229598 0.137760 2.444344
v -0.229598 0.137760 2.444344
v -0.229598 0.123631 2.451408
v -0.229598 0.123631 2.451408
v -0.229598 0.151888 2.479667
v -0.229598 0.151888 2.479667
v -0.229598 0.151888 2.479667
v -0.229598 0.151888 2.479667
v -0.229598 0.151888 2.479667
v -0.229600 -0.498053 0.720586
v -0.229600 -0.498053 0.720586
v -0.229600 -0.498053 0.720586
v -0.229600 -0.498053 0.685264
v -0.229600 -0.498053 0.685264
v -0.229598 0.554570 0.635812
v -0.229598 0.554570 0.635812
v -0.229598 0.554570 0.635812
v -0.229598 0.554570 0.635812
v -0.229598 0.554570 0.635812
v -0.229598 0.554570 0.635812
v -0.229600 -0.568698 0.579295
v -0.229600 -0.568698 0.579295
v -0.229600 -0.568698 0.579295
v -0.229600 -0.568698 0.579295
v -0.229598 0.681731 0.452134
v -0.229598 0.681731 0.452134
v -0.229598 0.681731 0.452134
v -0.236664 0.321438 2.310117
v -0.236664 0.321438 2.310117
v -0.236664 0.321438 2.310117
v -0.236664 0.187211 2.401957
v -0.236664 0.187211 2.401957
v -0.236664 0.187211 2.401957
v -0.236664 0.187211 2.401957
v -0.236664 0.187211 2.401957
v -0.236664 0.074178 2.409021
v -0.236664 0.074178 2.409021
v -0.236664 0.074178 2.409021
v -0.236664 0.074178 2.409021
v -0.236664 0.074178 2.409021
v -0.236664 0.137760 2.409021
v -0.236664 -0.024727 3.051898
v -0.236664 0.625216 0.445069
v -0.236664 0.632280 0.211937
v -0.236664 0.632280 0.211937
v -0.243728 -0.243728 2.161761
v -0.243728 -0.243728 2.161761
v -0.243728 -0.243728 2.161761
v -0.243728 -0.243728 2.161761
v -0.243728 -0.187211 2.168825
v -0.243728 -0.187211 2.168825
v -0.243728 -0.187211 2.168825
v -0.243728 -0.166018 2.232407
v -0.243728 -0.166018 2.232407
v -0.243728 -0.158952 2.246535
v -0.243728 -0.158952 2.246535
v -0.243728 -0.158952 2.246535
v -0.243728 -0.158952 2.246535
v -0.243728 -0.158952 2.246535
v -0.243728 -0.158952 2.246535
v -0.243728 0.300246 2.310117
v -0.243728 0.300246 2.310117
v -0.243728 0.300246 2.310117
v -0.243728 0.201341 2.331311
v -0.243728 0.201341 2.331311
v -0.243728 0.201341 2.331311
v -0.243728 0.201341 2.331311
v -0.243728 0.201341 2.331311
v -0.243728 0.201341 2.352504
v -0.243728 0.201341 2.352504
v -0.243728 0.201341 2.352504
v -0.243728 0.201341 2.352504
v -0.243728 0.201341 2.352504
v -0.243728 0.194277 2.366634
v -0.243728 0.194277 2.366634
v -0.243728 0.194277 2.366634
v -0.243728 0.194277 2.366634
v -0.243728 0.194277 2.366634
v -0.243728 0.194277 2.366634
v -0.243728 0.194277 2.366634
v -0.243728 0.081242 2.394893
v -0.243728 0.081242 2.394893
v -0.243728 0.151888 2.401957
v -0.243728 0.151888 2.401957
v -0.243728 0.151888 2.401957
v -0.243728 0.151888 2.401957
v -0.243728 0.173082 2.409021
v -0.243728 0.173082 2.409021
v -0.243728 0.173082 2.409021
v -0.243728 -0.088306 1.617789
v -0.243728 -0.088306 1.617789
v -0.243728 0.547506 0.494521
v -0.243728 0.547506 0.494521
v -0.243728 0.547506 0.494521
v -0.243728 -0.639344 0.487456
v -0.243728 -0.639344 0.487456
v -0.243728 -0.639344 0.487456
v -0.250792 -0.102437 2.288924
v -0.250792 -0.102437 2.288924
v -0.250792 -0.102437 2.288924
v -0.250792 -0.102437 2.288924
v -0.250792 -0.102437 2.303053
v -0.250792 -0.102437 2.303053
v -0.250792 -0.102437 2.303053
v -0.250792 -0.102437 2.303053
v -0.250792 0.215470 2.338376
v -0.250792 0.215470 2.338376
v -0.250792 0.215470 2.338376
v -0.250792 -0.038855 2.352504
v -0.250792 -0.038855 2.352504
v -0.250792 -0.038855 2.352504
v -0.250792 0.187211 2.359570
v -0.250792 0.187211 2.359570
v -0.250792 0.187211 2.359570
v -0.250792 0.201341 2.359570
v -0.250792 0.201341 2.359570
v -0.250792 0.201341 2.359570
v -0.250792 0.201341 2.359570
v -0.250792 0.201341 2.359570
v -0.250792 0.208405 2.366634
v -0.250792 0.208405 2.366634
v -0.250792 0.208405 2.366634
v -0.250792 0.208405 2.366634
v -0.250792 0.017662 2.373698
v -0.250792 0.017662 2.373698
v -0.250792 0.017662 2.373698
v -0.250792 0.017662 2.373698
v -0.250792 0.166018 2.409021
v -0.250792 0.166018 2.409021
v -0.250792 0.166018 2.409021
v -0.250792 0.166018 2.409021
v -0.250792 -0.024727 1.695499
v -0.250792 -0.024727 1.695499
v -0.250792 -0.024727 1.695499
v -0.250792 -0.540440 0.657007
v -0.250792 -0.540440 0.657007
v -0.250792 -0.490988 0.642876
v -0.250792 -0.490988 0.642876
v -0.250792 -0.575763 0.607553
v -0.250792 -0.575763 0.607553
v -0.250792 -0.575763 0.607553
v -0.250792 -0.575763 0.607553
v -0.250792 -0.575763 0.607553
v -0.250792 -0.575763 0.607553
v -0.250792 -0.575763 0.607553
v -0.257857 -0.137760 2.069921
v -0.257857 -0.137760 2.069921
v -0.257857 0.243728 2.182956
v -0.257857 0.243728 2.182956
v -0.257857 -0.038855 2.267730
v -0.257857 -0.038855 2.267730
v -0.257857 0.045919 2.288924
v -0.257857 0.045919 2.288924
v -0.257857 0.045919 2.288924
v -0.257857 0.045919 2.288924
v -0.257857 0.215470 2.303053
v -0.257857 0.215470 2.303053
v -0.257857 0.215470 2.303053
v -0.257857 0.215470 2.303053
v -0.257857 0.229600 2.317181
v -0.257857 0.229600 2.317181
v -0.257857 0.229600 2.317181
v -0.257857 0.229600 2.317181
v -0.257857 -0.031791 2.338376
v -0.257857 -0.031791 2.338376
v -0.257857 -0.031791 2.338376
v -0.257857 -0.031791 2.338376
v -0.257857 -0.031791 2.338376
v -0.257857 -0.031791 2.338376
v -0.257857 -0.031791 2.338376
v -0.257857 0.201341 2.352504
v -0.257857 0.201341 2.352504
v -0.257857 0.201341 2.352504
v -0.257857 0.201341 2.352504
v -0.257857 0.201341 2.352504
v -0.257857 0.201341 2.352504
v -0.257857 0.201341 2.352504
v -0.257857 0.201341 2.352504
v -0.257857 0.201341 2.352504
v -0.257857 0.017662 2.359570
v -0.257857 0.017662 2.359570
v -0.257857 0.017662 2.359570
v -0.257857 0.017662 2.359570
v -0.257857 0.095372 2.366634
v -0.257857 0.095372 2.366634
v -0.257857 0.095372 2.366634
v -0.257857 0.088308 2.373698
v -0.257857 0.088308 2.373698
v -0.257857 0.088308 2.373698
v -0.257857 0.088308 2.373698
v -0.257857 0.088308 2.373698
v -0.257857 0.088308 2.373698
v -0.257857 0.554570 0.692330
v -0.257857 0.554570 0.692330
v -0.257857 0.554570 0.692330
v -0.257857 0.554570 0.692330
v -0.257857 0.554570 0.692330
v -0.257857 0.618152 0.621684
v -0.257857 0.618152 0.621684
v -0.257857 0.618152 0.621684
v -0.257857 0.618152 0.621684
v -0.257857 0.646408 0.452134
v -0.257857 0.646408 0.452134
v -0.257857 0.646408 0.452134
v -0.257857 0.646408 0.452134
v -0.257857 0.646408 0.452134
v -0.257857 0.717054 0.324970
v -0.257857 0.717054 0.324970
v -0.257857 0.688797 0.268455
v -0.257857 0.688797 0.268455
v -0.257857 0.688797 0.268455
v -0.257857 0.688797 0.268455
v -0.257857 0.674667 0.169550
v -0.257857 0.674667 0.169550
v -0.264921 0.434471 2.034598
v -0.264921 0.434471 2.034598
v -0.264921 0.434471 2.034598
v -0.264921 0.215470 2.281858
v -0.264921 0.215470 2.281858
v -0.264921 0.215470 2.281858
v -0.264921 0.236664 2.288924
v -0.264921 0.236664 2.288924
v -0.264921 0.236664 2.288924
v -0.264921 0.215470 2.303053
v -0.264921 0.215470 2.303053
v -0.264921 0.215470 2.303053
v -0.264921 0.215470 2.303053
v -0.264921 0.215470 2.303053
v -0.264921 0.215470 2.303053
v -0.264921 0.215470 2.303053
v -0.264921 0.215470 2.303053
v -0.264921 0.208405 2.324247
v -0.264921 0.208405 2.324247
v -0.264921 0.208405 2.324247
v -0.264921 0.208405 2.324247
v -0.264921 0.208405 2.324247
v -0.264921 0.208405 2.324247
v -0.264921 0.208405 2.324247
v -0.264921 0.158954 2.338376
v -0.264921 0.158954 2.338376
v -0.264921 0.158954 2.338376
v -0.264921 0.158954 2.338376
v -0.264921 0.158954 2.338376
v -0.264921 0.194277 2.338376
v -0.264921 0.194277 2.338376
v -0.264921 0.194277 2.338376
v -0.264921 0.166018 2.366634
v -0.264921 0.166018 2.366634
v -0.264921 0.166018 2.366634
v -0.264921 0.166018 2.366634
v -0.264921 0.166018 2.366634
v -0.264921 0.180147 2.373698
v -0.264921 0.180147 2.373698
v -0.264921 0.180147 2.373698
v -0.264921 0.166018 2.380763
v -0.264921 0.166018 2.380763
v -0.264921 0.166018 2.380763
v -0.264921 0.166018 2.380763
v -0.264921 0.166018 2.380763
v -0.264921 0.702926 0.332034
v -0.264921 0.702926 0.332034
v -0.264921 0.702926 0.332034
v -0.271987 0.081242 1.921565
v -0.271987 0.081242 1.921565
v -0.271987 0.081242 1.921565
v -0.271987 -0.038855 2.303053
v -0.271987 -0.038855 2.303053
v -0.271987 -0.038855 2.303053
v -0.271987 -0.038855 2.303053
v -0.271987 0.201341 2.310117
v -0.271987 0.201341 2.310117
v -0.271987 0.201341 2.310117
v -0.271987 0.201341 2.310117
v -0.271987 0.215470 2.345440
v -0.271987 0.215470 2.345440
v -0.271987 0.215470 2.345440
v -0.271987 0.166018 2.373698
v -0.271987 0.166018 2.373698
v -0.271987 0.158954 2.380763
v -0.271987 0.158954 2.380763
v -0.271987 0.158954 2.380763
v -0.271987 0.660539 0.543972
v -0.271987 0.660539 0.543972
v -0.271987 0.660539 0.543972
v -0.271987 -0.604021 0.445069
v -0.279051 -0.095372 2.161761
v -0.279051 -0.116565 2.175889
v -0.279051 -0.116565 2.175889
v -0.279051 -0.116565 2.175889
v -0.279051 -0.102437 2.239471
v -0.279051 -0.102437 2.239471
v -0.279051 -0.102437 2.239471
v -0.279051 -0.102437 2.239471
v -0.279051 0.208405 2.288924
v -0.279051 0.208405 2.288924
v -0.279051 0.208405 2.288924
v -0.279051 -0.038855 2.288924
v -0.279051 -0.038855 2.288924
v -0.279051 -0.038855 2.288924
v -0.279051 -0.038855 2.288924
v -0.279051 -0.038855 2.288924
v -0.279051 -0.038855 2.288924
v -0.279051 -0.038855 2.288924
v -0.279051 0.024727 2.317181
v -0.279051 0.024727 2.317181
v -0.279051 0.024727 2.317181
v -0.279051 0.024727 2.317181
v -0.279051 0.024727 2.317181
v -0.279051 0.024727 2.317181
v -0.279051 0.215470 2.317181
v -0.279051 0.215470 2.317181
v -0.279051 0.215470 2.317181
v -0.279051 0.215470 2.317181
v -0.279051 0.024727 2.331311
v -0.279051 0.024727 2.331311
v -0.279051 0.024727 2.331311
v -0.279051 0.024727 2.331311
v -0.279051 0.024727 2.331311
v -0.279051 0.024727 2.331311
v -0.279051 0.109501 2.345440
v -0.279051 0.109501 2.345440
v -0.279051 0.180147 2.345440
v -0.279051 0.180147 2.345440
v -0.279051 0.180147 2.345440
v -0.279051 0.180147 2.345440
v -0.279051 0.102437 2.352504
v -0.279051 0.102437 2.352504
v -0.279051 0.102437 2.352504
v -0.279051 0.102437 2.352504
v -0.279051 0.166018 2.366634
v -0.279051 0.166018 2.366634
v -0.279051 0.166018 2.366634
v -0.279051 0.166018 2.366634
v -0.279051 0.166018 2.366634
v -0.279051 0.166018 2.366634
v -0.279051 0.166018 2.366634
v -0.279051 0.166018 2.366634
v -0.279051 0.519247 0.699394
v -0.279051 0.519247 0.699394
v -0.279051 0.519247 0.699394
v -0.279051 0.519247 0.699394
v -0.279051 -0.604021 0.551038
v -0.279051 -0.604021 0.551038
v -0.279051 -0.604021 0.551038
v -0.279051 -0.547504 0.529843
v -0.279051 -0.547504 0.529843
v -0.279051 0.681731 0.452134
v -0.279051 0.681731 0.452134
v -0.279051 0.681731 0.452134
v -0.279051 0.681731 0.452134
v -0.279051 -0.674667 0.388552
v -0.279051 -0.611086 0.211937
v -0.279051 -0.611086 0.211937
v -0.279051 0.745313 0.155420
v -0.279051 0.745313 0.155420
v -0.279051 0.745313 0.000000
v -0.279051 0.745313 0.000000
v -0.286115 -0.102437 2.225343
v -0.286115 -0.102437 2.225343
v -0.286115 -0.102437 2.225343
v -0.286115 -0.102437 2.225343
v -0.286115 -0.017660 2.246535
v -0.286115 -0.017660 2.246535
v -0.286115 -0.017660 2.246535
v -0.286115 -0.010596 2.253601
v -0.286115 -0.010596 2.253601
v -0.286115 -0.010596 2.253601
v -0.286115 -0.010596 2.253601
v -0.286115 0.229600 2.288924
v -0.286115 0.229600 2.288924
v -0.286115 0.229600 2.288924
v -0.286115 0.166018 2.303053
v -0.286115 0.166018 2.317181
v -0.286115 0.166018 2.317181
v -0.286115 0.166018 2.317181
v -0.286115 0.166018 2.317181
v -0.286115 0.151888 2.352504
v -0.286115 0.151888 2.352504
v -0.286115 0.151888 2.352504
v -0.286115 0.151888 2.352504
v -0.293179 0.151888 2.006341
v -0.293179 0.151888 2.006341
v -0.293179 -0.038855 2.211212
v -0.293179 -0.038855 2.211212
v -0.293179 -0.038855 2.211212
v -0.293179 -0.038855 2.211212
v -0.293179 0.173082 2.324247
v -0.293179 0.173082 2.324247
v -0.293179 0.173082 2.324247
v -0.293179 0.173082 2.324247
v -0.293179 0.158954 2.331311
v -0.293179 0.158954 2.331311
v -0.293179 0.158954 2.331311
v -0.293179 0.158954 2.331311
v -0.293179 0.158954 2.331311
v -0.293179 0.158954 2.331311
v -0.293179 0.158954 2.331311
v -0.293179 0.158954 2.331311
v -0.293179 0.173082 2.352504
v -0.293179 0.173082 2.352504
v -0.293179 0.173082 2.352504
v -0.293179 0.173082 2.352504
v -0.300244 0.187211 2.246535
v -0.300244 0.187211 2.246535
v -0.300244 0.187211 2.246535
v -0.300244 0.187211 2.246535
v -0.300244 -0.031791 2.253601
v -0.300244 -0.031791 2.253601
v -0.300244 0.109501 2.281858
v -0.300244 0.109501 2.281858
v -0.300244 0.109501 2.281858
v -0.300244 0.109501 2.281858
v -0.300244 0.109501 2.281858
v -0.300244 0.109501 2.281858
v -0.300244 0.038855 2.288924
v -0.300244 0.038855 2.288924
v -0.300244 0.158954 2.288924
v -0.300244 0.158954 2.288924
v -0.300244 0.158954 2.288924
v -0.300244 0.158954 2.288924
v -0.300244 0.166018 2.317181
v -0.300244 0.166018 2.317181
v -0.300244 0.166018 2.317181
v -0.300244 0.166018 2.317181
v -0.300244 0.166018 2.317181
v -0.300244 0.166018 2.317181
v -0.300244 0.166018 2.317181
v -0.300244 0.151888 2.331311
v -0.300244 0.151888 2.331311
v -0.300244 0.151888 2.331311
v -0.300244 0.151888 2.331311
v -0.300244 0.505117 0.657007
v -0.300244 0.505117 0.657007
v -0.300244 0.505117 0.657007
v -0.300246 -0.660539 0.169550
v -0.300246 -0.660539 0.169550
v -0.307310 -0.024727 2.225343
v -0.307310 -0.024727 2.225343
v -0.307310 -0.024727 2.225343
v -0.307310 -0.024727 2.225343
v -0.307310 -0.024727 2.225343
v -0.307310 -0.031791 2.225343
v -0.307310 -0.031791 2.225343
v -0.307310 -0.031791 2.225343
v -0.307310 -0.031791 2.239471
v -0.307310 -0.031791 2.239471
v -0.307310 -0.031791 2.239471
v -0.307310 -0.031791 2.239471
v -0.307310 -0.031791 2.239471
v -0.307310 -0.031791 2.239471
v -0.307310 0.045919 2.281858
v -0.307310 0.045919 2.281858
v -0.307310 0.045919 2.281858
v -0.307310 0.045919 2.281858
v -0.307310 0.180147 2.303053
v -0.307310 0.180147 2.303053
v -0.307310 0.180147 2.303053
v -0.307310 0.166018 2.324247
v -0.307310 0.166018 2.324247
v -0.307310 0.166018 2.324247
v -0.307310 0.166018 2.324247
v -0.307310 0.045919 1.681371
v -0.307310 0.045919 1.681371
v -0.307310 -0.561634 0.466262
v -0.307310 -0.561634 0.466262
v -0.307310 0.547506 0.452134
v -0.307310 0.547506 0.452134
v -0.307310 0.547506 0.452134
v -0.307310 0.547506 0.452134
v -0.307310 0.547506 0.452134
v -0.307310 0.709990 0.303778
v -0.307310 0.709990 0.303778
v -0.307310 -0.667603 0.268455
v -0.307310 -0.667603 0.268455
v -0.314374 0.349697 2.076987
v -0.314374 0.349697 2.076987
v -0.314374 0.144824 2.310117
v -0.314374 0.144824 2.310117
v -0.314374 0.144824 2.310117
v -0.314374 -0.688796 0.332034
v -0.314374 -0.688796 0.332034
v -0.314374 -0.688796 0.332034
v -0.321438 -0.123629 2.119374
v -0.321438 0.166018 2.303053
v -0.321438 0.166018 2.303053
v -0.321438 0.166018 2.303053
v -0.321438 -0.151888 1.695499
v -0.321438 -0.151888 1.695499
v -0.321438 -0.151888 1.695499
v -0.328502 -0.031791 2.204148
v -0.328502 -0.031791 2.204148
v -0.328502 -0.038855 2.204148
v -0.328502 -0.038855 2.204148
v -0.328502 -0.038855 2.204148
v -0.328502 -0.038855 2.204148
v -0.328502 -0.038855 2.204148
v -0.328502 0.490988 0.692330
v -0.328502 0.490988 0.692330
v -0.328502 0.653475 0.423875
v -0.328502 0.653475 0.423875
v -0.328502 0.653475 0.423875
v -0.328502 0.625216 0.388552
v -0.328502 0.625216 0.388552
v -0.328502 0.625216 0.388552
v -0.328502 -0.724118 0.155420
v -0.328502 -0.724118 0.155420
v -0.328502 -0.724118 0.155420
v -0.328502 -0.724118 0.000000
v -0.328502 -0.724118 0.000000
v -0.328502 -0.724118 0.000000
v -0.335567 -0.081242 1.787339
v -0.335567 -0.081242 1.787339
v -0.335567 -0.081242 1.787339
v -0.335567 -0.081242 1.787339
v -0.335568 -0.102437 1.554208
v -0.335568 -0.102437 1.554208
v -0.335568 -0.102437 1.554208
v -0.335567 0.483924 0.678199
v -0.335567 0.483924 0.678199
v -0.335567 0.483924 0.678199
v -0.335567 0.519247 0.678199
v -0.335567 0.512183 0.452134
v -0.335567 0.512183 0.452134
v -0.335567 0.512183 0.452134
v -0.335567 0.512183 0.452134
v -0.335567 0.512183 0.452134
v -0.335567 0.674667 0.332034
v -0.335567 0.674667 0.332034
v -0.342633 0.109501 1.956888
v -0.342633 0.109501 1.956888
v -0.342633 0.236664 2.147633
v -0.342633 0.236664 2.147633
v -0.342633 0.236664 2.147633
v -0.349697 -0.045919 2.175889
v -0.349697 -0.045919 2.175889
v -0.349697 -0.045919 2.175889
v -0.349697 -0.045919 2.175889
v -0.349697 -0.045919 2.175889
v -0.349697 -0.045919 2.175889
v -0.349697 0.575763 0.416811
v -0.349697 0.575763 0.416811
v -0.349697 0.575763 0.416811
v -0.349697 0.575763 0.416811
v -0.349697 0.575763 0.416811
v -0.349697 0.575763 0.416811
v -0.349697 0.575763 0.416811
v -0.349697 0.575763 0.416811
v -0.349697 0.575763 0.416811
v -0.349697 0.575763 0.416811
v -0.349697 0.575763 0.416811
v -0.349697 0.575763 0.416811
v -0.349697 0.575763 0.416811
v -0.349697 0.575763 0.416811
v -0.349697 0.575763 0.416811
v -0.356761 -0.060049 2.168825
v -0.356761 -0.060049 2.168825
v -0.356761 -0.060049 2.168825
v -0.356761 -0.038855 2.175889
v -0.356761 -0.038855 2.175889
v -0.356761 -0.038855 2.175889
v -0.356761 -0.038855 2.175889
v -0.356761 -0.038855 2.175889
v -0.356761 0.052985 1.582466
v -0.356761 0.052985 1.582466
v -0.356761 0.385020 0.727653
v -0.356761 -0.455666 0.628748
v -0.356761 -0.455666 0.628748
v -0.356761 -0.653473 0.395616
v -0.356761 -0.653473 0.395616
v -0.356761 -0.653473 0.395616
v -0.363825 0.130695 2.076987
v -0.363825 -0.060049 2.154697
v -0.363825 -0.060049 2.154697
v -0.363825 0.476860 0.678199
v -0.363825 0.476860 0.678199
v -0.363825 0.476860 0.678199
v -0.363825 0.540440 0.635812
v -0.363825 0.540440 0.635812
v -0.363825 0.540440 0.635812
v -0.363825 0.589893 0.374423
v -0.363825 0.589893 0.374423
v -0.363825 0.589893 0.374423
v -0.363825 0.589893 0.374423
v -0.363825 0.618152 0.310842
v -0.363825 0.618152 0.310842
v -0.363825 0.618152 0.310842
v -0.370891 -0.017660 2.182956
v -0.370891 -0.017660 2.182956
v -0.370891 -0.017660 2.182956
v -0.370889 0.194277 2.211212
v -0.370889 0.194277 2.211212
v -0.370889 0.194277 2.211212
v -0.370889 0.194277 2.211212
v -0.370889 0.399148 0.678199
v -0.370889 0.399148 0.678199
v -0.370889 0.399148 0.558102
v -0.370889 0.399148 0.558102
v -0.370889 0.399148 0.558102
v -0.370889 0.625216 0.501585
v -0.370889 0.625216 0.501585
v -0.370889 0.625216 0.501585
v -0.370889 0.469794 0.494521
v -0.370889 0.469794 0.494521
v -0.370889 0.469794 0.494521
v -0.377956 -0.081242 2.147633
v -0.377956 -0.081242 2.147633
v -0.377956 -0.031791 2.168825
v -0.377956 -0.031791 2.168825
v -0.377956 -0.031791 2.168825
v -0.377956 -0.031791 2.168825
v -0.377956 -0.003532 2.182956
v -0.377956 -0.003532 2.182956
v -0.377956 -0.003532 2.182956
v -0.377956 -0.038855 1.540079
v -0.377956 -0.038855 1.540079
v -0.377956 0.399148 0.720586
v -0.377956 0.399148 0.720586
v -0.377956 0.399148 0.685264
v -0.377956 0.399148 0.685264
v -0.377956 0.399148 0.685264
v -0.377956 0.399148 0.685264
v -0.377956 -0.505117 0.508649
v -0.377956 -0.505117 0.508649
v -0.385020 -0.017660 2.161761
v -0.385020 -0.017660 2.161761
v -0.385020 -0.031791 2.168825
v -0.385020 -0.031791 2.168825
v -0.385020 -0.010596 1.773209
v -0.385020 -0.010596 1.773209
v -0.385020 -0.356761 0.727653
v -0.385020 0.639344 0.423875
v -0.385020 0.639344 0.423875
v -0.385020 0.639344 0.423875
v -0.392084 0.074178 2.133502
v -0.392084 0.074178 2.133502
v -0.392084 -0.067114 2.133502
v -0.392084 -0.067114 2.133502
v -0.392084 -0.067114 2.133502
v -0.392084 -0.067114 2.133502
v -0.392084 -0.067114 2.147633
v -0.392084 -0.067114 2.147633
v -0.392084 -0.067114 2.147633
v -0.392084 -0.067114 2.147633
v -0.392084 -0.003532 2.161761
v -0.392084 -0.003532 2.161761
v -0.392084 -0.003532 2.161761
v -0.392084 0.003532 2.175889
v -0.392084 0.003532 2.175889
v -0.392084 0.003532 2.175889
v -0.392084 0.476860 0.600489
v -0.392084 0.476860 0.600489
v -0.392084 0.476860 0.600489
v -0.392084 0.476860 0.600489
v -0.392084 0.434471 0.515715
v -0.392084 0.434471 0.515715
v -0.392084 0.434471 0.515715
v -0.399148 -0.088306 2.119374
v -0.399148 -0.088306 2.119374
v -0.399148 -0.088306 2.119374
v -0.399148 -0.074178 2.126438
v -0.399148 -0.074178 2.126438
v -0.399148 -0.045919 2.140567
v -0.399148 -0.045919 2.140567
v -0.399148 -0.045919 2.140567
v -0.399148 -0.377956 0.720586
v -0.399148 -0.377956 0.720586
v -0.399148 -0.377956 0.685264
v -0.399148 -0.377956 0.685264
v -0.399148 -0.377956 0.685264
v -0.399148 -0.370889 0.678199
v -0.399148 -0.370889 0.678199
v -0.399148 -0.370889 0.678199
v -0.399148 -0.370889 0.678199
v -0.399148 -0.370889 0.678199
v -0.406214 -0.151888 1.822661
v -0.406214 -0.151888 1.822661
v -0.406214 -0.151888 1.822661
v -0.406214 -0.151888 1.822661
v -0.406214 -0.045919 2.147633
v -0.406214 -0.045919 2.147633
v -0.406212 0.561634 0.445069
v -0.406212 0.561634 0.445069
v -0.406212 0.561634 0.445069
v -0.406212 0.561634 0.445069
v -0.406212 0.561634 0.445069
v -0.406212 0.561634 0.445069
v -0.406212 0.554570 0.388552
v -0.406212 0.554570 0.388552
v -0.406212 0.575763 0.310842
v -0.406212 0.575763 0.310842
v -0.406212 0.575763 0.310842
v -0.413278 0.095372 2.034598
v -0.413278 -0.081242 2.105244
v -0.413278 -0.081242 2.105244
v -0.413278 -0.081242 2.105244
v -0.413278 -0.067114 2.119374
v -0.413278 -0.067114 2.119374
v -0.413278 -0.067114 2.119374
v -0.413278 0.455666 0.649941
v -0.413278 0.455666 0.649941
v -0.413278 0.455666 0.649941
v -0.413278 0.455666 0.649941
v -0.413278 0.370891 0.614618
v -0.413278 0.370891 0.614618
v -0.413278 0.370891 0.614618
v -0.420343 -0.144824 1.857983
v -0.420343 -0.144824 1.857983
v -0.420343 -0.144824 1.857983
v -0.420343 -0.144824 1.857983
v -0.420343 -0.144824 1.857983
v -0.420343 -0.144824 1.857983
v -0.420343 -0.010596 2.140567
v -0.420343 -0.010596 2.140567
v -0.420343 0.010596 2.161761
v -0.420343 0.010596 2.161761
v -0.420343 0.010596 2.161761
v -0.420343 -0.017660 2.161761
v -0.420343 -0.017660 2.161761
v -0.420343 -0.017660 2.161761
v -0.420343 0.568698 0.543972
v -0.420343 0.568698 0.543972
v -0.420343 0.568698 0.543972
v -0.420343 0.568698 0.543972
v -0.420343 0.568698 0.543972
v -0.427407 -0.017660 2.133502
v -0.427407 -0.166018 1.638982
v -0.427407 -0.166018 1.638982
v -0.427407 0.512183 0.543972
v -0.427407 0.512183 0.543972
v -0.427407 0.512183 0.543972
v -0.427407 0.512183 0.543972
v -0.427407 0.512183 0.543972
v -0.427407 0.512183 0.543972
v -0.427407 -0.540440 0.430939
v -0.427407 -0.540440 0.430939
v -0.427407 -0.540440 0.430939
v -0.427407 -0.540440 0.430939
v -0.434471 0.038855 2.084051
v -0.434471 0.038855 2.084051
v -0.434471 -0.038855 2.126438
v -0.434471 -0.038855 2.126438
v -0.434471 -0.038855 2.126438
v -0.434471 0.003532 1.660176
v -0.434471 0.003532 1.660176
v -0.434471 -0.462730 0.664071
v -0.434471 -0.462730 0.664071
v -0.434471 -0.462730 0.664071
v -0.434471 -0.462730 0.664071
v -0.434471 0.596957 0.459198
v -0.434471 0.596957 0.459198
v -0.434471 0.596957 0.459198
v -0.434471 0.596957 0.459198
v -0.441537 -0.229598 1.780273
v -0.441537 -0.229598 1.780273
v -0.441537 -0.229598 1.780273
v -0.441537 -0.498053 0.628748
v -0.441537 -0.498053 0.628748
v -0.441537 -0.498053 0.628748
v -0.441537 -0.498053 0.628748
v -0.441535 0.462730 0.508649
v -0.441535 0.462730 0.508649
v -0.441535 0.462730 0.508649
v -0.441535 0.462730 0.508649
v -0.441537 -0.490988 0.501585
v -0.441537 -0.490988 0.501585
v -0.448601 -0.017660 2.119374
v -0.448601 -0.017660 2.119374
v -0.448601 -0.017660 2.119374
v -0.448601 0.003532 2.133502
v -0.448601 0.003532 2.133502
v -0.448601 0.469794 0.614618
v -0.448601 0.469794 0.614618
v -0.448601 0.469794 0.614618
v -0.448601 0.469794 0.614618
v -0.448601 -0.519247 0.579295
v -0.448601 -0.519247 0.579295
v -0.448601 -0.519247 0.579295
v -0.448601 0.483924 0.445069
v -0.448601 0.483924 0.445069
v -0.455666 -0.243728 1.872114
v -0.455666 -0.243728 1.872114
v -0.455666 -0.243728 1.872114
v -0.455666 -0.243728 1.872114
v -0.455666 -0.243728 1.872114
v -0.455666 -0.448601 0.614618
v -0.455666 -0.448601 0.614618
v -0.455666 -0.448601 0.614618
v -0.455666 -0.448601 0.614618
v -0.455666 -0.377956 0.558102
v -0.455666 -0.377956 0.558102
v -0.455666 -0.377956 0.558102
v -0.455666 0.399148 0.494521
v -0.455666 0.399148 0.494521
v -0.455666 0.399148 0.494521
v -0.455666 -0.462730 0.487456
v -0.455666 -0.462730 0.487456
v -0.455666 0.554570 0.438003
v -0.455666 0.554570 0.438003
v -0.455666 0.554570 0.438003
v -0.455666 0.554570 0.438003
v -0.455666 0.554570 0.438003
v -0.462730 -0.081242 1.808532
v -0.462730 -0.081242 1.808532
v -0.462730 -0.081242 1.808532
v -0.462730 -0.081242 1.808532
v -0.462730 -0.243728 1.822661
v -0.462730 -0.243728 1.822661
v -0.462730 -0.243728 1.822661
v -0.462730 -0.243728 1.822661
v -0.462730 -0.406212 0.692330
v -0.462730 -0.406212 0.692330
v -0.462730 0.490988 0.211937
v -0.462730 0.490988 0.211937
v -0.462730 0.490988 0.211937
v -0.462730 0.490988 0.211937
v -0.469794 -0.074178 1.836791
v -0.469794 -0.074178 1.836791
v -0.469794 -0.074178 1.836791
v -0.469794 -0.074178 1.836791
v -0.469794 -0.074178 1.836791
v -0.469794 -0.102437 1.624853
v -0.469794 -0.611086 0.346165
v -0.476858 0.215470 0.727653
v -0.476860 -0.385020 0.685264
v -0.476860 -0.533376 0.522779
v -0.476860 -0.533376 0.522779
v -0.476860 -0.533376 0.522779
v -0.476860 -0.533376 0.522779
v -0.483924 -0.498053 0.565166
v -0.483924 -0.498053 0.565166
v -0.483924 -0.498053 0.565166
v -0.483924 -0.498053 0.565166
v -0.483924 -0.498053 0.565166
v -0.483924 -0.498053 0.565166
v -0.483924 -0.413278 0.494521
v -0.483924 -0.413278 0.494521
v -0.483924 -0.413278 0.494521
v -0.483924 -0.413278 0.494521
v -0.483924 -0.413278 0.494521
v -0.490988 -0.187211 0.727653
v -0.490988 -0.377956 0.699394
v -0.490988 -0.377956 0.699394
v -0.490988 -0.377956 0.699394
v -0.490988 -0.377956 0.699394
v -0.490988 -0.377956 0.699394
v -0.490988 0.222534 0.678199
v -0.490988 0.222534 0.678199
v -0.490988 0.222534 0.678199
v -0.490988 0.293179 0.607553
v -0.490988 0.293179 0.607553
v -0.490988 -0.462730 0.211937
v -0.490988 -0.462730 0.211937
v -0.490988 -0.462730 0.211937
v -0.490988 -0.462730 0.211937
v -0.490988 0.526311 0.169550
v -0.490988 0.526311 0.169550
v -0.490988 0.526311 0.169550
v -0.498053 0.222534 0.720586
v -0.498053 0.222534 0.720586
v -0.498053 0.222534 0.720586
v -0.498053 0.222534 0.685264
v -0.498053 0.222534 0.685264
v -0.498053 0.222534 0.685264
v -0.498053 0.222534 0.558102
v -0.498053 0.222534 0.558102
v -0.498053 0.385020 0.430939
v -0.498053 0.385020 0.430939
v -0.498053 0.385020 0.430939
v -0.498053 0.568698 0.296712
v -0.498053 0.568698 0.296712
v -0.498053 0.568698 0.296712
v -0.505117 -0.194275 0.678199
v -0.505117 -0.194275 0.678199
v -0.505117 -0.194275 0.678199
v -0.505117 -0.194275 0.678199
v -0.505117 0.540440 0.268455
v -0.505117 0.540440 0.268455
v -0.505117 0.540440 0.268455
v -0.512183 -0.222534 1.730822
v -0.512183 -0.222534 1.730822
v -0.512181 -0.194275 0.720586
v -0.512181 -0.194275 0.720586
v -0.512181 -0.194275 0.685264
v -0.512181 -0.194275 0.685264
v -0.512183 -0.356761 0.664071
v -0.512183 -0.356761 0.664071
v -0.512183 -0.356761 0.664071
v -0.512183 -0.356761 0.664071
v -0.512183 -0.483924 0.445069
v -0.512183 -0.483924 0.445069
v -0.512183 -0.483924 0.445069
v -0.512183 -0.554570 0.367357
v -0.512183 -0.554570 0.367357
v -0.512183 -0.554570 0.367357
v -0.512181 0.554570 0.332034
v -0.512181 0.554570 0.332034
v -0.512181 0.554570 0.332034
v -0.519247 -0.222534 1.907437
v -0.519247 -0.222534 1.907437
v -0.519247 -0.222534 1.907437
v -0.519247 -0.427407 0.649941
v -0.519247 -0.427407 0.649941
v -0.519247 -0.427407 0.649941
v -0.519247 -0.427407 0.649941
v -0.519247 0.469794 0.367357
v -0.519247 0.469794 0.367357
v -0.519247 0.469794 0.367357
v -0.519247 0.469794 0.367357
v -0.526311 0.017662 0.727653
v -0.526311 -0.328502 0.706458
v -0.526311 -0.328502 0.706458
v -0.526311 -0.328502 0.706458
v -0.526311 -0.328502 0.706458
v -0.526311 -0.540440 0.459198
v -0.526311 -0.540440 0.459198
v -0.526311 -0.540440 0.459198
v -0.526311 -0.540440 0.459198
v -0.526311 -0.540440 0.459198
v -0.526311 0.519247 0.317906
v -0.526311 0.519247 0.317906
v -0.526311 -0.490988 0.169550
v -0.526311 -0.490988 0.169550
v -0.526311 -0.490988 0.169550
v -0.533376 0.279051 0.536908
v -0.533376 0.279051 0.536908
v -0.533376 -0.490988 0.459198
v -0.533376 -0.490988 0.459198
v -0.533376 -0.490988 0.459198
v -0.533376 -0.490988 0.459198
v -0.533376 -0.490988 0.459198
v -0.533376 -0.490988 0.459198
v -0.533376 -0.490988 0.459198
v -0.540440 -0.243728 1.773209
v -0.540440 -0.243728 1.773209
v -0.540440 -0.243728 1.773209
v -0.540440 -0.088306 1.752017
v -0.540440 -0.088306 1.752017
v -0.540440 0.017662 0.678199
v -0.540440 0.017662 0.678199
v -0.540440 0.017662 0.678199
v -0.540440 -0.208405 0.558102
v -0.540440 -0.208405 0.558102
v -0.540440 -0.498053 0.558102
v -0.540440 -0.498053 0.558102
v -0.540440 -0.498053 0.558102
v -0.540440 -0.498053 0.558102
v -0.540440 -0.498053 0.558102
v -0.540440 0.307310 0.473326
v -0.540440 0.307310 0.473326
v -0.540440 0.307310 0.473326
v -0.540440 -0.385020 0.452134
v -0.540440 -0.385020 0.452134
v -0.540440 -0.385020 0.452134
v -0.540440 -0.385020 0.452134
v -0.540440 -0.385020 0.452134
v -0.540440 -0.385020 0.452134
v -0.540440 -0.505117 0.268455
v -0.540440 -0.505117 0.268455
v -0.540440 -0.505117 0.268455
v -0.547506 -0.243728 1.822661
v -0.547506 -0.243728 1.822661
v -0.547506 -0.243728 1.822661
v -0.547504 0.017662 0.720586
v -0.547504 0.017662 0.720586
v -0.547504 0.017662 0.720586
v -0.547504 0.017662 0.685264
v -0.547504 0.017662 0.685264
v -0.547504 0.017662 0.685264
v -0.547504 0.017662 0.558102
v -0.547504 0.017662 0.558102
v -0.547504 0.582829 0.155420
v -0.547504 0.582829 0.155420
v -0.547504 0.582829 0.000000
v -0.547504 0.582829 0.000000
v -0.554570 -0.166018 1.716694
v -0.554570 -0.166018 1.716694
v -0.554570 -0.512181 0.332034
v -0.554570 -0.512181 0.332034
v -0.561634 -0.095372 1.836791
v -0.561634 -0.095372 1.836791
v -0.561634 -0.095372 1.836791
v -0.561634 -0.095372 1.836791
v -0.561634 -0.102437 1.787339
v -0.561634 -0.102437 1.787339
v -0.561634 -0.102437 1.787339
v -0.561634 -0.102437 1.787339
v -0.561634 -0.314374 0.699394
v -0.561634 -0.314374 0.699394
v -0.561634 -0.314374 0.699394
v -0.561634 -0.314374 0.699394
v -0.561634 -0.356761 0.664071
v -0.561634 -0.356761 0.664071
v -0.561634 -0.356761 0.664071
v -0.561634 -0.427407 0.423875
v -0.561634 -0.427407 0.423875
v -0.561634 -0.427407 0.423875
v -0.561634 -0.427407 0.423875
v -0.561634 -0.427407 0.423875
v -0.561634 -0.427407 0.423875
v -0.561634 -0.427407 0.423875
v -0.561634 -0.554570 0.317906
v -0.561634 -0.554570 0.317906
v -0.561634 -0.554570 0.317906
v -0.568698 -0.158952 1.893306
v -0.568698 -0.158952 1.893306
v -0.568698 -0.300244 0.635812
v -0.568698 -0.300244 0.635812
v -0.568698 -0.300244 0.635812
v -0.568698 -0.519247 0.473326
v -0.568698 -0.519247 0.473326
v -0.568698 -0.519247 0.473326
v -0.568698 -0.519247 0.473326
v -0.568698 0.420343 0.346165
v -0.568698 0.420343 0.346165
v -0.568698 0.420343 0.346165
v -0.575763 -0.180147 1.759081
v -0.575763 -0.180147 1.759081
v -0.575763 -0.356761 0.452134
v -0.575763 -0.356761 0.452134
v -0.575763 -0.356761 0.452134
v -0.575763 -0.356761 0.452134
v -0.582829 -0.293179 0.494521
v -0.582829 -0.293179 0.494521
v -0.582829 -0.293179 0.494521
v -0.582829 -0.547504 0.155420
v -0.582829 -0.547504 0.155420
v -0.582829 -0.547504 0.000000
v -0.582829 -0.547504 0.000000
v -0.589893 -0.187211 1.808532
v -0.589893 -0.187211 1.808532
v -0.589893 -0.187211 1.808532
v -0.589893 -0.187211 1.808532
v -0.589893 -0.279051 0.671135
v -0.589893 -0.279051 0.671135
v -0.596957 -0.194275 0.614618
v -0.596957 -0.194275 0.614618
v -0.596957 -0.441535 0.388552
v -0.596957 -0.441535 0.388552
v -0.596957 -0.441535 0.388552
v -0.604021 -0.264921 0.621684
v -0.604021 -0.264921 0.621684
v -0.604021 -0.264921 0.621684
v -0.604021 -0.264921 0.621684
v -0.604021 -0.257857 0.515715
v -0.604021 -0.257857 0.515715
v -0.604021 0.271987 0.445069
v -0.604021 -0.399148 0.374423
v -0.604021 -0.399148 0.374423
v -0.604021 -0.399148 0.374423
v -0.604021 -0.399148 0.374423
v -0.611086 -0.526311 0.296712
v -0.611086 -0.526311 0.296712
v -0.611086 0.279051 0.211937
v -0.611086 0.279051 0.211937
v -0.618152 -0.342633 0.628748
v -0.618152 -0.342633 0.628748
v -0.618152 -0.342633 0.628748
v -0.618152 -0.483924 0.438003
v -0.618152 -0.483924 0.438003
v -0.618152 -0.483924 0.438003
v -0.618152 -0.483924 0.438003
v -0.618152 -0.483924 0.438003
v -0.618152 -0.483924 0.438003
v -0.618152 -0.483924 0.438003
v -0.618152 -0.483924 0.438003
v -0.618152 -0.483924 0.332034
v -0.618152 -0.483924 0.332034
v -0.618152 -0.420343 0.310842
v -0.618152 -0.420343 0.310842
v -0.618152 -0.420343 0.310842
v -0.625216 -0.441535 0.515715
v -0.625216 -0.441535 0.515715
v -0.625216 -0.441535 0.515715
v -0.625216 -0.441535 0.515715
v -0.625216 -0.441535 0.515715
v -0.632280 -0.286115 0.551038
v -0.632280 -0.286115 0.551038
v -0.632280 -0.286115 0.551038
v -0.632280 -0.286115 0.551038
v -0.632280 -0.286115 0.551038
v -0.632280 -0.286115 0.551038
v -0.632280 -0.236664 0.211937
v -0.632280 -0.236664 0.211937
v -0.646408 -0.102437 0.600489
v -0.646408 -0.102437 0.600489
v -0.646408 -0.208405 0.494521
v -0.646408 -0.208405 0.494521
v -0.646408 -0.356761 0.459198
v -0.646408 -0.356761 0.459198
v -0.646408 -0.356761 0.459198
v -0.646408 -0.356761 0.459198
v -0.646408 -0.356761 0.459198
v -0.646408 -0.250792 0.445069
v -0.646408 -0.250792 0.445069
v -0.646408 -0.427407 0.430939
v -0.646408 -0.427407 0.430939
v -0.646408 -0.427407 0.430939
v -0.653475 -0.370889 0.388552
v -0.653475 -0.370889 0.388552
v -0.653475 -0.370889 0.388552
v -0.653475 -0.392084 0.310842
v -0.653475 -0.392084 0.310842
v -0.653475 -0.392084 0.310842
v -0.660539 -0.286115 0.586361
v -0.660539 -0.286115 0.586361
v -0.660539 -0.286115 0.586361
v -0.660539 -0.286115 0.586361
v -0.660539 -0.363825 0.551038
v -0.660539 -0.363825 0.551038
v -0.660539 -0.363825 0.551038
v -0.660539 0.300246 0.169550
v -0.660539 0.300246 0.169550
v -0.667603 0.024727 0.445069
v -0.667603 0.307310 0.268455
v -0.667603 0.307310 0.268455
v -0.674667 -0.187211 0.430939
v -0.674667 -0.187211 0.430939
v -0.674667 0.024727 0.211937
v -0.674667 0.024727 0.211937
v -0.674667 -0.257857 0.169550
v -0.674667 -0.257857 0.169550
v -0.681731 -0.385020 0.459198
v -0.681731 -0.385020 0.459198
v -0.681731 -0.385020 0.459198
v -0.681731 -0.385020 0.459198
v -0.681731 -0.385020 0.459198
v -0.681731 -0.385020 0.459198
v -0.681731 -0.385020 0.459198
v -0.688797 -0.081242 0.529843
v -0.688797 -0.081242 0.529843
v -0.688797 -0.328502 0.459198
v -0.688797 -0.328502 0.459198
v -0.688797 -0.328502 0.459198
v -0.688796 0.314374 0.332034
v -0.688796 0.314374 0.332034
v -0.688796 0.314374 0.332034
v -0.688797 -0.257857 0.268455
v -0.688797 -0.257857 0.268455
v -0.695862 -0.286115 0.529843
v -0.695862 -0.286115 0.529843
v -0.695862 -0.286115 0.529843
v -0.695862 -0.102437 0.473326
v -0.695862 -0.102437 0.473326
v -0.702926 -0.264921 0.332034
v -0.702926 -0.264921 0.332034
v -0.702926 -0.264921 0.332034
v -0.724120 -0.264921 0.367357
v -0.724120 -0.264921 0.367357
v -0.724120 -0.264921 0.367357
v -0.724120 -0.264921 0.367357
v -0.724120 -0.264921 0.367357
v -0.724120 0.024727 0.169550
v -0.724120 0.024727 0.169550
v -0.724118 0.328502 0.155420
v -0.724118 0.328502 0.155420
v -0.724118 0.328502 0.155420
v -0.724118 0.328502 0.000000
v -0.724118 0.328502 0.000000
v -0.724118 0.328502 0.000000
v -0.738249 -0.356761 0.296712
v -0.738249 -0.356761 0.296712
v -0.738249 -0.356761 0.296712
v -0.738249 -0.356761 0.296712
v -0.738249 0.024727 0.268455
v -0.745313 -0.307310 0.324970
v -0.745313 -0.307310 0.324970
v -0.745313 -0.307310 0.324970
v -0.745313 -0.279051 0.155420
v -0.745313 -0.279051 0.155420
v -0.745313 -0.279051 0.000000
v -0.745313 -0.279051 0.000000
v -0.752377 0.024727 0.332034
v -0.752377 0.024727 0.332034
v -0.759443 -0.201341 0.346165
v -0.759443 -0.201341 0.346165
v -0.759443 -0.201341 0.346165
v -0.801830 0.024727 0.155420
v -0.801830 0.024727 0.155420
v -0.801830 0.024727 0.155420
v -0.801830 0.024727 0.000000
v -0.801830 0.024727 0.000000
v -0.801830 0.024727 0.000000
v 0.003532 -0.392084 1.900372
v 0.003532 -0.392084 1.900372
v 0.003532 -0.392084 1.900372
v 0.003532 -0.392084 1.900372
v 0.003532 0.385020 2.409021
v 0.003532 0.385020 2.409021
v 0.003532 0.385020 2.409021
v 0.003532 0.385020 2.409021
v 0.003532 0.349697 2.486731
v 0.003532 0.349697 2.486731
v 0.003532 0.349697 2.486731
v 0.003532 0.349697 2.486731
v 0.003532 0.349697 2.486731
v 0.003532 0.406214 2.493796
v 0.003532 0.406214 2.493796
v 0.003532 0.406214 2.493796
v 0.003532 0.406214 2.493796
v 0.003532 0.300244 2.514990
v 0.003532 0.300244 2.514990
v 0.003532 0.300244 2.514990
v 0.003532 0.300244 2.514990
v 0.003532 0.300244 2.514990
v 0.003532 0.300244 2.514990
v 0.003532 0.300244 2.514990
v 0.003532 0.300244 2.514990
v 0.003532 0.286115 2.564441
v 0.003532 0.286115 2.564441
v 0.003532 0.286115 2.564441
v 0.003532 0.187211 2.797573
v 0.003532 0.187211 2.797573
v 0.003532 -0.236664 2.903542
v 0.003532 -0.236664 2.903542
v 0.003532 -0.236664 2.931801
v 0.003532 -0.236664 2.931801
v 0.003532 -0.236664 2.931801
v 0.003532 0.166018 3.016575
v 0.003532 0.166018 3.016575
v 0.003532 0.166018 3.016575
v 0.003532 -0.300244 3.073092
v 0.003532 -0.300244 3.073092
v 0.003532 -0.300244 3.073092
v 0.003532 -0.081242 3.200254
v 0.003532 -0.081242 3.200254
v 0.003532 -0.081242 3.200254
v 0.003532 -0.081242 3.200254
v 0.003532 -0.123631 3.221448
v 0.003532 -0.123631 3.221448
v 0.003532 -0.109501 3.228512
v 0.003532 -0.109501 3.228512
v 0.003532 0.060049 3.249707
v 0.003532 0.060049 3.249707
v 0.003532 0.088308 3.306222
v 0.003532 0.088308 3.306222
v 0.003532 0.088308 3.306222
v 0.003532 0.166018 3.390998
v 0.003532 0.166018 3.390998
v 0.003532 -0.088308 3.546418
v 0.003532 -0.088308 3.546418
v 0.003532 -0.088308 3.546418
v 0.003532 -0.130695 3.560549
v 0.003532 -0.130695 3.560549
v 0.003532 -0.130695 3.560549
v 0.003532 -0.024727 3.567613
v 0.003532 -0.024727 3.567613
v 0.003532 -0.024727 3.567613
v 0.003532 -0.024727 3.567613
v 0.003532 -0.024727 3.567613
v 0.003532 -0.024727 3.567613
v 0.003532 0.045919 0.791232
v 0.003532 0.045919 0.791232
v 0.003532 0.045919 0.791232
v 0.003532 0.045919 0.791232
v 0.003532 0.045919 0.791232
v 0.003532 0.045919 0.791232
v 0.003532 0.045919 0.791232
v 0.003532 0.639344 0.664071
v 0.003532 -0.752377 0.381488
v 0.010596 0.031791 1.971018
v 0.010596 0.031791 1.971018
v 0.010596 -0.321438 2.154697
v 0.010596 -0.321438 2.154697
v 0.010596 -0.321438 2.154697
v 0.010596 -0.321438 2.154697
v 0.010596 -0.321438 2.154697
v 0.010596 -0.321438 2.154697
v 0.010596 0.314374 2.295988
v 0.010596 0.314374 2.295988
v 0.010596 0.314374 2.295988
v 0.010596 0.314374 2.295988
v 0.010596 0.356761 2.394893
v 0.010596 0.356761 2.394893
v 0.010596 0.356761 2.394893
v 0.010596 0.356761 2.394893
v 0.010596 0.328502 2.423150
v 0.010596 0.328502 2.423150
v 0.010596 0.328502 2.423150
v 0.010596 0.321438 2.458473
v 0.010596 0.321438 2.458473
v 0.010596 0.321438 2.458473
v 0.010596 0.215470 2.507926
v 0.010596 0.215470 2.507926
v 0.010596 0.215470 2.507926
v 0.010596 -0.180147 2.507926
v 0.010596 -0.180147 2.507926
v 0.010596 -0.144824 2.599764
v 0.010596 -0.144824 2.599764
v 0.010596 -0.144824 2.599764
v 0.010596 -0.144824 2.988316
v 0.010596 -0.144824 2.988316
v 0.010596 -0.144824 2.988316
v 0.010596 -0.328502 3.009511
v 0.010596 -0.328502 3.009511
v 0.010596 -0.328502 3.009511
v 0.010596 -0.250792 3.044834
v 0.010596 -0.250792 3.044834
v 0.010596 -0.250792 3.044834
v 0.010596 -0.250792 3.044834
v 0.010596 -0.088308 3.249707
v 0.010596 0.130695 3.383934
v 0.010596 0.130695 3.383934
v 0.010596 0.130695 3.383934
v 0.010596 0.130695 3.383934
v 0.010596 0.130695 3.383934
v 0.010596 0.130695 3.383934
v 0.010596 -0.137760 3.489903
v 0.010596 -0.137760 3.489903
v 0.010596 -0.137760 3.489903
v 0.010596 -0.137760 3.489903
v 0.010596 -0.166018 3.518160
v 0.010596 -0.166018 3.518160
v 0.010596 0.024727 1.752017
v 0.010596 0.024727 1.752017
v 0.010596 0.024727 1.695499
v 0.010596 0.024727 1.695499
v 0.010596 -0.003532 1.391722
v 0.010596 -0.003532 1.391722
v 0.010596 -0.639344 0.586361
v 0.010596 -0.639344 0.586361
v 0.010596 -0.639344 0.586361
v 0.010596 -0.639344 0.586361
v 0.017662 0.434471 1.808532
v 0.017662 0.434471 1.808532
v 0.017662 0.434471 1.808532
v 0.017662 0.434471 1.808532
v 0.017662 0.434471 1.808532
v 0.017662 0.434471 1.808532
v 0.017660 -0.250792 1.921565
v 0.017662 0.448601 2.154697
v 0.017662 0.448601 2.154697
v 0.017662 0.314374 2.409021
v 0.017662 0.314374 2.409021
v 0.017662 0.314374 2.409021
v 0.017662 0.208405 2.479667
v 0.017662 0.208405 2.479667
v 0.017662 0.208405 2.479667
v 0.017662 0.208405 2.479667
v 0.017662 0.293179 2.479667
v 0.017662 0.293179 2.479667
v 0.017662 0.293179 2.479667
v 0.017662 0.293179 2.479667
v 0.017662 0.293179 2.479667
v 0.017662 0.194277 2.825832
v 0.017662 0.194277 2.825832
v 0.017662 0.194277 2.825832
v 0.017662 0.194277 2.825832
v 0.017660 -0.229600 2.952993
v 0.017660 -0.229600 2.952993
v 0.017660 -0.229600 2.952993
v 0.017660 -0.201341 2.967124
v 0.017660 -0.201341 2.967124
v 0.017660 -0.201341 2.967124
v 0.017662 0.123631 3.044834
v 0.017662 0.123631 3.044834
v 0.017662 0.123631 3.044834
v 0.017660 -0.081242 3.193189
v 0.017660 -0.081242 3.193189
v 0.017660 -0.081242 3.193189
v 0.017662 0.123631 3.327417
v 0.017662 0.123631 3.327417
v 0.017662 0.137760 3.334481
v 0.017662 0.137760 3.334481
v 0.017662 0.137760 3.334481
v 0.017662 0.166018 3.334481
v 0.017662 0.166018 3.334481
v 0.017662 0.137760 3.383934
v 0.017662 0.137760 3.383934
v 0.017660 -0.158952 3.433385
v 0.017660 -0.158952 3.433385
v 0.017660 -0.158952 3.433385
v 0.017660 -0.187211 3.447514
v 0.017660 -0.187211 3.447514
v 0.017660 -0.187211 3.447514
v 0.017660 -0.081242 1.384657
v 0.017660 -0.081242 1.384657
v 0.017660 -0.081242 1.384657
v 0.017662 0.222534 1.087946
v 0.017662 0.222534 1.087946
v 0.017662 0.222534 1.087946
v 0.017662 0.222534 1.087946
v 0.017662 0.222534 1.087946
v 0.017662 0.151888 1.052623
v 0.017662 0.151888 1.052623
v 0.017662 0.151888 1.052623
v 0.017662 0.208405 0.996105
v 0.017662 0.208405 0.996105
v 0.017662 0.519247 0.727653
v 0.017662 0.547504 0.720586
v 0.017662 0.547504 0.720586
v 0.017662 0.547504 0.720586
v 0.017660 -0.596957 0.699394
v 0.017660 -0.596957 0.699394
v 0.017660 -0.596957 0.699394
v 0.017660 -0.596957 0.699394
v 0.017662 0.604021 0.692330
v 0.017662 0.547504 0.685264
v 0.017662 0.547504 0.685264
v 0.017662 0.547504 0.685264
v 0.017662 0.540440 0.678199
v 0.017662 0.540440 0.678199
v 0.017662 0.540440 0.678199
v 0.017662 0.547504 0.558102
v 0.017662 0.547504 0.558102
v 0.017662 0.547504 0.558102
v 0.024727 0.342633 2.062857
v 0.024727 0.342633 2.062857
v 0.024727 0.342633 2.062857
v 0.024727 0.342633 2.062857
v 0.024727 0.342633 2.062857
v 0.024727 0.342633 2.062857
v 0.024727 0.342633 2.062857
v 0.024727 0.342633 2.062857
v 0.024727 0.349697 2.394893
v 0.024727 0.349697 2.394893
v 0.024727 0.349697 2.394893
v 0.024727 0.286115 2.430216
v 0.024727 0.286115 2.430216
v 0.024727 0.286115 2.430216
v 0.024727 0.271987 2.465539
v 0.024727 0.271987 2.465539
v 0.024727 0.271987 2.465539
v 0.024727 0.271987 2.465539
v 0.024727 0.271987 2.465539
v 0.024727 0.300244 2.465539
v 0.024727 0.300244 2.465539
v 0.024727 0.300244 2.465539
v 0.024727 0.300244 2.465539
v 0.024727 0.300244 2.465539
v 0.024727 0.300244 2.465539
v 0.024727 0.300244 2.465539
v 0.024727 0.300244 2.465539
v 0.024727 0.300244 2.465539
v 0.024727 0.300244 2.465539
v 0.024727 0.300244 2.465539
v 0.024727 0.300244 2.465539
v 0.024727 0.300244 2.465539
v 0.024727 0.300244 2.465539
v 0.024727 0.300244 2.465539
v 0.024727 0.300244 2.465539
v 0.024727 0.300244 2.465539
v 0.024727 -0.264921 2.981252
v 0.024727 -0.264921 2.981252
v 0.024727 -0.264921 2.981252
v 0.024727 -0.264921 2.981252
v 0.024727 -0.264921 2.981252
v 0.024727 0.130695 3.044834
v 0.024727 0.130695 3.044834
v 0.024727 0.130695 3.044834
v 0.024727 0.130695 3.044834
v 0.024727 0.137760 3.051898
v 0.024727 0.137760 3.051898
v 0.024727 0.137760 3.051898
v 0.024727 -0.010596 3.122544
v 0.024727 -0.010596 3.122544
v 0.024727 -0.010596 3.122544
v 0.024727 -0.010596 3.122544
v 0.024727 -0.130695 3.228512
v 0.024727 -0.130695 3.228512
v 0.024727 -0.158952 3.270899
v 0.024727 -0.158952 3.270899
v 0.024727 0.116565 3.292094
v 0.024727 0.116565 3.292094
v 0.024727 0.116565 3.292094
v 0.024727 -0.173082 3.327417
v 0.024727 -0.173082 3.327417
v 0.024727 -0.173082 3.327417
v 0.024727 0.137760 3.334481
v 0.024727 0.137760 3.334481
v 0.024727 0.137760 3.334481
v 0.024727 -0.166018 3.383934
v 0.024727 -0.166018 3.383934
v 0.024727 -0.166018 3.383934
v 0.024727 -0.166018 3.383934
v 0.024727 -0.166018 3.383934
v 0.024727 -0.166018 3.383934
v 0.024727 -0.158952 1.723758
v 0.024727 -0.158952 1.723758
v 0.024727 -0.158952 1.723758
v 0.024727 -0.158952 1.723758
v 0.024727 -0.144824 1.674305
v 0.024727 -0.144824 1.674305
v 0.024727 0.158952 0.897201
v 0.024727 0.158952 0.897201
v 0.024727 0.158952 0.897201
v 0.024727 0.158952 0.897201
v 0.024727 -0.074178 0.791232
v 0.024727 -0.074178 0.791232
v 0.024727 -0.074178 0.791232
v 0.024727 -0.074178 0.791232
v 0.024727 -0.074178 0.791232
v 0.024727 0.045919 0.727653
v 0.024727 0.045919 0.727653
v 0.024727 0.045919 0.727653
v 0.024727 0.045919 0.727653
v 0.024727 -0.632280 0.671135
v 0.024727 -0.632280 0.671135
v 0.024727 -0.632280 0.671135
v 0.024727 0.667603 0.445069
v 0.024727 0.752377 0.374423
v 0.024727 0.752377 0.374423
v 0.024727 0.752377 0.374423
v 0.024727 0.752377 0.332034
v 0.024727 0.752377 0.332034
v 0.024727 0.752377 0.332034
v 0.024727 0.752377 0.332034
v 0.024727 0.738249 0.268455
v 0.024727 0.738249 0.268455
v 0.024727 0.674667 0.211937
v 0.024727 0.674667 0.211937
v 0.024727 0.724120 0.169550
v 0.024727 0.724120 0.169550
v 0.024727 0.801830 0.155420
v 0.024727 0.801830 0.155420
v 0.024727 0.801830 0.155420
v 0.024727 0.801830 0.000000
v 0.024727 0.801830 0.000000
v 0.024727 0.801830 0.000000
v 0.031791 -0.420343 2.069921
v 0.031791 -0.420343 2.069921
v 0.031791 -0.243728 2.416086
v 0.031791 -0.243728 2.416086
v 0.031791 0.349697 2.437280
v 0.031791 0.349697 2.437280
v 0.031791 0.349697 2.437280
v 0.031791 0.349697 2.437280
v 0.031791 0.349697 2.437280
v 0.031791 0.257857 2.500862
v 0.031791 0.257857 2.500862
v 0.031791 0.257857 2.500862
v 0.031791 0.257857 2.500862
v 0.031791 0.257857 2.500862
v 0.031791 0.257857 2.500862
v 0.031791 -0.469794 2.733992
v 0.031791 -0.469794 2.733992
v 0.031791 -0.469794 2.733992
v 0.031791 0.102437 3.087221
v 0.031791 0.102437 3.087221
v 0.031791 0.102437 3.087221
v 0.031791 0.045919 3.157866
v 0.031791 0.045919 3.157866
v 0.031791 0.045919 3.157866
v 0.031791 0.081242 3.193189
v 0.031791 0.081242 3.193189
v 0.031791 0.109501 3.235577
v 0.031791 0.109501 3.235577
v 0.031791 0.137760 3.285030
v 0.031791 0.137760 3.285030
v 0.031791 0.137760 3.285030
v 0.031791 0.151888 3.285030
v 0.031791 0.151888 3.285030
v 0.031791 -0.201341 3.376868
v 0.031791 -0.201341 3.376868
v 0.031791 -0.201341 3.376868
v 0.031791 -0.201341 3.376868
v 0.031791 0.109501 3.419257
v 0.031791 0.109501 3.419257
v 0.031791 0.109501 3.419257
v 0.031791 0.109501 3.419257
v 0.031791 0.031791 1.646048
v 0.031791 0.031791 1.646048
v 0.031791 0.095372 1.236301
v 0.031791 0.095372 1.236301
v 0.031791 0.596957 0.551038
v 0.031791 0.596957 0.551038
v 0.031791 0.582827 0.536908
v 0.031791 0.582827 0.536908
v 0.031791 0.709990 0.487456
v 0.031791 0.709990 0.487456
v 0.031791 0.709990 0.487456
v 0.038855 -0.385020 2.041664
v 0.038855 -0.385020 2.041664
v 0.038855 -0.385020 2.041664
v 0.038855 -0.385020 2.041664
v 0.038855 0.208405 2.472603
v 0.038855 0.208405 2.472603
v 0.038855 0.208405 2.472603
v 0.038855 0.208405 2.472603
v 0.038855 0.392084 2.557377
v 0.038855 0.392084 2.557377
v 0.038855 0.392084 2.557377
v 0.038855 0.392084 2.557377
v 0.038855 0.427407 2.599764
v 0.038855 0.427407 2.599764
v 0.038855 0.427407 2.599764
v 0.038855 -0.166018 2.698669
v 0.038855 -0.166018 2.698669
v 0.038855 -0.399148 2.698669
v 0.038855 -0.399148 2.698669
v 0.038855 -0.399148 2.698669
v 0.038855 -0.399148 2.698669
v 0.038855 0.286115 2.832896
v 0.038855 0.286115 2.832896
v 0.038855 0.286115 2.832896
v 0.038855 0.286115 2.832896
v 0.038855 0.286115 2.832896
v 0.038855 0.180147 2.974188
v 0.038855 0.180147 2.974188
v 0.038855 0.173082 3.016575
v 0.038855 0.173082 3.016575
v 0.038855 0.173082 3.016575
v 0.038855 0.173082 3.016575
v 0.038855 0.173082 3.016575
v 0.038855 0.173082 3.016575
v 0.038855 0.173082 3.016575
v 0.038855 0.123631 3.087221
v 0.038855 0.123631 3.087221
v 0.038855 -0.060049 3.150802
v 0.038855 -0.060049 3.150802
v 0.038855 0.109501 3.270899
v 0.038855 -0.194277 3.320353
v 0.038855 -0.194277 3.320353
v 0.038855 -0.194277 3.320353
v 0.038855 -0.166018 3.327417
v 0.038855 -0.166018 3.327417
v 0.038855 0.017660 3.602936
v 0.038855 0.017660 3.602936
v 0.038855 0.052983 3.602936
v 0.038855 -0.137760 1.624853
v 0.038855 -0.137760 1.624853
v 0.038855 -0.137760 1.624853
v 0.038855 0.194277 1.335206
v 0.038855 0.194277 1.335206
v 0.038855 0.194277 1.335206
v 0.038855 0.194277 1.335206
v 0.038855 0.194277 1.335206
v 0.038855 0.215470 1.193914
v 0.038855 0.215470 1.193914
v 0.038855 0.215470 1.193914
v 0.038855 0.215470 1.193914
v 0.038855 0.215470 1.193914
v 0.038855 0.017660 0.946654
v 0.038855 0.017660 0.946654
v 0.038855 0.017660 0.946654
v 0.038855 0.180147 0.904267
v 0.038855 0.180147 0.904267
v 0.038855 0.180147 0.904267
v 0.038855 -0.653473 0.621684
v 0.038855 -0.653473 0.621684
v 0.038855 -0.653473 0.621684
v 0.038855 -0.653473 0.621684
v 0.038855 -0.688797 0.600489
v 0.038855 -0.688797 0.600489
v 0.038855 -0.688797 0.600489
v 0.038855 0.660539 0.572231
v 0.038855 0.660539 0.572231
v 0.038855 0.660539 0.572231
v 0.038855 0.660539 0.572231
v 0.038855 0.660539 0.572231
v 0.038855 -0.709990 0.416811
v 0.045919 -0.406214 1.843855
v 0.045919 -0.406214 1.843855
v 0.045919 -0.406214 1.843855
v 0.045919 -0.406214 1.843855
v 0.045919 -0.406214 1.843855
v 0.045919 0.335567 2.366634
v 0.045919 0.335567 2.366634
v 0.045919 0.243728 2.550313
v 0.045919 0.243728 2.550313
v 0.045919 0.243728 2.550313
v 0.045919 0.243728 2.550313
v 0.045919 0.243728 2.550313
v 0.045919 0.314374 2.585636
v 0.045919 0.314374 2.585636
v 0.045919 0.314374 2.585636
v 0.045919 0.314374 2.585636
v 0.045919 0.243728 2.811702
v 0.045919 0.243728 2.811702
v 0.045919 0.328502 2.854091
v 0.045919 0.328502 2.854091
v 0.045919 0.328502 2.854091
v 0.045919 0.328502 2.854091
v 0.045919 -0.010596 3.051898
v 0.045919 -0.010596 3.051898
v 0.045919 0.010596 3.058962
v 0.045919 0.010596 3.058962
v 0.045919 0.095372 3.129608
v 0.045919 0.095372 3.129608
v 0.045919 0.095372 3.129608
v 0.045919 0.095372 3.129608
v 0.045919 -0.102437 3.186125
v 0.045919 -0.130695 3.228512
v 0.045919 -0.130695 3.228512
v 0.045919 -0.144824 3.412191
v 0.045919 -0.144824 3.412191
v 0.045919 -0.144824 3.412191
v 0.045919 -0.144824 3.412191
v 0.045919 -0.144824 3.412191
v 0.045919 0.180147 3.454580
v 0.045919 0.180147 3.454580
v 0.045919 0.180147 3.454580
v 0.045919 -0.017662 3.581741
v 0.045919 -0.017662 3.581741
v 0.045919 -0.017662 3.581741
v 0.045919 0.095372 3.588805
v 0.045919 0.095372 3.588805
v 0.045919 -0.052985 3.602936
v 0.045919 -0.052985 3.602936
v 0.045919 -0.095372 3.602936
v 0.045919 -0.095372 3.602936
v 0.045919 0.194277 1.278689
v 0.045919 0.194277 1.278689
v 0.045919 0.194277 1.278689
v 0.045919 0.194277 1.278689
v 0.045919 0.194277 1.278689
v 0.045919 -0.017662 1.080881
v 0.045919 -0.017662 1.080881
v 0.045919 -0.017662 1.080881
v 0.045919 -0.010596 1.052623
v 0.045919 -0.010596 1.052623
v 0.045919 -0.010596 1.052623
v 0.045919 0.222534 0.989041
v 0.045919 0.222534 0.989041
v 0.045919 -0.038855 0.946654
v 0.045919 -0.038855 0.946654
v 0.045919 -0.038855 0.946654
v 0.045919 -0.038855 0.946654
v 0.045919 -0.038855 0.946654
v 0.045919 -0.038855 0.946654
v 0.045919 0.151888 0.904267
v 0.045919 0.151888 0.904267
v 0.045919 0.151888 0.904267
v 0.045919 -0.067114 0.727653
v 0.045919 -0.067114 0.727653
v 0.045919 -0.067114 0.727653
v 0.045919 -0.067114 0.727653
v 0.045919 -0.067114 0.727653
v 0.045919 0.596957 0.649941
v 0.045919 0.596957 0.649941
v 0.045919 0.596957 0.649941
v 0.052983 -0.448601 2.091115
v 0.052983 -0.448601 2.091115
v 0.052985 0.229600 2.409021
v 0.052985 0.229600 2.409021
v 0.052985 0.229600 2.409021
v 0.052985 0.229600 2.409021
v 0.052985 0.406214 2.444344
v 0.052985 0.406214 2.444344
v 0.052985 0.406214 2.444344
v 0.052985 0.406214 2.444344
v 0.052985 0.349697 2.514990
v 0.052985 0.349697 2.514990
v 0.052985 0.349697 2.514990
v 0.052985 0.349697 2.514990
v 0.052985 0.321438 2.529119
v 0.052985 0.321438 2.529119
v 0.052985 0.321438 2.529119
v 0.052983 -0.476860 2.839960
v 0.052983 -0.476860 2.839960
v 0.052983 -0.476860 2.839960
v 0.052983 -0.229600 2.854091
v 0.052983 -0.229600 2.854091
v 0.052983 -0.229600 2.854091
v 0.052983 -0.229600 2.854091
v 0.052985 0.271987 2.896478
v 0.052985 0.271987 2.896478
v 0.052985 0.271987 2.896478
v 0.052983 -0.356761 2.995382
v 0.052983 -0.356761 2.995382
v 0.052983 -0.356761 2.995382
v 0.052985 -0.010596 3.051898
v 0.052985 -0.010596 3.051898
v 0.052983 -0.038855 3.058962
v 0.052983 -0.038855 3.058962
v 0.052985 0.109501 3.080156
v 0.052985 0.109501 3.080156
v 0.052985 0.109501 3.080156
v 0.052985 0.109501 3.080156
v 0.052985 0.102437 3.186125
v 0.052985 0.102437 3.186125
v 0.052985 0.123629 3.235577
v 0.052985 0.123629 3.235577
v 0.052985 0.123629 3.235577
v 0.052983 -0.137760 3.263835
v 0.052983 -0.137760 3.263835
v 0.052983 -0.158954 3.270899
v 0.052983 -0.158954 3.270899
v 0.052983 -0.158954 3.270899
v 0.052983 -0.180147 3.270899
v 0.052983 -0.180147 3.270899
v 0.052985 0.180147 3.482837
v 0.052985 0.180147 3.482837
v 0.052985 0.010596 1.151527
v 0.052985 0.010596 1.151527
v 0.052985 0.010596 1.151527
v 0.052985 0.024727 1.087946
v 0.052985 0.024727 1.087946
v 0.052985 0.024727 1.087946
v 0.052985 0.024727 1.059687
v 0.052985 0.024727 1.059687
v 0.052985 0.024727 1.059687
v 0.052985 0.116565 0.996105
v 0.052985 0.116565 0.996105
v 0.052985 0.116565 0.996105
v 0.060049 -0.469794 1.808532
v 0.060049 -0.469794 1.808532
v 0.060049 -0.469794 1.808532
v 0.060049 -0.469794 1.808532
v 0.060049 0.363825 2.055792
v 0.060049 0.363825 2.055792
v 0.060049 0.363825 2.055792
v 0.060049 0.406214 2.140567
v 0.060049 0.406214 2.140567
v 0.060049 0.406214 2.140567
v 0.060049 0.293179 2.373698
v 0.060049 0.293179 2.373698
v 0.060049 0.293179 2.373698
v 0.060049 0.293179 2.373698
v 0.060049 0.307310 2.380763
v 0.060049 0.307310 2.380763
v 0.060049 0.307310 2.380763
v 0.060049 0.307310 2.380763
v 0.060049 0.314374 2.423150
v 0.060049 0.314374 2.423150
v 0.060049 0.314374 2.423150
v 0.060049 0.314374 2.423150
v 0.060049 0.208405 2.444344
v 0.060049 0.208405 2.444344
v 0.060049 0.208405 2.444344
v 0.060049 0.208405 2.444344
v 0.060049 0.264921 2.451408
v 0.060049 0.264921 2.451408
v 0.060049 0.264921 2.451408
v 0.060049 0.264921 2.451408
v 0.060049 0.264921 2.451408
v 0.060049 0.264921 2.451408
v 0.060049 0.264921 2.451408
v 0.060049 0.109501 2.599764
v 0.060049 0.109501 2.599764
v 0.060049 0.109501 2.599764
v 0.060049 0.321438 2.635087
v 0.060049 0.321438 2.635087
v 0.060049 0.321438 2.635087
v 0.060049 0.321438 2.635087
v 0.060049 0.321438 2.635087
v 0.060049 0.293179 2.839960
v 0.060049 0.293179 2.839960
v 0.060049 0.293179 2.839960
v 0.060049 0.293179 2.839960
v 0.060049 0.229600 2.868219
v 0.060049 0.229600 2.868219
v 0.060049 0.229600 2.868219
v 0.060049 0.229600 2.868219
v 0.060049 0.229600 2.868219
v 0.060049 0.229600 2.868219
v 0.060049 0.201341 2.910606
v 0.060049 0.201341 2.910606
v 0.060049 0.201341 2.910606
v 0.060049 0.201341 2.910606
v 0.060049 0.201341 2.910606
v 0.060049 -0.194277 2.945929
v 0.060049 -0.194277 2.945929
v 0.060049 -0.194277 2.945929
v 0.060049 -0.194277 2.945929
v 0.060049 0.024727 3.087221
v 0.060049 0.024727 3.087221
v 0.060049 -0.010596 3.087221
v 0.060049 -0.003532 3.122544
v 0.060049 -0.003532 3.122544
v 0.060049 -0.003532 3.122544
v 0.060049 0.123629 3.129608
v 0.060049 0.123629 3.129608
v 0.060049 0.208405 3.426321
v 0.060049 0.208405 3.426321
v 0.060049 0.208405 3.426321
v 0.060049 0.208405 3.426321
v 0.060049 0.166018 3.489903
v 0.060049 0.166018 3.489903
v 0.060049 0.166018 3.489903
v 0.060049 0.137760 3.546418
v 0.060049 -0.137760 3.581741
v 0.060049 0.144824 1.342270
v 0.060049 0.144824 1.342270
v 0.060049 0.144824 1.342270
v 0.060049 -0.045919 1.144461
v 0.060049 -0.045919 1.144461
v 0.060049 -0.045919 1.144461
v 0.060049 0.010596 1.087946
v 0.060049 -0.052985 1.080881
v 0.060049 -0.052985 1.080881
v 0.060049 -0.052985 1.080881
v 0.060049 0.010596 1.059687
v 0.060049 0.010596 1.059687
v 0.060049 -0.052985 1.052623
v 0.060049 -0.052985 1.052623
v 0.060049 -0.052985 1.052623
v 0.060049 -0.547504 0.628748
v 0.060049 -0.547504 0.628748
v 0.067114 -0.356761 2.048728
v 0.067114 0.356761 2.105244
v 0.067114 0.356761 2.105244
v 0.067114 0.356761 2.105244
v 0.067114 0.356761 2.105244
v 0.067114 -0.335567 2.260666
v 0.067114 -0.335567 2.260666
v 0.067114 -0.335567 2.260666
v 0.067114 -0.335567 2.260666
v 0.067114 0.243728 2.409021
v 0.067114 0.243728 2.409021
v 0.067114 0.243728 2.409021
v 0.067114 0.356761 2.486731
v 0.067114 0.356761 2.486731
v 0.067114 0.356761 2.486731
v 0.067114 0.102437 2.543249
v 0.067114 0.102437 2.543249
v 0.067114 0.102437 2.543249
v 0.067114 -0.314374 2.762250
v 0.067114 -0.314374 2.762250
v 0.067114 0.356761 2.882347
v 0.067114 0.356761 2.882347
v 0.067114 0.356761 2.882347
v 0.067114 0.243728 2.896478
v 0.067114 0.243728 2.896478
v 0.067114 0.243728 2.896478
v 0.067114 0.300244 2.896478
v 0.067114 0.300244 2.896478
v 0.067114 0.300244 2.896478
v 0.067114 0.293179 2.924736
v 0.067114 0.293179 2.924736
v 0.067114 0.293179 2.924736
v 0.067114 0.293179 2.924736
v 0.067114 0.293179 2.924736
v 0.067114 -0.264921 2.952993
v 0.067114 -0.264921 2.952993
v 0.067114 -0.264921 2.952993
v 0.067114 -0.144824 3.023639
v 0.067114 -0.144824 3.023639
v 0.067114 0.017660 3.066028
v 0.067114 0.017660 3.066028
v 0.067114 0.088306 3.129608
v 0.067114 0.088306 3.129608
v 0.067114 0.088306 3.129608
v 0.067114 0.194275 3.390998
v 0.067114 0.194275 3.390998
v 0.067114 0.194275 3.390998
v 0.067114 0.187211 3.433385
v 0.067114 0.187211 3.433385
v 0.067114 0.187211 3.433385
v 0.067114 0.187211 3.433385
v 0.067114 0.173082 3.482837
v 0.067114 0.173082 3.482837
v 0.067114 0.166018 3.518160
v 0.067114 0.166018 3.518160
v 0.067114 0.166018 3.518160
v 0.067114 0.166018 3.518160
v 0.067114 0.144824 1.285753
v 0.067114 0.144824 1.285753
v 0.067114 0.144824 1.285753
v 0.067114 0.109501 1.087946
v 0.067114 0.109501 1.087946
v 0.067114 0.109501 1.087946
v 0.067114 -0.031791 1.080881
v 0.067114 -0.031791 1.080881
v 0.067114 -0.031791 1.052623
v 0.067114 -0.031791 1.052623
v 0.067114 -0.031791 1.052623
v 0.067114 -0.611086 0.515715
v 0.067114 -0.611086 0.515715
v 0.067114 0.702926 0.480392
v 0.074178 0.264921 2.380763
v 0.074178 0.264921 2.380763
v 0.074178 0.264921 2.380763
v 0.074178 0.264921 2.380763
v 0.074178 0.300244 2.522054
v 0.074178 0.300244 2.522054
v 0.074178 0.300244 2.522054
v 0.074178 -0.434471 2.691605
v 0.074178 -0.434471 2.691605
v 0.074178 -0.434471 2.691605
v 0.074178 -0.434471 2.691605
v 0.074178 -0.420343 2.705733
v 0.074178 -0.420343 2.705733
v 0.074178 -0.420343 2.705733
v 0.074178 -0.420343 2.705733
v 0.074178 -0.420343 2.705733
v 0.074178 0.243728 2.861155
v 0.074178 0.243728 2.861155
v 0.074178 0.243728 2.861155
v 0.074178 0.243728 2.861155
v 0.074178 0.243728 2.861155
v 0.074178 0.271987 2.875283
v 0.074178 0.271987 2.875283
v 0.074178 0.271987 2.875283
v 0.074178 0.271987 2.875283
v 0.074178 0.271987 2.875283
v 0.074178 0.271987 2.875283
v 0.074178 0.321438 2.931801
v 0.074178 0.321438 2.931801
v 0.074178 0.321438 2.931801
v 0.074178 0.215470 2.988316
v 0.074178 0.215470 2.988316
v 0.074178 0.215470 2.988316
v 0.074178 -0.187211 2.988316
v 0.074178 -0.187211 2.988316
v 0.074178 -0.187211 2.988316
v 0.074178 -0.158954 3.030705
v 0.074178 -0.158954 3.030705
v 0.074178 -0.038855 3.066028
v 0.074178 -0.038855 3.066028
v 0.074178 -0.038855 3.066028
v 0.074178 -0.038855 3.066028
v 0.074178 -0.038855 3.066028
v 0.074178 -0.123631 3.066028
v 0.074178 -0.123631 3.066028
v 0.074178 -0.123631 3.066028
v 0.074178 -0.052985 3.080156
v 0.074178 -0.052985 3.080156
v 0.074178 0.017660 3.108415
v 0.074178 0.017660 3.108415
v 0.074178 -0.116565 3.115479
v 0.074178 -0.116565 3.115479
v 0.074178 0.045919 3.150802
v 0.074178 0.045919 3.150802
v 0.074178 0.045919 3.150802
v 0.074178 -0.123631 3.171997
v 0.074178 -0.123631 3.171997
v 0.074178 -0.123631 3.171997
v 0.074178 0.130695 3.179061
v 0.074178 0.130695 3.179061
v 0.074178 0.130695 3.179061
v 0.074178 0.130695 3.179061
v 0.074178 -0.144824 3.221448
v 0.074178 -0.144824 3.221448
v 0.074178 -0.144824 3.221448
v 0.074178 -0.144824 3.221448
v 0.074178 -0.144824 3.221448
v 0.074178 0.180147 3.285030
v 0.074178 0.180147 3.285030
v 0.074178 0.208405 3.405127
v 0.074178 0.208405 3.405127
v 0.074178 0.236664 3.461644
v 0.074178 0.236664 3.461644
v 0.074178 0.236664 3.461644
v 0.074178 0.236664 3.461644
v 0.074178 0.236664 3.461644
v 0.074178 0.123629 1.200979
v 0.074178 0.123629 1.200979
v 0.074178 0.123629 1.200979
v 0.074178 0.688797 0.600489
v 0.074178 0.688797 0.600489
v 0.074178 0.688797 0.600489
v 0.074178 0.674667 0.494521
v 0.074178 0.674667 0.494521
v 0.074178 0.674667 0.494521
v 0.074178 0.674667 0.494521
v 0.074178 0.773572 0.360293
v 0.074178 0.773572 0.360293
v 0.081242 -0.194277 2.769315
v 0.081242 -0.194277 2.769315
v 0.081242 -0.490988 2.783445
v 0.081242 -0.490988 2.783445
v 0.081242 -0.490988 2.783445
v 0.081242 0.215470 2.804637
v 0.081242 0.215470 2.804637
v 0.081242 0.215470 2.804637
v 0.081242 0.215470 2.804637
v 0.081242 0.215470 2.804637
v 0.081242 0.215470 2.882347
v 0.081242 0.215470 2.882347
v 0.081242 0.215470 2.882347
v 0.081242 0.215470 2.882347
v 0.081242 -0.151888 3.023639
v 0.081242 -0.151888 3.023639
v 0.081242 0.250792 3.051898
v 0.081242 0.250792 3.051898
v 0.081242 0.250792 3.051898
v 0.081242 0.250792 3.051898
v 0.081242 -0.144824 3.073092
v 0.081242 -0.144824 3.073092
v 0.081242 0.215470 3.080156
v 0.081242 0.215470 3.080156
v 0.081242 0.215470 3.080156
v 0.081242 0.109501 3.122544
v 0.081242 0.109501 3.122544
v 0.081242 0.109501 3.122544
v 0.081242 -0.060049 3.150802
v 0.081242 -0.060049 3.150802
v 0.081242 -0.060049 3.150802
v 0.081242 -0.060049 3.150802
v 0.081242 0.151888 3.228512
v 0.081242 0.151888 3.228512
v 0.081242 0.215470 3.518160
v 0.081242 0.215470 3.518160
v 0.081242 0.215470 3.518160
v 0.081242 0.215470 3.518160
v 0.081242 0.151888 3.525226
v 0.081242 0.151888 3.525226
v 0.081242 0.151888 3.525226
v 0.081242 0.151888 3.525226
v 0.081242 -0.173082 3.539354
v 0.081242 0.512181 1.773209
v 0.081242 0.512181 1.773209
v 0.081242 0.512181 1.773209
v 0.081242 0.052983 1.497690
v 0.081242 0.052983 1.497690
v 0.081242 0.236664 1.087946
v 0.081242 0.236664 1.087946
v 0.081242 0.236664 1.087946
v 0.081242 0.236664 1.087946
v 0.081242 0.731185 0.501585
v 0.081242 0.731185 0.501585
v 0.081242 0.731185 0.501585
v 0.081242 -0.632280 0.466262
v 0.088306 -0.462730 2.105244
v 0.088306 -0.363825 2.147633
v 0.088306 -0.363825 2.147633
v 0.088306 -0.363825 2.147633
v 0.088306 -0.363825 2.147633
v 0.088308 0.335567 2.479667
v 0.088308 0.335567 2.479667
v 0.088308 0.335567 2.479667
v 0.088308 0.335567 2.479667
v 0.088308 0.017660 2.592700
v 0.088308 0.017660 2.592700
v 0.088308 0.017660 2.592700
v 0.088308 0.123629 2.698669
v 0.088308 0.123629 2.698669
v 0.088308 0.180147 2.797573
v 0.088308 0.321438 2.910606
v 0.088308 0.321438 2.910606
v 0.088308 0.201341 2.952993
v 0.088308 0.279051 3.016575
v 0.088308 0.279051 3.016575
v 0.088308 0.279051 3.016575
v 0.088308 0.279051 3.016575
v 0.088308 0.187211 3.087221
v 0.088308 0.187211 3.087221
v 0.088308 0.187211 3.087221
v 0.088308 0.187211 3.087221
v 0.088306 -0.038855 3.101351
v 0.088306 -0.038855 3.101351
v 0.088308 -0.010596 3.108415
v 0.088308 -0.010596 3.108415
v 0.088308 -0.010596 3.108415
v 0.088308 -0.010596 3.108415
v 0.088308 -0.010596 3.115479
v 0.088308 -0.010596 3.115479
v 0.088306 -0.137760 3.115479
v 0.088306 -0.137760 3.115479
v 0.088308 0.095372 3.179061
v 0.088308 0.095372 3.179061
v 0.088308 0.088306 3.186125
v 0.088308 0.187211 3.221448
v 0.088308 0.187211 3.221448
v 0.088308 0.187211 3.221448
v 0.088306 -0.208405 3.468708
v 0.088308 0.123629 0.989041
v 0.088308 0.123629 0.989041
v 0.088308 0.123629 0.989041
v 0.088308 0.589893 0.706458
v 0.088308 0.589893 0.706458
v 0.088308 0.589893 0.706458
v 0.095372 0.307310 2.493796
v 0.095372 0.307310 2.493796
v 0.095372 0.307310 2.493796
v 0.095372 0.427407 2.500862
v 0.095372 0.427407 2.500862
v 0.095372 0.427407 2.500862
v 0.095372 0.427407 2.500862
v 0.095372 0.229600 2.514990
v 0.095372 0.229600 2.514990
v 0.095372 0.229600 2.514990
v 0.095372 0.229600 2.514990
v 0.095372 0.003532 2.536185
v 0.095372 0.003532 2.536185
v 0.095372 0.279051 2.557377
v 0.095372 0.279051 2.557377
v 0.095372 0.279051 2.557377
v 0.095372 0.279051 2.557377
v 0.095372 0.279051 2.557377
v 0.095372 -0.413278 2.748122
v 0.095372 -0.413278 2.748122
v 0.095372 -0.413278 2.748122
v 0.095372 -0.413278 2.748122
v 0.095372 -0.413278 2.748122
v 0.095372 -0.413278 2.748122
v 0.095372 -0.201341 2.804637
v 0.095372 -0.201341 2.804637
v 0.095372 -0.201341 2.804637
v 0.095372 -0.201341 2.804637
v 0.095372 0.201341 2.861155
v 0.095372 0.201341 2.861155
v 0.095372 0.293179 2.917670
v 0.095372 0.293179 2.917670
v 0.095372 0.293179 2.917670
v 0.095372 0.293179 2.917670
v 0.095372 0.293179 2.917670
v 0.095372 0.293179 2.917670
v 0.095372 0.293179 2.917670
v 0.095372 0.293179 2.917670
v 0.095372 0.194275 2.967124
v 0.095372 0.194275 2.967124
v 0.095372 0.194275 2.967124
v 0.095372 0.194275 2.967124
v 0.095372 -0.130695 3.066028
v 0.095372 -0.130695 3.066028
v 0.095372 -0.130695 3.066028
v 0.095372 -0.102437 3.115479
v 0.095372 -0.102437 3.115479
v 0.095372 -0.102437 3.115479
v 0.095372 -0.003532 3.143738
v 0.095372 -0.003532 3.143738
v 0.095372 -0.003532 3.143738
v 0.095372 -0.003532 3.143738
v 0.095372 -0.003532 3.143738
v 0.095372 -0.151888 3.164931
v 0.095372 -0.151888 3.164931
v 0.095372 -0.194277 3.221448
v 0.095372 -0.194277 3.221448
v 0.095372 -0.194277 3.221448
v 0.095372 0.116565 3.235577
v 0.095372 0.116565 3.235577
v 0.095372 0.116565 3.235577
v 0.095372 0.116565 3.235577
v 0.095372 -0.222534 3.376868
v 0.095372 -0.222534 3.376868
v 0.095372 -0.222534 3.376868
v 0.095372 -0.137760 1.476498
v 0.095372 -0.137760 1.476498
v 0.095372 -0.137760 1.476498
v 0.095372 0.045919 0.833621
v 0.095372 0.045919 0.833621
v 0.095372 0.045919 0.833621
v 0.102437 -0.074178 2.585636
v 0.102437 -0.074178 2.585636
v 0.102437 -0.074178 2.585636
v 0.102437 -0.455666 2.698669
v 0.102437 -0.455666 2.698669
v 0.102437 -0.455666 2.698669
v 0.102437 -0.363825 2.719863
v 0.102437 -0.363825 2.719863
v 0.102437 -0.363825 2.719863
v 0.102437 -0.363825 2.719863
v 0.102437 0.222534 2.804637
v 0.102437 0.222534 2.804637
v 0.102437 0.222534 2.804637
v 0.102437 0.222534 2.804637
v 0.102437 0.222534 2.854091
v 0.102437 0.222534 2.854091
v 0.102437 0.222534 2.854091
v 0.102437 0.222534 2.854091
v 0.102437 0.222534 2.854091
v 0.102437 0.314374 2.889414
v 0.102437 0.314374 2.889414
v 0.102437 0.314374 2.889414
v 0.102437 0.314374 2.889414
v 0.102437 0.314374 2.889414
v 0.102437 0.314374 2.889414
v 0.102437 0.314374 2.889414
v 0.102437 0.370889 2.903542
v 0.102437 0.370889 2.903542
v 0.102437 0.370889 2.903542
v 0.102437 0.279051 2.931801
v 0.102437 0.279051 2.931801
v 0.102437 0.314374 2.945929
v 0.102437 0.314374 2.945929
v 0.102437 0.314374 2.945929
v 0.102437 -0.194277 2.952993
v 0.102437 -0.194277 2.952993
v 0.102437 -0.187211 3.002447
v 0.102437 -0.187211 3.002447
v 0.102437 -0.187211 3.002447
v 0.102437 -0.109501 3.171997
v 0.102437 -0.109501 3.171997
v 0.102437 -0.109501 3.171997
v 0.102437 -0.102437 3.179061
v 0.102437 -0.102437 3.179061
v 0.102437 -0.102437 3.179061
v 0.102437 -0.173082 3.221448
v 0.102437 -0.173082 3.221448
v 0.102437 -0.173082 3.221448
v 0.102437 -0.173082 3.221448
v 0.102437 -0.201341 3.270899
v 0.102437 -0.201341 3.270899
v 0.102437 0.130695 3.320353
v 0.102437 0.130695 3.320353
v 0.102437 0.130695 3.320353
v 0.102437 0.130695 3.320353
v 0.102437 0.130695 3.320353
v 0.102437 0.130695 3.320353
v 0.102437 0.130695 3.320353
v 0.102437 0.130695 3.320353
v 0.102437 0.130695 3.320353
v 0.102437 0.215470 3.390998
v 0.102437 0.215470 3.390998
v 0.102437 0.215470 3.390998
v 0.102437 0.166018 3.546418
v 0.102437 0.166018 3.546418
v 0.102437 0.166018 3.546418
v 0.102437 0.166018 3.546418
v 0.102437 -0.519247 1.780273
v 0.102437 -0.519247 1.780273
v 0.102437 -0.519247 1.780273
v 0.102437 -0.519247 1.780273
v 0.102437 0.060049 1.384657
v 0.102437 0.060049 1.384657
v 0.102437 0.045919 1.087946
v 0.102437 0.045919 1.087946
v 0.102437 0.045919 1.087946
v 0.109501 0.257857 2.267730
v 0.109501 0.257857 2.267730
v 0.109501 0.363825 2.416086
v 0.109501 0.363825 2.416086
v 0.109501 0.363825 2.416086
v 0.109501 -0.102437 2.522054
v 0.109501 -0.102437 2.522054
v 0.109501 -0.102437 2.522054
v 0.109501 0.060049 3.094285
v 0.109501 0.060049 3.094285
v 0.109501 0.060049 3.094285
v 0.109501 0.116565 3.171997
v 0.109501 0.116565 3.171997
v 0.109501 -0.130695 3.228512
v 0.109501 -0.130695 3.228512
v 0.109501 -0.130695 3.228512
v 0.109501 -0.130695 3.228512
v 0.109501 -0.130695 3.228512
v 0.109501 0.229598 3.390998
v 0.109501 0.229598 3.390998
v 0.109501 0.229598 3.390998
v 0.109501 0.229598 3.390998
v 0.109501 0.038855 1.158591
v 0.109501 0.038855 1.158591
v 0.109501 0.038855 1.087946
v 0.109501 0.045919 1.066751
v 0.109501 0.045919 1.066751
v 0.109501 0.045919 1.066751
v 0.109501 0.045919 1.066751
v 0.109501 0.045919 1.066751
v 0.109501 0.561634 0.720586
v 0.109501 0.625216 0.671135
v 0.109501 0.625216 0.671135
v 0.109501 0.625216 0.671135
v 0.109501 0.604021 0.494521
v 0.109501 0.604021 0.494521
v 0.109501 0.604021 0.494521
v 0.109501 0.604021 0.494521
v 0.109501 -0.717054 0.395616
v 0.109501 0.738249 0.388552
v 0.109501 0.738249 0.388552
v 0.116565 -0.222534 1.921565
v 0.116565 -0.222534 1.921565
v 0.116565 0.003532 1.971018
v 0.116565 0.003532 1.971018
v 0.116565 0.003532 1.971018
v 0.116565 0.003532 1.971018
v 0.116565 -0.356761 2.027534
v 0.116565 -0.356761 2.027534
v 0.116565 -0.356761 2.027534
v 0.116565 -0.356761 2.027534
v 0.116565 -0.356761 2.027534
v 0.116565 -0.356761 2.027534
v 0.116565 -0.356761 2.027534
v 0.116565 0.377956 2.055792
v 0.116565 0.377956 2.055792
v 0.116565 0.377956 2.055792
v 0.116565 0.151888 2.444344
v 0.116565 0.151888 2.444344
v 0.116565 0.151888 2.444344
v 0.116565 0.469794 2.522054
v 0.116565 0.469794 2.522054
v 0.116565 -0.420343 2.712799
v 0.116565 -0.420343 2.712799
v 0.116565 -0.420343 2.712799
v 0.116565 -0.420343 2.712799
v 0.116565 -0.420343 2.712799
v 0.116565 -0.420343 2.712799
v 0.116565 -0.420343 2.712799
v 0.116565 -0.420343 2.712799
v 0.116565 -0.420343 2.712799
v 0.116565 -0.420343 2.712799
v 0.116565 0.208405 2.882347
v 0.116565 0.208405 2.882347
v 0.116565 0.208405 2.882347
v 0.116565 0.328502 2.931801
v 0.116565 0.328502 2.931801
v 0.116565 -0.229600 2.995382
v 0.116565 -0.229600 2.995382
v 0.116565 -0.229600 2.995382
v 0.116565 -0.123631 3.115479
v 0.116565 -0.123631 3.115479
v 0.116565 0.045919 3.122544
v 0.116565 0.045919 3.122544
v 0.116565 0.045919 3.122544
v 0.116565 0.038855 3.164931
v 0.116565 0.038855 3.164931
v 0.116565 0.038855 3.164931
v 0.116565 0.038855 3.164931
v 0.116565 0.038855 3.164931
v 0.116565 0.102437 3.221448
v 0.116565 0.102437 3.221448
v 0.116565 -0.017662 1.744950
v 0.116565 -0.017662 1.744950
v 0.116565 -0.010596 1.674305
v 0.116565 -0.010596 1.674305
v 0.116565 -0.010596 1.674305
v 0.116565 -0.123631 1.363465
v 0.116565 -0.123631 1.363465
v 0.116565 -0.060049 1.151527
v 0.116565 -0.060049 1.151527
v 0.116565 -0.052985 0.897201
v 0.116565 -0.052985 0.897201
v 0.116565 -0.045919 0.833621
v 0.116565 -0.045919 0.833621
v 0.116565 0.681731 0.438003
v 0.116565 0.681731 0.438003
v 0.116565 0.681731 0.438003
v 0.116565 0.681731 0.438003
v 0.116565 0.681731 0.438003
v 0.116565 0.681731 0.438003
v 0.123631 0.257857 2.458473
v 0.123631 0.257857 2.458473
v 0.123631 0.257857 2.458473
v 0.123631 0.264921 2.599764
v 0.123631 0.264921 2.599764
v 0.123631 0.264921 2.599764
v 0.123631 0.264921 2.599764
v 0.123631 0.017660 2.684540
v 0.123629 -0.427407 2.861155
v 0.123629 -0.427407 2.861155
v 0.123629 -0.427407 2.861155
v 0.123631 0.307310 2.889414
v 0.123631 0.307310 2.889414
v 0.123631 0.307310 2.889414
v 0.123631 0.363825 2.903542
v 0.123631 0.363825 2.903542
v 0.123631 0.363825 2.903542
v 0.123631 0.363825 2.903542
v 0.123631 0.335567 2.952993
v 0.123631 0.335567 2.952993
v 0.123631 0.335567 2.952993
v 0.123631 0.335567 2.952993
v 0.123629 -0.201341 2.967124
v 0.123629 -0.201341 2.967124
v 0.123629 -0.201341 2.967124
v 0.123629 -0.201341 2.967124
v 0.123629 -0.201341 2.967124
v 0.123629 -0.052985 3.164931
v 0.123629 -0.052985 3.164931
v 0.123629 -0.052985 3.164931
v 0.123629 -0.052985 3.164931
v 0.123629 -0.052985 3.164931
v 0.123631 0.144824 3.235577
v 0.123631 0.144824 3.235577
v 0.123631 0.144824 3.235577
v 0.123631 0.173082 3.285030
v 0.123631 0.173082 3.285030
v 0.123631 0.173082 3.285030
v 0.123631 0.194275 3.292094
v 0.123631 0.194275 3.292094
v 0.123631 0.194275 3.292094
v 0.123629 -0.144824 3.313288
v 0.123629 -0.144824 3.313288
v 0.123629 -0.144824 3.313288
v 0.123629 -0.144824 3.313288
v 0.123629 -0.144824 3.313288
v 0.123629 -0.144824 3.313288
v 0.123629 -0.144824 3.313288
v 0.123629 -0.144824 3.313288
v 0.123629 -0.144824 3.313288
v 0.123629 -0.144824 3.313288
v 0.123629 -0.144824 3.313288
v 0.123631 0.151888 3.546418
v 0.123631 0.151888 3.546418
v 0.123631 0.151888 3.546418
v 0.123629 -0.102437 1.737886
v 0.123629 -0.102437 1.737886
v 0.123629 -0.088308 1.667240
v 0.123629 -0.088308 1.667240
v 0.123629 -0.088308 1.667240
v 0.123631 0.137760 1.087946
v 0.123631 0.137760 1.087946
v 0.123631 0.137760 1.087946
v 0.123629 -0.052985 1.087946
v 0.123629 -0.052985 1.087946
v 0.123629 -0.060049 1.080881
v 0.123629 -0.060049 1.080881
v 0.123629 -0.060049 1.080881
v 0.123629 -0.060049 1.080881
v 0.123631 -0.045919 1.059687
v 0.123631 -0.045919 1.059687
v 0.123631 -0.045919 1.059687
v 0.123631 -0.045919 1.059687
v 0.123629 -0.060049 1.059687
v 0.123629 -0.060049 1.059687
v 0.123629 -0.060049 1.059687
v 0.123631 0.060049 0.996105
v 0.123631 0.060049 0.996105
v 0.123631 0.060049 0.996105
v 0.123631 0.702926 0.543972
v 0.123631 0.702926 0.543972
v 0.123631 0.702926 0.543972
v 0.123631 0.702926 0.543972
v 0.130695 0.307310 2.423150
v 0.130695 0.307310 2.423150
v 0.130695 0.307310 2.423150
v 0.130695 -0.088308 2.684540
v 0.130695 -0.088308 2.684540
v 0.130695 -0.088308 2.684540
v 0.130695 0.194275 2.797573
v 0.130695 0.194275 2.797573
v 0.130695 0.194275 2.797573
v 0.130695 0.349697 2.839960
v 0.130695 0.349697 2.839960
v 0.130695 0.201341 2.854091
v 0.130695 0.201341 2.854091
v 0.130695 0.215470 2.882347
v 0.130695 0.215470 2.882347
v 0.130695 0.215470 2.882347
v 0.130695 0.215470 2.882347
v 0.130695 0.215470 2.882347
v 0.130695 0.215470 2.882347
v 0.130695 0.215470 2.882347
v 0.130695 -0.194277 2.889414
v 0.130695 -0.194277 2.889414
v 0.130695 -0.194277 2.889414
v 0.130695 0.215470 2.903542
v 0.130695 -0.067114 3.087221
v 0.130695 -0.067114 3.087221
v 0.130695 -0.067114 3.087221
v 0.130695 -0.067114 3.087221
v 0.130695 -0.052985 3.115479
v 0.130695 -0.052985 3.115479
v 0.130695 -0.052985 3.115479
v 0.130695 -0.130695 3.171997
v 0.130695 -0.130695 3.171997
v 0.130695 -0.130695 3.171997
v 0.130695 -0.109501 3.214384
v 0.130695 -0.109501 3.214384
v 0.130695 -0.109501 3.214384
v 0.130695 -0.109501 3.214384
v 0.130695 0.151888 3.334481
v 0.130695 0.151888 3.334481
v 0.130695 0.151888 3.334481
v 0.130695 0.257857 3.433385
v 0.130695 0.257857 3.433385
v 0.130695 0.257857 3.433385
v 0.130695 0.257857 3.433385
v 0.130695 0.257857 3.433385
v 0.130695 0.208405 3.546418
v 0.130695 0.208405 3.546418
v 0.130695 0.208405 3.546418
v 0.130695 0.208405 3.546418
v 0.130695 0.208405 3.546418
v 0.130695 0.017660 3.610000
v 0.130695 0.017660 3.610000
v 0.130695 0.060049 3.610000
v 0.137760 -0.455666 2.105244
v 0.137760 -0.455666 2.105244
v 0.137760 -0.455666 2.105244
v 0.137760 -0.455666 2.733992
v 0.137760 -0.455666 2.733992
v 0.137760 -0.455666 2.733992
v 0.137760 -0.427407 2.769315
v 0.137760 -0.427407 2.769315
v 0.137760 -0.427407 2.769315
v 0.137760 -0.427407 2.769315
v 0.137760 -0.427407 2.769315
v 0.137760 -0.427407 2.769315
v 0.137760 0.144824 2.783445
v 0.137760 0.144824 2.783445
v 0.137760 -0.349697 2.818768
v 0.137760 -0.349697 2.818768
v 0.137760 0.187211 2.882347
v 0.137760 0.187211 2.882347
v 0.137760 0.123629 3.235577
v 0.137760 0.123629 3.235577
v 0.137760 0.123629 3.235577
v 0.137760 0.137760 3.334481
v 0.137760 0.137760 3.334481
v 0.137760 0.137760 3.334481
v 0.137760 0.137760 3.334481
v 0.137760 0.222534 3.376868
v 0.137760 0.222534 3.376868
v 0.137760 0.222534 3.376868
v 0.137760 0.194275 3.390998
v 0.137760 0.194275 3.390998
v 0.137760 0.194275 3.390998
v 0.137760 0.194275 3.390998
v 0.137760 0.194275 3.390998
v 0.137760 0.194275 3.390998
v 0.137760 0.194275 3.390998
v 0.137760 0.194275 3.390998
v 0.137760 0.194275 3.390998
v 0.137760 0.187211 3.468708
v 0.137760 0.187211 3.468708
v 0.137760 0.187211 3.468708
v 0.137760 0.187211 3.468708
v 0.137760 0.187211 3.468708
v 0.137760 0.187211 3.468708
v 0.137760 0.187211 3.468708
v 0.137760 0.187211 3.468708
v 0.137760 0.187211 3.468708
v 0.137760 0.187211 3.468708
v 0.137760 0.187211 3.468708
v 0.137760 0.187211 3.468708
v 0.137760 0.187211 3.468708
v 0.137760 0.187211 3.468708
v 0.137760 0.187211 3.468708
v 0.137760 0.187211 3.468708
v 0.137760 0.187211 3.468708
v 0.137760 0.187211 3.468708
v 0.137760 0.187211 3.468708
v 0.137760 0.187211 3.468708
v 0.137760 0.187211 3.468708
v 0.137760 0.102437 3.595872
v 0.137760 0.102437 3.595872
v 0.137760 -0.010596 3.595872
v 0.137760 -0.010596 3.595872
v 0.137760 -0.045919 3.610000
v 0.137760 -0.045919 3.610000
v 0.137760 -0.088308 3.610000
v 0.137760 -0.088308 3.610000
v 0.137760 -0.045919 0.989041
v 0.137760 -0.045919 0.989041
v 0.137760 -0.045919 0.989041
v 0.137760 0.067114 0.904267
v 0.137760 0.067114 0.904267
v 0.137760 0.067114 0.904267
v 0.137760 0.067114 0.904267
v 0.137760 0.067114 0.904267
v 0.137760 0.067114 0.904267
v 0.137760 0.067114 0.904267
v 0.137760 0.067114 0.904267
v 0.144824 0.385020 2.472603
v 0.144824 0.385020 2.472603
v 0.144824 0.385020 2.472603
v 0.144824 -0.448601 2.797573
v 0.144824 -0.448601 2.797573
v 0.144824 -0.448601 2.797573
v 0.144824 -0.448601 2.797573
v 0.144824 -0.448601 2.797573
v 0.144824 0.236664 2.847025
v 0.144824 0.236664 2.847025
v 0.144824 0.236664 2.847025
v 0.144824 0.236664 2.847025
v 0.144824 0.236664 2.847025
v 0.144824 0.385020 2.931801
v 0.144824 0.385020 2.931801
v 0.144824 0.385020 2.931801
v 0.144824 0.385020 2.931801
v 0.144824 0.342633 2.945929
v 0.144824 0.342633 2.945929
v 0.144824 0.342633 2.945929
v 0.144824 0.342633 2.945929
v 0.144824 0.321438 2.974188
v 0.144824 0.321438 2.974188
v 0.144824 0.321438 2.974188
v 0.144824 0.321438 2.974188
v 0.144824 -0.158954 3.221448
v 0.144824 -0.158954 3.221448
v 0.144824 -0.158954 3.221448
v 0.144824 0.109501 3.235577
v 0.144824 0.109501 3.235577
v 0.144824 0.109501 3.235577
v 0.144824 -0.187211 3.270899
v 0.144824 -0.187211 3.270899
v 0.144824 -0.187211 3.270899
v 0.144824 -0.187211 3.270899
v 0.144824 0.201341 3.292094
v 0.144824 -0.208405 3.292094
v 0.144824 -0.208405 3.292094
v 0.144824 -0.208405 3.292094
v 0.144824 -0.208405 3.292094
v 0.144824 -0.208405 3.292094
v 0.144824 0.540440 1.730822
v 0.144824 0.540440 1.730822
v 0.144824 0.540440 1.730822
v 0.144824 0.540440 1.730822
v 0.144824 0.540440 1.730822
v 0.144824 0.667603 0.473326
v 0.144824 0.667603 0.473326
v 0.144824 0.667603 0.473326
v 0.144824 0.667603 0.473326
v 0.144824 0.667603 0.473326
v 0.144824 0.724120 0.466262
v 0.144824 0.724120 0.466262
v 0.144824 0.724120 0.466262
v 0.151888 0.307310 2.500862
v 0.151888 0.307310 2.500862
v 0.151888 0.307310 2.500862
v 0.151888 0.307310 2.500862
v 0.151888 0.307310 2.500862
v 0.151888 0.462730 2.705733
v 0.151888 0.462730 2.705733
v 0.151888 0.462730 2.705733
v 0.151888 -0.448601 2.755186
v 0.151888 -0.448601 2.755186
v 0.151888 -0.448601 2.755186
v 0.151888 -0.448601 2.755186
v 0.151888 -0.448601 2.755186
v 0.151888 -0.448601 2.755186
v 0.151888 -0.448601 2.755186
v 0.151888 -0.377956 2.762250
v 0.151888 -0.377956 2.762250
v 0.151888 -0.377956 2.762250
v 0.151888 0.250792 2.861155
v 0.151888 0.250792 2.861155
v 0.151888 -0.194277 2.931801
v 0.151888 0.215470 2.945929
v 0.151888 0.215470 2.945929
v 0.151888 0.215470 2.945929
v 0.151888 0.215470 2.945929
v 0.151888 -0.286115 3.016575
v 0.151888 -0.286115 3.016575
v 0.151888 -0.286115 3.016575
v 0.151888 0.279051 3.037769
v 0.151888 0.279051 3.037769
v 0.151888 0.257857 3.066028
v 0.151888 0.257857 3.066028
v 0.151888 0.208405 3.228512
v 0.151888 0.208405 3.228512
v 0.151888 -0.116565 3.228512
v 0.151888 -0.116565 3.228512
v 0.151888 -0.130695 3.228512
v 0.151888 -0.130695 3.228512
v 0.151888 -0.166018 3.320353
v 0.151888 -0.166018 3.320353
v 0.151888 -0.166018 3.320353
v 0.151888 -0.144824 3.327417
v 0.151888 -0.144824 3.327417
v 0.151888 -0.144824 3.327417
v 0.151888 0.151888 3.553483
v 0.151888 -0.130695 3.588805
v 0.151888 -0.130695 3.588805
v 0.151888 0.540440 0.706458
v 0.151888 0.540440 0.706458
v 0.151888 0.540440 0.706458
v 0.151888 0.540440 0.706458
v 0.151888 0.540440 0.706458
v 0.158952 -0.363825 2.062857
v 0.158952 -0.363825 2.062857
v 0.158952 -0.363825 2.062857
v 0.158952 -0.293179 2.239471
v 0.158954 0.377956 2.733992
v 0.158954 0.377956 2.733992
v 0.158954 0.377956 2.733992
v 0.158952 -0.151888 2.769315
v 0.158952 -0.151888 2.769315
v 0.158952 -0.151888 2.769315
v 0.158954 0.201341 2.861155
v 0.158954 0.201341 2.861155
v 0.158954 0.201341 2.861155
v 0.158954 0.180147 2.868219
v 0.158954 0.180147 2.868219
v 0.158954 0.180147 2.868219
v 0.158954 0.293179 2.967124
v 0.158954 0.293179 2.967124
v 0.158954 0.293179 2.967124
v 0.158954 0.293179 2.967124
v 0.158952 -0.250792 3.044834
v 0.158952 -0.250792 3.044834
v 0.158952 -0.250792 3.044834
v 0.158952 -0.222534 3.058962
v 0.158952 -0.222534 3.058962
v 0.158952 -0.187211 3.073092
v 0.158952 -0.187211 3.073092
v 0.158952 -0.187211 3.073092
v 0.158952 -0.187211 3.073092
v 0.158954 0.229598 3.087221
v 0.158954 0.229598 3.087221
v 0.158954 0.229598 3.087221
v 0.158954 0.229598 3.087221
v 0.158954 0.144824 3.263835
v 0.158954 0.144824 3.263835
v 0.158954 0.144824 3.263835
v 0.158954 0.144824 3.263835
v 0.158954 0.144824 3.263835
v 0.158954 0.137760 3.313288
v 0.158954 0.137760 3.313288
v 0.158954 0.137760 3.313288
v 0.158954 0.137760 3.313288
v 0.158954 0.137760 3.313288
v 0.158954 0.137760 3.313288
v 0.158954 0.137760 3.313288
v 0.158954 0.158952 3.313288
v 0.158954 0.158952 3.313288
v 0.158954 0.158952 3.313288
v 0.158954 0.222534 3.369804
v 0.158954 0.222534 3.369804
v 0.158954 0.222534 3.369804
v 0.158952 -0.208405 3.376868
v 0.158952 -0.208405 3.376868
v 0.158952 -0.208405 3.376868
v 0.158952 -0.208405 3.376868
v 0.158952 -0.208405 3.376868
v 0.158952 -0.208405 3.376868
v 0.158952 -0.208405 3.376868
v 0.158954 0.236664 3.398063
v 0.158954 0.236664 3.398063
v 0.158954 0.236664 3.398063
v 0.158954 0.236664 3.398063
v 0.158954 0.187211 3.475773
v 0.158954 0.187211 3.475773
v 0.158954 0.187211 3.475773
v 0.158954 0.187211 3.496967
v 0.158954 0.187211 3.496967
v 0.158952 -0.547504 1.752017
v 0.158952 -0.547504 1.752017
v 0.158952 -0.547504 1.752017
v 0.158952 -0.547504 1.752017
v 0.158952 -0.547504 1.752017
v 0.158954 0.222534 1.222173
v 0.158954 0.222534 1.222173
v 0.158954 0.222534 1.222173
v 0.158952 0.024727 1.158591
v 0.158952 0.024727 1.158591
v 0.158952 0.024727 1.095010
v 0.158952 0.024727 1.066751
v 0.158952 0.024727 1.066751
v 0.158952 0.024727 1.066751
v 0.158952 0.024727 1.066751
v 0.158952 -0.038855 0.904267
v 0.158952 -0.038855 0.904267
v 0.158952 -0.038855 0.904267
v 0.158952 -0.038855 0.904267
v 0.158954 0.568698 0.713522
v 0.158954 0.604021 0.466262
v 0.158954 0.604021 0.466262
v 0.158954 0.604021 0.466262
v 0.158954 0.604021 0.466262
v 0.158954 0.604021 0.466262
v 0.158954 0.604021 0.466262
v 0.158954 0.674667 0.423875
v 0.158954 0.674667 0.423875
v 0.158954 0.702926 0.374423
v 0.158954 0.702926 0.374423
v 0.166018 -0.158954 1.935695
v 0.166018 -0.158954 1.935695
v 0.166018 -0.158954 1.935695
v 0.166018 -0.158954 1.935695
v 0.166018 -0.158954 1.935695
v 0.166018 -0.158954 1.935695
v 0.166018 0.314374 2.041664
v 0.166018 0.314374 2.041664
v 0.166018 0.314374 2.041664
v 0.166018 0.279051 2.804637
v 0.166018 0.279051 2.804637
v 0.166018 0.314374 2.960059
v 0.166018 0.314374 2.960059
v 0.166018 0.314374 2.960059
v 0.166018 0.314374 2.960059
v 0.166018 0.314374 2.960059
v 0.166018 0.194275 3.094285
v 0.166018 0.194275 3.094285
v 0.166018 0.074178 3.108415
v 0.166018 0.074178 3.108415
v 0.166018 0.074178 3.108415
v 0.166018 0.052983 3.207320
v 0.166018 0.052983 3.207320
v 0.166018 0.052983 3.207320
v 0.166018 0.052983 3.207320
v 0.166018 0.052983 3.207320
v 0.166018 0.130695 3.270899
v 0.166018 0.130695 3.270899
v 0.166018 0.130695 3.270899
v 0.166018 0.130695 3.270899
v 0.166018 0.130695 3.270899
v 0.166018 0.130695 3.270899
v 0.166018 -0.215470 3.292094
v 0.166018 -0.215470 3.292094
v 0.166018 0.243728 3.306222
v 0.166018 0.243728 3.306222
v 0.166018 -0.173082 3.546418
v 0.166018 0.173082 3.553483
v 0.166018 0.173082 3.553483
v 0.166018 0.173082 3.553483
v 0.166018 0.173082 3.553483
v 0.166018 0.229598 1.243366
v 0.166018 0.229598 1.243366
v 0.166018 0.229598 1.243366
v 0.166018 0.201341 1.222173
v 0.166018 0.201341 1.222173
v 0.166018 0.201341 1.222173
v 0.166018 -0.031791 1.158591
v 0.166018 -0.031791 1.158591
v 0.166018 0.031791 1.095010
v 0.166018 0.031791 1.095010
v 0.166018 0.031791 1.095010
v 0.166018 0.031791 1.095010
v 0.166018 -0.017662 1.087946
v 0.166018 0.031791 1.066751
v 0.166018 0.031791 1.066751
v 0.166018 0.031791 1.066751
v 0.166018 -0.010596 1.066751
v 0.166018 -0.010596 1.066751
v 0.166018 -0.010596 1.066751
v 0.166018 0.024727 0.727653
v 0.166018 0.024727 0.727653
v 0.166018 0.024727 0.727653
v 0.166018 0.024727 0.727653
v 0.166018 -0.003532 0.727653
v 0.166018 -0.003532 0.727653
v 0.166018 -0.003532 0.727653
v 0.166018 -0.540440 0.621684
v 0.166018 -0.540440 0.621684
v 0.166018 -0.540440 0.621684
v 0.166018 -0.639344 0.423875
v 0.166018 -0.639344 0.423875
v 0.166018 -0.639344 0.423875
v 0.166018 -0.639344 0.423875
v 0.173082 -0.060049 1.956888
v 0.173082 -0.060049 1.956888
v 0.173082 -0.060049 1.956888
v 0.173082 -0.060049 1.956888
v 0.173082 -0.406214 2.098180
v 0.173082 -0.406214 2.098180
v 0.173082 -0.406214 2.098180
v 0.173082 -0.406214 2.098180
v 0.173082 0.024727 2.776379
v 0.173082 0.187211 2.811702
v 0.173082 0.187211 2.811702
v 0.173082 0.194275 2.896478
v 0.173082 0.335567 2.974188
v 0.173082 0.335567 2.974188
v 0.173082 0.335567 2.974188
v 0.173082 0.335567 2.974188
v 0.173082 0.060049 3.136674
v 0.173082 0.060049 3.136674
v 0.173082 0.060049 3.136674
v 0.173082 -0.052985 3.200254
v 0.173082 -0.052985 3.200254
v 0.173082 -0.052985 3.200254
v 0.173082 -0.052985 3.200254
v 0.173082 -0.052985 3.200254
v 0.173082 -0.052985 3.200254
v 0.173082 -0.215470 3.228512
v 0.173082 -0.215470 3.228512
v 0.173082 -0.215470 3.228512
v 0.173082 0.166018 3.249707
v 0.173082 0.166018 3.249707
v 0.173082 -0.166018 3.299158
v 0.173082 -0.166018 3.299158
v 0.173082 -0.166018 3.299158
v 0.173082 -0.166018 3.299158
v 0.173082 -0.166018 3.299158
v 0.173082 0.222534 3.398063
v 0.173082 0.222534 3.398063
v 0.173082 0.222534 3.398063
v 0.173082 0.222534 3.398063
v 0.173082 -0.229600 3.398063
v 0.173082 -0.229600 3.398063
v 0.173082 -0.229600 3.398063
v 0.173082 -0.201341 3.496967
v 0.173082 -0.201341 3.496967
v 0.173082 0.010596 1.547143
v 0.173082 0.010596 1.547143
v 0.173082 0.201341 1.243366
v 0.173082 0.201341 1.243366
v 0.173082 0.201341 1.243366
v 0.173082 -0.024727 1.087946
v 0.173082 -0.024727 1.087946
v 0.173082 -0.024727 1.087946
v 0.173082 -0.024727 1.087946
v 0.173082 -0.017662 1.066751
v 0.173082 -0.017662 1.066751
v 0.173082 -0.017662 1.066751
v 0.173082 -0.017662 1.066751
v 0.173082 0.038855 0.876008
v 0.173082 0.038855 0.876008
v 0.173082 0.038855 0.876008
v 0.173082 0.038855 0.876008
v 0.173082 0.038855 0.876008
v 0.180147 0.406212 1.893306
v 0.180147 0.406212 1.893306
v 0.180147 0.406212 1.893306
v 0.180147 0.406212 1.893306
v 0.180147 -0.392084 2.027534
v 0.180147 -0.392084 2.027534
v 0.180147 -0.392084 2.027534
v 0.180147 -0.392084 2.027534
v 0.180147 -0.392084 2.027534
v 0.180147 -0.392084 2.027534
v 0.180147 -0.229600 2.182956
v 0.180147 -0.229600 2.182956
v 0.180147 -0.229600 2.182956
v 0.180147 -0.151888 2.416086
v 0.180147 -0.151888 2.416086
v 0.180147 -0.151888 2.416086
v 0.180147 0.385020 2.733992
v 0.180147 0.385020 2.733992
v 0.180147 0.441535 2.762250
v 0.180147 0.441535 2.762250
v 0.180147 0.441535 2.762250
v 0.180147 0.441535 2.762250
v 0.180147 0.441535 2.762250
v 0.180147 0.441535 2.762250
v 0.180147 0.328502 2.924736
v 0.180147 0.328502 2.924736
v 0.180147 0.328502 2.924736
v 0.180147 0.328502 2.924736
v 0.180147 0.328502 2.924736
v 0.180147 0.102437 3.094285
v 0.180147 0.102437 3.094285
v 0.180147 0.102437 3.094285
v 0.180147 0.102437 3.094285
v 0.180147 0.102437 3.094285
v 0.180147 0.102437 3.094285
v 0.180147 -0.158954 3.242643
v 0.180147 -0.158954 3.242643
v 0.180147 -0.151888 3.256771
v 0.180147 -0.151888 3.256771
v 0.180147 -0.151888 3.256771
v 0.180147 -0.130695 3.263835
v 0.180147 -0.130695 3.263835
v 0.180147 -0.130695 3.263835
v 0.180147 -0.130695 3.263835
v 0.180147 -0.130695 3.263835
v 0.180147 -0.144824 3.306222
v 0.180147 -0.144824 3.306222
v 0.180147 -0.144824 3.306222
v 0.180147 -0.144824 3.306222
v 0.180147 -0.144824 3.306222
v 0.180147 -0.201341 3.468708
v 0.180147 -0.201341 3.482837
v 0.180147 -0.201341 3.482837
v 0.180147 -0.201341 3.482837
v 0.180147 0.166018 3.539354
v 0.180147 0.166018 3.539354
v 0.180147 0.166018 3.539354
v 0.180147 0.166018 3.539354
v 0.180147 -0.081242 1.540079
v 0.180147 -0.081242 1.540079
v 0.180147 -0.010596 0.876008
v 0.180147 -0.010596 0.876008
v 0.180147 -0.010596 0.876008
v 0.180147 -0.010596 0.876008
v 0.180147 -0.010596 0.876008
v 0.180147 0.540440 0.713522
v 0.180147 -0.589893 0.494521
v 0.180147 -0.589893 0.494521
v 0.180147 -0.589893 0.494521
v 0.180147 0.660539 0.395616
v 0.180147 0.660539 0.395616
v 0.180147 0.660539 0.395616
v 0.180147 0.660539 0.395616
v 0.180147 -0.724120 0.339101
v 0.187211 0.413278 2.486731
v 0.187211 0.413278 2.486731
v 0.187211 0.413278 2.486731
v 0.187211 -0.109501 2.769315
v 0.187211 -0.109501 2.769315
v 0.187211 0.215470 2.875283
v 0.187211 0.215470 2.875283
v 0.187211 0.215470 2.875283
v 0.187211 0.335567 2.938865
v 0.187211 0.335567 2.938865
v 0.187211 0.215470 2.974188
v 0.187211 0.215470 2.974188
v 0.187211 0.215470 2.974188
v 0.187211 0.215470 2.974188
v 0.187211 -0.045919 3.129608
v 0.187211 -0.045919 3.129608
v 0.187211 -0.045919 3.129608
v 0.187211 -0.045919 3.129608
v 0.187211 -0.045919 3.129608
v 0.187211 -0.250792 3.327417
v 0.187211 -0.250792 3.327417
v 0.187211 -0.250792 3.327417
v 0.187211 0.250792 3.468708
v 0.187211 0.250792 3.468708
v 0.187211 0.250792 3.468708
v 0.187211 0.229598 3.525226
v 0.187211 0.229598 3.525226
v 0.187211 0.229598 3.525226
v 0.187211 0.229598 3.525226
v 0.187211 0.229598 3.525226
v 0.187211 0.229598 3.525226
v 0.187211 0.017660 1.419980
v 0.187211 0.017660 1.419980
v 0.187211 0.017660 1.419980
v 0.187211 0.003532 0.727653
v 0.187211 0.003532 0.727653
v 0.187211 0.003532 0.727653
v 0.187211 0.024727 0.727653
v 0.187211 0.024727 0.727653
v 0.187211 0.024727 0.727653
v 0.187211 0.024727 0.727653
v 0.187211 -0.490988 0.727653
v 0.194277 0.187211 2.246535
v 0.194277 0.187211 2.246535
v 0.194277 0.187211 2.246535
v 0.194277 0.187211 2.246535
v 0.194277 -0.003532 2.423150
v 0.194277 0.300244 2.522054
v 0.194277 0.300244 2.522054
v 0.194277 0.300244 2.522054
v 0.194277 0.300244 2.522054
v 0.194277 0.476860 2.733992
v 0.194277 0.476860 2.733992
v 0.194277 0.476860 2.733992
v 0.194277 0.476860 2.733992
v 0.194275 -0.173082 2.861155
v 0.194275 -0.173082 2.861155
v 0.194277 0.236664 2.938865
v 0.194277 0.236664 2.938865
v 0.194277 0.377956 2.938865
v 0.194277 0.377956 2.938865
v 0.194277 0.201341 2.988316
v 0.194277 0.201341 2.988316
v 0.194275 -0.060049 3.101351
v 0.194275 -0.060049 3.101351
v 0.194275 -0.060049 3.101351
v 0.194275 -0.060049 3.101351
v 0.194277 0.257857 3.306222
v 0.194277 0.257857 3.306222
v 0.194277 0.236664 3.383934
v 0.194277 0.236664 3.383934
v 0.194277 0.194275 3.398063
v 0.194277 0.194275 3.398063
v 0.194277 0.194275 3.398063
v 0.194277 0.194275 3.398063
v 0.194277 0.194275 3.398063
v 0.194277 0.194275 3.398063
v 0.194277 0.194275 3.398063
v 0.194277 0.229598 3.405127
v 0.194277 0.229598 3.405127
v 0.194277 0.229598 3.405127
v 0.194277 0.229598 3.405127
v 0.194275 -0.067114 1.412916
v 0.194275 -0.067114 1.412916
v 0.194275 -0.067114 1.412916
v 0.194275 -0.512181 0.720586
v 0.194275 -0.512181 0.720586
v 0.194275 -0.512181 0.685264
v 0.194275 -0.512181 0.678199
v 0.194277 0.547504 0.664071
v 0.194277 0.547504 0.664071
v 0.194277 0.547504 0.664071
v 0.194277 0.547504 0.664071
v 0.194277 0.547504 0.664071
v 0.194277 0.547504 0.664071
v 0.194277 0.547504 0.664071
v 0.194275 -0.512181 0.558102
v 0.194275 -0.512181 0.558102
v 0.194277 0.695862 0.445069
v 0.194277 0.695862 0.445069
v 0.194277 0.695862 0.445069
v 0.194277 0.695862 0.445069
v 0.194277 0.695862 0.445069
v 0.201341 0.363825 2.882347
v 0.201341 0.363825 2.882347
v 0.201341 0.194275 2.896478
v 0.201341 0.194275 2.896478
v 0.201341 0.194275 2.896478
v 0.201341 0.194275 2.896478
v 0.201341 0.321438 2.988316
v 0.201341 0.321438 2.988316
v 0.201341 0.321438 2.988316
v 0.201341 0.321438 2.988316
v 0.201341 0.201341 3.016575
v 0.201341 0.201341 3.016575
v 0.201341 0.222534 3.016575
v 0.201341 0.222534 3.016575
v 0.201341 0.222534 3.016575
v 0.201341 0.222534 3.016575
v 0.201341 0.201341 3.398063
v 0.201341 0.201341 3.398063
v 0.201341 0.180147 3.539354
v 0.201341 0.180147 3.539354
v 0.201341 0.180147 3.539354
v 0.201341 0.180147 3.539354
v 0.201341 0.505117 1.681371
v 0.201341 0.505117 1.681371
v 0.201341 0.505117 1.681371
v 0.201341 0.505117 1.681371
v 0.201341 0.505117 1.681371
v 0.201341 0.717054 0.360293
v 0.208405 0.363825 1.815596
v 0.208405 0.363825 1.815596
v 0.208405 0.363825 1.815596
v 0.208405 0.363825 1.815596
v 0.208405 0.498053 2.635087
v 0.208405 0.498053 2.635087
v 0.208405 0.498053 2.635087
v 0.208405 0.498053 2.635087
v 0.208405 0.476858 2.755186
v 0.208405 0.476858 2.755186
v 0.208405 0.476858 2.755186
v 0.208405 0.476858 2.755186
v 0.208405 0.201341 2.832896
v 0.208405 0.201341 2.832896
v 0.208405 0.201341 2.832896
v 0.208405 0.201341 2.832896
v 0.208405 0.222534 2.839960
v 0.208405 0.222534 2.839960
v 0.208405 0.222534 2.839960
v 0.208405 0.222534 2.839960
v 0.208405 0.222534 2.839960
v 0.208405 0.264921 2.896478
v 0.208405 0.264921 2.896478
v 0.208405 0.264921 2.896478
v 0.208405 0.264921 2.896478
v 0.208405 0.264921 2.896478
v 0.208405 0.208405 2.924736
v 0.208405 0.208405 2.924736
v 0.208405 0.208405 2.924736
v 0.208405 0.236664 2.924736
v 0.208405 0.236664 2.924736
v 0.208405 0.236664 2.924736
v 0.208405 0.236664 2.924736
v 0.208405 0.236664 2.924736
v 0.208405 0.314374 2.967124
v 0.208405 0.314374 2.967124
v 0.208405 -0.173082 3.143738
v 0.208405 -0.173082 3.143738
v 0.208405 -0.173082 3.143738
v 0.208405 0.180147 3.150802
v 0.208405 0.180147 3.150802
v 0.208405 0.180147 3.150802
v 0.208405 0.003532 3.214384
v 0.208405 0.003532 3.214384
v 0.208405 0.003532 3.214384
v 0.208405 0.003532 3.214384
v 0.208405 0.215470 3.299158
v 0.208405 0.215470 3.299158
v 0.208405 -0.243728 3.412191
v 0.208405 -0.533376 1.709628
v 0.208405 -0.533376 1.709628
v 0.208405 -0.533376 1.709628
v 0.208405 -0.533376 1.709628
v 0.208405 -0.533376 1.709628
v 0.208405 -0.533376 1.709628
v 0.215470 0.024727 2.861155
v 0.215470 0.215470 2.896478
v 0.215470 0.215470 2.896478
v 0.215470 0.215470 2.896478
v 0.215470 -0.187211 2.924736
v 0.215470 -0.187211 2.924736
v 0.215470 -0.187211 2.931801
v 0.215470 -0.187211 2.931801
v 0.215470 -0.187211 2.931801
v 0.215470 -0.187211 2.931801
v 0.215470 -0.187211 2.931801
v 0.215470 0.293179 2.988316
v 0.215470 0.293179 2.988316
v 0.215470 0.293179 2.988316
v 0.215470 0.293179 2.988316
v 0.215470 -0.279051 2.995382
v 0.215470 -0.279051 2.995382
v 0.215470 -0.279051 2.995382
v 0.215470 -0.081242 3.087221
v 0.215470 -0.081242 3.087221
v 0.215470 -0.081242 3.087221
v 0.215470 -0.081242 3.087221
v 0.215470 -0.081242 3.087221
v 0.215470 0.010596 3.108415
v 0.215470 0.010596 3.108415
v 0.215470 0.010596 3.108415
v 0.215470 0.010596 3.108415
v 0.215470 0.010596 3.108415
v 0.215470 0.010596 3.108415
v 0.215470 0.010596 3.136674
v 0.215470 0.010596 3.136674
v 0.215470 0.010596 3.136674
v 0.215470 0.010596 3.136674
v 0.215470 0.010596 3.136674
v 0.215470 0.010596 3.136674
v 0.215470 0.010596 3.136674
v 0.215470 -0.264923 3.334481
v 0.215470 -0.264923 3.334481
v 0.215470 -0.264923 3.334481
v 0.215470 -0.201341 3.383934
v 0.215470 -0.201341 3.383934
v 0.215470 -0.201341 3.383934
v 0.215470 -0.201341 3.383934
v 0.215470 -0.201341 3.383934
v 0.215470 -0.201341 3.383934
v 0.215470 0.222534 3.419257
v 0.215470 0.222534 3.419257
v 0.215470 0.222534 3.419257
v 0.215470 0.222534 3.440450
v 0.215470 0.222534 3.440450
v 0.215470 0.222534 3.440450
v 0.215470 0.187211 3.525226
v 0.215470 0.187211 3.525226
v 0.215470 0.187211 3.525226
v 0.215470 0.052983 0.974913
v 0.215470 0.052983 0.974913
v 0.215470 0.052983 0.974913
v 0.215470 0.052983 0.974913
v 0.215470 0.052983 0.904267
v 0.215470 0.052983 0.904267
v 0.215470 0.052983 0.904267
v 0.215470 0.052983 0.904267
v 0.215470 0.476858 0.727653
v 0.215470 -0.618152 0.635812
v 0.215470 -0.618152 0.635812
v 0.215470 -0.618152 0.635812
v 0.215470 -0.618152 0.635812
v 0.222534 -0.427407 1.886242
v 0.222534 -0.427407 1.886242
v 0.222534 -0.427407 1.886242
v 0.222534 -0.427407 1.886242
v 0.222534 -0.427407 1.886242
v 0.222534 0.328502 2.705733
v 0.222534 0.328502 2.705733
v 0.222534 -0.130695 2.854091
v 0.222534 -0.130695 2.854091
v 0.222534 -0.243728 3.030705
v 0.222534 -0.243728 3.030705
v 0.222534 -0.215470 3.051898
v 0.222534 -0.215470 3.051898
v 0.222534 -0.215470 3.051898
v 0.222534 -0.215470 3.051898
v 0.222534 -0.215470 3.051898
v 0.222534 -0.194277 3.073092
v 0.222534 -0.194277 3.073092
v 0.222534 -0.194277 3.073092
v 0.222534 -0.194277 3.073092
v 0.222534 0.215470 3.080156
v 0.222534 0.215470 3.080156
v 0.222534 0.215470 3.080156
v 0.222534 0.215470 3.080156
v 0.222534 0.010596 3.087221
v 0.222534 0.010596 3.087221
v 0.222534 0.010596 3.087221
v 0.222534 0.010596 3.087221
v 0.222534 0.010596 3.087221
v 0.222534 0.010596 3.087221
v 0.222534 0.010596 3.087221
v 0.222534 0.010596 3.087221
v 0.222534 0.010596 3.087221
v 0.222534 0.194275 3.263835
v 0.222534 0.194275 3.263835
v 0.222534 0.264921 3.299158
v 0.222534 0.264921 3.299158
v 0.222534 -0.215470 3.299158
v 0.222534 -0.215470 3.299158
v 0.222534 -0.208405 3.390998
v 0.222534 -0.208405 3.390998
v 0.222534 0.208405 3.489903
v 0.222534 0.208405 3.489903
v 0.222534 0.208405 3.489903
v 0.222534 0.208405 3.489903
v 0.222534 0.187211 3.496967
v 0.222534 0.187211 3.496967
v 0.222534 0.187211 3.496967
v 0.222534 0.187211 3.496967
v 0.222534 0.060049 3.595872
v 0.222534 0.060049 3.595872
v 0.222534 0.060049 3.595872
v 0.222534 -0.010596 3.602936
v 0.222534 -0.010596 3.602936
v 0.222534 -0.010596 3.602936
v 0.222534 -0.010596 3.602936
v 0.222534 0.434471 1.617789
v 0.222534 0.434471 1.617789
v 0.222534 -0.003532 0.974913
v 0.222534 -0.003532 0.974913
v 0.222534 -0.003532 0.974913
v 0.222534 -0.003532 0.904267
v 0.222534 -0.003532 0.904267
v 0.222534 -0.003532 0.904267
v 0.222534 -0.003532 0.904267
v 0.222534 0.490988 0.678199
v 0.222534 0.490988 0.678199
v 0.222534 0.490988 0.678199
v 0.222534 0.490988 0.678199
v 0.222534 0.604021 0.649941
v 0.222534 0.604021 0.649941
v 0.222534 0.604021 0.649941
v 0.222534 -0.674667 0.529843
v 0.222534 -0.674667 0.529843
v 0.222534 -0.561634 0.522779
v 0.222534 -0.561634 0.522779
v 0.222534 0.738249 0.310842
v 0.222534 0.738249 0.310842
v 0.229598 -0.349697 2.006341
v 0.229598 -0.349697 2.006341
v 0.229598 -0.349697 2.006341
v 0.229600 0.257857 2.896478
v 0.229600 0.257857 2.974188
v 0.229600 0.257857 2.974188
v 0.229600 0.257857 2.974188
v 0.229600 0.095372 2.988316
v 0.229600 0.095372 2.988316
v 0.229598 -0.279051 3.016575
v 0.229598 -0.279051 3.016575
v 0.229598 -0.173082 3.066028
v 0.229598 -0.173082 3.066028
v 0.229598 -0.173082 3.136674
v 0.229598 -0.173082 3.136674
v 0.229598 -0.173082 3.136674
v 0.229598 -0.173082 3.136674
v 0.229598 -0.173082 3.136674
v 0.229600 0.187211 3.143738
v 0.229600 0.187211 3.143738
v 0.229600 0.187211 3.143738
v 0.229600 0.187211 3.143738
v 0.229600 0.229598 3.235577
v 0.229600 0.229598 3.235577
v 0.229600 0.229598 3.235577
v 0.229600 0.229598 3.235577
v 0.229600 0.229598 3.235577
v 0.229598 -0.194277 3.256771
v 0.229598 -0.194277 3.256771
v 0.229600 0.222534 3.320353
v 0.229600 0.222534 3.320353
v 0.229600 0.222534 3.320353
v 0.229600 0.222534 3.320353
v 0.229600 0.215470 3.390998
v 0.229600 0.215470 3.390998
v 0.229600 0.208405 3.461644
v 0.229600 0.208405 3.461644
v 0.229600 0.208405 3.461644
v 0.229600 -0.081242 3.588805
v 0.229600 -0.081242 3.588805
v 0.229600 -0.081242 3.588805
v 0.229598 -0.406214 1.554208
v 0.229598 -0.406214 1.554208
v 0.229598 -0.406214 1.554208
v 0.229598 -0.406214 1.554208
v 0.229600 0.335567 1.525949
v 0.229600 0.335567 1.525949
v 0.229600 0.335567 1.525949
v 0.229600 0.498053 0.720586
v 0.229600 0.498053 0.720586
v 0.229600 0.498053 0.685264
v 0.229600 0.498053 0.685264
v 0.229598 -0.568698 0.664071
v 0.229598 -0.568698 0.664071
v 0.229598 -0.568698 0.664071
v 0.229600 0.540440 0.536908
v 0.229600 0.540440 0.536908
v 0.229600 0.540440 0.536908
v 0.229600 0.540440 0.536908
v 0.229600 0.540440 0.536908
v 0.229598 -0.596957 0.508649
v 0.229598 -0.596957 0.508649
v 0.229598 -0.596957 0.508649
v 0.229598 -0.646408 0.501585
v 0.229598 -0.646408 0.501585
v 0.229600 0.639344 0.480392
v 0.229600 0.639344 0.480392
v 0.229600 0.639344 0.480392
v 0.229600 0.639344 0.480392
v 0.229600 0.639344 0.480392
v 0.229600 0.639344 0.480392
v 0.229600 0.639344 0.480392
v 0.236664 0.455666 2.804637
v 0.236664 0.455666 2.804637
v 0.236664 0.222534 2.924736
v 0.236664 0.222534 2.924736
v 0.236664 0.222534 2.924736
v 0.236664 0.222534 2.924736
v 0.236664 -0.215470 2.952993
v 0.236664 -0.215470 2.952993
v 0.236664 -0.215470 2.952993
v 0.236664 -0.215470 2.952993
v 0.236664 -0.215470 2.952993
v 0.236664 0.293179 2.960059
v 0.236664 0.293179 2.960059
v 0.236664 0.293179 2.960059
v 0.236664 0.356761 2.960059
v 0.236664 0.356761 2.960059
v 0.236664 0.356761 2.960059
v 0.236664 0.024727 2.988316
v 0.236664 0.024727 2.988316
v 0.236664 0.300244 3.023639
v 0.236664 0.300244 3.023639
v 0.236664 0.300244 3.023639
v 0.236664 0.257857 3.242643
v 0.236664 0.257857 3.242643
v 0.236664 0.257857 3.242643
v 0.236664 0.109501 3.560549
v 0.236664 0.109501 3.560549
v 0.236664 -0.476860 1.638982
v 0.236664 -0.476860 1.638982
v 0.236664 -0.476860 1.638982
v 0.236664 -0.476860 1.638982
v 0.236664 -0.476860 1.638982
v 0.236664 -0.476860 1.638982
v 0.236664 0.540440 0.685264
v 0.236664 0.575763 0.671135
v 0.236664 -0.611086 0.551038
v 0.236664 -0.611086 0.551038
v 0.236664 -0.611086 0.551038
v 0.236664 -0.611086 0.551038
v 0.236664 -0.611086 0.551038
v 0.236664 -0.611086 0.551038
v 0.236664 -0.611086 0.551038
v 0.236664 -0.625216 0.445069
v 0.236664 -0.632280 0.211937
v 0.236664 -0.632280 0.211937
v 0.243728 0.279051 2.034598
v 0.243728 0.279051 2.034598
v 0.243728 0.498053 2.691605
v 0.243728 0.498053 2.691605
v 0.243728 0.498053 2.691605
v 0.243728 0.342633 2.712799
v 0.243728 0.342633 2.712799
v 0.243728 0.342633 2.712799
v 0.243728 0.342633 2.712799
v 0.243728 0.490988 2.755186
v 0.243728 0.490988 2.755186
v 0.243728 0.490988 2.755186
v 0.243728 0.300244 2.847025
v 0.243728 0.300244 2.847025
v 0.243728 0.264921 2.945929
v 0.243728 0.264921 2.945929
v 0.243728 0.264921 2.945929
v 0.243728 0.264921 2.945929
v 0.243728 0.264921 2.945929
v 0.243728 0.286115 2.974188
v 0.243728 0.286115 2.974188
v 0.243728 0.286115 2.974188
v 0.243728 0.286115 2.974188
v 0.243728 0.286115 2.974188
v 0.243728 0.286115 2.974188
v 0.243728 0.286115 2.974188
v 0.243728 0.286115 2.974188
v 0.243728 0.286115 2.974188
v 0.243728 -0.271987 2.988316
v 0.243728 -0.271987 2.988316
v 0.243728 0.293179 3.002447
v 0.243728 0.293179 3.002447
v 0.243728 0.215470 3.164931
v 0.243728 0.215470 3.164931
v 0.243728 0.215470 3.164931
v 0.243728 -0.222534 3.235577
v 0.243728 -0.222534 3.235577
v 0.243728 -0.222534 3.235577
v 0.243728 -0.222534 3.235577
v 0.243728 -0.222534 3.235577
v 0.243728 -0.222534 3.235577
v 0.243728 -0.222534 3.235577
v 0.243728 -0.222534 3.235577
v 0.243728 0.257857 3.320353
v 0.243728 0.257857 3.320353
v 0.243728 -0.264923 3.327417
v 0.243728 -0.264923 3.327417
v 0.243728 -0.264923 3.327417
v 0.243728 -0.222534 3.419257
v 0.243728 -0.222534 3.419257
v 0.243728 -0.222534 3.419257
v 0.243728 0.653473 0.572231
v 0.243728 0.653473 0.572231
v 0.243728 0.653473 0.572231
v 0.243728 0.653473 0.572231
v 0.243728 0.604021 0.494521
v 0.243728 0.681731 0.480392
v 0.243728 0.681731 0.480392
v 0.243728 0.681731 0.480392
v 0.243728 -0.688797 0.367357
v 0.243728 -0.688797 0.367357
v 0.243728 -0.688797 0.367357
v 0.250792 0.215470 2.861155
v 0.250792 0.215470 2.861155
v 0.250792 0.215470 2.861155
v 0.250792 0.215470 2.861155
v 0.250792 -0.173082 2.945929
v 0.250792 -0.173082 2.945929
v 0.250792 -0.173082 2.945929
v 0.250792 -0.173082 2.945929
v 0.250792 -0.173082 2.945929
v 0.250792 0.236664 2.952993
v 0.250792 0.236664 2.952993
v 0.250792 0.236664 2.952993
v 0.250792 0.236664 2.952993
v 0.250792 -0.052985 2.981252
v 0.250792 -0.052985 2.981252
v 0.250792 -0.208405 3.030705
v 0.250792 -0.208405 3.030705
v 0.250792 -0.208405 3.030705
v 0.250792 -0.208405 3.030705
v 0.250792 -0.201341 3.157866
v 0.250792 -0.201341 3.157866
v 0.250792 -0.201341 3.157866
v 0.250792 -0.236664 3.256771
v 0.250792 -0.236664 3.256771
v 0.250792 -0.236664 3.256771
v 0.250792 0.208405 3.320353
v 0.250792 0.208405 3.320353
v 0.250792 0.208405 3.320353
v 0.250792 0.208405 3.320353
v 0.250792 -0.222534 3.341545
v 0.250792 -0.222534 3.341545
v 0.250792 -0.222534 3.341545
v 0.250792 -0.222534 3.341545
v 0.250792 -0.123631 3.553483
v 0.250792 -0.123631 3.553483
v 0.257857 0.081242 2.218279
v 0.257857 0.081242 2.218279
v 0.257857 -0.356761 2.974188
v 0.257857 -0.356761 2.974188
v 0.257857 0.229598 3.037769
v 0.257857 0.229598 3.037769
v 0.257857 0.229598 3.037769
v 0.257857 0.229598 3.037769
v 0.257857 0.229598 3.037769
v 0.257857 0.229598 3.037769
v 0.257857 -0.257857 3.348611
v 0.257857 -0.257857 3.348611
v 0.257857 0.413278 1.589530
v 0.257857 -0.377956 1.490626
v 0.257857 -0.377956 1.490626
v 0.257857 -0.377956 1.490626
v 0.257857 0.575763 0.572231
v 0.257857 0.575763 0.572231
v 0.257857 0.575763 0.572231
v 0.257857 0.575763 0.572231
v 0.257857 0.575763 0.572231
v 0.257857 -0.688797 0.268455
v 0.257857 -0.688797 0.268455
v 0.257857 -0.674667 0.169550
v 0.257857 -0.674667 0.169550
v 0.264923 0.201341 2.006341
v 0.264923 0.201341 2.006341
v 0.264923 0.201341 2.006341
v 0.264921 -0.222534 2.218279
v 0.264921 -0.222534 2.218279
v 0.264921 -0.222534 2.218279
v 0.264921 -0.222534 2.218279
v 0.264921 -0.342633 2.945929
v 0.264921 -0.342633 2.945929
v 0.264923 0.377956 2.988316
v 0.264923 0.377956 2.988316
v 0.264923 0.377956 2.988316
v 0.264921 -0.158954 2.988316
v 0.264921 -0.158954 2.988316
v 0.264921 -0.158954 2.988316
v 0.264923 0.279051 3.242643
v 0.264923 0.279051 3.242643
v 0.264923 0.279051 3.242643
v 0.264923 0.279051 3.242643
v 0.264921 -0.208405 3.313288
v 0.264921 -0.208405 3.313288
v 0.264921 -0.208405 3.313288
v 0.264921 -0.208405 3.313288
v 0.264923 0.236664 3.334481
v 0.264923 0.236664 3.334481
v 0.264923 0.236664 3.334481
v 0.264923 0.144824 3.504031
v 0.264923 0.144824 3.504031
v 0.264923 0.144824 3.504031
v 0.264921 -0.335568 1.709628
v 0.264921 -0.335568 1.709628
v 0.264921 -0.335568 1.709628
v 0.264923 0.498053 0.635812
v 0.264923 0.498053 0.635812
v 0.264921 -0.554570 0.635812
v 0.264921 -0.554570 0.635812
v 0.264921 -0.554570 0.635812
v 0.264921 -0.554570 0.635812
v 0.264921 -0.554570 0.635812
v 0.264921 -0.554570 0.635812
v 0.264921 -0.554570 0.635812
v 0.264921 -0.554570 0.635812
v 0.264921 -0.681731 0.452134
v 0.264921 -0.681731 0.452134
v 0.264921 -0.681731 0.452134
v 0.264921 -0.681731 0.452134
v 0.264921 -0.681731 0.452134
v 0.264921 -0.702926 0.332034
v 0.264921 -0.702926 0.332034
v 0.264921 -0.702926 0.332034
v 0.271987 0.448601 2.606830
v 0.271987 0.448601 2.606830
v 0.271987 0.448601 2.606830
v 0.271987 0.250792 2.882347
v 0.271987 0.250792 2.882347
v 0.271987 0.370889 2.960059
v 0.271987 0.370889 2.960059
v 0.271987 0.370889 2.960059
v 0.271987 -0.236664 3.044834
v 0.271987 -0.236664 3.044834
v 0.271987 -0.208405 3.080156
v 0.271987 -0.208405 3.080156
v 0.271987 -0.208405 3.080156
v 0.271987 -0.208405 3.080156
v 0.271987 -0.208405 3.080156
v 0.271987 -0.229600 3.094285
v 0.271987 -0.229600 3.094285
v 0.271987 -0.229600 3.094285
v 0.271987 0.250792 3.101351
v 0.271987 0.250792 3.101351
v 0.271987 0.250792 3.101351
v 0.271987 0.250792 3.101351
v 0.271987 0.187211 3.334481
v 0.271987 0.187211 3.334481
v 0.271987 0.187211 3.334481
v 0.271987 0.187211 3.334481
v 0.271987 0.604021 0.445069
v 0.271987 0.604021 0.445069
v 0.279051 0.363825 2.642153
v 0.279051 0.363825 2.642153
v 0.279051 0.321438 2.952993
v 0.279051 0.321438 2.952993
v 0.279051 0.321438 2.952993
v 0.279051 0.257857 3.051898
v 0.279051 0.257857 3.051898
v 0.279051 0.257857 3.051898
v 0.279051 0.229598 3.087221
v 0.279051 0.229598 3.087221
v 0.279051 0.229598 3.087221
v 0.279051 0.229598 3.087221
v 0.279051 0.229598 3.087221
v 0.279051 0.229598 3.087221
v 0.279051 -0.236664 3.362740
v 0.279051 -0.236664 3.362740
v 0.279051 0.547504 0.649941
v 0.279051 -0.540440 0.494521
v 0.279051 -0.540440 0.494521
v 0.279051 -0.540440 0.494521
v 0.279051 0.639344 0.480392
v 0.279051 0.639344 0.480392
v 0.279051 0.611086 0.211937
v 0.279051 0.611086 0.211937
v 0.279051 -0.745313 0.155420
v 0.279051 -0.745313 0.155420
v 0.279051 -0.745313 0.000000
v 0.279051 -0.745313 0.000000
v 0.286115 -0.582829 2.507926
v 0.286115 -0.582829 2.507926
v 0.286115 -0.582829 2.507926
v 0.286115 -0.582829 2.507926
v 0.286115 0.279051 2.924736
v 0.286115 0.279051 2.924736
v 0.286115 0.279051 2.924736
v 0.286115 -0.271987 3.016575
v 0.286115 -0.271987 3.016575
v 0.286115 -0.286115 3.030705
v 0.286115 -0.286115 3.030705
v 0.286115 0.279051 3.249707
v 0.286115 0.279051 3.249707
v 0.286115 0.279051 3.249707
v 0.286115 -0.243728 3.256771
v 0.286115 -0.243728 3.256771
v 0.286115 0.215470 3.270899
v 0.286115 0.215470 3.270899
v 0.286115 -0.187211 3.334481
v 0.286115 -0.187211 3.334481
v 0.286115 -0.187211 3.334481
v 0.286115 -0.187211 3.334481
v 0.286115 -0.187211 3.334481
v 0.286115 -0.187211 3.334481
v 0.286115 0.158952 3.405127
v 0.286115 -0.151888 3.496967
v 0.286115 -0.151888 3.496967
v 0.286115 -0.151888 3.496967
v 0.286115 -0.003532 3.560549
v 0.286115 0.370889 1.794404
v 0.286115 0.370889 1.794404
v 0.286115 0.370889 1.794404
v 0.286115 0.370889 1.794404
v 0.286115 0.321438 1.476498
v 0.286115 0.321438 1.476498
v 0.286115 0.582827 0.600489
v 0.286115 0.582827 0.600489
v 0.286115 0.582827 0.600489
v 0.286115 0.582827 0.600489
v 0.286115 -0.709990 0.317906
v 0.286115 -0.709990 0.317906
v 0.286115 -0.709990 0.317906
v 0.293179 -0.540440 2.479667
v 0.293179 -0.540440 2.479667
v 0.293179 -0.540440 2.479667
v 0.293179 -0.540440 2.479667
v 0.293179 -0.618152 2.564441
v 0.293179 -0.618152 2.564441
v 0.293179 -0.618152 2.564441
v 0.293179 -0.618152 2.564441
v 0.293179 0.476858 2.741056
v 0.293179 0.476858 2.741056
v 0.293179 0.476858 2.741056
v 0.293179 0.413278 2.804637
v 0.293179 0.413278 2.804637
v 0.293179 -0.420343 2.931801
v 0.293179 -0.420343 2.931801
v 0.293179 -0.420343 2.931801
v 0.293179 0.293179 3.023639
v 0.293179 0.293179 3.023639
v 0.293179 0.307310 3.044834
v 0.293179 0.307310 3.044834
v 0.293179 -0.547506 0.692330
v 0.293179 -0.547506 0.692330
v 0.293179 -0.547506 0.692330
v 0.293179 -0.639344 0.452134
v 0.293179 -0.639344 0.452134
v 0.293179 -0.639344 0.452134
v 0.293179 -0.639344 0.452134
v 0.293179 -0.639344 0.452134
v 0.300244 -0.512183 2.472603
v 0.300244 -0.512183 2.472603
v 0.300246 0.455666 2.663346
v 0.300246 0.455666 2.663346
v 0.300246 0.385020 2.677476
v 0.300246 0.385020 2.677476
v 0.300246 0.356761 2.755186
v 0.300246 0.356761 2.755186
v 0.300244 -0.413278 2.910606
v 0.300244 -0.413278 2.910606
v 0.300244 -0.413278 2.910606
v 0.300244 -0.286115 2.931801
v 0.300244 -0.286115 2.931801
v 0.300244 -0.286115 2.931801
v 0.300246 0.109501 3.044834
v 0.300246 0.109501 3.044834
v 0.300244 -0.088308 3.044834
v 0.300244 -0.088308 3.044834
v 0.300246 0.250792 3.221448
v 0.300246 0.250792 3.221448
v 0.300246 0.264921 3.256771
v 0.300246 0.264921 3.256771
v 0.300246 0.264921 3.256771
v 0.300244 -0.208405 3.263835
v 0.300244 -0.208405 3.263835
v 0.300246 0.158952 3.270899
v 0.300246 0.236664 1.723758
v 0.300246 0.236664 1.723758
v 0.300246 0.236664 1.723758
v 0.300246 0.236664 1.723758
v 0.300244 -0.399148 1.695499
v 0.300244 -0.399148 1.695499
v 0.300244 -0.399148 1.695499
v 0.300244 -0.519247 0.678199
v 0.300244 -0.519247 0.678199
v 0.300244 -0.611086 0.621684
v 0.300244 -0.611086 0.621684
v 0.300244 -0.611086 0.621684
v 0.300244 -0.611086 0.621684
v 0.300244 -0.611086 0.621684
v 0.300244 -0.611086 0.621684
v 0.300246 0.547504 0.515715
v 0.300246 0.547504 0.515715
v 0.300246 0.695862 0.367357
v 0.300246 0.695862 0.367357
v 0.300246 0.695862 0.367357
v 0.300246 0.695862 0.367357
v 0.300246 0.695862 0.367357
v 0.300246 0.695862 0.367357
v 0.300246 0.660539 0.169550
v 0.300246 0.660539 0.169550
v 0.307310 -0.017662 2.204148
v 0.307310 -0.017662 2.204148
v 0.307310 -0.512183 2.479667
v 0.307310 -0.512183 2.479667
v 0.307310 -0.512183 2.479667
v 0.307310 -0.540440 2.486731
v 0.307310 -0.540440 2.486731
v 0.307310 -0.540440 2.486731
v 0.307310 -0.540440 2.486731
v 0.307310 -0.575763 2.522054
v 0.307310 -0.575763 2.522054
v 0.307310 -0.575763 2.522054
v 0.307310 -0.575763 2.522054
v 0.307310 -0.575763 2.522054
v 0.307310 -0.625216 2.620959
v 0.307310 -0.625216 2.620959
v 0.307310 -0.625216 2.620959
v 0.307310 0.314374 2.938865
v 0.307310 0.314374 2.938865
v 0.307310 0.314374 2.938865
v 0.307310 0.441535 2.945929
v 0.307310 0.441535 2.945929
v 0.307310 -0.335568 2.967124
v 0.307310 -0.335568 2.967124
v 0.307310 -0.335568 2.967124
v 0.307310 -0.335568 2.967124
v 0.307310 -0.349697 2.995382
v 0.307310 -0.349697 2.995382
v 0.307310 -0.349697 2.995382
v 0.307310 0.010596 3.044834
v 0.307310 0.010596 3.044834
v 0.307310 -0.243728 3.256771
v 0.307310 -0.243728 3.256771
v 0.307310 -0.243728 3.256771
v 0.307310 -0.243728 3.256771
v 0.307310 -0.144824 3.263835
v 0.307310 0.229598 3.277965
v 0.307310 0.229598 3.277965
v 0.307310 0.229598 3.277965
v 0.307310 -0.151888 3.398063
v 0.307310 -0.151888 3.398063
v 0.307310 -0.434471 1.462367
v 0.307310 0.271987 1.412916
v 0.307310 0.271987 1.412916
v 0.307310 0.604021 0.543972
v 0.307310 0.604021 0.543972
v 0.307310 -0.660539 0.543972
v 0.307310 -0.660539 0.543972
v 0.307310 -0.660539 0.543972
v 0.307310 -0.660539 0.543972
v 0.307310 0.667603 0.268455
v 0.307310 0.667603 0.268455
v 0.314374 -0.328502 1.992211
v 0.314374 -0.328502 1.992211
v 0.314374 -0.328502 1.992211
v 0.314374 -0.137760 2.211212
v 0.314374 -0.137760 2.211212
v 0.314374 -0.399148 2.338376
v 0.314374 -0.399148 2.338376
v 0.314374 -0.399148 2.338376
v 0.314374 -0.399148 2.338376
v 0.314374 -0.512183 2.479667
v 0.314374 -0.512183 2.479667
v 0.314374 -0.547506 2.479667
v 0.314374 -0.547506 2.479667
v 0.314374 -0.547506 2.479667
v 0.314374 -0.547506 2.479667
v 0.314374 0.618150 2.514990
v 0.314374 0.618150 2.514990
v 0.314374 -0.589893 2.514990
v 0.314374 -0.589893 2.514990
v 0.314374 -0.589893 2.514990
v 0.314374 -0.596957 2.564441
v 0.314374 -0.596957 2.564441
v 0.314374 -0.596957 2.564441
v 0.314374 0.441535 2.917670
v 0.314374 0.441535 2.917670
v 0.314374 0.370889 3.002447
v 0.314374 0.370889 3.002447
v 0.314374 -0.236664 3.214384
v 0.314374 -0.236664 3.214384
v 0.314374 0.441535 1.596595
v 0.314374 0.441535 1.596595
v 0.314374 0.441535 1.596595
v 0.314374 -0.512183 0.699394
v 0.314374 -0.512183 0.699394
v 0.314374 -0.512183 0.699394
v 0.314374 0.618150 0.445069
v 0.314374 0.618150 0.445069
v 0.314374 0.618150 0.445069
v 0.314374 0.688796 0.332034
v 0.314374 0.688796 0.332034
v 0.314374 0.688796 0.332034
v 0.321438 -0.427407 2.295988
v 0.321438 -0.427407 2.295988
v 0.321438 -0.427407 2.295988
v 0.321438 -0.427407 2.295988
v 0.321438 -0.427407 2.295988
v 0.321438 -0.427407 2.295988
v 0.321438 -0.420343 2.380763
v 0.321438 -0.420343 2.380763
v 0.321438 -0.420343 2.380763
v 0.321438 -0.420343 2.380763
v 0.321438 -0.420343 2.380763
v 0.321438 -0.420343 2.380763
v 0.321438 -0.420343 2.380763
v 0.321438 0.582827 2.486731
v 0.321438 0.582827 2.486731
v 0.321438 0.582827 2.486731
v 0.321438 0.582827 2.486731
v 0.321438 0.653473 2.571508
v 0.321438 0.653473 2.571508
v 0.321438 0.653473 2.571508
v 0.321438 -0.604021 2.677476
v 0.321438 -0.604021 2.677476
v 0.321438 0.399148 2.726927
v 0.321438 0.399148 2.726927
v 0.321438 0.399148 2.726927
v 0.321438 0.434471 2.733992
v 0.321438 0.434471 2.733992
v 0.321438 0.434471 2.733992
v 0.321438 -0.314374 2.952993
v 0.321438 -0.314374 2.952993
v 0.321438 0.363825 2.981252
v 0.321438 0.363825 2.981252
v 0.321438 -0.166018 3.150802
v 0.321438 -0.166018 3.150802
v 0.321438 -0.166018 3.150802
v 0.321438 0.180147 3.157866
v 0.321438 0.180147 3.157866
v 0.321438 0.180147 3.157866
v 0.321438 -0.229600 3.270899
v 0.321438 -0.229600 3.270899
v 0.321438 -0.229600 3.270899
v 0.321438 0.180147 3.292094
v 0.321438 0.180147 3.292094
v 0.321438 -0.201341 3.292094
v 0.321438 -0.201341 3.292094
v 0.321438 -0.201341 3.292094
v 0.321438 -0.201341 3.292094
v 0.321438 -0.674667 0.445069
v 0.321438 -0.674667 0.445069
v 0.321438 -0.674667 0.445069
v 0.328502 0.144824 1.985147
v 0.328502 0.144824 1.985147
v 0.328502 -0.469794 2.281858
v 0.328502 -0.469794 2.281858
v 0.328502 -0.469794 2.281858
v 0.328502 0.547504 2.479667
v 0.328502 0.547504 2.479667
v 0.328502 -0.483924 2.486731
v 0.328502 -0.483924 2.486731
v 0.328502 -0.483924 2.486731
v 0.328502 -0.611086 2.557377
v 0.328502 -0.611086 2.557377
v 0.328502 -0.604021 2.620959
v 0.328502 -0.604021 2.620959
v 0.328502 0.003532 3.496967
v 0.328502 0.003532 3.496967
v 0.328502 0.724118 0.155420
v 0.328502 0.724118 0.155420
v 0.328502 0.724118 0.000000
v 0.328502 0.724118 0.000000
v 0.335567 -0.505117 2.288924
v 0.335567 -0.505117 2.288924
v 0.335567 -0.505117 2.288924
v 0.335567 -0.505117 2.288924
v 0.335567 -0.505117 2.288924
v 0.335568 0.441535 2.338376
v 0.335568 0.441535 2.338376
v 0.335568 0.441535 2.338376
v 0.335568 0.441535 2.338376
v 0.335568 0.441535 2.338376
v 0.335568 0.547504 2.486731
v 0.335568 0.547504 2.486731
v 0.335568 0.547504 2.486731
v 0.335568 0.582827 2.486731
v 0.335568 0.582827 2.486731
v 0.335568 0.582827 2.486731
v 0.335568 0.582827 2.486731
v 0.335568 0.575763 2.493796
v 0.335568 0.575763 2.493796
v 0.335568 0.575763 2.493796
v 0.335568 0.660539 2.628023
v 0.335568 0.660539 2.628023
v 0.335568 0.660539 2.628023
v 0.335567 -0.582829 2.670410
v 0.335567 -0.582829 2.670410
v 0.335567 -0.582829 2.670410
v 0.335568 0.342633 2.960059
v 0.335568 0.342633 2.960059
v 0.335567 -0.406214 2.960059
v 0.335567 -0.406214 2.960059
v 0.335567 -0.406214 2.960059
v 0.335567 -0.406214 2.960059
v 0.335567 -0.173082 3.285030
v 0.335567 -0.173082 3.285030
v 0.335567 -0.173082 3.285030
v 0.342633 0.060049 1.963952
v 0.342633 0.060049 1.963952
v 0.342633 0.060049 1.963952
v 0.342633 0.462730 2.303053
v 0.342633 0.462730 2.303053
v 0.342633 0.462730 2.303053
v 0.342633 0.462730 2.303053
v 0.342633 0.462730 2.303053
v 0.342633 0.462730 2.303053
v 0.342633 0.455666 2.387827
v 0.342633 0.455666 2.387827
v 0.342633 0.455666 2.387827
v 0.342633 0.455666 2.387827
v 0.342633 0.455666 2.387827
v 0.342633 0.455666 2.387827
v 0.342633 -0.505117 2.437280
v 0.342633 -0.505117 2.437280
v 0.342633 0.547504 2.486731
v 0.342633 0.547504 2.486731
v 0.342633 0.625216 2.522054
v 0.342633 0.625216 2.522054
v 0.342633 0.611086 2.529119
v 0.342633 0.611086 2.529119
v 0.342633 0.611086 2.529119
v 0.342633 0.611086 2.529119
v 0.342633 0.632280 2.578572
v 0.342633 0.632280 2.578572
v 0.342633 -0.625216 2.613895
v 0.342633 -0.625216 2.613895
v 0.342633 -0.625216 2.613895
v 0.342633 -0.568698 2.719863
v 0.342633 -0.568698 2.719863
v 0.342633 -0.455666 2.868219
v 0.342633 -0.455666 2.868219
v 0.342633 -0.455666 2.868219
v 0.342633 -0.462730 2.889414
v 0.342633 -0.462730 2.889414
v 0.342633 -0.250792 2.924736
v 0.342633 -0.250792 2.924736
v 0.342633 -0.250792 2.924736
v 0.342633 -0.250792 2.924736
v 0.342633 -0.250792 2.924736
v 0.342633 -0.399148 2.931801
v 0.342633 -0.399148 2.931801
v 0.342633 -0.399148 2.931801
v 0.342633 0.300244 1.759081
v 0.342633 0.300244 1.759081
v 0.342633 0.300244 1.759081
v 0.342633 0.300244 1.759081
v 0.342633 -0.498053 0.649941
v 0.342633 -0.498053 0.649941
v 0.342633 -0.498053 0.649941
v 0.342633 -0.498053 0.649941
v 0.342633 -0.540440 0.445069
v 0.342633 -0.540440 0.445069
v 0.342633 -0.540440 0.445069
v 0.342633 -0.540440 0.445069
v 0.342633 -0.540440 0.445069
v 0.342633 -0.540440 0.445069
v 0.342633 -0.540440 0.445069
v 0.342633 -0.702926 0.296712
v 0.342633 -0.702926 0.296712
v 0.342633 -0.702926 0.296712
v 0.349697 -0.264923 1.978082
v 0.349697 -0.264923 1.978082
v 0.349697 0.505117 2.288924
v 0.349697 0.505117 2.288924
v 0.349697 0.519247 2.493796
v 0.349697 0.519247 2.493796
v 0.349697 0.519247 2.493796
v 0.349697 0.632280 2.684540
v 0.349697 0.632280 2.684540
v 0.349697 -0.554570 2.705733
v 0.349697 -0.554570 2.705733
v 0.349697 -0.554570 2.705733
v 0.349697 0.427407 2.967124
v 0.349697 0.427407 2.967124
v 0.349697 0.081242 3.270899
v 0.349697 0.081242 3.270899
v 0.349697 -0.067114 3.270899
v 0.349697 -0.067114 3.270899
v 0.356761 -0.469794 2.267730
v 0.356761 -0.469794 2.267730
v 0.356761 -0.469794 2.267730
v 0.356761 -0.469794 2.267730
v 0.356761 -0.469794 2.267730
v 0.356761 -0.505117 2.281858
v 0.356761 -0.505117 2.281858
v 0.356761 -0.505117 2.281858
v 0.356761 -0.533376 2.317181
v 0.356761 -0.533376 2.317181
v 0.356761 0.646408 2.564441
v 0.356761 0.646408 2.564441
v 0.356761 0.646408 2.564441
v 0.356761 0.639344 2.628023
v 0.356761 0.639344 2.628023
v 0.356761 -0.604021 2.670410
v 0.356761 -0.604021 2.670410
v 0.356761 -0.604021 2.670410
v 0.356761 -0.526311 2.748122
v 0.356761 -0.526311 2.748122
v 0.356761 0.476858 2.882347
v 0.356761 0.476858 2.882347
v 0.356761 0.490988 2.903542
v 0.356761 0.490988 2.903542
v 0.356761 0.279051 2.931801
v 0.356761 0.279051 2.931801
v 0.356761 0.279051 2.931801
v 0.356761 0.279051 2.931801
v 0.356761 0.279051 2.931801
v 0.356761 0.420343 2.945929
v 0.356761 0.420343 2.945929
v 0.356761 -0.208405 3.037769
v 0.356761 -0.208405 3.037769
v 0.356761 0.229598 3.044834
v 0.356761 0.229598 3.044834
v 0.356761 0.208405 3.256771
v 0.356761 0.208405 3.256771
v 0.356761 0.003532 3.405127
v 0.356761 0.003532 3.405127
v 0.356761 -0.385020 0.727653
v 0.356761 -0.540440 0.657007
v 0.356761 -0.540440 0.657007
v 0.356761 -0.540440 0.657007
v 0.363825 -0.469794 2.281858
v 0.363825 -0.469794 2.281858
v 0.363825 0.540440 2.295988
v 0.363825 0.540440 2.295988
v 0.363825 0.540440 2.295988
v 0.363825 0.540440 2.295988
v 0.363825 -0.512183 2.295988
v 0.363825 -0.512183 2.295988
v 0.363825 -0.512183 2.295988
v 0.363825 -0.512183 2.295988
v 0.363825 0.618150 2.677476
v 0.363825 0.618150 2.677476
v 0.363825 0.618150 2.677476
v 0.363825 0.618150 2.677476
v 0.363825 0.604021 2.726927
v 0.363825 0.604021 2.726927
v 0.363825 -0.512183 2.733992
v 0.363825 -0.512183 2.733992
v 0.363825 0.010596 3.270899
v 0.363825 -0.469794 1.462367
v 0.363825 -0.469794 1.462367
v 0.363825 -0.653475 0.416811
v 0.363825 -0.653475 0.416811
v 0.363825 -0.653475 0.416811
v 0.363825 -0.618152 0.388552
v 0.363825 -0.618152 0.388552
v 0.363825 -0.618152 0.388552
v 0.363825 -0.618152 0.388552
v 0.363825 -0.667603 0.324970
v 0.363825 -0.667603 0.324970
v 0.370889 -0.406214 2.274794
v 0.370889 -0.406214 2.274794
v 0.370889 -0.406214 2.274794
v 0.370889 -0.406214 2.274794
v 0.370889 -0.406214 2.274794
v 0.370889 -0.370891 2.317181
v 0.370889 -0.370891 2.317181
v 0.370889 -0.370891 2.317181
v 0.370889 -0.370891 2.317181
v 0.370891 0.540440 2.444344
v 0.370891 0.540440 2.444344
v 0.370891 0.660539 2.620959
v 0.370891 0.660539 2.620959
v 0.370891 0.660539 2.620959
v 0.370889 -0.476860 2.776379
v 0.370889 -0.476860 2.776379
v 0.370889 -0.476860 2.776379
v 0.370889 -0.476860 2.776379
v 0.370889 -0.476860 2.776379
v 0.370889 -0.420343 2.811702
v 0.370889 -0.420343 2.811702
v 0.370889 -0.420343 2.811702
v 0.370891 0.010596 2.910606
v 0.370891 0.095372 3.150802
v 0.370891 0.095372 3.150802
v 0.370891 -0.081242 3.150802
v 0.370891 -0.081242 3.150802
v 0.370891 0.271987 3.200254
v 0.370891 0.271987 3.200254
v 0.370891 0.271987 3.200254
v 0.370891 0.271987 3.200254
v 0.370889 -0.194277 3.249707
v 0.370889 -0.194277 3.249707
v 0.370891 0.427407 1.575402
v 0.370891 0.427407 1.575402
v 0.370889 -0.483924 0.692330
v 0.370889 -0.483924 0.692330
v 0.370889 -0.399148 0.678199
v 0.370889 -0.399148 0.678199
v 0.370889 -0.399148 0.558102
v 0.370889 -0.399148 0.558102
v 0.370889 -0.399148 0.558102
v 0.370891 0.653473 0.360293
v 0.370891 0.653473 0.360293
v 0.370891 0.653473 0.360293
v 0.377956 -0.370891 2.366634
v 0.377956 -0.370891 2.366634
v 0.377956 -0.370891 2.366634
v 0.377956 -0.370891 2.366634
v 0.377956 -0.370891 2.366634
v 0.377956 -0.370891 2.366634
v 0.377956 -0.370891 2.366634
v 0.377956 -0.370891 2.366634
v 0.377956 0.582827 2.712799
v 0.377956 0.582827 2.712799
v 0.377956 -0.575763 2.712799
v 0.377956 -0.575763 2.712799
v 0.377956 -0.448601 2.910606
v 0.377956 -0.448601 2.910606
v 0.377956 -0.448601 2.910606
v 0.377956 -0.399148 0.720586
v 0.377956 -0.399148 0.720586
v 0.377956 -0.399148 0.685264
v 0.377956 -0.399148 0.685264
v 0.377956 0.476858 0.614618
v 0.377956 0.476858 0.614618
v 0.377956 -0.604021 0.409746
v 0.377956 -0.604021 0.409746
v 0.377956 -0.604021 0.409746
v 0.377956 -0.604021 0.409746
v 0.377956 -0.604021 0.409746
v 0.377956 -0.604021 0.409746
v 0.377956 -0.604021 0.409746
v 0.377956 -0.604021 0.409746
v 0.385020 0.505117 2.274794
v 0.385020 0.505117 2.274794
v 0.385020 0.505117 2.274794
v 0.385020 0.540440 2.288924
v 0.385020 0.540440 2.288924
v 0.385020 0.540440 2.288924
v 0.385020 0.568698 2.324247
v 0.385020 0.568698 2.324247
v 0.385020 0.568698 2.324247
v 0.385020 -0.568698 2.543249
v 0.385020 -0.568698 2.543249
v 0.385020 -0.568698 2.543249
v 0.385020 -0.568698 2.543249
v 0.385020 0.639344 2.677476
v 0.385020 0.639344 2.677476
v 0.385020 0.639344 2.677476
v 0.385020 0.561634 2.755186
v 0.385020 0.561634 2.755186
v 0.385020 0.561634 2.755186
v 0.385020 -0.130695 2.910606
v 0.385020 0.342633 1.525949
v 0.385020 0.271987 1.356399
v 0.385020 0.356761 0.727653
v 0.392084 -0.123631 1.956888
v 0.392084 -0.123631 1.956888
v 0.392084 -0.123631 1.956888
v 0.392084 0.441535 2.281858
v 0.392084 0.441535 2.281858
v 0.392084 0.441535 2.281858
v 0.392084 0.441535 2.281858
v 0.392084 0.441535 2.281858
v 0.392084 0.441535 2.281858
v 0.392084 0.505117 2.288924
v 0.392084 0.505117 2.288924
v 0.392084 0.540440 2.303053
v 0.392084 0.540440 2.303053
v 0.392084 0.540440 2.303053
v 0.392084 0.406212 2.317181
v 0.392084 0.406212 2.317181
v 0.392084 0.406212 2.317181
v 0.392084 0.406212 2.317181
v 0.392084 -0.392084 2.394893
v 0.392084 -0.392084 2.394893
v 0.392084 -0.342633 2.409021
v 0.392084 -0.342633 2.409021
v 0.392084 -0.399148 2.416086
v 0.392084 -0.399148 2.416086
v 0.392084 0.547504 2.741056
v 0.392084 0.547504 2.741056
v 0.392084 0.547504 2.741056
v 0.392084 -0.533376 2.748122
v 0.392084 -0.533376 2.748122
v 0.392084 -0.533376 2.748122
v 0.392084 -0.533376 2.748122
v 0.392084 0.505117 2.783445
v 0.392084 0.505117 2.783445
v 0.392084 0.505117 2.783445
v 0.392084 0.505117 2.783445
v 0.392084 0.455666 2.818768
v 0.392084 0.455666 2.818768
v 0.392084 0.455666 2.818768
v 0.392084 -0.413278 2.832896
v 0.392084 0.158952 2.917670
v 0.392084 0.010596 3.150802
v 0.392084 -0.257857 3.193189
v 0.392084 -0.257857 3.193189
v 0.392084 -0.257857 3.193189
v 0.392084 -0.413278 1.688435
v 0.392084 -0.413278 1.688435
v 0.392084 -0.434471 0.515715
v 0.392084 -0.434471 0.515715
v 0.392084 -0.434471 0.515715
v 0.392084 -0.512183 0.445069
v 0.392084 -0.512183 0.445069
v 0.392084 -0.512183 0.445069
v 0.392084 -0.512183 0.445069
v 0.392084 -0.582829 0.367357
v 0.392084 -0.582829 0.367357
v 0.399148 0.399148 2.366634
v 0.399148 0.399148 2.366634
v 0.399148 0.399148 2.366634
v 0.399148 0.399148 2.366634
v 0.399148 0.399148 2.366634
v 0.399148 0.399148 2.366634
v 0.399148 0.399148 2.366634
v 0.399148 0.399148 2.366634
v 0.399148 -0.399148 2.423150
v 0.399148 -0.462730 2.755186
v 0.399148 -0.462730 2.755186
v 0.399148 -0.462730 2.755186
v 0.399148 -0.399148 2.797573
v 0.399148 -0.399148 2.797573
v 0.399148 -0.399148 2.797573
v 0.399148 -0.399148 2.797573
v 0.399148 -0.399148 2.797573
v 0.399148 -0.399148 2.797573
v 0.399148 -0.469794 2.818768
v 0.399148 -0.469794 2.818768
v 0.399148 -0.469794 2.818768
v 0.399148 -0.483924 2.839960
v 0.399148 -0.483924 2.839960
v 0.399148 -0.483924 2.839960
v 0.399148 -0.483924 2.839960
v 0.399148 0.469794 2.924736
v 0.399148 0.469794 2.924736
v 0.399148 0.469794 2.924736
v 0.399148 -0.137760 3.016575
v 0.399148 -0.137760 3.016575
v 0.399148 -0.137760 3.016575
v 0.399148 0.067114 1.631918
v 0.399148 0.067114 1.631918
v 0.399148 0.385020 1.554208
v 0.399148 0.385020 1.554208
v 0.399148 0.370889 0.720586
v 0.399148 0.370889 0.720586
v 0.399148 0.370889 0.685264
v 0.399148 0.370889 0.678199
v 0.399148 0.370889 0.678199
v 0.399148 0.370889 0.678199
v 0.399148 0.370889 0.678199
v 0.399148 0.370889 0.678199
v 0.399148 0.370889 0.678199
v 0.399148 -0.469794 0.678199
v 0.399148 -0.469794 0.678199
v 0.399148 -0.469794 0.678199
v 0.399148 -0.611086 0.303778
v 0.399148 -0.611086 0.303778
v 0.399148 -0.611086 0.303778
v 0.406212 -0.377956 2.430216
v 0.406212 -0.377956 2.430216
v 0.406212 -0.420343 2.465539
v 0.406212 -0.420343 2.465539
v 0.406212 -0.420343 2.465539
v 0.406212 -0.420343 2.465539
v 0.406212 -0.547506 2.635087
v 0.406212 -0.547506 2.635087
v 0.406214 0.604021 2.719863
v 0.406214 0.604021 2.719863
v 0.406214 0.604021 2.719863
v 0.406212 -0.476860 2.776379
v 0.406212 -0.476860 2.776379
v 0.406212 -0.476860 2.776379
v 0.406212 -0.427407 2.811702
v 0.406212 -0.427407 2.811702
v 0.406212 -0.427407 2.811702
v 0.406212 -0.427407 2.811702
v 0.406214 0.441535 2.839960
v 0.406212 -0.286115 2.938865
v 0.406212 -0.286115 2.938865
v 0.406214 0.158952 3.023639
v 0.406214 0.158952 3.023639
v 0.406214 0.158952 3.023639
v 0.406214 0.526311 0.494521
v 0.406214 0.526311 0.494521
v 0.406214 0.526311 0.494521
v 0.406212 -0.469794 0.494521
v 0.406212 -0.469794 0.494521
v 0.406212 -0.469794 0.494521
v 0.413278 -0.038855 1.942759
v 0.413278 -0.038855 1.942759
v 0.413278 -0.144824 2.366634
v 0.413278 -0.144824 2.366634
v 0.413278 -0.144824 2.366634
v 0.413278 0.420343 2.401957
v 0.413278 0.420343 2.401957
v 0.413278 0.427407 2.416086
v 0.413278 0.427407 2.416086
v 0.413278 0.427407 2.416086
v 0.413278 0.427407 2.416086
v 0.413278 0.377956 2.423150
v 0.413278 0.377956 2.423150
v 0.413278 0.377956 2.423150
v 0.413278 -0.469794 2.430216
v 0.413278 -0.469794 2.430216
v 0.413278 -0.469794 2.430216
v 0.413278 0.604021 2.550313
v 0.413278 0.604021 2.550313
v 0.413278 0.604021 2.550313
v 0.413278 0.604021 2.550313
v 0.413278 -0.490988 2.719863
v 0.413278 -0.490988 2.719863
v 0.413278 -0.490988 2.719863
v 0.413278 -0.490988 2.719863
v 0.413278 0.215470 1.681371
v 0.413278 0.215470 1.681371
v 0.413278 -0.625216 0.501585
v 0.413278 -0.625216 0.501585
v 0.420343 0.180147 2.373698
v 0.420343 0.180147 2.373698
v 0.420343 0.180147 2.373698
v 0.420343 0.420343 2.444344
v 0.420343 0.420343 2.444344
v 0.420343 0.561634 2.755186
v 0.420343 0.561634 2.755186
v 0.420343 0.561634 2.755186
v 0.420343 0.561634 2.755186
v 0.420343 0.490988 2.762250
v 0.420343 0.490988 2.762250
v 0.420343 0.427407 2.804637
v 0.420343 0.427407 2.804637
v 0.420343 0.427407 2.804637
v 0.420343 0.427407 2.804637
v 0.420343 0.427407 2.804637
v 0.420343 0.427407 2.804637
v 0.420343 0.427407 2.804637
v 0.420343 0.498053 2.832896
v 0.420343 0.498053 2.832896
v 0.420343 0.512181 2.854091
v 0.420343 0.512181 2.854091
v 0.420343 0.512181 2.854091
v 0.420343 0.314374 2.945929
v 0.420343 0.314374 2.945929
v 0.420343 0.455666 0.621684
v 0.420343 0.455666 0.621684
v 0.420343 0.455666 0.621684
v 0.420343 0.498053 0.551038
v 0.420343 0.498053 0.551038
v 0.427407 -0.130695 2.317181
v 0.427407 -0.130695 2.317181
v 0.427407 -0.130695 2.317181
v 0.427407 -0.130695 2.317181
v 0.427407 -0.130695 2.317181
v 0.427407 -0.130695 2.317181
v 0.427407 0.448601 2.472603
v 0.427407 0.448601 2.472603
v 0.427407 0.448601 2.472603
v 0.427407 0.448601 2.472603
v 0.427407 0.512181 2.783445
v 0.427407 0.512181 2.783445
v 0.427407 0.455666 2.818768
v 0.427407 0.455666 2.818768
v 0.427407 0.455666 2.818768
v 0.427407 0.455666 2.818768
v 0.427407 -0.462730 2.861155
v 0.427407 -0.462730 2.861155
v 0.427407 -0.462730 2.861155
v 0.427407 -0.462730 2.861155
v 0.427407 0.102437 3.023639
v 0.427407 -0.081242 3.023639
v 0.427407 -0.533376 0.614618
v 0.427407 -0.533376 0.614618
v 0.427407 -0.533376 0.614618
v 0.427407 -0.533376 0.614618
v 0.427407 -0.533376 0.614618
v 0.427407 0.505117 0.551038
v 0.427407 0.505117 0.551038
v 0.427407 -0.632280 0.423875
v 0.427407 -0.632280 0.423875
v 0.434471 -0.201341 1.971018
v 0.434471 -0.201341 1.971018
v 0.434471 -0.201341 1.971018
v 0.434471 -0.201341 1.971018
v 0.434471 0.166018 2.317181
v 0.434471 0.166018 2.317181
v 0.434471 0.166018 2.317181
v 0.434471 0.166018 2.317181
v 0.434471 -0.187211 2.345440
v 0.434471 -0.187211 2.345440
v 0.434471 0.505117 2.437280
v 0.434471 0.505117 2.437280
v 0.434471 -0.462730 2.451408
v 0.434471 -0.462730 2.451408
v 0.434471 -0.462730 2.451408
v 0.434471 -0.462730 2.451408
v 0.434471 0.575763 2.642153
v 0.434471 0.575763 2.642153
v 0.434471 0.519247 2.726927
v 0.434471 0.519247 2.726927
v 0.434471 0.519247 2.726927
v 0.434471 0.519247 2.726927
v 0.434471 0.010596 3.023639
v 0.434471 0.010596 3.023639
v 0.434471 -0.342633 1.667240
v 0.434471 -0.342633 1.667240
v 0.434471 -0.342633 1.667240
v 0.434471 -0.342633 1.667240
v 0.434471 -0.342633 1.667240
v 0.434471 -0.342633 1.667240
v 0.434471 -0.469794 1.455303
v 0.434471 -0.469794 1.455303
v 0.434471 -0.469794 1.455303
v 0.434471 -0.469794 0.600489
v 0.434471 -0.469794 0.600489
v 0.434471 -0.469794 0.600489
v 0.434471 -0.469794 0.600489
v 0.434471 -0.568698 0.332034
v 0.434471 -0.568698 0.332034
v 0.441535 -0.116565 2.281858
v 0.441535 -0.116565 2.281858
v 0.441535 -0.109501 2.324247
v 0.441535 -0.109501 2.324247
v 0.441535 -0.109501 2.324247
v 0.441535 -0.109501 2.324247
v 0.441537 0.462730 2.451408
v 0.441537 0.462730 2.451408
v 0.441537 0.462730 2.451408
v 0.441537 0.462730 2.451408
v 0.441537 0.462730 2.451408
v 0.441535 -0.427407 2.458473
v 0.441535 -0.427407 2.458473
v 0.441535 -0.427407 2.458473
v 0.441535 -0.427407 2.458473
v 0.441535 -0.420343 2.536185
v 0.441535 -0.420343 2.536185
v 0.441537 0.483924 2.875283
v 0.441537 0.483924 2.875283
v 0.441537 0.483924 2.875283
v 0.441535 -0.229600 2.903542
v 0.441535 -0.229600 2.903542
v 0.441535 -0.229600 2.903542
v 0.441535 -0.229600 2.903542
v 0.441535 -0.229600 2.903542
v 0.441535 -0.554570 0.445069
v 0.441535 -0.554570 0.445069
v 0.441535 -0.554570 0.445069
v 0.441535 -0.554570 0.445069
v 0.441535 -0.554570 0.445069
v 0.441535 -0.554570 0.445069
v 0.441535 -0.554570 0.445069
v 0.441535 -0.554570 0.445069
v 0.441535 -0.554570 0.445069
v 0.448601 0.144824 2.288924
v 0.448601 0.144824 2.288924
v 0.448601 -0.194277 2.303053
v 0.448601 -0.194277 2.303053
v 0.448601 -0.194277 2.303053
v 0.448601 0.144824 2.331311
v 0.448601 0.144824 2.331311
v 0.448601 0.144824 2.331311
v 0.448601 0.144824 2.331311
v 0.448601 0.144824 2.331311
v 0.448601 0.215470 2.352504
v 0.448601 0.215470 2.352504
v 0.448601 0.215470 2.352504
v 0.448601 -0.137760 2.373698
v 0.448601 -0.137760 2.373698
v 0.448601 -0.130695 2.380763
v 0.448601 -0.130695 2.380763
v 0.448601 -0.194277 2.409021
v 0.448601 -0.194277 2.409021
v 0.448601 -0.194277 2.409021
v 0.448601 -0.194277 2.409021
v 0.448601 -0.173082 2.416086
v 0.448601 -0.173082 2.416086
v 0.448601 -0.173082 2.416086
v 0.448601 -0.519247 2.522054
v 0.448601 -0.519247 2.522054
v 0.448601 -0.519247 2.522054
v 0.448601 -0.519247 2.522054
v 0.448601 -0.519247 2.522054
v 0.448601 -0.462730 2.776379
v 0.448601 -0.462730 2.776379
v 0.448601 -0.469794 2.790509
v 0.448601 -0.469794 2.790509
v 0.448601 0.250792 2.910606
v 0.448601 0.250792 2.910606
v 0.448601 0.250792 2.910606
v 0.448601 0.250792 2.910606
v 0.448601 0.250792 2.910606
v 0.448601 0.130695 1.653112
v 0.448601 0.130695 1.653112
v 0.455666 -0.088308 2.274794
v 0.455666 -0.088308 2.274794
v 0.455666 -0.088308 2.274794
v 0.455666 0.222534 2.310117
v 0.455666 0.222534 2.310117
v 0.455666 -0.236664 2.331311
v 0.455666 -0.236664 2.331311
v 0.455666 -0.236664 2.331311
v 0.455666 -0.236664 2.331311
v 0.455666 0.173082 2.373698
v 0.455666 0.173082 2.373698
v 0.455666 0.166018 2.380763
v 0.455666 0.166018 2.380763
v 0.455666 -0.257857 2.380763
v 0.455666 -0.257857 2.380763
v 0.455666 -0.257857 2.380763
v 0.455666 -0.257857 2.380763
v 0.455666 0.208405 2.416086
v 0.455666 0.208405 2.416086
v 0.455666 0.208405 2.416086
v 0.455666 -0.158954 2.882347
v 0.455666 -0.158954 2.882347
v 0.455666 -0.187211 1.624853
v 0.455666 -0.187211 1.624853
v 0.455666 -0.187211 1.624853
v 0.455666 -0.187211 1.624853
v 0.455666 0.102437 1.250430
v 0.455666 0.102437 1.250430
v 0.455666 -0.448601 0.649941
v 0.455666 -0.448601 0.649941
v 0.455666 -0.448601 0.649941
v 0.455666 -0.561634 0.536908
v 0.455666 -0.561634 0.536908
v 0.455666 -0.561634 0.536908
v 0.455666 0.498053 0.494521
v 0.455666 0.498053 0.494521
v 0.455666 0.498053 0.494521
v 0.455666 -0.568698 0.303778
v 0.455666 -0.568698 0.303778
v 0.455666 -0.568698 0.303778
v 0.455666 -0.568698 0.303778
v 0.462730 0.116565 2.274794
v 0.462730 0.116565 2.274794
v 0.462730 0.264921 2.331311
v 0.462730 0.264921 2.331311
v 0.462730 0.264921 2.331311
v 0.462730 0.264921 2.331311
v 0.462730 0.264921 2.331311
v 0.462730 -0.208405 2.338376
v 0.462730 -0.208405 2.338376
v 0.462730 -0.208405 2.338376
v 0.462730 -0.208405 2.338376
v 0.462730 0.229598 2.409021
v 0.462730 0.229598 2.409021
v 0.462730 0.455666 2.543249
v 0.462730 0.455666 2.543249
v 0.462730 0.455666 2.543249
v 0.462730 -0.385020 2.818768
v 0.462730 -0.385020 2.818768
v 0.462730 -0.385020 2.818768
v 0.462730 0.180147 2.882347
v 0.462730 0.180147 2.882347
v 0.462730 -0.363825 1.384657
v 0.462730 -0.363825 1.384657
v 0.462730 0.349697 0.628748
v 0.462730 0.349697 0.628748
v 0.462730 -0.547506 0.381488
v 0.462730 -0.547506 0.381488
v 0.462730 -0.490988 0.211937
v 0.462730 -0.490988 0.211937
v 0.462730 -0.490988 0.211937
v 0.462730 -0.490988 0.211937
v 0.469794 -0.236664 2.303053
v 0.469794 -0.236664 2.303053
v 0.469794 -0.236664 2.303053
v 0.469794 0.286115 2.380763
v 0.469794 0.286115 2.380763
v 0.469794 -0.505117 2.493796
v 0.469794 -0.505117 2.493796
v 0.469794 -0.505117 2.493796
v 0.469794 -0.505117 2.493796
v 0.469794 -0.505117 2.493796
v 0.469794 -0.392084 2.620959
v 0.469794 -0.392084 2.620959
v 0.469794 -0.392084 2.620959
v 0.469794 0.490988 2.783445
v 0.469794 0.490988 2.783445
v 0.469794 0.490988 2.783445
v 0.469794 0.490988 2.783445
v 0.469794 0.498053 2.797573
v 0.469794 0.498053 2.797573
v 0.469794 0.498053 2.797573
v 0.469794 -0.194277 2.896478
v 0.469794 -0.194277 2.896478
v 0.469794 -0.370891 0.614618
v 0.469794 -0.370891 0.614618
v 0.469794 -0.505117 0.543972
v 0.469794 -0.505117 0.543972
v 0.469794 -0.505117 0.543972
v 0.469794 -0.505117 0.543972
v 0.476858 -0.208405 2.281858
v 0.476858 -0.208405 2.281858
v 0.476858 -0.208405 2.295988
v 0.476858 -0.208405 2.295988
v 0.476858 -0.208405 2.295988
v 0.476860 -0.052985 2.331311
v 0.476860 -0.052985 2.331311
v 0.476860 -0.052985 2.331311
v 0.476860 -0.052985 2.331311
v 0.476860 0.236664 2.338376
v 0.476860 0.236664 2.338376
v 0.476860 0.236664 2.338376
v 0.476860 0.512181 2.479667
v 0.476860 0.512181 2.479667
v 0.476858 -0.427407 2.500862
v 0.476858 -0.427407 2.500862
v 0.476860 0.547504 2.529119
v 0.476860 0.547504 2.529119
v 0.476860 0.547504 2.529119
v 0.476860 0.547504 2.529119
v 0.476860 0.547504 2.529119
v 0.476858 -0.490988 2.613895
v 0.476858 -0.490988 2.613895
v 0.476858 -0.448601 2.741056
v 0.476858 -0.448601 2.741056
v 0.476858 -0.448601 2.741056
v 0.476858 -0.448601 2.741056
v 0.476858 -0.448601 2.741056
v 0.476858 -0.314374 2.790509
v 0.476858 -0.314374 2.790509
v 0.476858 -0.441537 2.804637
v 0.476858 -0.441537 2.804637
v 0.476858 -0.441537 2.804637
v 0.476860 0.215470 2.903542
v 0.476860 0.215470 2.903542
v 0.476858 -0.215470 0.727653
v 0.476858 -0.589893 0.452134
v 0.476858 -0.589893 0.452134
v 0.476858 -0.589893 0.452134
v 0.476858 -0.589893 0.452134
v 0.476858 -0.589893 0.452134
v 0.476858 -0.589893 0.452134
v 0.483924 0.271987 2.303053
v 0.483924 0.271987 2.303053
v 0.483924 0.271987 2.303053
v 0.483924 0.271987 2.303053
v 0.483924 0.081242 2.331311
v 0.483924 0.081242 2.331311
v 0.483924 0.081242 2.331311
v 0.483924 0.010596 2.366634
v 0.483924 0.010596 2.366634
v 0.483924 0.010596 2.366634
v 0.483924 -0.067114 2.380763
v 0.483924 -0.067114 2.380763
v 0.483924 -0.067114 2.380763
v 0.483924 -0.222534 2.387827
v 0.483924 -0.222534 2.387827
v 0.483924 -0.222534 2.387827
v 0.483924 0.420343 2.620959
v 0.483924 0.420343 2.620959
v 0.483924 -0.356761 2.705733
v 0.483924 -0.356761 2.705733
v 0.483924 -0.356761 2.705733
v 0.483924 -0.356761 2.705733
v 0.483924 -0.356761 2.705733
v 0.483924 -0.441537 2.705733
v 0.483924 -0.441537 2.705733
v 0.483924 -0.441537 2.705733
v 0.483924 0.406212 2.825832
v 0.483924 0.406212 2.825832
v 0.483924 0.406212 2.825832
v 0.483924 -0.420343 1.427044
v 0.483924 -0.420343 1.427044
v 0.483924 0.448601 0.445069
v 0.483924 0.448601 0.445069
v 0.483924 0.448601 0.445069
v 0.490988 0.243728 2.281858
v 0.490988 0.243728 2.281858
v 0.490988 0.243728 2.281858
v 0.490988 0.243728 2.281858
v 0.490988 0.095372 2.288924
v 0.490988 0.095372 2.288924
v 0.490988 0.095372 2.288924
v 0.490988 -0.060049 2.288924
v 0.490988 -0.060049 2.288924
v 0.490988 -0.060049 2.288924
v 0.490988 0.243728 2.303053
v 0.490988 0.243728 2.303053
v 0.490988 0.243728 2.303053
v 0.490988 0.243728 2.303053
v 0.490988 0.045919 2.317181
v 0.490988 0.045919 2.317181
v 0.490988 0.045919 2.317181
v 0.490988 -0.017662 2.317181
v 0.490988 -0.017662 2.317181
v 0.490988 -0.017662 2.317181
v 0.490988 0.102437 2.380763
v 0.490988 0.102437 2.380763
v 0.490988 0.102437 2.380763
v 0.490988 0.102437 2.380763
v 0.490988 0.257857 2.387827
v 0.490988 0.257857 2.387827
v 0.490988 -0.307310 2.437280
v 0.490988 -0.307310 2.437280
v 0.490988 -0.307310 2.437280
v 0.490988 0.469794 2.493796
v 0.490988 -0.519247 2.557377
v 0.490988 -0.519247 2.557377
v 0.490988 -0.519247 2.557377
v 0.490988 0.342633 2.797573
v 0.490988 0.342633 2.797573
v 0.490988 0.342633 2.797573
v 0.490988 0.286115 1.349334
v 0.490988 0.286115 1.349334
v 0.490988 0.187211 0.727653
v 0.490988 -0.462730 0.614618
v 0.490988 -0.462730 0.614618
v 0.490988 -0.462730 0.614618
v 0.490988 -0.483924 0.445069
v 0.490988 -0.483924 0.445069
v 0.490988 -0.483924 0.445069
v 0.490988 -0.547506 0.438003
v 0.490988 -0.547506 0.438003
v 0.490988 -0.547506 0.438003
v 0.490988 0.462730 0.211937
v 0.490988 0.462730 0.211937
v 0.490988 0.462730 0.211937
v 0.490988 0.462730 0.211937
v 0.490988 -0.526311 0.169550
v 0.490988 -0.526311 0.169550
v 0.490988 -0.526311 0.169550
v 0.498053 -0.045919 2.274794
v 0.498053 -0.045919 2.274794
v 0.498053 -0.045919 2.274794
v 0.498053 -0.250792 2.295988
v 0.498053 -0.250792 2.295988
v 0.498053 -0.250792 2.295988
v 0.498053 0.533376 2.500862
v 0.498053 0.533376 2.500862
v 0.498053 0.533376 2.500862
v 0.498053 0.533376 2.500862
v 0.498053 0.533376 2.500862
v 0.498053 0.420343 2.507926
v 0.498053 0.420343 2.507926
v 0.498053 0.519247 2.620959
v 0.498053 0.519247 2.620959
v 0.498053 -0.505117 2.628023
v 0.498053 -0.505117 2.628023
v 0.498053 -0.505117 2.628023
v 0.498053 -0.483924 2.677476
v 0.498053 -0.483924 2.677476
v 0.498053 0.385020 2.712799
v 0.498053 0.385020 2.712799
v 0.498053 0.385020 2.712799
v 0.498053 0.385020 2.712799
v 0.498053 0.385020 2.712799
v 0.498053 0.476858 2.748122
v 0.498053 0.476858 2.748122
v 0.498053 0.476858 2.748122
v 0.498053 0.476858 2.748122
v 0.498053 0.476858 2.748122
v 0.498053 0.476858 2.748122
v 0.498053 0.476858 2.748122
v 0.498053 0.469794 2.811702
v 0.498053 0.469794 2.811702
v 0.498053 0.469794 2.811702
v 0.498053 0.469794 2.811702
v 0.498053 -0.109501 2.896478
v 0.498053 -0.109501 2.896478
v 0.498053 0.024727 1.603659
v 0.498053 -0.229600 0.720586
v 0.498053 -0.229600 0.720586
v 0.498053 -0.229600 0.720586
v 0.498053 -0.229600 0.685264
v 0.498053 -0.229600 0.685264
v 0.498053 -0.229600 0.685264
v 0.498053 -0.229600 0.685264
v 0.498053 -0.222534 0.678199
v 0.498053 -0.222534 0.678199
v 0.498053 -0.222534 0.678199
v 0.498053 -0.222534 0.558102
v 0.498053 -0.222534 0.558102
v 0.498053 -0.476860 0.558102
v 0.498053 -0.476860 0.558102
v 0.498053 -0.476860 0.558102
v 0.498053 -0.476860 0.558102
v 0.505117 0.074178 2.274794
v 0.505117 0.074178 2.274794
v 0.505117 -0.081242 2.274794
v 0.505117 -0.081242 2.274794
v 0.505117 -0.081242 2.274794
v 0.505117 -0.081242 2.274794
v 0.505117 -0.236664 2.281858
v 0.505117 -0.236664 2.281858
v 0.505117 -0.236664 2.281858
v 0.505117 -0.236664 2.288924
v 0.505117 -0.236664 2.288924
v 0.505117 0.067114 2.324247
v 0.505117 0.067114 2.324247
v 0.505117 0.067114 2.324247
v 0.505117 -0.038855 2.324247
v 0.505117 -0.038855 2.324247
v 0.505117 -0.038855 2.324247
v 0.505117 0.031791 2.387827
v 0.505117 0.031791 2.387827
v 0.505117 0.045919 2.387827
v 0.505117 0.045919 2.387827
v 0.505117 0.045919 2.387827
v 0.505117 -0.010596 2.387827
v 0.505117 -0.010596 2.387827
v 0.505117 -0.010596 2.387827
v 0.505117 -0.010596 2.387827
v 0.505117 0.024727 2.394893
v 0.505117 0.024727 2.394893
v 0.505117 0.024727 2.394893
v 0.505117 0.342633 2.444344
v 0.505117 0.342633 2.444344
v 0.505117 -0.215470 2.458473
v 0.505117 -0.215470 2.458473
v 0.505117 -0.215470 2.458473
v 0.505117 -0.215470 2.458473
v 0.505117 -0.201341 2.465539
v 0.505117 -0.201341 2.465539
v 0.505117 0.476858 2.507926
v 0.505117 0.476858 2.507926
v 0.505117 0.476858 2.507926
v 0.505117 0.476858 2.507926
v 0.505117 0.469794 2.712799
v 0.505117 0.469794 2.712799
v 0.505117 0.469794 2.712799
v 0.505117 0.010596 2.875283
v 0.505117 0.010596 2.875283
v 0.505117 0.088306 2.882347
v 0.505117 -0.060049 2.882347
v 0.505117 0.130695 2.903542
v 0.505117 0.130695 2.903542
v 0.505117 -0.321438 1.660176
v 0.505117 0.356761 0.657007
v 0.505117 0.356761 0.657007
v 0.505117 0.356761 0.657007
v 0.505117 0.392084 0.515715
v 0.505117 0.392084 0.515715
v 0.505117 0.392084 0.515715
v 0.505117 -0.540440 0.268455
v 0.505117 -0.540440 0.268455
v 0.505117 -0.540440 0.268455
v 0.512181 -0.074178 2.267730
v 0.512181 -0.074178 2.267730
v 0.512181 -0.074178 2.267730
v 0.512181 -0.074178 2.267730
v 0.512181 -0.074178 2.267730
v 0.512181 0.109501 2.274794
v 0.512181 0.109501 2.274794
v 0.512181 0.109501 2.274794
v 0.512181 0.109501 2.274794
v 0.512181 0.088306 2.288924
v 0.512181 0.088306 2.288924
v 0.512181 -0.052985 2.288924
v 0.512181 -0.052985 2.288924
v 0.512181 -0.052985 2.288924
v 0.512181 -0.052985 2.288924
v 0.512183 0.286115 2.295988
v 0.512183 0.286115 2.295988
v 0.512183 0.286115 2.295988
v 0.512183 0.286115 2.295988
v 0.512181 0.031791 2.387827
v 0.512181 0.031791 2.387827
v 0.512181 0.031791 2.387827
v 0.512183 0.243728 2.458473
v 0.512183 0.243728 2.458473
v 0.512183 0.243728 2.458473
v 0.512183 0.243728 2.458473
v 0.512183 0.243728 2.458473
v 0.512183 0.243728 2.458473
v 0.512183 0.229598 2.465539
v 0.512183 0.229598 2.465539
v 0.512181 -0.533376 2.550313
v 0.512181 -0.533376 2.550313
v 0.512181 -0.427407 2.755186
v 0.512181 -0.427407 2.755186
v 0.512181 -0.427407 2.755186
v 0.512181 -0.427407 2.755186
v 0.512181 -0.300246 2.769315
v 0.512181 -0.300246 2.769315
v 0.512181 -0.300246 2.769315
v 0.512181 -0.300246 2.769315
v 0.512181 0.060049 1.215107
v 0.512181 0.194275 0.720586
v 0.512181 0.194275 0.720586
v 0.512181 0.194275 0.720586
v 0.512181 0.194275 0.685264
v 0.512181 0.194275 0.685264
v 0.512183 0.300244 0.685264
v 0.512183 0.300244 0.685264
v 0.512181 0.187211 0.678199
v 0.512181 0.187211 0.678199
v 0.512181 0.187211 0.678199
v 0.512181 0.187211 0.678199
v 0.512181 0.194275 0.558102
v 0.512181 0.194275 0.558102
v 0.512181 0.194275 0.558102
v 0.512183 0.385020 0.515715
v 0.512183 0.385020 0.515715
v 0.512183 0.385020 0.515715
v 0.512183 0.385020 0.515715
v 0.512183 0.385020 0.515715
v 0.512181 -0.399148 0.494521
v 0.512181 -0.399148 0.494521
v 0.512181 -0.554570 0.332034
v 0.512181 -0.554570 0.332034
v 0.519247 0.102437 2.267730
v 0.519247 0.102437 2.267730
v 0.519247 0.102437 2.267730
v 0.519247 -0.074178 2.274794
v 0.519247 -0.074178 2.274794
v 0.519247 -0.074178 2.274794
v 0.519247 -0.074178 2.274794
v 0.519247 0.264921 2.281858
v 0.519247 0.264921 2.281858
v 0.519247 0.264921 2.281858
v 0.519247 0.264921 2.295988
v 0.519247 0.264921 2.295988
v 0.519247 -0.045919 2.373698
v 0.519247 -0.045919 2.373698
v 0.519247 -0.045919 2.373698
v 0.519247 -0.045919 2.373698
v 0.519247 0.074178 2.380763
v 0.519247 0.074178 2.380763
v 0.519247 0.074178 2.380763
v 0.519247 -0.123631 2.437280
v 0.519247 -0.123631 2.437280
v 0.519247 -0.257857 2.437280
v 0.519247 -0.257857 2.437280
v 0.519247 -0.462730 2.550313
v 0.519247 -0.462730 2.550313
v 0.519247 0.547504 2.564441
v 0.519247 0.547504 2.564441
v 0.519247 0.547504 2.564441
v 0.519247 0.505117 2.684540
v 0.519247 0.505117 2.684540
v 0.519247 0.505117 2.684540
v 0.519247 0.505117 2.684540
v 0.519247 -0.490988 2.684540
v 0.519247 -0.490988 2.684540
v 0.519247 -0.194277 2.748122
v 0.519247 -0.194277 2.748122
v 0.519247 -0.194277 2.748122
v 0.519247 -0.194277 2.748122
v 0.519247 -0.194277 2.748122
v 0.519247 0.271987 0.678199
v 0.519247 0.271987 0.678199
v 0.519247 0.271987 0.678199
v 0.519247 0.271987 0.678199
v 0.519247 0.271987 0.678199
v 0.519247 0.271987 0.678199
v 0.519247 0.271987 0.678199
v 0.519247 0.392084 0.621684
v 0.519247 0.392084 0.621684
v 0.519247 0.392084 0.621684
v 0.519247 0.392084 0.621684
v 0.519247 0.335567 0.607553
v 0.519247 0.335567 0.607553
v 0.519247 0.335567 0.607553
v 0.519247 0.307310 0.522779
v 0.519247 0.307310 0.522779
v 0.519247 0.307310 0.522779
v 0.526311 0.102437 2.281858
v 0.526311 0.102437 2.281858
v 0.526311 0.102437 2.281858
v 0.526311 0.017660 2.423150
v 0.526311 0.017660 2.423150
v 0.526311 0.151888 2.437280
v 0.526311 0.151888 2.437280
v 0.526311 -0.349697 2.507926
v 0.526311 -0.349697 2.507926
v 0.526311 -0.349697 2.507926
v 0.526311 -0.526311 2.620959
v 0.526311 -0.526311 2.620959
v 0.526311 -0.526311 2.620959
v 0.526311 -0.526311 2.620959
v 0.526311 0.533376 2.635087
v 0.526311 0.533376 2.635087
v 0.526311 0.533376 2.635087
v 0.526311 -0.441537 2.691605
v 0.526311 -0.441537 2.691605
v 0.526311 0.455666 2.762250
v 0.526311 0.455666 2.762250
v 0.526311 0.455666 2.762250
v 0.526311 0.455666 2.762250
v 0.526311 0.328502 2.776379
v 0.526311 0.328502 2.776379
v 0.526311 0.328502 2.776379
v 0.526311 0.328502 2.776379
v 0.526311 0.052983 2.882347
v 0.526311 0.052983 2.882347
v 0.526311 -0.024727 2.882347
v 0.526311 -0.024727 2.882347
v 0.526311 -0.109501 1.603659
v 0.526311 -0.109501 1.603659
v 0.526311 -0.236664 1.229237
v 0.526311 -0.236664 1.229237
v 0.526311 -0.017662 0.727653
v 0.526311 0.264921 0.699394
v 0.526311 0.264921 0.699394
v 0.526311 -0.490988 0.529843
v 0.526311 -0.490988 0.529843
v 0.526311 -0.490988 0.529843
v 0.526311 -0.490988 0.529843
v 0.526311 -0.490988 0.529843
v 0.526311 0.490988 0.169550
v 0.526311 0.490988 0.169550
v 0.526311 0.490988 0.169550
v 0.533376 -0.102437 2.274794
v 0.533376 -0.102437 2.274794
v 0.533376 -0.102437 2.274794
v 0.533376 -0.264923 2.303053
v 0.533376 -0.264923 2.303053
v 0.533376 -0.264923 2.303053
v 0.533376 0.038855 2.423150
v 0.533376 0.038855 2.423150
v 0.533376 0.038855 2.423150
v 0.533376 0.286115 2.444344
v 0.533376 0.286115 2.444344
v 0.533376 -0.469794 2.613895
v 0.533376 -0.469794 2.613895
v 0.533376 -0.469794 2.613895
v 0.533376 -0.469794 2.613895
v 0.533376 0.222534 2.755186
v 0.533376 0.222534 2.755186
v 0.533376 0.222534 2.755186
v 0.533376 0.222534 2.755186
v 0.533376 0.222534 2.755186
v 0.533376 -0.392084 1.356399
v 0.533376 -0.392084 1.356399
v 0.533376 0.342633 0.487456
v 0.533376 0.342633 0.487456
v 0.533376 0.427407 0.438003
v 0.533376 0.427407 0.438003
v 0.533376 0.427407 0.438003
v 0.540440 0.130695 2.274794
v 0.540440 0.130695 2.274794
v 0.540440 0.130695 2.274794
v 0.540440 0.031791 2.409021
v 0.540440 0.031791 2.409021
v 0.540440 0.031791 2.409021
v 0.540440 0.377956 2.514990
v 0.540440 0.377956 2.514990
v 0.540440 -0.229600 2.514990
v 0.540440 -0.229600 2.514990
v 0.540440 -0.229600 2.514990
v 0.540440 -0.229600 2.514990
v 0.540440 -0.229600 2.514990
v 0.540440 -0.229600 2.514990
v 0.540440 0.498053 2.557377
v 0.540440 0.498053 2.557377
v 0.540440 0.498053 2.557377
v 0.540440 0.561634 2.557377
v 0.540440 0.561634 2.557377
v 0.540440 0.519247 2.698669
v 0.540440 0.519247 2.698669
v 0.540440 0.519247 2.698669
v 0.540440 0.010596 2.748122
v 0.540440 -0.271987 1.285753
v 0.540440 -0.271987 1.285753
v 0.540440 -0.017662 0.678199
v 0.540440 -0.017662 0.678199
v 0.540440 0.236664 0.657007
v 0.540440 0.236664 0.657007
v 0.540440 0.236664 0.657007
v 0.540440 0.505117 0.268455
v 0.540440 0.505117 0.268455
v 0.540440 0.505117 0.268455
v 0.547506 0.293179 2.303053
v 0.547506 0.293179 2.303053
v 0.547506 0.293179 2.303053
v 0.547504 -0.038855 2.458473
v 0.547504 -0.038855 2.458473
v 0.547504 -0.229600 2.663346
v 0.547504 -0.229600 2.663346
v 0.547504 -0.208405 2.670410
v 0.547504 -0.208405 2.670410
v 0.547504 -0.342633 2.677476
v 0.547504 -0.342633 2.677476
v 0.547504 -0.342633 2.677476
v 0.547506 0.469794 2.698669
v 0.547506 0.469794 2.698669
v 0.547506 0.469794 2.698669
v 0.547504 -0.208405 1.653112
v 0.547504 -0.208405 1.653112
v 0.547504 -0.045919 1.603659
v 0.547504 -0.045919 1.603659
v 0.547506 0.243728 1.335206
v 0.547506 0.243728 1.335206
v 0.547504 0.173082 1.314011
v 0.547504 0.173082 1.314011
v 0.547504 -0.017662 0.720586
v 0.547504 -0.017662 0.720586
v 0.547504 -0.017662 0.720586
v 0.547506 0.208405 0.699394
v 0.547506 0.208405 0.699394
v 0.547506 0.208405 0.699394
v 0.547504 -0.017662 0.685264
v 0.547504 -0.017662 0.685264
v 0.547504 -0.017662 0.558102
v 0.547504 -0.017662 0.558102
v 0.547504 -0.385020 0.430939
v 0.547504 -0.385020 0.430939
v 0.547504 -0.568698 0.289647
v 0.547504 -0.568698 0.289647
v 0.547504 -0.582829 0.155420
v 0.547504 -0.582829 0.155420
v 0.547504 -0.582829 0.000000
v 0.547504 -0.582829 0.000000
v 0.554570 0.045919 2.444344
v 0.554570 0.045919 2.444344
v 0.554570 0.045919 2.444344
v 0.554570 0.067114 2.458473
v 0.554570 0.067114 2.458473
v 0.554570 0.067114 2.458473
v 0.554570 0.067114 2.458473
v 0.554570 0.067114 2.458473
v 0.554570 0.067114 2.458473
v 0.554570 -0.180147 2.507926
v 0.554570 -0.180147 2.507926
v 0.554570 -0.180147 2.507926
v 0.554570 0.257857 2.522054
v 0.554570 0.257857 2.522054
v 0.554570 0.257857 2.522054
v 0.554570 0.257857 2.522054
v 0.554570 0.257857 2.522054
v 0.554570 -0.236664 2.585636
v 0.554570 -0.236664 2.585636
v 0.554570 -0.236664 2.585636
v 0.554570 -0.356761 2.585636
v 0.554570 -0.356761 2.585636
v 0.554570 -0.356761 2.585636
v 0.554570 0.490988 2.620959
v 0.554570 0.490988 2.620959
v 0.554570 0.490988 2.620959
v 0.554570 0.554570 2.628023
v 0.554570 0.554570 2.628023
v 0.554570 0.554570 2.628023
v 0.554570 0.554570 2.628023
v 0.554570 0.554570 2.628023
v 0.554570 -0.250792 2.762250
v 0.554570 -0.250792 2.762250
v 0.554570 -0.250792 2.762250
v 0.554570 -0.271987 1.660176
v 0.554570 -0.271987 1.660176
v 0.554570 0.363825 0.558102
v 0.554570 0.363825 0.558102
v 0.554570 0.363825 0.558102
v 0.554570 0.363825 0.558102
v 0.554570 0.363825 0.558102
v 0.554570 0.363825 0.558102
v 0.554570 0.512181 0.332034
v 0.554570 0.512181 0.332034
v 0.554570 0.512181 0.332034
v 0.561634 0.060049 2.437280
v 0.561634 0.060049 2.437280
v 0.561634 0.060049 2.437280
v 0.561634 -0.081242 2.437280
v 0.561634 -0.081242 2.437280
v 0.561634 -0.286115 2.500862
v 0.561634 -0.286115 2.500862
v 0.561634 0.208405 2.507926
v 0.561634 0.208405 2.507926
v 0.561634 0.208405 2.507926
v 0.561634 0.208405 2.507926
v 0.561634 -0.208405 2.592700
v 0.561634 -0.208405 2.592700
v 0.561634 -0.208405 2.592700
v 0.561634 -0.208405 2.592700
v 0.561634 0.236664 2.670410
v 0.561634 0.236664 2.670410
v 0.561634 0.236664 2.670410
v 0.561634 0.250792 2.670410
v 0.561634 0.250792 2.670410
v 0.561634 0.279051 2.769315
v 0.561634 0.279051 2.769315
v 0.561634 0.279051 2.769315
v 0.561634 -0.293179 0.607553
v 0.561634 -0.293179 0.607553
v 0.561634 0.498053 0.360293
v 0.561634 0.498053 0.360293
v 0.568698 0.109501 2.437280
v 0.568698 0.109501 2.437280
v 0.568698 -0.024727 2.458473
v 0.568698 -0.024727 2.458473
v 0.568698 0.017660 2.472603
v 0.568698 0.017660 2.472603
v 0.568698 0.385020 2.585636
v 0.568698 0.385020 2.585636
v 0.568698 0.385020 2.585636
v 0.568698 0.385020 2.585636
v 0.568698 0.264921 2.592700
v 0.568698 0.264921 2.592700
v 0.568698 0.264921 2.592700
v 0.568698 0.264921 2.592700
v 0.568698 0.370889 2.677476
v 0.568698 0.370889 2.677476
v 0.568698 0.370889 2.677476
v 0.568698 0.370889 2.677476
v 0.568698 -0.476860 0.367357
v 0.568698 -0.476860 0.367357
v 0.568698 -0.476860 0.367357
v 0.568698 -0.476860 0.367357
v 0.568698 -0.476860 0.367357
v 0.575763 0.314374 2.507926
v 0.575763 0.314374 2.507926
v 0.575763 0.314374 2.507926
v 0.575763 0.314374 2.507926
v 0.575763 0.236664 2.592700
v 0.575763 0.236664 2.592700
v 0.575763 0.010596 2.733992
v 0.575763 0.010596 2.733992
v 0.575763 0.010596 2.733992
v 0.575763 -0.180147 1.208043
v 0.575763 0.187211 0.692330
v 0.575763 0.187211 0.692330
v 0.575763 0.187211 0.692330
v 0.575763 0.187211 0.692330
v 0.575763 0.187211 0.692330
v 0.575763 0.187211 0.692330
v 0.575763 0.293179 0.642876
v 0.575763 0.293179 0.642876
v 0.575763 0.293179 0.642876
v 0.575763 -0.526311 0.317906
v 0.575763 -0.526311 0.317906
v 0.582827 -0.286115 2.670410
v 0.582827 -0.286115 2.670410
v 0.582827 -0.286115 2.670410
v 0.582827 -0.286115 2.670410
v 0.582827 -0.081242 2.755186
v 0.582827 -0.081242 2.755186
v 0.582829 0.222534 0.664071
v 0.582829 0.222534 0.664071
v 0.582827 0.109501 0.642876
v 0.582827 0.109501 0.642876
v 0.582827 0.109501 0.642876
v 0.582827 0.158952 0.635812
v 0.582827 0.158952 0.635812
v 0.582827 0.158952 0.635812
v 0.582827 0.158952 0.635812
v 0.582827 0.158952 0.635812
v 0.582827 0.158952 0.635812
v 0.582827 0.158952 0.635812
v 0.582829 0.547504 0.155420
v 0.582829 0.547504 0.155420
v 0.582829 0.547504 0.000000
v 0.582829 0.547504 0.000000
v 0.589893 -0.003532 2.451408
v 0.589893 -0.003532 2.451408
v 0.589893 0.031791 2.479667
v 0.589893 0.031791 2.479667
v 0.589893 0.031791 2.479667
v 0.589893 -0.300246 2.578572
v 0.589893 -0.300246 2.578572
v 0.589893 -0.300246 2.578572
v 0.589893 0.102437 2.755186
v 0.589893 0.102437 2.755186
v 0.589893 -0.144824 2.776379
v 0.589893 -0.144824 2.776379
v 0.589893 0.045919 0.614618
v 0.589893 0.045919 0.614618
v 0.589893 0.151888 0.501585
v 0.589893 0.151888 0.501585
v 0.589893 0.257857 0.459198
v 0.589893 0.257857 0.459198
v 0.596957 0.010596 2.656282
v 0.596957 0.314374 2.670410
v 0.596957 0.314374 2.670410
v 0.596957 0.314374 2.670410
v 0.596957 0.314374 2.670410
v 0.596957 0.166018 2.776379
v 0.596957 0.166018 2.776379
v 0.596957 0.434471 0.381488
v 0.596957 0.434471 0.381488
v 0.604021 0.010596 2.514990
v 0.604021 0.010596 2.514990
v 0.604021 -0.067114 2.522054
v 0.604021 -0.067114 2.522054
v 0.604021 -0.067114 2.522054
v 0.604021 -0.067114 2.522054
v 0.604021 -0.067114 2.522054
v 0.604021 -0.067114 2.522054
v 0.604021 0.328502 2.585636
v 0.604021 0.328502 2.585636
v 0.604021 0.328502 2.585636
v 0.604021 -0.286115 0.536908
v 0.604021 -0.286115 0.536908
v 0.604021 -0.314374 0.473326
v 0.604021 -0.314374 0.473326
v 0.604021 -0.314374 0.473326
v 0.604021 0.215470 0.459198
v 0.604021 0.215470 0.459198
v 0.604021 0.215470 0.459198
v 0.604021 0.215470 0.459198
v 0.604021 0.215470 0.459198
v 0.604021 0.215470 0.459198
v 0.604021 -0.271987 0.445069
v 0.611086 0.052983 2.465539
v 0.611086 0.052983 2.465539
v 0.611086 0.052983 2.465539
v 0.611086 0.088306 2.522054
v 0.611086 0.088306 2.522054
v 0.611086 0.088306 2.522054
v 0.611086 0.088306 2.522054
v 0.611086 0.088306 2.522054
v 0.611086 0.010596 2.656282
v 0.611086 0.010596 2.656282
v 0.611086 -0.392084 1.349334
v 0.611086 -0.392084 1.349334
v 0.611086 0.349697 0.543972
v 0.611086 0.349697 0.543972
v 0.611086 0.349697 0.543972
v 0.611086 0.116565 0.515715
v 0.611086 0.116565 0.515715
v 0.611086 0.116565 0.515715
v 0.611086 0.342633 0.452134
v 0.611086 0.342633 0.452134
v 0.611086 0.342633 0.452134
v 0.611086 0.342633 0.452134
v 0.611086 0.342633 0.452134
v 0.611086 0.342633 0.452134
v 0.611086 0.342633 0.452134
v 0.611086 0.392084 0.445069
v 0.611086 0.392084 0.445069
v 0.611086 0.392084 0.445069
v 0.611086 0.392084 0.445069
v 0.611086 -0.279051 0.211937
v 0.611086 -0.279051 0.211937
v 0.618150 0.017660 2.529119
v 0.618150 0.017660 2.529119
v 0.618150 0.017660 2.529119
v 0.618150 0.010596 2.578572
v 0.618150 0.010596 2.578572
v 0.618150 0.010596 2.578572
v 0.618150 0.010596 2.578572
v 0.618150 0.010596 2.578572
v 0.618150 0.010596 2.578572
v 0.618150 -0.088308 2.677476
v 0.618150 -0.088308 2.677476
v 0.618150 -0.088308 2.677476
v 0.618150 -0.088308 2.677476
v 0.618150 0.060049 2.748122
v 0.618150 0.060049 2.748122
v 0.618150 0.060049 2.748122
v 0.618150 0.060049 2.748122
v 0.618150 -0.038855 2.748122
v 0.618150 -0.038855 2.748122
v 0.618150 -0.038855 2.748122
v 0.618150 -0.038855 2.748122
v 0.618150 0.017660 1.208043
v 0.625216 -0.130695 2.507926
v 0.625216 -0.130695 2.507926
v 0.625216 -0.130695 2.507926
v 0.625216 -0.081242 2.592700
v 0.625216 -0.081242 2.592700
v 0.625216 -0.081242 2.592700
v 0.625216 0.109501 2.677476
v 0.625216 0.109501 2.677476
v 0.625216 0.109501 2.677476
v 0.625216 0.109501 2.677476
v 0.625216 0.109501 2.677476
v 0.625216 -0.236664 1.321076
v 0.625216 -0.236664 1.321076
v 0.625216 0.236664 0.445069
v 0.625216 0.236664 0.445069
v 0.625216 -0.420343 0.339101
v 0.625216 -0.420343 0.339101
v 0.625216 -0.420343 0.339101
v 0.632280 -0.031791 2.500862
v 0.632280 -0.031791 2.500862
v 0.632280 -0.031791 2.500862
v 0.632280 0.151888 2.507926
v 0.632280 0.151888 2.507926
v 0.632280 0.151888 2.507926
v 0.632280 0.151888 2.507926
v 0.632280 0.151888 2.507926
v 0.632280 0.109501 2.599764
v 0.632280 0.109501 2.599764
v 0.632280 0.109501 2.599764
v 0.632280 -0.158954 2.684540
v 0.632280 -0.158954 2.684540
v 0.632280 -0.052985 0.593425
v 0.632280 -0.052985 0.593425
v 0.632280 0.236664 0.211937
v 0.632280 0.236664 0.211937
v 0.639344 0.060049 2.514990
v 0.639344 0.060049 2.514990
v 0.639344 0.060049 2.514990
v 0.639344 0.109501 0.635812
v 0.639344 0.109501 0.635812
v 0.639344 0.109501 0.635812
v 0.639344 0.109501 0.635812
v 0.639344 0.109501 0.635812
v 0.639344 0.187211 0.621684
v 0.639344 0.187211 0.621684
v 0.639344 0.187211 0.621684
v 0.639344 0.187211 0.621684
v 0.639344 0.130695 0.551038
v 0.639344 0.130695 0.551038
v 0.639344 0.130695 0.551038
v 0.639344 0.130695 0.551038
v 0.639344 0.130695 0.551038
v 0.639344 0.130695 0.551038
v 0.639344 0.130695 0.551038
v 0.646408 -0.151888 2.592700
v 0.646408 -0.151888 2.592700
v 0.646408 -0.151888 2.592700
v 0.646408 0.180147 2.691605
v 0.646408 0.180147 2.691605
v 0.646408 -0.123631 1.208043
v 0.646408 -0.123631 1.208043
v 0.646408 0.109501 0.508649
v 0.646408 0.109501 0.508649
v 0.646408 0.109501 0.508649
v 0.646408 0.052983 0.494521
v 0.646408 0.052983 0.494521
v 0.646408 0.370889 0.466262
v 0.646408 0.370889 0.466262
v 0.646408 0.370889 0.466262
v 0.646408 0.370889 0.466262
v 0.646408 0.370889 0.466262
v 0.646408 0.370889 0.466262
v 0.646408 0.307310 0.402680
v 0.646408 0.307310 0.402680
v 0.646408 0.307310 0.402680
v 0.646408 0.307310 0.402680
v 0.646408 0.427407 0.339101
v 0.646408 0.427407 0.339101
v 0.646408 0.427407 0.339101
v 0.653473 -0.045919 2.564441
v 0.653473 -0.045919 2.564441
v 0.653473 -0.045919 2.649217
v 0.653473 -0.045919 2.649217
v 0.653473 -0.045919 2.649217
v 0.653473 0.067114 2.656282
v 0.653473 0.067114 2.656282
v 0.653473 0.067114 2.656282
v 0.653475 0.264921 0.381488
v 0.653475 0.264921 0.381488
v 0.653475 0.264921 0.381488
v 0.660539 0.067114 2.571508
v 0.660539 0.067114 2.571508
v 0.660539 0.173082 2.599764
v 0.660539 0.173082 2.599764
v 0.660539 0.173082 2.599764
v 0.660539 -0.045919 1.208043
v 0.660539 -0.045919 1.208043
v 0.660539 -0.300246 0.169550
v 0.660539 -0.300246 0.169550
v 0.667603 -0.335568 1.349334
v 0.667603 -0.335568 1.349334
v 0.667603 -0.264923 1.342270
v 0.667603 -0.264923 1.342270
v 0.667603 0.123629 0.579295
v 0.667603 0.123629 0.579295
v 0.667603 0.123629 0.579295
v 0.667603 0.123629 0.579295
v 0.667603 0.123629 0.579295
v 0.667603 0.123629 0.579295
v 0.667603 0.123629 0.579295
v 0.667603 0.123629 0.579295
v 0.667603 0.123629 0.579295
v 0.667603 0.123629 0.579295
v 0.667603 -0.081242 0.529843
v 0.667603 -0.081242 0.529843
v 0.667603 0.300244 0.508649
v 0.667603 0.300244 0.508649
v 0.667603 0.300244 0.508649
v 0.667603 0.187211 0.452134
v 0.667603 0.187211 0.452134
v 0.667603 0.187211 0.452134
v 0.667603 0.187211 0.452134
v 0.667603 0.187211 0.452134
v 0.667603 0.187211 0.452134
v 0.667603 -0.024727 0.445069
v 0.667603 0.307310 0.317906
v 0.667603 0.307310 0.317906
v 0.667603 0.307310 0.317906
v 0.667603 -0.307310 0.268455
v 0.667603 -0.307310 0.268455
v 0.674667 0.031791 0.430939
v 0.674667 0.031791 0.430939
v 0.674667 -0.024727 0.211937
v 0.674667 -0.024727 0.211937
v 0.674667 0.257857 0.169550
v 0.674667 0.257857 0.169550
v 0.681731 -0.052985 0.466262
v 0.681731 -0.052985 0.466262
v 0.681731 -0.052985 0.466262
v 0.681731 0.314374 0.430939
v 0.681731 0.314374 0.430939
v 0.681731 0.314374 0.430939
v 0.681731 0.314374 0.430939
v 0.681731 0.222534 0.395616
v 0.681731 0.222534 0.395616
v 0.681731 0.222534 0.395616
v 0.681731 0.222534 0.395616
v 0.681731 0.222534 0.395616
v 0.681731 0.264921 0.317906
v 0.681731 0.264921 0.317906
v 0.681731 0.264921 0.317906
v 0.688797 0.257857 0.423875
v 0.688797 0.257857 0.423875
v 0.688797 0.257857 0.423875
v 0.688797 0.257857 0.423875
v 0.688797 0.257857 0.423875
v 0.688796 -0.314374 0.332034
v 0.688796 -0.314374 0.332034
v 0.688796 -0.314374 0.332034
v 0.688797 0.399148 0.310842
v 0.688797 0.399148 0.310842
v 0.688797 0.257857 0.268455
v 0.688797 0.257857 0.268455
v 0.702926 0.116565 0.529843
v 0.702926 0.116565 0.529843
v 0.702926 0.116565 0.529843
v 0.702926 0.116565 0.529843
v 0.702926 0.116565 0.529843
v 0.702926 0.151888 0.452134
v 0.702926 0.151888 0.452134
v 0.702926 0.151888 0.452134
v 0.702926 0.264921 0.332034
v 0.702926 0.264921 0.332034
v 0.702926 0.264921 0.332034
v 0.709990 0.208405 0.452134
v 0.709990 0.208405 0.452134
v 0.709990 0.208405 0.452134
v 0.709990 0.208405 0.452134
v 0.724120 -0.024727 0.169550
v 0.724120 -0.024727 0.169550
v 0.724118 -0.328502 0.155420
v 0.724118 -0.328502 0.155420
v 0.724118 -0.328502 0.155420
v 0.724118 -0.328502 0.000000
v 0.724118 -0.328502 0.000000
v 0.724118 -0.328502 0.000000
v 0.731185 0.102437 0.374423
v 0.731185 0.102437 0.374423
v 0.731185 0.102437 0.374423
v 0.731185 0.229598 0.339101
v 0.731185 0.229598 0.339101
v 0.738249 -0.024727 0.268455
v 0.745313 0.279051 0.155420
v 0.745313 0.279051 0.155420
v 0.745313 0.279051 0.155420
v 0.745313 0.279051 0.000000
v 0.745313 0.279051 0.000000
v 0.745313 0.279051 0.000000
v 0.752377 0.038855 0.346165
v 0.752377 0.038855 0.346165
v 0.752377 0.038855 0.346165
v 0.752377 -0.024727 0.332034
v 0.752377 -0.024727 0.332034
v 0.759443 0.144824 0.324970
v 0.759443 0.144824 0.324970
v 0.759443 0.201341 0.310842
v 0.759443 0.201341 0.310842
v 0.801830 -0.024727 0.155420
v 0.801830 -0.024727 0.155420
v 0.801830 -0.024727 0.155420
v 0.801830 -0.024727 0.000000
v 0.801830 -0.024727 0.000000
v 0.801830 -0.024727 0.000000
vt 0.063232 0.561768
vt 0.261475 0.041260
vt 0.272705 0.029297
vt 0.340576 0.745361
vt 0.379150 0.252441
vt 0.122803 0.338135
vt 0.153564 0.977539
vt 0.964600 0.479004
vt 0.454590 0.916260
vt 0.739746 0.920166
vt 0.453369 0.909424
vt 0.569092 0.941650
vt 0.739746 0.913086
vt 0.672363 0.843750
vt 0.753418 0.557129
vt 0.288818 0.792236
vt 0.841797 0.147217
vt 0.708984 0.895508
vt 0.721680 0.790771
vt 0.933105 0.176025
vt 0.684082 0.381104
vt 0.981934 0.797119
vt 0.985107 0.046875
vt 0.052246 0.913574
vt 0.554688 0.779053
vt 0.977539 0.866699
vt 0.013428 0.943115
vt 0.983154 0.691895
vt 0.998535 0.024902
vt 0.015381 0.937256
vt 0.529785 0.991699
vt 0.661133 0.987793
vt 0.993408 0.024414
vt 0.855225 0.902100
vt 0.863281 0.584473
vt 0.978271 0.517578
vt 0.277588 0.675537
vt 0.747314 0.581055
vt 0.867920 0.582275
vt 0.977295 0.512939
vt 0.043213 0.881348
vt 0.185791 0.992676
vt 0.662842 0.977783
vt 0.854492 0.892334
vt 0.967773 0.518555
vt 0.190918 0.989258
vt 0.281738 0.663330
vt 0.964355 0.512939
vt 0.034668 0.872559
vt 0.149414 0.932617
vt 0.659424 0.966064
vt 0.750488 0.824463
vt 0.838623 0.588135
vt 0.924072 0.580322
vt 0.478516 0.925537
vt 0.844727 0.588135
vt 0.926514 0.574463
vt 0.124512 0.738037
vt 0.925781 0.733398
vt 0.943848 0.770508
vt 0.122070 0.750488
vt 0.835938 0.368652
vt 0.921143 0.745605
vt 0.086914 0.914795
vt 0.349609 0.981934
vt 0.271729 0.680664
vt 0.343750 0.985107
vt 0.437744 0.911133
vt 0.869873 0.786621
vt 0.270996 0.673340
vt 0.014404 0.002197
vt 0.348145 0.044678
vt 0.559326 0.614502
vt 0.663574 0.532227
vt 0.922852 0.404053
vt 0.322021 0.890625
vt 0.572998 0.153320
vt 0.659424 0.749268
vt 0.909424 0.215820
vt 0.035645 0.184814
vt 0.217041 0.018799
vt 0.582031 0.561035
vt 0.714844 0.268066
vt 0.434814 0.684570
vt 0.597412 0.096436
vt 0.723389 0.355713
vt 0.689209 0.814453
vt 0.808350 0.749512
vt 0.839355 0.049805
vt 0.943604 0.295898
vt 0.678955 0.384766
vt 0.981934 0.751465
vt 0.728271 0.360596
vt 0.971436 0.889404
vt 0.052490 0.925537
vt 0.736328 0.856201
vt 0.862793 0.063721
vt 0.912109 0.144043
vt 0.553223 0.863037
vt 0.867676 0.062744
vt 0.152100 0.939941
vt 0.185791 0.981934
vt 0.283203 0.653809
vt 0.666748 0.966064
vt 0.155273 0.926514
vt 0.653809 0.856934
vt 0.833252 0.042725
vt 0.155273 0.933838
vt 0.284912 0.647217
vt 0.840820 0.043213
vt 0.207031 0.132568
vt 0.537354 0.026855
vt 0.536133 0.039062
vt 0.851562 0.748291
vt 0.031982 0.043213
vt 0.220215 0.649658
vt 0.859863 0.235107
vt 0.975342 0.341309
vt 0.131592 0.892822
vt 0.262451 0.903320
vt 0.397949 0.813721
vt 0.902100 0.523926
vt 0.050537 0.544922
vt 0.347656 0.725586
vt 0.348145 0.249023
vt 0.633301 0.752197
vt 0.797119 0.987793
vt 0.878906 0.971680
vt 0.952637 0.889893
vt 0.974854 0.794678
vt 0.738525 0.557373
vt 0.812012 0.312256
vt 0.973389 0.821289
vt 0.986816 0.747314
vt 0.739746 0.369873
vt 0.798584 0.746826
vt 0.936523 0.943848
vt 0.682861 0.378906
vt 0.981934 0.903809
vt 0.983154 0.794678
vt 0.987549 0.925293
vt 0.938965 0.604492
vt 0.982422 0.177002
vt 0.489014 0.985107
vt 0.936768 0.606201
vt 0.950928 0.126709
vt 0.981934 0.174316
vt 0.197266 0.919922
vt 0.752441 0.840820
vt 0.330078 0.801025
vt 0.556396 0.768799
vt 0.987061 0.963379
vt 0.016846 0.944336
vt 0.928711 0.189453
vt 0.931152 0.190186
vt 0.981934 0.693848
vt 0.998535 0.027344
vt 0.038574 0.469482
vt 0.034912 0.468994
vt 0.646484 0.143799
vt 0.750488 0.644775
vt 0.652588 0.143799
vt 0.745361 0.645020
vt 0.653809 0.143799
vt 0.744385 0.645264
vt 0.466309 0.563721
vt 0.674805 0.143799
vt 0.726562 0.646729
vt 0.964355 0.227051
vt 0.981934 0.787842
vt 0.989258 0.483887
vt 0.601562 0.630371
vt 0.609863 0.031738
vt 0.157959 0.977051
vt 0.732422 0.981934
vt 0.943604 0.594482
vt 0.964355 0.474609
vt 0.515625 0.302246
vt 0.597656 0.630859
vt 0.876221 0.783691
vt 0.727295 0.741943
vt 0.769531 0.259766
vt 0.146240 0.930908
vt 0.262451 0.742920
vt 0.854980 0.507812
vt 0.090332 0.235352
vt 0.196533 0.930908
vt 0.751709 0.852295
vt 0.254883 0.981934
vt 0.748779 0.839844
vt 0.823730 0.968994
vt 0.196533 0.906982
vt 0.748779 0.828613
vt 0.993896 0.695312
vt 0.325928 0.798096
vt 0.740967 0.854980
vt 0.981934 0.962646
vt 0.022461 0.931885
vt 0.526855 0.356201
vt 0.582764 0.754639
vt 0.896729 0.558350
vt 0.603516 0.909180
vt 0.651855 0.991455
vt 0.867920 0.966064
vt 0.923096 0.547852
vt 0.207520 0.629395
vt 0.642334 0.844482
vt 0.954590 0.769775
vt 0.845947 0.384521
vt 0.849365 0.269043
vt 0.396240 0.966064
vt 0.425537 0.513184
vt 0.885254 0.546143
vt 0.887695 0.918457
vt 0.359131 0.049072
vt 0.734375 0.175293
vt 0.737793 0.990967
vt 0.970947 0.604248
vt 0.462891 0.591553
vt 0.389893 0.045166
vt 0.459229 0.615967
vt 0.389893 0.034424
vt 0.389404 0.020264
vt 0.569824 0.471924
vt 0.195312 0.015381
vt 0.581055 0.472412
vt 0.192627 0.002197
vt 0.285400 0.642334
vt 0.782959 0.467041
vt 0.285400 0.615234
vt 0.428223 0.500488
vt 0.760010 0.469238
vt 0.192139 0.616699
vt 0.732422 0.557129
vt 0.795654 0.989746
vt 0.977051 0.793213
vt 0.547852 0.966064
vt 0.965332 0.223633
vt 0.987549 0.480225
vt 0.988525 0.661133
vt 0.632080 0.991455
vt 0.728027 0.981934
vt 0.946289 0.591064
vt 0.833984 0.145508
vt 0.869629 0.509766
vt 0.491455 0.094482
vt 0.695557 0.904541
vt 0.162842 0.976318
vt 0.871094 0.990723
vt 0.968506 0.827637
vt 0.987549 0.903809
vt 0.988281 0.797119
vt 0.989502 0.348877
vt 0.990723 0.049561
vt 0.259766 0.860596
vt 0.802490 0.839355
vt 0.236084 0.981934
vt 0.684570 0.373291
vt 0.981934 0.923340
vt 0.020996 0.979248
vt 0.039307 0.981934
vt 0.210205 0.978760
vt 0.811035 0.981934
vt 0.860596 0.983154
vt 0.944824 0.001709
vt 0.945557 0.603760
vt 0.986572 0.182129
vt 0.254883 0.992188
vt 0.357666 0.991943
vt 0.746826 0.850830
vt 0.826416 0.946777
vt 0.330078 0.028320
vt 0.407715 0.646729
vt 0.717773 0.983887
vt 0.981934 0.323486
vt 0.581055 0.966064
vt 0.746338 0.829834
vt 0.829834 0.977295
vt 0.996338 0.695801
vt 0.550293 0.767578
vt 0.741455 0.860107
vt 0.964355 0.865967
vt 0.965576 0.711426
vt 0.981934 0.967529
vt 0.553467 0.853760
vt 0.867676 0.053711
vt 0.134766 0.873291
vt 0.861572 0.053467
vt 0.864258 0.335449
vt 0.914795 0.134521
vt 0.657959 0.991455
vt 0.845703 0.910889
vt 0.932861 0.184082
vt 0.993408 0.029297
vt 0.013184 0.876709
vt 0.136719 0.835205
vt 0.593506 0.632324
vt 0.678467 0.529541
vt 0.861084 0.298096
vt 0.941406 0.974854
vt 0.021729 0.875488
vt 0.941406 0.966309
vt 0.338135 0.947266
vt 0.520020 0.037842
vt 0.851318 0.731201
vt 0.601807 0.910156
vt 0.785645 0.991211
vt 0.929199 0.737793
vt 0.944824 0.775391
vt 0.213623 0.644775
vt 0.642334 0.862549
vt 0.862549 0.226807
vt 0.948975 0.817383
vt 0.223145 0.838379
vt 0.542236 0.840332
vt 0.013184 0.007080
vt 0.059570 0.780518
vt 0.658936 0.534180
vt 0.703369 0.860596
vt 0.934570 0.151611
vt 0.572998 0.187744
vt 0.667480 0.785156
vt 0.736084 0.171387
vt 0.753906 0.785156
vt 0.977539 0.899658
vt 0.982422 0.238770
vt 0.990723 0.066650
vt 0.050781 0.966064
vt 0.267578 0.233154
vt 0.313721 0.970459
vt 0.981934 0.247070
vt 0.635254 0.989258
vt 0.950195 0.590576
vt 0.863281 0.507080
vt 0.672607 0.384766
vt 0.969238 0.821533
vt 0.988281 0.751465
vt 0.792480 0.283203
vt 0.904785 0.498047
vt 0.911133 0.781250
vt 0.160645 0.971436
vt 0.229980 0.981934
vt 0.984863 0.899658
vt 0.987549 0.920410
vt 0.095703 0.834473
vt 0.228027 0.050537
vt 0.287598 0.849121
vt 0.710938 0.881348
vt 0.713135 0.801025
vt 0.025635 0.979004
vt 0.815186 0.981934
vt 0.875244 0.281494
vt 0.981934 0.093262
vt 0.133057 0.944336
vt 0.720947 0.540283
vt 0.964355 0.120850
vt 0.411377 0.646729
vt 0.493896 0.981934
vt 0.716797 0.987549
vt 0.945068 0.126221
vt 0.326904 0.027588
vt 0.982422 0.320068
vt 0.195557 0.554932
vt 0.199219 0.907471
vt 0.993408 0.698242
vt 0.098145 0.949951
vt 0.833984 0.920166
vt 0.990479 0.058838
vt 0.021973 0.939453
vt 0.929443 0.182373
vt 0.133301 0.862305
vt 0.864258 0.325684
vt 0.147949 0.002441
vt 0.214600 0.938232
vt 0.330078 0.774414
vt 0.526855 0.373535
vt 0.573975 0.744873
vt 0.741455 0.826904
vt 0.882812 0.548096
vt 0.030029 0.878906
vt 0.211426 0.115234
vt 0.520752 0.025391
vt 0.606201 0.920410
vt 0.923584 0.559326
vt 0.358643 0.916504
vt 0.368164 0.064453
vt 0.772217 0.939453
vt 0.245361 0.840820
vt 0.519775 0.843018
vt 0.353516 0.051514
vt 0.566650 0.618896
vt 0.761475 0.954590
vt 0.896729 0.882324
vt 0.920166 0.142578
vt 0.805664 0.261230
vt 0.903076 0.583252
vt 0.549561 0.986084
vt 0.550293 0.968506
vt 0.974121 0.898438
vt 0.981934 0.235107
vt 0.988525 0.657959
vt 0.521729 0.990479
vt 0.788330 0.990723
vt 0.961670 0.202393
vt 0.977539 0.785889
vt 0.052734 0.968506
vt 0.969238 0.228516
vt 0.981934 0.782715
vt 0.984375 0.249023
vt 0.269043 0.229736
vt 0.311523 0.967529
vt 0.964355 0.451660
vt 0.162354 0.930420
vt 0.443604 0.937988
vt 0.711670 0.974121
vt 0.990479 0.095947
vt 0.158936 0.927490
vt 0.637695 0.988281
vt 0.952637 0.590088
vt 0.990479 0.100342
vt 0.727539 0.760010
vt 0.770996 0.276123
vt 0.867920 0.006836
vt 0.032471 0.905762
vt 0.126465 0.978760
vt 0.178955 0.992676
vt 0.728271 0.368652
vt 0.924805 0.943848
vt 0.964355 0.010254
vt 0.977295 0.895752
vt 0.977783 0.875977
vt 0.978760 0.318848
vt 0.126465 0.966064
vt 0.493896 0.991699
vt 0.725342 0.990967
vt 0.734375 0.525879
vt 0.855713 0.990723
vt 0.965088 0.895752
vt 0.990234 0.174316
vt 0.198486 0.554688
vt 0.578857 0.967041
vt 0.996582 0.698242
vt 0.193359 0.565918
vt 0.202637 0.917969
vt 0.453613 0.041504
vt 0.534912 0.991699
vt 0.977051 0.990723
vt 0.549805 0.851318
vt 0.871338 0.051270
vt 0.048584 0.991455
vt 0.048584 0.991455
vt 0.835938 0.915283
vt 0.835938 0.915283
vt 0.985107 0.059082
vt 0.845215 0.901855
vt 0.037354 0.888184
vt 0.845215 0.893311
vt 0.133789 0.846680
vt 0.864014 0.311035
vt 0.415527 0.981934
vt 0.864502 0.967529
vt 0.927490 0.547363
vt 0.941406 0.391113
vt 0.981934 0.030029
vt 0.288818 0.600830
vt 0.376709 0.734619
vt 0.417236 0.981934
vt 0.983154 0.031006
vt 0.847412 0.232666
vt 0.859131 0.272217
vt 0.018066 0.009033
vt 0.343750 0.051758
vt 0.137451 0.875977
vt 0.277832 0.903320
vt 0.383545 0.821533
vt 0.870117 0.792236
vt 0.870117 0.156982
vt 0.900391 0.506836
vt 0.226562 0.681641
vt 0.425781 0.691895
vt 0.441162 0.697754
vt 0.736084 0.135742
vt 0.765137 0.751465
vt 0.784424 0.598389
vt 0.977051 0.938721
vt 0.977051 0.903809
vt 0.988281 0.063477
vt 0.406006 0.991699
vt 0.519287 0.991699
vt 0.960693 0.199707
vt 0.568115 0.625000
vt 0.591797 0.902588
vt 0.885986 0.781006
vt 0.964355 0.123535
vt 0.399902 0.991211
vt 0.447510 0.934570
vt 0.715332 0.977783
vt 0.954834 0.199707
vt 0.168701 0.978760
vt 0.989502 0.354980
vt 0.676025 0.377197
vt 0.964355 0.827881
vt 0.985596 0.349609
vt 0.990234 0.214355
vt 0.974854 0.863281
vt 0.981934 0.865234
vt 0.981934 0.157471
vt 0.981934 0.069336
vt 0.074219 0.828369
vt 0.268555 0.860596
vt 0.507080 0.906006
vt 0.811279 0.836426
vt 0.911621 0.845459
vt 0.235352 0.985352
vt 0.681885 0.370850
vt 0.083252 0.832031
vt 0.106934 0.981934
vt 0.208008 0.992676
vt 0.725342 0.981934
vt 0.729736 0.533203
vt 0.989746 0.323486
vt 0.990234 0.208496
vt 0.041748 0.921875
vt 0.964355 0.871094
vt 0.964355 0.706543
vt 0.100586 0.945312
vt 0.990479 0.053467
vt 0.454590 0.037842
vt 0.978271 0.987061
vt 0.149902 0.869873
vt 0.455811 0.037842
vt 0.532471 0.988037
vt 0.050049 0.992432
vt 0.103516 0.951416
vt 0.834229 0.914795
vt 0.051758 0.987549
vt 0.837158 0.910400
vt 0.636230 0.845459
vt 0.677002 0.966064
vt 0.785156 0.982910
vt 0.936523 0.104492
vt 0.948975 0.799561
vt 0.953125 0.775879
vt 0.593018 0.909180
vt 0.651855 0.981934
vt 0.675781 0.966309
vt 0.708984 0.966797
vt 0.785645 0.981934
vt 0.363525 0.113770
vt 0.386963 0.736084
vt 0.415527 0.992188
vt 0.927002 0.558350
vt 0.941895 0.833008
vt 0.240967 0.061035
vt 0.377197 0.883789
vt 0.478271 0.822510
vt 0.488281 0.823730
vt 0.601318 0.033691
vt 0.281494 0.743652
vt 0.789307 0.857910
vt 0.782227 0.990967
vt 0.981934 0.152588
vt 0.985840 0.869385
vt 0.990723 0.006592
vt 0.034912 0.985107
vt 0.203857 0.977783
vt 0.864746 0.208252
vt 0.981934 0.496338
vt 0.135254 0.959961
vt 0.796631 0.274170
vt 0.913086 0.493408
vt 0.947998 0.945312
vt 0.979004 0.120850
vt 0.119385 0.968994
vt 0.398682 0.942871
vt 0.855713 0.981934
vt 0.948975 0.003906
vt 0.264160 0.981934
vt 0.867920 0.917969
vt 0.963623 0.967529
vt 0.973633 0.407715
vt 0.538330 0.966064
vt 0.866211 0.920166
vt 0.961182 0.966064
vt 0.978027 0.520996
vt 0.323730 0.031006
vt 0.964355 0.731934
vt 0.985840 0.211670
vt 0.986572 0.318115
vt 0.197021 0.565918
vt 0.248047 0.982178
vt 0.581055 0.978271
vt 0.829834 0.966064
vt 0.100586 0.941650
vt 0.448730 0.038086
vt 0.534912 0.987305
vt 0.976562 0.986572
vt 0.979004 0.303711
vt 0.101562 0.936768
vt 0.453613 0.037109
vt 0.151611 0.869385
vt 0.533691 0.987305
vt 0.147217 0.865723
vt 0.458252 0.032959
vt 0.028809 0.935059
vt 0.056396 0.981934
vt 0.201660 0.932373
vt 0.521240 0.360596
vt 0.838867 0.903076
vt 0.927979 0.174316
vt 0.020996 0.882324
vt 0.683838 0.538086
vt 0.213623 0.103760
vt 0.509521 0.024658
vt 0.349365 0.947266
vt 0.468994 0.074219
vt 0.508057 0.036865
vt 0.221924 0.162109
vt 0.278320 0.089111
vt 0.396240 0.978271
vt 0.421387 0.524170
vt 0.941895 0.123535
vt 0.979248 0.091797
vt 0.285156 0.092041
vt 0.901123 0.202393
vt 0.979248 0.085449
vt 0.035645 0.744873
vt 0.424072 0.843750
vt 0.495850 0.966064
vt 0.735107 0.981934
vt 0.964355 0.610840
vt 0.173340 0.632812
vt 0.254150 0.025879
vt 0.380615 0.052734
vt 0.393311 0.243408
vt 0.635010 0.322510
vt 0.977295 0.942139
vt 0.988525 0.631592
vt 0.989258 0.536621
vt 0.975830 0.941162
vt 0.985840 0.061768
vt 0.988037 0.538086
vt 0.140625 0.628174
vt 0.262207 0.611572
vt 0.271973 0.238770
vt 0.554688 0.981934
vt 0.981934 0.658447
vt 0.981934 0.483887
vt 0.988037 0.783447
vt 0.990234 0.247070
vt 0.306885 0.968018
vt 0.968750 0.451904
vt 0.277588 0.612305
vt 0.730713 0.770996
vt 0.855225 0.002441
vt 0.290527 0.803711
vt 0.576416 0.675049
vt 0.840088 0.135742
vt 0.169678 0.975830
vt 0.986572 0.354980
vt 0.972168 0.861816
vt 0.982422 0.765137
vt 0.984375 0.072021
vt 0.867188 0.375244
vt 0.880615 0.283203
vt 0.985840 0.090332
vt 0.117920 0.974365
vt 0.183105 0.983398
vt 0.394043 0.945557
vt 0.941162 0.782471
vt 0.021973 0.967041
vt 0.090332 0.250244
vt 0.158691 0.386230
vt 0.209717 0.966553
vt 0.746338 0.865967
vt 0.826416 0.961670
vt 0.198486 0.570312
vt 0.247314 0.986328
vt 0.361572 0.981934
vt 0.746094 0.928467
vt 0.867920 0.900391
vt 0.099121 0.235107
vt 0.194580 0.575684
vt 0.205811 0.926514
vt 0.867188 0.894043
vt 0.871582 0.250977
vt 0.945068 0.943604
vt 0.106445 0.935547
vt 0.106445 0.935547
vt 0.973877 0.303467
vt 0.454590 0.032227
vt 0.978271 0.981934
vt 0.108887 0.952637
vt 0.834473 0.909668
vt 0.140869 0.860107
vt 0.868896 0.041016
vt 0.031738 0.890869
vt 0.839111 0.893066
vt 0.217529 0.093262
vt 0.499756 0.024414
vt 0.419189 0.729004
vt 0.451904 0.732422
vt 0.458008 0.074219
vt 0.498535 0.036621
vt 0.655273 0.982666
vt 0.705566 0.966064
vt 0.867920 0.977539
vt 0.947266 0.399658
vt 0.286377 0.594238
vt 0.560547 0.637695
vt 0.945557 0.399658
vt 0.990967 0.030029
vt 0.600586 0.928955
vt 0.847900 0.369629
vt 0.853516 0.254150
vt 0.929199 0.756104
vt 0.603760 0.931152
vt 0.923096 0.570068
vt 0.982666 0.473145
vt 0.191406 0.608887
vt 0.723877 0.556885
vt 0.895020 0.817383
vt 0.585938 0.098145
vt 0.863037 0.478027
vt 0.584229 0.899902
vt 0.508789 0.104980
vt 0.715576 0.732422
vt 0.926758 0.002441
vt 0.167725 0.970215
vt 0.981934 0.351074
vt 0.987061 0.215820
vt 0.032227 0.953857
vt 0.967773 0.018066
vt 0.029297 0.948486
vt 0.972168 0.013672
vt 0.419922 0.981934
vt 0.538330 0.976074
vt 0.961182 0.977051
vt 0.264160 0.991943
vt 0.422363 0.982178
vt 0.963623 0.977295
vt 0.025635 0.966064
vt 0.093750 0.250732
vt 0.877930 0.269043
vt 0.740967 0.935791
vt 0.862305 0.907959
vt 0.964355 0.401855
vt 0.150635 0.864746
vt 0.532471 0.981934
vt 0.973145 0.305176
vt 0.056396 0.992676
vt 0.108643 0.947754
vt 0.201660 0.943848
vt 0.981934 0.052246
vt 0.136230 0.001709
vt 0.146484 0.858398
vt 0.216553 0.950928
vt 0.458252 0.025391
vt 0.547363 0.840088
vt 0.875000 0.040527
vt 0.929199 0.762451
vt 0.031738 0.899658
vt 0.115479 0.952637
vt 0.835693 0.902100
vt 0.143799 0.844971
vt 0.587158 0.643799
vt 0.436523 0.515625
vt 0.875244 0.488525
vt 0.882324 0.489746
vt 0.883789 0.201660
vt 0.343018 0.906494
vt 0.368164 0.046143
vt 0.417236 0.847412
vt 0.742676 0.981934
vt 0.804443 0.918945
vt 0.716309 0.559570
vt 0.728516 0.130615
vt 0.791992 0.593018
vt 0.886475 0.817383
vt 0.256104 0.792480
vt 0.334229 0.235596
vt 0.344727 0.890625
vt 0.614990 0.751953
vt 0.656006 0.434082
vt 0.840088 0.170898
vt 0.905762 0.193848
vt 0.303711 0.966064
vt 0.965332 0.807373
vt 0.972168 0.451416
vt 0.283936 0.808105
vt 0.584229 0.673340
vt 0.693848 0.893066
vt 0.782471 0.987305
vt 0.988525 0.010742
vt 0.777832 0.988037
vt 0.977295 0.857666
vt 0.987793 0.865234
vt 0.860352 0.209229
vt 0.882324 0.116943
vt 0.984863 0.498779
vt 0.034180 0.959961
vt 0.941895 0.331055
vt 0.964355 0.023193
vt 0.965820 0.653564
vt 0.516602 0.981934
vt 0.970215 0.859863
vt 0.970947 0.966064
vt 0.981934 0.768799
vt 0.180664 0.982178
vt 0.941895 0.726807
vt 0.943604 0.782715
vt 0.097412 0.001953
vt 0.229980 0.124268
vt 0.260742 0.234375
vt 0.293701 0.941895
vt 0.330078 0.045166
vt 0.331543 0.821045
vt 0.394043 0.926758
vt 0.407959 0.664062
vt 0.608398 0.001221
vt 0.681396 0.958008
vt 0.936523 0.385010
vt 0.940186 0.708252
vt 0.941162 0.801025
vt 0.943604 0.302246
vt 0.944824 0.019775
vt 0.945068 0.144287
vt 0.945557 0.622559
vt 0.948486 0.739746
vt 0.948975 0.283203
vt 0.952637 0.070312
vt 0.977783 0.736816
vt 0.108643 0.941895
vt 0.205322 0.948975
vt 0.448730 0.029785
vt 0.108643 0.941895
vt 0.448730 0.029785
vt 0.020508 0.892334
vt 0.151611 0.843994
vt 0.593506 0.649658
vt 0.678467 0.546631
vt 0.589355 0.919434
vt 0.861328 0.214600
vt 0.934326 0.114990
vt 0.942139 0.807129
vt 0.002441 0.311768
vt 0.373535 0.113525
vt 0.937988 0.842285
vt 0.926514 0.569336
vt 0.934570 0.841064
vt 0.981934 0.469482
vt 0.029785 0.741943
vt 0.499512 0.971191
vt 0.129883 0.905518
vt 0.404297 0.825684
vt 0.233643 0.687500
vt 0.243896 0.829102
vt 0.322510 0.918457
vt 0.582764 0.180908
vt 0.729004 0.161133
vt 0.453125 0.697998
vt 0.467041 0.041504
vt 0.227295 0.607422
vt 0.735840 0.094727
vt 0.890381 0.785889
vt 0.276123 0.247070
vt 0.305908 0.932129
vt 0.554688 0.991455
vt 0.981934 0.630859
vt 0.981934 0.536621
vt 0.981934 0.066650
vt 0.989990 0.235107
vt 0.050781 0.979248
vt 0.303711 0.978516
vt 0.547852 0.978271
vt 0.631592 0.014648
vt 0.699951 0.437256
vt 0.906982 0.502197
vt 0.950928 0.673096
vt 0.964355 0.938721
vt 0.964355 0.932373
vt 0.964355 0.903809
vt 0.977783 0.809814
vt 0.978027 0.717529
vt 0.978271 0.614746
vt 0.978760 0.307861
vt 0.979004 0.223633
vt 0.979004 0.187744
vt 0.578125 0.898193
vt 0.276123 0.231201
vt 0.300049 0.917969
vt 0.968506 0.458008
vt 0.039307 0.992920
vt 0.813965 0.990967
vt 0.872559 0.374023
vt 0.877197 0.119141
vt 0.989258 0.496338
vt 0.990723 0.093262
vt 0.025146 0.946533
vt 0.976562 0.012695
vt 0.985596 0.475830
vt 0.993408 0.397705
vt 0.998535 0.045898
vt 0.178955 0.981934
vt 0.939941 0.403076
vt 0.940186 0.727051
vt 0.967285 0.873779
vt 0.512939 0.982910
vt 0.966064 0.860107
vt 0.204346 0.985107
vt 0.952637 0.726807
vt 0.964355 0.736816
vt 0.981934 0.208496
vt 0.106934 0.992676
vt 0.208008 0.981934
vt 0.537598 0.991455
vt 0.692871 0.944824
vt 0.948486 0.723877
vt 0.194824 0.941650
vt 0.858643 0.908447
vt 0.945068 0.927246
vt 0.964355 0.520996
vt 0.020508 0.902100
vt 0.115234 0.941895
vt 0.013184 0.901611
vt 0.115479 0.934326
vt 0.149414 0.856201
vt 0.964355 0.303467
vt 0.544434 0.967041
vt 0.677002 0.978027
vt 0.708984 0.977783
vt 0.932861 0.115479
vt 0.592529 0.929199
vt 0.851562 0.217041
vt 0.860840 0.256348
vt 0.596436 0.932861
vt 0.989258 0.473145
vt 0.989746 0.305664
vt 0.263184 0.688721
vt 0.247314 0.688721
vt 0.229980 0.058350
vt 0.467041 0.022705
vt 0.469727 0.697266
vt 0.050537 0.572021
vt 0.161377 0.641357
vt 0.393311 0.259766
vt 0.649414 0.770996
vt 0.313721 0.936523
vt 0.975586 0.947021
vt 0.988525 0.709473
vt 0.988525 0.625977
vt 0.389160 0.884277
vt 0.868652 0.250732
vt 0.963135 0.990723
vt 0.964355 0.809814
vt 0.965332 0.713867
vt 0.974854 0.452148
vt 0.267822 0.815430
vt 0.581299 0.167725
vt 0.603271 0.672852
vt 0.083252 0.992920
vt 0.944580 0.342773
vt 0.977783 0.653564
vt 0.082520 0.987061
vt 0.944580 0.336914
vt 0.972168 0.654785
vt 0.169678 0.966064
vt 0.231445 0.992432
vt 0.672607 0.369629
vt 0.981934 0.214355
vt 0.196777 0.966064
vt 0.500488 0.041016
vt 0.689209 0.981934
vt 0.022461 0.944092
vt 0.920166 0.775879
vt 0.981934 0.477783
vt 0.997314 0.397705
vt 0.063721 0.966064
vt 0.070068 0.981934
vt 0.964355 0.598389
vt 0.919434 0.651367
vt 0.982666 0.979004
vt 0.988281 0.722168
vt 0.183105 0.941895
vt 0.981934 0.974854
vt 0.985107 0.719482
vt 0.993408 0.180420
vt 0.183105 0.938232
vt 0.987549 0.299561
vt 0.995605 0.183350
vt 0.152832 0.386230
vt 0.203857 0.966064
vt 0.862793 0.197021
vt 0.406006 0.911621
vt 0.727295 0.548584
vt 0.958008 0.944580
vt 0.972412 0.113037
vt 0.156738 0.369873
vt 0.352295 0.981934
vt 0.756104 0.930176
vt 0.815186 0.948975
vt 0.867920 0.181885
vt 0.562988 0.646729
vt 0.650146 0.966553
vt 0.731445 0.333252
vt 0.941406 0.408203
vt 0.369873 0.908936
vt 0.775879 0.952148
vt 0.908691 0.890869
vt 0.239990 0.798828
vt 0.318359 0.885498
vt 0.454346 0.654541
vt 0.981934 0.790527
vt 0.983154 0.562744
vt 0.994141 0.899658
vt 0.252686 0.966064
vt 0.981934 0.581543
vt 0.981934 0.562256
vt 0.993408 0.900391
vt 0.909424 0.513428
vt 0.972656 0.946777
vt 0.984131 0.943848
vt 0.985840 0.707764
vt 0.570312 0.896240
vt 0.712646 0.991211
vt 0.865234 0.250000
vt 0.966553 0.989014
vt 0.660645 0.692627
vt 0.830811 0.133301
vt 0.871582 0.497314
vt 0.671143 0.814453
vt 0.754150 0.527588
vt 0.933594 0.279053
vt 0.752686 0.519775
vt 0.793213 0.761475
vt 0.935791 0.959473
vt 0.943604 0.276855
vt 0.468994 0.991943
vt 0.781982 0.983643
vt 0.985352 0.012451
vt 0.468994 0.984863
vt 0.973633 0.971436
vt 0.981934 0.006592
vt 0.988281 0.768799
vt 0.990479 0.155273
vt 0.990723 0.069336
vt 0.998291 0.095947
vt 0.072266 0.985840
vt 0.266113 0.932373
vt 0.967041 0.601562
vt 0.070068 0.992920
vt 0.074463 0.969727
vt 0.258789 0.933350
vt 0.945557 0.169434
vt 0.083252 0.981934
vt 0.945557 0.331787
vt 0.022461 0.946777
vt 0.995361 0.399658
vt 0.996338 0.047852
vt 0.024902 0.950928
vt 0.989258 0.477783
vt 0.945557 0.324951
vt 0.970215 0.022217
vt 0.981934 0.522217
vt 0.099121 0.986816
vt 0.413086 0.917725
vt 0.546875 0.991455
vt 0.620361 0.977783
vt 0.734375 0.541504
vt 0.817871 0.990967
vt 0.269531 0.987061
vt 0.750244 0.946533
vt 0.978516 0.401855
vt 0.531982 0.971191
vt 0.728271 0.977539
vt 0.978027 0.529297
vt 0.541016 0.966064
vt 0.651611 0.966064
vt 0.705566 0.977051
vt 0.942627 0.409668
vt 0.009766 0.313965
vt 0.649170 0.977051
vt 0.721436 0.335693
vt 0.941895 0.849121
vt 0.937012 0.847900
vt 0.988525 0.469482
vt 0.989746 0.309326
vt 0.545166 0.978271
vt 0.589355 0.930420
vt 0.936523 0.124512
vt 0.981934 0.305420
vt 0.198486 0.826416
vt 0.581299 0.045898
vt 0.794922 0.254883
vt 0.913086 0.590088
vt 0.092529 0.387939
vt 0.242432 0.017334
vt 0.299805 0.885498
vt 0.371582 0.064941
vt 0.470947 0.653809
vt 0.747070 0.900391
vt 0.252686 0.972900
vt 0.799805 0.981934
vt 0.981934 0.502441
vt 0.982666 0.696533
vt 0.252686 0.972900
vt 0.988281 0.790527
vt 0.989014 0.562256
vt 0.982178 0.791748
vt 0.983398 0.580566
vt 0.995117 0.900391
vt 0.074463 0.160156
vt 0.749512 0.966064
vt 0.930908 0.819092
vt 0.296387 0.981934
vt 0.750732 0.966064
vt 0.929688 0.819092
vt 0.467773 0.268799
vt 0.588135 0.369629
vt 0.145752 0.966064
vt 0.468994 0.268555
vt 0.586914 0.369385
vt 0.001709 0.910645
vt 0.014648 0.283447
vt 0.993408 0.672119
vt 0.490723 0.833252
vt 0.568359 0.637207
vt 0.601074 0.043701
vt 0.976807 0.127197
vt 0.997559 0.260986
vt 0.745361 0.966064
vt 0.964355 0.717529
vt 0.964355 0.307861
vt 0.978271 0.451660
vt 0.578125 0.151123
vt 0.622559 0.677002
vt 0.487061 0.947510
vt 0.503662 0.110352
vt 0.919922 0.005127
vt 0.487061 0.933350
vt 0.490234 0.107666
vt 0.685059 0.895996
vt 0.272217 0.755371
vt 0.854248 0.492188
vt 0.895020 0.738037
vt 0.503174 0.043213
vt 0.687500 0.984619
vt 0.917236 0.774170
vt 0.917480 0.649414
vt 0.985107 0.977783
vt 0.613525 0.019531
vt 0.936523 0.404053
vt 0.964355 0.875977
vt 0.966064 0.313721
vt 0.511719 0.986572
vt 0.964355 0.856689
vt 0.185547 0.931885
vt 0.921875 0.637695
vt 0.981934 0.302979
vt 0.867432 0.359375
vt 0.884033 0.268066
vt 0.353760 0.063965
vt 0.422363 0.544922
vt 0.894287 0.894775
vt 0.993408 0.523682
vt 0.997070 0.567871
vt 0.997559 0.348145
vt 0.997559 0.307129
vt 0.799805 0.988525
vt 0.988525 0.698242
vt 0.989014 0.508789
vt 0.993408 0.764404
vt 0.993408 0.761719
vt 0.254395 0.972168
vt 0.987793 0.791992
vt 0.989014 0.581543
vt 0.254395 0.972168
vt 0.981934 0.698242
vt 0.981934 0.510010
vt 0.981934 0.602539
vt 0.981934 0.555664
vt 0.981934 0.544189
vt 0.981934 0.653564
vt 0.981934 0.545410
vt 0.982422 0.554443
vt 0.496094 0.744629
vt 0.577148 0.134766
vt 0.635986 0.685547
vt 0.766846 0.412354
vt 0.863037 0.440918
vt 0.373047 0.869629
vt 0.487305 0.835449
vt 0.997559 0.257080
vt 0.604492 0.615234
vt 0.605469 0.047852
vt 0.996826 0.627197
vt 0.602051 0.614990
vt 0.883301 0.799316
vt 0.996826 0.629639
vt 0.954346 0.113037
vt 0.968994 0.249023
vt 0.981934 0.427734
vt 0.987305 0.103027
vt 0.952393 0.115967
vt 0.972412 0.247314
vt 0.577148 0.660645
vt 0.662109 0.711182
vt 0.846191 0.123047
vt 0.737549 0.527588
vt 0.812012 0.283691
vt 0.740234 0.519775
vt 0.810547 0.274902
vt 0.946777 0.959961
vt 0.466064 0.989014
vt 0.777832 0.981934
vt 0.977051 0.851318
vt 0.466064 0.981934
vt 0.970947 0.853271
vt 0.993408 0.228760
vt 0.993408 0.009033
vt 0.998291 0.100342
vt 0.918213 0.644287
vt 0.981934 0.722168
vt 0.989990 0.302979
vt 0.997803 0.180420
vt 0.021484 0.949951
vt 0.979004 0.017090
vt 0.993408 0.045898
vt 0.516602 0.988037
vt 0.966309 0.970459
vt 0.981934 0.930176
vt 0.750488 0.939209
vt 0.867676 0.170898
vt 0.982178 0.460938
vt 0.309570 0.596680
vt 0.839111 0.667480
vt 0.541016 0.977783
vt 0.651611 0.978027
vt 0.941162 0.851562
vt 0.983154 0.309570
vt 0.013184 0.021729
vt 0.343750 0.064209
vt 0.927734 0.137939
vt 0.101074 0.372559
vt 0.371582 0.047607
vt 0.645996 0.325195
vt 0.994873 0.852295
vt 0.996094 0.684326
vt 0.997070 0.581787
vt 0.997070 0.510742
vt 0.995361 0.521484
vt 0.996582 0.345215
vt 0.996826 0.199463
vt 0.799805 0.991211
vt 0.993408 0.348145
vt 0.993408 0.307129
vt 0.993896 0.163330
vt 0.995361 0.760010
vt 0.995605 0.888672
vt 0.995605 0.753174
vt 0.995605 0.887451
vt 0.996582 0.753906
vt 0.996582 0.716309
vt 0.993408 0.384521
vt 0.993408 0.164551
vt 0.993896 0.346924
vt 0.993896 0.201172
vt 0.254395 0.979004
vt 0.988770 0.501465
vt 0.989258 0.510010
vt 0.994385 0.765137
vt 0.994629 0.718018
vt 0.801270 0.989258
vt 0.989258 0.502441
vt 0.993408 0.887451
vt 0.995361 0.718506
vt 0.645752 0.977783
vt 0.699951 0.452881
vt 0.906982 0.517822
vt 0.987305 0.940186
vt 0.313965 0.930420
vt 0.640137 0.975342
vt 0.954346 0.193115
vt 0.981934 0.940186
vt 0.981934 0.709473
vt 0.016357 0.286377
vt 0.032471 0.189209
vt 0.869873 0.080078
vt 0.916992 0.060791
vt 0.996826 0.672119
vt 0.001465 0.913574
vt 0.871582 0.080811
vt 0.995850 0.670898
vt 0.746826 0.970459
vt 0.966553 0.613525
vt 0.967285 0.311279
vt 0.983398 0.488770
vt 0.306641 0.913818
vt 0.741455 0.971680
vt 0.976562 0.458008
vt 0.566162 0.640625
vt 0.885986 0.798340
vt 0.994141 0.629883
vt 0.009277 0.992432
vt 0.967285 0.253418
vt 0.981934 0.843018
vt 0.952148 0.118896
vt 0.974854 0.247559
vt 0.665771 0.745361
vt 0.704834 0.735840
vt 0.927490 0.013916
vt 0.978271 0.537598
vt 0.486328 0.942139
vt 0.497314 0.111816
vt 0.669434 0.687012
vt 0.862549 0.491699
vt 0.904053 0.736816
vt 0.949463 0.339355
vt 0.975586 0.659180
vt 0.095703 0.850586
vt 0.543457 0.885498
vt 0.694824 0.878906
vt 0.170410 0.992676
vt 0.608398 0.021729
vt 0.943604 0.321045
vt 0.964355 0.318848
vt 0.979248 0.010254
vt 0.081055 0.182617
vt 0.186279 0.969971
vt 0.510498 0.045166
vt 0.689209 0.991455
vt 0.188232 0.927002
vt 0.921387 0.632324
vt 0.188232 0.941895
vt 0.916260 0.646240
vt 0.987061 0.974854
vt 0.024658 0.916748
vt 0.095703 0.979004
vt 0.170410 0.981934
vt 0.413086 0.934570
vt 0.649170 0.990234
vt 0.924561 0.981934
vt 0.975098 0.001221
vt 0.857178 0.197021
vt 0.878906 0.104736
vt 0.539307 0.985596
vt 0.687988 0.940674
vt 0.308350 0.606201
vt 0.382812 0.714600
vt 0.430908 0.854248
vt 0.907471 0.346680
vt 0.998535 0.038330
vt 0.023193 0.746338
vt 0.430908 0.854248
vt 0.495850 0.978271
vt 0.046143 0.790527
vt 0.934570 0.135254
vt 0.058350 0.864258
vt 0.256104 0.835449
vt 0.717285 0.154785
vt 0.851562 0.211182
vt 0.993408 0.412598
vt 0.996094 0.678711
vt 0.997314 0.427979
vt 0.997559 0.322510
vt 0.993408 0.322510
vt 0.995361 0.424316
vt 0.995361 0.278564
vt 0.011475 0.788818
vt 0.575195 0.102783
vt 0.754150 0.441650
vt 0.873291 0.470703
vt 0.993408 0.708740
vt 0.993408 0.582764
vt 0.993408 0.510742
vt 0.993408 0.706299
vt 0.993408 0.687256
vt 0.993408 0.567871
vt 0.994385 0.513428
vt 0.997070 0.523682
vt 0.997314 0.364258
vt 0.997803 0.197266
vt 0.993408 0.753906
vt 0.993408 0.716309
vt 0.996338 0.764404
vt 0.996338 0.761719
vt 0.981934 0.739746
vt 0.988037 0.655273
vt 0.988770 0.601074
vt 0.989014 0.555664
vt 0.964355 0.614746
vt 0.964844 0.187744
vt 0.981934 0.486572
vt 0.981934 0.232666
vt 0.568359 0.642334
vt 0.602295 0.048828
vt 0.993408 0.627197
vt 0.212646 0.179199
vt 0.394287 0.981934
vt 0.591797 0.888428
vt 0.979248 0.123535
vt 0.993408 0.260986
vt 0.005127 0.992676
vt 0.964355 0.256836
vt 0.969727 0.253418
vt 0.983154 0.845459
vt 0.984863 0.424805
vt 0.489746 0.967529
vt 0.951416 0.122559
vt 0.978516 0.247314
vt 0.981934 0.074707
vt 0.119385 0.353271
vt 0.709229 0.763184
vt 0.109375 0.365723
vt 0.660645 0.743408
vt 0.704590 0.743896
vt 0.978271 0.544434
vt 0.290527 0.755127
vt 0.804688 0.860596
vt 0.835449 0.927490
vt 0.032471 0.920898
vt 0.754150 0.509033
vt 0.925049 0.959961
vt 0.973389 0.977051
vt 0.993408 0.097656
vt 0.950928 0.334473
vt 0.970947 0.661621
vt 0.024414 0.959961
vt 0.950928 0.327881
vt 0.964355 0.663086
vt 0.986572 0.525879
vt 0.419922 0.991699
vt 0.529053 0.978027
vt 0.721191 0.977539
vt 0.731445 0.977539
vt 0.942383 0.452881
vt 0.272949 0.991943
vt 0.422363 0.991943
vt 0.756104 0.947266
vt 0.941406 0.450684
vt 0.989258 0.454102
vt 0.193848 0.949951
vt 0.726074 0.966064
vt 0.739014 0.966064
vt 0.965820 0.529785
vt 0.496094 0.300781
vt 0.902344 0.346924
vt 0.997314 0.043213
vt 0.993408 0.876953
vt 0.993408 0.681641
vt 0.993408 0.427979
vt 0.993408 0.275635
vt 0.994141 0.395020
vt 0.995117 0.580078
vt 0.996094 0.854736
vt 0.993408 0.854736
vt 0.995850 0.875977
vt 0.996582 0.706055
vt 0.996582 0.687256
vt 0.993408 0.363037
vt 0.995361 0.564453
vt 0.996094 0.310547
vt 0.996338 0.381104
vt 0.998047 0.164551
vt 0.982422 0.741455
vt 0.988525 0.653564
vt 0.988770 0.602539
vt 0.989258 0.545166
vt 0.981934 0.430420
vt 0.646484 0.973145
vt 0.696289 0.450928
vt 0.751465 0.991211
vt 0.212891 0.189453
vt 0.383057 0.871338
vt 0.394287 0.991943
vt 0.376221 0.867188
vt 0.391113 0.983887
vt 0.993408 0.257080
vt 0.125244 0.382568
vt 0.579346 0.650635
vt 0.664795 0.720947
vt 0.970703 0.977051
vt 0.993896 0.100342
vt 0.997803 0.229980
vt 0.512939 0.991699
vt 0.965576 0.851318
vt 0.987549 0.931885
vt 0.998291 0.005371
vt 0.020752 0.956299
vt 0.978271 0.023193
vt 0.989014 0.522217
vt 0.097412 0.018066
vt 0.174072 0.989746
vt 0.939697 0.320312
vt 0.190430 0.931885
vt 0.683838 0.512207
vt 0.873535 0.359131
vt 0.874756 0.104492
vt 0.408936 0.926025
vt 0.629883 0.976318
vt 0.640381 0.991211
vt 0.823486 0.990723
vt 0.981934 0.333496
vt 0.180420 0.949951
vt 0.867188 0.338867
vt 0.884033 0.248047
vt 0.956299 0.937256
vt 0.222656 0.856934
vt 0.542969 0.858643
vt 0.277832 0.920410
vt 0.391113 0.837158
vt 0.292480 0.842285
vt 0.662109 0.003418
vt 0.234619 0.697754
vt 0.993408 0.415283
vt 0.993408 0.392090
vt 0.996582 0.681641
vt 0.993408 0.875244
vt 0.993408 0.579590
vt 0.996094 0.708740
vt 0.993408 0.366699
vt 0.993408 0.197266
vt 0.997314 0.384521
vt 0.981934 0.623291
vt 0.993408 0.409912
vt 0.993652 0.496582
vt 0.996094 0.825195
vt 0.988281 0.739746
vt 0.988037 0.432617
vt 0.993408 0.825684
vt 0.993408 0.803711
vt 0.993408 0.543701
vt 0.993408 0.494141
vt 0.077637 0.170166
vt 0.103027 0.777344
vt 0.296387 0.992432
vt 0.490723 0.901367
vt 0.750732 0.977783
vt 0.927246 0.416016
vt 0.693604 0.448242
vt 0.753174 0.988037
vt 0.988281 0.737061
vt 0.212646 0.196777
vt 0.389648 0.874512
vt 0.709961 0.981934
vt 0.963135 0.981934
vt 0.216553 0.194580
vt 0.575439 0.888184
vt 0.714355 0.981934
vt 0.964355 0.847168
vt 0.981934 0.668701
vt 0.981934 0.593506
vt 0.001221 0.991211
vt 0.201172 0.966064
vt 0.883789 0.990967
vt 0.965088 0.260986
vt 0.794678 0.966064
vt 0.964355 0.486084
vt 0.981934 0.642822
vt 0.988770 0.596191
vt 0.493164 0.966064
vt 0.964844 0.488770
vt 0.984863 0.076904
vt 0.988037 0.598389
vt 0.135254 0.363037
vt 0.604736 0.654785
vt 0.128174 0.377686
vt 0.585449 0.651367
vt 0.667236 0.730713
vt 0.964355 0.543701
vt 0.667480 0.700928
vt 0.835205 0.122803
vt 0.499268 0.921143
vt 0.815430 0.854248
vt 0.835205 0.939209
vt 0.066406 0.981934
vt 0.075439 0.977295
vt 0.711914 0.938721
vt 0.943604 0.177002
vt 0.191895 0.922119
vt 0.443359 0.986572
vt 0.606201 0.987549
vt 0.919678 0.626465
vt 0.966309 0.976318
vt 0.987549 0.927734
vt 0.997803 0.225830
vt 0.998535 0.009033
vt 0.307617 0.589844
vt 0.539551 0.636963
vt 0.830322 0.667480
vt 0.895996 0.216553
vt 0.937500 0.138672
vt 0.964355 0.085938
vt 0.988281 0.724854
vt 0.265381 0.698486
vt 0.131592 0.918457
vt 0.260254 0.929199
vt 0.410889 0.836670
vt 0.635498 0.788818
vt 0.159180 0.657715
vt 0.649658 0.787354
vt 0.995361 0.318848
vt 0.997314 0.414795
vt 0.997314 0.392090
vt 0.997559 0.275635
vt 0.984131 0.622803
vt 0.994385 0.061768
vt 0.995605 0.801514
vt 0.996094 0.827148
vt 0.993408 0.369385
vt 0.995850 0.082275
vt 0.997803 0.251221
vt 0.104736 0.778564
vt 0.298340 0.991943
vt 0.929688 0.830322
vt 0.989990 0.258057
vt 0.993408 0.339844
vt 0.993408 0.072510
vt 0.998291 0.110107
vt 0.998291 0.104736
vt 0.995361 0.342529
vt 0.995605 0.402344
vt 0.996094 0.112549
vt 0.997070 0.459961
vt 0.971191 0.847168
vt 0.989014 0.593506
vt 0.965332 0.848389
vt 0.983398 0.667725
vt 0.629150 0.027832
vt 0.683350 0.989746
vt 0.968018 0.194580
vt 0.984863 0.934326
vt 0.313965 0.915039
vt 0.684814 0.985596
vt 0.746826 0.977539
vt 0.954346 0.177734
vt 0.987305 0.937500
vt 0.989258 0.486572
vt 0.989990 0.232666
vt 0.964355 0.192139
vt 0.981934 0.937500
vt 0.984863 0.229492
vt 0.062256 0.985107
vt 0.712646 0.944092
vt 0.193115 0.938232
vt 0.677979 0.508545
vt 0.912842 0.640869
vt 0.193115 0.927002
vt 0.441406 0.981934
vt 0.683105 0.518066
vt 0.398682 0.922363
vt 0.734619 0.508545
vt 0.958008 0.958008
vt 0.093506 0.016602
vt 0.176270 0.986328
vt 0.268799 0.250977
vt 0.916748 0.981934
vt 0.860596 0.171387
vt 0.943604 0.442871
vt 0.981934 0.671143
vt 0.981934 0.454102
vt 0.544922 0.981934
vt 0.681396 0.940674
vt 0.817871 0.981934
vt 0.948975 0.265381
vt 0.878418 0.505127
vt 0.889648 0.216553
vt 0.981934 0.724854
vt 0.433105 0.858643
vt 0.490967 0.302246
vt 0.916504 0.001953
vt 0.993408 0.038330
vt 0.245361 0.861084
vt 0.519775 0.862549
vt 0.988281 0.760742
vt 0.988525 0.623291
vt 0.998535 0.063721
vt 0.996094 0.177734
vt 0.998047 0.145752
vt 0.998047 0.143066
vt 0.998535 0.050537
vt 0.993408 0.173584
vt 0.993408 0.160889
vt 0.993408 0.050537
vt 0.996094 0.808838
vt 0.983398 0.760742
vt 0.993408 0.063721
vt 0.996094 0.803711
vt 0.996094 0.542725
vt 0.993408 0.859131
vt 0.995850 0.495361
vt 0.995850 0.408203
vt 0.989502 0.430420
vt 0.993408 0.489014
vt 0.996826 0.668213
vt 0.996826 0.615723
vt 0.997070 0.632324
vt 0.993408 0.880615
vt 0.993408 0.668213
vt 0.993408 0.632324
vt 0.995117 0.782715
vt 0.006348 0.841309
vt 0.145752 0.979004
vt 0.472656 0.281982
vt 0.539551 0.897461
vt 0.615723 0.848145
vt 0.009033 0.841553
vt 0.147705 0.977051
vt 0.585205 0.381348
vt 0.985596 0.260010
vt 0.993408 0.459961
vt 0.993408 0.110107
vt 0.994873 0.155273
vt 0.996826 0.651855
vt 0.997070 0.572021
vt 0.997070 0.556396
vt 0.984375 0.260742
vt 0.996094 0.650879
vt 0.690674 0.447998
vt 0.987549 0.733887
vt 0.689209 0.444824
vt 0.977539 0.932129
vt 0.984619 0.732422
vt 0.987793 0.885742
vt 0.970703 0.848633
vt 0.988525 0.668701
vt 0.988525 0.592285
vt 0.640137 0.966064
vt 0.678711 0.981934
vt 0.751465 0.981934
vt 0.958008 0.184570
vt 0.981934 0.884521
vt 0.981934 0.737061
vt 0.199219 0.968018
vt 0.468262 0.967041
vt 0.883545 0.988281
vt 0.987793 0.312256
vt 0.008301 0.986328
vt 0.327393 0.939453
vt 0.988037 0.843018
vt 0.989502 0.427734
vt 0.990479 0.110596
vt 0.126465 0.337646
vt 0.283203 0.595215
vt 0.712402 0.779541
vt 0.318604 0.938232
vt 0.958008 0.120850
vt 0.981934 0.110596
vt 0.670410 0.711914
vt 0.441406 0.991943
vt 0.459473 0.981934
vt 0.610107 0.991455
vt 0.682373 0.528564
vt 0.070557 0.846924
vt 0.544189 0.910889
vt 0.920166 0.862305
vt 0.027832 0.929199
vt 0.400146 0.932861
vt 0.744385 0.508301
vt 0.678711 0.513428
vt 0.913574 0.635986
vt 0.266113 0.251221
vt 0.917725 0.984375
vt 0.857178 0.177246
vt 0.882324 0.083740
vt 0.988525 0.671143
vt 0.299561 0.925293
vt 0.623535 0.968018
vt 0.820801 0.981934
vt 0.946045 0.265869
vt 0.003662 0.289307
vt 0.363525 0.093018
vt 0.393311 0.717529
vt 0.041992 0.795654
vt 0.055176 0.979004
vt 0.347900 0.072266
vt 0.431152 0.538574
vt 0.930908 0.129639
vt 0.244141 0.701172
vt 0.058350 0.824463
vt 0.626953 0.718018
vt 0.639648 0.438232
vt 0.699951 0.245361
vt 0.855225 0.170898
vt 0.993408 0.806152
vt 0.993408 0.145752
vt 0.994873 0.561768
vt 0.995361 0.053711
vt 0.984375 0.762695
vt 0.984863 0.620605
vt 0.996094 0.858398
vt 0.997314 0.409912
vt 0.996582 0.387207
vt 0.996826 0.378418
vt 0.997314 0.370850
vt 0.998535 0.078857
vt 0.981934 0.761475
vt 0.993408 0.857422
vt 0.997070 0.543701
vt 0.997070 0.494141
vt 0.993408 0.623291
vt 0.994385 0.633789
vt 0.994629 0.491455
vt 0.994873 0.879639
vt 0.993408 0.375732
vt 0.993408 0.251221
vt 0.993408 0.078857
vt 0.998047 0.131348
vt 0.993408 0.784912
vt 0.993408 0.620605
vt 0.993408 0.615723
vt 0.994385 0.665283
vt 0.995117 0.232666
vt 0.996094 0.076172
vt 0.997314 0.405518
vt 0.997559 0.339844
vt 0.984375 0.258789
vt 0.993408 0.107422
vt 0.996338 0.155518
vt 0.984375 0.258789
vt 0.995605 0.556885
vt 0.981934 0.259521
vt 0.993408 0.651855
vt 0.993652 0.570557
vt 0.977783 0.848633
vt 0.678711 0.987793
vt 0.947754 0.658936
vt 0.977539 0.936279
vt 0.987793 0.881836
vt 0.631592 0.030762
vt 0.680176 0.991211
vt 0.950928 0.656982
vt 0.283936 0.991943
vt 0.464355 0.966064
vt 0.989990 0.315674
vt 0.201172 0.979004
vt 0.224854 0.978760
vt 0.264648 0.966064
vt 0.468262 0.978027
vt 0.493164 0.978516
vt 0.585938 0.978271
vt 0.601807 0.966064
vt 0.795166 0.977539
vt 0.964355 0.747314
vt 0.964355 0.679199
vt 0.977539 0.260498
vt 0.977783 0.762451
vt 0.978027 0.729492
vt 0.978516 0.486084
vt 0.799316 0.966064
vt 0.964355 0.729492
vt 0.981934 0.647461
vt 0.987793 0.361084
vt 0.474854 0.948975
vt 0.673340 0.748779
vt 0.919922 0.017578
vt 0.671631 0.719238
vt 0.284180 0.763184
vt 0.825928 0.923340
vt 0.893555 0.722900
vt 0.196777 0.978516
vt 0.500244 0.053467
vt 0.655029 0.937012
vt 0.952393 0.231934
vt 0.063721 0.978760
vt 0.268799 0.943115
vt 0.699707 0.936523
vt 0.732422 0.686768
vt 0.978271 0.598389
vt 0.083008 0.189941
vt 0.185547 0.977295
vt 0.643066 0.938721
vt 0.733154 0.932861
vt 0.180908 0.958008
vt 0.875000 0.338379
vt 0.877930 0.083252
vt 0.941406 0.434570
vt 0.988037 0.675537
vt 0.190674 0.958008
vt 0.730957 0.966064
vt 0.947266 0.442627
vt 0.436523 0.535889
vt 0.874268 0.508789
vt 0.941895 0.142578
vt 0.985107 0.729736
vt 0.426270 0.863281
vt 0.907227 0.356934
vt 0.019531 0.755615
vt 0.389648 0.918945
vt 0.426270 0.863281
vt 0.810059 0.938232
vt 0.894287 0.074707
vt 0.945557 0.102539
vt 0.011475 0.831787
vt 0.200928 0.811279
vt 0.569580 0.055908
vt 0.993408 0.772705
vt 0.993408 0.577148
vt 0.993408 0.337158
vt 0.993896 0.703613
vt 0.993408 0.157959
vt 0.993408 0.136963
vt 0.996094 0.806152
vt 0.997070 0.559570
vt 0.109375 0.285400
vt 0.227783 0.593018
vt 0.993408 0.389648
vt 0.993408 0.373047
vt 0.993408 0.131348
vt 0.996338 0.254395
vt 0.994385 0.624756
vt 0.995117 0.618164
vt 0.995850 0.880615
vt 0.996338 0.784912
vt 0.993408 0.405518
vt 0.993408 0.236084
vt 0.993408 0.151123
vt 0.995605 0.463135
vt 0.982422 0.258057
vt 0.993408 0.572021
vt 0.993408 0.556396
vt 0.644287 0.671387
vt 0.964600 0.765869
vt 0.982422 0.589600
vt 0.583740 0.967285
vt 0.966553 0.726318
vt 0.981934 0.512451
vt 0.989746 0.357666
vt 0.989746 0.296875
vt 0.145264 0.346924
vt 0.624756 0.656494
vt 0.677002 0.697998
vt 0.903564 0.722656
vt 0.507080 0.929199
vt 0.666504 0.943604
vt 0.825195 0.943604
vt 0.911621 0.869873
vt 0.079834 0.853516
vt 0.547119 0.900391
vt 0.459473 0.991943
vt 0.610107 0.981934
vt 0.677979 0.519287
vt 0.912842 0.630615
vt 0.993408 0.457275
vt 0.994385 0.607422
vt 0.996826 0.654297
vt 0.996094 0.839600
vt 0.996582 0.728516
vt 0.996582 0.700928
vt 0.996826 0.335693
vt 0.993408 0.654297
vt 0.993408 0.453857
vt 0.993408 0.437500
vt 0.993408 0.433838
vt 0.994873 0.895508
vt 0.994873 0.838623
vt 0.996338 0.574707
vt 0.997559 0.337158
vt 0.993408 0.143066
vt 0.997803 0.173584
vt 0.998047 0.158691
vt 0.998047 0.136963
vt 0.993408 0.897217
vt 0.993408 0.737305
vt 0.996338 0.775635
vt 0.997070 0.577148
vt 0.993408 0.559570
vt 0.994629 0.148438
vt 0.995117 0.139648
vt 0.995605 0.134033
vt 0.995361 0.127686
vt 0.997314 0.389648
vt 0.997314 0.375732
vt 0.994385 0.612549
vt 0.996826 0.620605
vt 0.997070 0.623291
vt 0.997070 0.489014
vt 0.993408 0.103027
vt 0.997803 0.236084
vt 0.998047 0.151123
vt 0.998535 0.072510
vt 0.964355 0.767334
vt 0.964355 0.266602
vt 0.964355 0.263916
vt 0.981934 0.588379
vt 0.280273 0.991455
vt 0.460938 0.967529
vt 0.313721 0.943604
vt 0.958008 0.128174
vt 0.981934 0.596191
vt 0.981934 0.357666
vt 0.981934 0.296875
vt 0.988525 0.645996
vt 0.990723 0.074707
vt 0.673584 0.725586
vt 0.471191 0.930664
vt 0.557373 0.885498
vt 0.680908 0.880371
vt 0.824707 0.938477
vt 0.894043 0.708252
vt 0.059082 0.992676
vt 0.710205 0.951660
vt 0.761475 0.984375
vt 0.457031 0.987549
vt 0.677979 0.524902
vt 0.021240 0.289551
vt 0.541992 0.647705
vt 0.732422 0.311768
vt 0.658936 0.857422
vt 0.671875 0.905518
vt 0.936523 0.564697
vt 0.964355 0.410400
vt 0.978760 0.056641
vt 0.993408 0.609863
vt 0.995605 0.430664
vt 0.996094 0.657227
vt 0.996826 0.594482
vt 0.993408 0.839600
vt 0.994629 0.735840
vt 0.994629 0.726318
vt 0.995117 0.897217
vt 0.993408 0.775635
vt 0.993408 0.728516
vt 0.993408 0.700928
vt 0.996582 0.737305
vt 0.092529 0.360352
vt 0.660645 0.325928
vt 0.734863 0.876221
vt 0.864014 0.094727
vt 0.920166 0.076416
vt 0.001709 0.929199
vt 0.014648 0.301270
vt 0.031738 0.204102
vt 0.866699 0.094971
vt 0.928955 0.881104
vt 0.929199 0.207031
vt 0.971191 0.765869
vt 0.971191 0.267822
vt 0.981934 0.276123
vt 0.989014 0.588379
vt 0.126709 0.322021
vt 0.268311 0.589844
vt 0.224854 0.966309
vt 0.585938 0.966064
vt 0.983398 0.514893
vt 0.987061 0.985352
vt 0.676025 0.737549
vt 0.926514 0.027100
vt 0.676514 0.943604
vt 0.680664 0.717529
vt 0.815674 0.943604
vt 0.100586 0.968994
vt 0.260742 0.254395
vt 0.337402 0.838867
vt 0.917725 0.990479
vt 0.095703 0.966064
vt 0.331543 0.839111
vt 0.640381 0.981934
vt 0.950195 0.054932
vt 0.989746 0.333496
vt 0.232666 0.142578
vt 0.829346 0.983398
vt 0.952637 0.054199
vt 0.989746 0.331055
vt 0.226562 0.142578
vt 0.293701 0.922363
vt 0.629883 0.966064
vt 0.823486 0.981934
vt 0.011475 0.290771
vt 0.722168 0.312256
vt 0.207520 0.530029
vt 0.350342 0.887451
vt 0.381104 0.925293
vt 0.799561 0.938232
vt 0.427490 0.797363
vt 0.665771 0.875488
vt 0.236328 0.706299
vt 0.070312 0.861816
vt 0.169189 0.586426
vt 0.642822 0.754150
vt 0.705078 0.149414
vt 0.020020 0.820801
vt 0.208984 0.800781
vt 0.504639 0.774414
vt 0.665771 0.683594
vt 0.497559 0.775879
vt 0.766846 0.442871
vt 0.096436 0.786377
vt 0.169678 0.895508
vt 0.489502 0.212402
vt 0.930908 0.427490
vt 0.074463 0.180420
vt 0.099121 0.786621
vt 0.489014 0.911865
vt 0.930908 0.840820
vt 0.981934 0.957520
vt 0.993408 0.221680
vt 0.994141 0.834473
vt 0.970947 0.767334
vt 0.970947 0.263672
vt 0.981934 0.273438
vt 0.153564 0.699707
vt 0.925537 0.144287
vt 0.060547 0.790771
vt 0.187744 0.835938
vt 0.877930 0.201904
vt 0.982422 0.219971
vt 0.155029 0.697754
vt 0.923340 0.143555
vt 0.876221 0.201904
vt 0.981934 0.218506
vt 0.001221 0.981934
vt 0.283936 0.984131
vt 0.330078 0.947510
vt 0.883789 0.981934
vt 0.981934 0.315674
vt 0.470703 0.940674
vt 0.566650 0.887451
vt 0.683350 0.750488
vt 0.681152 0.711426
vt 0.815430 0.937500
vt 0.904053 0.709229
vt 0.553223 0.914795
vt 0.666260 0.937256
vt 0.916992 0.871582
vt 0.642578 0.945557
vt 0.737793 0.937988
vt 0.210938 0.531982
vt 0.674805 0.573975
vt 0.085205 0.172607
vt 0.668701 0.573975
vt 0.083496 0.172607
vt 0.684326 0.464600
vt 0.491455 0.359863
vt 0.931641 0.555908
vt 0.971680 0.416992
vt 0.429443 0.787109
vt 0.660645 0.867432
vt 0.678467 0.913086
vt 0.016602 0.128174
vt 0.663574 0.465820
vt 0.241211 0.867920
vt 0.524658 0.869629
vt 0.659180 0.877441
vt 0.938232 0.654785
vt 0.055176 0.966064
vt 0.422363 0.529297
vt 0.587158 0.191162
vt 0.894287 0.909912
vt 0.914062 0.981934
vt 0.947021 0.644043
vt 0.564697 0.791260
vt 0.635254 0.802979
vt 0.814453 0.751953
vt 0.025146 0.811279
vt 0.217041 0.793213
vt 0.754150 0.468994
vt 0.993408 0.594482
vt 0.997070 0.609863
vt 0.997070 0.457275
vt 0.997314 0.440186
vt 0.995361 0.591309
vt 0.997314 0.436523
vt 0.997314 0.433838
vt 0.986328 0.875244
vt 0.993408 0.585205
vt 0.997070 0.471436
vt 0.987305 0.957520
vt 0.989014 0.585693
vt 0.998535 0.086670
vt 0.983643 0.888428
vt 0.993896 0.588623
vt 0.997070 0.474854
vt 0.983398 0.958252
vt 0.993408 0.893066
vt 0.993408 0.835938
vt 0.993408 0.086670
vt 0.978027 0.767334
vt 0.989014 0.277344
vt 0.989014 0.272217
vt 0.993408 0.866455
vt 0.995117 0.891357
vt 0.995605 0.223145
vt 0.996094 0.835938
vt 0.275635 0.989502
vt 0.457275 0.969971
vt 0.989990 0.326172
vt 0.458496 0.973633
vt 0.975098 0.747803
vt 0.986572 0.609131
vt 0.986816 0.328369
vt 0.206299 0.888428
vt 0.873291 0.881348
vt 0.874268 0.160645
vt 0.964355 0.376709
vt 0.872559 0.161133
vt 0.964600 0.375000
vt 0.228516 0.966064
vt 0.964355 0.803467
vt 0.986572 0.981689
vt 0.676025 0.937988
vt 0.683350 0.722412
vt 0.705322 0.954590
vt 0.764160 0.989258
vt 0.654541 0.944336
vt 0.953857 0.239258
vt 0.699951 0.944336
vt 0.731934 0.695312
vt 0.067627 0.992676
vt 0.258789 0.950928
vt 0.725586 0.697266
vt 0.769775 0.981934
vt 0.945557 0.187744
vt 0.902100 0.077393
vt 0.938965 0.107666
vt 0.492676 0.961670
vt 0.655029 0.870850
vt 0.913086 0.685547
vt 0.932617 0.647705
vt 0.974854 0.071045
vt 0.001953 0.801025
vt 0.276123 0.708008
vt 0.158691 0.672119
vt 0.609863 0.760986
vt 0.649414 0.801025
vt 0.826416 0.757324
vt 0.176758 0.661377
vt 0.639648 0.351562
vt 0.001953 0.853027
vt 0.618896 0.860107
vt 0.004639 0.853271
vt 0.467773 0.292236
vt 0.538574 0.908691
vt 0.588135 0.393311
vt 0.921875 0.442139
vt 0.926270 0.269531
vt 0.993408 0.842041
vt 0.993408 0.659912
vt 0.993408 0.508057
vt 0.984131 0.585205
vt 0.993408 0.084961
vt 0.994629 0.868164
vt 0.995117 0.893066
vt 0.981934 0.891602
vt 0.981934 0.875244
vt 0.993408 0.598389
vt 0.993408 0.474609
vt 0.983643 0.959473
vt 0.984619 0.584229
vt 0.996094 0.817383
vt 0.982178 0.960205
vt 0.994873 0.816650
vt 0.996338 0.221680
vt 0.979004 0.266602
vt 0.979004 0.263916
vt 0.989990 0.276123
vt 0.989990 0.273438
vt 0.144775 0.323730
vt 0.978027 0.747314
vt 0.978027 0.679199
vt 0.988770 0.611084
vt 0.989014 0.548096
vt 0.230713 0.968018
vt 0.964355 0.763184
vt 0.967285 0.803711
vt 0.313721 0.950928
vt 0.966064 0.797363
vt 0.981934 0.985352
vt 0.986328 0.291016
vt 0.989258 0.512451
vt 0.699707 0.951416
vt 0.732422 0.701904
vt 0.769775 0.990967
vt 0.556885 0.900879
vt 0.431396 0.869385
vt 0.911621 0.011719
vt 0.366699 0.887451
vt 0.376709 0.939941
vt 0.909424 0.911133
vt 0.946533 0.628174
vt 0.031738 0.794189
vt 0.061279 0.970947
vt 0.906982 0.985352
vt 0.291016 0.860840
vt 0.662109 0.022217
vt 0.226562 0.710693
vt 0.614990 0.787354
vt 0.656250 0.470947
vt 0.993408 0.477539
vt 0.993408 0.021973
vt 0.995361 0.445801
vt 0.994629 0.813965
vt 0.994873 0.505371
vt 0.995117 0.844727
vt 0.993408 0.811523
vt 0.993408 0.794189
vt 0.993408 0.662598
vt 0.996094 0.842041
vt 0.987793 0.888428
vt 0.987793 0.872070
vt 0.996826 0.585205
vt 0.997070 0.468994
vt 0.981934 0.585693
vt 0.993408 0.817383
vt 0.995850 0.866455
vt 0.997803 0.222168
vt 0.964355 0.481689
vt 0.981934 0.436768
vt 0.264648 0.978516
vt 0.964355 0.759521
vt 0.971191 0.804688
vt 0.644043 0.952881
vt 0.741455 0.944336
vt 0.081055 0.200195
vt 0.510498 0.061279
vt 0.733398 0.942871
vt 0.959961 0.242676
vt 0.041016 0.504883
vt 0.997070 0.477539
vt 0.997314 0.442627
vt 0.997314 0.421631
vt 0.997803 0.218994
vt 0.993408 0.442627
vt 0.993408 0.421631
vt 0.995605 0.813477
vt 0.996094 0.505371
vt 0.996338 0.743896
vt 0.997314 0.021973
vt 0.984375 0.871826
vt 0.993408 0.468994
vt 0.996826 0.600342
vt 0.985352 0.891602
vt 0.993652 0.465820
vt 0.996826 0.597168
vt 0.160645 0.323486
vt 0.653564 0.658203
vt 0.977539 0.675537
vt 0.987061 0.551758
vt 0.987549 0.678223
vt 0.601807 0.978027
vt 0.974854 0.672852
vt 0.987793 0.165771
vt 0.988525 0.681396
vt 0.990723 0.143311
vt 0.964844 0.482910
vt 0.982422 0.435791
vt 0.981934 0.605225
vt 0.981934 0.559570
vt 0.958496 0.966064
vt 0.982178 0.606445
vt 0.982178 0.558350
vt 0.256836 0.973389
vt 0.604004 0.976807
vt 0.988037 0.144043
vt 0.988281 0.771240
vt 0.275635 0.981934
vt 0.327881 0.955566
vt 0.981934 0.681396
vt 0.981934 0.611084
vt 0.981934 0.548096
vt 0.981934 0.326172
vt 0.990234 0.160156
vt 0.565186 0.902832
vt 0.676514 0.924561
vt 0.687500 0.735840
vt 0.655029 0.952393
vt 0.733154 0.950928
vt 0.952393 0.247070
vt 0.649170 0.954590
vt 0.738770 0.948730
vt 0.350830 0.884033
vt 0.744141 0.681641
vt 0.371582 0.884033
vt 0.502930 0.563965
vt 0.726318 0.683105
vt 0.668457 0.672363
vt 0.125244 0.288330
vt 0.404541 0.877930
vt 0.995361 0.745850
vt 0.996094 0.811523
vt 0.996338 0.794189
vt 0.993408 0.743896
vt 0.995361 0.791748
vt 0.996826 0.661621
vt 0.997070 0.508057
vt 0.032471 0.214600
vt 0.864990 0.106201
vt 0.916992 0.086670
vt 0.932861 0.891357
vt 0.158691 0.288574
vt 0.867432 0.106445
vt 0.927734 0.218262
vt 0.941895 0.924805
vt 0.971924 0.481689
vt 0.989502 0.436768
vt 0.971924 0.481689
vt 0.981934 0.506104
vt 0.983154 0.840332
vt 0.183594 0.843506
vt 0.868408 0.543213
vt 0.882324 0.209473
vt 0.896729 0.834961
vt 0.063232 0.798584
vt 0.880615 0.209473
vt 0.990234 0.218506
vt 0.258301 0.976807
vt 0.977539 0.802979
vt 0.988281 0.774658
vt 0.260498 0.978271
vt 0.975342 0.803711
vt 0.319824 0.956299
vt 0.974121 0.797363
vt 0.981934 0.772705
vt 0.981934 0.160156
vt 0.981934 0.143311
vt 0.036865 0.506836
vt 0.572510 0.642334
vt 0.750488 0.682129
vt 0.578613 0.642334
vt 0.745361 0.682617
vt 0.933838 0.789062
vt 0.496094 0.367920
vt 0.503418 0.946533
vt 0.884766 0.042969
vt 0.964355 0.056641
vt 0.978516 0.410400
vt 0.389648 0.938965
vt 0.587158 0.170898
vt 0.894287 0.094482
vt 0.959961 0.628174
vt 0.168213 0.367432
vt 0.433594 0.809570
vt 0.662109 0.890137
vt 0.994629 0.480957
vt 0.994629 0.018311
vt 0.995117 0.215576
vt 0.970703 0.483398
vt 0.981934 0.838623
vt 0.981934 0.267334
vt 0.970703 0.483398
vt 0.988281 0.435059
vt 0.207520 0.902344
vt 0.447021 0.484375
vt 0.875732 0.175293
vt 0.927490 0.444824
vt 0.978760 0.376709
vt 0.159912 0.707764
vt 0.920166 0.751465
vt 0.043701 0.136963
vt 0.539551 0.342041
vt 0.576416 0.239014
vt 0.222656 0.781006
vt 0.319336 0.910156
vt 0.496094 0.795654
vt 0.766113 0.462646
vt 0.309570 0.909424
vt 0.505127 0.792725
vt 0.682129 0.685547
vt 0.093750 0.798584
vt 0.492676 0.224365
vt 0.096436 0.798828
vt 0.168701 0.907959
vt 0.490723 0.923828
vt 0.918457 0.655518
vt 0.921875 0.326416
vt 0.927246 0.438477
vt 0.993408 0.218994
vt 0.994385 0.417969
vt 0.998535 0.018311
vt 0.993408 0.115234
vt 0.996582 0.721191
vt 0.997070 0.516113
vt 0.997559 0.312988
vt 0.997559 0.292969
vt 0.993408 0.721191
vt 0.994629 0.796631
vt 0.995361 0.731201
vt 0.996094 0.820068
vt 0.996338 0.778076
vt 0.987549 0.505127
vt 0.988037 0.269531
vt 0.988281 0.838623
vt 0.988037 0.269531
vt 0.993408 0.820068
vt 0.993408 0.748535
vt 0.994629 0.780029
vt 0.870605 0.896729
vt 0.878662 0.175781
vt 0.162842 0.707031
vt 0.877441 0.871094
vt 0.898438 0.596191
vt 0.920654 0.155273
vt 0.957275 0.971191
vt 0.957275 0.971191
vt 0.988525 0.558105
vt 0.353027 0.604004
vt 0.375977 0.670410
vt 0.318115 0.842285
vt 0.635254 0.001709
vt 0.909424 0.622559
vt 0.023926 0.793945
vt 0.595215 0.189453
vt 0.914062 0.990479
vt 0.003174 0.865479
vt 0.539551 0.920166
vt 0.615723 0.871582
vt 0.929199 0.281006
vt 0.005615 0.864746
vt 0.030762 0.468018
vt 0.920410 0.453369
vt 0.930908 0.108154
vt 0.994629 0.117920
vt 0.995117 0.639648
vt 0.997070 0.519043
vt 0.871582 0.114990
vt 0.872559 0.196045
vt 0.939941 0.934082
vt 0.993408 0.778076
vt 0.993408 0.750488
vt 0.996094 0.798828
vt 0.978516 0.483398
vt 0.989258 0.506104
vt 0.989990 0.268799
vt 0.995117 0.757324
vt 0.995361 0.749023
vt 0.989502 0.267334
vt 0.993408 0.756592
vt 0.993408 0.733398
vt 0.994385 0.822510
vt 0.158691 0.269775
vt 0.447510 0.495117
vt 0.875488 0.186768
vt 0.941895 0.943604
vt 0.981934 0.744385
vt 0.958496 0.972412
vt 0.988770 0.605225
vt 0.989014 0.559570
vt 0.358154 0.588135
vt 0.491699 0.620117
vt 0.839111 0.625244
vt 0.427490 0.878174
vt 0.909668 0.020996
vt 0.539551 0.872803
vt 0.772217 0.904053
vt 0.417236 0.880371
vt 0.496094 0.328369
vt 0.902344 0.375244
vt 0.916504 0.028809
vt 0.012207 0.773926
vt 0.900146 0.092529
vt 0.945557 0.120850
vt 0.176758 0.674316
vt 0.638672 0.364258
vt 0.640381 0.705566
vt 0.684082 0.250488
vt 0.669922 0.659424
vt 0.813721 0.904785
vt 0.427734 0.895752
vt 0.637939 0.545166
vt 0.674805 0.330322
vt 0.722900 0.867676
vt 0.993408 0.647461
vt 0.996826 0.546387
vt 0.997070 0.483643
vt 0.997559 0.350830
vt 0.993408 0.547607
vt 0.993408 0.212891
vt 0.993408 0.192139
vt 0.996094 0.353760
vt 0.154053 0.279297
vt 0.447021 0.505127
vt 0.869629 0.117188
vt 0.875488 0.196777
vt 0.927490 0.467285
vt 0.928955 0.902100
vt 0.929199 0.229248
vt 0.993408 0.518555
vt 0.993408 0.292969
vt 0.993896 0.304688
vt 0.996826 0.636475
vt 0.993408 0.798828
vt 0.993652 0.723633
vt 0.996338 0.750488
vt 0.996582 0.756592
vt 0.996582 0.733398
vt 0.206299 0.914795
vt 0.873291 0.909424
vt 0.877930 0.188232
vt 0.925293 0.458252
vt 0.881104 0.223145
vt 0.895752 0.848877
vt 0.964355 0.439209
vt 0.060547 0.812012
vt 0.187744 0.856934
vt 0.869629 0.556152
vt 0.879395 0.223145
vt 0.913086 0.097900
vt 0.914795 0.781494
vt 0.157715 0.756592
vt 0.442139 0.762695
vt 0.485596 0.369873
vt 0.678467 0.885742
vt 0.936523 0.544922
vt 0.126221 0.911865
vt 0.492676 0.946045
vt 0.896729 0.040527
vt 0.900635 0.677490
vt 0.168213 0.375488
vt 0.655029 0.891357
vt 0.734375 0.908203
vt 0.910889 0.705566
vt 0.932617 0.667480
vt 0.291016 0.872803
vt 0.660889 0.033936
vt 0.525879 0.346191
vt 0.698242 0.828125
vt 0.703613 0.335449
vt 0.790283 0.458252
vt 0.204102 0.262207
vt 0.566162 0.235352
vt 0.121582 0.233398
vt 0.177490 0.574463
vt 0.652588 0.743164
vt 0.994629 0.356934
vt 0.996094 0.529053
vt 0.996094 0.284180
vt 0.993408 0.360352
vt 0.993408 0.281250
vt 0.997559 0.263672
vt 0.993408 0.526123
vt 0.993408 0.502197
vt 0.993408 0.263672
vt 0.994385 0.648193
vt 0.995605 0.689941
vt 0.996094 0.210449
vt 0.997070 0.547607
vt 0.997803 0.281250
vt 0.993408 0.312988
vt 0.997314 0.115234
vt 0.997559 0.301025
vt 0.993408 0.350830
vt 0.994385 0.486328
vt 0.994629 0.770264
vt 0.996582 0.194580
vt 0.987305 0.969971
vt 0.987549 0.906494
vt 0.995117 0.089355
vt 0.997803 0.206299
vt 0.997803 0.186035
vt 0.994873 0.316162
vt 0.994873 0.290283
vt 0.996338 0.303955
vt 0.983154 0.972412
vt 0.993408 0.861816
vt 0.995361 0.603027
vt 0.996582 0.739990
vt 0.996582 0.713623
vt 0.993408 0.604736
vt 0.993408 0.537354
vt 0.995850 0.862793
vt 0.993408 0.863770
vt 0.994385 0.741455
vt 0.994629 0.539795
vt 0.986816 0.744141
vt 0.957275 0.977295
vt 0.067139 0.143555
vt 0.692383 0.334717
vt 0.780518 0.455811
vt 0.543701 0.791260
vt 0.615723 0.802734
vt 0.656738 0.486572
vt 0.009033 0.875488
vt 0.028076 0.478516
vt 0.944092 0.976562
vt 0.976074 0.977295
vt 0.993408 0.483643
vt 0.996338 0.767822
vt 0.996582 0.692627
vt 0.997070 0.647461
vt 0.993408 0.636475
vt 0.993408 0.301025
vt 0.998291 0.118896
vt 0.988525 0.744385
vt 0.995850 0.538574
vt 0.993408 0.739990
vt 0.993408 0.713623
vt 0.996094 0.540283
vt 0.111572 0.916504
vt 0.718750 0.903809
vt 0.900635 0.692627
vt 0.507080 0.591553
vt 0.653320 0.354736
vt 0.296875 0.914795
vt 0.683838 0.672119
vt 0.717041 0.900391
vt 0.098633 0.810303
vt 0.153564 0.756104
vt 0.917236 0.666992
vt 0.918457 0.490723
vt 0.997070 0.526123
vt 0.997070 0.502930
vt 0.997314 0.356445
vt 0.006836 0.876953
vt 0.913086 0.124512
vt 0.914795 0.806396
vt 0.921875 0.465576
vt 0.925537 0.097412
vt 0.926270 0.292236
vt 0.946533 0.977295
vt 0.868408 0.570068
vt 0.896729 0.864258
vt 0.910400 0.112793
vt 0.946533 0.966064
vt 0.978271 0.967285
vt 0.978516 0.439209
vt 0.993408 0.767822
vt 0.993408 0.692627
vt 0.997803 0.212891
vt 0.998047 0.192139
vt 0.030762 0.489014
vt 0.876221 0.236328
vt 0.916504 0.794189
vt 0.930908 0.085693
vt 0.976074 0.966064
vt 0.977051 0.441162
vt 0.166504 0.720215
vt 0.897217 0.609863
vt 0.984619 0.909668
vt 0.993408 0.270020
vt 0.993408 0.093262
vt 0.996826 0.448242
vt 0.083008 0.122803
vt 0.164795 0.720703
vt 0.878662 0.884521
vt 0.925537 0.167725
vt 0.981934 0.969971
vt 0.981934 0.906494
vt 0.993408 0.451416
vt 0.994141 0.189453
vt 0.995605 0.711426
vt 0.997070 0.604736
vt 0.997070 0.537354
vt 0.997070 0.531494
vt 0.164307 0.754395
vt 0.168945 0.744873
vt 0.483398 0.376465
vt 0.795166 0.057129
vt 0.012939 0.785645
vt 0.597168 0.175781
vt 0.899902 0.104736
vt 0.517334 0.876221
vt 0.750244 0.900635
vt 0.153809 0.799805
vt 0.175049 0.372803
vt 0.442139 0.810059
vt 0.881104 0.742188
vt 0.241699 0.722656
vt 0.344482 0.015137
vt 0.564209 0.426758
vt 0.202881 0.274902
vt 0.642090 0.266602
vt 0.223877 0.319580
vt 0.615234 0.267090
vt 0.096436 0.811768
vt 0.169678 0.920166
vt 0.489502 0.236328
vt 0.925537 0.338135
vt 0.212891 0.018555
vt 0.983398 0.651123
vt 0.983398 0.540527
vt 0.515869 0.966064
vt 0.588379 0.966064
vt 0.981934 0.649902
vt 0.981934 0.541504
vt 0.996826 0.267334
vt 0.997070 0.499268
vt 0.997314 0.360352
vt 0.141846 0.291992
vt 0.993408 0.870850
vt 0.995605 0.829834
vt 0.996826 0.644775
vt 0.997803 0.286621
vt 0.993408 0.531494
vt 0.993408 0.207764
vt 0.993408 0.186035
vt 0.995361 0.248535
vt 0.641602 0.474365
vt 0.699951 0.281494
vt 0.419189 0.914795
vt 0.680420 0.658203
vt 0.715088 0.886719
vt 0.802246 0.904785
vt 0.993408 0.883057
vt 0.994629 0.872559
vt 0.996094 0.849609
vt 0.996094 0.831787
vt 0.993408 0.831787
vt 0.994141 0.787598
vt 0.994873 0.287842
vt 0.996094 0.847168
vt 0.993408 0.203857
vt 0.997803 0.272705
vt 0.997803 0.245117
vt 0.998291 0.093262
vt 0.993408 0.272949
vt 0.993408 0.245117
vt 0.995361 0.534668
vt 0.997070 0.451416
vt 0.643555 0.689697
vt 0.664062 0.542236
vt 0.668457 0.253662
vt 0.729004 0.935303
vt 0.104736 0.821289
vt 0.161377 0.747803
vt 0.152344 0.294189
vt 0.419189 0.886719
vt 0.649414 0.544678
vt 0.672852 0.633789
vt 0.720215 0.945557
vt 0.811279 0.929199
vt 0.165771 0.735840
vt 0.918457 0.465088
vt 0.987061 0.988037
vt 0.997070 0.552002
vt 0.997559 0.327881
vt 0.997803 0.239746
vt 0.982666 0.950195
vt 0.984131 0.991943
vt 0.993408 0.325195
vt 0.995605 0.883057
vt 0.995850 0.870850
vt 0.996826 0.676270
vt 0.996826 0.642334
vt 0.993408 0.789062
vt 0.993408 0.676270
vt 0.993408 0.642334
vt 0.993408 0.286621
vt 0.938232 0.803223
vt 0.489990 0.382080
vt 0.885254 0.057861
vt 0.150635 0.035889
vt 0.575195 0.423584
vt 0.212891 0.023682
vt 0.515381 0.972656
vt 0.718018 0.966064
vt 0.929199 0.338135
vt 0.988525 0.649902
vt 0.211670 0.023926
vt 0.589355 0.973145
vt 0.989258 0.541504
vt 0.083008 0.153320
vt 0.102539 0.822754
vt 0.163574 0.749512
vt 0.913330 0.479004
vt 0.918457 0.680176
vt 0.921875 0.350098
vt 0.079102 0.138672
vt 0.167725 0.736084
vt 0.877441 0.900391
vt 0.898438 0.625977
vt 0.981934 0.946533
vt 0.993408 0.550293
vt 0.993408 0.328613
vt 0.993408 0.848877
vt 0.995605 0.884766
vt 0.995605 0.674805
vt 0.996338 0.789062
vt 0.493408 0.632812
vt 0.823242 0.625000
vt 0.009033 0.822021
vt 0.268799 0.874512
vt 0.321045 0.854492
vt 0.902588 0.633057
vt 0.790039 0.310059
vt 0.861328 0.747070
vt 0.939941 0.739014
vt 0.295166 0.880371
vt 0.655762 0.041504
vt 0.340088 0.028809
vt 0.717285 0.551514
vt 0.134277 0.243652
vt 0.656738 0.727539
vt 0.981934 0.988037
vt 0.987305 0.950195
vt 0.993408 0.242676
vt 0.338867 0.040039
vt 0.510742 0.617188
vt 0.706543 0.553955
vt 0.652100 0.366211
vt 0.985107 0.946777
vt 0.993408 0.553711
vt 0.993408 0.238770
vt 0.374756 0.605225
vt 0.377197 0.648438
vt 0.733887 0.122559
vt 0.212646 0.029053
vt 0.928467 0.343262
vt 0.211426 0.029297
vt 0.515869 0.978516
vt 0.588379 0.978271
vt 0.718750 0.971680
vt 0.981934 0.663574
vt 0.482910 0.386230
vt 0.804932 0.059082
vt 0.164307 0.802979
vt 0.168945 0.795654
vt 0.885986 0.751709
vt 0.312012 0.868896
vt 0.639160 0.028564
vt 0.909424 0.649658
vt 0.143555 0.025879
vt 0.607422 0.635010
vt 0.782959 0.520996
vt 0.378662 0.523438
vt 0.634277 0.635010
vt 0.760010 0.523193
vt 0.381836 0.586914
vt 0.452393 0.931885
vt 0.468262 0.619141
vt 0.872559 0.551270
vt 0.003174 0.239258
vt 0.393311 0.667236
vt 0.750000 0.142578
vt 0.002441 0.757812
vt 0.484863 0.388428
vt 0.806396 0.061523
vt 0.933838 0.808350
vt 0.203369 0.830078
vt 0.793945 0.316895
vt 0.847412 0.413086
vt 0.870361 0.844482
vt 0.933350 0.736328
vt 0.303711 0.878662
vt 0.646729 0.039062
vt 0.642334 0.488525
vt 0.699951 0.295654
vt 0.147217 0.261719
vt 0.415039 0.907471
vt 0.655518 0.706299
vt 0.928467 0.349854
vt 0.945557 0.368896
vt 0.982666 0.534180
vt 0.718018 0.977783
vt 0.928467 0.349854
vt 0.988037 0.665039
vt 0.007324 0.804688
vt 0.020020 0.487061
vt 0.073975 0.925537
vt 0.173340 0.395020
vt 0.182129 0.792480
vt 0.734375 0.929199
vt 0.795166 0.106445
vt 0.802246 0.958008
vt 0.807373 0.606201
vt 0.808105 0.658447
vt 0.881104 0.765137
vt 0.898438 0.474609
vt 0.920166 0.708984
vt 0.950928 0.855225
vt 0.969238 0.419678
vt 0.471436 0.966064
vt 0.947266 0.371338
vt 0.985352 0.533936
vt 0.927002 0.350098
vt 0.981934 0.532471
vt 0.212891 0.036133
vt 0.927002 0.350098
vt 0.988525 0.663574
vt 0.030273 0.245117
vt 0.498291 0.649658
vt 0.184326 0.555908
vt 0.539551 0.892090
vt 0.772217 0.884766
vt 0.001953 0.842529
vt 0.245361 0.736084
vt 0.250488 0.884766
vt 0.682617 0.283203
vt 0.929199 0.354980
vt 0.946533 0.373779
vt 0.007324 0.756836
vt 0.483887 0.392822
vt 0.807373 0.559082
vt 0.126221 0.890137
vt 0.896729 0.063232
vt 0.945557 0.213379
vt 0.216553 0.844238
vt 0.619385 0.950684
vt 0.877686 0.738770
vt 0.933350 0.756104
vt 0.620605 0.961670
vt 0.889404 0.740234
vt 0.920166 0.541504
vt 0.125000 0.686768
vt 0.951416 0.453125
vt 0.968994 0.981934
vt 0.150879 0.271973
vt 0.401367 0.907471
vt 0.656738 0.692139
vt 0.720215 0.926514
vt 0.072266 0.137207
vt 0.684326 0.429199
vt 0.002686 0.159912
vt 0.548340 0.529541
vt 0.663574 0.429688
vt 0.083008 0.912109
vt 0.101074 0.901367
vt 0.719971 0.922119
vt 0.191162 0.829834
vt 0.840820 0.194824
vt 0.878662 0.853027
vt 0.470703 0.972412
vt 0.948975 0.377197
vt 0.574219 0.966064
vt 0.880859 0.981934
vt 0.924072 0.352539
vt 0.982422 0.528564
vt 0.948730 0.453125
vt 0.971680 0.983154
vt 0.993408 0.331299
vt 0.014648 0.241943
vt 0.721436 0.262695
vt 0.186035 0.559814
vt 0.674805 0.536865
vt 0.072021 0.143066
vt 0.073975 0.137207
vt 0.668701 0.536865
vt 0.685547 0.428223
vt 0.517334 0.894531
vt 0.750244 0.882568
vt 0.643066 0.577637
vt 0.672852 0.363281
vt 0.124756 0.690918
vt 0.953125 0.456787
vt 0.467285 0.929932
vt 0.470459 0.630859
vt 0.056152 0.537598
vt 0.812012 0.950439
vt 0.978271 0.428467
vt 0.978760 0.238281
vt 0.659424 0.573975
vt 0.669189 0.285645
vt 0.880859 0.990967
vt 0.927490 0.360840
vt 0.945557 0.379639
vt 0.984375 0.001221
vt 0.473877 0.972900
vt 0.572266 0.973389
vt 0.981934 0.569580
vt 0.989014 0.528564
vt 0.947998 0.457520
vt 0.966064 0.498779
vt 0.997559 0.331299
vt 0.964355 0.500977
vt 0.972900 0.985596
vt 0.995850 0.333008
vt 0.496094 0.398682
vt 0.890869 0.073975
vt 0.932861 0.218018
vt 0.943604 0.425049
vt 0.073975 0.860107
vt 0.133545 0.936035
vt 0.882324 0.849854
vt 0.470703 0.978516
vt 0.948242 0.383301
vt 0.987549 0.569580
vt 0.637939 0.587891
vt 0.666260 0.372314
vt 0.576172 0.972412
vt 0.878418 0.988037
vt 0.981934 0.003906
vt 0.052246 0.539551
vt 0.572998 0.608643
vt 0.073242 0.002197
vt 0.579102 0.608643
vt 0.738281 0.714355
vt 0.072266 0.003418
vt 0.351318 0.848633
vt 0.491211 0.884033
vt 0.538330 0.539062
vt 0.736572 0.714600
vt 0.084717 0.274170
vt 0.451660 0.948975
vt 0.878662 0.568604
vt 0.956299 0.090332
vt 0.124756 0.696777
vt 0.954590 0.462158
vt 0.039795 0.945557
vt 0.300293 0.950928
vt 0.914062 0.700439
vt 0.964355 0.428467
vt 0.964355 0.238281
vt 0.985352 0.140625
vt 0.207764 0.847656
vt 0.610352 0.946533
vt 0.218262 0.855225
vt 0.610352 0.959961
vt 0.915771 0.551025
vt 0.682129 0.295898
vt 0.945801 0.386230
vt 0.988770 0.566162
vt 0.990967 0.002441
vt 0.576172 0.978271
vt 0.985596 0.565430
vt 0.987793 0.003906
vt 0.487061 0.402344
vt 0.808105 0.611572
vt 0.817383 0.561279
vt 0.942383 0.415527
vt 0.092773 0.866211
vt 0.122314 0.918701
vt 0.621582 0.890137
vt 0.078125 0.273438
vt 0.560791 0.835449
vt 0.596191 0.798340
vt 0.814453 0.797607
vt 0.944824 0.346680
vt 0.949707 0.091309
vt 0.947998 0.463379
vt 0.972168 0.498779
vt 0.375000 0.981934
vt 0.969238 0.503174
vt 0.974121 0.990479
vt 0.129883 0.694824
vt 0.370605 0.984131
vt 0.968994 0.990479
vt 0.073975 0.900391
vt 0.107422 0.887939
vt 0.308594 0.937988
vt 0.920166 0.684082
vt 0.945557 0.232666
vt 0.646729 0.585205
vt 0.002441 0.215332
vt 0.752930 0.118408
vt 0.036865 0.926514
vt 0.250732 0.942383
vt 0.300293 0.932617
vt 0.934814 0.434814
vt 0.935791 0.230957
vt 0.936523 0.712891
vt 0.823486 0.473145
vt 0.898438 0.410156
vt 0.920654 0.436523
vt 0.268799 0.896240
vt 0.659424 0.586670
vt 0.670166 0.298340
vt 0.127197 0.701904
vt 0.370605 0.991455
vt 0.952148 0.467529
vt 0.030762 0.224365
vt 0.477539 0.649414
vt 0.368164 0.202148
vt 0.786133 0.460449
vt 0.899902 0.261719
vt 0.941162 0.855225
vt 0.802246 0.942871
vt 0.950928 0.838623
vt 0.968262 0.244629
vt 0.981934 0.133545
vt 0.402344 0.606201
vt 0.739990 0.094727
vt 0.871338 0.582031
vt 0.558105 0.966064
vt 0.791992 0.466797
vt 0.835205 0.278076
vt 0.940430 0.863281
vt 0.030762 0.459717
vt 0.243408 0.948975
vt 0.898438 0.446045
vt 0.926270 0.715088
vt 0.516846 0.905762
vt 0.749756 0.871338
vt 0.375000 0.991943
vt 0.947998 0.468994
vt 0.978516 0.498779
vt 0.376953 0.988525
vt 0.976074 0.502441
vt 0.020020 0.444580
vt 0.243408 0.930420
vt 0.815430 0.616455
vt 0.934814 0.420166
vt 0.136230 0.981934
vt 0.552979 0.973389
vt 0.841553 0.284668
vt 0.026367 0.174805
vt 0.524170 0.543701
vt 0.170654 0.725342
vt 0.609863 0.808350
vt 0.635010 0.416260
vt 0.733887 0.080811
vt 0.952637 0.360596
vt 0.107178 0.605225
vt 0.893066 0.862793
vt 0.909424 0.261475
vt 0.948975 0.860352
vt 0.512451 0.879883
vt 0.542480 0.393799
vt 0.546875 0.558105
vt 0.122314 0.939941
vt 0.640625 0.895996
vt 0.879883 0.862305
vt 0.839844 0.468262
vt 0.923828 0.421143
vt 0.031006 0.945557
vt 0.911133 0.460205
vt 0.936523 0.732422
vt 0.942627 0.839600
vt 0.990234 0.133545
vt 0.451904 0.634033
vt 0.467285 0.947998
vt 0.945557 0.549316
vt 0.954834 0.105957
vt 0.084717 0.256836
vt 0.739014 0.086426
vt 0.878662 0.586426
vt 0.944824 0.364502
vt 0.358643 0.195801
vt 0.899902 0.249512
vt 0.373047 0.557129
vt 0.525635 0.088379
vt 0.555664 0.378418
vt 0.591797 0.197754
vt 0.246094 0.879150
vt 0.545898 0.835205
vt 0.650146 0.529541
vt 0.940918 0.547852
vt 0.949707 0.106445
vt 0.013916 0.218018
vt 0.250488 0.905762
vt 0.151367 0.571045
vt 0.902832 0.246094
vt 0.136230 0.992676
vt 0.845947 0.294434
vt 0.932373 0.763428
vt 0.964355 0.394775
vt 0.109619 0.617920
vt 0.142090 0.985107
vt 0.558105 0.978027
vt 0.583740 0.336426
vt 0.939941 0.758057
vt 0.948975 0.873291
vt 0.847900 0.469482
vt 0.864258 0.348145
vt 0.884766 0.389160
vt 0.900879 0.833496
vt 0.920654 0.412354
vt 0.082031 0.561035
vt 0.065430 0.715820
vt 0.164307 0.334961
vt 0.352295 0.194580
vt 0.786621 0.279053
vt 0.901611 0.242920
vt 0.084229 0.107178
vt 0.553955 0.494873
vt 0.682373 0.393555
vt 0.095703 0.885010
vt 0.619629 0.909180
vt 0.208008 0.557129
vt 0.306152 0.002197
vt 0.360107 0.088379
vt 0.549561 0.387207
vt 0.159180 0.244873
vt 0.378906 0.566162
vt 0.582275 0.192871
vt 0.076172 0.206787
vt 0.152100 0.574951
vt 0.672852 0.500977
vt 0.081299 0.207031
vt 0.085938 0.106934
vt 0.666748 0.501221
vt 0.536133 0.496094
vt 0.661865 0.392822
vt 0.825195 0.217529
vt 0.860596 0.437988
vt 0.870361 0.880371
vt 0.210449 0.869629
vt 0.889404 0.717285
vt 0.920166 0.566650
vt 0.023682 0.822021
vt 0.083984 0.034668
vt 0.491211 0.848389
vt 0.553955 0.422607
vt 0.534180 0.075928
vt 0.542725 0.386230
vt 0.702393 0.385010
vt 0.002930 0.191650
vt 0.754395 0.094727
vt 0.080078 0.564453
vt 0.572998 0.571045
vt 0.085693 0.034668
vt 0.579102 0.571045
vt 0.133545 0.979004
vt 0.893066 0.881348
vt 0.894043 0.107422
vt 0.909424 0.240967
vt 0.521240 0.375488
vt 0.552002 0.585938
vt 0.687256 0.505127
vt 0.823975 0.491455
vt 0.861572 0.381104
vt 0.884766 0.422119
vt 0.048828 0.187744
vt 0.501465 0.555664
vt 0.691162 0.384277
vt 0.637695 0.637695
vt 0.647705 0.419189
vt 0.783447 0.906250
vt 0.119141 0.600098
vt 0.137207 0.930664
vt 0.494873 0.886475
vt 0.885742 0.871582
vt 0.191162 0.862305
vt 0.789062 0.349609
vt 0.840820 0.228027
vt 0.870361 0.711914
vt 0.115967 0.573486
vt 0.129150 0.970947
vt 0.155273 0.336914
vt 0.797607 0.365723
vt 0.905029 0.232910
vt 0.668213 0.611328
vt 0.812256 0.128662
vt 0.847900 0.307617
vt 0.933838 0.981934
vt 0.978271 0.394775
vt 0.200684 0.869629
vt 0.882324 0.711914
vt 0.117920 0.072510
vt 0.202881 0.566650
vt 0.558594 0.381104
vt 0.085205 0.894775
vt 0.629883 0.918457
vt 0.593506 0.351807
vt 0.815674 0.136719
vt 0.908936 0.441895
vt 0.933838 0.990479
vt 0.939941 0.777588
vt 0.952637 0.307617
vt 0.978271 0.386475
vt 0.003418 0.181885
vt 0.753906 0.084961
vt 0.784668 0.929932
vt 0.026611 0.196289
vt 0.448486 0.649658
vt 0.041504 0.851318
vt 0.088379 0.071777
vt 0.549561 0.458252
vt 0.512451 0.846924
vt 0.533447 0.420898
vt 0.037109 0.895508
vt 0.119141 0.620605
vt 0.137207 0.948975
vt 0.593506 0.336426
vt 0.916504 0.426514
vt 0.073975 0.895020
vt 0.640625 0.917969
vt 0.882324 0.884033
vt 0.272705 0.844238
vt 0.694580 0.789307
vt 0.815430 0.378906
vt 0.054199 0.837891
vt 0.852051 0.350830
vt 0.907471 0.844238
vt 0.297852 0.014648
vt 0.352539 0.075439
vt 0.718018 0.505615
vt 0.641357 0.433105
vt 0.751221 0.078125
vt 0.784424 0.921387
vt 0.076172 0.243408
vt 0.115479 0.577148
vt 0.572510 0.536865
vt 0.081299 0.243652
vt 0.090332 0.071777
vt 0.578613 0.536865
vt 0.023682 0.862549
vt 0.531982 0.459717
vt 0.151367 0.256592
vt 0.642334 0.212646
vt 0.205566 0.371094
vt 0.615479 0.213135
vt 0.013184 0.193604
vt 0.765137 0.096191
vt 0.557617 0.605713
vt 0.707031 0.505127
vt 0.239502 0.892334
vt 0.639648 0.541260
vt 0.664062 0.639404
vt 0.685059 0.350098
vt 0.027344 0.188721
vt 0.247070 0.896484
vt 0.441162 0.648193
vt 0.940918 0.566650
vt 0.129883 0.164551
vt 0.133545 0.966064
vt 0.791992 0.369141
vt 0.905762 0.111572
vt 0.507324 0.885742
vt 0.885742 0.885742
vt 0.909912 0.031738
vt 0.668213 0.631592
vt 0.729004 0.940430
vt 0.817383 0.148682
vt 0.037109 0.921875
vt 0.817383 0.148682
vt 0.916504 0.452881
vt 0.947266 0.923828
vt 0.054199 0.874512
vt 0.823486 0.502930
vt 0.852051 0.387939
vt 0.649902 0.638916
vt 0.797607 0.907471
vt 0.889648 0.895020
vt 0.899658 0.120850
vt 0.920410 0.035645
vt 0.674805 0.614746
vt 0.729004 0.956299
vt 0.927246 0.986572
vt 0.946289 0.312744
vt 0.793945 0.360840
vt 0.831787 0.236328
vt 0.847412 0.452881
vt 0.014404 0.185303
vt 0.797607 0.930908
vt 0.691895 0.796631
vt 0.822510 0.380859
vt 0.839111 0.362549
vt 0.842529 0.237061
vt 0.465576 0.838623
vt 0.830322 0.240234
vt 0.831787 0.372314
vt 0.106201 0.064941
vt 0.608154 0.584961
vt 0.324951 0.527588
vt 0.635010 0.584961
vt 0.016846 0.177002
vt 0.239502 0.907471
vt 0.653564 0.653076
vt 0.796875 0.922607
vt 0.122070 0.169434
vt 0.907471 0.120605
vt 0.046875 0.883057
vt 0.616211 0.878418
vt 0.045654 0.853271
vt 0.845215 0.496338
vt 0.900879 0.860596
vt 0.117676 0.177246
vt 0.665771 0.830078
vt 0.903564 0.128906
vt 0.964355 0.650879
vt 0.065430 0.878174
vt 0.597656 0.873047
vt 0.509277 0.503662
vt 0.285156 0.856445
vt 0.470947 0.923828
vt 0.773438 0.966064
vt 0.816650 0.395752
vt 0.044922 0.875000
vt 0.828857 0.510498
vt 0.333008 0.571533
vt 0.489746 0.073486
vt 0.100098 0.906738
vt 0.512451 0.895508
vt 0.912354 0.042236
vt 0.719971 0.950928
vt 0.803955 0.145752
vt 0.952637 0.322998
vt 0.075684 0.768555
vt 0.352295 0.247070
vt 0.786133 0.510498
vt 0.803955 0.145752
vt 0.835205 0.319336
vt 0.042725 0.865723
vt 0.837402 0.506348
vt 0.459473 0.923828
vt 0.771729 0.977295
vt 0.924072 0.203613
vt 0.050537 0.908691
vt 0.100098 0.930908
vt 0.155273 0.948486
vt 0.494873 0.914795
vt 0.938232 0.906494
vt 0.267090 0.643555
vt 0.286377 0.983154
vt 0.894043 0.137207
vt 0.923828 0.053955
vt 0.941895 0.667969
vt 0.978027 0.650879
vt 0.243896 0.572021
vt 0.400146 0.072998
vt 0.046631 0.900635
vt 0.617188 0.896484
vt 0.068604 0.888916
vt 0.595947 0.884766
vt 0.117188 0.930908
vt 0.267090 0.664062
vt 0.811768 0.166992
vt 0.941895 0.687500
vt 0.954590 0.906494
vt 0.506836 0.412598
vt 0.687012 0.458496
vt 0.065430 0.770508
vt 0.786621 0.330078
vt 0.804932 0.156494
vt 0.440674 0.845703
vt 0.698242 0.002441
vt 0.826660 0.397705
vt 0.779297 0.977295
vt 0.818848 0.408203
vt 0.925537 0.211426
vt 0.293701 0.981934
vt 0.526855 0.115234
vt 0.659180 0.840332
vt 0.974365 0.644775
vt 0.108643 0.917480
vt 0.909912 0.057617
vt 0.931396 0.675049
vt 0.122314 0.212158
vt 0.336182 0.582520
vt 0.503662 0.459473
vt 0.494385 0.059814
vt 0.703613 0.432861
vt 0.465576 0.864014
vt 0.827637 0.265869
vt 0.287842 0.577148
vt 0.445801 0.067627
vt 0.100586 0.117432
vt 0.239746 0.582275
vt 0.129883 0.212891
vt 0.164307 0.387939
vt 0.526855 0.142578
vt 0.665771 0.867920
vt 0.776611 0.326904
vt 0.797607 0.415039
vt 0.803955 0.166016
vt 0.058594 0.909424
vt 0.605957 0.905762
vt 0.275146 0.662109
vt 0.518799 0.136719
vt 0.808105 0.175049
vt 0.484619 0.510254
vt 0.495361 0.048584
vt 0.692383 0.434814
vt 0.396240 0.059326
vt 0.718018 0.455322
vt 0.277832 0.647949
vt 0.293701 0.992188
vt 0.519287 0.124023
vt 0.068604 0.909180
vt 0.595947 0.905029
vt 0.394775 0.048828
vt 0.485107 0.410156
vt 0.707031 0.455078
vt 0.272705 0.880371
vt 0.446045 0.864990
vt 0.478027 0.897949
vt 0.694580 0.830078
vt 0.834473 0.332764
vt 0.102051 0.167480
vt 0.287109 0.588135
vt 0.112549 0.219238
vt 0.639648 0.160645
vt 0.764648 0.525635
vt 0.209717 0.424805
vt 0.612793 0.161133
vt 0.786621 0.526367
vt 0.458740 0.901367
vt 0.697998 0.021729
vt 0.831787 0.416748
vt 0.924072 0.227295
vt 0.445801 0.053223
vt 0.435303 0.865967
vt 0.467285 0.897217
vt 0.707275 0.021729
vt 0.087891 0.116455
vt 0.607910 0.530518
vt 0.273438 0.509277
vt 0.635010 0.530518
vt 0.445312 0.042969
vt 0.479004 0.458984
vt 0.449219 0.876953
vt 0.839111 0.321045
vt 0.842529 0.279785
vt 0.088623 0.170166
vt 0.607422 0.480957
vt 0.764648 0.580078
vt 0.232422 0.474365
vt 0.634277 0.480957
vt 0.786621 0.581055
vt 0.009033 0.893066
vt 0.737305 0.065430
vt 0.819092 0.267090
vt 0.891113 0.574463
vt 0.698242 0.332031
vt 0.878662 0.977051
vt 0.947266 0.893066
vt 0.990234 0.189941
vt 0.406006 0.982178
vt 0.447998 0.918457
vt 0.519287 0.981934
vt 0.788330 0.981934
vt 0.887695 0.966064
vt 0.454590 0.925537
vt 0.660400 0.943604
vt 0.739014 0.929199
vt 0.979004 0.155518
vt 0.157959 0.966064
vt 0.396973 0.981934
vt 0.445801 0.908936
vt 0.573730 0.947998
vt 0.632080 0.981934
vt 0.715332 0.966064
vt 0.728027 0.991211
vt 0.981934 0.097900
vt 0.406250 0.971436
vt 0.564941 0.947510
vt 0.739014 0.905273
vt 0.729736 0.727051
vt 0.769531 0.245117
vt 0.146240 0.920898
vt 0.269287 0.735596
vt 0.677979 0.389648
vt 0.976074 0.823730
vt 0.982422 0.747070
vt 0.239990 0.252686
vt 0.658691 0.433105
vt 0.981934 0.422119
vt 0.121826 0.943359
vt 0.267334 0.966309
vt 0.720703 0.529053
vt 0.044434 0.935547
vt 0.528564 0.767822
vt 0.728760 0.865967
vt 0.978027 0.706543
vt 0.867676 0.072021
vt 0.910889 0.154053
vt 0.550781 0.871338
vt 0.870117 0.071045
vt 0.561279 0.775635
vt 0.882812 0.581055
vt 0.011475 0.948975
vt 0.927979 0.196777
vt 0.988525 0.693848
vt 0.749756 0.591797
vt 0.871094 0.591797
vt 0.854492 0.297852
vt 0.929688 0.582031
vt 0.935059 0.977295
vt 0.743652 0.823730
vt 0.924316 0.587402
vt 0.932617 0.598877
vt 0.022705 0.868896
vt 0.150635 0.920166
vt 0.485352 0.925049
vt 0.646729 0.855469
vt 0.932861 0.571045
vt 0.935059 0.966064
vt 0.005371 0.929199
vt 0.432373 0.501709
vt 0.673828 0.646729
vt 0.752441 0.496094
vt 0.874268 0.474609
vt 0.893555 0.517822
vt 0.896729 0.552002
vt 0.085205 0.905762
vt 0.230713 0.672852
vt 0.252441 0.067871
vt 0.261475 0.055420
vt 0.239990 0.823730
vt 0.425781 0.646973
vt 0.429688 0.653809
vt 0.576416 0.121582
vt 0.727783 0.024170
vt 0.819092 0.221191
vt 0.110596 0.622559
vt 0.225586 0.624268
vt 0.828125 0.016113
vt 0.849854 0.495117
vt 0.416748 0.144287
vt 0.477783 0.966064
vt 0.693604 0.329346
vt 0.990234 0.184814
vt 0.365479 0.191162
vt 0.572021 0.916504
vt 0.869629 0.230225
vt 0.360840 0.187256
vt 0.577637 0.916260
vt 0.977539 0.812500
vt 0.119873 0.335938
vt 0.150391 0.978760
vt 0.808350 0.988525
vt 0.599854 0.146729
vt 0.895020 0.705566
vt 0.260986 0.798096
vt 0.599854 0.163330
vt 0.893555 0.688965
vt 0.290039 0.729736
vt 0.535889 0.925537
vt 0.789307 0.841309
vt 0.121826 0.954834
vt 0.278564 0.966064
vt 0.907959 0.479980
vt 0.267822 0.976074
vt 0.725098 0.521729
vt 0.729492 0.353027
vt 0.964355 0.886230
vt 0.727051 0.857422
vt 0.160645 0.294434
vt 0.182861 0.597900
vt 0.524414 0.988037
vt 0.657959 0.981934
vt 0.855225 0.912354
vt 0.864990 0.593750
vt 0.477539 0.331055
vt 0.853760 0.311035
vt 0.932861 0.593506
vt 0.934570 0.611084
vt 0.734131 0.823730
vt 0.929199 0.607666
vt 0.233398 0.100830
vt 0.248779 0.091309
vt 0.228760 0.109375
vt 0.245361 0.100586
vt 0.200195 0.154053
vt 0.557617 0.027832
vt 0.358154 0.066650
vt 0.734375 0.193115
vt 0.761475 0.936768
vt 0.927490 0.126465
vt 0.217041 0.084717
vt 0.595459 0.626221
vt 0.654053 0.799316
vt 0.711914 0.614502
vt 0.765137 0.801025
vt 0.791992 0.644043
vt 0.414307 0.686279
vt 0.086426 0.606201
vt 0.191895 0.625244
vt 0.001709 0.335693
vt 0.378662 0.900391
vt 0.873291 0.230957
vt 0.114990 0.335693
vt 0.803955 0.990967
vt 0.948975 0.145508
vt 0.990234 0.040527
vt 0.515625 0.322998
vt 0.583496 0.916504
vt 0.884277 0.765381
vt 0.975830 0.548584
vt 0.976074 0.818604
vt 0.501221 0.087891
vt 0.730713 0.721680
vt 0.770264 0.239746
vt 0.911133 0.236328
vt 0.682373 0.388916
vt 0.871094 0.981934
vt 0.977539 0.827881
vt 0.685547 0.385010
vt 0.875732 0.983154
vt 0.981934 0.049561
vt 0.233887 0.245605
vt 0.989258 0.409424
vt 0.989746 0.422119
vt 0.547363 0.876953
vt 0.875000 0.077637
vt 0.909668 0.162354
vt 0.160645 0.304199
vt 0.864258 0.602295
vt 0.185059 0.605713
vt 0.866455 0.601318
vt 0.981934 0.264648
vt 0.751709 0.601807
vt 0.871582 0.601318
vt 0.158936 0.294434
vt 0.182129 0.598877
vt 0.479980 0.340088
vt 0.576904 0.267822
vt 0.853516 0.321045
vt 0.474854 0.341553
vt 0.721924 0.824463
vt 0.929199 0.620605
vt 0.556641 0.041260
vt 0.739746 0.385498
vt 0.851562 0.770508
vt 0.847900 0.254395
vt 0.861816 0.272705
vt 0.862549 0.294189
vt 0.896729 0.589111
vt 0.938965 0.247314
vt 0.847900 0.409668
vt 0.849365 0.293457
vt 0.886475 0.595459
vt 0.865967 0.288330
vt 0.894531 0.605225
vt 0.218750 0.495850
vt 0.223633 0.496826
vt 0.474609 0.453857
vt 0.672852 0.606201
vt 0.049561 0.741943
vt 0.703369 0.821289
vt 0.725586 0.174316
vt 0.978027 0.610840
vt 0.087402 0.898438
vt 0.090332 0.208496
vt 0.468262 0.453857
vt 0.666748 0.606201
vt 0.088379 0.208740
vt 0.682373 0.496826
vt 0.841309 0.661377
vt 0.022949 0.091309
vt 0.661865 0.498047
vt 0.858887 0.673096
vt 0.214600 0.282959
vt 0.223633 0.039062
vt 0.348145 0.210449
vt 0.373535 0.694580
vt 0.571777 0.378662
vt 0.654053 0.754150
vt 0.707520 0.287109
vt 0.905762 0.221924
vt 0.414307 0.143311
vt 0.479004 0.968506
vt 0.958008 0.045166
vt 0.007324 0.332764
vt 0.373047 0.898193
vt 0.476074 0.805908
vt 0.482178 0.806641
vt 0.519531 0.320801
vt 0.601074 0.016113
vt 0.604492 0.647705
vt 0.978271 0.552246
vt 0.114990 0.351807
vt 0.118652 0.001465
vt 0.158936 0.943604
vt 0.189453 0.229736
vt 0.202148 0.396973
vt 0.330322 0.233154
vt 0.416748 0.128418
vt 0.447510 0.950928
vt 0.698242 0.314697
vt 0.946777 0.681885
vt 0.947266 0.876953
vt 0.948975 0.034180
vt 0.952637 0.606201
vt 0.952637 0.130127
vt 0.954834 0.214600
vt 0.964355 0.785889
vt 0.978516 0.474609
vt 0.278564 0.978516
vt 0.739502 0.358643
vt 0.772705 0.643799
vt 0.793213 0.736816
vt 0.913086 0.469971
vt 0.294922 0.055908
vt 0.660400 0.424561
vt 0.989014 0.420654
vt 0.989746 0.411133
vt 0.236816 0.244629
vt 0.610840 0.929199
vt 0.658691 0.424316
vt 0.028076 0.966064
vt 0.061279 0.929199
vt 0.521973 0.784912
vt 0.587646 0.878662
vt 0.555664 0.873047
vt 0.906982 0.152832
vt 0.561035 0.866943
vt 0.905762 0.144043
vt 0.160400 0.310303
vt 0.863281 0.608154
vt 0.989990 0.263428
vt 0.565918 0.858154
vt 0.854248 0.337402
vt 0.904785 0.134521
vt 0.157959 0.302979
vt 0.184082 0.606201
vt 0.981934 0.263428
vt 0.474609 0.202393
vt 0.568359 0.848633
vt 0.579102 0.276367
vt 0.853271 0.328857
vt 0.922607 0.782227
vt 0.929443 0.920654
vt 0.353760 0.928223
vt 0.403809 0.722656
vt 0.459717 0.090332
vt 0.540527 0.190186
vt 0.345947 0.932129
vt 0.537109 0.198242
vt 0.867920 0.306641
vt 0.886719 0.622559
vt 0.939697 0.599121
vt 0.998047 0.170898
vt 0.214111 0.174805
vt 0.384766 0.968262
vt 0.495850 0.346680
vt 0.875488 0.918457
vt 0.878662 0.557617
vt 0.682129 0.651367
vt 0.862305 0.665771
vt 0.882080 0.183838
vt 0.885986 0.473633
vt 0.658936 0.501221
vt 0.707275 0.827393
vt 0.724365 0.181885
vt 0.051270 0.091553
vt 0.157471 0.894531
vt 0.407715 0.806885
vt 0.900391 0.535889
vt 0.075684 0.093262
vt 0.509521 0.297852
vt 0.698242 0.782715
vt 0.790283 0.407227
vt 0.519531 0.298096
vt 0.708984 0.786377
vt 0.534180 0.297607
vt 0.571289 0.284668
vt 0.253906 0.260742
vt 0.560059 0.284912
vt 0.256592 0.274170
vt 0.631592 0.323486
vt 0.639648 0.313477
vt 0.258789 0.278564
vt 0.604492 0.323486
vt 0.612793 0.313965
vt 0.424805 0.717285
vt 0.714111 0.391357
vt 0.193848 0.277100
vt 0.604248 0.127441
vt 0.440186 0.924316
vt 0.485840 0.966064
vt 0.887695 0.975586
vt 0.929932 0.625977
vt 0.981934 0.186035
vt 0.150391 0.970459
vt 0.331055 0.981934
vt 0.398682 0.896484
vt 0.573730 0.957031
vt 0.803955 0.981934
vt 0.981934 0.044189
vt 0.739990 0.569092
vt 0.811279 0.322998
vt 0.965332 0.130859
vt 0.231689 0.237549
vt 0.295898 0.047119
vt 0.981934 0.411133
vt 0.061279 0.918945
vt 0.550293 0.788086
vt 0.588135 0.867676
vt 0.557861 0.786621
vt 0.587891 0.859131
vt 0.565918 0.783936
vt 0.587646 0.850342
vt 0.185791 0.613525
vt 0.866943 0.609619
vt 0.896729 0.636475
vt 0.751953 0.610840
vt 0.869385 0.609619
vt 0.239990 0.282227
vt 0.479980 0.351807
vt 0.574463 0.280029
vt 0.710449 0.824219
vt 0.011475 0.928467
vt 0.176514 0.593018
vt 0.529785 0.981934
vt 0.590088 0.763428
vt 0.227539 0.118652
vt 0.244141 0.109619
vt 0.112305 0.758301
vt 0.833740 0.380371
vt 0.239502 0.828125
vt 0.525635 0.830322
vt 0.367676 0.809082
vt 0.884033 0.142334
vt 0.271729 0.699707
vt 0.377686 0.085938
vt 0.574463 0.939941
vt 0.001953 0.872314
vt 0.431641 0.720459
vt 0.605713 0.060547
vt 0.913086 0.561768
vt 0.183838 0.244873
vt 0.340332 0.985596
vt 0.952637 0.146240
vt 0.990723 0.044189
vt 0.061523 0.952637
vt 0.112793 0.847900
vt 0.671143 0.949463
vt 0.749512 0.921631
vt 0.070312 0.950684
vt 0.109619 0.839844
vt 0.860596 0.885986
vt 0.275391 0.788574
vt 0.895020 0.671875
vt 0.319580 0.978271
vt 0.673584 0.854980
vt 0.742188 0.410156
vt 0.753662 0.568604
vt 0.151611 0.777588
vt 0.301025 0.992188
vt 0.594238 0.991699
vt 0.675049 0.807617
vt 0.843262 0.966309
vt 0.906738 0.815186
vt 0.940430 0.177490
vt 0.172363 0.978027
vt 0.234619 0.032471
vt 0.613525 0.680420
vt 0.713135 0.783203
vt 0.871582 0.954590
vt 0.913086 0.812988
vt 0.941895 0.170410
vt 0.235596 0.237549
vt 0.612061 0.922363
vt 0.055420 0.936523
vt 0.520996 0.775879
vt 0.571045 0.780762
vt 0.237793 0.291016
vt 0.468262 0.211914
vt 0.579102 0.288574
vt 0.473389 0.211670
vt 0.926270 0.930176
vt 0.655029 0.848145
vt 0.835449 0.034180
vt 0.841553 0.034668
vt 0.337646 0.933350
vt 0.532471 0.206055
vt 0.838135 0.729736
vt 0.031982 0.021240
vt 0.220215 0.629395
vt 0.404785 0.228271
vt 0.913086 0.166992
vt 0.953369 0.758301
vt 0.629639 0.653076
vt 0.862549 0.243896
vt 0.927246 0.500000
vt 0.948975 0.234375
vt 0.978516 0.332275
vt 0.005371 0.903320
vt 0.168213 0.224365
vt 0.749268 0.468262
vt 0.871338 0.303955
vt 0.882812 0.384277
vt 0.993408 0.170898
vt 0.664062 0.509033
vt 0.726562 0.191406
vt 0.922852 0.380615
vt 0.926270 0.118408
vt 0.566650 0.598389
vt 0.920166 0.120361
vt 0.927490 0.385986
vt 0.066650 0.573730
vt 0.095703 0.918457
vt 0.280762 0.686035
vt 0.349609 0.991943
vt 0.964355 0.035156
vt 0.239746 0.666748
vt 0.001953 0.902100
vt 0.434814 0.748779
vt 0.725342 0.428955
vt 0.746582 0.072266
vt 0.825439 0.093994
vt 0.476562 0.974609
vt 0.954834 0.050537
vt 0.123779 0.992432
vt 0.394043 0.888672
vt 0.398926 0.978271
vt 0.564453 0.958008
vt 0.903564 0.970459
vt 0.133545 0.985107
vt 0.288086 0.561279
vt 0.398926 0.966064
vt 0.748047 0.907227
vt 0.682373 0.810059
vt 0.838623 0.972900
vt 0.018311 0.992920
vt 0.553711 0.633301
vt 0.571045 0.991455
vt 0.904297 0.989258
vt 0.038574 0.978271
vt 0.112305 0.978271
vt 0.035645 0.975830
vt 0.115234 0.976074
vt 0.231934 0.229980
vt 0.295410 0.039795
vt 0.747314 0.638672
vt 0.891602 0.662109
vt 0.521240 0.766602
vt 0.522705 0.757812
vt 0.717529 0.860840
vt 0.136230 0.025146
vt 0.528564 0.729980
vt 0.716064 0.829102
vt 0.929199 0.784912
vt 0.936523 0.918945
vt 0.606934 0.977539
vt 0.863037 0.990723
vt 0.964844 0.075928
vt 0.485352 0.917480
vt 0.648193 0.847656
vt 0.852295 0.579590
vt 0.293701 0.654541
vt 0.848877 0.034180
vt 0.478760 0.916748
vt 0.845947 0.579590
vt 0.752441 0.815430
vt 0.838623 0.579590
vt 0.036133 0.030273
vt 0.064697 0.259766
vt 0.615234 0.648193
vt 0.906006 0.173828
vt 0.964355 0.332275
vt 0.558105 0.938232
vt 0.982910 0.406738
vt 0.989502 0.417969
vt 0.898438 0.916016
vt 0.981934 0.401855
vt 0.988770 0.413818
vt 0.871582 0.287598
vt 0.876953 0.369873
vt 0.151611 0.064941
vt 0.740479 0.467041
vt 0.882324 0.531738
vt 0.883789 0.892334
vt 0.896729 0.521240
vt 0.930664 0.458252
vt 0.887695 0.384277
vt 0.936523 0.596436
vt 0.996826 0.167236
vt 0.221924 0.182129
vt 0.278320 0.106445
vt 0.489746 0.356689
vt 0.882324 0.665771
vt 0.902100 0.183838
vt 0.066650 0.557129
vt 0.095215 0.902344
vt 0.789551 0.871094
vt 0.610107 0.061035
vt 0.707275 0.389648
vt 0.203857 0.413086
vt 0.432373 0.988770
vt 0.945068 0.990723
vt 0.945801 0.698242
vt 0.445068 0.932861
vt 0.813965 0.746826
vt 0.939941 0.622803
vt 0.972412 0.146240
vt 0.360840 0.174316
vt 0.583984 0.982666
vt 0.950439 0.981934
vt 0.964355 0.812500
vt 0.589111 0.981934
vt 0.964355 0.818115
vt 0.964355 0.547119
vt 0.427734 0.202637
vt 0.796143 0.311768
vt 0.911133 0.810059
vt 0.135254 0.924316
vt 0.346436 0.887695
vt 0.382324 0.961670
vt 0.854248 0.521240
vt 0.111816 0.981934
vt 0.835449 0.987305
vt 0.971924 0.179443
vt 0.786621 0.650879
vt 0.893311 0.781006
vt 0.899170 0.479248
vt 0.084717 0.812500
vt 0.265625 0.840332
vt 0.043945 0.978760
vt 0.107178 0.978760
vt 0.291992 0.047852
vt 0.482666 0.119141
vt 0.615723 0.922363
vt 0.658936 0.416016
vt 0.749023 0.628906
vt 0.891113 0.653320
vt 0.751465 0.620117
vt 0.864746 0.618896
vt 0.892334 0.644043
vt 0.522705 0.751953
vt 0.716064 0.854736
vt 0.473389 0.221191
vt 0.923584 0.939941
vt 0.978027 0.577637
vt 0.234619 0.299561
vt 0.469727 0.220703
vt 0.608398 0.973145
vt 0.964355 0.080322
vt 0.186279 0.194092
vt 0.595459 0.031494
vt 0.752441 0.432617
vt 0.471680 0.991455
vt 0.565430 0.937744
vt 0.981934 0.417969
vt 0.476318 0.991699
vt 0.904541 0.916748
vt 0.982422 0.414062
vt 0.089844 0.793945
vt 0.877930 0.605225
vt 0.939941 0.579834
vt 0.279297 0.231934
vt 0.465576 0.761475
vt 0.716797 0.437988
vt 0.833496 0.102783
vt 0.281494 0.958008
vt 0.819580 0.054443
vt 0.849854 0.535889
vt 0.083252 0.616455
vt 0.278564 0.942139
vt 0.839844 0.525146
vt 0.118652 0.018066
vt 0.293457 0.978760
vt 0.335693 0.248779
vt 0.978271 0.510254
vt 0.120850 0.016846
vt 0.290771 0.978516
vt 0.480957 0.978027
vt 0.948975 0.049072
vt 0.287109 0.973145
vt 0.398682 0.913818
vt 0.487305 0.974121
vt 0.927979 0.633545
vt 0.189453 0.247070
vt 0.196777 0.413086
vt 0.341064 0.991699
vt 0.438721 0.991699
vt 0.293457 0.966064
vt 0.331055 0.991943
vt 0.395996 0.905518
vt 0.438721 0.981934
vt 0.669434 0.966064
vt 0.945068 0.981934
vt 0.964355 0.510254
vt 0.021729 0.739746
vt 0.790283 0.274658
vt 0.864990 0.024170
vt 0.061523 0.934570
vt 0.280029 0.558350
vt 0.756104 0.904297
vt 0.841064 0.885986
vt 0.904053 0.775391
vt 0.024658 0.991699
vt 0.150146 0.774170
vt 0.564453 0.989502
vt 0.597168 0.989014
vt 0.113525 0.990234
vt 0.432617 0.966064
vt 0.909424 0.396973
vt 0.979004 0.174805
vt 0.981934 0.491455
vt 0.981934 0.442383
vt 0.490234 0.077881
vt 0.710938 0.911133
vt 0.897461 0.822266
vt 0.910156 0.220703
vt 0.941895 0.189453
vt 0.139648 0.908203
vt 0.277100 0.723877
vt 0.395020 0.951172
vt 0.913574 0.517334
vt 0.035645 0.969727
vt 0.115234 0.970215
vt 0.109619 0.972412
vt 0.033203 0.969971
vt 0.593506 0.877686
vt 0.947266 0.652344
vt 0.237305 0.229736
vt 0.612549 0.914551
vt 0.443604 0.976318
vt 0.695068 0.989014
vt 0.864258 0.957275
vt 0.964355 0.587402
vt 0.606689 0.970703
vt 0.964600 0.083008
vt 0.966553 0.230957
vt 0.293213 0.665283
vt 0.744629 0.813477
vt 0.111816 0.737549
vt 0.413086 0.226807
vt 0.943848 0.758545
vt 0.595215 0.041504
vt 0.738525 0.425293
vt 0.743408 0.432617
vt 0.563232 0.936279
vt 0.552246 0.935059
vt 0.910400 0.977295
vt 0.989502 0.406738
vt 0.179199 0.208496
vt 0.749268 0.448242
vt 0.891357 0.919434
vt 0.906250 0.977295
vt 0.989502 0.401855
vt 0.452881 0.900391
vt 0.854736 0.776123
vt 0.741943 0.038818
vt 0.205078 0.279541
vt 0.229248 0.476562
vt 0.557617 0.653076
vt 0.581055 0.374023
vt 0.202148 0.303711
vt 0.611328 0.096436
vt 0.708252 0.841064
vt 0.769531 0.767822
vt 0.673096 0.973145
vt 0.942139 0.988770
vt 0.948486 0.697754
vt 0.366211 0.176270
vt 0.865234 0.215332
vt 0.947754 0.986084
vt 0.038086 0.439209
vt 0.281982 0.634521
vt 0.855225 0.026611
vt 0.687012 0.842529
vt 0.840332 0.077637
vt 0.555664 0.625732
vt 0.612793 0.986816
vt 0.896729 0.990479
vt 0.109619 0.986816
vt 0.193359 0.904053
vt 0.832031 0.990967
vt 0.545898 0.627930
vt 0.570801 0.981934
vt 0.841797 0.986084
vt 0.202148 0.901367
vt 0.632080 0.959961
vt 0.832031 0.981934
vt 0.965332 0.179688
vt 0.985352 0.758057
vt 0.769043 0.650879
vt 0.799316 0.731689
vt 0.858887 0.049805
vt 0.321289 0.723633
vt 0.846191 0.805664
vt 0.090332 0.812012
vt 0.268799 0.835205
vt 0.291992 0.038086
vt 0.485352 0.110840
vt 0.887695 0.662109
vt 0.285400 0.691650
vt 0.761475 0.592285
vt 0.814209 0.064453
vt 0.691895 0.991455
vt 0.868408 0.990723
vt 0.966309 0.590576
vt 0.969727 0.073730
vt 0.290527 0.677490
vt 0.759033 0.576660
vt 0.096436 0.990479
vt 0.608154 0.966064
vt 0.867920 0.668701
vt 0.964355 0.235596
vt 0.073975 0.259766
vt 0.106689 0.746094
vt 0.614746 0.639893
vt 0.095703 0.779053
vt 0.836426 0.404541
vt 0.875488 0.589111
vt 0.555908 0.934326
vt 0.945557 0.472656
vt 0.739746 0.440186
vt 0.742188 0.448486
vt 0.938232 0.443848
vt 0.430420 0.899170
vt 0.876953 0.774658
vt 0.379395 0.092041
vt 0.330322 0.250732
vt 0.669434 0.977783
vt 0.954590 0.698242
vt 0.975830 0.505615
vt 0.490723 0.795654
vt 0.591797 0.985596
vt 0.964355 0.552246
vt 0.749756 0.413086
vt 0.750000 0.575684
vt 0.977295 0.129883
vt 0.987061 0.578125
vt 0.324707 0.973389
vt 0.749023 0.409912
vt 0.749023 0.409912
vt 0.775879 0.166016
vt 0.989502 0.383545
vt 0.121094 0.981934
vt 0.301025 0.981934
vt 0.832275 0.966064
vt 0.984131 0.439453
vt 0.984619 0.493896
vt 0.305664 0.983643
vt 0.564697 0.981934
vt 0.594238 0.981934
vt 0.837891 0.990967
vt 0.913086 0.389893
vt 0.989258 0.491455
vt 0.327637 0.185791
vt 0.636719 0.957520
vt 0.981934 0.754150
vt 0.182861 0.978516
vt 0.508545 0.978271
vt 0.616455 0.690430
vt 0.324707 0.732422
vt 0.499756 0.839111
vt 0.839111 0.812012
vt 0.497559 0.831299
vt 0.843506 0.804443
vt 0.259766 0.838135
vt 0.526367 0.970947
vt 0.535889 0.900146
vt 0.795410 0.820312
vt 0.839844 0.855225
vt 0.055908 0.198486
vt 0.320801 0.715576
vt 0.848633 0.798340
vt 0.048340 0.975098
vt 0.103271 0.974854
vt 0.038574 0.966064
vt 0.112305 0.966553
vt 0.056885 0.189697
vt 0.849854 0.789795
vt 0.595459 0.868408
vt 0.940918 0.660400
vt 0.984131 0.120361
vt 0.055908 0.180176
vt 0.309570 0.991455
vt 0.848877 0.779785
vt 0.239990 0.221680
vt 0.610840 0.906006
vt 0.755127 0.630127
vt 0.814209 0.100098
vt 0.308350 0.982422
vt 0.474609 0.230713
vt 0.804688 0.835449
vt 0.845947 0.771240
vt 0.977539 0.568848
vt 0.760742 0.610840
vt 0.814453 0.080322
vt 0.447266 0.978027
vt 0.860596 0.959229
vt 0.077637 0.925781
vt 0.443604 0.968018
vt 0.617920 0.977539
vt 0.691895 0.981934
vt 0.867188 0.981934
vt 0.101807 0.760010
vt 0.629639 0.637939
vt 0.942871 0.500000
vt 0.075684 0.572266
vt 0.788330 0.888428
vt 0.965332 0.025879
vt 0.281494 0.699951
vt 0.574463 0.930420
vt 0.912598 0.823486
vt 0.979004 0.038574
vt 0.158691 0.903809
vt 0.411377 0.797852
vt 0.285645 0.777832
vt 0.329834 0.887451
vt 0.427734 0.212891
vt 0.799561 0.322021
vt 0.964355 0.143555
vt 0.121094 0.992676
vt 0.233398 0.979004
vt 0.689209 0.806641
vt 0.748779 0.991211
vt 0.832275 0.977051
vt 0.109619 0.992920
vt 0.187744 0.903076
vt 0.429199 0.969971
vt 0.742676 0.866699
vt 0.323975 0.723877
vt 0.495850 0.832275
vt 0.182861 0.966064
vt 0.502197 0.969238
vt 0.871582 0.937988
vt 0.871826 0.317139
vt 0.496094 0.823486
vt 0.844971 0.797119
vt 0.215332 0.250732
vt 0.864502 0.940918
vt 0.872314 0.309570
vt 0.480957 0.110840
vt 0.617188 0.914307
vt 0.815186 0.110107
vt 0.028076 0.979004
vt 0.029297 0.450439
vt 0.513672 0.774414
vt 0.942139 0.641846
vt 0.758301 0.621338
vt 0.815430 0.091064
vt 0.087402 0.922607
vt 0.093994 0.981934
vt 0.616943 0.968018
vt 0.919434 0.977051
vt 0.093994 0.992920
vt 0.864502 0.668701
vt 0.921143 0.966064
vt 0.956299 0.257324
vt 0.734863 0.811035
vt 0.043213 0.262451
vt 0.582031 0.638672
vt 0.725098 0.626953
vt 0.222900 0.145752
vt 0.238770 0.135498
vt 0.871582 0.269775
vt 0.876953 0.351562
vt 0.926514 0.520020
vt 0.948975 0.252686
vt 0.385742 0.091064
vt 0.582764 0.935791
vt 0.964355 0.204590
vt 0.254395 0.659424
vt 0.616455 0.061768
vt 0.288574 0.173828
vt 0.465576 0.700195
vt 0.538330 0.044189
vt 0.599121 0.336914
vt 0.001709 0.318359
vt 0.583984 0.991455
vt 0.869873 0.213867
vt 0.950439 0.990723
vt 0.022949 0.440674
vt 0.038086 0.738770
vt 0.864990 0.038330
vt 0.019531 0.722412
vt 0.790283 0.258545
vt 0.783447 0.240234
vt 0.547607 0.622559
vt 0.663818 0.991455
vt 0.905029 0.824951
vt 0.247070 0.901367
vt 0.508545 0.966064
vt 0.626953 0.693359
vt 0.872314 0.325195
vt 0.215332 0.245605
vt 0.228027 0.019775
vt 0.294189 0.819336
vt 0.860352 0.944092
vt 0.047852 0.970215
vt 0.103760 0.969727
vt 0.261230 0.829590
vt 0.518555 0.966064
vt 0.599121 0.978027
vt 0.972168 0.460693
vt 0.044189 0.966064
vt 0.107178 0.966064
vt 0.495361 0.816162
vt 0.845459 0.789551
vt 0.484131 0.101562
vt 0.884766 0.654053
vt 0.597412 0.859131
vt 0.233643 0.512451
vt 0.582764 0.873291
vt 0.887695 0.922119
vt 0.721191 0.811768
vt 0.084473 0.792725
vt 0.895020 0.368652
vt 0.933594 0.579834
vt 0.095703 0.890625
vt 0.800293 0.866455
vt 0.964355 0.595703
vt 0.007080 0.316650
vt 0.485352 0.792725
vt 0.588867 0.991211
vt 0.127686 0.846191
vt 0.660400 0.959961
vt 0.813721 0.734131
vt 0.964355 0.155518
vt 0.386719 0.895020
vt 0.425781 0.966064
vt 0.895508 0.977295
vt 0.964355 0.361572
vt 0.022705 0.431152
vt 0.855469 0.041504
vt 0.123779 0.981934
vt 0.288574 0.572266
vt 0.727051 0.089844
vt 0.895508 0.966064
vt 0.964355 0.372559
vt 0.656738 0.321045
vt 0.771240 0.159912
vt 0.790283 0.054199
vt 0.796143 0.050537
vt 0.984619 0.377686
vt 0.990723 0.021484
vt 0.290527 0.773682
vt 0.334717 0.883789
vt 0.846191 0.164307
vt 0.862549 0.530518
vt 0.781006 0.229492
vt 0.918701 0.226807
vt 0.084229 0.979004
vt 0.333740 0.184570
vt 0.510986 0.978516
vt 0.542725 0.622803
vt 0.837891 0.981934
vt 0.909424 0.381836
vt 0.964355 0.174805
vt 0.988281 0.754150
vt 0.479980 0.660400
vt 0.610596 0.693359
vt 0.907959 0.825195
vt 0.918457 0.326172
vt 0.324707 0.715332
vt 0.421875 0.839111
vt 0.492432 0.824463
vt 0.061279 0.189941
vt 0.322754 0.705811
vt 0.416504 0.831787
vt 0.029297 0.440186
vt 0.593750 0.974609
vt 0.940918 0.651611
vt 0.966064 0.461670
vt 0.990479 0.113037
vt 0.497070 0.807617
vt 0.842773 0.781006
vt 0.833008 0.704102
vt 0.916504 0.139648
vt 0.926758 0.380615
vt 0.483643 0.091309
vt 0.884766 0.643799
vt 0.571289 0.791504
vt 0.598389 0.849121
vt 0.135254 0.678467
vt 0.229004 0.279297
vt 0.707031 0.813232
vt 0.519531 0.229736
vt 0.723145 0.369629
vt 0.834717 0.755371
vt 0.682129 0.631348
vt 0.864746 0.643555
vt 0.898438 0.501221
vt 0.008301 0.434082
vt 0.054199 0.738770
vt 0.873291 0.688232
vt 0.839355 0.959961
vt 0.978516 0.135498
vt 0.988770 0.572021
vt 0.316162 0.966064
vt 0.686279 0.855225
vt 0.839355 0.943604
vt 0.843018 0.089844
vt 0.154053 0.963379
vt 0.235596 0.975830
vt 0.745361 0.989746
vt 0.958008 0.524902
vt 0.116211 0.985596
vt 0.434082 0.973633
vt 0.748779 0.981934
vt 0.957275 0.516357
vt 0.989502 0.442383
vt 0.018311 0.981934
vt 0.151611 0.762451
vt 0.548584 0.097412
vt 0.621338 0.991211
vt 0.671875 0.792480
vt 0.896729 0.981934
vt 0.925537 0.893066
vt 0.555664 0.618652
vt 0.617432 0.982178
vt 0.667480 0.983154
vt 0.199463 0.895508
vt 0.628174 0.954346
vt 0.257568 0.992188
vt 0.634277 0.952881
vt 0.990479 0.149902
vt 0.276123 0.716553
vt 0.909180 0.523193
vt 0.283447 0.714111
vt 0.545410 0.956299
vt 0.786133 0.002930
vt 0.061279 0.180420
vt 0.314697 0.992188
vt 0.415527 0.821777
vt 0.034668 0.456543
vt 0.301270 0.972168
vt 0.511230 0.765869
vt 0.225342 0.306641
vt 0.468994 0.232666
vt 0.499756 0.798096
vt 0.839111 0.771240
vt 0.226074 0.296875
vt 0.893066 0.948975
vt 0.172363 0.613525
vt 0.584229 0.783936
vt 0.884766 0.630127
vt 0.022217 0.317627
vt 0.485352 0.076416
vt 0.555664 0.748779
vt 0.584229 0.783936
vt 0.964355 0.214844
vt 0.988281 0.777344
vt 0.452637 0.977295
vt 0.586426 0.403564
vt 0.854980 0.959961
vt 0.844482 0.988770
vt 0.926270 0.968994
vt 0.950684 0.258301
vt 0.964844 0.106445
vt 0.288574 0.239990
vt 0.590088 0.403076
vt 0.617676 0.010498
vt 0.707275 0.445557
vt 0.216309 0.164795
vt 0.233643 0.154785
vt 0.428711 0.981934
vt 0.472656 0.982422
vt 0.570068 0.929688
vt 0.104004 0.641602
vt 0.227295 0.640137
vt 0.827148 0.747070
vt 0.939941 0.635254
vt 0.942871 0.272461
vt 0.005859 0.423096
vt 0.615479 0.157471
vt 0.873779 0.699463
vt 0.213379 0.223389
vt 0.272949 0.824707
vt 0.340820 0.978271
vt 0.479004 0.101318
vt 0.820312 0.102539
vt 0.511719 0.755859
vt 0.631348 0.705566
vt 0.314697 0.981934
vt 0.416016 0.811279
vt 0.810059 0.832031
vt 0.454590 0.975830
vt 0.574707 0.991455
vt 0.583984 0.404053
vt 0.880371 0.954590
vt 0.196045 0.198486
vt 0.222900 0.192627
vt 0.569092 0.928223
vt 0.188965 0.212646
vt 0.216553 0.207275
vt 0.425049 0.982910
vt 0.476318 0.981934
vt 0.909424 0.926025
vt 0.970215 0.593262
vt 0.106445 0.138672
vt 0.442383 0.636963
vt 0.800293 0.875977
vt 0.290527 0.905762
vt 0.374756 0.795410
vt 0.448975 0.793701
vt 0.875000 0.129395
vt 0.235596 0.654785
vt 0.149902 0.907471
vt 0.403320 0.792480
vt 0.397217 0.684814
vt 0.542969 0.155518
vt 0.222412 0.538818
vt 0.277344 0.062012
vt 0.373535 0.757812
vt 0.581055 0.438477
vt 0.455811 0.719482
vt 0.548584 0.061279
vt 0.717773 0.218750
vt 0.750488 0.039062
vt 0.759521 0.016113
vt 0.784912 0.850586
vt 0.833496 0.059814
vt 0.067627 0.625977
vt 0.271729 0.958008
vt 0.828125 0.059570
vt 0.051270 0.423096
vt 0.134033 0.656982
vt 0.262939 0.642334
vt 0.129883 0.837891
vt 0.811523 0.726318
vt 0.001465 0.461914
vt 0.754883 0.692871
vt 0.755859 0.406982
vt 0.948975 0.570068
vt 0.981934 0.383545
vt 0.989746 0.027344
vt 0.326416 0.966064
vt 0.755859 0.406982
vt 0.841309 0.953369
vt 0.981934 0.572021
vt 0.783203 0.224609
vt 0.920166 0.221924
vt 0.929199 0.474854
vt 0.512939 0.971436
vt 0.546631 0.616455
vt 0.545898 0.949463
vt 0.783447 0.010254
vt 0.808350 0.001709
vt 0.421387 0.830322
vt 0.489990 0.815430
vt 0.268555 0.821289
vt 0.341309 0.972656
vt 0.599121 0.967285
vt 0.329102 0.971680
vt 0.340820 0.966064
vt 0.592041 0.966064
vt 0.603027 0.867188
vt 0.981934 0.113037
vt 0.602295 0.852539
vt 0.998535 0.057373
vt 0.265869 0.099365
vt 0.797363 0.215088
vt 0.260742 0.110596
vt 0.798828 0.225586
vt 0.818848 0.153809
vt 0.510986 0.248047
vt 0.722168 0.387939
vt 0.495850 0.282471
vt 0.728516 0.424805
vt 0.485596 0.325439
vt 0.868408 0.535889
vt 0.482422 0.335938
vt 0.880859 0.643311
vt 0.137451 0.905273
vt 0.282471 0.919678
vt 0.390625 0.792480
vt 0.855713 0.718994
vt 0.882324 0.819092
vt 0.895020 0.435791
vt 0.385010 0.906982
vt 0.426514 0.978027
vt 0.942139 0.252686
vt 0.280029 0.573730
vt 0.517578 0.713379
vt 0.718506 0.087158
vt 0.888184 0.775879
vt 0.038330 0.721680
vt 0.412109 0.202393
vt 0.786621 0.679932
vt 0.896973 0.809326
vt 0.236328 0.922119
vt 0.621826 0.714844
vt 0.801025 0.326172
vt 0.546143 0.088379
vt 0.554199 0.616943
vt 0.621338 0.981934
vt 0.663818 0.981934
vt 0.327637 0.176270
vt 0.636963 0.948486
vt 0.758789 0.991211
vt 0.986572 0.146484
vt 0.276367 0.712158
vt 0.742188 0.350342
vt 0.775879 0.112305
vt 0.790283 0.009277
vt 0.904785 0.524902
vt 0.036133 0.447266
vt 0.296143 0.978760
vt 0.519531 0.927979
vt 0.850586 0.966064
vt 0.964355 0.471924
vt 0.477051 0.089355
vt 0.822998 0.090820
vt 0.979004 0.214844
vt 0.546143 0.748047
vt 0.823242 0.081055
vt 0.972412 0.220947
vt 0.236084 0.499512
vt 0.788574 0.066406
vt 0.874268 0.921143
vt 0.512207 0.741943
vt 0.804688 0.818848
vt 0.936523 0.939697
vt 0.964355 0.577637
vt 0.404053 0.665771
vt 0.415527 0.796143
vt 0.638672 0.692139
vt 0.659912 0.265625
vt 0.847900 0.936523
vt 0.939453 0.981934
vt 0.998535 0.031982
vt 0.845215 0.984619
vt 0.964355 0.321533
vt 0.964355 0.110352
vt 0.521973 0.183594
vt 0.812012 0.212158
vt 0.517822 0.195312
vt 0.812256 0.223145
vt 0.832520 0.154297
vt 0.085938 0.774414
vt 0.895020 0.350586
vt 0.943604 0.521484
vt 0.553467 0.924072
vt 0.943359 0.462646
vt 0.552246 0.924072
vt 0.785400 0.977051
vt 0.910400 0.966064
vt 0.941650 0.462891
vt 0.151611 0.043213
vt 0.489990 0.297363
vt 0.729492 0.439697
vt 0.930664 0.437012
vt 0.781738 0.977539
vt 0.891357 0.930420
vt 0.907471 0.966309
vt 0.186279 0.225098
vt 0.212402 0.218994
vt 0.644531 0.923828
vt 0.335938 0.906982
vt 0.791748 0.900391
vt 0.925537 0.823730
vt 0.978516 0.025879
vt 0.386719 0.916504
vt 0.934570 0.644043
vt 0.943604 0.261963
vt 0.056641 0.721436
vt 0.261963 0.776855
vt 0.873779 0.670898
vt 0.160400 0.962402
vt 0.951416 0.526855
vt 0.978516 0.270508
vt 0.624756 0.725098
vt 0.797607 0.336914
vt 0.951416 0.516846
vt 0.969727 0.270508
vt 0.229248 0.654541
vt 0.324707 0.083008
vt 0.429199 0.978516
vt 0.745117 0.875000
vt 0.918701 0.738037
vt 0.952881 0.511719
vt 0.964355 0.270508
vt 0.345459 0.872070
vt 0.382324 0.945801
vt 0.914795 0.532227
vt 0.187744 0.893799
vt 0.518555 0.978027
vt 0.679443 0.977783
vt 0.847168 0.846924
vt 0.978027 0.471924
vt 0.684814 0.976318
vt 0.857178 0.971680
vt 0.972900 0.470947
vt 0.219727 0.317627
vt 0.421387 0.820068
vt 0.490234 0.805420
vt 0.296143 0.966064
vt 0.507568 0.759277
vt 0.515137 0.916260
vt 0.932861 0.250977
vt 0.590088 0.786865
vt 0.981934 0.862549
vt 0.981934 0.777344
vt 0.076904 0.937256
vt 0.454590 0.966064
vt 0.573730 0.981934
vt 0.758301 0.977295
vt 0.861816 0.966064
vt 0.095703 0.928223
vt 0.220703 0.992188
vt 0.845703 0.966064
vt 0.853027 0.990479
vt 0.928467 0.977051
vt 0.653320 0.832275
vt 0.836914 0.018066
vt 0.844238 0.018799
vt 0.625000 0.062744
vt 0.714600 0.876953
vt 0.747070 0.281738
vt 0.418213 0.223633
vt 0.847412 0.958252
vt 0.978760 0.143555
vt 0.003662 0.451904
vt 0.649414 0.318115
vt 0.781250 0.222168
vt 0.804688 0.521484
vt 0.981934 0.021484
vt 0.988037 0.835938
vt 0.016113 0.705078
vt 0.793945 0.242432
vt 0.771240 0.681152
vt 0.856934 0.079590
vt 0.181641 0.894287
vt 0.740723 0.877441
vt 0.605713 0.848145
vt 0.989502 0.243896
vt 0.993408 0.059082
vt 0.027100 0.312988
vt 0.976318 0.044922
vt 0.982178 0.860107
vt 0.982422 0.780029
vt 0.580078 0.991455
vt 0.875244 0.954346
vt 0.950928 0.209229
vt 0.022217 0.300049
vt 0.297119 0.695312
vt 0.311279 0.686768
vt 0.555664 0.731689
vt 0.826416 0.064209
vt 0.964355 0.041260
vt 0.233643 0.482666
vt 0.297119 0.695312
vt 0.774902 0.060303
vt 0.133057 0.075684
vt 0.236328 0.897949
vt 0.526855 0.958008
vt 0.582764 0.954590
vt 0.583984 0.388184
vt 0.854980 0.944580
vt 0.864990 0.683838
vt 0.880371 0.938232
vt 0.944580 0.661377
vt 0.946045 0.817383
vt 0.949219 0.070068
vt 0.950928 0.192871
vt 0.956299 0.272461
vt 0.964355 0.197266
vt 0.964355 0.183838
vt 0.978271 0.587402
vt 0.978516 0.325195
vt 0.978760 0.300781
vt 0.979004 0.235596
vt 0.979004 0.083008
vt 0.979248 0.110352
vt 0.309082 0.658936
vt 0.851562 0.018311
vt 0.648193 0.831543
vt 0.853516 0.563477
vt 0.481201 0.900879
vt 0.847168 0.563477
vt 0.752197 0.799561
vt 0.839844 0.563477
vt 0.143066 0.050049
vt 0.485352 0.309082
vt 0.868408 0.521484
vt 0.025146 0.908936
vt 0.180908 0.240234
vt 0.238281 0.978027
vt 0.638916 0.936523
vt 0.862305 0.629150
vt 0.893555 0.487793
vt 0.940186 0.145508
vt 0.964355 0.635986
vt 0.825928 0.735107
vt 0.930908 0.271973
vt 0.936035 0.084229
vt 0.414062 0.213379
vt 0.785400 0.691895
vt 0.001465 0.446045
vt 0.948975 0.553955
vt 0.981934 0.835693
vt 0.154053 0.952881
vt 0.233398 0.966064
vt 0.281250 0.966064
vt 0.688232 0.792969
vt 0.906738 0.108154
vt 0.548584 0.081543
vt 0.555176 0.609863
vt 0.915527 0.882812
vt 0.921143 0.927490
vt 0.084229 0.966064
vt 0.510986 0.966064
vt 0.547363 0.610840
vt 0.914795 0.923340
vt 0.261719 0.984375
vt 0.379639 0.991699
vt 0.755615 0.986328
vt 0.981934 0.149902
vt 0.218018 0.307373
vt 0.424072 0.810303
vt 0.659912 0.281494
vt 0.607178 0.849609
vt 0.989990 0.241455
vt 0.993408 0.056396
vt 0.218750 0.297607
vt 0.665771 0.275146
vt 0.856934 0.941895
vt 0.885986 0.948975
vt 0.239502 0.498779
vt 0.229248 0.922852
vt 0.369873 0.934570
vt 0.682617 0.925537
vt 0.844482 0.713379
vt 0.927490 0.366211
vt 0.011230 0.606689
vt 0.035645 0.274170
vt 0.122803 0.642334
vt 0.718018 0.354980
vt 0.732422 0.638672
vt 0.371338 0.976074
vt 0.445801 0.991699
vt 0.581299 0.920166
vt 0.917480 0.834961
vt 0.979004 0.204590
vt 0.386230 0.103027
vt 0.454346 0.986816
vt 0.972412 0.212158
vt 0.414551 0.978027
vt 0.726562 0.104736
vt 0.930908 0.257568
vt 0.936279 0.097656
vt 0.978271 0.368896
vt 0.109619 0.813965
vt 0.857422 0.858643
vt 0.990234 0.122803
vt 0.765137 0.689697
vt 0.777588 0.225586
vt 0.945312 0.560303
vt 0.988037 0.831055
vt 0.414795 0.220703
vt 0.782471 0.698242
vt 0.851562 0.956299
vt 0.771973 0.692139
vt 0.850342 0.944092
vt 0.853760 0.090332
vt 0.483398 0.683105
vt 0.609863 0.716309
vt 0.907471 0.532227
vt 0.003662 0.679199
vt 0.906982 0.836182
vt 0.920166 0.209961
vt 0.931885 0.463623
vt 0.552246 0.939941
vt 0.656250 0.269287
vt 0.796143 0.001221
vt 0.145508 0.206299
vt 0.883789 0.323242
vt 0.146973 0.200928
vt 0.884277 0.317139
vt 0.244141 0.509033
vt 0.582520 0.861572
vt 0.510986 0.914551
vt 0.930908 0.247070
vt 0.504639 0.754639
vt 0.932861 0.245361
vt 0.936523 0.986816
vt 0.982910 0.848145
vt 0.993408 0.035645
vt 0.400391 0.662109
vt 0.981934 0.852051
vt 0.993408 0.031982
vt 0.308594 0.670410
vt 0.744385 0.797607
vt 0.832520 0.561035
vt 0.113770 0.153564
vt 0.328369 0.981934
vt 0.468506 0.830811
vt 0.811768 0.865967
vt 0.978271 0.595703
vt 0.005371 0.066895
vt 0.079834 0.042236
vt 0.688721 0.641357
vt 0.185547 0.309082
vt 0.616943 0.093750
vt 0.841797 0.859863
vt 0.903809 0.749023
vt 0.067871 0.706543
vt 0.277832 0.766357
vt 0.322998 0.874023
vt 0.561768 0.981934
vt 0.968506 0.275391
vt 0.981934 0.015137
vt 0.010010 0.690430
vt 0.791992 0.226562
vt 0.938232 0.476318
vt 0.202148 0.883789
vt 0.257568 0.981934
vt 0.379639 0.986328
vt 0.628174 0.944092
vt 0.557129 0.945801
vt 0.656738 0.261475
vt 0.839844 0.815430
vt 0.559082 0.950439
vt 0.841797 0.820068
vt 0.290527 0.701172
vt 0.512451 0.910889
vt 0.561035 0.956299
vt 0.843994 0.825684
vt 0.089844 0.662109
vt 0.150146 0.196533
vt 0.229248 0.249756
vt 0.885986 0.311523
vt 0.582275 0.797607
vt 0.609131 0.842041
vt 0.982422 0.244385
vt 0.989990 0.283447
vt 0.990723 0.087646
vt 0.176025 0.876953
vt 0.199463 0.741699
vt 0.313232 0.703613
vt 0.979492 0.041260
vt 0.981934 0.087646
vt 0.983398 0.280029
vt 0.987061 0.858887
vt 0.590088 0.792969
vt 0.981934 0.283447
vt 0.988037 0.862549
vt 0.516113 0.153320
vt 0.808350 0.507324
vt 0.899170 0.414062
vt 0.126221 0.682617
vt 0.218018 0.279785
vt 0.229248 0.910645
vt 0.356445 0.928955
vt 0.403564 0.649414
vt 0.856934 0.922852
vt 0.886475 0.930664
vt 0.581299 0.985840
vt 0.859863 0.974609
vt 0.945801 0.206787
vt 0.979248 0.182129
vt 0.513916 0.134277
vt 0.808838 0.375000
vt 0.818115 0.491699
vt 0.306152 0.681641
vt 0.560059 0.677734
vt 0.538330 0.113770
vt 0.599121 0.411377
vt 0.627930 0.003906
vt 0.745850 0.343750
vt 0.750488 0.069092
vt 0.068115 0.239990
vt 0.908936 0.194824
vt 0.997803 0.011719
vt 0.230469 0.195557
vt 0.769287 0.626709
vt 0.567627 0.919434
vt 0.224854 0.210449
vt 0.656738 0.915527
vt 0.770264 0.640625
vt 0.937500 0.883057
vt 0.478760 0.322754
vt 0.870605 0.966064
vt 0.881104 0.628906
vt 0.940186 0.164307
vt 0.323486 0.981934
vt 0.453369 0.801514
vt 0.463623 0.273682
vt 0.864258 0.824463
vt 0.870117 0.828125
vt 0.870117 0.121094
vt 0.881348 0.433838
vt 0.032471 0.272461
vt 0.377686 0.111084
vt 0.239746 0.928711
vt 0.440430 0.820801
vt 0.088379 0.314209
vt 0.483643 0.192139
vt 0.530029 0.150146
vt 0.750732 0.865723
vt 0.754150 0.205078
vt 0.813721 0.177490
vt 0.018066 0.829834
vt 0.064209 0.639404
vt 0.128906 0.066406
vt 0.487061 0.693604
vt 0.609863 0.727051
vt 0.077881 0.966553
vt 0.332275 0.169922
vt 0.912842 0.917480
vt 0.978516 0.443848
vt 0.989502 0.463623
vt 0.090820 0.667969
vt 0.228760 0.243408
vt 0.223633 0.223145
vt 0.350830 0.976318
vt 0.424561 0.948975
vt 0.239990 0.773926
vt 0.338135 0.966064
vt 0.427246 0.931641
vt 0.611572 0.859619
vt 0.755615 0.298340
vt 0.172607 0.882812
vt 0.363770 0.122803
vt 0.610840 0.842529
vt 0.751465 0.283203
vt 0.981934 0.241455
vt 0.989258 0.085205
vt 0.225342 0.922607
vt 0.924805 0.363525
vt 0.516113 0.164551
vt 0.896729 0.425049
vt 0.733887 0.796143
vt 0.582764 0.938965
vt 0.847900 0.974609
vt 0.853027 0.981934
vt 0.964355 0.329590
vt 0.404785 0.254395
vt 0.913086 0.193848
vt 0.998535 0.015625
vt 0.072021 0.240234
vt 0.084473 0.747803
vt 0.993896 0.011963
vt 0.486816 0.279053
vt 0.779297 0.625732
vt 0.429688 0.991943
vt 0.509033 0.981934
vt 0.568848 0.918213
vt 0.982178 0.033691
vt 0.560303 0.917480
vt 0.424805 0.991943
vt 0.907959 0.936035
vt 0.981934 0.037842
vt 0.480957 0.294189
vt 0.776367 0.639648
vt 0.943604 0.883301
vt 0.078857 0.777588
vt 0.440186 0.516113
vt 0.534180 0.106445
vt 0.993408 0.070068
vt 0.529541 0.104736
vt 0.894531 0.337402
vt 0.998535 0.070068
vt 0.452881 0.882324
vt 0.854248 0.757812
vt 0.929199 0.643311
vt 0.247314 0.645508
vt 0.491211 0.708984
vt 0.860596 0.594971
vt 0.876953 0.468994
vt 0.229248 0.552002
vt 0.290283 0.069336
vt 0.478516 0.653076
vt 0.796143 0.177490
vt 0.559326 0.423584
vt 0.704590 0.876953
vt 0.736572 0.281738
vt 0.775879 0.802979
vt 0.037354 0.703613
vt 0.165039 0.956055
vt 0.976807 0.277832
vt 0.182129 0.887695
vt 0.329102 0.166992
vt 0.385254 0.991699
vt 0.758789 0.981934
vt 0.986084 0.466797
vt 0.338135 0.978516
vt 0.351318 0.970703
vt 0.427246 0.944092
vt 0.510254 0.925049
vt 0.751465 0.316406
vt 0.923828 0.494141
vt 0.924805 0.256104
vt 0.945312 0.707031
vt 0.965332 0.554932
vt 0.222412 0.930908
vt 0.915527 0.153564
vt 0.917725 0.369873
vt 0.176758 0.888672
vt 0.200928 0.753418
vt 0.503418 0.740479
vt 0.631348 0.688721
vt 0.939453 0.990723
vt 0.983643 0.079590
vt 0.988037 0.848145
vt 0.769043 0.973389
vt 0.861816 0.977539
vt 0.952637 0.084717
vt 0.979248 0.185303
vt 0.425049 0.824707
vt 0.905762 0.384766
vt 0.964355 0.383789
vt 0.114990 0.664795
vt 0.724121 0.796387
vt 0.257568 0.133545
vt 0.817627 0.177979
vt 0.085205 0.744141
vt 0.409668 0.253662
vt 0.993408 0.015625
vt 0.509033 0.991699
vt 0.559326 0.916016
vt 0.785645 0.966553
vt 0.945557 0.454346
vt 0.505859 0.991211
vt 0.781738 0.966064
vt 0.899658 0.938232
vt 0.990723 0.037842
vt 0.086670 0.752930
vt 0.440186 0.494141
vt 0.888916 0.456299
vt 0.947266 0.151367
vt 0.971191 0.642090
vt 0.007812 0.855469
vt 0.009033 0.071777
vt 0.038574 0.628906
vt 0.196777 0.713623
vt 0.001465 0.074463
vt 0.083008 0.050293
vt 0.197266 0.344971
vt 0.553223 0.433105
vt 0.739746 0.575195
vt 0.769531 0.813721
vt 0.545166 0.109619
vt 0.750488 0.002441
vt 0.784912 0.885986
vt 0.003662 0.399414
vt 0.164062 0.280273
vt 0.627930 0.137939
vt 0.620850 0.092773
vt 0.621094 0.745850
vt 0.001221 0.978271
vt 0.625977 0.101074
vt 0.631592 0.746826
vt 0.797607 0.359375
vt 0.849854 0.850098
vt 0.982178 0.130859
vt 0.147217 0.226562
vt 0.247070 0.925537
vt 0.810547 0.425293
vt 0.811768 0.327881
vt 0.885986 0.344727
vt 0.036133 0.287598
vt 0.091309 0.683838
vt 0.177246 0.899414
vt 0.227051 0.227295
vt 0.872314 0.028076
vt 0.950928 0.213135
vt 0.530518 0.050293
vt 0.543457 0.763184
vt 0.500732 0.747559
vt 0.930908 0.238037
vt 0.990723 0.082764
vt 0.534180 0.045898
vt 0.546631 0.758789
vt 0.692871 0.514648
vt 0.908691 0.500244
vt 0.927490 0.239746
vt 0.394531 0.663330
vt 0.543213 0.751953
vt 0.924805 0.233643
vt 0.981934 0.082764
vt 0.987793 0.852051
vt 0.116211 0.669678
vt 0.428711 0.809326
vt 0.795898 0.644043
vt 0.896973 0.372803
vt 0.210693 0.986816
vt 0.579834 0.940430
vt 0.845703 0.977539
vt 0.966553 0.297119
vt 0.504639 0.215088
vt 0.833496 0.178223
vt 0.078857 0.750977
vt 0.534180 0.082520
vt 0.875977 0.971436
vt 0.896729 0.311768
vt 0.947021 0.160156
vt 0.473633 0.831543
vt 0.429932 0.880371
vt 0.876953 0.755615
vt 0.929199 0.665771
vt 0.232178 0.926025
vt 0.290527 0.929199
vt 0.447266 0.816650
vt 0.860596 0.731445
vt 0.226562 0.643555
vt 0.791504 0.813721
vt 0.828125 0.726807
vt 0.943604 0.079590
vt 0.060791 0.703857
vt 0.319092 0.866455
vt 0.225586 0.663818
vt 0.557373 0.985840
vt 0.964844 0.280029
vt 0.671875 0.774902
vt 0.925537 0.877930
vt 0.003906 0.671875
vt 0.908691 0.338623
vt 0.913086 0.840820
vt 0.934570 0.374512
vt 0.510254 0.936523
vt 0.685059 0.966064
vt 0.850586 0.977295
vt 0.973877 0.949707
vt 0.978027 0.555908
vt 0.258057 0.906494
vt 0.425049 0.837402
vt 0.976562 0.379395
vt 0.086426 0.943604
vt 0.632080 0.143799
vt 0.758301 0.966064
vt 0.095703 0.939209
vt 0.220703 0.981934
vt 0.223145 0.981934
vt 0.320801 0.981934
vt 0.637451 0.134766
vt 0.990479 0.171631
vt 0.250732 0.154785
vt 0.768311 0.584961
vt 0.818848 0.197998
vt 0.855469 0.167725
vt 0.890869 0.336914
vt 0.997070 0.066406
vt 0.443848 0.515625
vt 0.851807 0.167725
vt 0.895020 0.481689
vt 0.993408 0.066406
vt 0.051025 0.435547
vt 0.002930 0.593262
vt 0.066650 0.389404
vt 0.098877 0.660400
vt 0.107422 0.001709
vt 0.028809 0.406006
vt 0.517822 0.732422
vt 0.718506 0.106445
vt 0.812012 0.813721
vt 0.943604 0.099121
vt 0.008545 0.979004
vt 0.111084 0.805664
vt 0.936035 0.691162
vt 0.981934 0.122803
vt 0.335938 0.864746
vt 0.914795 0.544922
vt 0.190674 0.880859
vt 0.987549 0.912354
vt 0.918701 0.874756
vt 0.924561 0.919434
vt 0.006348 0.669189
vt 0.938232 0.455566
vt 0.440918 0.978516
vt 0.679443 0.966309
vt 0.858154 0.843994
vt 0.977539 0.953613
vt 0.807373 0.521240
vt 0.901367 0.427979
vt 0.814209 0.510254
vt 0.905762 0.415283
vt 0.214600 0.730713
vt 0.306885 0.697021
vt 0.321045 0.686768
vt 0.561523 0.695557
vt 0.306885 0.697021
vt 0.768799 0.067871
vt 0.817627 0.623779
vt 0.632080 0.155273
vt 0.768799 0.969482
vt 0.948975 0.677246
vt 0.949219 0.086670
vt 0.496582 0.235840
vt 0.782959 0.584961
vt 0.833496 0.198486
vt 0.047607 0.433838
vt 0.646484 0.176025
vt 0.652588 0.176025
vt 0.653809 0.176025
vt 0.896240 0.643066
vt 0.327881 0.992188
vt 0.472656 0.839355
vt 0.106445 0.158691
vt 0.442383 0.616943
vt 0.472656 0.839355
vt 0.934570 0.291748
vt 0.431396 0.554688
vt 0.674805 0.176025
vt 0.029297 0.266113
vt 0.086914 0.979004
vt 0.382080 0.978271
vt 0.385254 0.113770
vt 0.445801 0.981934
vt 0.810059 0.435547
vt 0.811279 0.338135
vt 0.180420 0.883057
vt 0.745117 0.887695
vt 0.772217 0.991211
vt 0.925537 0.727295
vt 0.388428 0.987305
vt 0.972412 0.448975
vt 0.981934 0.463623
vt 0.981934 0.200439
vt 0.006348 0.664307
vt 0.076172 0.668701
vt 0.002686 0.664307
vt 0.075684 0.665039
vt 0.158691 0.207520
vt 0.930176 0.368164
vt 0.508057 0.147949
vt 0.810791 0.390381
vt 0.140625 0.062500
vt 0.211670 0.982422
vt 0.964355 0.300781
vt 0.981934 0.171631
vt 0.001709 0.617432
vt 0.173340 0.742188
vt 0.205078 0.360840
vt 0.552979 0.730957
vt 0.707520 0.364502
vt 0.444580 0.827881
vt 0.014404 0.086670
vt 0.018066 0.867920
vt 0.028809 0.002441
vt 0.119141 0.102051
vt 0.126465 0.813965
vt 0.758789 0.932861
vt 0.812988 0.701172
vt 0.936035 0.707275
vt 0.007324 0.974854
vt 0.800781 0.365723
vt 0.938965 0.688477
vt 0.964355 0.883545
vt 0.166016 0.948730
vt 0.281250 0.978760
vt 0.971924 0.283936
vt 0.990723 0.015137
vt 0.229248 0.669922
vt 0.284424 0.977051
vt 0.561768 0.991455
vt 0.909424 0.098389
vt 0.989746 0.018799
vt 0.158691 0.229248
vt 0.472656 0.685547
vt 0.823242 0.424805
vt 0.918457 0.351807
vt 0.930176 0.389648
vt 0.185059 0.879883
vt 0.775146 0.986328
vt 0.987549 0.917725
vt 0.324707 0.067139
vt 0.377197 0.954590
vt 0.918701 0.722168
vt 0.977783 0.830566
vt 0.977783 0.744629
vt 0.916748 0.911377
vt 0.989990 0.288330
vt 0.534180 0.066650
vt 0.541992 0.781006
vt 0.687500 0.535400
vt 0.172607 0.905762
vt 0.201660 0.771729
vt 0.368408 0.145996
vt 0.230713 0.780518
vt 0.438477 0.930664
vt 0.954590 0.713623
vt 0.964355 0.566162
vt 0.249268 0.495850
vt 0.303711 0.712891
vt 0.899902 0.387451
vt 0.079834 0.108154
vt 0.559326 0.489014
vt 0.701904 0.704834
vt 0.736572 0.350098
vt 0.738037 0.276855
vt 0.759521 0.075684
vt 0.037598 0.687012
vt 0.220703 0.666748
vt 0.318848 0.069336
vt 0.373535 0.958008
vt 0.345215 0.858643
vt 0.903809 0.542725
vt 0.346436 0.857910
vt 0.754883 0.634521
vt 0.757812 0.349609
vt 0.902832 0.542236
vt 0.988525 0.640381
vt 0.201416 0.873535
vt 0.388428 0.981934
vt 0.981934 0.613770
vt 0.986328 0.197998
vt 0.645264 0.269287
vt 0.806396 0.473877
vt 0.945557 0.198242
vt 0.729004 0.002686
vt 0.831055 0.872314
vt 0.854736 0.705322
vt 0.090820 0.715820
vt 0.860107 0.839355
vt 0.092041 0.699463
vt 0.229248 0.210449
vt 0.436523 0.968506
vt 0.438477 0.948975
vt 0.865967 0.854004
vt 0.954590 0.228027
vt 0.438477 0.944092
vt 0.440918 0.966064
vt 0.964355 0.953613
vt 0.978027 0.566162
vt 0.239990 0.790283
vt 0.767578 0.310059
vt 0.945312 0.723633
vt 0.252686 0.908203
vt 0.905762 0.399170
vt 0.978516 0.383789
vt 0.117920 0.685059
vt 0.394531 0.645508
vt 0.529297 0.740967
vt 0.220215 0.906006
vt 0.358154 0.920898
vt 0.964355 0.752930
vt 0.236328 0.914795
vt 0.636230 0.153809
vt 0.944580 0.678467
vt 0.233154 0.912842
vt 0.637451 0.150391
vt 0.950928 0.832031
vt 0.137451 0.060791
vt 0.227295 0.989502
vt 0.983643 0.168457
vt 0.250000 0.966064
vt 0.656738 0.933594
vt 0.847168 0.127930
vt 0.933838 0.902100
vt 0.250000 0.978516
vt 0.847168 0.138428
vt 0.895020 0.450439
vt 0.978027 0.635986
vt 0.217529 0.460693
vt 0.155273 0.637939
vt 0.368652 0.966064
vt 0.412842 0.736572
vt 0.562256 0.557617
vt 0.198242 0.369629
vt 0.501709 0.154297
vt 0.736084 0.599121
vt 0.791504 0.491943
vt 0.815430 0.114014
vt 0.490234 0.715088
vt 0.889160 0.748291
vt 0.064697 0.687988
vt 0.331055 0.857666
vt 0.645996 0.260742
vt 0.937744 0.196289
vt 0.087646 0.739746
vt 0.647461 0.254883
vt 0.655029 0.410889
vt 0.852295 0.817139
vt 0.931885 0.195068
vt 0.539795 0.793945
vt 0.684082 0.546875
vt 0.729492 0.445557
vt 0.798828 0.592041
vt 0.203613 0.784912
vt 0.373047 0.158936
vt 0.525879 0.619385
vt 0.881104 0.039062
vt 0.027832 0.303223
vt 0.088379 0.699951
vt 0.774902 0.312256
vt 0.835449 0.887695
vt 0.950928 0.229248
vt 0.667480 0.029541
vt 0.854980 0.689209
vt 0.886963 0.037842
vt 0.088379 0.699951
vt 0.210938 0.754150
vt 0.562012 0.719238
vt 0.810791 0.525146
vt 0.904541 0.431396
vt 0.216064 0.918701
vt 0.917725 0.356689
vt 0.434082 0.825928
vt 0.792969 0.661133
vt 0.317383 0.990479
vt 0.526855 0.942871
vt 0.642334 0.142822
vt 0.977783 0.201904
vt 0.133057 0.060547
vt 0.223145 0.992432
vt 0.320801 0.992188
vt 0.530518 0.943848
vt 0.323730 0.658691
vt 0.457764 0.270264
vt 0.845703 0.002930
vt 0.445557 0.271729
vt 0.646729 0.816895
vt 0.833252 0.001709
vt 0.853516 0.548828
vt 0.182861 0.756104
vt 0.537598 0.736084
vt 0.469238 0.307861
vt 0.856934 0.127441
vt 0.943604 0.902100
vt 0.466553 0.319824
vt 0.856934 0.138184
vt 0.870605 0.977295
vt 0.890869 0.305908
vt 0.002686 0.053955
vt 0.084229 0.244873
vt 0.371582 0.654053
vt 0.858887 0.633789
vt 0.452881 0.620117
vt 0.817383 0.884277
vt 0.926025 0.298828
vt 0.392822 0.737305
vt 0.568359 0.575928
vt 0.869873 0.748535
vt 0.921387 0.659424
vt 0.239990 0.945557
vt 0.441895 0.837158
vt 0.186523 0.349854
vt 0.498779 0.283447
vt 0.800781 0.097168
vt 0.688232 0.775391
vt 0.195068 0.872559
vt 0.707520 0.986084
vt 0.988525 0.613770
vt 0.025146 0.666504
vt 0.071533 0.687744
vt 0.735107 0.461426
vt 0.797607 0.608887
vt 0.088135 0.732178
vt 0.856445 0.823486
vt 0.690430 0.537842
vt 0.713379 0.009277
vt 0.758789 0.341064
vt 0.835449 0.854492
vt 0.923828 0.519531
vt 0.027832 0.272217
vt 0.191162 0.911621
vt 0.365967 0.149170
vt 0.777588 0.281250
vt 0.256104 0.505371
vt 0.303711 0.723633
vt 0.582764 0.847656
vt 0.788574 0.088135
vt 0.874268 0.941895
vt 0.124756 0.706299
vt 0.533203 0.762695
vt 0.163086 0.222656
vt 0.504395 0.162109
vt 0.813721 0.405029
vt 0.944092 0.568359
vt 0.807129 0.394531
vt 0.821045 0.510254
vt 0.641846 0.147949
vt 0.946045 0.833496
vt 0.979004 0.197266
vt 0.433350 0.269287
vt 0.748047 0.784424
vt 0.841064 0.547607
vt 0.088379 0.393311
vt 0.473633 0.264160
vt 0.501709 0.212402
vt 0.791504 0.541260
vt 0.002441 0.045898
vt 0.009033 0.137207
vt 0.196777 0.773926
vt 0.221680 0.458984
vt 0.473877 0.487549
vt 0.085938 0.246094
vt 0.467773 0.487549
vt 0.201660 0.992432
vt 0.362793 0.973389
vt 0.420166 0.741943
vt 0.068115 0.149658
vt 0.252930 0.570068
vt 0.692871 0.002197
vt 0.443359 0.276611
vt 0.472656 0.795166
vt 0.374512 0.927490
vt 0.424072 0.932861
vt 0.930908 0.546631
vt 0.009033 0.941895
vt 0.562500 0.579346
vt 0.086914 0.966064
vt 0.335938 0.930908
vt 0.382080 0.966064
vt 0.561768 0.673096
vt 0.925537 0.847900
vt 0.941895 0.360840
vt 0.953125 0.990479
vt 0.001221 0.966064
vt 0.809082 0.359619
vt 0.184814 0.875000
vt 0.772217 0.981934
vt 0.922607 0.718506
vt 0.981934 0.917725
vt 0.761963 0.634521
vt 0.777588 0.172119
vt 0.794189 0.473877
vt 0.938232 0.209961
vt 0.988525 0.634277
vt 0.916260 0.905273
vt 0.983154 0.896973
vt 0.984131 0.286133
vt 0.671875 0.764893
vt 0.924072 0.868652
vt 0.925537 0.911133
vt 0.037598 0.666016
vt 0.072266 0.699707
vt 0.535889 0.633301
vt 0.553467 0.055908
vt 0.881592 0.056641
vt 0.167725 0.236084
vt 0.504883 0.176758
vt 0.900391 0.440674
vt 0.323486 0.669189
vt 0.466309 0.263672
vt 0.005371 0.144287
vt 0.071289 0.386719
vt 0.688721 0.714600
vt 0.739746 0.638672
vt 0.754150 0.277832
vt 0.802979 0.527588
vt 0.480957 0.838623
vt 0.904053 0.647461
vt 0.002197 0.934814
vt 0.155273 0.653076
vt 0.378906 0.921631
vt 0.420654 0.926025
vt 0.557861 0.571289
vt 0.909424 0.941895
vt 0.978760 0.172119
vt 0.419434 0.580811
vt 0.434326 0.015625
vt 0.564697 0.516113
vt 0.061523 0.653564
vt 0.094482 0.038574
vt 0.760010 0.922119
vt 0.943604 0.700195
vt 0.977539 0.883545
vt 0.486084 0.717285
vt 0.609863 0.750488
vt 0.625977 0.080811
vt 0.888184 0.744141
vt 0.757080 0.911377
vt 0.805908 0.369629
vt 0.968018 0.878418
vt 0.472900 0.697754
vt 0.823975 0.437256
vt 0.376465 0.945801
vt 0.894043 0.990479
vt 0.912842 0.901611
vt 0.969727 0.833252
vt 0.987793 0.894287
vt 0.704102 0.981934
vt 0.916016 0.903320
vt 0.964355 0.830566
vt 0.964355 0.744629
vt 0.964355 0.443848
vt 0.981934 0.894287
vt 0.981934 0.288330
vt 0.984863 0.617920
vt 0.990479 0.200439
vt 0.678955 0.566650
vt 0.802979 0.610840
vt 0.379395 0.176758
vt 0.877686 0.057861
vt 0.107178 0.294189
vt 0.210693 0.771973
vt 0.560059 0.736572
vt 0.210449 0.927246
vt 0.645264 0.890869
vt 0.696533 0.912598
vt 0.833008 0.727051
vt 0.856934 0.915283
vt 0.916504 0.166016
vt 0.941406 0.542969
vt 0.978516 0.345459
vt 0.815918 0.523926
vt 0.965332 0.436523
vt 0.250000 0.912354
vt 0.902100 0.402344
vt 0.909424 0.325684
vt 0.799072 0.659424
vt 0.893066 0.387451
vt 0.899414 0.312256
vt 0.350098 0.923828
vt 0.813965 0.900391
vt 0.921387 0.313965
vt 0.931152 0.349854
vt 0.468506 0.869629
vt 0.032471 0.256592
vt 0.093018 0.970703
vt 0.960449 0.988037
vt 0.245117 0.873047
vt 0.508789 0.702393
vt 0.859619 0.613770
vt 0.222412 0.674805
vt 0.365723 0.956787
vt 0.698242 0.777100
vt 0.906738 0.091797
vt 0.072266 0.671875
vt 0.345703 0.851318
vt 0.655029 0.431152
vt 0.931885 0.214600
vt 0.981934 0.638428
vt 0.188965 0.870850
vt 0.704102 0.991211
vt 0.919434 0.713623
vt 0.971924 0.739502
vt 0.051270 0.666260
vt 0.071533 0.713379
vt 0.332031 0.913086
vt 0.631104 0.044922
vt 0.723877 0.026123
vt 0.862549 0.727051
vt 0.115479 0.099854
vt 0.130127 0.722900
vt 0.533447 0.780029
vt 0.258057 0.922852
vt 0.435547 0.849854
vt 0.869141 0.838379
vt 0.312012 0.711426
vt 0.415039 0.858154
vt 0.816895 0.638672
vt 0.966553 0.692139
vt 0.436523 0.834961
vt 0.741211 0.477783
vt 0.792969 0.671387
vt 0.876953 0.827881
vt 0.425781 0.262451
vt 0.738281 0.781738
vt 0.052002 0.375000
vt 0.300537 0.045898
vt 0.736084 0.476318
vt 0.797363 0.625000
vt 0.177246 0.925537
vt 0.706543 0.035156
vt 0.764404 0.106201
vt 0.838135 0.085205
vt 0.872314 0.002441
vt 0.989258 0.451416
vt 0.897949 0.400391
vt 0.905518 0.323242
vt 0.019287 0.042236
vt 0.483643 0.272461
vt 0.495361 0.223633
vt 0.519531 0.370850
vt 0.476318 0.857910
vt 0.561768 0.652832
vt 0.896240 0.663086
vt 0.934570 0.312012
vt 0.941895 0.341309
vt 0.438477 0.029053
vt 0.680176 0.242920
vt 0.245361 0.014160
vt 0.574951 0.520264
vt 0.045898 0.592041
vt 0.108154 0.043945
vt 0.461914 0.465820
vt 0.001221 0.360352
vt 0.164062 0.314941
vt 0.315430 0.066162
vt 0.604736 0.175781
vt 0.677246 0.580566
vt 0.802734 0.625488
vt 0.552246 0.070068
vt 0.775146 0.398926
vt 0.882324 0.072266
vt 0.069824 0.664307
vt 0.073242 0.731445
vt 0.648682 0.426025
vt 0.163086 0.239990
vt 0.812012 0.536621
vt 0.905762 0.443848
vt 0.950928 0.584717
vt 0.209961 0.914062
vt 0.676025 0.983643
vt 0.964355 0.343994
vt 0.977783 0.750488
vt 0.807129 0.406738
vt 0.821045 0.521973
vt 0.964355 0.430908
vt 0.324707 0.681641
vt 0.471924 0.252441
vt 0.578857 0.679199
vt 0.487549 0.186035
vt 0.513184 0.332764
vt 0.800781 0.144287
vt 0.234619 0.564209
vt 0.673584 0.005127
vt 0.141846 0.641113
vt 0.193604 0.992432
vt 0.368652 0.978516
vt 0.374512 0.903809
vt 0.519531 0.953613
vt 0.700684 0.147949
vt 0.880371 0.396729
vt 0.930908 0.524170
vt 0.261230 0.568359
vt 0.319336 0.914062
vt 0.380615 0.746338
vt 0.565918 0.591064
vt 0.930420 0.494385
vt 0.411377 0.603760
vt 0.439697 0.039795
vt 0.691162 0.243652
vt 0.773682 0.932861
vt 0.793213 0.787598
vt 0.827637 0.701172
vt 0.365723 0.949219
vt 0.694336 0.770752
vt 0.382080 0.190674
vt 0.771240 0.402344
vt 0.877686 0.073975
vt 0.153320 0.662354
vt 0.718262 0.029541
vt 0.107666 0.110840
vt 0.133789 0.736084
vt 0.151123 0.654785
vt 0.691895 0.551270
vt 0.715576 0.022705
vt 0.111572 0.111816
vt 0.529297 0.791992
vt 0.721436 0.450195
vt 0.110840 0.307129
vt 0.214600 0.784668
vt 0.535889 0.616211
vt 0.566650 0.044922
vt 0.145264 0.597168
vt 0.769043 0.084473
vt 0.822754 0.638672
vt 0.964355 0.687256
vt 0.047607 0.049561
vt 0.330322 0.647949
vt 0.489990 0.730957
vt 0.808838 0.786133
vt 0.679932 0.760742
vt 0.888184 0.981934
vt 0.924316 0.901611
vt 0.179443 0.647949
vt 0.770508 0.108887
vt 0.989258 0.444824
vt 0.115479 0.306641
vt 0.181885 0.640381
vt 0.185791 0.925537
vt 0.364746 0.164062
vt 0.561279 0.750488
vt 0.981934 0.446045
vt 0.799316 0.671143
vt 0.899902 0.322754
vt 0.485352 0.846680
vt 0.833252 0.593018
vt 0.866699 0.442139
vt 0.913086 0.396973
vt 0.570068 0.670898
vt 0.953125 0.981934
vt 0.540283 0.252441
vt 0.577148 0.327637
vt 0.246338 0.001221
vt 0.332520 0.642334
vt 0.332520 0.615234
vt 0.463135 0.459473
vt 0.699219 0.977783
vt 0.906738 0.057129
vt 0.981934 0.226807
vt 0.981934 0.193848
vt 0.369873 0.941162
vt 0.687988 0.763916
vt 0.886475 0.990479
vt 0.108887 0.126465
vt 0.687744 0.566406
vt 0.112061 0.126465
vt 0.725586 0.464600
vt 0.815674 0.537598
vt 0.947510 0.586426
vt 0.978516 0.436523
vt 0.253174 0.926758
vt 0.873779 0.842285
vt 0.315186 0.720459
vt 0.411377 0.867920
vt 0.090332 0.001221
vt 0.369873 0.912598
vt 0.670166 0.981934
vt 0.682617 0.899658
vt 0.935059 0.524414
vt 0.977783 0.756836
vt 0.577637 0.696777
vt 0.096191 0.673340
vt 0.420654 0.250977
vt 0.726807 0.777344
vt 0.447021 0.259521
vt 0.019531 0.645508
vt 0.129883 0.110840
vt 0.134033 0.786621
vt 0.860596 0.083496
vt 0.461914 0.559326
vt 0.595459 0.750977
vt 0.482666 0.856934
vt 0.902588 0.662109
vt 0.482666 0.856934
vt 0.902588 0.662109
vt 0.093262 0.227295
vt 0.254395 0.876953
vt 0.860596 0.625244
vt 0.014160 0.992920
vt 0.788330 0.977051
vt 0.904297 0.064941
vt 0.990479 0.195312
vt 0.300781 0.817383
vt 0.697754 0.981934
vt 0.699219 0.966064
vt 0.907471 0.045654
vt 0.765625 0.911133
vt 0.810059 0.470947
vt 0.812988 0.373535
vt 0.813477 0.457275
vt 0.819092 0.359131
vt 0.735596 0.490479
vt 0.799072 0.639404
vt 0.916992 0.570557
vt 0.114990 0.321777
vt 0.370361 0.178467
vt 0.110840 0.321289
vt 0.563477 0.058838
vt 0.196045 0.981934
vt 0.427734 0.750977
vt 0.705566 0.137939
vt 0.002197 0.952637
vt 0.557861 0.591797
vt 0.714600 0.917236
vt 0.898682 0.958008
vt 0.930908 0.485596
vt 0.015625 0.988037
vt 0.788330 0.972168
vt 0.773193 0.922607
vt 0.795166 0.776611
vt 0.481934 0.730469
vt 0.807373 0.778320
vt 0.474609 0.718750
vt 0.826416 0.458252
vt 0.677979 0.594727
vt 0.802979 0.640625
vt 0.920166 0.572266
vt 0.323486 0.930176
vt 0.728027 0.049316
vt 0.808594 0.013672
vt 0.685791 0.041260
vt 0.889404 0.016357
vt 0.651855 0.045654
vt 0.869629 0.705566
vt 0.314453 0.731201
vt 0.785400 0.100586
vt 0.808594 0.422119
vt 0.944092 0.586426
vt 0.978027 0.432861
vt 0.845947 0.916748
vt 0.970215 0.351807
vt 0.576416 0.720215
vt 0.094971 0.599121
vt 0.461914 0.515625
vt 0.570068 0.132080
vt 0.604492 0.707031
vt 0.187988 0.404053
vt 0.342773 0.119629
vt 0.501953 0.338867
vt 0.700684 0.136719
vt 0.871582 0.403809
vt 0.181885 0.854980
vt 0.424072 0.910889
vt 0.508057 0.954590
vt 0.514648 0.108154
vt 0.919922 0.527832
vt 0.972168 0.158203
vt 0.070312 0.161621
vt 0.256104 0.557861
vt 0.221680 0.945557
vt 0.403076 0.954590
vt 0.459961 0.834961
vt 0.854492 0.797119
vt 0.855713 0.750488
vt 0.881348 0.467285
vt 0.298828 0.240479
vt 0.565918 0.331543
vt 0.037598 0.364258
vt 0.314453 0.057129
vt 0.013916 0.987549
vt 0.892822 0.971680
vt 0.978027 0.723633
vt 0.011963 0.992188
vt 0.973389 0.722168
vt 0.990234 0.226807
vt 0.990479 0.192627
vt 0.001709 0.031738
vt 0.697754 0.991211
vt 0.702881 0.976074
vt 0.965576 0.723633
vt 0.982910 0.222656
vt 0.295898 0.809326
vt 0.864258 0.577393
vt 0.906982 0.036377
vt 0.701904 0.715576
vt 0.762939 0.129150
vt 0.846191 0.107666
vt 0.553223 0.084717
vt 0.777588 0.413330
vt 0.111084 0.140625
vt 0.632568 0.967285
vt 0.685547 0.580566
vt 0.964355 0.670166
vt 0.115479 0.139160
vt 0.637451 0.966064
vt 0.726807 0.476807
vt 0.668945 0.044189
vt 0.869629 0.688232
vt 0.250488 0.929199
vt 0.741211 0.494385
vt 0.876953 0.844482
vt 0.903564 0.341064
vt 0.109863 0.711670
vt 0.144775 0.610840
vt 0.415039 0.870605
vt 0.978027 0.687256
vt 0.100830 0.690186
vt 0.419678 0.234375
vt 0.508789 0.379395
vt 0.547119 0.173340
vt 0.604492 0.761475
vt 0.572021 0.657471
vt 0.901123 0.673096
vt 0.185791 0.868652
vt 0.699707 0.911865
vt 0.895264 0.941895
vt 0.964355 0.172119
vt 0.526367 0.248047
vt 0.706787 0.655273
vt 0.173096 0.353760
vt 0.323730 0.107910
vt 0.327637 0.072998
vt 0.017334 0.358887
vt 0.590820 0.418457
vt 0.424072 0.940430
vt 0.696533 0.966064
vt 0.945312 0.540039
vt 0.974854 0.783203
vt 0.790771 0.971436
vt 0.891602 0.971436
vt 0.791992 0.977539
vt 0.890381 0.977539
vt 0.900635 0.063721
vt 0.973145 0.720215
vt 0.907471 0.086670
vt 0.941895 0.488770
vt 0.004395 0.032471
vt 0.902100 0.054688
vt 0.964355 0.720947
vt 0.003662 0.023926
vt 0.304932 0.814209
vt 0.701660 0.984375
vt 0.382568 0.205078
vt 0.774170 0.416992
vt 0.108643 0.334717
vt 0.561035 0.071777
vt 0.645508 0.903809
vt 0.849854 0.926025
vt 0.028809 0.046875
vt 0.119141 0.144287
vt 0.852051 0.117676
vt 0.431152 0.757080
vt 0.701904 0.132324
vt 0.867432 0.405762
vt 0.403076 0.937012
vt 0.454590 0.299316
vt 0.472656 0.820801
vt 0.072510 0.043701
vt 0.515381 0.246582
vt 0.695801 0.656738
vt 0.418457 0.947266
vt 0.688232 0.966797
vt 0.920166 0.948975
vt 0.150879 0.981934
vt 0.364502 0.936523
vt 0.603516 0.981934
vt 0.151855 0.001709
vt 0.586914 0.934570
vt 0.611572 0.943604
vt 0.808350 0.732422
vt 0.863037 0.427734
vt 0.950928 0.533936
vt 0.977539 0.776367
vt 0.145996 0.992676
vt 0.654297 0.966064
vt 0.910645 0.093750
vt 0.939453 0.496094
vt 0.189209 0.801270
vt 0.906006 0.075195
vt 0.941895 0.477051
vt 0.293213 0.798828
vt 0.864258 0.566895
vt 0.472656 0.727539
vt 0.807617 0.768555
vt 0.823730 0.467529
vt 0.773926 0.909424
vt 0.802246 0.765869
vt 0.817871 0.469971
vt 0.150635 0.684814
vt 0.721191 0.052002
vt 0.112061 0.336670
vt 0.372803 0.191650
vt 0.118408 0.729492
vt 0.138916 0.643311
vt 0.414795 0.196533
vt 0.193359 0.628418
vt 0.475098 0.196045
vt 0.573975 0.739746
vt 0.745117 0.493164
vt 0.794922 0.687500
vt 0.899414 0.339844
vt 0.151611 0.605957
vt 0.769043 0.094971
vt 0.088867 0.010986
vt 0.670166 0.991211
vt 0.839844 0.915283
vt 0.964355 0.353027
vt 0.316895 0.923584
vt 0.923340 0.487305
vt 0.947021 0.501465
vt 0.051758 0.578125
vt 0.072754 0.338379
vt 0.362793 0.943848
vt 0.599609 0.988281
vt 0.987061 0.251465
vt 0.144775 0.987061
vt 0.654297 0.972412
vt 0.011963 0.981934
vt 0.791992 0.966064
vt 0.890381 0.966064
vt 0.007324 0.024414
vt 0.901123 0.046143
vt 0.004639 0.013672
vt 0.300049 0.805908
vt 0.447754 0.246338
vt 0.603027 0.683350
vt 0.305664 0.250244
vt 0.630615 0.372559
vt 0.308350 0.255615
vt 0.603516 0.372559
vt 0.361328 0.949951
vt 0.981934 0.255371
vt 0.988037 0.828369
vt 0.989746 0.346191
vt 0.989746 0.336182
vt 0.636963 0.106445
vt 0.940674 0.746826
vt 0.964355 0.929443
vt 0.964355 0.626953
vt 0.975830 0.286377
vt 0.146484 0.986816
vt 0.930908 0.812012
vt 0.931152 0.971436
vt 0.656738 0.966553
vt 0.913086 0.093262
vt 0.927246 0.807129
vt 0.932617 0.977539
vt 0.148193 0.991455
vt 0.928711 0.807373
vt 0.936768 0.495605
vt 0.144775 0.382568
vt 0.193115 0.792236
vt 0.906982 0.066162
vt 0.001709 0.005615
vt 0.297119 0.796875
vt 0.935547 0.827637
vt 0.182373 0.671631
vt 0.770508 0.131836
vt 0.637451 0.977783
vt 0.726562 0.489014
vt 0.964355 0.770020
vt 0.976074 0.665527
vt 0.083496 0.011475
vt 0.662109 0.901367
vt 0.947266 0.524414
vt 0.059814 0.330078
vt 0.288574 0.091064
vt 0.476807 0.003418
vt 0.553955 0.198486
vt 0.810059 0.969971
vt 0.831299 0.959961
vt 0.534668 0.950928
vt 0.945557 0.752441
vt 0.969727 0.924805
vt 0.606201 0.933838
vt 0.631348 0.100098
vt 0.978760 0.294434
vt 0.176758 0.945557
vt 0.435303 0.106445
vt 0.817139 0.310547
vt 0.792480 0.723877
vt 0.864258 0.411133
vt 0.656738 0.972900
vt 0.932373 0.971191
vt 0.911621 0.083740
vt 0.927246 0.797607
vt 0.178711 0.804688
vt 0.914795 0.738037
vt 0.929688 0.798828
vt 0.936768 0.487061
vt 0.185059 0.798096
vt 0.913574 0.729004
vt 0.009033 0.014160
vt 0.858154 0.576660
vt 0.900635 0.036133
vt 0.293945 0.788574
vt 0.863281 0.556641
vt 0.245361 0.227051
vt 0.680420 0.607422
vt 0.920166 0.584961
vt 0.732422 0.503662
vt 0.916504 0.583740
vt 0.332031 0.934570
vt 0.348145 0.774902
vt 0.626709 0.070068
vt 0.670166 0.858154
vt 0.816650 0.012695
vt 0.686523 0.593994
vt 0.967529 0.773682
vt 0.978027 0.670166
vt 0.012451 0.660400
vt 0.094482 0.088379
vt 0.147949 0.793945
vt 0.448242 0.511719
vt 0.011230 0.966797
vt 0.519531 0.936768
vt 0.875000 0.412842
vt 0.949219 0.178711
vt 0.168945 0.806152
vt 0.413086 0.843018
vt 0.093750 0.190674
vt 0.254395 0.841064
vt 0.491211 0.676758
vt 0.876953 0.434326
vt 0.906250 0.408203
vt 0.102783 0.227295
vt 0.488281 0.561035
vt 0.855225 0.633301
vt 0.311279 0.109863
vt 0.604492 0.218262
vt 0.552734 0.191162
vt 0.829590 0.952637
vt 0.148193 0.981934
vt 0.656738 0.978027
vt 0.932617 0.966064
vt 0.144287 0.371338
vt 0.192139 0.781006
vt 0.297363 0.788818
vt 0.661133 0.317627
vt 0.934570 0.819336
vt 0.107178 0.347656
vt 0.561768 0.084473
vt 0.459229 0.210693
vt 0.591553 0.721924
vt 0.096191 0.716553
vt 0.433350 0.211182
vt 0.150879 0.992432
vt 0.603516 0.991455
vt 0.947266 0.063477
vt 0.981934 0.824951
vt 0.989990 0.255371
vt 0.946045 0.057129
vt 0.988037 0.824707
vt 0.988770 0.340088
vt 0.981934 0.346191
vt 0.981934 0.336182
vt 0.909912 0.730957
vt 0.912354 0.075439
vt 0.930908 0.789795
vt 0.188477 0.790039
vt 0.912109 0.720215
vt 0.006836 0.004639
vt 0.858154 0.566162
vt 0.939941 0.828125
vt 0.295898 0.780273
vt 0.863770 0.548096
vt 0.380371 0.216064
vt 0.775391 0.428467
vt 0.555664 0.098633
vt 0.779541 0.427246
vt 0.171387 0.596191
vt 0.692871 0.714844
vt 0.718018 0.058838
vt 0.823486 0.106689
vt 0.838135 0.111816
vt 0.110596 0.349609
vt 0.373047 0.203613
vt 0.139404 0.664307
vt 0.406494 0.176758
vt 0.192383 0.649902
vt 0.482666 0.176025
vt 0.151611 0.615967
vt 0.772461 0.104248
vt 0.447021 0.229980
vt 0.604492 0.699707
vt 0.074219 0.409912
vt 0.018311 0.966064
vt 0.512207 0.939209
vt 0.523193 0.095703
vt 0.356689 0.943604
vt 0.944580 0.062988
vt 0.550293 0.184814
vt 0.829590 0.946045
vt 0.987793 0.806885
vt 0.989746 0.375000
vt 0.356201 0.950928
vt 0.943359 0.055664
vt 0.985840 0.339600
vt 0.986084 0.342529
vt 0.140625 0.205811
vt 0.188477 0.780762
vt 0.368164 0.991455
vt 0.914795 0.711914
vt 0.144287 0.362061
vt 0.190186 0.771973
vt 0.299316 0.780518
vt 0.661621 0.308350
vt 0.447021 0.209717
vt 0.342285 0.160645
vt 0.498779 0.382568
vt 0.267090 0.551514
vt 0.319336 0.932861
vt 0.950928 0.509521
vt 0.101562 0.205322
vt 0.488281 0.540039
vt 0.838135 0.619873
vt 0.913086 0.424072
vt 0.490723 0.552979
vt 0.847656 0.630127
vt 0.158936 0.985352
vt 0.356201 0.932373
vt 0.687744 0.976562
vt 0.911377 0.944824
vt 0.943359 0.073975
vt 0.151855 0.018066
vt 0.696533 0.977539
vt 0.914307 0.937012
vt 0.950928 0.550293
vt 0.447754 0.093506
vt 0.815674 0.293213
vt 0.150635 0.381836
vt 0.907715 0.720703
vt 0.913086 0.065674
vt 0.153320 0.727295
vt 0.244629 0.981934
vt 0.298340 0.771240
vt 0.808594 0.057373
vt 0.864258 0.538818
vt 0.150879 0.716797
vt 0.729004 0.083008
vt 0.811279 0.046875
vt 0.672363 0.069336
vt 0.460693 0.190918
vt 0.589844 0.743164
vt 0.103760 0.736084
vt 0.429932 0.191650
vt 0.147217 0.629639
vt 0.324707 0.739746
vt 0.412354 0.889404
vt 0.783203 0.113770
vt 0.083496 0.020508
vt 0.657715 0.909668
vt 0.134033 0.827881
vt 0.860596 0.122803
vt 0.433105 0.767578
vt 0.866699 0.416504
vt 0.052490 0.218262
vt 0.653809 0.212402
vt 0.155762 0.037598
vt 0.405029 0.539062
vt 0.674805 0.212402
vt 0.415039 0.947021
vt 0.463623 0.315674
vt 0.864258 0.786865
vt 0.044434 0.229248
vt 0.104736 0.865967
vt 0.158691 0.013184
vt 0.418457 0.928711
vt 0.599121 0.939453
vt 0.624268 0.943604
vt 0.920166 0.930420
vt 0.964355 0.776367
vt 0.138916 0.197021
vt 0.185303 0.772461
vt 0.856934 0.556641
vt 0.939941 0.818604
vt 0.688965 0.604248
vt 0.724854 0.502441
vt 0.977783 0.770020
vt 0.072510 0.405762
vt 0.646484 0.213379
vt 0.054199 0.217773
vt 0.652588 0.213379
vt 0.234375 0.545410
vt 0.671631 0.025146
vt 0.168945 0.891357
vt 0.261230 0.544678
vt 0.380615 0.771240
vt 0.716309 0.934570
vt 0.923340 0.471680
vt 0.947021 0.517822
vt 0.936523 0.869629
vt 0.979004 0.103760
vt 0.802002 0.977295
vt 0.835449 0.950439
vt 0.923096 0.070801
vt 0.833008 0.944580
vt 0.923584 0.064453
vt 0.989746 0.371338
vt 0.927490 0.058105
vt 0.981934 0.812012
vt 0.981934 0.373291
vt 0.763184 0.855225
vt 0.779053 0.705566
vt 0.780029 0.057617
vt 0.864258 0.388428
vt 0.150635 0.371338
vt 0.364014 0.992188
vt 0.909668 0.711182
vt 0.091309 0.984619
vt 0.145264 0.353271
vt 0.184814 0.764160
vt 0.648193 0.073730
vt 0.445068 0.553467
vt 0.554688 0.186035
vt 0.202393 0.427979
vt 0.008057 0.438965
vt 0.031006 0.316406
vt 0.584473 0.463623
vt 0.545410 0.202148
vt 0.802002 0.966064
vt 0.927490 0.081299
vt 0.542969 0.946045
vt 0.977539 0.929443
vt 0.978027 0.626953
vt 0.545410 0.190918
vt 0.925781 0.070068
vt 0.545410 0.184814
vt 0.926270 0.063721
vt 0.988037 0.812012
vt 0.540527 0.938965
vt 0.606201 0.950928
vt 0.631348 0.117188
vt 0.973145 0.633301
vt 0.043457 0.222656
vt 0.104248 0.859619
vt 0.124512 0.806396
vt 0.245361 0.791992
vt 0.116211 0.801270
vt 0.253418 0.786621
vt 0.138184 0.188721
vt 0.181396 0.765381
vt 0.701904 0.770508
vt 0.244629 0.992432
vt 0.667480 0.309082
vt 0.857422 0.547119
vt 0.938477 0.809082
vt 0.085693 0.992676
vt 0.178711 0.756104
vt 0.179443 0.714355
vt 0.701172 0.760742
vt 0.182129 0.704590
vt 0.698975 0.750977
vt 0.766602 0.162354
vt 0.146240 0.714111
vt 0.697998 0.067139
vt 0.446045 0.189209
vt 0.090332 0.034180
vt 0.645264 0.918457
vt 0.842041 0.938232
vt 0.324707 0.162109
vt 0.327637 0.125488
vt 0.053711 0.791748
vt 0.566895 0.797363
vt 0.830322 0.557617
vt 0.161865 0.811035
vt 0.413086 0.852783
vt 0.813477 0.648682
vt 0.822510 0.265137
vt 0.086670 0.948486
vt 0.176758 0.821777
vt 0.534668 0.932373
vt 0.598877 0.945801
vt 0.945557 0.734131
vt 0.964355 0.294434
vt 0.124023 0.041504
vt 0.163086 0.945557
vt 0.830078 0.315674
vt 0.848145 0.351807
vt 0.252686 0.785156
vt 0.304932 0.770996
vt 0.662109 0.297852
vt 0.814697 0.059570
vt 0.236328 0.107910
vt 0.612305 0.128174
vt 0.640625 0.922119
vt 0.661133 0.284912
vt 0.670166 0.893066
vt 0.817383 0.047607
vt 0.243652 0.238770
vt 0.685303 0.618896
vt 0.931885 0.004395
vt 0.240234 0.236084
vt 0.256104 0.231201
vt 0.728027 0.516113
vt 0.918457 0.595459
vt 0.108887 0.360840
vt 0.370850 0.213623
vt 0.564453 0.097656
vt 0.025146 0.485352
vt 0.418945 0.169434
vt 0.723633 0.632568
vt 0.263672 0.143799
vt 0.535156 0.001709
vt 0.142334 0.831787
vt 0.437744 0.549805
vt 0.205078 0.426025
vt 0.473877 0.524414
vt 0.467773 0.524414
vt 0.072021 0.277832
vt 0.106445 0.382568
vt 0.107178 0.164062
vt 0.371582 0.690918
vt 0.466553 0.524414
vt 0.579102 0.844727
vt 0.069336 0.003174
vt 0.432129 0.773438
vt 0.868164 0.422363
vt 0.086670 0.959961
vt 0.185791 0.829102
vt 0.386719 0.843018
vt 0.121094 0.799805
vt 0.248779 0.785400
vt 0.099365 0.847168
vt 0.306641 0.835449
vt 0.617920 0.925049
vt 0.806885 0.711914
vt 0.762207 0.838623
vt 0.781250 0.041016
vt 0.134033 0.197510
vt 0.151611 0.361084
vt 0.364014 0.981934
vt 0.147461 0.729004
vt 0.238770 0.983887
vt 0.666748 0.297852
vt 0.145020 0.719238
vt 0.231445 0.109863
vt 0.666260 0.287598
vt 0.780273 0.007324
vt 0.185791 0.701172
vt 0.136963 0.687744
vt 0.392578 0.157959
vt 0.202393 0.630859
vt 0.470703 0.168457
vt 0.721680 0.165527
vt 0.068115 0.180420
vt 0.256104 0.540283
vt 0.692871 0.033691
vt 0.151367 0.806396
vt 0.667480 0.790527
vt 0.824463 0.650879
vt 0.046387 0.316406
vt 0.304199 0.104736
vt 0.104736 0.884521
vt 0.678955 0.341309
vt 0.825195 0.778076
vt 0.125000 0.034180
vt 0.849854 0.344482
vt 0.778564 0.788818
vt 0.844482 0.458496
vt 0.778564 0.788818
vt 0.844482 0.458496
vt 0.786621 0.791992
vt 0.837402 0.463623
vt 0.978760 0.397461
vt 0.048828 0.208252
vt 0.586914 0.952637
vt 0.851562 0.411133
vt 0.382080 0.860596
vt 0.454590 0.072754
vt 0.757080 0.234619
vt 0.815918 0.270508
vt 0.236328 0.128174
vt 0.620605 0.922119
vt 0.763428 0.821533
vt 0.780029 0.024658
vt 0.097656 0.290527
vt 0.105225 0.583008
vt 0.167480 0.875244
vt 0.699707 0.932617
vt 0.048340 0.330078
vt 0.119141 0.042236
vt 0.930664 0.149658
vt 0.781982 0.785156
vt 0.971436 0.399170
vt 0.085693 0.981934
vt 0.133057 0.187744
vt 0.151123 0.351562
vt 0.181641 0.725342
vt 0.139404 0.177246
vt 0.695068 0.762939
vt 0.140625 0.164795
vt 0.148926 0.915039
vt 0.155273 0.625977
vt 0.692139 0.750488
vt 0.694580 0.919189
vt 0.887695 0.530518
vt 0.935303 0.057861
vt 0.375488 0.229736
vt 0.774902 0.442627
vt 0.560791 0.111816
vt 0.779053 0.441406
vt 0.916504 0.173096
vt 0.196045 0.675049
vt 0.496826 0.155029
vt 0.107910 0.859863
vt 0.138916 0.598145
vt 0.694092 0.151855
vt 0.245361 0.538086
vt 0.681641 0.034180
vt 0.098633 0.891357
vt 0.677734 0.350586
vt 0.745850 0.200195
vt 0.677734 0.350586
vt 0.753418 0.966064
vt 0.916748 0.966064
vt 0.129883 0.021729
vt 0.171875 0.926758
vt 0.431396 0.086182
vt 0.837158 0.839111
vt 0.134277 0.178223
vt 0.185059 0.716797
vt 0.135498 0.167236
vt 0.187988 0.706543
vt 0.757324 0.183594
vt 0.939941 0.060791
vt 0.249023 0.232178
vt 0.692871 0.615234
vt 0.721436 0.513428
vt 0.939941 0.002197
vt 0.460938 0.166748
vt 0.428955 0.167725
vt 0.018311 0.979004
vt 0.156250 0.854980
vt 0.514648 0.086670
vt 0.949219 0.162842
vt 0.956299 0.412598
vt 0.119141 0.851807
vt 0.126709 0.603760
vt 0.927246 0.865723
vt 0.975830 0.094482
vt 0.019043 0.311035
vt 0.305664 0.111328
vt 0.586426 0.222412
vt 0.599121 0.465820
vt 0.054199 0.337402
vt 0.074951 0.981934
vt 0.796387 0.468994
vt 0.934570 0.159180
vt 0.289307 0.901367
vt 0.904785 0.308350
vt 0.828125 0.293945
vt 0.843750 0.329346
vt 0.110840 0.788086
vt 0.259277 0.773438
vt 0.110840 0.788086
vt 0.259277 0.773438
vt 0.382568 0.843506
vt 0.756836 0.217529
vt 0.166016 0.904053
vt 0.380371 0.826904
vt 0.757324 0.201172
vt 0.935303 0.077637
vt 0.375000 0.140869
vt 0.445068 0.166504
vt 0.295898 0.712402
vt 0.310791 0.165527
vt 0.437988 0.701172
vt 0.593994 0.802490
vt 0.609863 0.272217
vt 0.783936 0.157959
vt 0.324707 0.202148
vt 0.330566 0.164307
vt 0.606201 0.840088
vt 0.671143 0.911377
vt 0.880371 0.429443
vt 0.945068 0.411377
vt 0.959961 0.166016
vt 0.078369 0.953125
vt 0.392090 0.852539
vt 0.677734 0.357422
vt 0.755615 0.972656
vt 0.682129 0.351562
vt 0.741455 0.200195
vt 0.833496 0.784912
vt 0.913086 0.968506
vt 0.777100 0.779053
vt 0.843262 0.448486
vt 0.777100 0.779053
vt 0.843262 0.448486
vt 0.964355 0.397461
vt 0.117188 0.789307
vt 0.253174 0.774658
vt 0.117188 0.789307
vt 0.253174 0.774658
vt 0.310303 0.822021
vt 0.805420 0.698486
vt 0.368652 0.224854
vt 0.566650 0.108398
vt 0.923340 0.173828
vt 0.226318 0.716309
vt 0.339600 0.790527
vt 0.402100 0.149414
vt 0.614990 0.096191
vt 0.685547 0.863525
vt 0.155273 0.884521
vt 0.504883 0.203857
vt 0.524658 0.941895
vt 0.923828 0.813721
vt 0.936523 0.855469
vt 0.390625 0.782715
vt 0.907471 0.768311
vt 0.936523 0.855469
vt 0.964844 0.103027
vt 0.076172 0.988281
vt 0.934570 0.166016
vt 0.283203 0.905762
vt 0.821045 0.966064
vt 0.906494 0.316162
vt 0.079834 0.981934
vt 0.929688 0.160400
vt 0.110352 0.048828
vt 0.801514 0.468262
vt 0.929688 0.160400
vt 0.351807 0.839111
vt 0.353271 0.813721
vt 0.953857 0.430664
vt 0.099365 0.881592
vt 0.741455 0.190918
vt 0.739746 0.190674
vt 0.830811 0.774902
vt 0.294189 0.890869
vt 0.746826 0.181396
vt 0.851562 0.712646
vt 0.908691 0.297852
vt 0.103271 0.873047
vt 0.826904 0.766602
vt 0.921875 0.104736
vt 0.043457 0.189941
vt 0.104736 0.828125
vt 0.326660 0.828125
vt 0.765625 0.055908
vt 0.851562 0.392090
vt 0.243408 0.250000
vt 0.932129 0.015137
vt 0.241455 0.248291
vt 0.255371 0.242920
vt 0.143799 0.731201
vt 0.155273 0.593750
vt 0.485840 0.147461
vt 0.831787 0.120117
vt 0.887695 0.496826
vt 0.085693 0.279541
vt 0.533936 0.015869
vt 0.681641 0.360840
vt 0.753418 0.977539
vt 0.916748 0.977295
vt 0.348877 0.846191
vt 0.952393 0.437256
vt 0.280518 0.897705
vt 0.412842 0.989014
vt 0.812744 0.966064
vt 0.982422 0.363525
vt 0.054199 0.327881
vt 0.800781 0.459717
vt 0.113037 0.039795
vt 0.802246 0.459229
vt 0.283203 0.889160
vt 0.408691 0.981934
vt 0.503174 0.981934
vt 0.758301 0.178467
vt 0.049805 0.319336
vt 0.117432 0.031494
vt 0.915527 0.126221
vt 0.027100 0.510742
vt 0.722656 0.656494
vt 0.002686 0.693115
vt 0.018555 0.495850
vt 0.477539 0.485352
vt 0.580322 0.523193
vt 0.231445 0.202393
vt 0.602539 0.001709
vt 0.072266 0.013184
vt 0.663574 0.905029
vt 0.871094 0.433105
vt 0.155029 0.868408
vt 0.532227 0.928955
vt 0.956299 0.427734
vt 0.123047 0.614014
vt 0.129883 0.853760
vt 0.194336 0.374756
vt 0.074463 0.957520
vt 0.177002 0.833984
vt 0.386963 0.855225
vt 0.817627 0.923828
vt 0.079346 0.992920
vt 0.932129 0.171387
vt 0.362549 0.813721
vt 0.790283 0.171387
vt 0.959961 0.438232
vt 0.981934 0.717041
vt 0.982422 0.689209
vt 0.408691 0.991943
vt 0.503174 0.991699
vt 0.910645 0.310303
vt 0.981934 0.368652
vt 0.350098 0.828857
vt 0.353760 0.803955
vt 0.357178 0.852051
vt 0.429932 0.072754
vt 0.832764 0.825928
vt 0.135010 0.716553
vt 0.374512 0.135498
vt 0.769531 0.001709
vt 0.203369 0.656250
vt 0.720459 0.191895
vt 0.304932 0.760986
vt 0.783936 0.207520
vt 0.109863 0.878906
vt 0.708984 0.161865
vt 0.073975 0.943604
vt 0.165283 0.828125
vt 0.243896 0.517090
vt 0.472168 0.002197
vt 0.549561 0.552490
vt 0.573730 0.371094
vt 0.814941 0.971191
vt 0.975586 0.584717
vt 0.988037 0.363770
vt 0.364258 0.805664
vt 0.789062 0.162598
vt 0.108887 0.776367
vt 0.220215 0.557617
vt 0.261719 0.761719
vt 0.108887 0.776367
vt 0.261719 0.761719
vt 0.309326 0.806152
vt 0.786621 0.829834
vt 0.808350 0.683350
vt 0.371094 0.239990
vt 0.462158 0.984131
vt 0.771240 0.452881
vt 0.954590 0.971680
vt 0.463379 0.981934
vt 0.773682 0.451904
vt 0.916748 0.186035
vt 0.033447 0.510010
vt 0.408447 0.145508
vt 0.033936 0.806152
vt 0.587158 0.811279
vt 0.512451 0.185791
vt 0.524658 0.922363
vt 0.671143 0.924561
vt 0.946777 0.424561
vt 0.821045 0.972656
vt 0.911377 0.320312
vt 0.911621 0.317871
vt 0.978271 0.580322
vt 0.989502 0.368652
vt 0.136230 0.966064
vt 0.307617 0.786621
vt 0.354004 0.977783
vt 0.956299 0.021484
vt 0.345459 0.840576
vt 0.795654 0.170898
vt 0.981934 0.684082
vt 0.773438 0.768555
vt 0.844482 0.437012
vt 0.121582 0.780762
vt 0.248779 0.766357
vt 0.124023 0.002441
vt 0.772217 0.232666
vt 0.817627 0.830566
vt 0.830078 0.275391
vt 0.849854 0.311279
vt 0.325928 0.811035
vt 0.765381 0.038574
vt 0.245361 0.258057
vt 0.256104 0.253662
vt 0.315674 0.194580
vt 0.690918 0.839600
vt 0.931885 0.023438
vt 0.386719 0.129883
vt 0.626709 0.114502
vt 0.248535 0.245605
vt 0.248535 0.245605
vt 0.939941 0.015625
vt 0.479736 0.144043
vt 0.713867 0.190430
vt 0.107178 0.394531
vt 0.777588 0.914795
vt 0.885498 0.090332
vt 0.914795 0.770508
vt 0.927734 0.854248
vt 0.927734 0.854248
vt 0.964355 0.094482
vt 0.958496 0.444336
vt 0.975342 0.956299
vt 0.981934 0.804199
vt 0.988281 0.717041
vt 0.218994 0.976562
vt 0.948486 0.788330
vt 0.964355 0.906250
vt 0.822754 0.366211
vt 0.978271 0.683594
vt 0.989258 0.519531
vt 0.309570 0.778564
vt 0.893066 0.858398
vt 0.956299 0.012695
vt 0.496582 0.986084
vt 0.751465 0.178467
vt 0.916016 0.302246
vt 0.355713 0.836914
vt 0.835205 0.811523
vt 0.306641 0.791016
vt 0.378418 0.116699
vt 0.632812 0.943604
vt 0.635010 0.128174
vt 0.786621 0.813721
vt 0.321045 0.794678
vt 0.363770 0.117188
vt 0.765381 0.021240
vt 0.198486 0.703369
vt 0.512207 0.131104
vt 0.769043 0.177734
vt 0.593994 0.844482
vt 0.793945 0.201172
vt 0.033691 0.014404
vt 0.144775 0.187256
vt 0.330322 0.693359
vt 0.341064 0.849854
vt 0.952393 0.445557
vt 0.988037 0.803711
vt 0.990234 0.205811
vt 0.027344 0.988281
vt 0.947510 0.795654
vt 0.971680 0.906738
vt 0.045898 0.988281
vt 0.138672 0.973145
vt 0.955811 0.028809
vt 0.341797 0.846191
vt 0.977295 0.960938
vt 0.988037 0.712158
vt 0.988281 0.684082
vt 0.078857 0.815674
vt 0.212891 0.978516
vt 0.964355 0.913086
vt 0.143066 0.966064
vt 0.360107 0.978516
vt 0.695068 0.526855
vt 0.222412 0.968262
vt 0.457520 0.888428
vt 0.888916 0.252197
vt 0.947510 0.779785
vt 0.342529 0.831299
vt 0.794922 0.161377
vt 0.280518 0.875000
vt 0.759521 0.164062
vt 0.834717 0.700439
vt 0.781494 0.769287
vt 0.111328 0.764893
vt 0.217285 0.545898
vt 0.690918 0.873291
vt 0.500977 0.126465
vt 0.680908 0.932617
vt 0.874512 0.519043
vt 0.163574 0.589844
vt 0.570068 0.196777
vt 0.176514 0.404541
vt 0.069336 0.021729
vt 0.424561 0.789551
vt 0.661133 0.913574
vt 0.186279 0.030762
vt 0.380859 0.560303
vt 0.710938 0.188965
vt 0.891357 0.084961
vt 0.916992 0.808838
vt 0.932129 0.847900
vt 0.409424 0.517090
vt 0.555664 0.213135
vt 0.573730 0.205078
vt 0.591797 0.362061
vt 0.290283 0.031250
vt 0.559082 0.557617
vt 0.564697 0.377197
vt 0.142334 0.974121
vt 0.699219 0.534180
vt 0.998291 0.121582
vt 0.813965 0.975830
vt 0.970459 0.583008
vt 0.987793 0.386230
vt 0.772705 0.762207
vt 0.843506 0.430664
vt 0.867920 0.402344
vt 0.772705 0.762207
vt 0.843506 0.430664
vt 0.790283 0.770996
vt 0.828857 0.443359
vt 0.771973 0.215576
vt 0.818359 0.814209
vt 0.220215 0.533936
vt 0.314453 0.216553
vt 0.691162 0.860596
vt 0.313477 0.207520
vt 0.691895 0.851562
vt 0.166016 0.929199
vt 0.355713 0.819580
vt 0.507324 0.113281
vt 0.694580 0.939941
vt 0.837158 0.795410
vt 0.501709 0.276367
vt 0.919434 0.230469
vt 0.966553 0.047607
vt 0.916504 0.196777
vt 0.463379 0.991943
vt 0.916504 0.196777
vt 0.949219 0.977295
vt 0.923828 0.188232
vt 0.363770 0.237061
vt 0.923828 0.188232
vt 0.949219 0.966064
vt 0.423340 0.142578
vt 0.711182 0.656006
vt 0.276123 0.157715
vt 0.105225 0.390381
vt 0.646484 0.248291
vt 0.860840 0.127930
vt 0.052490 0.187500
vt 0.105469 0.276855
vt 0.652588 0.248291
vt 0.865967 0.128418
vt 0.106445 0.278076
vt 0.141602 0.067627
vt 0.653809 0.249023
vt 0.158936 0.071289
vt 0.674805 0.249023
vt 0.414795 0.791992
vt 0.664795 0.922119
vt 0.777588 0.887939
vt 0.914795 0.743652
vt 0.071533 0.821045
vt 0.973145 0.911621
vt 0.044434 0.992920
vt 0.137207 0.978027
vt 0.987305 0.952637
vt 0.988281 0.822266
vt 0.817383 0.977295
vt 0.918213 0.321045
vt 0.989746 0.389404
vt 0.918457 0.319824
vt 0.971436 0.580322
vt 0.032227 0.981934
vt 0.075195 0.813232
vt 0.952881 0.789795
vt 0.041992 0.981934
vt 0.699219 0.525635
vt 0.950928 0.022949
vt 0.827393 0.361816
vt 0.971924 0.684570
vt 0.081299 0.803467
vt 0.212891 0.966064
vt 0.456543 0.878418
vt 0.319824 0.781738
vt 0.360107 0.966064
vt 0.696045 0.514648
vt 0.792480 0.588135
vt 0.826172 0.360596
vt 0.891357 0.123779
vt 0.982910 0.517578
vt 0.371826 0.791748
vt 0.783691 0.147461
vt 0.098633 0.859619
vt 0.743652 0.168701
vt 0.851074 0.699463
vt 0.918945 0.091064
vt 0.740967 0.168945
vt 0.831787 0.753662
vt 0.781982 0.765625
vt 0.835449 0.436035
vt 0.781982 0.765625
vt 0.835449 0.436035
vt 0.522217 0.112061
vt 0.772217 0.197998
vt 0.822754 0.798340
vt 0.382080 0.167725
vt 0.444092 0.138184
vt 0.457764 0.138916
vt 0.431885 0.139648
vt 0.215088 0.654297
vt 0.465332 0.141846
vt 0.598389 0.275391
vt 0.399414 0.079102
vt 0.515625 0.056396
vt 0.978516 0.534912
vt 0.138916 0.624268
vt 0.196777 0.394775
vt 0.694092 0.177734
vt 0.235352 0.529297
vt 0.479980 0.014893
vt 0.680176 0.193359
vt 0.139160 0.978760
vt 0.987305 0.954834
vt 0.987793 0.877686
vt 0.993408 0.123535
vt 0.998779 0.002686
vt 0.029541 0.992920
vt 0.976318 0.906250
vt 0.988037 0.856445
vt 0.988281 0.814697
vt 0.030762 0.989014
vt 0.070068 0.817871
vt 0.042236 0.988281
vt 0.701904 0.531494
vt 0.993408 0.002686
vt 0.998291 0.125244
vt 0.969971 0.957275
vt 0.981934 0.799561
vt 0.981934 0.205811
vt 0.988281 0.705322
vt 0.889404 0.124512
vt 0.971191 0.683594
vt 0.981934 0.519531
vt 0.054199 0.306396
vt 0.799805 0.438232
vt 0.918457 0.113037
vt 0.343506 0.819092
vt 0.354492 0.791748
vt 0.799805 0.438232
vt 0.112549 0.019043
vt 0.802246 0.438477
vt 0.213135 0.546631
vt 0.260498 0.748535
vt 0.309570 0.190918
vt 0.476318 0.107910
vt 0.697510 0.836182
vt 0.249268 0.256104
vt 0.221191 0.744385
vt 0.389160 0.123291
vt 0.550293 0.398193
vt 0.860107 0.916992
vt 0.238525 0.214111
vt 0.092773 0.349854
vt 0.178467 0.401123
vt 0.474609 0.559326
vt 0.098145 0.350098
vt 0.468262 0.559326
vt 0.518555 0.046631
vt 0.968750 0.532471
vt 0.099365 0.348877
vt 0.125000 0.136963
vt 0.579102 0.880371
vt 0.837158 0.843506
vt 0.142090 0.141846
vt 0.558350 0.879395
vt 0.819336 0.841309
vt 0.182861 0.807861
vt 0.333252 0.744873
vt 0.428467 0.902832
vt 0.445312 0.788574
vt 0.778809 0.948975
vt 0.054199 0.812012
vt 0.835449 0.536377
vt 0.207520 0.022949
vt 0.691162 0.193848
vt 0.066406 0.820312
vt 0.977295 0.908203
vt 0.988037 0.854492
vt 0.041992 0.992676
vt 0.987061 0.879150
vt 0.987061 0.819824
vt 0.997803 0.001221
vt 0.334961 0.848877
vt 0.984863 0.203125
vt 0.988281 0.700684
vt 0.335449 0.846436
vt 0.971191 0.960938
vt 0.701904 0.516846
vt 0.798828 0.587158
vt 0.886475 0.858887
vt 0.949219 0.014648
vt 0.075928 0.802979
vt 0.895020 0.252686
vt 0.954590 0.780029
vt 0.308105 0.763428
vt 0.892578 0.843506
vt 0.751221 0.166260
vt 0.925537 0.294678
vt 0.121338 0.768066
vt 0.249268 0.753418
vt 0.837158 0.421143
vt 0.870605 0.390869
vt 0.923828 0.624268
vt 0.915527 0.242188
vt 0.922119 0.602783
vt 0.964355 0.355713
vt 0.979248 0.047607
vt 0.309570 0.207520
vt 0.479980 0.123291
vt 0.031494 0.536865
vt 0.239990 0.743408
vt 0.348145 0.819092
vt 0.641846 0.111572
vt 0.722168 0.680420
vt 0.391846 0.092041
vt 0.408936 0.978516
vt 0.521484 0.143066
vt 0.522705 0.043701
vt 0.858887 0.445801
vt 0.926270 0.690430
vt 0.964355 0.534912
vt 0.407715 0.075928
vt 0.463623 0.788574
vt 0.517334 0.064941
vt 0.778809 0.930664
vt 0.524902 0.058350
vt 0.554932 0.530518
vt 0.592773 0.592041
vt 0.129883 0.887695
vt 0.194336 0.409668
vt 0.707031 0.184082
vt 0.032227 0.992188
vt 0.066406 0.817871
vt 0.986816 0.817139
vt 0.826172 0.354492
vt 0.890869 0.117676
vt 0.471191 0.892334
vt 0.888672 0.237793
vt 0.758789 0.148682
vt 0.830322 0.685791
vt 0.905762 0.032471
vt 0.214355 0.534424
vt 0.253662 0.738525
vt 0.309570 0.220215
vt 0.479980 0.135254
vt 0.867920 0.379150
vt 0.923584 0.611816
vt 0.973633 0.358887
vt 0.472900 0.118408
vt 0.699707 0.847168
vt 0.922852 0.198486
vt 0.507080 0.272949
vt 0.921143 0.257324
vt 0.964355 0.053711
vt 0.146240 0.761230
vt 0.498535 0.120117
vt 0.502441 0.385986
vt 0.932861 0.392578
vt 0.208740 0.182861
vt 0.451660 0.137207
vt 0.388916 0.166992
vt 0.438232 0.137451
vt 0.001709 0.503174
vt 0.049805 0.254639
vt 0.028809 0.564209
vt 0.477539 0.555664
vt 0.142578 0.392090
vt 0.412109 0.975830
vt 0.930176 0.691162
vt 0.504883 0.180176
vt 0.663086 0.929199
vt 0.782959 0.892578
vt 0.885498 0.066895
vt 0.923828 0.790283
vt 0.331543 0.203613
vt 0.564209 0.199951
vt 0.582764 0.368164
vt 0.981934 0.954102
vt 0.981934 0.877686
vt 0.981934 0.822266
vt 0.925537 0.318359
vt 0.964355 0.580322
vt 0.981934 0.389404
vt 0.375000 0.246338
vt 0.830078 0.354248
vt 0.964355 0.684570
vt 0.335693 0.820068
vt 0.794189 0.148193
vt 0.124512 0.757812
vt 0.245361 0.743408
vt 0.470703 0.131348
vt 0.699951 0.861328
vt 0.127686 0.757568
vt 0.204346 0.679443
vt 0.713623 0.102783
vt 0.714600 0.217529
vt 0.823486 0.149658
vt 0.295898 0.768555
vt 0.449219 0.750488
vt 0.620361 0.806396
vt 0.741455 0.716064
vt 0.285156 0.927734
vt 0.608643 0.817627
vt 0.757324 0.711182
vt 0.061279 0.817139
vt 0.981934 0.855469
vt 0.981934 0.814697
vt 0.376709 0.249023
vt 0.886963 0.119385
vt 0.965576 0.681885
vt 0.375244 0.777344
vt 0.782227 0.132324
vt 0.025146 0.577393
vt 0.739746 0.157471
vt 0.851074 0.687744
vt 0.739746 0.157471
vt 0.833496 0.741943
vt 0.921875 0.080322
vt 0.784180 0.754639
vt 0.830566 0.426025
vt 0.914551 0.623535
vt 0.774414 0.749268
vt 0.875000 0.391357
vt 0.507080 0.288574
vt 0.913574 0.270508
vt 0.920166 0.243896
vt 0.677246 0.109375
vt 0.002686 0.754150
vt 0.485352 0.547119
vt 0.099854 0.312988
vt 0.136475 0.103516
vt 0.530518 0.041748
vt 0.550293 0.513428
vt 0.924316 0.697998
vt 0.416748 0.529785
vt 0.543213 0.204834
vt 0.707275 0.606201
vt 0.328857 0.843994
vt 0.964355 0.959961
vt 0.981934 0.705322
vt 0.323730 0.767090
vt 0.792969 0.572998
vt 0.034180 0.553223
vt 0.238037 0.759277
vt 0.641357 0.125488
vt 0.722412 0.694092
vt 0.218262 0.762207
vt 0.869629 0.932861
vt 0.905762 0.002686
vt 0.915039 0.598633
vt 0.921875 0.268799
vt 0.975830 0.054199
vt 0.295898 0.167969
vt 0.595703 0.523682
vt 0.061035 0.255615
vt 0.288574 0.165283
vt 0.118408 0.230469
vt 0.167725 0.578125
vt 0.107422 0.224121
vt 0.595215 0.023438
vt 0.092773 0.312500
vt 0.143066 0.388428
vt 0.860840 0.165527
vt 0.408936 0.966064
vt 0.518555 0.154053
vt 0.932617 0.700195
vt 0.098145 0.312744
vt 0.865967 0.166016
vt 0.154297 0.107422
vt 0.819336 0.878662
vt 0.651611 0.812744
vt 0.826416 0.681396
vt 0.169678 0.847900
vt 0.830078 0.914062
vt 0.297852 0.019775
vt 0.386475 0.642334
vt 0.386475 0.615234
vt 0.481445 0.408203
vt 0.468994 0.874268
vt 0.628418 0.990723
vt 0.997559 0.298340
vt 0.076904 0.788818
vt 0.288086 0.064941
vt 0.471924 0.876953
vt 0.266602 0.120850
vt 0.471924 0.876953
vt 0.993408 0.298340
vt 0.307617 0.746582
vt 0.723633 0.722656
vt 0.893066 0.826660
vt 0.110352 0.005859
vt 0.354736 0.778320
vt 0.721680 0.258057
vt 0.804688 0.425537
vt 0.915527 0.100586
vt 0.031494 0.566650
vt 0.239990 0.770752
vt 0.851562 0.676025
vt 0.219727 0.775879
vt 0.831299 0.671631
vt 0.904297 0.018799
vt 0.790283 0.745850
vt 0.914551 0.612305
vt 0.921875 0.281494
vt 0.781250 0.739502
vt 0.874268 0.379395
vt 0.910889 0.283203
vt 0.915527 0.256104
vt 0.978760 0.355713
vt 0.042725 0.537842
vt 0.397949 0.118164
vt 0.541504 0.405273
vt 0.306641 0.169678
vt 0.586426 0.277100
vt 0.193115 0.803955
vt 0.495117 0.921143
vt 0.530518 0.068604
vt 0.595703 0.603027
vt 0.786621 0.941650
vt 0.922852 0.665039
vt 0.056885 0.004150
vt 0.164551 0.203857
vt 0.696289 0.604980
vt 0.269775 0.122803
vt 0.625977 0.991455
vt 0.996338 0.295654
vt 0.800781 0.572754
vt 0.884766 0.844238
vt 0.748535 0.152344
vt 0.893799 0.032227
vt 0.202393 0.722656
vt 0.487061 0.896729
vt 0.622803 0.884766
vt 0.887695 0.220947
vt 0.001953 0.653076
vt 0.310059 0.732666
vt 0.643066 0.137695
vt 0.723145 0.707764
vt 0.203857 0.694580
vt 0.651367 0.885986
vt 0.718018 0.117188
vt 0.126953 0.773193
vt 0.712891 0.233887
vt 0.489990 0.116211
vt 0.510498 0.392334
vt 0.704346 0.218506
vt 0.031494 0.826904
vt 0.590088 0.832031
vt 0.270508 0.927734
vt 0.775879 0.713379
vt 0.069580 0.790039
vt 0.897949 0.238525
vt 0.820801 0.343994
vt 0.889404 0.105957
vt 0.383057 0.238525
vt 0.828125 0.343262
vt 0.041748 0.956299
vt 0.374023 0.764648
vt 0.785156 0.119629
vt 0.947021 0.304932
vt 0.044678 0.938965
vt 0.125000 0.784912
vt 0.353271 0.766846
vt 0.715088 0.247314
vt 0.057617 0.956299
vt 0.146240 0.780762
vt 0.923584 0.410400
vt 0.947021 0.288818
vt 0.151367 0.838867
vt 0.398193 0.880371
vt 0.667480 0.824219
vt 0.817627 0.897217
vt 0.828125 0.234375
vt 0.328857 0.807861
vt 0.713867 0.263428
vt 0.793701 0.134033
vt 0.796387 0.420654
vt 0.203613 0.708252
vt 0.637939 0.885986
vt 0.209229 0.208740
vt 0.388916 0.193359
vt 0.443115 0.110840
vt 0.017090 0.570557
vt 0.048828 0.336914
vt 0.326660 0.233154
vt 0.521484 0.158691
vt 0.546631 0.918457
vt 0.849121 0.460693
vt 0.932861 0.706299
vt 0.235596 0.868164
vt 0.560303 0.519287
vt 0.604492 0.585693
vt 0.160400 0.846924
vt 0.827148 0.904785
vt 0.045166 0.555420
vt 0.550293 0.418701
vt 0.860107 0.938232
vt 0.894775 0.002686
vt 0.427490 0.113770
vt 0.967041 0.694824
vt 0.243652 0.877686
vt 0.555664 0.507812
vt 0.326660 0.249023
vt 0.539307 0.931885
vt 0.971680 0.922119
vt 0.321289 0.242188
vt 0.550293 0.498047
vt 0.924316 0.712646
vt 0.934570 0.030029
vt 0.945068 0.391113
vt 0.977295 0.915527
vt 0.918457 0.380859
vt 0.343018 0.211426
vt 0.630615 0.426270
vt 0.362061 0.251709
vt 0.603516 0.426270
vt 0.387695 0.242676
vt 0.884766 0.106689
vt 0.209229 0.253174
vt 0.476318 0.869385
vt 0.629395 0.981934
vt 0.042480 0.571289
vt 0.742920 0.139160
vt 0.893311 0.018555
vt 0.459473 0.112305
vt 0.964355 0.844482
vt 0.416748 0.116455
vt 0.706543 0.678223
vt 0.882324 0.149902
vt 0.907471 0.275391
vt 0.515869 0.791016
vt 0.816895 0.577393
vt 0.636963 0.811279
vt 0.736816 0.733398
vt 0.679688 0.127930
vt 0.502441 0.407715
vt 0.701904 0.237793
vt 0.932861 0.415039
vt 0.957275 0.288818
vt 0.219482 0.678223
vt 0.470703 0.114502
vt 0.277588 0.937988
vt 0.611328 0.831543
vt 0.389160 0.231934
vt 0.828857 0.333740
vt 0.012695 0.631836
vt 0.068604 0.301025
vt 0.328369 0.752441
vt 0.793701 0.557617
vt 0.815674 0.330322
vt 0.891357 0.091553
vt 0.704346 0.252441
vt 0.795654 0.119873
vt 0.958008 0.303711
vt 0.042725 0.835449
vt 0.578857 0.840820
vt 0.054199 0.834229
vt 0.566895 0.839844
vt 0.830322 0.515137
vt 0.285400 0.934570
vt 0.505615 0.799316
vt 0.644043 0.810303
vt 0.732178 0.739502
vt 0.755371 0.800293
vt 0.830078 0.574707
vt 0.186768 0.070068
vt 0.204346 0.256104
vt 0.274170 0.114258
vt 0.624023 0.981934
vt 0.487061 0.875732
vt 0.622803 0.862305
vt 0.266602 0.105713
vt 0.288574 0.050049
vt 0.902100 0.615723
vt 0.205811 0.222656
vt 0.392334 0.207520
vt 0.437988 0.757812
vt 0.600098 0.329834
vt 0.215332 0.868164
vt 0.500732 0.928955
vt 0.604492 0.606201
vt 0.864746 0.857422
vt 0.887695 0.270752
vt 0.902100 0.145508
vt 0.491211 0.941895
vt 0.907471 0.884033
vt 0.914795 0.355469
vt 0.930908 0.684570
vt 0.932617 0.335693
vt 0.964355 0.617432
vt 0.989502 0.396484
vt 0.193115 0.824463
vt 0.434814 0.922607
vt 0.922852 0.687500
vt 0.981934 0.392090
vt 0.279541 0.529541
vt 0.560791 0.332520
vt 0.206299 0.244873
vt 0.484619 0.863770
vt 0.622803 0.851318
vt 0.001953 0.621094
vt 0.206299 0.236328
vt 0.392090 0.220947
vt 0.631104 0.849365
vt 0.681641 0.140625
vt 0.830078 0.323242
vt 0.068604 0.274170
vt 0.425781 0.099121
vt 0.799316 0.945801
vt 0.977783 0.703857
vt 0.197998 0.207275
vt 0.452393 0.108887
vt 0.950928 0.482910
vt 0.964355 0.835938
vt 0.400391 0.191895
vt 0.435059 0.109131
vt 0.791260 0.934814
vt 0.964355 0.703857
vt 0.253662 0.225342
vt 0.708740 0.725342
vt 0.804688 0.554688
vt 0.880371 0.826172
vt 0.067139 0.288818
vt 0.426270 0.085938
vt 0.792480 0.545166
vt 0.460205 0.097412
vt 0.827148 0.874023
vt 0.902100 0.588867
vt 0.943359 0.494385
vt 0.977295 0.838867
vt 0.018066 0.749023
vt 0.589600 0.582764
vt 0.166260 0.156250
vt 0.330811 0.736084
vt 0.657227 0.833496
vt 0.813477 0.694580
vt 0.822510 0.221924
vt 0.061035 0.304932
vt 0.397461 0.234863
vt 0.884033 0.094238
vt 0.061279 0.774170
vt 0.218018 0.725342
vt 0.278320 0.047363
vt 0.830078 0.904053
vt 0.902100 0.220947
vt 0.288574 0.035889
vt 0.830078 0.887207
vt 0.902832 0.602539
vt 0.413818 0.099121
vt 0.705322 0.694580
vt 0.881348 0.168945
vt 0.907471 0.293701
vt 0.369141 0.530029
vt 0.560059 0.242676
vt 0.198975 0.248047
vt 0.273193 0.105225
vt 0.908936 0.617188
vt 0.041992 0.355469
vt 0.546631 0.938232
vt 0.958008 0.389160
vt 0.964355 0.915527
vt 0.964355 0.496094
vt 0.236328 0.888184
vt 0.561035 0.497803
vt 0.924316 0.033936
vt 0.930908 0.055176
vt 0.161621 0.981934
vt 0.231934 0.902100
vt 0.929688 0.069824
vt 0.936768 0.022705
vt 0.958008 0.404053
vt 0.978271 0.496094
vt 0.916016 0.398193
vt 0.414062 0.084229
vt 0.705566 0.710938
vt 0.803955 0.539795
vt 0.221924 0.693848
vt 0.472900 0.097168
vt 0.001709 0.573730
vt 0.064697 0.186523
vt 0.930908 0.077637
vt 0.934570 0.052246
vt 0.918457 0.406006
vt 0.865967 0.869873
vt 0.885986 0.283203
vt 0.017090 0.625000
vt 0.351807 0.759033
vt 0.428467 0.927490
vt 0.465576 0.245361
vt 0.967529 0.624268
vt 0.981934 0.399414
vt 0.017090 0.640625
vt 0.451172 0.242188
vt 0.486572 0.991699
vt 0.826416 0.566650
vt 0.272461 0.947266
vt 0.615479 0.841553
vt 0.774170 0.730713
vt 0.059570 0.293945
vt 0.402832 0.224365
vt 0.059082 0.279053
vt 0.404053 0.209717
vt 0.791260 0.952637
vt 0.193848 0.223877
vt 0.910400 0.592529
vt 0.950928 0.499756
vt 0.285400 0.952637
vt 0.560791 0.966064
vt 0.640625 0.828125
vt 0.194336 0.238525
vt 0.911133 0.607422
vt 0.221924 0.709961
vt 0.470703 0.082520
vt 0.819580 0.890381
vt 0.078125 0.188965
vt 0.264648 0.231934
vt 0.326904 0.063965
vt 0.549805 0.335938
vt 0.306641 0.227295
vt 0.586426 0.332031
vt 0.294434 0.225830
vt 0.599121 0.582275
vt 0.048828 0.364502
vt 0.167725 0.984375
vt 0.333252 0.797607
vt 0.407715 0.128174
vt 0.455078 0.735352
vt 0.465576 0.202881
vt 0.826416 0.523438
vt 0.858887 0.485352
vt 0.913086 0.653320
vt 0.973389 0.491455
vt 0.890625 0.178711
vt 0.897705 0.303223
vt 0.210205 0.880371
vt 0.507080 0.941895
vt 0.895752 0.874268
vt 0.212158 0.901855
vt 0.907471 0.856201
vt 0.907471 0.559326
vt 0.914795 0.382568
vt 0.937256 0.054199
vt 0.944092 0.041504
vt 0.181396 0.113770
vt 0.636963 0.840576
vt 0.761963 0.748291
vt 0.941895 0.386230
vt 0.274658 0.542969
vt 0.680176 0.145752
vt 0.537598 0.807617
vt 0.815186 0.605469
vt 0.323242 0.534424
vt 0.555420 0.287598
vt 0.348633 0.158691
vt 0.550049 0.238770
vt 0.864746 0.889404
vt 0.886230 0.302979
vt 0.902100 0.178467
vt 0.023438 0.635986
vt 0.479004 0.991699
vt 0.938232 0.323730
vt 0.978027 0.617432
vt 0.292236 0.948975
vt 0.505127 0.815918
vt 0.569580 0.966064
vt 0.744141 0.751465
vt 0.941895 0.366943
vt 0.561035 0.978027
vt 0.644043 0.839600
vt 0.936523 0.380859
vt 0.480957 0.981934
vt 0.819580 0.558105
vt 0.905518 0.546875
vt 0.906494 0.371582
vt 0.932617 0.315674
vt 0.212158 0.069336
vt 0.273682 0.554443
vt 0.691162 0.143555
vt 0.622314 0.847900
vt 0.775879 0.740234
vt 0.372803 0.543457
vt 0.706787 0.558594
vt 0.070312 0.916504
vt 0.161621 0.992676
vt 0.906006 0.661377
vt 0.937256 0.035400
vt 0.947266 0.022705
vt 0.064697 0.928223
vt 0.900635 0.564697
vt 0.943604 0.048340
vt 0.188232 0.167236
vt 0.374268 0.554199
vt 0.695801 0.557373
vt 0.070312 0.936523
vt 0.816406 0.549072
vt 0.900635 0.554932
vt 0.913086 0.680176
vt 0.347412 0.108887
vt 0.544678 0.287354
vt 0.336670 0.057129
vt 0.438477 0.642334
vt 0.761963 0.340820
vt 0.438477 0.615234
vt 0.477295 0.354248
vt 0.784912 0.343018
vt 0.526123 0.822021
vt 0.733887 0.771729
vt 0.759521 0.829834
vt 0.504883 0.829102
vt 0.753662 0.760498
vt 0.323242 0.548584
vt 0.361328 0.159912
vt 0.469238 0.788818
vt 0.631592 0.478027
vt 0.413574 0.270020
vt 0.492676 0.790283
vt 0.604492 0.478027
vt 0.537598 0.827393
vt 0.755371 0.840820
vt 0.830078 0.618896
vt 0.205078 0.120117
vt 0.323486 0.559326
vt 0.519775 0.832520
vt 0.745850 0.773926
vt 0.510010 0.835449
vt 0.754639 0.769043
vt 0.360596 0.106201
vt 0.469238 0.735352
vt 0.761963 0.394775
vt 0.454590 0.304688
vt 0.492676 0.736816
vt 0.784912 0.396973
vn 0.297000 -0.021214 -0.954642
vn -0.488794 0.862274 0.132525
vn 0.253113 0.949175 0.187084
vn -0.797509 -0.128499 -0.589463
vn 0.268447 -0.854151 -0.445379
vn -0.628109 -0.261712 -0.732794
vn 0.190476 0.238095 0.952381
vn -0.087601 -0.547504 -0.832205
vn -0.987899 -0.044567 -0.148556
vn -0.684601 0.468411 0.558491
vn -0.987809 -0.080092 -0.133488
vn -0.982138 -0.180920 -0.051692
vn -0.564892 0.268996 0.780089
vn -0.271235 0.645276 -0.714178
vn -0.777753 -0.137395 -0.613370
vn -0.212713 -0.939892 -0.267127
vn 0.129486 -0.293046 -0.947289
vn -0.082067 0.763579 0.640478
vn -0.660979 0.572849 0.484718
vn -0.337828 0.924059 0.178850
vn 0.181969 0.764268 -0.618693
vn -0.182574 -0.365148 0.912871
vn 0.060858 -0.608581 0.791155
vn -0.703515 0.446677 -0.552762
vn -0.828756 0.531379 -0.175501
vn -0.615457 0.492366 0.615457
vn 0.607984 -0.781693 0.138968
vn 0.000000 0.980581 -0.196116
vn 0.000000 1.000000 0.000000
vn 0.517804 -0.846569 -0.123287
vn 0.784465 -0.196116 -0.588348
vn 0.000000 0.196116 -0.980581
vn 0.000000 1.000000 -0.000000
vn -0.652936 0.745068 0.136195
vn -0.982125 -0.048500 -0.181875
vn -1.000000 0.000000 -0.000000
vn -0.392775 0.853859 0.341544
vn -0.344031 0.923970 0.167101
vn -0.993808 0.049691 -0.099381
vn -1.000000 0.000000 -0.000000
vn -0.639111 0.578818 0.506465
vn -0.991837 0.090167 -0.090167
vn -0.985618 -0.127176 -0.111279
vn -0.634029 0.691669 0.345834
vn -1.000000 0.000000 -0.000000
vn -0.991837 0.090167 -0.090167
vn -0.355785 0.807359 0.470731
vn -1.000000 0.000000 0.000000
vn -0.623275 0.405949 0.668381
vn -0.961894 -0.098152 -0.255197
vn -0.985618 -0.127176 -0.111279
vn -0.346844 -0.520266 0.780399
vn -0.329685 -0.085474 0.940214
vn -0.979715 -0.018143 -0.199572
vn -0.323662 0.510391 0.796708
vn -0.244497 -0.190164 0.950820
vn -0.977835 0.057520 -0.201319
vn 0.500239 -0.803956 0.321582
vn 0.046374 -0.927478 0.370991
vn 0.181418 0.201576 0.962525
vn 0.534522 -0.801784 0.267261
vn 0.124129 -0.989029 -0.080083
vn -0.055512 -0.943694 0.326130
vn 0.607229 0.690574 0.392913
vn 0.650945 0.390566 0.650945
vn 0.633459 0.690185 0.349820
vn 0.650945 0.390566 0.650945
vn 0.123091 -0.861640 0.492366
vn -0.202135 0.848132 -0.489708
vn 0.001041 -0.666429 0.745568
vn 0.096674 -0.483368 -0.870063
vn 0.109764 0.109764 0.987878
vn -0.655611 -0.655610 0.374634
vn 0.321403 0.830291 -0.455321
vn 0.877454 0.246783 -0.411306
vn 0.690774 -0.549290 -0.470226
vn -0.247045 -0.964274 -0.095631
vn 0.280266 -0.945898 -0.163489
vn -0.549442 0.137361 -0.824163
vn 0.182788 -0.922250 -0.340651
vn 0.729111 0.649931 0.214444
vn 0.745728 -0.657910 -0.105093
vn -0.953734 0.108197 -0.280510
vn -0.973089 0.010463 -0.230193
vn -0.048350 -0.888809 0.455720
vn -0.831157 -0.546514 0.102471
vn -0.297698 0.649656 -0.699517
vn -0.159816 0.930696 0.329034
vn 0.566815 0.797479 -0.206754
vn -0.524272 0.826126 -0.206531
vn 0.147929 0.665681 -0.731427
vn 0.000000 0.371391 -0.928477
vn 0.667791 0.718509 -0.194420
vn 0.073972 0.898227 0.433262
vn -0.754768 -0.008985 -0.655930
vn -0.897255 -0.438731 -0.049481
vn -0.942809 0.047141 -0.329983
vn -0.207137 -0.928774 -0.307364
vn 0.674209 0.678826 0.290926
vn -0.949926 0.087493 -0.299977
vn -0.978997 -0.104892 -0.174821
vn -0.991837 0.090167 -0.090167
vn -0.337072 0.648216 0.682787
vn -0.985618 -0.127176 -0.111279
vn -0.953463 -0.095346 -0.286039
vn -0.169216 -0.543908 0.821906
vn -0.274721 0.000000 0.961524
vn -0.981220 -0.050753 -0.186094
vn -0.360000 0.480000 0.800000
vn -0.272454 0.128214 0.953588
vn -0.611357 0.788166 -0.070972
vn -0.977094 0.021176 -0.211754
vn -0.976258 -0.026505 -0.214983
vn -0.466327 -0.869181 -0.164510
vn 0.108927 0.993957 0.013616
vn -0.283975 0.943203 0.172413
vn -0.631559 0.774713 -0.030876
vn -0.164419 0.953629 0.252109
vn 0.371391 0.742781 -0.557086
vn 0.250378 -0.658475 -0.709734
vn -0.021262 0.679318 0.733536
vn -0.685435 -0.142799 -0.713994
vn 0.297000 -0.021214 -0.954642
vn -0.779473 -0.064850 -0.623070
vn -0.147456 -0.249335 -0.957125
vn 0.675566 0.085193 -0.732361
vn 0.208232 0.884985 0.416463
vn 0.461499 0.807623 0.367101
vn -0.601861 -0.541675 -0.586815
vn -0.388666 -0.494666 -0.777332
vn -0.778703 -0.160251 -0.606581
vn -0.444221 -0.890567 0.097771
vn -0.000000 -0.624695 0.780869
vn 0.000000 0.371391 -0.928477
vn 0.555350 0.793357 -0.249341
vn -0.093639 0.950798 0.295323
vn -0.071050 0.769013 -0.635272
vn 0.058216 0.713147 -0.698593
vn 0.683763 -0.569803 0.455842
vn -0.182574 -0.365148 0.912871
vn 0.652714 -0.271964 0.707107
vn -0.784360 0.252738 0.566482
vn 0.795557 -0.238667 -0.556890
vn 0.508770 -0.858550 -0.063596
vn -0.790789 0.273735 0.547469
vn -0.611593 0.786334 -0.087370
vn 0.801784 -0.267261 -0.534523
vn 0.572527 -0.357830 0.737679
vn 0.949463 0.114770 -0.292143
vn -0.971666 0.224231 -0.074744
vn -0.919978 0.391480 -0.019574
vn -0.928414 0.290130 0.232104
vn 0.680414 -0.680414 0.272166
vn -0.857493 0.000000 -0.514496
vn -0.882197 0.126028 -0.453701
vn 0.000000 0.980581 -0.196116
vn 0.000000 1.000000 -0.000000
vn -0.000313 -0.009160 0.999958
vn -0.010540 -0.316210 0.948631
vn 0.164399 -0.986394 0.000000
vn -0.227230 -0.973841 0.000000
vn 0.164399 -0.986394 0.000000
vn -0.227230 -0.973841 0.000000
vn 0.164399 -0.986394 0.000000
vn -0.234221 -0.972105 -0.012327
vn -0.080078 -0.684298 0.724792
vn 0.164399 -0.986394 0.000000
vn -0.234641 -0.972082 0.000000
vn 0.675926 0.627646 -0.386244
vn 0.000000 -0.000000 1.000000
vn 0.158555 -0.951330 0.264258
vn 0.586884 -0.788626 0.183401
vn 0.010622 -0.185881 -0.982515
vn 0.127154 -0.012715 0.991801
vn 0.729694 -0.431183 0.530687
vn -0.803980 0.334992 -0.491321
vn -0.087601 -0.547504 -0.832205
vn 0.800134 -0.124465 0.586765
vn 0.662919 -0.710271 0.236757
vn 0.004646 0.144021 0.989564
vn -0.566471 0.814771 -0.123526
vn 0.191520 0.924541 -0.329460
vn 0.261076 -0.957279 0.124322
vn -0.036736 -0.955134 0.293887
vn -0.063531 -0.990331 -0.123324
vn 0.609088 -0.652083 0.451442
vn 0.577402 -0.483407 0.657970
vn 0.910786 -0.097584 -0.401180
vn -0.495100 0.605123 -0.623460
vn 0.921531 0.189727 -0.338798
vn -0.534261 0.237449 -0.811285
vn 0.515889 -0.198419 0.833360
vn 0.912182 0.217186 -0.347498
vn -0.095346 0.953463 0.286039
vn -0.971666 0.224231 -0.074744
vn -0.838746 -0.542116 -0.051143
vn -0.928414 0.290130 0.232104
vn 0.521238 -0.837141 -0.165849
vn 0.255300 -0.105124 -0.961130
vn -0.523424 0.837478 -0.157027
vn -0.976618 0.127134 -0.173364
vn 0.815139 0.366812 -0.448326
vn 0.557086 0.371391 0.742781
vn 0.466252 0.279751 0.839254
vn 0.576757 -0.736968 0.352463
vn -0.254532 0.956213 0.144464
vn -0.616556 0.773974 0.144300
vn 0.040006 0.106683 0.993488
vn -0.033621 -0.978200 -0.204926
vn -0.851225 -0.174370 -0.494986
vn -0.183964 -0.435704 0.881090
vn -0.334992 0.049264 0.940932
vn -0.799634 0.407976 0.440615
vn -0.647415 -0.719350 0.251773
vn 0.589383 -0.487223 0.644392
vn -0.677635 -0.686855 0.262757
vn 0.581091 -0.637326 0.506112
vn -0.272375 -0.960481 -0.057342
vn -0.008774 -0.748730 0.662817
vn 0.039921 -0.974076 -0.222671
vn -0.019509 -0.799848 0.599886
vn -0.034683 -0.836095 -0.547488
vn -0.076209 -0.662432 -0.745236
vn -0.068202 -0.636548 0.768216
vn -0.019653 -0.184435 0.982648
vn 0.022740 -0.659474 0.751384
vn 0.005755 -0.181288 0.983413
vn 0.182908 -0.983130 0.000000
vn -0.247833 -0.968803 0.000000
vn 0.182908 -0.983130 0.000000
vn 0.000000 -0.000000 -1.000000
vn -0.247833 -0.968803 0.000000
vn -0.150247 0.914000 0.376869
vn -0.449667 0.893175 0.006160
vn -0.065644 0.804144 0.590799
vn -0.423096 -0.511651 -0.747798
vn 0.631169 0.450835 -0.631169
vn 0.681005 0.595879 -0.425628
vn 0.158555 -0.951330 0.264258
vn -0.000000 -1.000000 0.000000
vn 0.273576 0.091192 0.957518
vn 0.729694 -0.431183 0.530687
vn -0.769151 0.073253 -0.634855
vn 0.004581 -0.288605 -0.957437
vn 0.049996 -0.712444 -0.699945
vn -0.032832 0.990429 -0.134063
vn -0.045505 0.935709 0.349825
vn 0.106224 -0.823235 0.557675
vn -0.000000 -0.447214 0.894427
vn -0.163087 -0.740165 0.652349
vn 0.683763 -0.569803 0.455842
vn -0.182574 -0.365148 0.912871
vn 0.324443 0.486664 -0.811107
vn 0.060858 -0.608581 0.791155
vn -0.522861 -0.053172 0.850758
vn -0.288993 -0.237387 0.927432
vn -0.000000 -0.196116 0.980581
vn 0.000000 0.707107 -0.707107
vn 0.652714 -0.271964 0.707107
vn 0.837532 0.081051 0.540343
vn 0.408248 -0.408248 -0.816497
vn 0.549030 0.814079 -0.189321
vn 0.461566 -0.593442 -0.659380
vn 0.241955 -0.069130 -0.967822
vn -0.239187 -0.165591 0.956749
vn -0.781593 0.244248 0.573982
vn 0.792594 -0.226456 -0.566139
vn -0.503147 0.598985 -0.622944
vn 0.209775 0.943986 -0.254726
vn 0.921770 -0.041899 -0.385467
vn 0.069523 0.312854 -0.947253
vn -0.728250 0.631150 0.267025
vn -0.801784 -0.267261 0.534523
vn 0.953313 -0.112155 -0.280386
vn 0.843274 -0.527046 -0.105409
vn -0.438633 0.194948 -0.877266
vn 0.861411 0.269191 -0.430705
vn -0.534261 0.237449 -0.811285
vn 0.000000 1.000000 0.000000
vn -0.912833 0.400005 0.082052
vn -0.852058 -0.499765 0.155665
vn -0.615457 0.492366 0.615457
vn -0.556022 -0.617802 0.556022
vn -0.928414 0.290130 0.232104
vn 0.683932 0.729528 0.005066
vn -0.903932 -0.065031 -0.422702
vn -0.780751 -0.624601 -0.017350
vn -0.904819 0.000000 -0.425797
vn -0.222234 -0.969746 0.101015
vn -0.237252 -0.949008 -0.207596
vn 0.000000 0.196116 -0.980581
vn -0.706746 0.700601 -0.098330
vn -0.886969 0.295656 -0.354788
vn 0.000000 1.000000 -0.000000
vn -0.693103 -0.198029 0.693103
vn -0.773545 -0.368355 0.515697
vn -0.831398 -0.039590 0.554265
vn -0.858698 -0.398681 0.322012
vn -0.492068 -0.590481 0.639688
vn -0.443264 -0.246258 0.861902
vn -0.616420 0.054550 0.785526
vn -0.473030 -0.262794 0.840941
vn -0.441534 -0.854884 -0.272436
vn -0.952999 -0.065724 -0.295758
vn -0.482988 -0.859955 -0.164923
vn 0.847326 0.334471 -0.412514
vn 0.000000 -0.000000 -1.000000
vn -0.055512 -0.943694 0.326130
vn -0.319629 -0.069485 0.944992
vn -0.266490 0.951163 0.155794
vn -0.616556 0.773974 0.144300
vn -0.663291 0.723591 -0.190948
vn -0.298142 0.917361 0.263741
vn -0.083551 0.866288 0.492509
vn 0.078878 -0.914487 -0.396853
vn 0.267261 -0.534523 -0.801784
vn 0.337630 0.836997 -0.430629
vn 0.191619 0.894224 -0.404530
vn 0.763984 0.489293 -0.420620
vn 0.294484 -0.257673 -0.920263
vn -0.247045 -0.964274 -0.095631
vn 0.562408 -0.789435 -0.245946
vn 0.193882 0.979891 0.047161
vn -0.822388 0.567713 -0.037140
vn 0.709413 0.593927 -0.379453
vn -0.000000 -0.707107 0.707107
vn -0.000000 -1.000000 0.000000
vn 0.742781 0.371390 -0.557086
vn 0.228527 -0.554996 0.799847
vn 0.623783 0.686161 -0.374270
vn 0.796030 -0.597022 -0.099504
vn 0.266123 0.106449 0.958043
vn -0.639602 -0.255841 -0.724882
vn 0.033376 -0.903008 -0.428326
vn -0.060858 0.608581 -0.791155
vn -0.441054 -0.661581 0.606450
vn 0.216612 0.324918 -0.920602
vn -0.602204 -0.777360 0.181829
vn 0.047600 -0.380797 0.923433
vn 0.364114 -0.736967 0.569474
vn -0.242882 -0.700071 0.671497
vn -0.327869 -0.309654 0.892534
vn 0.683763 -0.569803 0.455842
vn 0.652714 -0.271964 0.707107
vn -0.342255 0.079679 0.936223
vn -0.691806 0.626542 0.358956
vn -0.534805 -0.038661 0.844090
vn -0.090208 0.481108 0.872008
vn -0.660979 0.572849 0.484718
vn 0.842160 0.088648 0.531891
vn 0.461566 -0.593442 -0.659380
vn 0.281718 -0.619780 0.732467
vn 0.496423 -0.406164 -0.767199
vn 0.610715 -0.766838 0.197449
vn -0.178301 -0.106017 0.978248
vn 0.138343 -0.968400 0.207514
vn -0.801784 -0.267261 0.534523
vn 0.508770 -0.858550 -0.063596
vn 0.942083 0.314027 -0.117760
vn -0.611593 0.786334 -0.087370
vn -0.658487 0.716249 0.231048
vn 0.707107 -0.707107 0.000000
vn -0.783380 0.061846 0.618458
vn 0.566082 -0.169825 0.806667
vn -0.169031 0.845154 0.507092
vn -0.824621 0.291043 -0.485071
vn -0.624695 0.624695 -0.468521
vn 0.861057 -0.334856 0.382692
vn 0.547047 -0.834022 -0.071744
vn -0.889108 0.222277 -0.400099
vn -0.778718 -0.622975 0.074164
vn -0.257066 -0.950366 0.175273
vn 0.335007 0.339862 -0.878786
vn 0.879994 -0.028128 -0.474152
vn -0.971666 0.224231 -0.074744
vn 0.255300 -0.105124 -0.961130
vn -0.920361 0.389601 -0.033878
vn -0.849046 -0.525537 -0.054138
vn -0.976618 0.127134 -0.173364
vn -0.794924 0.298822 0.528016
vn -0.593305 0.797254 -0.111245
vn -0.956059 -0.018544 -0.292587
vn 0.859776 0.289707 -0.420542
vn 0.487179 -0.871795 0.051282
vn -0.195291 -0.800696 0.566346
vn 0.589383 -0.487223 0.644392
vn 0.481845 -0.874316 -0.058288
vn -0.147525 0.882542 0.446493
vn 0.254944 -0.607009 -0.752691
vn -0.140028 0.140028 0.980196
vn -0.655611 -0.655610 0.374634
vn 0.481845 -0.874316 -0.058288
vn 0.034900 -0.907406 -0.418803
vn -0.781882 -0.288956 0.552417
vn -0.599436 0.751612 -0.275238
vn 0.494700 -0.865725 0.076108
vn 0.264258 -0.951330 0.158555
vn 0.631169 0.450835 -0.631169
vn 0.754247 0.612826 -0.235702
vn -0.000000 -0.707107 0.707107
vn -0.000000 -1.000000 0.000000
vn 0.113776 0.910208 -0.398216
vn -0.184900 0.739600 0.647150
vn -0.559950 -0.818388 0.129219
vn -0.436112 -0.517882 -0.735938
vn 0.742781 0.371390 -0.557086
vn 0.666667 0.666667 -0.333333
vn 0.000000 -0.000000 1.000000
vn 0.796030 -0.597022 -0.099504
vn 0.211999 -0.635999 0.741999
vn 0.610563 0.702147 -0.366338
vn -0.104828 0.314485 0.943456
vn -0.384111 -0.768221 -0.512148
vn -0.506014 0.088003 -0.858024
vn -0.174821 -0.279713 0.944033
vn 0.039590 0.831398 0.554265
vn -0.384111 -0.768221 -0.512148
vn 0.255551 0.127775 0.958315
vn -0.618853 -0.309426 -0.721995
vn 0.039590 0.831398 0.554265
vn -0.592898 0.780649 0.197633
vn 0.203353 0.947537 -0.246619
vn 0.339039 0.938412 0.066597
vn -0.286038 0.953463 -0.095346
vn 0.937519 0.343447 0.055694
vn 0.388922 0.713024 -0.583384
vn 0.546042 0.780060 -0.305524
vn -0.063564 0.794552 -0.603860
vn -0.121070 -0.443924 -0.887848
vn -0.095346 0.953463 0.286039
vn 0.000000 0.447213 -0.894427
vn 0.408248 0.816497 -0.408248
vn 0.954711 0.284988 0.085496
vn 0.508770 -0.858550 -0.063596
vn 0.953313 -0.112155 -0.280386
vn 0.222375 0.459575 0.859849
vn 0.241955 -0.069130 -0.967822
vn 0.073972 0.898227 0.433262
vn 0.795557 -0.238667 -0.556890
vn -0.857458 0.135388 0.496423
vn -0.438633 0.194948 -0.877266
vn -0.095346 0.953463 0.286039
vn -0.777924 0.061014 0.625390
vn 0.574696 -0.287348 0.766261
vn 0.948683 -0.000000 0.316228
vn -0.717137 -0.358568 -0.597614
vn 0.639602 0.639602 0.426401
vn 0.681349 0.731204 -0.033237
vn -0.874422 -0.278225 -0.397464
vn 0.707107 -0.707107 -0.000000
vn 0.779579 -0.533397 0.328244
vn -0.512147 0.768221 -0.384111
vn -0.624695 0.624695 -0.468521
vn 0.803129 -0.368101 0.468492
vn -0.793591 0.605635 0.058475
vn -0.675536 0.548556 0.492684
vn -0.688600 0.658919 0.302747
vn -0.824231 -0.492138 0.280078
vn -0.358830 -0.821052 0.443976
vn -0.994135 0.076472 0.076472
vn 0.466252 0.279751 0.839254
vn 0.520483 -0.751810 0.404821
vn -0.904534 -0.301511 0.301511
vn -0.762493 -0.457496 -0.457496
vn 0.756633 0.116176 0.643436
vn 0.764298 -0.539505 0.353247
vn -0.994135 0.076472 0.076472
vn -0.762493 -0.457496 -0.457496
vn -0.746088 0.646332 -0.160024
vn -0.681638 -0.336809 -0.649561
vn 0.267261 -0.534523 -0.801784
vn -0.273609 0.060287 0.959950
vn 0.055677 -0.626968 -0.777053
vn 0.208831 -0.590838 -0.779295
vn -0.281592 0.554383 0.783177
vn -0.050411 -0.365480 -0.929453
vn -0.086372 -0.900737 -0.425691
vn -0.685435 -0.142799 -0.713994
vn -0.069536 -0.747515 0.660595
vn -0.401277 -0.834096 -0.378497
vn -0.751006 -0.637951 -0.170316
vn 0.599461 0.798088 -0.060841
vn -0.822388 0.567713 -0.037140
vn -0.847883 -0.399004 -0.349128
vn 0.577350 0.577350 -0.577350
vn 0.678829 0.578262 -0.452553
vn -0.092231 -0.983801 -0.153719
vn 0.099504 0.796029 0.597023
vn 0.113776 0.910208 -0.398216
vn -0.612018 -0.714021 -0.340011
vn -0.639688 0.590481 0.492069
vn -0.337016 0.643786 0.686993
vn -0.004084 0.122526 0.992457
vn -0.106112 -0.159167 0.981533
vn 0.228086 0.608228 0.760286
vn -0.506014 0.088003 -0.858024
vn -0.174821 -0.279713 0.944033
vn -0.597665 -0.641396 -0.481048
vn -0.000000 -0.707107 0.707107
vn 0.135926 0.509721 -0.849535
vn 0.051809 0.686462 -0.725318
vn -0.441055 -0.661581 0.606450
vn 0.000000 0.527934 -0.849285
vn -0.301511 -0.301511 -0.904534
vn 0.333333 -0.666667 -0.666667
vn 0.534522 -0.267261 -0.801784
vn -0.128499 0.417620 0.899490
vn -0.119310 0.536895 0.835170
vn -0.361773 -0.226108 0.904431
vn -0.498970 -0.090722 0.861858
vn -0.476883 0.617602 0.625420
vn -0.242390 0.034627 0.969561
vn -0.272136 -0.690806 0.669873
vn -0.327869 -0.309654 0.892534
vn 0.155230 0.698535 -0.698536
vn -0.367578 -0.066832 0.927588
vn 0.436435 -0.872872 -0.218218
vn 0.696311 0.174078 0.696311
vn 0.883363 -0.321223 -0.341299
vn 0.030420 0.147032 0.988664
vn 0.707107 -0.707107 0.000000
vn -0.000000 -1.000000 0.000000
vn -0.758844 -0.005663 -0.651247
vn -0.615457 0.492366 0.615457
vn -0.556022 -0.617802 0.556022
vn -0.814963 0.298157 -0.496929
vn 0.803129 -0.368101 0.468492
vn 0.919145 -0.000000 0.393919
vn 0.655610 0.655610 0.374634
vn -0.624695 -0.624695 -0.468521
vn 0.904762 0.190476 0.380952
vn -0.577350 -0.577350 -0.577350
vn 0.707107 -0.707107 -0.000000
vn -0.813991 0.305247 -0.494209
vn -0.624695 0.624695 -0.468521
vn 0.801784 -0.534523 0.267261
vn -0.554877 0.807093 -0.201773
vn -0.616556 0.773974 0.144300
vn 0.847998 -0.000000 -0.529999
vn 0.000000 -0.000000 -1.000000
vn 0.683486 0.683486 -0.256307
vn -0.298142 0.917361 0.263741
vn -0.178174 -0.089087 0.979958
vn 0.813734 0.348743 -0.464990
vn 0.557086 0.371391 0.742781
vn 0.847998 -0.000000 -0.529999
vn -0.217500 0.942499 0.253750
vn 0.000000 -0.000000 -1.000000
vn 0.163993 -0.919788 -0.356507
vn 0.558886 -0.822512 0.105450
vn -0.994135 0.076472 0.076472
vn 0.534162 -0.812855 0.232244
vn -0.876230 -0.152388 0.457164
vn -0.639255 0.768876 0.013535
vn 0.103431 -0.618388 -0.779037
vn 0.500108 -0.808999 -0.308890
vn 0.513071 -0.819114 -0.256535
vn -0.032141 -0.123971 -0.991765
vn -0.075298 -0.744224 0.663673
vn -0.220193 -0.275241 0.935819
vn 0.492518 -0.211079 -0.844317
vn -0.128499 0.417620 0.899490
vn 0.534522 -0.267261 -0.801784
vn -0.286251 0.613396 0.736075
vn 0.408248 -0.408248 -0.816497
vn 0.476651 0.854000 -0.208535
vn 0.025898 0.802829 -0.595647
vn 0.548151 -0.479632 -0.685189
vn 0.498970 -0.861857 0.090722
vn -0.722261 -0.509831 0.467345
vn 0.042033 -0.378298 0.924729
vn -0.356916 -0.927980 -0.107075
vn 0.138343 -0.968400 0.207514
vn 0.937519 0.343447 0.055694
vn -0.940142 0.145884 0.307978
vn 0.241955 -0.069130 -0.967822
vn -0.239187 -0.165591 0.956749
vn 0.117688 -0.988577 0.094150
vn 0.973400 -0.102463 0.204926
vn 0.958315 0.127775 -0.255551
vn 0.422029 -0.656490 -0.625229
vn 0.061899 0.990375 -0.123797
vn 0.865290 0.082409 0.494452
vn 0.970169 0.058798 -0.235192
vn -0.308815 0.711618 0.631057
vn -0.588348 0.784465 0.196116
vn 0.000000 0.997055 0.076696
vn -0.000000 -1.000000 0.000000
vn 0.527046 -0.843274 0.105409
vn -0.779102 0.016937 0.626669
vn -0.503147 0.598985 -0.622944
vn -0.438633 0.194948 -0.877266
vn -0.534261 0.237449 -0.811285
vn -0.902531 -0.200562 -0.381068
vn 0.888889 0.111111 0.444444
vn -0.868243 0.000000 -0.496139
vn 0.655610 0.655610 0.374634
vn -0.707107 0.707107 0.000000
vn -0.964237 -0.064282 -0.257130
vn 0.902531 0.200562 0.381068
vn -0.624695 -0.624695 -0.468521
vn -0.795557 -0.238667 -0.556890
vn -0.697519 -0.656488 -0.287214
vn 0.896022 0.298674 0.328541
vn 0.532181 -0.827837 -0.177394
vn 0.815044 -0.533995 0.224840
vn 0.898577 0.171638 -0.403855
vn 0.255300 -0.105124 -0.961130
vn -0.859094 0.504422 -0.086698
vn -0.886969 0.295656 -0.354788
vn -0.819705 0.102463 0.563547
vn -0.858698 -0.398681 0.322012
vn -0.615065 0.786405 -0.057113
vn -0.983479 0.018013 -0.180124
vn -0.430706 -0.861411 -0.269191
vn -0.486513 -0.860753 -0.149696
vn -0.958686 -0.003512 -0.284445
vn 0.101731 -0.991882 -0.076299
vn 0.132164 -0.991228 0.000000
vn -0.183964 -0.435704 0.881090
vn -0.227135 -0.410105 0.883303
vn -0.283686 -0.904250 0.319147
vn -0.164399 -0.986394 0.000000
vn 0.132164 -0.991228 0.000000
vn -0.028095 -0.004436 -0.999595
vn -0.164399 -0.986394 0.000000
vn 0.332966 0.844342 -0.419786
vn -0.335377 -0.503066 0.796521
vn -0.534522 -0.801784 0.267261
vn 0.581091 -0.637326 0.506112
vn -0.272375 -0.960481 -0.057342
vn 0.538459 -0.698927 -0.470706
vn -0.778385 0.619970 0.098765
vn -0.425628 0.068101 -0.902332
vn 0.268447 -0.854151 -0.445379
vn -0.004789 -0.804565 0.593846
vn 0.483843 0.591364 -0.645124
vn -0.187647 -0.975763 -0.112588
vn 0.762493 -0.457496 0.457496
vn 0.577350 0.577350 -0.577350
vn -0.240966 -0.883541 -0.401610
vn 0.762493 -0.457496 0.457496
vn 0.510747 0.573608 0.640399
vn 0.044765 0.813100 0.580400
vn -0.211675 -0.684830 0.697282
vn 0.264258 -0.951330 0.158555
vn -0.000000 -1.000000 0.000000
vn 0.158555 -0.951330 0.264258
vn 0.000000 -0.000000 1.000000
vn 0.796030 -0.597022 -0.099504
vn 0.583614 0.729516 -0.356653
vn 0.122570 0.153213 0.980562
vn -0.003830 0.858835 0.512237
vn -0.598450 0.700074 0.389557
vn 0.390283 0.907524 0.155173
vn -0.309427 -0.928279 -0.206284
vn -0.782356 -0.620490 0.053956
vn -0.313051 -0.161367 -0.935927
vn -0.124244 -0.760994 0.636750
vn -0.224231 0.523204 -0.822179
vn 0.435028 -0.602347 -0.669274
vn -0.264906 0.264907 0.927173
vn -0.119310 0.536895 0.835170
vn -0.700369 -0.666204 0.256233
vn 0.053520 -0.660083 0.749284
vn 0.496423 -0.406164 -0.767199
vn 0.894427 0.447213 0.000000
vn 0.321173 0.695874 -0.642345
vn -0.940142 0.145884 0.307978
vn -0.444067 0.118418 0.888134
vn 0.842160 0.088648 0.531891
vn 0.839510 -0.531690 -0.111935
vn 0.611979 0.398498 -0.683140
vn 0.476651 0.854000 -0.208535
vn 0.847099 -0.207069 -0.489435
vn 0.069523 0.312854 -0.947253
vn -0.819705 0.102463 0.563547
vn -0.518166 0.587255 -0.621800
vn 0.209775 0.943986 -0.254726
vn 0.691363 0.448651 -0.566330
vn 0.983192 0.067806 0.169516
vn 0.488084 -0.638947 0.594576
vn -0.829561 0.207390 0.518476
vn 0.564936 -0.467837 0.679688
vn 0.879967 0.033845 0.473828
vn -0.315674 -0.615563 0.722103
vn -0.353228 -0.286997 0.890428
vn -0.902531 -0.200562 -0.381068
vn -0.871592 -0.266319 -0.411585
vn -0.701334 0.701334 -0.127515
vn 0.903384 0.287440 0.318238
vn 0.666667 0.666667 0.333333
vn -0.904534 0.301512 -0.301511
vn -0.488603 0.837606 -0.244302
vn -0.862196 -0.496738 0.099348
vn -0.883432 -0.167136 -0.437737
vn -0.909871 0.245147 0.334720
vn -0.852069 0.514987 0.093634
vn -0.706501 0.704188 -0.070534
vn -0.992394 -0.016579 -0.121977
vn -0.478046 -0.763979 -0.433368
vn -0.850380 -0.474795 -0.226768
vn -0.486513 -0.860753 -0.149696
vn -0.994333 0.010578 -0.105780
vn 0.557086 0.371391 0.742781
vn -0.217500 0.942499 0.253750
vn 0.466252 0.279751 0.839254
vn -0.846649 -0.376288 0.376288
vn 0.608545 0.416811 0.675235
vn -0.168217 0.958835 0.228775
vn -0.802288 -0.481373 0.353007
vn -0.762493 -0.457496 -0.457496
vn 0.841349 0.269867 -0.468298
vn 0.167309 -0.982032 -0.087292
vn -0.744942 -0.453949 -0.488868
vn -0.098643 -0.946974 0.305794
vn 0.838039 0.172537 -0.517612
vn 0.383482 -0.920358 -0.076696
vn -0.438397 -0.547997 -0.712396
vn -0.560772 0.729004 0.392541
vn -0.614034 0.784745 -0.084484
vn -0.987779 0.155223 0.014111
vn -0.341321 -0.787186 0.513652
vn -0.611447 -0.698796 0.371236
vn -0.327599 0.600058 0.729801
vn 0.011126 0.567438 -0.823341
vn -0.542445 0.822581 -0.170628
vn -0.221276 0.258155 -0.940422
vn -0.429108 -0.551710 0.715180
vn -0.267261 0.534522 -0.801784
vn -0.301511 -0.301511 -0.904534
vn 0.267261 0.165886 -0.949238
vn 0.301511 -0.301511 0.904534
vn 0.444444 0.111111 -0.888889
vn 0.000000 -0.000000 1.000000
vn -0.242536 0.000000 -0.970142
vn -0.055579 0.978201 -0.200086
vn 0.976187 -0.000000 -0.216930
vn 0.133156 -0.985354 0.106525
vn -0.242536 0.000000 -0.970142
vn 0.970169 0.058798 -0.235192
vn 0.847576 0.097797 0.521585
vn 0.609088 -0.652083 0.451442
vn -0.026452 -0.677163 0.735357
vn 0.706063 -0.054313 -0.706063
vn 0.873672 0.055766 0.483308
vn 0.422029 -0.656490 -0.625229
vn -0.666667 -0.666666 -0.333333
vn -0.894427 0.000000 -0.447214
vn -0.701334 0.701334 -0.127515
vn 0.798240 -0.547812 0.250428
vn -0.928014 0.269626 -0.257085
vn 0.890039 0.083241 -0.448221
vn 0.768221 -0.384111 0.512148
vn 0.335007 0.339862 -0.878786
vn -0.898427 -0.439004 -0.010209
vn 0.838444 -0.209611 -0.503066
vn 0.904534 0.301511 0.301511
vn 0.651946 0.757098 0.042061
vn -0.905126 -0.181025 -0.384678
vn 0.417995 0.548037 -0.724524
vn -0.973634 0.197272 0.114545
vn -0.956189 0.254177 -0.145244
vn -0.646594 0.760698 -0.057052
vn -0.903387 -0.360113 0.232832
vn -0.831398 -0.039590 0.554265
vn -0.363243 0.308756 0.879047
vn -0.416665 0.908814 0.021135
vn -0.402739 0.915315 0.000000
vn -0.037607 -0.005372 -0.999278
vn -0.226455 -0.792594 0.566139
vn 0.565311 -0.493652 0.660856
vn -0.461672 -0.547565 0.697877
vn 0.581091 -0.637326 0.506112
vn -0.256802 -0.142668 0.955876
vn -0.844983 0.483621 -0.228286
vn 0.430269 0.887290 0.166088
vn -0.847883 -0.399004 -0.349128
vn -0.987779 0.155223 0.014111
vn -0.843136 -0.433690 -0.317860
vn -0.147456 -0.249335 -0.957125
vn 0.690774 -0.549290 -0.470226
vn 0.575901 0.280567 -0.767868
vn 0.187647 0.713057 -0.675528
vn -0.460942 -0.590784 -0.662198
vn -0.549442 0.137361 -0.824163
vn 0.566749 0.743858 -0.354218
vn 0.414870 0.829740 -0.373383
vn -0.136458 -0.051172 0.989323
vn -0.231133 -0.947032 -0.222952
vn -0.865475 -0.500922 -0.005401
vn -0.204053 0.843062 0.497603
vn 0.272268 -0.233373 -0.933492
vn -0.169080 0.579703 0.797092
vn 0.232810 -0.186248 -0.954521
vn 0.232616 -0.587080 -0.775388
vn 0.534522 -0.267261 -0.801784
vn -0.154303 0.617213 -0.771517
vn -0.726523 -0.090815 -0.681115
vn 0.548151 -0.479632 -0.685189
vn 0.189565 0.331739 -0.924129
vn 0.191176 -0.573528 0.796566
vn 0.315906 -0.406164 0.857458
vn 0.284251 0.487288 -0.825683
vn 0.332820 0.443760 0.832050
vn 0.267586 -0.594635 -0.758160
vn 0.298142 0.596285 0.745356
vn -0.264906 0.264907 0.927173
vn 0.388922 0.713024 -0.583384
vn -0.703985 0.093865 0.703985
vn -0.444067 0.118418 0.888134
vn 0.348743 0.464991 0.813733
vn 0.228966 0.361525 0.903811
vn -0.099015 0.099015 0.990148
vn 0.012921 0.839847 0.542670
vn -0.658487 0.716249 0.231048
vn 0.132164 0.594737 0.792982
vn -0.940142 0.145884 0.307978
vn -0.801784 -0.267261 0.534523
vn -0.871560 -0.138343 0.470366
vn -0.071600 0.917793 0.390550
vn 0.000000 0.196116 0.980581
vn -0.703985 0.093865 0.703985
vn -0.444067 0.118418 0.888134
vn 0.599804 0.548392 0.582667
vn -0.239187 -0.165591 0.956749
vn -0.611593 0.786334 -0.087370
vn -0.784360 0.252738 0.566482
vn -0.996748 -0.019544 -0.078176
vn -0.507092 0.845154 -0.169031
vn 0.132164 0.991228 0.000000
vn 0.000000 0.997055 0.076696
vn -0.963637 -0.037790 -0.264528
vn 0.846946 -0.156359 -0.508168
vn 0.904534 0.301511 0.301511
vn -0.863869 -0.259160 -0.431934
vn 0.902531 0.200562 0.381068
vn -0.956290 0.174122 0.234927
vn -0.976393 -0.113205 0.183958
vn -0.831398 -0.039590 0.554265
vn -0.858698 -0.398681 0.322012
vn 0.731853 0.500741 -0.462223
vn -0.713403 0.660230 -0.234847
vn 0.657041 0.657042 -0.369586
vn -0.298142 0.917361 0.263741
vn -0.544029 -0.436756 -0.716433
vn 0.163993 -0.919788 -0.356507
vn -0.815627 -0.212063 0.538314
vn 0.383482 -0.920358 -0.076696
vn -0.838039 -0.172537 0.517612
vn -0.438397 -0.547997 -0.712396
vn 0.485071 0.727607 -0.485071
vn -0.534522 -0.801784 0.267261
vn 0.371391 0.742781 -0.557086
vn -0.278389 0.608280 0.743300
vn -0.044317 -0.639828 0.767240
vn -0.843136 -0.433690 -0.317860
vn 0.690774 -0.549290 -0.470226
vn -0.247045 -0.964274 -0.095631
vn 0.536111 0.842817 -0.047377
vn -0.969387 -0.214304 -0.119845
vn -0.992142 -0.019922 -0.123520
vn 0.048172 0.830491 0.554945
vn 0.278192 0.914606 0.293436
vn -0.987779 0.155223 0.014111
vn -0.568075 -0.694314 0.441836
vn -0.646219 -0.712498 0.273400
vn 0.264258 -0.951330 0.158555
vn -0.187647 -0.975763 -0.112588
vn 0.762493 -0.457496 0.457496
vn -0.092231 -0.983801 -0.153719
vn -0.000000 -0.707107 0.707107
vn 0.742781 0.371390 -0.557086
vn 0.597608 0.714995 -0.362833
vn 0.631169 0.450835 -0.631169
vn 0.540729 0.831890 -0.124784
vn 0.494635 0.614547 -0.614547
vn 0.609208 0.507673 -0.609208
vn 0.276289 0.303918 -0.911755
vn 0.511391 0.585969 -0.628585
vn 0.365149 0.912871 -0.182574
vn 0.709413 0.593927 -0.379453
vn 0.414870 0.829740 -0.373383
vn 0.743705 0.624712 -0.237986
vn 0.857143 0.428571 0.285715
vn 0.352029 0.792065 -0.498708
vn 0.675926 0.627646 -0.386244
vn 0.411851 0.733608 -0.540554
vn -0.338903 0.724020 0.600783
vn -0.132972 -0.685317 0.716003
vn -0.673687 -0.626685 0.391678
vn -0.119670 0.104711 0.987276
vn 0.408248 -0.408248 -0.816497
vn 0.461566 -0.593442 -0.659380
vn -0.622182 -0.716691 0.315029
vn -0.735215 -0.147043 -0.661693
vn 0.548151 -0.479632 -0.685189
vn 0.496423 -0.406164 -0.767199
vn 0.447214 -0.000000 -0.894427
vn -0.118712 0.135671 0.983616
vn 0.552345 -0.092058 -0.828517
vn -0.365148 0.182574 0.912871
vn -0.137361 0.549442 0.824163
vn 0.485071 0.727607 -0.485072
vn 0.000000 0.196116 0.980581
vn -0.703985 0.093865 0.703985
vn 0.000000 0.447213 -0.894427
vn 0.201802 0.269069 0.941742
vn 0.196116 -0.588348 -0.784465
vn 0.696311 0.174078 0.696311
vn -0.996748 -0.019544 -0.078176
vn 0.000000 0.997055 0.076696
vn -0.000000 -1.000000 0.000000
vn 0.436435 -0.872872 -0.218218
vn 0.696311 0.174078 0.696311
vn 0.226850 -0.957814 -0.176440
vn -0.245739 0.918291 0.310408
vn -0.996748 -0.019544 -0.078176
vn -0.563284 -0.097962 0.820436
vn 0.727233 0.094856 0.679805
vn -0.353228 -0.286997 0.890428
vn -0.305583 0.708953 0.635613
vn -0.987059 0.116985 0.109673
vn -0.973687 0.168987 -0.152893
vn -0.993884 0.000000 0.110432
vn -0.942647 -0.144015 -0.301124
vn -0.905229 -0.421399 0.054626
vn -0.693103 0.693103 -0.198030
vn -0.709120 0.675352 -0.202606
vn 0.847998 -0.000000 -0.529999
vn -0.217500 0.942499 0.253750
vn 0.657041 0.657042 -0.369586
vn 0.737227 0.394331 -0.548634
vn -0.814901 0.520359 -0.255270
vn -0.755338 -0.398084 -0.520571
vn 0.740337 0.274982 -0.613422
vn -0.438397 -0.547996 -0.712396
vn -0.662266 -0.105963 -0.741738
vn -0.188468 -0.607533 0.771611
vn -0.139925 -0.651188 0.745906
vn -0.858137 0.512130 0.036370
vn -0.989965 -0.038822 -0.135878
vn -0.996146 -0.052334 -0.070380
vn 0.297000 -0.021214 -0.954642
vn 0.589854 -0.749158 -0.301386
vn 0.268447 -0.854151 -0.445379
vn 0.791781 -0.367613 -0.487794
vn -0.480066 -0.875413 -0.056478
vn 0.482748 0.588348 -0.648692
vn -0.549442 0.137360 -0.824163
vn -0.187647 -0.975763 -0.112588
vn 0.208436 -0.599253 -0.772949
vn -0.078296 0.685090 -0.724239
vn -0.509831 0.467345 -0.722261
vn 0.414870 0.829740 -0.373383
vn 0.743705 0.624712 -0.237986
vn -0.346924 -0.154189 0.925132
vn -0.214727 -0.964283 -0.155081
vn -0.179310 -0.980227 0.083678
vn -0.851517 -0.508751 0.126850
vn 0.514495 -0.514496 0.685995
vn -0.308062 -0.644129 0.700140
vn 0.267261 0.534522 -0.801784
vn 0.514495 -0.514496 0.685995
vn 0.217643 -0.652928 0.725476
vn 0.311458 0.519096 -0.795948
vn -0.457496 -0.457496 0.762493
vn -0.439679 -0.341972 0.830504
vn 0.229416 0.688247 -0.688247
vn -0.301511 -0.301511 -0.904534
vn 0.420331 0.210166 -0.882696
vn -0.447214 0.000000 0.894427
vn -0.666667 -0.333333 0.666666
vn 0.000000 -0.000000 -1.000000
vn 0.333333 0.666667 0.666667
vn 0.552345 -0.092058 -0.828517
vn -0.365148 0.182574 0.912871
vn 0.438456 0.050983 -0.897305
vn -0.926703 0.061780 0.370681
vn -0.327230 -0.446223 0.832950
vn 0.136083 0.272165 -0.952579
vn -0.267261 -0.534522 0.801784
vn 0.543305 0.465690 -0.698536
vn -0.240370 -0.295840 0.924500
vn -0.226455 -0.566138 0.792594
vn 0.543305 0.465690 -0.698536
vn 0.466252 0.279751 -0.839254
vn -0.128885 -0.154662 0.979525
vn 0.496904 0.198762 -0.844737
vn 0.466252 0.279751 -0.839254
vn 0.611979 0.398498 -0.683140
vn 0.393534 0.890630 -0.227836
vn 0.328729 0.678003 -0.657457
vn -0.689144 -0.255650 0.678029
vn -0.376186 -0.268704 0.886725
vn -0.300418 -0.946093 -0.121064
vn 0.138343 -0.968400 0.207514
vn 0.611979 0.398498 -0.683140
vn 0.209775 0.943986 -0.254726
vn 0.714410 0.508330 -0.480853
vn 0.069523 0.312854 -0.947253
vn 0.354501 0.492171 -0.795045
vn -0.166960 0.958209 0.232293
vn -0.604708 -0.604708 0.518321
vn -0.651449 0.658307 -0.377155
vn -0.676716 -0.676716 0.290021
vn -0.230345 -0.791302 0.566377
vn 0.396866 -0.915844 -0.061056
vn -0.292874 -0.907496 -0.301124
vn 0.250481 0.604386 -0.756291
vn 0.150013 0.175730 -0.972941
vn -0.860169 -0.492261 -0.133374
vn 0.371391 0.742781 -0.557086
vn 0.948683 -0.316228 0.000000
vn 0.000000 1.000000 0.000000
vn -0.615458 -0.615457 0.492366
vn -0.485071 -0.727607 0.485071
vn 0.948683 -0.316228 0.000000
vn 0.000000 1.000000 0.000000
vn 0.609208 0.507673 -0.609208
vn 0.511102 0.574988 -0.638876
vn -0.000000 -1.000000 0.000000
vn -0.549442 0.137360 -0.824163
vn -0.329745 0.920030 0.211689
vn -0.617876 0.654221 -0.436147
vn -0.078296 0.685090 -0.724239
vn -0.509831 0.467345 -0.722261
vn -0.712009 -0.442135 -0.545491
vn -0.334356 -0.183568 -0.924396
vn -0.328514 -0.703020 -0.630747
vn -0.289331 0.651647 -0.701173
vn -0.870519 -0.077151 -0.486050
vn -0.524272 0.826126 -0.206531
vn -0.850792 0.069452 -0.520893
vn -0.366627 0.885271 0.286148
vn -0.079200 0.739206 -0.668806
vn -0.524272 0.826126 -0.206531
vn -0.610960 0.407306 0.678844
vn 0.101419 -0.169031 -0.980379
vn 0.000000 0.514496 0.857493
vn -0.610960 0.407307 0.678844
vn -0.046547 0.682684 0.729230
vn -0.169080 0.579703 0.797092
vn -0.264906 0.264907 0.927173
vn -0.128499 0.417620 0.899490
vn -0.119310 0.536895 0.835170
vn 0.381000 -0.254000 -0.889001
vn -0.926703 0.061780 0.370681
vn -0.330791 0.110264 0.937240
vn -0.327230 -0.446223 0.832950
vn -0.926703 0.061780 0.370681
vn 0.364154 -0.062785 -0.929220
vn -0.351755 0.153893 0.923356
vn -0.333333 0.666666 0.666667
vn 0.514495 -0.514496 0.685995
vn -0.286034 -0.572067 0.768716
vn -0.316228 0.000000 -0.948683
vn -0.365148 0.182574 0.912871
vn -0.137361 0.549442 0.824163
vn 0.150524 0.110912 -0.982365
vn 0.552345 -0.092058 -0.828517
vn -0.387977 -0.474195 0.790325
vn -0.046439 -0.030959 0.998441
vn -0.566315 -0.330350 0.755087
vn 0.436435 -0.872872 -0.218218
vn -0.713420 -0.206516 0.669614
vn 0.012838 -0.962885 -0.269608
vn -0.017298 -0.864902 -0.501643
vn -0.318059 -0.165944 0.933435
vn 0.202808 -0.912636 0.354914
vn 0.133156 -0.985354 0.106525
vn 0.603622 -0.508314 -0.614213
vn 0.422029 -0.656490 -0.625229
vn -0.055579 0.978201 -0.200086
vn -0.666667 0.666667 0.333333
vn -0.312737 0.714827 0.625474
vn -0.641223 0.712471 -0.284988
vn -0.585959 -0.615257 0.527363
vn -0.217500 0.942499 0.253750
vn -0.742781 -0.557086 0.371391
vn -0.556269 -0.399573 -0.728633
vn -0.585959 -0.615257 0.527363
vn -0.713305 0.566264 -0.412966
vn -0.701334 -0.318788 0.637577
vn -0.720291 -0.283751 0.632983
vn -0.438397 -0.547997 -0.712396
vn -0.670682 -0.121942 -0.731653
vn -0.762001 0.635001 -0.127000
vn 0.717011 0.451451 -0.531119
vn 0.624695 0.624695 -0.468521
vn -0.655610 -0.093658 -0.749269
vn 0.073615 0.758235 -0.647812
vn -0.000000 -0.897668 0.440673
vn -0.358310 0.845175 -0.396603
vn 0.294024 -0.910994 0.289205
vn -0.661983 0.012490 -0.749415
vn -0.869509 0.488063 0.075816
vn 0.162763 0.193853 -0.967434
vn -0.425628 0.068101 -0.902332
vn -0.996146 -0.052334 -0.070380
vn 0.157794 0.574530 -0.803129
vn -0.615458 -0.615457 0.492366
vn 0.700140 -0.700140 0.140028
vn -0.928477 0.000000 0.371391
vn 0.650945 0.650944 -0.390567
vn -0.615458 -0.615457 0.492366
vn 0.577351 0.577350 -0.577350
vn 0.948683 -0.316228 0.000000
vn 0.000000 0.894427 -0.447214
vn -0.485071 -0.727607 0.485071
vn 0.000000 1.000000 0.000000
vn 0.606541 0.648371 -0.460134
vn 0.847998 -0.000000 -0.529999
vn -0.741998 -0.212000 0.635999
vn -0.498059 -0.809344 0.311287
vn 0.847998 -0.000000 -0.529999
vn -0.759257 0.000000 0.650791
vn 0.712202 0.372046 -0.595273
vn -0.702247 -0.117041 0.702247
vn -0.498464 -0.775388 0.387694
vn 0.789352 -0.000000 -0.613941
vn -0.707107 0.000000 0.707107
vn 0.169030 0.845154 0.507094
vn 0.676716 0.290021 -0.676716
vn -0.577350 -0.577350 0.577350
vn 0.505259 -0.855054 0.116598
vn -0.663914 0.594028 0.454257
vn -0.156603 0.223719 -0.961990
vn -0.106112 -0.159167 0.981533
vn -0.503509 -0.755263 0.419591
vn -0.842701 0.240772 0.481544
vn 0.743705 0.624712 -0.237986
vn 0.352029 0.792065 -0.498708
vn -0.447214 0.000000 0.894427
vn -0.298042 -0.909029 0.291269
vn -0.803838 -0.540373 0.248679
vn -0.499230 0.554700 -0.665640
vn -0.031992 0.687836 -0.725161
vn -0.274676 0.266352 -0.923910
vn -0.561066 0.826834 0.039373
vn -0.089928 0.989214 -0.115622
vn -0.279482 0.915168 0.290443
vn -0.266373 -0.799118 0.538940
vn -0.197435 -0.976785 -0.083131
vn -0.724444 -0.680538 0.109764
vn -0.388120 -0.215622 0.896030
vn -0.666667 -0.333333 0.666666
vn 0.333333 0.666667 0.666667
vn -0.074744 0.224231 -0.971666
vn -0.226455 -0.566138 0.792594
vn -0.871560 -0.138343 0.470366
vn 0.000000 0.196116 0.980581
vn 0.000000 0.447213 -0.894427
vn 0.408248 0.816497 -0.408248
vn -0.274075 -0.068519 0.959264
vn 0.223551 -0.581232 -0.782428
vn 0.000000 0.216930 0.976187
vn 0.388922 0.038892 -0.920449
vn 0.496904 0.198762 -0.844737
vn -0.696053 -0.577576 0.426517
vn -0.283270 -0.627013 0.725680
vn -0.394864 0.021460 0.918489
vn -0.126879 -0.581530 0.803570
vn -0.171724 -0.908232 -0.381610
vn 0.742781 -0.557086 -0.371391
vn 0.116248 0.348743 -0.929981
vn 0.928279 -0.206284 0.309426
vn 0.309426 0.928279 -0.206284
vn 0.707107 -0.707107 -0.000000
vn 0.650945 0.650944 -0.390567
vn 0.000000 0.857493 -0.514496
vn 0.000000 0.707107 0.707107
vn 0.534522 0.801784 -0.267261
vn -0.615458 -0.615457 0.492366
vn 0.371391 0.742781 -0.557086
vn -0.485071 -0.727607 0.485071
vn -0.615458 -0.615457 0.492366
vn 0.650945 0.650944 -0.390567
vn 0.000000 0.857493 -0.514496
vn 0.615457 0.615458 -0.492366
vn 0.928477 -0.000000 -0.371391
vn -0.857493 0.000000 0.514496
vn -0.650944 -0.650945 0.390566
vn -0.857493 0.000000 0.514496
vn 0.928477 -0.000000 -0.371391
vn -0.902134 0.000000 0.431456
vn -0.352123 -0.801553 0.483241
vn -0.795517 -0.498810 0.344007
vn -0.477645 -0.782907 0.398636
vn -0.611447 -0.698796 0.371236
vn -0.191810 -0.495509 -0.847160
vn 0.554584 -0.808376 -0.197394
vn -0.503509 -0.755263 0.419591
vn 0.294086 -0.955779 0.000000
vn 0.015621 0.015621 -0.999756
vn -0.784465 -0.588348 0.196116
vn 0.302010 -0.934792 0.186958
vn -0.147253 0.028048 0.988701
vn -0.894427 -0.447214 0.000000
vn 0.104829 0.314485 0.943456
vn 0.797893 -0.217607 -0.562152
vn 0.381001 0.889001 -0.254000
vn -0.092057 0.552345 0.828517
vn 0.134687 0.168359 0.976481
vn 0.788386 -0.268387 -0.553548
vn -0.862476 -0.494863 -0.106042
vn -0.564362 -0.117926 -0.817061
vn -0.419997 -0.126976 -0.898599
vn -0.875899 -0.090940 -0.473847
vn -0.529644 -0.838505 0.128007
vn -0.933139 -0.066437 -0.353324
vn -0.725144 -0.519914 0.451504
vn -0.300418 -0.946093 -0.121064
vn -0.610960 0.407307 0.678844
vn 0.172631 -0.115087 -0.978240
vn 0.068439 -0.513289 -0.855482
vn -0.610960 0.407307 0.678844
vn 0.173849 -0.576863 -0.798126
vn -0.076472 -0.535303 -0.841191
vn -0.142134 -0.355335 -0.923870
vn 0.248282 -0.331042 -0.910366
vn 0.163488 0.105100 -0.980931
vn 0.543305 0.465690 -0.698536
vn 0.496904 0.198762 -0.844737
vn 0.466252 0.279751 -0.839254
vn -0.257012 0.214176 -0.942376
vn -0.192725 0.074125 0.978449
vn -0.137361 0.549442 0.824163
vn -0.046017 0.138050 0.989356
vn -0.127509 0.694215 0.708383
vn -0.598671 0.066519 0.798228
vn 0.743969 0.064050 -0.665138
vn 0.384465 0.482817 -0.786813
vn 0.397220 -0.635552 -0.662034
vn 0.864603 -0.309694 0.395666
vn 0.598820 0.557013 0.575457
vn -0.709120 0.675352 -0.202606
vn -0.576215 -0.620539 0.531891
vn -0.557086 -0.371391 0.742781
vn -0.662266 -0.105963 -0.741738
vn 0.329293 -0.548821 -0.768350
vn -0.459857 -0.053317 0.886391
vn 0.292571 -0.258151 -0.920739
vn -0.661983 0.012490 -0.749415
vn -0.425628 0.068101 -0.902332
vn 0.151325 -0.840694 0.519937
vn -0.218218 0.436436 -0.872872
vn 0.507093 0.845154 0.169031
vn 0.371391 -0.742781 -0.557086
vn 0.937042 -0.156174 0.312348
vn 0.742781 -0.557086 -0.371391
vn 0.904534 -0.301511 0.301511
vn -0.134231 -0.872503 0.469809
vn 0.666667 -0.666667 -0.333333
vn 0.948683 -0.000000 0.316228
vn 0.309426 0.928279 -0.206284
vn -0.832050 0.000000 0.554700
vn 0.534522 0.801784 -0.267261
vn 1.000000 -0.000000 0.000000
vn -0.707107 0.000000 -0.707107
vn 1.000000 -0.000000 0.000000
vn -0.707107 0.000000 -0.707107
vn -0.912871 -0.365148 0.182574
vn -0.421637 0.737865 0.527046
vn -0.832050 0.000000 0.554700
vn 0.928279 -0.206284 0.309426
vn -0.000000 -0.707107 0.707107
vn -0.615458 -0.615457 0.492366
vn -0.928477 0.000000 0.371391
vn 0.000000 0.857493 -0.514496
vn 0.000000 0.707107 0.707107
vn -0.912871 -0.365148 0.182574
vn 0.707107 -0.707107 -0.000000
vn -0.928477 0.000000 0.371391
vn 1.000000 -0.000000 0.000000
vn -1.000000 0.000000 0.000000
vn -0.832050 -0.554700 0.000000
vn 0.546302 0.569065 -0.614589
vn 0.609208 0.507673 -0.609208
vn -0.000000 -1.000000 0.000000
vn -0.656673 -0.669872 0.346486
vn -0.770981 -0.630803 -0.087611
vn -0.327258 -0.704863 0.629342
vn -0.000000 -1.000000 0.000000
vn -0.549442 0.137360 -0.824163
vn 0.676716 0.290021 -0.676716
vn -0.554700 0.000001 0.832051
vn -0.739923 -0.475665 0.475665
vn 0.736924 0.502448 -0.452204
vn -0.577350 -0.577350 0.577350
vn 0.169030 0.845154 0.507094
vn -0.713024 -0.583383 0.388922
vn -0.577350 -0.577350 0.577350
vn -0.766261 0.287348 0.574696
vn 0.857143 0.428571 0.285715
vn 0.352029 0.792065 -0.498708
vn -0.465691 -0.232845 0.853765
vn -0.660956 -0.639106 0.393296
vn -0.766261 0.287348 0.574696
vn -0.340262 -0.032406 0.939772
vn -0.663914 0.594028 0.454257
vn -0.066482 -0.033241 0.997234
vn -0.784465 -0.588348 0.196116
vn 0.159224 0.583819 0.796117
vn 0.770053 -0.236939 -0.592349
vn 0.195180 -0.097590 0.975900
vn 0.181608 -0.072643 0.980684
vn 0.789474 -0.315789 -0.526316
vn -0.467365 0.116841 -0.876309
vn -0.644091 0.751439 -0.143131
vn -0.334511 0.185839 -0.923887
vn -0.966988 0.241747 0.080582
vn -0.604205 0.714461 -0.352820
vn -0.070980 0.950522 -0.302439
vn -0.713037 -0.431839 -0.552352
vn -0.260943 -0.931422 -0.253695
vn -0.757654 -0.649418 0.064942
vn -0.396434 -0.586033 0.706687
vn 0.134231 0.469809 -0.872503
vn -0.280362 0.091547 0.955519
vn -0.623918 0.332756 0.707107
vn -0.204809 0.625934 0.752502
vn -0.745356 -0.298142 -0.596285
vn -0.871560 -0.138343 0.470366
vn 0.599804 0.548392 0.582667
vn 0.408248 0.816497 -0.408248
vn -0.121070 -0.443924 -0.887848
vn -0.042033 -0.966762 0.252199
vn 0.320453 0.287754 -0.902501
vn -0.385337 -0.275241 0.880771
vn -0.666667 -0.333333 0.666666
vn 0.000000 0.447214 0.894427
vn 0.410151 -0.205076 -0.888662
vn -0.224641 -0.288824 0.930654
vn -0.116642 0.058321 -0.991460
vn -0.196116 -0.588348 0.784465
vn -0.562940 0.825645 -0.037529
vn -0.088540 -0.597644 -0.796858
vn -0.656488 -0.287214 -0.697518
vn -0.883570 0.395628 0.250565
vn -0.190861 -0.445343 -0.874781
vn -0.123091 0.123092 -0.984732
vn -0.121070 -0.443924 -0.887848
vn 0.275186 0.582537 -0.764803
vn -0.829072 0.000000 -0.559142
vn 0.012838 -0.962885 -0.269608
vn -0.071600 0.917793 0.390550
vn 0.832913 -0.454520 0.315701
vn 0.488643 -0.868321 -0.085129
vn 0.033023 -0.990687 0.132092
vn -0.693909 0.333077 0.638396
vn -0.238620 -0.178965 -0.954480
vn 0.573462 0.491539 -0.655386
vn -0.461672 -0.547565 0.697877
vn -0.534522 -0.801784 0.267261
vn 0.108753 0.848487 -0.517922
vn 0.292571 -0.258151 -0.920739
vn -0.572379 -0.529181 -0.626378
vn -0.843136 -0.433690 -0.317860
vn 0.666012 0.744085 -0.052580
vn -0.460942 -0.590784 -0.662198
vn -0.390567 0.130189 -0.911322
vn 0.507093 0.845154 0.169031
vn 0.928279 0.206284 0.309426
vn 0.092057 -0.552345 -0.828517
vn 0.092057 -0.552345 -0.828517
vn 0.928279 0.206284 0.309426
vn -0.408248 -0.408248 0.816497
vn -0.772685 -0.430749 0.466275
vn -0.549205 -0.627663 0.551736
vn -0.417739 -0.816422 0.398684
vn -0.611447 -0.698796 0.371236
vn -0.557086 -0.371391 0.742781
vn 0.123091 -0.861640 -0.492366
vn 0.937042 -0.156174 0.312348
vn -0.707107 0.000000 0.707107
vn 0.507093 0.845154 0.169031
vn 0.116248 0.348743 -0.929981
vn 0.937042 -0.156174 0.312348
vn 0.742781 -0.557086 -0.371391
vn -0.843274 -0.105409 -0.527046
vn -0.272166 -0.952579 0.136083
vn -0.707107 0.000000 -0.707107
vn -0.801784 -0.534522 0.267261
vn 0.000000 0.707107 0.707107
vn 0.534522 0.801784 -0.267261
vn 0.680413 0.680415 -0.272165
vn -0.650944 -0.650945 0.390566
vn 0.615457 0.615458 -0.492366
vn 0.928477 -0.000000 -0.371391
vn 0.857143 0.428571 0.285715
vn 0.384456 0.720854 -0.576683
vn -0.465691 -0.232845 0.853765
vn -0.547176 -0.164152 0.820763
vn -0.717137 0.597614 0.358569
vn 0.162221 0.162221 -0.973329
vn -0.666667 -0.666667 0.333333
vn -0.980581 -0.196116 0.000000
vn -0.950255 0.172774 0.259161
vn -0.366334 0.583720 0.724618
vn -0.106112 -0.159167 0.981533
vn -0.503509 -0.755263 0.419591
vn -0.165270 0.798804 0.578445
vn 0.777258 -0.210782 -0.592824
vn 0.811107 -0.324443 -0.486664
vn 0.195180 -0.097590 0.975900
vn 0.381001 0.889001 -0.254000
vn 0.471987 -0.723714 -0.503454
vn 0.081923 -0.163846 0.983078
vn 0.801784 -0.267261 -0.534523
vn -0.071796 0.502571 0.861550
vn -0.978248 0.113813 0.173429
vn -0.581516 0.813020 0.028938
vn -0.992579 0.118853 0.025698
vn -0.910708 -0.062807 -0.408248
vn -0.583977 0.797051 -0.153886
vn -0.966988 0.241747 0.080582
vn -0.461320 -0.603265 0.650580
vn -0.225929 -0.255081 0.940154
vn -0.667941 -0.272124 0.692679
vn -0.562940 0.825645 -0.037529
vn -0.716713 0.220527 -0.661581
vn -0.071050 0.769013 -0.635272
vn -0.267261 0.534523 0.801784
vn 0.248282 -0.331042 -0.910366
vn -0.536656 -0.447213 0.715542
vn 0.278271 0.504367 -0.817422
vn 0.157333 0.175843 -0.971764
vn -0.540914 -0.432731 0.721219
vn 0.282060 0.493605 -0.822676
vn -0.566315 -0.330350 0.755087
vn -0.242536 0.000000 -0.970142
vn -0.188144 0.940721 -0.282216
vn -0.666667 0.666667 0.333333
vn -0.530669 0.758098 0.379049
vn -0.707107 0.000001 -0.707107
vn 0.153213 -0.980562 0.122570
vn -0.242536 0.000000 -0.970142
vn 0.594207 -0.509321 -0.622503
vn -0.707107 0.000000 -0.707107
vn 0.397220 -0.635552 -0.662034
vn -0.679421 -0.099775 0.726933
vn -0.666667 0.666667 0.333333
vn -0.530669 0.758098 0.379049
vn -0.308815 0.711618 0.631057
vn 0.587280 0.440459 -0.679042
vn -0.662868 0.388578 0.640010
vn -0.238620 -0.178965 -0.954480
vn -0.666667 0.333333 -0.666667
vn 0.507093 0.845154 0.169031
vn 0.928279 0.206284 0.309426
vn -0.408248 -0.408248 0.816497
vn -0.801784 0.267261 0.534522
vn 0.123091 -0.861640 -0.492366
vn -0.218218 0.436436 -0.872872
vn -0.218218 0.436436 -0.872872
vn -0.666667 0.333333 -0.666667
vn -0.742781 0.371391 0.557086
vn 0.507093 0.845154 0.169031
vn -0.843274 -0.105409 -0.527046
vn 0.116248 0.348743 -0.929981
vn 0.309426 0.928279 -0.206284
vn -0.421637 0.737865 0.527046
vn -0.832050 0.000000 0.554700
vn 0.680413 0.680415 -0.272165
vn -0.650944 -0.650945 0.390566
vn 0.615457 0.615458 -0.492366
vn -0.857493 0.000000 0.514496
vn 0.445435 -0.890871 0.089087
vn -0.770981 -0.630803 -0.087611
vn 0.483843 0.645124 -0.591364
vn -0.924500 -0.092450 -0.369800
vn -0.982888 -0.178706 0.044677
vn -0.161792 -0.641773 -0.749634
vn -0.950255 0.172774 0.259161
vn -0.346844 -0.520266 -0.780399
vn -0.950255 0.172774 0.259161
vn -0.503509 -0.755263 0.419591
vn -0.974812 0.108313 0.194962
vn -0.887658 -0.459794 -0.025544
vn -0.702597 -0.112762 -0.702597
vn -0.340898 0.664751 0.664751
vn -0.000000 -0.447214 -0.894427
vn -0.076472 -0.535303 -0.841191
vn -0.467365 -0.116841 0.876309
vn 0.246390 -0.574911 -0.780236
vn -0.598671 0.066519 0.798228
vn -0.142134 -0.355335 -0.923870
vn -0.106449 0.266123 -0.958043
vn -0.350973 0.029248 0.935929
vn -0.566315 -0.330350 0.755087
vn 0.348743 0.464991 0.813733
vn -0.656488 -0.287214 -0.697518
vn 0.599804 0.548392 0.582667
vn -0.146549 -0.061705 0.987277
vn -0.707107 0.000000 0.707107
vn -0.635780 -0.599792 0.485832
vn -0.746660 0.000000 -0.665206
vn -0.899558 0.125072 0.418511
vn -0.029735 -0.862316 -0.505496
vn -0.190861 -0.445343 -0.874781
vn -0.390709 -0.341870 -0.854676
vn -0.393919 -0.919145 0.000000
vn -0.678976 -0.071131 0.730707
vn -0.766407 -0.487713 0.418040
vn -0.388469 -0.574258 0.720638
vn -0.353228 -0.286997 0.890428
vn -0.101969 0.902146 0.419208
vn 0.090358 -0.869157 -0.486212
vn 0.250378 -0.658475 -0.709734
vn -0.306048 0.617712 0.724408
vn 0.299598 -0.661018 -0.687966
vn -0.186085 0.664590 0.723666
vn -0.195329 -0.683651 0.703184
vn -0.390567 0.130189 -0.911322
vn -0.801784 0.267261 0.534522
vn 0.507093 0.845154 0.169031
vn -0.666667 0.333333 -0.666667
vn -0.301511 -0.904534 -0.301511
vn -0.707107 0.000000 0.707107
vn -0.843274 -0.105409 -0.527046
vn -0.134231 -0.872503 0.469809
vn -0.421637 0.737865 0.527046
vn -0.000000 -0.707107 -0.707107
vn -0.365148 -0.912871 0.182574
vn 0.218218 -0.436436 0.872872
vn 0.801784 0.267261 -0.534522
vn 0.680413 0.680415 -0.272165
vn 0.445435 -0.890871 0.089087
vn 0.801784 0.267261 -0.534522
vn 0.267261 0.801784 -0.534522
vn 0.000000 1.000000 0.000000
vn 0.136083 -0.272166 0.952579
vn 0.606541 0.648371 -0.460134
vn -0.517892 -0.805609 0.287718
vn -0.498059 -0.809344 0.311287
vn -0.581238 0.000000 0.813734
vn 0.847998 -0.000000 -0.529999
vn 0.692289 0.450793 -0.563491
vn 0.454673 0.647035 -0.612060
vn -0.924500 -0.092450 -0.369800
vn -0.680414 -0.680414 -0.272165
vn -0.982467 -0.155126 0.103417
vn -0.041275 -0.784214 -0.619116
vn -0.617876 0.654221 -0.436147
vn -0.509831 0.467345 -0.722261
vn -0.982888 -0.178706 0.044677
vn -0.396334 0.707304 0.585355
vn -0.617876 0.654221 -0.436147
vn -0.624695 0.468522 0.624695
vn 0.639602 -0.426402 -0.639602
vn 0.529813 -0.529813 -0.662266
vn -0.362597 0.876277 0.317273
vn 0.000000 -0.000000 -1.000000
vn -0.408248 0.816496 -0.408249
vn 0.807280 -0.242184 -0.538187
vn 0.569064 -0.546302 -0.614590
vn 0.965834 0.115900 -0.231800
vn -0.150946 -0.251577 0.955994
vn -0.259161 -0.431934 0.863868
vn 0.471987 -0.723714 -0.503454
vn 0.965834 0.115900 -0.231800
vn -0.071796 0.502571 0.861550
vn -0.259161 -0.431934 0.863868
vn -0.989503 0.123688 0.074728
vn -0.866231 -0.495558 0.063772
vn -0.992512 0.110279 0.052514
vn -0.855953 -0.516802 0.016150
vn -0.616897 0.044064 -0.785809
vn -0.966988 0.241747 0.080582
vn -0.738269 -0.221963 -0.636938
vn -0.419729 -0.115978 -0.900209
vn -0.476883 0.617602 0.625420
vn -0.240561 -0.127356 0.962243
vn -0.766312 -0.150605 0.624567
vn -0.358569 -0.597615 0.717137
vn 0.235702 -0.235702 -0.942809
vn 0.638294 0.106382 -0.762407
vn -0.333333 0.666666 0.666667
vn 0.000000 0.447213 0.894427
vn -0.418040 0.487713 0.766406
vn 0.597351 -0.331862 -0.730096
vn 0.407211 -0.145432 -0.901681
vn -0.483843 0.591364 0.645124
vn -0.598671 0.066519 0.798228
vn -0.076472 -0.535303 -0.841191
vn -0.142134 -0.355335 -0.923870
vn 0.597133 0.458075 0.658483
vn -0.157547 0.970757 0.181133
vn 0.621981 0.513220 0.591392
vn -0.085876 -0.017175 -0.996158
vn -0.283686 -0.904250 0.319147
vn -0.164399 -0.986394 0.000000
vn -0.747203 -0.149440 -0.647576
vn 0.023107 -0.680016 0.732833
vn 0.371391 0.742781 -0.557086
vn 0.275041 -0.697197 -0.662018
vn -0.421135 0.650844 0.631702
vn 0.739206 -0.048400 -0.671738
vn 0.609182 -0.790291 -0.065858
vn 0.780806 -0.384935 -0.492105
vn 0.092057 -0.552345 -0.828517
vn -0.390567 0.130189 -0.911322
vn -0.801784 0.267261 0.534522
vn -0.408248 -0.408248 0.816497
vn -0.000000 -0.800000 -0.600000
vn 0.771517 0.617213 0.154303
vn 0.267261 0.801784 -0.534522
vn 0.801784 0.267261 -0.534522
vn 0.196116 0.588348 -0.784465
vn 0.707107 -0.707106 0.000000
vn 0.196116 0.588348 0.784465
vn -0.558341 -0.764045 0.323250
vn -0.498059 -0.809344 0.311287
vn -0.741998 -0.212000 0.635999
vn 0.696311 -0.696311 0.174078
vn 0.727607 0.485071 -0.485071
vn -0.239426 -0.159617 -0.957704
vn 0.942809 -0.235702 0.235702
vn -0.068519 -0.959264 -0.274075
vn 0.727607 0.485071 -0.485071
vn 0.348743 0.929981 0.116248
vn 0.942809 -0.235702 0.235702
vn 0.421637 0.527046 0.737865
vn -0.557007 0.506370 0.658281
vn 0.529813 -0.529813 -0.662266
vn -0.573462 0.491539 0.655385
vn 0.639602 -0.426402 -0.639602
vn 0.540729 0.831890 -0.124784
vn -0.485071 0.485071 0.727607
vn 0.442232 0.746266 -0.497511
vn -1.000000 0.000000 0.000000
vn -0.655521 -0.643153 0.395786
vn -0.904534 -0.060302 0.422116
vn -0.709299 0.315244 0.630488
vn -0.327258 -0.704863 0.629342
vn -1.000000 0.000000 0.000000
vn -0.465691 -0.232845 0.853765
vn -0.547176 -0.164152 0.820763
vn 0.411851 0.733608 -0.540554
vn -1.000000 0.000000 0.000000
vn -0.547176 -0.164152 0.820763
vn -0.376211 -0.661613 0.648640
vn 0.678743 0.352259 -0.644377
vn -0.215387 -0.287183 0.933346
vn -0.707107 0.000000 0.707107
vn -0.032862 -0.164310 -0.985861
vn 0.000000 0.447214 0.894427
vn -0.418040 0.487713 0.766406
vn -0.657349 0.246506 0.712129
vn -0.809937 -0.120155 0.574077
vn -0.790594 -0.426670 -0.439219
vn -0.242438 -0.960772 -0.134688
vn 0.348743 0.464991 0.813733
vn -0.534523 -0.267261 -0.801784
vn -0.127710 0.063855 0.989754
vn -0.151620 0.075810 -0.985527
vn 0.475771 0.380617 -0.792952
vn -0.677973 0.100440 -0.728193
vn -0.952579 0.272166 -0.136083
vn 0.397220 -0.635552 -0.662034
vn -0.198212 -0.916729 -0.346871
vn 0.101112 0.884730 0.455004
vn 0.202808 -0.912636 0.354914
vn -0.507092 0.845154 -0.169031
vn -0.576183 0.805180 0.140352
vn -0.083768 -0.013226 -0.996398
vn -0.747203 -0.149440 -0.647576
vn -0.037988 -0.987658 0.151948
vn 0.587280 0.440459 -0.679042
vn 0.267262 0.801783 -0.534523
vn -0.238620 -0.178965 -0.954480
vn -0.108916 0.922312 0.370779
vn 0.098098 -0.904341 -0.415384
vn -0.771517 0.617213 0.154303
vn -0.000000 -0.832050 -0.554700
vn 0.771517 0.617213 0.154303
vn 0.436436 -0.218218 -0.872872
vn 0.115470 0.808290 0.577350
vn -0.466252 0.839254 -0.279751
vn 0.924500 0.092450 0.369800
vn 0.436436 -0.218218 -0.872872
vn -0.240772 -0.842701 -0.481544
vn 0.924500 0.092450 0.369800
vn 0.371390 -0.557086 0.742781
vn -0.707107 0.707107 -0.000000
vn 0.771517 0.617213 0.154303
vn 0.267261 0.801784 -0.534522
vn 0.000000 1.000000 0.000000
vn -0.666667 -0.666667 0.333333
vn 0.136083 -0.272166 0.952579
vn -0.365148 -0.912871 0.182574
vn 0.445435 -0.890871 0.089087
vn -0.301511 0.301511 -0.904534
vn 0.904534 -0.301511 0.301511
vn -0.000000 -1.000000 0.000000
vn 0.577350 0.577350 -0.577350
vn 0.000000 1.000000 0.000000
vn 0.904534 -0.301511 0.301511
vn 0.577350 0.577350 -0.577350
vn 0.000000 0.447214 0.894427
vn -0.714827 -0.625474 0.312737
vn -0.498464 -0.775388 0.387694
vn 0.712202 0.372046 -0.595273
vn -0.282138 0.282139 0.916949
vn 0.744669 0.431124 -0.509510
vn -0.714827 -0.625474 0.312737
vn -0.498464 -0.775388 0.387694
vn -0.702247 -0.117041 0.702247
vn 0.700140 -0.700140 0.140028
vn 0.421637 0.527046 0.737865
vn 0.942809 -0.235702 0.235702
vn -0.707107 0.000000 0.707107
vn -0.894427 0.447214 0.000000
vn -0.485071 0.727607 0.485072
vn -0.707107 0.707107 -0.000001
vn 0.784465 -0.588348 -0.196116
vn -0.894427 0.447214 0.000000
vn 0.507093 0.574705 -0.642317
vn -0.912343 -0.380143 -0.152057
vn 0.492366 0.615457 -0.615457
vn 0.365149 0.912871 -0.182574
vn -1.000000 0.000000 0.000000
vn -0.948683 -0.189737 -0.252982
vn -0.523205 0.523205 0.672692
vn 0.639602 -0.426402 -0.639602
vn 0.529813 -0.529813 -0.662266
vn -0.738509 -0.662112 -0.127329
vn -0.924658 -0.184932 0.332877
vn -0.924500 -0.092450 -0.369800
vn -0.327258 -0.704863 0.629342
vn -0.948683 -0.189737 -0.252982
vn -0.912343 -0.380143 -0.152057
vn 0.000000 -0.000000 -1.000000
vn 0.932700 -0.103633 -0.345444
vn -0.408248 0.816496 -0.408249
vn -0.275241 0.880771 0.385337
vn -0.260513 0.855971 0.446594
vn -0.639602 0.426401 0.639602
vn 0.195180 -0.097590 0.975900
vn 0.381001 0.889001 -0.254000
vn -0.092057 0.552345 0.828517
vn -0.939075 0.056506 0.339036
vn -0.537156 0.574852 0.617259
vn -0.572465 0.753244 0.323895
vn -0.743167 0.312414 0.591693
vn 0.103262 -0.038723 0.993900
vn -0.092057 0.552345 0.828517
vn -0.760505 -0.107943 -0.640297
vn -0.418040 0.487713 0.766406
vn 0.423999 -0.317999 -0.847998
vn 0.597351 -0.331862 -0.730096
vn -0.565685 0.424264 0.707107
vn -0.269495 -0.143731 0.952215
vn -0.754329 -0.143682 0.640581
vn -0.333333 -0.666667 0.666667
vn -0.860828 0.506370 0.050637
vn -0.927140 0.247237 0.281576
vn -0.756427 -0.143679 -0.638103
vn -0.707107 0.000000 0.707107
vn 0.336297 -0.078209 -0.938503
vn -0.099015 0.099015 0.990148
vn -0.123091 0.123092 -0.984732
vn 0.359868 0.486205 -0.796304
vn -0.913659 -0.123886 -0.387143
vn -0.952579 0.272166 -0.136083
vn 0.012921 0.839847 0.542670
vn -0.029735 -0.862316 -0.505496
vn 0.202808 -0.912636 0.354914
vn -0.507092 0.845154 -0.169031
vn -0.480121 -0.465225 -0.743673
vn 0.163993 -0.919788 -0.356507
vn 0.345542 -0.901649 -0.260057
vn -0.196116 0.784463 -0.588350
vn 0.537430 -0.179144 0.824061
vn -0.473489 -0.050731 0.879337
vn -0.126879 -0.581530 0.803570
vn 0.288076 -0.259268 -0.921842
vn -0.135614 -0.682810 0.717899
vn -0.572379 -0.529181 -0.626378
vn -0.297425 -0.587851 -0.752310
vn 0.114968 0.733417 -0.669986
vn -0.337284 0.861150 -0.380341
vn -0.460942 -0.590784 -0.662198
vn 0.371390 -0.557086 0.742781
vn 0.115470 0.808290 0.577350
vn -0.507092 -0.169030 0.845155
vn 0.924500 0.092450 0.369800
vn -0.707107 0.707107 -0.000000
vn -0.000000 -0.800000 -0.600000
vn -0.666667 -0.666667 0.333333
vn -0.365148 -0.912871 0.182574
vn -0.408248 0.408248 -0.816497
vn -0.000000 -1.000000 0.000000
vn 0.196116 0.588348 -0.784465
vn 0.707107 -0.707106 0.000000
vn -0.408248 0.816497 -0.408248
vn -0.666667 -0.666667 0.333333
vn 0.000000 1.000000 0.000000
vn 0.000000 -0.000000 1.000000
vn -0.577350 0.577350 -0.577351
vn 0.577350 0.577350 -0.577350
vn -0.301511 0.301511 -0.904534
vn 0.000000 1.000000 0.000000
vn -0.000000 -1.000000 0.000000
vn 0.196116 0.588348 0.784465
vn 0.707107 -0.707106 0.000000
vn -0.828517 0.092058 0.552345
vn 0.000000 0.447214 0.894427
vn -0.707106 0.000000 0.707107
vn -0.000000 -1.000000 0.000000
vn 0.904534 -0.301511 0.301511
vn -0.839254 0.466253 -0.279752
vn -0.239426 -0.159617 -0.957704
vn 0.348743 0.929981 0.116248
vn 0.727607 0.485071 -0.485071
vn 0.696311 -0.696311 0.174078
vn -0.068519 -0.959264 -0.274075
vn -0.577350 0.577350 0.577351
vn 0.680414 -0.680414 -0.272166
vn -0.707107 0.707107 -0.000001
vn 0.666666 -0.666667 -0.333333
vn -0.894427 0.447214 0.000000
vn -0.485071 0.727607 0.485072
vn -0.529813 0.529813 0.662266
vn -0.927279 -0.158316 0.339248
vn 0.276289 0.303918 -0.911755
vn 0.365149 0.912871 -0.182574
vn -0.948683 -0.189737 -0.252982
vn 0.540729 0.831890 -0.124784
vn -0.854358 0.085436 0.512615
vn 0.276289 0.303918 -0.911755
vn -0.527046 0.843274 0.105409
vn 0.847457 -0.152542 -0.508475
vn -0.275241 0.880771 0.385337
vn 0.000000 -0.000000 -1.000000
vn 0.707655 -0.466409 -0.530741
vn 0.565217 -0.260870 -0.782609
vn 0.754580 -0.205049 -0.623349
vn 0.471987 -0.723714 -0.503454
vn 0.245736 -0.491473 -0.835505
vn 0.449439 -0.799002 -0.399501
vn 0.569064 -0.546302 -0.614590
vn 0.436435 0.872872 0.218218
vn 0.626213 -0.326720 -0.707893
vn 0.791128 -0.255364 -0.555793
vn 0.759485 -0.497594 -0.419026
vn 0.913288 -0.270605 -0.304430
vn 0.965834 0.115900 -0.231800
vn 0.569064 -0.546302 -0.614590
vn 0.913288 -0.270605 -0.304430
vn -0.150946 -0.251577 0.955994
vn -0.867472 -0.404821 0.289158
vn -0.577350 0.577350 -0.577350
vn -0.833318 0.204399 -0.513617
vn -0.378339 0.155787 -0.912464
vn -0.804542 -0.219420 -0.551876
vn -0.433918 -0.607485 0.665340
vn -0.750309 -0.212156 0.626120
vn -0.869894 -0.486431 0.081664
vn 0.320453 0.287754 -0.902501
vn -0.389258 -0.169243 0.905448
vn 0.620849 0.318384 -0.716364
vn -0.645619 -0.491900 0.584132
vn 0.364154 -0.062785 -0.929220
vn -0.308907 0.066194 0.948786
vn 0.562565 -0.086549 -0.822210
vn -0.649500 0.282391 0.705978
vn -0.327230 -0.446223 0.832950
vn -0.042033 -0.966762 0.252199
vn 0.150566 0.401508 -0.903394
vn 0.653894 0.276648 -0.704194
vn -0.583997 0.032444 0.811107
vn -0.744526 -0.099782 0.660095
vn -0.727607 -0.485071 0.485071
vn -0.857493 0.000000 -0.514496
vn -0.647150 0.184900 -0.739600
vn -0.952579 0.272166 -0.136083
vn -0.677708 -0.178344 0.713376
vn -0.530669 0.758098 0.379049
vn -0.686363 0.074202 -0.723464
vn -0.321798 -0.045971 0.945692
vn -0.607990 0.726211 0.320884
vn -0.283686 -0.904250 0.319147
vn -0.747203 -0.149440 -0.647576
vn -0.066175 -0.926441 0.370577
vn -0.662868 0.388578 0.640010
vn 0.271245 0.829135 -0.488837
vn -0.833774 0.182388 0.521109
vn -0.533039 -0.567428 0.627610
vn -0.256802 -0.142668 0.955876
vn 0.578825 -0.800710 -0.154353
vn -0.534522 0.801784 0.267261
vn -0.750560 -0.461594 0.472853
vn 0.223618 0.619609 -0.752383
vn -0.384619 -0.750805 0.536992
vn -0.182574 -0.365148 0.912871
vn 0.948683 0.316227 0.000000
vn 0.942809 0.235702 -0.235702
vn -0.371391 -0.742781 -0.557086
vn -0.240772 -0.842701 -0.481544
vn -0.943457 -0.314485 0.104828
vn 0.371390 -0.557086 0.742781
vn -0.507092 -0.169030 0.845155
vn -0.733553 0.490750 0.470174
vn -0.047759 0.841882 0.537544
vn -0.408248 0.408248 -0.816497
vn 0.196116 0.588348 -0.784465
vn -0.828517 0.092058 0.552345
vn 0.196116 0.588348 0.784465
vn -0.577350 0.577350 -0.577351
vn -0.707106 0.000000 0.707107
vn 0.000000 1.000000 0.000000
vn 0.000000 0.447214 0.894427
vn 0.348743 0.929981 0.116248
vn -0.839254 0.466253 -0.279752
vn -0.688247 -0.229416 0.688247
vn 0.421637 0.527046 0.737865
vn 0.408248 -0.816497 -0.408248
vn -0.485071 0.727607 0.485072
vn -0.707107 0.707107 -0.000001
vn -0.810146 -0.486499 0.327082
vn -0.529813 0.529813 0.662266
vn 0.529813 -0.529813 -0.662266
vn 0.245736 -0.491473 -0.835505
vn 0.913288 -0.270605 -0.304430
vn 0.000000 -0.000000 1.000000
vn -0.867472 -0.404821 0.289158
vn -0.374270 -0.623783 0.686161
vn -0.952919 0.058381 0.297552
vn -0.825784 -0.514726 0.230516
vn -0.776117 -0.300527 -0.554370
vn -0.926649 -0.351848 0.132379
vn -0.476883 0.617602 0.625420
vn -0.761905 -0.619047 0.190476
vn -0.883788 0.220947 0.412434
vn -0.333333 -0.666667 0.666667
vn -0.281816 0.031313 0.958957
vn -0.700764 0.211859 0.681208
vn 0.423999 -0.317999 -0.847998
vn 0.597351 -0.331862 -0.730096
vn -0.714641 0.051046 0.697626
vn 0.409556 -0.190151 -0.892248
vn -0.000000 -0.707107 0.707107
vn -0.000000 -0.447214 -0.894427
vn 0.904534 0.301511 -0.301511
vn -0.577350 0.577350 -0.577350
vn -0.894427 0.000001 -0.447214
vn -0.371391 -0.742781 -0.557086
vn 0.942809 0.235702 -0.235702
vn 0.904534 0.301511 -0.301511
vn -0.000000 -0.707107 0.707107
vn -0.388514 -0.291386 0.874157
vn 0.348743 0.929981 -0.116248
vn 0.000000 1.000000 0.000000
vn -0.577350 0.577350 -0.577350
vn 0.948683 0.316227 0.000000
vn 0.942809 0.235702 -0.235702
vn -0.466252 0.839254 -0.279751
vn 0.436436 -0.218218 -0.872872
vn -0.240772 -0.842701 -0.481544
vn -0.943457 -0.314485 0.104828
vn 0.000000 1.000000 0.000000
vn -0.707107 0.000001 0.707107
vn -0.182574 -0.365148 0.912871
vn 0.948683 0.316227 0.000000
vn -0.507092 -0.169030 0.845155
vn 0.115470 0.808290 0.577350
vn -0.466252 0.839254 -0.279751
vn -0.943457 -0.314485 0.104828
vn -0.828517 0.092058 0.552345
vn -0.408248 0.408248 -0.816497
vn -0.000000 -1.000000 0.000000
vn -0.000000 -1.000000 0.000000
vn -0.707106 0.000000 0.707107
vn -0.577350 0.577350 -0.577351
vn -0.301511 0.301511 -0.904534
vn -0.068519 -0.959264 -0.274075
vn -0.839254 0.466253 -0.279752
vn -0.707107 0.000000 0.707107
vn -0.239426 -0.159617 -0.957704
vn -0.529813 0.529813 0.662266
vn 0.574366 -0.502571 -0.646162
vn 0.333332 -0.666667 -0.666667
vn 0.529813 -0.529813 -0.662266
vn -0.562565 0.822210 0.086549
vn 0.688247 -0.229416 -0.688247
vn -0.747290 0.339107 0.571457
vn 0.030514 -0.213597 0.976445
vn -0.259161 -0.431934 0.863868
vn -0.867472 -0.404821 0.289158
vn -0.374270 -0.623783 0.686161
vn -0.150946 -0.251577 0.955994
vn -0.071796 0.502571 0.861550
vn -0.790895 -0.135091 -0.596855
vn -0.560672 0.827221 0.036765
vn -0.765875 0.329505 0.552143
vn -0.402779 0.780384 0.478300
vn -0.881947 0.018470 0.470987
vn -0.959892 -0.214976 0.179980
vn -0.387365 -0.706372 0.592441
vn 0.708659 0.336613 -0.620076
vn -0.709458 -0.647765 0.277614
vn 0.423999 -0.317999 -0.847998
vn -0.628767 0.332877 0.702741
vn -0.722402 0.420172 -0.549173
vn -0.150573 0.964612 0.216450
vn -0.721840 0.532718 -0.441766
vn -0.970142 0.000000 0.242536
vn 0.432551 -0.803311 -0.409379
vn -0.086549 -0.562565 -0.822210
vn -0.739949 0.517965 0.429171
vn -0.809316 0.566521 0.155119
vn -0.000000 -0.447214 -0.894427
vn 0.348743 0.929981 -0.116248
vn 0.904534 0.301511 -0.301511
vn -0.620173 0.248070 -0.744208
vn -0.577350 0.577350 -0.577350
vn -0.707107 0.000001 0.707107
vn -0.894427 0.000001 -0.447214
vn 0.000000 1.000000 0.000000
vn -0.182574 -0.365148 0.912871
vn -0.894427 0.000001 -0.447214
vn -0.371391 -0.742781 -0.557086
vn -0.707107 0.000001 0.707107
vn -0.661983 0.012490 -0.749415
vn -0.052114 -0.753917 0.654900
vn 0.226722 0.549662 -0.804033
vn -0.739496 -0.580220 0.341306
vn 0.736924 0.502448 -0.452204
vn 0.169030 0.845154 0.507094
vn 0.676716 0.290021 -0.676716
vn -0.554700 0.000001 0.832051
vn -0.721995 -0.618853 0.309426
vn 0.748569 0.392108 -0.534692
vn -0.408669 -0.090815 0.908153
vn -0.577350 0.577351 0.577350
vn 0.574366 -0.502571 -0.646162
vn -0.707107 -0.707107 -0.000000
vn 0.529813 -0.529813 -0.662266
vn -0.819025 0.245551 0.518559
vn -0.370010 0.668563 0.645070
vn 0.730882 -0.467764 -0.496999
vn 0.245736 -0.491473 -0.835505
vn 0.000000 -0.000000 1.000000
vn -0.538138 -0.403604 0.739940
vn -0.699756 0.089712 -0.708727
vn -0.429537 0.042954 -0.902027
vn -0.820176 -0.551055 0.153783
vn -0.872922 -0.161431 -0.460377
vn -0.951247 0.211388 0.224600
vn -0.088540 -0.597644 -0.796858
vn -0.086057 0.114743 0.989661
vn 0.132164 0.594737 0.792982
vn -0.109254 0.145671 -0.983282
vn -0.088540 -0.597644 -0.796858
vn 0.132164 0.594737 0.792982
vn -0.190861 -0.445343 -0.874781
vn 0.132164 0.991228 0.000000
vn -0.393919 -0.919145 0.000000
vn 0.228966 0.361525 0.903811
vn -0.390709 -0.341870 -0.854676
vn 0.132164 0.991228 0.000000
vn -0.393919 -0.919145 0.000000
vn 0.228966 0.361525 0.903811
vn 0.012921 0.839847 0.542670
vn -0.046411 -0.858610 -0.510525
vn -0.390709 -0.341870 -0.854676
vn -0.510432 -0.441894 -0.737692
vn -0.737516 0.497141 -0.457078
vn -0.001646 0.004592 0.999988
vn -0.239507 -0.788660 0.566261
vn -0.884213 -0.048896 0.464517
vn -0.256802 -0.142668 0.955876
vn 0.277470 -0.903039 -0.327920
vn -0.975508 0.087459 0.201829
vn -0.247660 -0.768473 0.590012
vn -0.572379 -0.529181 -0.626378
vn 0.030659 0.931482 0.362493
vn -0.281586 -0.584031 -0.761326
vn 0.352018 0.910483 0.217034
vn -0.772685 -0.430749 0.466275
vn 0.364783 0.512811 -0.777147
vn -0.894427 0.000000 0.447214
vn -0.780995 -0.486097 0.392118
vn -0.891483 -0.019320 0.452642
vn -0.465570 -0.770826 0.434825
vn -0.634417 -0.704907 0.317208
vn -0.205076 0.205076 0.957020
vn 0.739810 0.436298 -0.512176
vn 0.692289 0.450793 -0.563491
vn 0.606541 0.648371 -0.460134
vn -0.701334 -0.637577 0.318788
vn -0.581238 0.000000 0.813734
vn -0.721995 -0.309427 0.618853
vn -0.267261 0.801784 0.534522
vn 0.000000 -0.000000 1.000000
vn 0.666667 -0.333333 -0.666667
vn -0.562565 0.562565 0.605839
vn 0.333332 -0.666667 -0.666667
vn 0.680414 0.680414 0.272166
vn -0.667309 -0.235520 0.706562
vn 0.710011 0.142002 -0.689725
vn -0.435413 -0.459603 0.774068
vn 0.678697 0.174025 -0.713502
vn -0.646997 0.539164 0.539164
vn 0.646997 -0.539164 -0.539164
vn -0.707107 0.000000 0.707107
vn 0.707107 -0.000001 -0.707107
vn -0.646997 0.539164 0.539164
vn 0.646997 -0.539164 -0.539164
vn -0.331294 0.883452 0.331295
vn -0.657395 0.748071 0.090675
vn -0.738002 0.295201 0.606802
vn -0.408248 0.816496 -0.408249
vn -0.275241 0.880771 0.385337
vn -0.604104 0.784276 -0.141311
vn -0.921415 0.332313 0.201402
vn -0.828568 0.188311 -0.527271
vn -0.811999 -0.065250 -0.580000
vn -0.957552 0.191510 0.215449
vn -0.923756 -0.276065 0.265447
vn -0.857298 -0.142883 0.494595
vn -0.904234 -0.404525 0.136825
vn -0.535313 -0.559645 0.632643
vn 0.792162 0.172209 -0.585511
vn -0.689266 0.164111 0.705677
vn -0.096481 0.262910 0.959984
vn -0.411289 0.911505 0.000000
vn -0.256307 0.683486 -0.683486
vn -0.289389 0.957212 0.000000
vn -0.209053 0.691483 -0.691483
vn -0.346572 0.937210 0.039050
vn -0.365148 0.912871 -0.182574
vn -0.086549 -0.562565 -0.822210
vn -0.739949 0.517965 0.429171
vn 0.368100 -0.803130 -0.468492
vn -0.984704 0.117737 0.128440
vn 0.432551 -0.803311 -0.409379
vn -0.193060 0.657835 0.727998
vn -0.348939 0.936179 0.042554
vn 0.221332 0.916946 0.331998
vn -0.007283 -0.932253 -0.361734
vn -0.859597 0.213331 0.464308
vn -0.407584 0.789698 0.458533
vn 0.537430 -0.179144 0.824061
vn -0.126879 -0.581530 0.803570
vn 0.173257 -0.793339 0.583606
vn -0.384990 -0.886004 -0.258418
vn 0.000000 -0.000000 1.000000
vn -0.947997 -0.258545 -0.185622
vn 0.294795 0.074475 -0.952654
vn 0.716016 0.002990 -0.698078
vn 0.545435 -0.556172 -0.627036
vn -0.802631 -0.385046 0.455547
vn 0.148181 0.738056 -0.658267
vn -0.316373 -0.892779 0.320707
vn -0.620173 0.248070 -0.744208
vn -0.000000 -0.447214 -0.894427
vn -0.000000 -0.707107 0.707107
vn -0.388514 -0.291386 0.874157
vn -0.620173 0.248070 -0.744208
vn -0.388514 -0.291386 0.874157
vn 0.348743 0.929981 -0.116248
vn -0.116248 -0.929981 -0.348743
vn 0.727607 0.485071 -0.485071
vn 0.942809 -0.235702 0.235702
vn 0.000000 1.000000 0.000000
vn -0.970142 0.000000 -0.242536
vn 0.707107 -0.707107 0.000000
vn 0.116248 0.929981 0.348743
vn 0.727607 0.485071 -0.485071
vn 0.942809 -0.235702 0.235702
vn 0.000000 1.000000 0.000000
vn 0.408248 -0.408248 -0.816497
vn 0.666667 -0.333333 -0.666667
vn 0.707107 -0.707107 0.000000
vn -0.615457 0.615458 0.492366
vn -0.707107 -0.707107 -0.000000
vn 0.680414 0.680414 0.272166
vn -0.000000 -0.707107 -0.707107
vn 0.408248 -0.408248 -0.816497
vn 0.000000 -0.000000 1.000000
vn 0.666667 -0.333333 -0.666667
vn -0.689951 0.718699 0.086244
vn 0.653069 -0.248788 -0.715266
vn -0.644658 -0.241747 -0.725241
vn 0.662919 -0.236757 -0.710271
vn 0.436435 0.872872 0.218218
vn 0.101015 0.909137 0.404061
vn -0.644658 -0.241747 -0.725241
vn 0.573959 -0.650487 0.497432
vn 0.619987 0.271245 -0.736235
vn -0.883452 0.331295 0.331295
vn 0.904534 -0.301511 -0.301511
vn -0.880247 0.203134 0.428838
vn 0.904534 -0.301511 -0.301511
vn 0.707655 -0.466409 -0.530741
vn -0.904534 -0.301511 0.301511
vn -0.538138 -0.403604 0.739940
vn -0.937357 -0.328075 0.117170
vn -0.886688 -0.243124 -0.393289
vn 0.842427 0.285569 -0.456910
vn -0.885316 -0.427394 0.183169
vn 0.787251 0.193785 -0.585392
vn -0.774139 -0.476393 0.416844
vn 0.715188 0.222233 -0.662660
vn -0.858116 0.190693 0.476731
vn -0.376211 -0.661613 0.648640
vn -0.330791 0.110264 0.937240
vn -0.858116 0.190693 0.476731
vn -0.885316 -0.427394 0.183169
vn -0.333333 0.666666 0.666667
vn 0.458468 -0.880261 -0.122258
vn -0.534522 0.801784 0.267261
vn 0.702354 0.437020 0.561883
vn -0.985801 0.147135 0.080924
vn 0.498729 0.854965 0.142494
vn -0.407584 0.789698 0.458533
vn -0.809316 0.566521 0.155119
vn -0.533177 -0.316439 0.784594
vn -0.140508 -0.713900 0.686006
vn 0.586813 -0.799625 -0.127476
vn 0.566328 -0.311280 -0.763137
vn 0.729036 -0.470560 -0.497070
vn 0.545435 -0.556172 -0.627036
vn 0.600099 -0.769914 -0.217057
vn 0.149786 -0.850451 0.504279
vn -0.754247 -0.612826 0.235702
vn 0.744669 0.431124 -0.509510
vn -0.740194 -0.601407 0.300704
vn 0.693728 0.418629 -0.586081
vn -0.282138 0.282139 0.916949
vn -0.700140 -0.140028 0.700140
vn -0.150329 0.150329 0.977140
vn 0.762684 0.338970 -0.550828
vn 0.872872 -0.436436 -0.218218
vn 0.000000 -0.000000 1.000000
vn 0.000000 0.894427 -0.447214
vn -0.928477 0.000000 -0.371391
vn 0.707107 -0.707107 0.000000
vn -0.000000 -0.707107 -0.707107
vn 0.408248 -0.408248 -0.816497
vn 0.248069 0.620174 0.744208
vn -0.000000 -1.000000 0.000000
vn -0.727607 -0.485071 0.485071
vn 0.942809 -0.235702 0.235702
vn -0.136083 0.952579 0.272166
vn -0.928477 0.000000 -0.371391
vn -0.577350 0.577350 0.577350
vn -0.333333 0.666667 0.666667
vn -0.577350 0.577350 0.577350
vn 0.000000 -0.000000 1.000000
vn 0.574366 -0.502571 -0.646162
vn 0.333332 -0.666667 -0.666667
vn -0.707107 -0.707107 -0.000000
vn 0.680414 0.680414 0.272166
vn -0.896624 -0.050345 0.439921
vn 0.436435 0.872872 0.218218
vn 0.597022 -0.398015 -0.696526
vn 0.101015 0.909137 0.404061
vn -0.826977 0.551318 -0.110264
vn 0.677707 -0.463695 -0.570701
vn 0.759485 -0.497594 -0.419026
vn -0.927173 -0.264906 0.264906
vn -0.712611 0.370948 0.595469
vn -0.898650 -0.336993 0.280828
vn -0.538138 -0.403604 0.739940
vn -0.374270 -0.623783 0.686161
vn 0.000000 -0.000000 1.000000
vn 0.935601 0.187120 -0.299393
vn -0.985245 0.063564 0.158910
vn -0.977135 -0.195427 0.083754
vn -0.885274 0.108751 0.452176
vn -0.061073 -0.977153 0.203574
vn 0.290911 0.789613 -0.540262
vn -0.238677 -0.788484 0.566856
vn -0.886120 -0.241669 0.395458
vn -0.424035 -0.883039 -0.201088
vn -0.947997 -0.258545 -0.185622
vn 0.073448 0.795149 -0.601950
vn 0.537430 -0.179144 0.824061
vn 0.000000 -0.000000 1.000000
vn 0.288634 -0.612792 -0.735647
vn -0.250875 0.671459 0.697284
vn -0.294974 -0.853030 0.430501
vn 0.583437 0.268852 -0.766368
vn 0.104234 0.740608 -0.663804
vn 0.000000 0.707107 -0.707107
vn 0.000000 0.316228 0.948683
vn 0.929981 -0.348743 -0.116248
vn 0.169031 -0.845154 -0.507093
vn 0.000000 0.894427 -0.447214
vn 0.872872 -0.436436 -0.218218
vn 0.218218 -0.872872 -0.436436
vn -0.408248 -0.408248 0.816497
vn 0.000000 -0.000000 1.000000
vn 0.872872 -0.436436 -0.218218
vn 0.000000 1.000000 0.000000
vn -0.248069 -0.620174 -0.744208
vn 0.727607 0.485071 -0.485071
vn -0.942809 0.235702 -0.235702
vn -0.707107 0.000000 -0.707107
vn -0.577350 0.577350 0.577350
vn -0.000000 -0.707107 -0.707107
vn 0.000000 -0.000000 1.000000
vn -0.151620 0.833908 0.530669
vn -0.000000 -0.857493 -0.514496
vn 0.548630 -0.249378 -0.798007
vn 0.759485 -0.497594 -0.419026
vn -0.879049 -0.361961 0.310252
vn 0.882053 0.118928 -0.455893
vn -0.884985 0.208232 0.416463
vn -0.042033 -0.966762 0.252199
vn -0.378794 -0.243510 0.892871
vn -0.879049 0.103418 0.465379
vn -0.774139 -0.476393 0.416844
vn -0.004104 -0.007607 0.999963
vn 0.000000 0.707107 -0.707107
vn 0.929981 -0.348743 -0.116248
vn 0.104828 -0.943456 -0.314485
vn -0.588348 0.196117 -0.784464
vn 0.929981 -0.348743 -0.116248
vn 0.104828 -0.943456 -0.314485
vn -0.000000 -0.707107 -0.707107
vn 0.000000 0.894427 -0.447214
vn -0.801783 0.267263 -0.534522
vn -0.160586 0.214115 0.963518
vn -0.116248 -0.929981 -0.348743
vn -0.942809 0.235702 -0.235702
vn -0.727607 -0.485071 0.485071
vn 0.116248 0.929981 0.348743
vn -0.942809 0.235702 -0.235702
vn -0.727607 -0.485071 0.485071
vn -0.905767 -0.128911 0.403694
vn -0.861619 -0.380157 0.336293
vn 0.626213 -0.326720 -0.707893
vn -0.826977 0.551318 -0.110264
vn -1.000000 0.000000 0.000000
vn 0.449439 -0.799002 -0.399501
vn 0.656205 -0.238620 -0.715860
vn -0.987878 0.109764 -0.109764
vn -1.000000 0.000000 0.000000
vn -0.801784 -0.534522 -0.267261
vn 0.000000 0.894427 0.447214
vn 0.151620 -0.833908 -0.530669
vn 0.707107 -0.000000 -0.707107
vn -0.666667 0.333333 0.666667
vn 0.577350 -0.577350 -0.577350
vn 0.707107 -0.000000 -0.707107
vn -0.800000 0.000000 0.600000
vn 0.553660 -0.184553 -0.812035
vn 0.449439 -0.799002 -0.399501
vn -0.801784 -0.534522 -0.267261
vn -0.941184 0.313728 -0.125491
vn -0.749269 0.655610 0.093659
vn -0.748523 0.314380 0.583848
vn -1.000000 0.000000 0.000000
vn 0.101015 0.909137 0.404061
vn -0.826977 0.551318 -0.110264
vn -0.644658 -0.241747 -0.725241
vn -0.987878 0.109764 -0.109764
vn -0.960283 0.101677 0.259841
vn -0.955056 -0.271323 0.119382
vn -0.868214 0.039464 -0.494619
vn 0.877575 0.094026 -0.470129
vn -0.988272 -0.029948 0.149738
vn -0.860447 -0.444102 0.249807
vn 0.888889 0.111111 -0.444445
vn -0.983078 0.032769 0.180231
vn -0.584305 -0.811534 0.000000
vn -0.254241 -0.966117 -0.044492
vn -0.584305 -0.811534 0.000000
vn -0.315879 -0.700950 0.639445
vn -0.234641 -0.972082 0.000000
vn -0.800864 -0.418111 0.428719
vn -0.707562 0.494110 0.505184
vn -0.526546 0.796570 0.297026
vn -0.801783 0.267263 -0.534522
vn 0.169031 -0.845154 -0.507093
vn -0.408248 -0.408248 0.816497
vn -0.801783 0.267263 -0.534522
vn -0.408248 -0.408248 0.816497
vn 0.000000 -0.000000 1.000000
vn 0.000000 0.894427 -0.447214
vn -0.554700 0.000001 0.832051
vn -0.844709 -0.475149 0.246373
vn 0.736924 0.502448 -0.452204
vn 0.748569 0.392108 -0.534692
vn 0.755905 0.305578 -0.578991
vn -0.801784 -0.534522 0.267261
vn -0.408669 -0.090815 0.908153
vn -0.452328 -0.313150 0.835067
vn -0.226455 0.792594 0.566139
vn 0.151620 -0.833908 -0.530669
vn -0.408248 0.816497 0.408248
vn 0.816497 0.408248 -0.408248
vn 0.534522 -0.801784 -0.267261
vn 0.678697 0.174025 -0.713502
vn 0.734234 -0.571073 0.367119
vn -0.806420 0.418143 0.418143
vn 0.625473 0.312737 -0.714828
vn -0.435413 -0.459603 0.774068
vn -0.890587 0.321601 0.321601
vn 0.646997 -0.539164 -0.539164
vn 0.577778 -0.269630 -0.770371
vn -1.000000 0.000000 0.000000
vn -0.941184 0.313728 -0.125491
vn 0.568894 -0.292135 -0.768776
vn -0.927173 -0.264906 0.264906
vn -0.639602 0.426401 0.639602
vn -0.898650 -0.336993 0.280828
vn -0.941184 0.313728 -0.125491
vn -0.987878 0.109764 -0.109764
vn -0.801784 -0.534522 -0.267261
vn -0.101046 -0.267283 0.958306
vn -0.578017 -0.816025 0.000000
vn -0.227230 -0.973841 0.000000
vn -0.578017 -0.816025 0.000000
vn -0.271210 -0.957454 -0.098622
vn -0.428033 0.237796 -0.871918
vn -0.512315 0.819705 -0.256158
vn 0.702354 0.437020 0.561883
vn -0.032549 0.309217 0.950434
vn -0.809316 0.566521 0.155119
vn -0.739949 0.517965 0.429171
vn -0.884213 -0.048896 0.464517
vn 0.200568 -0.767693 0.608622
vn 0.473034 -0.879176 -0.057337
vn -0.947997 -0.258545 -0.185622
vn 0.000000 -0.000000 1.000000
vn -0.000000 -1.000000 -0.000001
vn -0.768658 0.202278 0.606835
vn 0.000000 0.707107 -0.707107
vn -0.160586 0.214115 0.963518
vn -0.588348 0.196117 -0.784464
vn -0.408248 0.816497 0.408248
vn 0.534522 -0.801784 -0.267261
vn -0.707108 -0.707106 0.000000
vn -0.151620 0.833908 0.530669
vn 0.267261 -0.801784 -0.534522
vn 0.573959 -0.650487 0.497432
vn 0.539164 -0.539164 0.646997
vn -0.885507 0.040250 0.462879
vn 0.738173 0.265742 -0.620066
vn 0.904534 -0.301511 -0.301511
vn -0.752343 -0.080608 0.653822
vn 0.333333 0.666667 0.666667
vn -0.289412 0.676713 0.676979
vn -0.235463 0.627902 -0.741819
vn -0.192052 0.634352 0.748808
vn -0.004755 0.846382 -0.532555
vn 0.135186 0.122896 -0.983169
vn -0.884509 -0.057865 0.462921
vn -0.375399 -0.837239 0.397627
vn 0.156522 0.177673 -0.971562
vn -0.883178 -0.033418 0.467846
vn -0.749738 -0.443791 0.490860
vn -0.774060 -0.549695 0.314111
vn 0.739810 0.436298 -0.512176
vn -0.784987 -0.554108 0.277054
vn -0.205076 0.205076 0.957020
vn -0.581238 0.000000 0.813734
vn -0.476731 -0.190692 0.858117
vn 0.741068 0.338314 -0.579967
vn 0.692289 0.450793 -0.563491
vn -0.588348 0.196117 -0.784464
vn 0.104828 -0.943456 -0.314485
vn -0.314485 0.104829 0.943456
vn 0.424264 0.565685 -0.707107
vn 0.000001 1.000000 0.000000
vn 0.824163 0.137360 0.549442
vn -0.000000 -0.707107 -0.707107
vn 0.381000 -0.889001 0.254001
vn 0.000001 1.000000 0.000000
vn -0.000000 -0.447214 -0.894427
vn 0.000001 0.894427 -0.447214
vn 0.872872 0.436435 0.218218
vn 0.801783 -0.534523 -0.267261
vn 0.816497 0.408248 -0.408248
vn -0.707108 -0.707106 0.000000
vn 0.534522 -0.801784 -0.267261
vn -0.816497 -0.408248 0.408248
vn 0.872872 0.436435 0.218218
vn -0.707107 0.000000 0.707107
vn 0.801783 -0.534523 -0.267261
vn 0.619987 0.271245 -0.736235
vn -0.896078 0.080417 0.436551
vn -0.765044 -0.062031 0.640983
vn 0.487713 -0.766406 0.418040
vn 0.588979 0.425372 -0.687141
vn 0.710011 0.142002 -0.689725
vn 0.666667 -0.666667 -0.333333
vn 0.577350 -0.577350 -0.577350
vn -0.666667 0.333333 0.666667
vn 0.848701 -0.391419 0.355664
vn 0.361907 -0.885743 -0.290660
vn 0.367753 -0.748641 -0.551630
vn -0.231731 0.664296 0.710642
vn -0.490222 0.467939 0.735333
vn 0.250304 0.806747 -0.535264
vn 0.119733 -0.838140 0.532152
vn 0.000000 -0.000000 1.000000
vn -0.883899 -0.441949 0.152983
vn -0.282138 0.282139 0.916949
vn 0.744669 0.431124 -0.509510
vn 0.762684 0.338970 -0.550828
vn -0.852989 -0.511793 0.102359
vn -0.857143 -0.285714 0.428571
vn -0.150329 0.150329 0.977140
vn 0.857143 0.285714 -0.428571
vn 0.137361 0.824163 -0.549442
vn 0.248069 0.620174 0.744208
vn 0.824163 0.137360 0.549442
vn -0.883116 -0.413960 0.220779
vn -0.898146 -0.163299 0.408248
vn -0.452328 -0.313150 0.835067
vn 0.801783 -0.534523 -0.267261
vn -0.707107 0.000000 0.707107
vn -0.000000 -0.447214 -0.894427
vn -0.408248 0.816497 0.408248
vn 0.816497 0.408248 -0.408248
vn -0.762001 -0.635000 0.127000
vn -0.577350 -0.577350 0.577350
vn -0.707107 0.000000 0.707107
vn -0.816497 -0.408248 0.408248
vn -0.577350 -0.577350 0.577350
vn 0.000001 0.894427 -0.447214
vn 0.872872 0.436435 0.218218
vn 0.755905 0.305578 -0.578991
vn 0.539164 -0.539164 0.646997
vn -0.894693 -0.081336 0.439213
vn -0.452328 -0.313150 0.835067
vn 0.000000 1.000000 0.000000
vn 0.624695 -0.624695 -0.468521
vn 0.707107 -0.000000 -0.707107
vn -0.529813 0.529813 0.662266
vn 0.825207 -0.393677 0.405033
vn 0.472784 0.499741 0.725765
vn 0.584988 0.581139 0.565745
vn -0.079556 -0.875113 0.477335
vn 0.329293 0.768350 -0.548821
vn -0.333946 -0.807036 0.487004
vn 0.351690 0.826471 -0.439613
vn -0.096422 -0.809942 0.578530
vn 0.587280 0.440459 -0.679042
vn -0.650437 0.409147 0.639946
vn 0.290911 0.789613 -0.540262
vn 0.000000 0.883788 -0.467888
vn 0.359971 -0.932233 0.036920
vn -0.534522 0.801784 0.267261
vn 0.586930 -0.798378 -0.134558
vn 0.129997 -0.903067 0.409354
vn 0.084453 -0.673162 -0.734657
vn -0.552761 0.801957 -0.226541
vn -0.862455 -0.327014 0.386308
vn -0.813839 -0.280968 0.508649
vn 0.643752 0.353773 -0.678549
vn -0.590017 -0.310535 0.745284
vn -0.368023 -0.590910 0.717903
vn 0.261005 0.590954 -0.763315
vn -0.000000 -0.447214 -0.894427
vn 0.000000 0.707107 -0.707106
vn 0.707107 -0.707107 0.000000
vn 0.942809 -0.235702 0.235702
vn 0.000000 0.707107 -0.707106
vn -0.485071 0.727607 -0.485071
vn -0.254000 0.381001 0.889001
vn 0.942809 -0.235702 0.235702
vn 0.755905 0.305578 -0.578991
vn 0.539164 -0.539164 0.646997
vn -0.879215 -0.416470 0.231372
vn -0.912608 -0.161048 0.375780
vn 0.738173 0.265742 -0.620066
vn 0.748569 0.392108 -0.534692
vn -0.408669 -0.090815 0.908153
vn 0.824163 0.137360 0.549442
vn 0.381000 -0.889001 0.254001
vn -0.707107 -0.424264 0.565685
vn 0.248069 0.620174 0.744208
vn -0.000000 -0.447214 -0.894427
vn 0.000001 1.000000 0.000000
vn -0.707107 0.000000 0.707107
vn -0.577350 -0.577350 0.577350
vn 0.000001 0.894427 -0.447214
vn 0.573959 -0.650487 0.497432
vn 0.619987 0.271245 -0.736235
vn -0.897921 -0.123244 0.422551
vn 0.738173 0.265742 -0.620066
vn -0.945120 0.231029 0.231029
vn 0.625473 0.312737 -0.714828
vn -0.957826 0.287348 0.000000
vn -0.435413 -0.459603 0.774068
vn 0.678697 0.174025 -0.713502
vn 0.734234 -0.571073 0.367119
vn -0.949633 0.221581 0.221581
vn 0.772988 0.257663 -0.579741
vn -0.000000 -0.554700 0.832050
vn 0.770770 -0.532440 -0.349889
vn 0.353828 -0.813346 -0.461815
vn -0.592717 0.788526 -0.164055
vn 0.432551 -0.803311 -0.409379
vn -0.086549 -0.562565 -0.822210
vn -0.472335 0.734174 0.487738
vn 0.702354 0.437020 0.561883
vn -0.021854 0.207613 0.977967
vn 0.452679 0.814822 0.362143
vn -0.187647 -0.112588 0.975763
vn -0.586652 0.469321 0.659983
vn -0.327506 0.866229 -0.377343
vn 0.517607 0.854051 -0.051761
vn -0.407584 0.789698 0.458533
vn 0.266450 -0.645629 -0.715658
vn -0.318181 0.691432 0.648600
vn -0.239052 0.640318 -0.729963
vn -0.168393 0.962247 -0.213833
vn -0.499401 0.832335 -0.240452
vn -0.163732 0.959005 -0.231305
vn -0.054973 0.177136 0.982650
vn -0.279666 0.611769 0.739950
vn -0.695718 0.553309 0.458067
vn -0.058265 0.928365 0.367073
vn -0.152244 -0.606209 -0.780598
vn -0.240772 0.120386 -0.963087
vn 0.447214 -0.894427 0.000000
vn 1.000000 -0.000000 0.000000
vn -0.104829 0.314486 -0.943456
vn 1.000000 -0.000000 0.000000
vn -0.181818 0.545455 0.818182
vn 0.447214 -0.894427 0.000000
vn -0.635999 -0.212000 0.741999
vn -0.181818 0.545455 0.818182
vn -0.000000 -0.447214 -0.894427
vn -0.707107 0.000000 -0.707107
vn -0.485071 0.727607 -0.485071
vn 0.000000 0.707107 -0.707106
vn 1.000000 -0.000000 0.000000
vn -0.000000 -0.707107 -0.707107
vn 0.137361 0.824163 -0.549442
vn -0.942809 -0.235702 -0.235702
vn 0.942809 -0.235702 0.235702
vn 0.707107 -0.707107 0.000000
vn -0.577350 -0.577350 0.577350
vn -0.254000 0.381001 0.889001
vn -0.000000 -0.970142 0.242536
vn 0.836315 0.456171 0.304114
vn 0.218218 0.436436 -0.872872
vn 0.085126 -0.936382 -0.340503
vn 0.536656 -0.715542 0.447214
vn -0.000000 -0.707107 -0.707107
vn 0.381000 -0.889001 0.254001
vn -0.923870 -0.355335 0.142134
vn -0.000000 -0.970142 0.242536
vn 1.000000 -0.000000 0.000000
vn 0.000000 0.447213 -0.894427
vn 0.707107 -0.707107 0.000000
vn -0.000000 -0.894427 -0.447214
vn 0.000000 0.447213 -0.894427
vn -0.666667 0.333333 0.666667
vn 1.000000 -0.000000 0.000000
vn 1.000000 -0.000000 0.000000
vn 0.707107 -0.707107 0.000000
vn -0.639602 0.426401 0.639602
vn 0.000000 1.000000 0.000000
vn 0.666667 -0.666667 -0.333333
vn -0.280528 0.742880 0.607811
vn -0.499401 0.832335 -0.240452
vn -0.163732 0.959005 -0.231305
vn 0.337388 0.043071 -0.940380
vn 0.559855 0.288957 -0.776573
vn -0.078672 0.681354 -0.727714
vn -0.907691 -0.352991 0.226923
vn -0.857143 -0.285714 0.428571
vn -0.877266 -0.194948 0.438633
vn -0.993884 -0.110432 0.000000
vn 0.707107 -0.707107 0.000000
vn -0.577350 -0.577350 0.577350
vn -0.707107 0.000000 -0.707107
vn -0.000000 -0.447214 -0.894427
vn 0.248069 0.620174 0.744208
vn -0.923870 -0.355335 0.142134
vn -0.116248 0.929981 -0.348743
vn 0.000000 1.000000 0.000000
vn -0.639602 0.426401 0.639602
vn 0.707107 -0.707107 0.000000
vn -0.000000 -0.894427 -0.447214
vn -0.577350 0.577350 0.577350
vn -0.471300 0.735436 0.486838
vn -0.258956 0.947876 -0.185667
vn 0.498729 0.854965 0.142494
vn -0.292789 -0.700603 0.650715
vn -0.114117 -0.752441 0.648698
vn 0.169021 0.181388 -0.968778
vn -0.777501 -0.398232 0.486728
vn 0.216609 0.537248 -0.815135
vn -0.825227 -0.435120 0.360099
vn -0.666667 -0.333333 0.666666
vn -0.476731 -0.190692 0.858117
vn 0.773776 0.309510 -0.552697
vn 0.447214 -0.894427 0.000000
vn -0.635999 -0.212000 0.741999
vn -0.390567 -0.130189 -0.911322
vn -0.831163 -0.369405 0.415581
vn 0.772988 0.257663 -0.579741
vn -0.000000 -0.554700 0.832050
vn -0.150329 0.150329 0.977140
vn 0.857143 0.285714 -0.428571
vn 0.762684 0.338970 -0.550828
vn -0.877266 -0.194948 0.438633
vn 0.734234 -0.571073 0.367119
vn 0.625473 0.312737 -0.714828
vn 0.772988 0.257663 -0.579741
vn -0.877266 -0.194948 0.438633
vn -0.993884 -0.110432 0.000000
vn -0.957826 0.287348 0.000000
vn -0.577350 -0.577350 0.577350
vn -0.707107 0.000000 -0.707107
vn -0.485071 0.727607 -0.485071
vn -0.254000 0.381001 0.889001
vn -0.857143 -0.285714 0.428571
vn -0.962250 0.192450 0.192450
vn -0.000000 -0.554700 0.832050
vn 0.857143 0.285714 -0.428571
vn -0.993884 -0.110432 0.000000
vn -0.957826 0.287348 0.000000
vn -0.881597 0.012417 0.471840
vn 0.588979 0.425372 -0.687141
vn 0.836315 0.456171 0.304114
vn -0.569803 0.683763 -0.455843
vn 0.218218 0.436436 -0.872872
vn -0.137360 0.824163 0.549443
vn 0.777678 0.301037 -0.551901
vn -0.819017 -0.153566 0.552837
vn 0.487713 -0.766406 0.418040
vn 0.708464 0.177116 -0.683161
vn -0.000000 -0.970142 0.242536
vn 0.836315 0.456171 0.304114
vn -0.137360 0.824163 0.549443
vn 0.536656 -0.715542 0.447214
vn -0.000000 -0.894427 -0.447214
vn 0.000000 0.447213 -0.894427
vn -0.639602 0.426401 0.639602
vn -0.744209 -0.248069 0.620174
vn 0.675814 -0.615976 -0.404784
vn 0.932605 -0.228988 -0.278949
vn -0.666463 0.740515 0.086393
vn 0.582082 -0.763510 -0.279702
vn 0.046524 0.883960 -0.465242
vn 0.173257 -0.793339 0.583606
vn 0.507093 -0.845154 0.169031
vn -0.383551 -0.807384 0.448352
vn 0.430110 0.759862 -0.487458
vn 0.675814 -0.615976 -0.404784
vn -0.187647 -0.112588 0.975763
vn 0.331068 -0.844304 -0.421360
vn -0.522977 0.065372 0.849836
vn -0.193316 -0.733630 0.651472
vn -0.275974 -0.607142 -0.745129
vn -0.310233 -0.563016 0.766008
vn -0.076565 0.167855 0.982834
vn -0.357433 0.933939 0.000000
vn 0.000000 -0.000000 -1.000000
vn -0.357433 0.933939 0.000000
vn -0.825712 -0.384383 0.412856
vn -0.205076 0.205076 0.957020
vn 0.739810 0.436298 -0.512176
vn 0.741068 0.338314 -0.579967
vn -0.707107 0.000000 0.707107
vn -0.426401 -0.639602 0.639602
vn 0.229416 0.688247 -0.688247
vn 0.554700 -0.832050 0.000000
vn 0.597614 0.358568 -0.717137
vn -0.426401 -0.639602 0.639602
vn 0.229416 0.688247 -0.688247
vn -0.181818 0.545455 0.818182
vn -0.635999 -0.212000 0.741999
vn -0.240772 0.120386 -0.963087
vn -0.789216 0.164977 0.591541
vn 0.000000 0.707106 -0.707107
vn 0.801784 0.267261 0.534522
vn -0.000000 -0.707107 -0.707107
vn 0.707107 -0.707107 -0.000000
vn -0.744209 -0.248069 0.620174
vn 0.085126 -0.936382 -0.340503
vn 0.536656 -0.715542 0.447214
vn -0.928279 -0.309426 0.206284
vn 0.027634 0.759941 -0.649404
vn -0.445106 0.833923 -0.326272
vn 0.643752 0.353773 -0.678549
vn -0.789720 -0.366247 0.492144
vn 0.307660 0.515997 -0.799432
vn -0.813839 -0.280968 0.508649
vn -0.408249 0.816496 -0.408249
vn 0.000000 0.707106 -0.707107
vn -0.218218 0.436435 0.872872
vn 0.801784 0.267261 0.534522
vn 0.801784 0.267261 0.534522
vn -0.301511 0.301511 0.904534
vn 0.707107 -0.707107 -0.000000
vn -0.218218 0.436435 0.872872
vn 0.085126 -0.936382 -0.340503
vn -0.569803 0.683763 -0.455843
vn -0.928279 -0.309426 0.206284
vn 0.218218 0.436436 -0.872872
vn -0.569803 0.683763 -0.455843
vn -0.928279 -0.309426 0.206284
vn -0.744209 -0.248069 0.620174
vn -0.137360 0.824163 0.549443
vn 0.205496 -0.795470 -0.570087
vn -0.852339 0.216414 0.476112
vn -0.793967 0.600056 0.097719
vn 0.382359 -0.382360 -0.841191
vn -0.842152 -0.336860 0.421076
vn -0.760285 -0.295036 0.578724
vn -0.824986 -0.110285 0.554288
vn 0.643752 0.353773 -0.678549
vn -0.803717 0.006698 0.594974
vn -0.886236 -0.287781 0.362997
vn 0.382359 -0.382360 -0.841191
vn -0.813839 -0.280968 0.508649
vn -0.788742 -0.248307 0.562344
vn 0.773776 0.309510 -0.552697
vn 0.800132 -0.581914 0.145479
vn -0.408248 0.408248 -0.816497
vn 0.924500 0.369800 -0.092450
vn -0.595880 -0.425628 -0.681005
vn -0.534522 0.267261 0.801784
vn 0.800132 -0.581914 0.145479
vn 0.924500 0.369800 -0.092450
vn -0.408249 0.816496 -0.408249
vn 0.000000 0.707106 -0.707107
vn -0.577350 -0.577350 -0.577350
vn -0.000000 -0.707107 -0.707107
vn -0.301511 0.301511 0.904534
vn -0.577350 -0.577350 -0.577350
vn -0.000000 -0.707107 -0.707107
vn 0.707107 -0.707107 -0.000000
vn -0.428033 0.237796 -0.871918
vn -0.575890 0.817392 -0.014862
vn -0.260071 0.107616 0.959574
vn -0.090461 -0.166886 0.981818
vn -0.230546 -0.587344 0.775806
vn -0.707107 0.000000 0.707107
vn 0.554700 -0.832050 0.000000
vn 0.762493 -0.457494 -0.457497
vn 0.426402 0.639601 -0.639603
vn -0.426401 -0.639602 0.639602
vn -0.707107 0.000000 0.707107
vn 0.597614 0.358568 -0.717137
vn 0.229416 0.688247 -0.688247
vn 0.777678 0.301037 -0.551901
vn -0.842152 -0.336860 0.421076
vn -0.800273 -0.293978 0.522628
vn 0.773776 0.309510 -0.552697
vn -0.476731 -0.190692 0.858117
vn 0.741068 0.338314 -0.579967
vn 0.777678 0.301037 -0.551901
vn -0.825692 -0.240201 0.510428
vn 0.487713 -0.766406 0.418040
vn 0.588979 0.425372 -0.687141
vn -0.485071 0.485071 0.727607
vn -0.408248 0.408248 -0.816497
vn 0.924500 0.369800 -0.092450
vn -0.218218 0.436435 0.872872
vn -0.408249 0.816496 -0.408249
vn -0.577350 -0.577350 -0.577350
vn -0.301511 0.301511 0.904534
vn -0.135488 0.937994 0.319078
vn 0.598820 0.557013 0.575457
vn -0.533177 -0.316439 0.784594
vn -0.324298 -0.460845 0.826107
vn 0.273759 -0.647067 -0.711590
vn -0.490222 0.467939 0.735333
vn 0.458296 -0.366637 -0.809656
vn 0.476828 -0.578123 -0.662124
vn -0.577924 0.462339 0.672493
vn 0.329110 -0.707585 -0.625308
vn -0.351491 0.739979 0.573485
vn -0.272242 -0.674645 -0.686104
vn -0.561148 -0.783269 -0.267585
vn -0.687026 0.544714 0.480918
vn 0.346686 -0.564328 -0.749228
vn 0.800132 -0.581914 0.145479
vn -0.552345 0.092057 0.828517
vn -0.595880 -0.425628 -0.681005
vn -0.219733 -0.936753 -0.272417
vn -0.283401 -0.724979 0.627766
vn -0.561816 -0.764069 -0.317114
vn -0.135494 -0.810187 0.570296
vn -0.534522 0.267261 0.801784
vn -0.408248 0.408248 -0.816497
vn -0.595880 -0.425628 -0.681005
vn 0.747662 -0.470113 0.469037
vn 0.368332 -0.865401 -0.339724
vn 0.306392 -0.883822 -0.353529
vn -0.707107 0.000000 0.707107
vn 0.491540 0.573462 -0.655386
vn -0.707107 0.000000 0.707107
vn 0.554700 -0.832050 0.000000
vn 0.597614 0.358568 -0.717137
vn 0.762493 -0.457494 -0.457497
vn -0.577350 -0.577350 0.577351
vn -0.510950 0.857078 -0.065929
vn 0.464606 -0.862840 0.199117
vn 0.620556 -0.655328 -0.430644
vn 0.932605 -0.228988 -0.278949
vn -0.522977 0.065372 0.849836
vn 0.211687 -0.667628 -0.713765
vn -0.276226 0.674870 0.684287
vn -0.490222 0.467939 0.735333
vn -0.068775 -0.180344 0.981196
vn -0.570396 -0.821370 0.000000
vn -0.247833 -0.968803 0.000000
vn 0.000000 -0.000000 -1.000000
vn -0.570396 -0.821370 0.000000
vn -0.247833 -0.968803 0.000000
vn 0.731577 -0.481340 0.482811
vn 0.156551 0.305275 0.939308
vn 0.476670 0.480852 0.735912
vn 0.741549 -0.548102 0.386896
vn -0.440496 -0.464399 -0.768308
vn 0.346263 -0.887911 -0.302845
vn 0.300952 -0.890317 -0.341706
vn 0.228635 -0.914539 -0.333683
vn -0.376927 0.915394 0.141348
vn 0.582082 -0.763510 -0.279702
vn -0.428033 0.237796 -0.871918
vn -0.199094 0.698782 0.687070
vn 0.447416 -0.191750 -0.873528
vn 0.515371 -0.548837 -0.658158
vn 0.617847 -0.750244 -0.235370
vn -0.577924 0.462339 0.672493
vn 0.238621 -0.715860 -0.656205
vn -0.306623 0.696116 0.649156
vn -0.124571 0.634771 -0.762592
vn -0.510334 0.802681 -0.308645
vn -0.739145 0.480064 0.472444
vn -0.526546 0.796570 0.297026
vn 0.328721 -0.682925 -0.652346
vn 0.514496 0.514496 -0.685994
vn 0.872872 -0.218218 -0.436436
vn -0.428571 -0.285714 0.857143
vn 0.762493 -0.457494 -0.457497
vn 0.491540 0.573462 -0.655386
vn -0.577350 -0.577350 0.577351
vn 0.228635 -0.914539 -0.333683
vn 0.808286 -0.581455 0.092649
vn -0.814177 0.389389 -0.430688
vn -0.251577 -0.150946 0.955994
vn 0.932605 -0.228988 -0.278949
vn -0.375992 0.756408 -0.535236
vn 0.583697 -0.755680 -0.297060
vn -0.474055 -0.167313 -0.864453
vn 0.509009 -0.813805 -0.280412
vn 0.080965 -0.894874 -0.438914
vn -0.522977 0.065372 0.849836
vn -0.035350 -0.612741 -0.789493
vn -0.292314 0.950019 -0.109618
vn -0.267261 0.534523 -0.801784
vn 0.416803 0.131622 0.899417
vn -0.408248 -0.408248 0.816497
vn 0.842152 -0.336861 -0.421076
vn -0.476731 -0.190692 0.858116
vn 0.451129 0.551380 -0.701757
vn -0.391189 -0.358590 0.847576
vn -0.707106 0.000000 0.707107
vn 0.529813 0.529813 -0.662266
vn -0.577350 -0.577350 0.577351
vn -0.735012 0.416549 -0.535018
vn -0.197307 0.962196 0.187746
vn -0.007053 0.008591 0.999938
vn -0.351690 -0.826471 0.439613
vn 0.335689 0.825796 -0.453181
vn -0.533177 -0.316439 0.784594
vn -0.138753 -0.731342 0.667747
vn -0.413041 -0.496695 0.763342
vn -0.673806 0.736209 -0.063104
vn 0.423795 0.557625 -0.713760
vn 0.744208 -0.248070 -0.620174
vn 0.228635 -0.914539 -0.333683
vn -0.382724 0.913320 0.139172
vn 0.509009 -0.813805 -0.280412
vn -0.460060 0.739568 0.491309
vn -0.153975 0.153975 0.976004
vn -0.831104 0.082697 0.549934
vn -0.279290 0.626287 0.727847
vn -0.629490 0.733386 0.256685
vn 0.461169 -0.638467 -0.616184
vn -0.577924 0.462339 0.672493
vn -0.674578 0.674578 0.299813
vn 0.354743 -0.854381 -0.379725
vn -0.162221 0.162221 0.973329
vn -0.348743 -0.464990 0.813733
vn 0.745194 0.139724 -0.652045
vn -0.386494 -0.193247 0.901819
vn -0.687214 0.204172 0.697174
vn -0.526546 0.796570 0.297026
vn 0.233178 -0.826116 -0.512992
vn 0.382359 -0.382360 -0.841191
vn -0.637266 0.433341 -0.637266
vn -0.639000 0.769179 0.006608
vn -0.382815 0.584856 0.715120
vn -0.574945 0.413960 0.705745
vn -0.739839 0.672581 0.016485
vn -0.814177 0.389389 -0.430688
vn -0.462889 0.738542 0.490194
vn -0.327506 0.866229 -0.377343
vn -0.441730 0.622952 0.645605
vn -0.602832 0.376770 0.703305
vn 0.617847 -0.750244 -0.235370
vn -0.497468 -0.497468 0.710669
vn 0.749269 -0.093659 -0.655610
vn -0.785081 -0.056077 0.616849
vn 0.608581 0.426006 -0.669439
vn 0.409853 0.563547 -0.717242
vn -0.399004 -0.349128 0.847883
vn 0.768221 0.384111 -0.512148
vn -0.413990 -0.112906 0.903252
vn 0.557086 0.742781 -0.371391
vn -0.691311 0.006133 -0.722531
vn -0.727981 0.503163 -0.465694
vn -0.209103 0.193018 0.958655
vn -0.739940 0.672673 0.000000
vn -0.399004 0.648381 -0.648381
vn -0.637266 0.433341 -0.637266
vn -0.636881 0.770962 0.000000
vn -0.457496 0.762493 -0.457496
vn -0.362426 -0.837557 0.408834
vn 0.362398 0.826721 -0.430348
vn -0.725665 -0.080776 0.683290
vn -0.384331 -0.550742 0.740927
vn -0.361961 -0.517088 0.775632
vn 0.655826 0.032791 -0.754200
vn 0.156922 0.298152 0.941531
vn -0.118992 0.828726 0.546858
vn -0.012240 -0.010048 0.999875
vn -0.474055 -0.167313 -0.864453
vn 0.416803 0.131622 0.899417
vn 0.529328 0.085837 0.844064
vn -0.825702 0.180175 0.534559
vn -0.797089 0.569874 0.199731
vn 0.608581 0.426006 -0.669439
vn 0.401610 0.562253 -0.722897
vn 0.719728 0.055364 -0.692046
vn 0.473514 0.520865 -0.710271
vn -0.497468 -0.497468 0.710669
vn -0.791155 -0.060858 0.608581
vn -0.713186 -0.475457 0.515079
vn -0.414388 -0.316885 0.853151
vn 0.682400 0.047062 -0.729462
vn 0.363697 0.727393 -0.581914
vn 0.557086 0.742781 -0.371391
vn 0.408248 0.816497 -0.408248
vn -0.447214 0.000000 0.894427
vn 0.557086 0.742781 -0.371391
vn -0.392794 0.903427 0.171848
vn -0.439574 -0.278961 0.853789
vn -0.829242 0.059843 0.555677
vn 0.007119 0.882724 0.469837
vn 0.669014 -0.682132 -0.295153
vn -0.542331 0.754791 0.369009
vn 0.384012 -0.144005 -0.912029
vn -0.577350 -0.577350 0.577350
vn 0.757266 0.168281 -0.631055
vn -0.735215 -0.441129 0.514650
vn -0.659290 -0.393394 0.640764
vn -0.341561 -0.635641 0.692313
vn -0.791155 -0.060858 0.608581
vn 0.608581 0.426006 -0.669439
vn 0.503509 0.419591 -0.755263
vn -0.185129 -0.197471 0.962669
vn -0.683941 -0.729537 0.000000
vn -0.754337 -0.464207 -0.464207
vn -0.776458 -0.630169 0.000000
vn -0.476731 -0.667424 -0.572077
vn -0.704337 -0.428126 -0.566231
vn -0.584305 -0.811534 0.000000
vn -0.786666 -0.471999 0.397961
vn -0.442368 -0.858715 0.258686
vn -0.453701 -0.630141 -0.630141
vn 0.777955 -0.478742 0.406930
vn 0.156174 0.312347 0.937043
vn 0.776190 -0.534888 0.333803
vn 0.751810 0.636146 0.173495
vn -0.484718 -0.572848 0.660979
vn 0.638802 0.103033 -0.762441
vn -0.185921 0.894191 0.407255
vn -0.981211 0.122651 -0.148934
vn -0.292314 0.950019 -0.109618
vn 0.416803 0.131622 0.899417
vn 0.529328 0.085837 0.844064
vn -0.069673 -0.418040 0.905753
vn -0.422476 0.665802 0.614997
vn -0.582303 0.784326 0.213907
vn -0.113945 0.958480 0.261404
vn -0.629490 0.733386 0.256685
vn -0.162221 0.162221 0.973329
vn -0.701646 0.708580 -0.074879
vn 0.739600 0.184900 -0.647150
vn -0.713186 -0.475457 0.515079
vn 0.426401 0.639602 -0.639602
vn -0.798228 -0.066519 0.598671
vn -0.685994 -0.514496 0.514496
vn 0.473514 0.520865 -0.710271
vn -0.468852 0.866666 0.170492
vn 0.080965 -0.894874 -0.438914
vn 0.509009 -0.813805 -0.280412
vn -0.018437 0.921825 0.387167
vn 0.682597 -0.662416 -0.308653
vn -0.542331 0.754791 0.369009
vn -0.669693 0.634631 0.385687
vn 0.777955 -0.478742 0.406930
vn 0.337388 0.043071 -0.940380
vn 0.566328 -0.311280 -0.763137
vn 0.545435 -0.556172 -0.627036
vn 0.927297 -0.350102 -0.132471
vn 0.778924 0.614940 0.122988
vn 0.620403 0.068934 -0.781248
vn 0.415464 0.604312 -0.679851
vn -0.707107 0.000000 0.707107
vn 0.407966 0.687100 -0.601213
vn -0.447214 0.000000 0.894427
vn -0.449745 -0.546119 0.706742
vn -0.770054 -0.236940 0.592349
vn -0.428076 -0.067591 0.901212
vn -0.814177 0.389389 -0.430688
vn -0.432685 0.751791 0.497588
vn -0.981211 0.122651 -0.148934
vn -0.292314 0.950019 -0.109618
vn -0.832426 0.104053 0.544279
vn -0.813754 -0.016488 0.580976
vn -0.437517 -0.462980 -0.770862
vn 0.155968 -0.876484 -0.455466
vn -0.185921 0.894191 0.407255
vn -0.940471 0.329165 -0.084642
vn -0.981211 0.122651 -0.148934
vn 0.023086 0.854194 0.519442
vn -0.831104 0.082697 0.549934
vn -0.956389 0.070844 0.283375
vn -0.396079 -0.629908 0.668085
vn 0.440303 0.550379 -0.709377
vn 0.812825 0.505758 -0.289005
vn -0.413041 -0.496695 0.763342
vn -0.891193 0.294002 0.345452
vn -0.846071 0.493541 0.201446
vn -0.577350 -0.577350 0.577350
vn -0.780399 -0.346844 0.520266
vn 0.597022 0.099504 -0.796030
vn -0.764519 0.415351 -0.492944
vn -0.392826 0.877771 0.274237
vn 0.606673 0.576836 -0.547000
vn 0.670564 0.453209 -0.587321
vn -0.829561 -0.518476 0.207390
vn -0.922798 -0.164053 0.348613
vn -0.474055 -0.167313 -0.864453
vn -0.267261 0.534523 -0.801784
vn 0.529328 0.085837 0.844064
vn -0.069673 -0.418040 0.905753
vn 0.691048 -0.517630 0.504492
vn 0.235835 -0.903607 -0.357598
vn 0.776190 -0.534888 0.333803
vn -0.583384 -0.713024 0.388922
vn 0.670564 0.453209 -0.587321
vn 0.494832 0.770896 -0.401074
vn -0.871961 -0.113032 0.476349
vn 0.808286 -0.581455 0.092649
vn -0.940471 0.329165 -0.084642
vn -0.035350 -0.612741 -0.789493
vn -0.956389 0.070844 0.283375
vn -0.241002 -0.881712 0.405588
vn 0.302268 0.861464 -0.408062
vn -0.780399 -0.346844 0.520266
vn 0.577350 0.115470 -0.808290
vn 0.436648 0.499026 -0.748539
vn -0.759504 -0.178707 0.625474
vn 0.455842 0.569803 -0.683763
vn 0.808286 -0.581455 0.092649
vn -0.940471 0.329165 -0.084642
vn 0.080965 -0.894874 -0.438914
vn 0.007119 0.882724 0.469837
vn -0.584859 -0.668409 0.459531
vn -0.583384 -0.713024 0.388922
vn 0.506768 0.752912 -0.419893
vn -0.412405 0.642270 0.646073
vn -0.588205 0.429044 0.685519
vn 0.576132 -0.804351 -0.145230
vn 0.566328 -0.311280 -0.763137
vn 0.007409 -0.913174 0.407502
vn -0.000000 -1.000000 0.000000
vn 0.927297 -0.350102 -0.132471
vn 0.124181 -0.736216 0.665256
vn 0.417366 -0.218169 0.882161
vn -0.782920 -0.561860 0.267114
vn -0.871961 -0.113032 0.476349
vn -0.819408 -0.451510 0.353142
vn -0.638509 -0.347259 0.686817
vn -0.383434 -0.744313 0.546787
vn -0.542331 0.754791 0.369009
vn -0.708782 0.609947 0.354391
vn 0.384012 -0.144005 -0.912029
vn -0.509946 -0.533181 0.675036
vn 0.812825 0.505758 -0.289005
vn -0.185921 0.894191 0.407255
vn -0.035350 -0.612741 -0.789493
vn -0.956389 0.070844 0.283375
vn -0.267261 0.534523 -0.801784
vn -0.069673 -0.418040 0.905753
vn -0.388500 0.813651 0.432481
vn 0.156551 0.305275 0.939308
vn -0.145029 0.950748 -0.273944
vn 0.778924 0.614940 0.122988
vn 0.777955 -0.478742 0.406930
vn 0.054617 -0.994812 -0.085827
vn 0.826010 -0.508314 0.243567
vn 0.927297 -0.350102 -0.132471
vn 0.578675 0.610909 -0.540301
vn -0.836266 -0.524567 0.159651
vn -0.572364 0.400655 0.715455
vn -0.548472 0.383059 -0.743266
vn -0.349588 0.559341 -0.751615
vn -0.361290 0.572776 0.735797
vn -0.222712 0.965086 -0.137869
vn 0.393919 -0.000000 -0.919145
vn -0.143097 0.609112 -0.780068
vn -0.145029 0.950748 -0.273944
vn 0.809881 0.583867 0.056503
vn -0.715507 0.039834 -0.697469
vn -0.498691 -0.526786 0.688334
vn -0.031995 0.014488 0.999383
vn -0.748879 -0.628092 0.211377
vn -0.584859 -0.668409 0.459531
vn 0.528368 0.709035 -0.467009
vn -0.773501 -0.544316 0.324679
vn -0.778431 -0.111204 0.617802
vn 0.016624 -0.764698 0.644175
vn -0.584859 -0.668409 0.459531
vn -0.583384 -0.713024 0.388922
vn 0.008827 -0.997464 -0.070617
vn -0.773501 -0.544316 0.324679
vn -0.829450 -0.078995 0.552967
vn -0.561449 -0.422477 0.711539
vn 0.669514 0.418446 -0.613721
vn 0.440303 0.550379 -0.709377
vn -0.647150 -0.184900 0.739600
vn 0.812825 0.505758 -0.289005
vn -0.054696 -0.016475 0.998367
vn 0.789338 0.329948 -0.517765
vn 0.650809 0.540968 -0.532730
vn 0.531282 0.663104 -0.527287
vn 0.524912 0.729629 -0.438302
vn -0.745872 -0.665956 -0.013319
vn -0.683666 0.255345 -0.683666
vn -0.970497 0.234258 0.057088
vn -0.818994 0.573296 0.024088
vn 0.691173 -0.665573 -0.281589
vn -0.702203 0.615604 0.357691
vn -0.572776 -0.361290 0.735797
vn -0.383059 -0.548472 -0.743266
vn -0.559341 -0.349588 -0.751615
vn -0.400655 -0.572364 0.715455
vn -0.112502 0.140627 0.983650
vn -0.535418 0.388610 0.749873
vn -0.368237 0.578658 0.727706
vn -0.972082 0.234641 0.000000
vn -0.276694 0.122975 0.953057
vn -0.826927 0.562310 0.000000
vn -0.972082 0.234641 0.000000
vn -0.663819 0.344514 -0.663819
vn -0.826927 0.562310 0.000000
vn -0.772865 0.328385 0.542995
vn -0.810611 0.583640 0.047683
vn -0.614940 0.368964 0.696932
vn 0.515371 -0.548837 -0.658158
vn 0.617847 -0.750244 -0.235370
vn -0.351507 0.806398 0.475568
vn 0.423487 -0.733684 -0.531382
vn -0.162221 0.162221 0.973329
vn -0.984738 -0.164123 0.057926
vn -0.692294 -0.203616 -0.692294
vn -0.819408 -0.451510 0.353142
vn -0.957977 -0.029937 0.285280
vn -0.547589 0.381653 -0.744639
vn -0.352291 0.575696 -0.737879
vn -0.701825 0.661948 -0.263185
vn -0.614249 -0.534129 -0.580866
vn -0.061622 -0.829836 -0.554594
vn -0.270883 -0.121897 0.954863
vn -0.911505 -0.411289 0.000000
vn -0.713221 -0.316987 -0.625169
vn -0.957212 -0.289389 0.000000
vn -0.408248 -0.816496 0.408249
vn 0.196817 -0.040258 0.979613
vn -0.682864 -0.725542 -0.085358
vn -0.728408 -0.646776 0.226058
vn -0.643806 -0.370676 0.669412
vn -0.347271 -0.687733 0.637515
vn -0.779421 -0.458483 0.426962
vn -0.520168 -0.561068 0.643917
vn 0.655348 0.422335 -0.626221
vn 0.440303 0.550379 -0.709377
vn -0.396803 0.661338 0.636538
vn -0.621762 0.456607 0.636335
vn -0.607039 0.758798 -0.236071
vn -0.674439 -0.384492 0.630316
vn -0.214765 -0.811937 0.542802
vn -0.768222 -0.512147 0.384111
vn 0.016624 -0.764698 0.644175
vn -0.635125 -0.534434 0.557671
vn -0.599988 -0.556239 0.574989
vn 0.254569 -0.214070 0.943063
vn -0.538018 0.559807 0.630201
vn 0.447416 -0.191750 -0.873528
vn -0.614940 0.368964 0.696932
vn 0.478604 -0.580626 -0.658643
vn -0.110218 0.003867 0.993900
vn -0.408248 -0.816496 0.408249
vn 0.650809 0.540968 -0.532730
vn 0.407997 0.800302 -0.439381
vn -0.798630 -0.588463 0.126099
vn -0.461539 -0.392799 -0.795418
vn -0.045593 0.284957 0.957455
vn 0.535687 0.685679 -0.492832
vn 0.337472 0.048210 0.940100
vn -0.778431 -0.111204 0.617802
vn -0.535628 0.563819 0.628658
vn 0.480426 -0.575604 -0.661718
vn -0.140627 -0.112502 0.983650
vn -0.578658 -0.368237 0.727706
vn -0.388610 -0.535418 0.749873
vn 0.698049 -0.638365 -0.324373
vn -0.733844 0.592266 0.332707
vn 0.008827 -0.997464 -0.070617
vn -0.188620 0.411536 0.891662
vn -0.888865 -0.448105 -0.095498
vn 0.337472 0.048210 0.940100
vn -0.773501 -0.544316 0.324679
vn -0.150244 0.585953 0.796295
vn -0.778431 -0.111204 0.617802
vn -0.602405 -0.476904 -0.640055
vn 0.108790 -0.971613 -0.210078
vn -0.797211 -0.565542 -0.211227
vn -0.805989 0.377593 -0.455857
vn -0.431307 0.828169 0.357925
vn -0.984738 -0.164123 0.057926
vn -0.706904 0.023963 -0.706904
vn -0.970497 0.234258 0.057088
vn -0.852937 -0.426468 0.301037
vn -0.760686 -0.100614 0.641276
vn -0.370138 -0.844881 -0.386231
vn -0.077380 -0.781538 0.619040
vn -0.635125 -0.534434 0.557671
vn 0.008827 -0.997464 -0.070617
vn -0.888865 -0.448105 -0.095498
vn 0.680566 -0.661621 -0.314780
vn -0.728140 0.592672 0.344314
vn 0.384012 -0.144005 -0.912029
vn 0.613647 0.517674 -0.596197
vn 0.606430 0.758038 -0.240045
vn -0.523032 -0.653790 0.546806
vn 0.292286 0.570871 -0.767251
vn 0.655348 0.422335 -0.626221
vn -0.647150 -0.184900 0.739600
vn -0.381653 -0.547589 -0.744639
vn -0.575696 -0.352291 -0.737879
vn -0.756448 -0.610038 -0.235881
vn -0.155042 -0.945016 0.287935
vn -0.000000 -1.000000 -0.000000
vn -0.794017 -0.539003 0.281093
vn -0.972082 0.234641 0.000000
vn -0.306677 0.010575 0.951755
vn -0.986394 -0.164399 0.000000
vn -0.972082 0.234641 0.000000
vn -0.706904 0.023963 -0.706904
vn -0.986394 -0.164399 0.000000
vn -0.984738 -0.164123 0.057926
vn -0.811346 0.107843 0.574533
vn -0.131587 0.125803 0.983290
vn -0.630303 0.776349 0.000000
vn 0.000000 -0.000000 -1.000000
vn -0.733618 0.679562 0.000000
vn -0.765217 -0.058284 -0.641128
vn -0.446270 -0.517266 -0.730259
vn -0.446126 -0.722299 0.528447
vn -0.757043 -0.653362 -0.001738
vn -0.668324 0.736394 -0.105199
vn -0.140321 0.608057 -0.781394
vn -0.912777 0.323306 0.249623
vn -0.712073 0.689762 -0.131074
vn -0.909409 0.277875 -0.309452
vn -0.668324 0.736394 -0.105199
vn -0.250231 0.941344 0.226399
vn -0.145029 0.950748 -0.273944
vn 0.827844 0.268064 -0.492764
vn -0.408248 -0.816496 0.408249
vn 0.407997 0.800302 -0.439381
vn -0.708497 -0.701482 -0.077163
vn -0.549535 -0.468122 0.692007
vn 0.000000 0.110432 0.993884
vn -0.427733 0.360899 0.828732
vn -0.461539 -0.392799 -0.795418
vn 0.262794 -0.473029 -0.840941
vn -0.045593 0.284957 0.957455
vn -0.370138 -0.844881 -0.386231
vn -0.012483 0.049934 0.998675
vn -0.888865 -0.448105 -0.095498
vn -0.660576 -0.523742 -0.537897
vn 0.413992 0.571963 -0.708145
vn -0.577351 -0.577350 0.577350
vn 0.639602 0.426401 -0.639602
vn -0.873752 -0.009879 0.486271
vn -0.777022 -0.506133 0.374254
vn 0.000000 0.447213 0.894427
vn -0.732628 -0.674173 0.093527
vn -0.539946 0.519570 0.662198
vn -0.461539 -0.392799 -0.795418
vn 0.262794 -0.473029 -0.840941
vn 0.337472 0.048210 0.940100
vn -0.150244 0.585953 0.796295
vn 0.426099 -0.038736 -0.903847
vn -0.642505 0.350457 0.681445
vn 0.515371 -0.548837 -0.658158
vn -0.883707 -0.025491 -0.467345
vn -0.802979 -0.513380 -0.302763
vn 0.606430 0.758038 -0.240045
vn -0.438639 -0.650396 0.620145
vn 0.486132 -0.021136 -0.873630
vn 0.701884 0.330564 -0.630941
vn -0.675556 -0.238916 0.697526
vn 0.786975 0.400390 -0.469423
vn -0.480898 -0.522715 0.703922
vn -0.125803 -0.131587 0.983290
vn -0.776349 -0.630303 0.000000
vn 0.000000 -0.000000 -1.000000
vn -0.679562 -0.733618 0.000000
vn -0.938756 0.254971 -0.231792
vn -0.951004 0.306070 -0.043724
vn -0.956462 0.245947 0.157133
vn -0.827472 -0.557888 0.063652
vn 0.897050 0.088509 -0.432976
vn -0.733178 -0.679267 -0.032346
vn 0.844956 0.423778 -0.326283
vn -0.814500 -0.432848 0.386306
vn 0.419984 0.575624 -0.701620
vn -0.551802 -0.508304 0.661167
vn -0.647150 -0.184900 0.739600
vn 0.932307 -0.175161 -0.316420
vn 0.096473 0.777814 -0.621046
vn -0.732075 -0.614270 0.294513
vn 0.238095 -0.952381 0.190476
vn 0.835511 0.387452 -0.389617
vn -0.776607 -0.503241 0.378985
vn -0.656463 0.319728 0.683249
vn 0.613647 0.517674 -0.596197
vn 0.533647 0.580428 -0.615081
vn -0.580193 -0.725241 0.370679
vn -0.414313 -0.788648 0.454290
vn 0.555927 0.566416 -0.608373
vn -0.577351 -0.577350 0.577350
vn -0.563016 0.310233 0.766008
vn -0.607142 0.275974 -0.745129
vn -0.670108 -0.537351 0.512064
vn -0.599988 -0.556239 0.574989
vn -0.694931 0.446960 0.563292
vn 0.262794 -0.473029 -0.840941
vn -0.188620 0.411536 0.891662
vn -0.150244 0.585953 0.796295
vn 0.789338 0.329948 -0.517765
vn 0.578675 0.610909 -0.540301
vn 0.670564 0.453209 -0.587321
vn 0.000000 0.242536 0.970142
vn 0.515676 0.734322 -0.441418
vn 0.476164 0.608431 -0.634885
vn -0.572739 -0.559603 0.599011
vn 0.468182 0.801829 -0.371317
vn -0.580193 -0.725241 0.370679
vn -0.303895 -0.379868 0.873698
vn -0.370138 -0.844881 -0.386231
vn -0.860982 -0.474557 0.183043
vn -0.635125 -0.534434 0.557671
vn -0.610608 -0.576686 0.542763
vn -0.660576 -0.523742 -0.537897
vn -0.205455 -0.760185 0.616366
vn -0.000000 -1.000000 0.000000
vn -0.715542 -0.536656 0.447214
vn -0.752958 0.459497 0.471081
vn -0.933286 0.339377 -0.117477
vn 0.238095 -0.952381 0.190476
vn -0.634352 -0.192052 0.748808
vn -0.627902 -0.235463 -0.741819
vn 0.836217 0.391133 -0.384391
vn -0.835914 -0.388103 0.388103
vn 0.504175 0.063022 -0.861299
vn -0.837425 -0.408772 0.362802
vn -0.923954 -0.343361 -0.168559
vn -0.316147 -0.772302 0.550999
vn 0.115022 -0.300826 0.946717
vn -0.933286 0.339377 -0.117477
vn -0.660576 -0.523742 -0.537897
vn -0.748431 -0.187108 0.636272
vn -0.776467 -0.447057 0.444116
vn 0.789338 0.329948 -0.517765
vn 0.524912 0.729629 -0.438302
vn 0.124469 -0.190365 0.973791
vn -0.672242 -0.314081 0.670406
vn -0.695770 -0.428707 0.576294
vn -0.423697 -0.781722 0.457593
vn -0.580193 -0.725241 0.370679
vn -0.415647 -0.877478 0.239312
vn -0.303895 -0.379868 0.873698
vn -0.000000 -1.000000 0.000000
vn 0.758559 0.447009 -0.474100
vn 0.096473 0.777814 -0.621046
vn 0.238095 -0.952381 0.190476
vn -0.860982 -0.474557 0.183043
vn -0.866655 0.315147 0.386771
vn -0.933286 0.339377 -0.117477
vn -0.166886 0.090461 0.981818
vn -0.587344 0.230546 0.775806
vn -0.741452 0.067100 0.667643
vn -0.731261 0.268116 -0.627193
vn -0.777439 0.541851 -0.319353
vn -0.680987 -0.152635 0.716211
vn 0.701884 0.330564 -0.630941
vn -0.636548 0.068202 0.768216
vn -0.662432 0.076209 -0.745236
vn -0.177136 -0.054973 0.982650
vn -0.611769 -0.279666 0.739950
vn 0.897050 0.088509 -0.432976
vn 0.650809 0.540968 -0.532730
vn 0.883153 0.349582 -0.312784
vn 0.096473 0.777814 -0.621046
vn 0.524912 0.729629 -0.438302
vn 0.407997 0.800302 -0.439381
vn 0.164225 -0.205282 0.964826
vn 0.838443 0.436689 -0.326061
vn -0.861931 -0.380420 0.335196
vn -0.507020 -0.760530 0.405616
vn 0.991973 0.123997 0.024799
vn 0.000000 -0.000000 1.000000
vn -0.724979 0.283401 0.627766
vn -0.922079 0.202408 -0.329850
vn -0.783269 0.561148 -0.267585
vn -0.759324 -0.227006 -0.609832
vn -0.832335 -0.499401 -0.240452
vn -0.316147 -0.772302 0.550999
vn -0.000000 -1.000000 0.000000
vn 0.883153 0.349582 -0.312784
vn 0.837607 0.412712 -0.357887
vn -0.895617 -0.367967 0.249940
vn -0.960644 -0.166037 -0.222701
vn -0.876739 -0.149687 0.457081
vn -0.842395 -0.499161 0.202999
vn 0.613647 0.517674 -0.596197
vn -0.678875 -0.236750 0.695039
vn 0.539458 0.445053 -0.714782
vn 0.606430 0.758038 -0.240045
vn 0.486132 -0.021136 -0.873630
vn -0.184435 0.019653 0.982648
vn -0.659474 -0.022740 0.751384
vn -0.180344 0.068775 0.981196
vn -0.821370 0.570396 0.000000
vn -0.968803 0.247833 0.000000
vn 0.000000 -0.000000 -1.000000
vn -0.821370 0.570396 0.000000
vn -0.968803 0.247833 0.000000
vn 0.522513 0.655920 -0.544747
vn -0.695770 -0.428707 0.576294
vn -0.407201 -0.881156 0.240315
vn -0.303895 -0.379868 0.873698
vn -0.844460 -0.025021 -0.535034
vn -0.679124 -0.320698 0.660260
vn 0.543681 0.457577 -0.703587
vn -0.695770 -0.428707 0.576294
vn -0.167855 -0.076565 0.982834
vn -0.953931 -0.300027 0.000000
vn 0.000000 -0.000000 -1.000000
vn -0.910628 -0.413226 0.000000
vn -0.961641 0.094588 -0.257489
vn -0.829782 -0.006858 0.558046
vn -0.687495 -0.144736 0.711619
vn 0.486132 -0.021136 -0.873630
vn 0.651380 0.292456 -0.700124
vn -0.181288 -0.005755 0.983413
vn -0.983130 -0.182908 0.000000
vn -0.968803 0.247833 0.000000
vn 0.000000 -0.000000 -1.000000
vn -0.983130 -0.182908 0.000000
vn -0.968803 0.247833 0.000000
vn -0.195180 -0.975900 0.097590
vn 0.061617 0.964686 -0.256094
vn -0.770313 0.619600 -0.150713
vn 0.638419 -0.760022 -0.121604
vn -0.970142 -0.242536 -0.000000
vn 0.427465 0.748064 0.507615
vn -0.601861 -0.541675 -0.586815
vn 0.847576 0.391189 -0.358590
vn 0.228086 0.608228 0.760286
vn -0.955351 0.006285 -0.295405
vn 0.113776 0.910208 -0.398216
vn -0.065644 0.804144 0.590799
vn 0.477327 0.835322 0.272758
vn -0.841319 0.175719 -0.511181
vn -0.236265 0.912471 0.334030
vn -0.685828 0.529958 0.498784
vn -0.205076 0.957020 -0.205076
vn 0.172005 -0.206406 0.963229
vn 0.296174 0.473879 0.829289
vn -0.987489 -0.079453 -0.136205
vn -0.917553 -0.382314 -0.109233
vn 0.266123 0.106449 0.958043
vn -0.174821 -0.279713 0.944033
vn 0.729694 -0.431183 0.530687
vn 0.039590 0.831398 0.554265
vn -0.147442 -0.442326 0.884652
vn -0.846928 -0.527701 -0.065148
vn -0.535542 0.185380 0.823911
vn -0.468855 0.877035 -0.104803
vn 0.078001 0.936016 -0.343206
vn 0.357163 -0.905849 0.227756
vn 0.015415 -0.883808 0.467596
vn 0.479632 0.685189 -0.548151
vn 0.064942 -0.757654 0.649418
vn -0.269069 0.403604 -0.874475
vn -0.808290 0.115470 0.577350
vn 0.904534 0.301511 -0.301511
vn 0.408248 -0.408248 -0.816497
vn 0.737244 -0.583193 0.341113
vn 0.988504 -0.062564 0.137640
vn 0.196297 0.322129 0.926121
vn -0.639484 -0.442310 -0.628826
vn -0.512802 -0.657934 -0.551504
vn -0.822433 -0.567697 0.036391
vn -0.556022 -0.617802 0.556022
vn -0.964054 0.093296 -0.248788
vn -0.081078 -0.776033 -0.625459
vn 0.609208 0.609208 0.507673
vn -0.958315 0.127775 -0.255551
vn -0.794513 0.605849 -0.041187
vn -0.976618 0.127134 -0.173364
vn 0.680414 -0.680414 0.272166
vn -0.857493 0.000000 -0.514496
vn 0.000000 0.980581 -0.196116
vn -0.384982 0.915546 0.116465
vn -0.976124 -0.080671 -0.201679
vn -0.398647 -0.677700 0.617903
vn -0.986729 0.000000 -0.162373
vn -0.473030 -0.262794 0.840941
vn -0.333333 -0.666667 0.666667
vn -0.990267 -0.044012 -0.132036
vn -0.991837 -0.090167 -0.090167
vn -0.510828 0.119193 0.851380
vn -0.924007 -0.161701 -0.346503
vn -0.346205 0.532624 0.772304
vn -0.177400 -0.557543 0.810972
vn -0.975426 0.069673 -0.209020
vn -0.494685 -0.274825 0.824475
vn -0.348155 0.905204 0.243709
vn -0.355342 0.317938 0.879004
vn 0.000000 1.000000 -0.000000
vn -0.972450 -0.121556 0.198910
vn -0.314485 0.943456 -0.104829
vn 0.174167 0.909540 -0.377362
vn -0.799634 0.407976 0.440615
vn 0.724558 0.636197 0.265082
vn -0.049492 -0.668145 0.742383
vn -0.446968 0.893937 0.033109
vn 0.257149 0.964310 0.063097
vn 0.190054 0.641317 -0.743366
vn -0.000000 -0.957024 -0.290007
vn -0.645366 -0.750487 -0.142380
vn 0.489672 -0.860207 -0.142358
vn -0.199379 0.877668 -0.435829
vn -0.599436 0.751612 -0.275238
vn 0.558757 0.635720 0.532589
vn 0.146126 0.745746 0.650008
vn -0.239859 0.959437 0.148149
vn 0.950728 -0.277296 0.138648
vn -0.379049 -0.758098 -0.530669
vn 0.445976 0.891953 -0.074329
vn -0.970142 -0.242536 -0.000000
vn 0.847576 0.391189 -0.358590
vn -0.579421 0.799201 0.159840
vn -0.324617 0.927478 0.185496
vn 0.231586 0.701776 -0.673705
vn -0.551217 0.832025 0.062402
vn -0.321164 0.780675 0.536097
vn -0.828568 0.188311 0.527270
vn -0.876903 -0.089939 -0.472178
vn 0.405616 -0.050702 0.912636
vn 0.869335 -0.382508 0.312961
vn 0.016728 -0.835031 0.549949
vn 0.563473 -0.771069 0.296565
vn -0.221584 -0.964543 -0.143378
vn -0.273193 -0.938097 0.212930
vn 0.597476 -0.797180 0.086757
vn -0.233578 -0.772603 0.590361
vn -0.534523 -0.267261 0.801784
vn -0.289579 -0.301644 0.908380
vn 0.610715 -0.766838 0.197449
vn 0.977504 -0.087277 0.192010
vn 0.165045 -0.225062 0.960264
vn 0.977504 -0.087277 0.192010
vn 0.222375 0.459575 0.859849
vn 0.782106 0.622130 0.035550
vn 0.265359 0.773965 0.574946
vn -0.828306 -0.559666 -0.026118
vn 0.696311 -0.696311 0.174078
vn 0.539164 -0.539164 -0.646997
vn 0.784465 -0.196116 -0.588348
vn 0.000000 0.196116 -0.980581
vn -0.632870 0.771793 -0.061743
vn -0.973455 -0.086355 -0.211962
vn -0.993146 -0.052271 -0.104542
vn -0.323087 -0.820145 0.472205
vn -0.994837 -0.032091 -0.096275
vn -0.993127 -0.082760 -0.082761
vn -0.279572 -0.859814 0.427270
vn -0.993127 -0.082760 -0.082761
vn -0.569586 0.820243 -0.052667
vn 0.320570 0.945725 -0.053280
vn -0.614502 0.785757 -0.070517
vn 0.352717 0.928737 0.114189
vn -0.582204 0.811898 -0.043126
vn -0.980519 -0.063535 -0.185863
vn 0.612311 -0.480548 0.627813
vn -0.650330 -0.723754 0.230762
vn 0.564675 -0.823485 -0.054899
vn -0.786300 -0.294063 0.543378
vn 0.729111 0.649931 0.214444
vn 0.745728 -0.657910 -0.105093
vn 0.658938 -0.701450 -0.271605
vn -0.799180 0.576458 -0.170317
vn -0.822388 0.567713 -0.037140
vn -0.847883 -0.399004 -0.349128
vn -0.000000 -0.935697 -0.352804
vn 0.705427 0.599649 0.377881
vn 0.059088 0.867977 0.493076
vn 0.705490 -0.240332 -0.666727
vn 0.310364 -0.526269 -0.791653
vn 0.043028 0.717127 -0.695613
vn -0.967375 0.035829 -0.250801
vn 0.869335 -0.382508 0.312961
vn -0.313914 -0.120736 -0.941743
vn 0.283190 -0.445012 0.849569
vn 0.800134 -0.124465 0.586765
vn -0.134763 0.572745 0.808581
vn 0.186663 0.242662 0.951983
vn -0.454257 -0.594028 0.663914
vn -0.838444 0.209611 0.503066
vn -0.024445 0.920016 -0.391118
vn -0.480210 0.876905 0.020879
vn 0.066845 0.949201 -0.307488
vn -0.068385 0.996463 -0.048846
vn 0.447214 0.536656 -0.715542
vn -0.000000 -0.447214 0.894427
vn -0.192450 -0.885270 0.423390
vn 0.260024 0.606724 -0.751182
vn -0.000000 -0.447214 0.894427
vn 0.060858 -0.608581 0.791155
vn -0.849617 0.212404 0.482737
vn 0.609208 -0.609208 -0.507673
vn 0.408248 -0.408248 -0.816497
vn 0.539164 0.539164 0.646997
vn -0.952579 0.136083 -0.272166
vn 0.081650 -0.571548 -0.816497
vn 0.802022 -0.569177 0.181102
vn -0.983078 0.081923 -0.163846
vn -0.000000 -1.000000 0.000000
vn -0.977894 0.020806 -0.208063
vn 0.000000 0.894427 -0.447214
vn -0.409623 0.894082 -0.181180
vn -0.972929 -0.060808 -0.222963
vn 0.800132 -0.581914 0.145479
vn -0.249840 -0.918015 -0.307942
vn -0.986878 -0.072210 -0.144421
vn -0.978240 -0.172630 -0.115087
vn -0.286204 -0.927141 0.241863
vn -0.986878 -0.072210 -0.144421
vn -0.332148 -0.925585 0.181574
vn -0.994135 -0.076472 -0.076472
vn -0.977971 -0.071064 -0.196271
vn -0.421831 -0.884399 -0.199745
vn -0.458845 -0.875658 -0.150613
vn -0.600000 0.800000 -0.000000
vn -0.214525 0.965361 -0.148517
vn -0.882960 -0.043282 -0.467449
vn -1.000000 0.000000 -0.000000
vn -0.215666 0.970495 0.107833
vn -0.351507 -0.806398 -0.475568
vn -0.956522 0.130435 -0.260870
vn -0.928582 -0.370270 -0.025202
vn -0.419487 0.887510 -0.190676
vn -0.999229 -0.027756 -0.027756
vn -0.000236 0.006838 0.999977
vn 0.023027 0.253292 0.967116
vn 0.227230 0.973841 0.000000
vn -0.164399 0.986394 0.000000
vn 0.154944 0.874516 -0.459581
vn 0.763984 0.489293 -0.420620
vn -0.633445 -0.556664 0.537469
vn -0.272375 -0.960481 -0.057342
vn 0.442326 0.884652 0.147442
vn -0.023564 0.706910 -0.706910
vn 0.227230 0.973841 0.000000
vn -0.164399 0.986394 0.000000
vn 0.068589 0.678264 -0.731610
vn -0.164123 0.984738 0.057926
vn 0.234258 0.970497 0.057088
vn 0.020966 0.792213 0.609884
vn -0.164123 0.984738 0.057926
vn 0.234258 0.970497 0.057088
vn 0.454515 -0.875774 -0.162591
vn 0.729111 0.649931 0.214444
vn -0.147456 -0.249335 -0.957125
vn -0.769912 -0.035960 -0.637137
vn 0.598592 0.356413 -0.717396
vn 0.562408 -0.789435 -0.245946
vn -0.878697 -0.196665 -0.434989
vn -0.549442 0.137361 -0.824163
vn -0.379049 -0.758098 -0.530669
vn 0.466472 0.881113 -0.077745
vn -0.795047 -0.496904 -0.347833
vn 0.685050 -0.319690 -0.654603
vn 0.304316 -0.521684 -0.797018
vn 0.497798 -0.805261 -0.322105
vn 0.479977 -0.842409 -0.244886
vn 0.800134 -0.124465 0.586765
vn -0.067426 -0.260073 -0.963232
vn 0.889105 -0.434215 0.144738
vn -0.422626 -0.614728 0.665956
vn -0.876903 -0.089939 -0.472178
vn -0.912871 0.182574 -0.365148
vn -0.384111 -0.768221 -0.512148
vn -0.788785 -0.166858 -0.591589
vn -0.934988 -0.353779 -0.025270
vn -0.828327 -0.484493 -0.281319
vn -0.379049 -0.758098 -0.530669
vn -0.506014 0.088003 -0.858024
vn -0.970142 -0.242536 -0.000000
vn -0.800000 0.000000 -0.600000
vn -0.601861 -0.541675 -0.586815
vn -0.773172 -0.526415 -0.353685
vn -0.742557 -0.027502 -0.669218
vn -0.313914 -0.120736 -0.941743
vn -0.612018 -0.714021 -0.340011
vn -0.423096 -0.511651 -0.747798
vn -0.087601 -0.547504 -0.832205
vn 0.965057 -0.108433 0.238553
vn 0.621374 0.752445 -0.218452
vn 0.531498 0.286191 0.797248
vn 0.118418 0.976947 0.177627
vn 0.462681 0.272165 0.843713
vn 0.086548 -0.822210 -0.562565
vn 0.864159 0.355830 -0.355830
vn 0.408248 -0.408248 -0.816497
vn 0.609208 -0.609208 -0.507673
vn -0.840461 0.161627 0.517207
vn 0.707107 0.707107 -0.000000
vn 0.864159 0.355830 -0.355830
vn 0.084048 -0.420239 -0.903513
vn -0.768193 -0.008535 -0.640161
vn -0.000000 -0.496139 -0.868243
vn -0.124394 0.528675 -0.839660
vn 0.645607 0.608715 0.461148
vn -0.000000 -0.707107 -0.707107
vn 0.706373 0.650607 0.278832
vn -0.163025 -0.891843 -0.421947
vn 0.801784 -0.534523 0.267261
vn -0.970495 0.107833 -0.215666
vn 0.000000 0.894427 -0.447214
vn 0.672799 0.732298 0.105268
vn -0.240772 -0.963087 0.120386
vn -0.219382 -0.950654 -0.219382
vn 0.839841 -0.511208 0.182574
vn -0.088813 -0.995968 -0.012688
vn 0.000000 0.894427 -0.447214
vn -0.968364 0.060523 -0.242091
vn 0.673423 0.737379 -0.052670
vn -0.976914 -0.169332 -0.130255
vn -0.216759 -0.970705 0.103668
vn 0.417995 0.548037 -0.724524
vn -0.593362 0.791149 -0.148340
vn -0.433289 -0.866578 -0.247594
vn -0.185560 -0.879240 -0.438753
vn -0.486513 -0.860753 -0.149696
vn 0.494442 -0.759672 -0.422404
vn -0.438993 -0.858619 -0.264687
vn 0.456914 -0.880897 -0.123490
vn -0.721228 0.597589 -0.350311
vn -0.931740 -0.358361 -0.058641
vn -0.193801 -0.920553 -0.339151
vn 0.340503 0.085126 -0.936382
vn 0.101731 -0.991882 -0.076299
vn -0.183964 -0.435704 0.881090
vn 0.315789 -0.947369 -0.052632
vn -0.647415 -0.719350 0.251773
vn -0.036351 -0.973406 0.226186
vn 0.000000 1.000000 -0.000000
vn 0.822106 0.154145 -0.548071
vn 0.000000 -0.000000 -1.000000
vn -0.297746 0.952786 -0.059549
vn 0.104668 0.924575 -0.366341
vn 0.763984 0.489293 -0.420620
vn -0.697518 -0.656488 0.287214
vn 0.008774 0.748730 0.662817
vn 0.054153 -0.628171 -0.776189
vn -0.011211 0.672631 0.739894
vn -0.685435 -0.142799 -0.713994
vn 0.019509 0.799848 0.599886
vn 0.209529 0.954518 -0.212115
vn -0.168393 0.962247 -0.213833
vn -0.163732 0.959005 -0.231305
vn 0.070511 0.798641 -0.597662
vn -0.168393 0.962247 -0.213833
vn 0.076209 0.662432 -0.745236
vn 0.068202 0.636548 0.768216
vn 0.019653 0.184435 0.982648
vn -0.022740 0.659474 0.751384
vn -0.005755 0.181288 0.983413
vn 0.247833 0.968803 0.000000
vn -0.182908 0.983130 0.000000
vn 0.000000 -0.000000 -1.000000
vn 0.247833 0.968803 0.000000
vn -0.182908 0.983130 0.000000
vn -0.985527 0.075810 -0.151620
vn -0.865814 -0.500226 0.011793
vn 0.449789 -0.721839 0.525963
vn -0.166743 -0.830934 0.530797
vn -0.767195 0.219199 -0.602796
vn 0.674732 0.737987 -0.010543
vn 0.461499 0.807623 0.367101
vn -0.290777 0.193851 -0.936948
vn 0.847576 0.391189 -0.358590
vn 0.184250 -0.020472 0.982666
vn 0.867687 -0.147343 0.474772
vn -0.348155 -0.905204 -0.243709
vn -0.777431 -0.625325 -0.067603
vn 0.869335 -0.382508 0.312961
vn 0.283190 -0.445012 0.849569
vn -0.621826 -0.299607 -0.723580
vn -0.394928 -0.918541 0.017750
vn -0.088288 -0.851350 -0.517116
vn -0.874157 0.291386 0.388514
vn -0.000000 -0.923077 -0.384615
vn 0.609208 -0.609208 -0.507673
vn -0.691673 0.447941 -0.566513
vn -0.646997 0.539164 -0.539164
vn -0.147261 0.631997 -0.760851
vn -0.657420 0.583196 -0.477160
vn -0.144364 0.807371 -0.572111
vn -0.685132 0.726477 -0.053157
vn -0.092057 0.828517 -0.552345
vn -0.085050 -0.996303 -0.012150
vn -0.941742 0.000000 -0.336336
vn -0.192450 -0.962250 0.192450
vn -0.555134 0.693918 -0.458589
vn -0.952029 0.000000 -0.306009
vn -0.312348 -0.937042 -0.156174
vn -0.979958 -0.089087 -0.178174
vn -0.976914 -0.169332 -0.130255
vn -0.316383 -0.940710 0.122335
vn 0.523424 -0.837478 -0.157027
vn -0.344992 -0.795397 -0.498321
vn 0.784465 -0.196116 -0.588348
vn -0.552281 0.830096 -0.076985
vn -0.606280 0.787761 -0.108888
vn 0.362168 0.895888 0.257330
vn 0.631187 -0.759288 0.158379
vn 0.074582 -0.994422 -0.074582
vn -0.072743 0.867317 0.492412
vn 0.183719 -0.851789 -0.490614
vn -0.038477 0.645316 0.762946
vn -0.057722 -0.846584 -0.529115
vn 0.582178 0.757627 0.295076
vn -0.035944 0.611052 -0.790774
vn -0.237228 -0.091241 0.967160
vn -0.195180 -0.975900 0.097590
vn -0.985527 0.075810 -0.151620
vn 0.274807 -0.901420 0.334548
vn 0.494700 -0.865725 0.076108
vn -0.788785 -0.166858 -0.591589
vn 0.842534 -0.118946 0.525345
vn -0.313914 -0.120736 -0.941743
vn 0.283190 -0.445012 0.849569
vn -0.979868 -0.153371 0.127809
vn -0.730391 0.540679 -0.417366
vn -0.236265 0.912471 0.334030
vn -0.755079 0.281304 0.592219
vn -0.979868 -0.153371 0.127809
vn -0.471814 0.881338 0.025181
vn -0.696733 0.097543 0.710668
vn 0.007254 -0.929387 -0.369035
vn 0.571142 -0.764204 -0.299648
vn 0.258375 0.110732 -0.959677
vn -0.181236 0.724947 -0.664534
vn 0.492366 0.615457 -0.615458
vn -0.675216 -0.244593 -0.695886
vn 0.252982 -0.948683 0.189736
vn -0.781404 -0.279073 0.558146
vn -0.425195 0.690942 0.584643
vn 0.469277 0.456242 -0.756057
vn -0.808141 -0.365587 0.461795
vn -0.252313 0.938289 0.236543
vn -0.337828 0.924059 0.178850
vn -0.815306 0.539865 -0.209336
vn -0.691806 0.626542 0.358956
vn -0.671156 0.067116 -0.738272
vn -0.660979 0.572849 0.484718
vn -0.867770 0.164173 0.469065
vn -0.220485 0.962119 0.160353
vn -0.335547 0.929206 0.154868
vn -0.856354 0.321133 0.404390
vn 0.576980 0.785333 -0.224381
vn -0.643372 -0.470922 -0.603576
vn -0.162954 -0.597496 -0.785140
vn -0.499056 0.866008 -0.031191
vn -0.301530 -0.926926 -0.223356
vn -0.966393 0.062348 -0.249392
vn -0.975638 -0.166572 -0.142776
vn -0.967821 0.045015 -0.247582
vn -0.307811 0.944420 -0.115429
vn -0.100300 -0.526575 0.844191
vn -0.186794 0.000000 0.982399
vn -0.135365 0.141968 0.980572
vn -0.460044 -0.851081 -0.253024
vn 0.462449 -0.885260 0.049548
vn -0.470654 -0.865263 -0.172642
vn 0.108927 0.993957 0.013616
vn -0.266490 0.951163 0.155794
vn 0.492225 0.326242 0.807020
vn -0.291838 0.955772 -0.036480
vn 0.311716 0.247020 0.917504
vn 0.928477 0.371390 -0.000000
vn -0.229060 0.967144 0.110288
vn 0.841377 0.354956 0.407542
vn -0.215666 0.970495 0.107833
vn -0.164419 0.953629 0.252109
vn -0.348155 0.905204 0.243709
vn -0.481379 0.873140 0.076816
vn -0.971425 -0.138422 0.192802
vn -0.597614 0.717137 -0.358569
vn 0.950915 0.237729 -0.198107
vn 0.340503 0.085126 -0.936382
vn 0.191619 0.894224 -0.404530
vn -0.678415 -0.714121 0.172579
vn 0.877454 0.246783 -0.411306
vn -0.799086 -0.309323 0.515539
vn -0.655611 -0.655610 0.374634
vn -0.786300 -0.294063 0.543378
vn 0.877454 0.246783 -0.411306
vn -0.749203 0.477617 0.458887
vn 0.514496 0.685994 0.514496
vn 0.695567 0.581538 0.421901
vn 0.650945 0.390566 0.650945
vn -0.566390 0.816908 -0.108921
vn -0.012441 -0.680120 0.732995
vn -0.195180 -0.975900 0.097590
vn -0.986431 0.155752 -0.051917
vn -0.981389 -0.177836 -0.072452
vn -0.045051 0.972148 -0.229996
vn 0.806912 0.413593 -0.421703
vn 0.768093 0.640077 -0.018288
vn -0.773172 -0.526415 -0.353685
vn 0.188237 -0.439219 0.878438
vn -0.372238 -0.915086 -0.155099
vn -0.147442 -0.442326 0.884652
vn -0.707107 -0.707107 0.000000
vn 0.335704 -0.613024 0.715195
vn 0.188237 -0.439219 0.878438
vn -0.551499 -0.811756 0.192095
vn -0.147442 -0.442326 0.884652
vn -0.735429 0.157592 0.659021
vn 0.347485 0.553619 -0.756809
vn -0.704809 -0.583985 0.402748
vn 0.546781 0.490217 -0.678762
vn -0.850487 0.127573 0.510292
vn -0.891469 -0.422275 0.164218
vn 0.558106 0.338849 -0.757429
vn 0.801784 0.175102 -0.571386
vn -0.920415 -0.131488 0.368166
vn 0.818347 0.208307 -0.535646
vn -0.908249 -0.051900 0.415199
vn -0.864989 0.395424 0.308925
vn -0.315789 -0.947368 -0.052632
vn -0.796860 0.603682 0.024147
vn -0.312348 -0.937042 0.156174
vn -0.219607 -0.766881 -0.603047
vn -0.169024 -0.877623 -0.448563
vn -0.763240 -0.645818 0.019570
vn 0.335007 0.339862 -0.878786
vn -0.064300 -0.996651 -0.050521
vn -0.799517 -0.599637 -0.034762
vn 0.417995 0.548037 -0.724524
vn -0.340545 0.918441 -0.201232
vn -0.883116 0.413961 0.220779
vn -0.707107 0.424264 -0.565686
vn 0.093694 -0.988993 -0.114515
vn -0.218574 0.514291 0.829295
vn -0.114121 -0.515826 0.849058
vn -0.168947 0.366052 0.915130
vn -0.263060 0.698247 0.665770
vn -0.133333 0.333333 0.933333
vn -0.177223 0.506352 0.843919
vn -0.208033 -0.044128 0.977126
vn -0.148682 -0.481447 0.863772
vn -0.149805 0.000000 0.988716
vn 0.108927 0.993957 0.013616
vn -0.400453 -0.248382 -0.882011
vn 0.917733 0.396551 0.022660
vn -0.304376 0.948640 -0.086240
vn -0.164419 0.953629 0.252109
vn -0.112822 -0.112822 0.987189
vn -0.938937 -0.341432 -0.042679
vn -0.984327 0.174992 0.021874
vn 0.123525 0.090585 -0.988198
vn -0.945733 -0.315244 -0.078811
vn -0.981266 0.186908 0.046727
vn -0.472866 0.866921 -0.157622
vn 0.870417 0.360765 -0.334996
vn -0.070242 -0.997431 -0.014048
vn -0.972160 -0.121520 0.200344
vn -0.070081 -0.981129 0.180207
vn -0.647415 -0.719350 0.251773
vn -0.799634 0.407976 0.440615
vn -0.254423 -0.960243 0.114901
vn 0.892196 0.346965 -0.289138
vn -0.000000 -0.933346 -0.358979
vn 0.340503 0.085126 -0.936382
vn 0.101731 -0.991882 -0.076299
vn 0.132164 -0.991228 0.000000
vn 0.297059 -0.954833 -0.007073
vn 0.812373 0.168077 -0.558390
vn 0.000000 -0.000000 -1.000000
vn -0.749203 0.477617 0.458887
vn 0.550786 0.778444 0.301096
vn -0.480827 0.608105 0.631675
vn -0.363575 -0.874740 0.320378
vn -0.815512 -0.576882 0.046336
vn -0.934988 -0.353779 -0.025270
vn 0.982873 0.022857 -0.182860
vn 0.639602 -0.639602 0.426401
vn -0.444444 0.444445 -0.777778
vn -0.666667 0.333333 -0.666667
vn 0.341693 0.778301 -0.526777
vn -0.294392 0.226455 -0.928467
vn -0.205076 0.957020 -0.205076
vn -0.514024 0.856706 -0.042835
vn 0.731653 0.304855 0.609711
vn 0.694879 0.534522 0.481070
vn -0.838444 0.209611 0.503066
vn 0.695553 0.384773 0.606759
vn -0.849472 0.235965 0.471929
vn -0.422626 -0.614728 0.665956
vn 0.436986 -0.798169 0.414691
vn -0.464099 -0.883752 0.059950
vn 0.356348 -0.748658 0.559041
vn 0.357163 -0.905849 0.227756
vn 0.454096 -0.883423 -0.115588
vn 0.262930 -0.907110 0.328663
vn 0.278103 -0.927010 -0.251617
vn -0.816497 -0.408248 0.408248
vn -0.704361 -0.352180 0.616316
vn 0.044065 0.660979 -0.749110
vn 0.838371 0.116765 0.532447
vn 0.370271 -0.727413 0.577728
vn 0.229416 -0.137649 0.963546
vn -0.469671 -0.207739 0.858052
vn -0.615807 -0.067671 0.784985
vn 0.765438 0.085048 -0.637865
vn -0.847427 -0.254228 0.466085
vn 0.123091 -0.861640 -0.492366
vn 0.668965 -0.594635 -0.445977
vn 0.635999 0.741998 -0.212000
vn 0.816497 0.408248 -0.408248
vn -0.807864 0.580653 -0.100983
vn -0.175981 -0.948341 0.263971
vn -0.732100 0.584122 -0.350473
vn -0.919145 0.000000 -0.393919
vn -0.162861 -0.953335 0.254223
vn -0.032419 -0.994188 -0.102661
vn -0.751088 -0.658257 -0.050635
vn -0.948683 0.000000 -0.316228
vn -0.232107 0.970628 0.063302
vn -0.280105 0.948047 0.150826
vn -0.359197 -0.838128 -0.410511
vn -0.861028 -0.217347 -0.459772
vn -0.876935 0.352493 0.326701
vn 0.014474 -0.926369 -0.376338
vn -0.523370 0.850595 -0.050710
vn -0.978821 -0.100025 -0.178617
vn -0.987935 -0.128861 -0.085907
vn -0.367855 0.928397 -0.052551
vn -0.055449 -0.027724 0.998077
vn -0.986394 0.164399 0.000000
vn -0.351123 0.936329 0.000000
vn 0.053037 0.185630 -0.981187
vn -0.984327 0.174992 0.021874
vn 0.354542 -0.933280 -0.057352
vn -0.721938 -0.691700 -0.018899
vn -0.000000 -0.933346 -0.358979
vn 0.646039 0.711579 -0.276205
vn 0.751546 -0.644892 0.138900
vn -0.897377 -0.441055 -0.013571
vn 0.806912 0.413593 -0.421703
vn 0.218217 -0.872872 0.436436
vn -0.239859 0.959437 0.148149
vn 0.950728 -0.277296 0.138648
vn 0.741414 0.552368 0.381045
vn 0.218217 -0.872872 0.436436
vn 0.950728 -0.277296 0.138648
vn -0.912871 0.182574 -0.365148
vn 1.000000 -0.000000 0.000000
vn -0.828327 -0.484493 -0.281319
vn 0.863064 0.474685 0.172613
vn -0.912871 0.182574 -0.365148
vn 1.000000 -0.000000 0.000000
vn 0.905753 0.418040 -0.069673
vn -0.750577 -0.554774 -0.358971
vn 1.000000 -0.000000 0.000000
vn -0.049553 -0.495529 -0.867177
vn 0.832050 0.554700 -0.000000
vn -0.141421 0.000000 -0.989950
vn -0.788785 -0.166858 -0.591589
vn -0.934988 -0.353779 -0.025270
vn 0.797759 -0.074790 0.598320
vn 0.982873 0.022857 -0.182860
vn 1.000000 -0.000000 0.000000
vn 0.842534 -0.118946 0.525345
vn -0.103869 -0.756294 -0.645934
vn 0.982873 0.022857 -0.182860
vn 0.978492 -0.065233 0.195698
vn 0.639602 -0.639602 0.426401
vn 0.863064 0.474685 0.172613
vn 0.891154 0.320815 -0.320815
vn 0.230836 0.946220 -0.226677
vn 0.665581 0.746257 -0.010085
vn -0.979868 -0.153371 0.127809
vn -0.551392 -0.789247 0.270290
vn -0.961903 0.011875 0.273133
vn -0.716737 0.122642 0.686475
vn -0.256823 -0.704897 0.661183
vn 0.546781 0.490217 -0.678762
vn 0.252982 -0.948683 0.189736
vn -0.905571 -0.391963 0.162192
vn -0.425195 0.690942 0.584643
vn -0.758143 -0.487377 0.433224
vn -0.122271 -0.937410 -0.326056
vn -0.910366 0.248282 0.331043
vn 0.125491 0.564710 -0.815693
vn -0.666667 0.333333 -0.666667
vn -0.333333 -0.133333 -0.933333
vn 0.030144 0.994733 -0.097966
vn -0.128498 0.899490 0.417620
vn -0.254971 0.951891 0.169980
vn -0.116407 0.991619 -0.056048
vn -0.339151 0.920553 0.193800
vn 0.419955 -0.857409 0.297468
vn -0.032102 -0.777325 0.628280
vn 0.262930 -0.907110 0.328663
vn -0.000000 -1.000000 0.000000
vn 0.823842 0.253490 -0.506979
vn -0.868243 0.000000 0.496139
vn -0.804613 -0.198238 0.559731
vn 0.084048 -0.420239 -0.903513
vn -0.103108 0.515539 -0.850640
vn 0.514193 0.034279 -0.856989
vn -0.854413 0.427207 0.295758
vn 0.478474 0.842115 -0.248807
vn -0.557086 0.742781 -0.371391
vn -0.876405 -0.138380 0.461266
vn -0.194461 -0.972306 -0.129641
vn 0.442326 -0.147442 -0.884652
vn -0.897002 0.146024 0.417210
vn -0.104132 -0.485947 -0.867763
vn 0.246912 -0.967070 -0.061728
vn -0.215952 0.778903 0.588791
vn -0.157850 -0.640908 0.751213
vn 0.564746 -0.804874 0.182319
vn 0.534522 0.267261 0.801784
vn 0.294484 0.257673 0.920263
vn -0.979785 -0.084024 -0.181553
vn -0.322650 -0.921277 -0.217129
vn -0.989316 -0.111998 -0.093332
vn -0.000000 -0.124035 0.992278
vn 0.000000 -0.000000 1.000000
vn -0.110432 -0.993884 0.000000
vn -0.928477 -0.371391 0.000000
vn -0.547497 0.833689 0.072170
vn -0.982789 -0.174094 0.061775
vn 0.114541 0.038180 -0.992685
vn -0.110432 -0.993884 0.000000
vn -0.938937 -0.341432 -0.042679
vn 0.103344 -0.864135 0.492535
vn -0.175497 0.896026 -0.407846
vn -0.004859 0.964612 -0.263628
vn 0.454515 -0.875774 -0.162591
vn 0.191366 0.371950 -0.908313
vn -0.942105 -0.107701 -0.317551
vn 0.598592 0.356413 -0.717396
vn 0.457238 -0.758574 0.464219
vn -0.187073 -0.814131 0.549722
vn 0.679846 -0.397571 0.616235
vn 0.738874 0.642719 0.202431
vn 0.978492 -0.065233 0.195698
vn 0.639602 -0.639602 0.426401
vn -0.800000 0.000000 -0.600000
vn -0.551217 0.832025 0.062402
vn 0.416465 0.633750 -0.651858
vn 0.694879 0.534522 0.481070
vn 0.767613 0.254480 0.588226
vn 0.347955 0.757313 0.552634
vn 0.656093 0.750974 0.074694
vn -0.275106 0.619566 -0.735157
vn 0.568482 0.783073 -0.252240
vn -0.718509 0.194420 0.667791
vn 0.436436 0.218218 -0.872872
vn 0.558106 0.338849 -0.757429
vn -0.758143 -0.487377 0.433224
vn -0.325713 -0.501097 0.801756
vn -0.704361 -0.352180 0.616316
vn -0.750268 0.133609 0.647492
vn -0.905571 -0.391963 0.162192
vn -0.577350 -0.577350 0.577350
vn -0.348743 -0.464990 0.813733
vn -0.259161 -0.172774 0.950255
vn -0.704361 -0.352180 0.616316
vn -0.137361 0.824163 -0.549442
vn -0.232103 0.290129 -0.928414
vn 0.866268 0.097455 0.489983
vn 0.086675 0.953423 0.288916
vn 0.567475 0.797465 -0.204991
vn 0.360898 0.721797 -0.590561
vn -0.923011 -0.289572 0.253376
vn -0.467540 0.007305 0.883942
vn -0.577490 0.008431 0.816354
vn -0.046765 -0.958687 -0.280591
vn 0.724286 -0.597536 -0.344036
vn -0.216437 -0.958508 0.185518
vn -0.098667 0.983585 0.151084
vn -0.390235 0.920710 0.003049
vn 0.000000 0.991228 -0.132164
vn -0.876405 -0.138380 0.461266
vn -0.707107 0.424264 -0.565686
vn 0.442326 -0.147442 -0.884652
vn 0.107833 -0.970495 -0.215665
vn -0.246876 0.890295 0.382657
vn -0.374298 0.907781 0.189300
vn -0.360518 0.103005 0.927047
vn -0.934893 0.267112 0.233723
vn -0.296864 -0.647703 -0.701678
vn 0.246912 -0.967070 -0.061728
vn -0.392957 -0.292932 -0.871651
vn 0.593782 -0.800315 0.083187
vn 0.928477 0.371390 -0.000000
vn 0.495550 -0.868517 0.010433
vn -0.135689 -0.949825 -0.281816
vn -0.668769 -0.742058 0.045806
vn -0.055092 -0.060101 0.996671
vn -0.333333 -0.666667 0.666666
vn -0.219777 -0.961524 -0.164833
vn -0.987670 -0.142855 0.064038
vn -0.254423 -0.960243 0.114901
vn 0.159172 -0.880663 0.446203
vn -0.256190 0.704524 -0.661825
vn -0.262053 0.607963 -0.749472
vn -0.828327 -0.484493 -0.281319
vn 0.978492 -0.065233 0.195698
vn -0.878006 -0.250859 -0.407646
vn 0.863064 0.474685 0.172613
vn 0.417470 -0.904519 0.086973
vn 0.653972 0.459547 0.600947
vn -0.404061 -0.626295 0.666701
vn 0.305995 0.673189 -0.673189
vn -0.503819 -0.345476 -0.791715
vn -0.259327 -0.598446 -0.758032
vn 0.381127 0.207888 -0.900847
vn 0.212881 0.135470 -0.967641
vn 0.305995 0.673189 -0.673189
vn 0.108401 0.751812 -0.650405
vn -0.803845 -0.372250 0.463964
vn -0.029802 -0.983433 0.178806
vn -0.511310 -0.792530 0.332352
vn -0.781404 -0.279073 0.558146
vn -0.704809 -0.583985 0.402748
vn -0.333333 -0.133333 -0.933333
vn -0.666667 0.333333 -0.666667
vn -0.781404 -0.279073 0.558146
vn -0.923080 -0.350134 0.159152
vn -0.425195 0.690942 0.584643
vn -0.577350 -0.577350 0.577350
vn -0.910366 0.248282 0.331043
vn -0.666667 0.333333 -0.666667
vn 0.191291 0.549962 -0.812988
vn -0.396576 -0.158630 0.904193
vn -0.232103 0.290129 -0.928414
vn -0.815306 0.539865 -0.209336
vn -0.974535 0.223664 -0.015976
vn -0.905494 0.119062 -0.407315
vn 0.318788 0.637577 -0.701335
vn 0.811107 -0.486664 0.324443
vn -0.911685 -0.341882 0.227921
vn 0.763733 -0.624873 0.162004
vn -0.910765 -0.333947 0.242871
vn -0.646997 -0.107833 0.754829
vn -0.527363 -0.615257 0.585959
vn -0.534523 -0.267261 0.801784
vn -0.410259 -0.366303 0.835170
vn -0.431855 -0.204948 0.878349
vn -0.550823 0.826234 -0.118033
vn 0.305737 0.820661 -0.482742
vn -0.951570 -0.265554 0.154907
vn 0.754434 0.188608 -0.628695
vn -0.722170 -0.341024 0.601808
vn 0.836315 0.304115 -0.456171
vn -0.762474 -0.098384 0.639495
vn -0.554700 0.832050 0.000000
vn -0.854934 -0.518417 0.018190
vn -0.005277 0.575224 -0.817979
vn 0.486664 0.324443 -0.811107
vn 0.345033 0.276026 -0.897085
vn -0.491378 0.859912 0.138200
vn -0.417585 0.835170 0.357930
vn -0.808573 -0.568528 -0.151608
vn -0.878438 0.439219 0.188237
vn 0.475645 0.841526 -0.256117
vn -0.778114 0.614300 -0.131051
vn 0.284808 0.890024 -0.356009
vn -0.411889 0.836260 0.361963
vn -0.702441 -0.401395 -0.587757
vn -0.399480 0.891148 0.215105
vn -0.749416 -0.630461 -0.202223
vn -0.280105 0.948047 0.150826
vn -0.437993 0.854928 -0.277957
vn 0.071963 0.973063 -0.219018
vn -0.462573 0.792982 -0.396491
vn -0.058371 -0.963119 -0.262669
vn -0.161852 0.917162 0.364167
vn -0.482540 0.772065 -0.413606
vn -0.871833 0.420885 0.250527
vn -0.876405 -0.138380 0.461266
vn -0.707107 0.424264 -0.565686
vn 0.557944 -0.821649 0.116585
vn 0.933584 0.358167 -0.011743
vn 0.839430 0.357161 0.409626
vn -0.749203 0.477617 0.458887
vn -0.058959 0.727164 0.683927
vn -0.474923 0.872307 -0.116308
vn 0.633459 0.690185 0.349820
vn 0.073761 -0.132770 0.988398
vn -0.048760 0.887435 -0.458346
vn -0.474923 0.872307 -0.116308
vn 0.021335 -0.640039 -0.768046
vn -0.031830 0.604777 0.795759
vn 0.094690 -0.915341 -0.391388
vn 0.449517 -0.824115 -0.344630
vn 0.493058 -0.841100 0.222360
vn -0.412071 -0.910894 0.021688
vn 0.123546 -0.926593 -0.355194
vn -0.511310 -0.792530 0.332352
vn -0.316228 0.948683 0.000000
vn 0.310881 0.577350 -0.754997
vn 0.316228 -0.948683 0.000000
vn -0.553291 -0.770654 0.316166
vn -0.683764 -0.569803 0.455842
vn -0.319348 -0.585471 0.745145
vn -0.000000 -0.707106 -0.707107
vn 0.000000 -0.000000 -1.000000
vn 0.325363 0.765559 -0.555030
vn 0.787575 -0.580319 0.207257
vn -0.815306 0.539865 -0.209336
vn -0.974535 0.223664 -0.015976
vn -0.873698 0.303895 0.379869
vn -0.198026 0.688786 0.697395
vn 0.604709 -0.796446 -0.000000
vn -0.914770 -0.353711 0.195151
vn -0.126435 0.210725 0.969334
vn -0.867770 0.164173 0.469065
vn -0.181503 0.614319 0.767899
vn 0.693528 -0.648784 -0.313206
vn 0.503041 0.815742 -0.285510
vn 0.301511 0.904534 -0.301511
vn 0.084048 -0.420239 -0.903513
vn 0.345972 -0.293552 -0.891140
vn -0.000000 -0.524097 -0.851658
vn 0.500761 -0.229516 -0.834602
vn -0.619382 0.665021 -0.417268
vn 0.202074 0.874088 -0.441743
vn -0.150463 0.908681 0.389435
vn -0.360518 0.103005 0.927047
vn -0.889843 0.308721 0.335961
vn -0.574899 0.206096 0.791843
vn -0.360518 0.103005 0.927047
vn -0.296864 -0.647703 -0.701678
vn -0.729805 0.075497 0.679474
vn 0.542442 -0.839911 0.017498
vn -0.103730 -0.829834 0.548284
vn 0.182788 -0.922250 -0.340651
vn 0.745728 -0.657910 -0.105093
vn -0.753254 0.638574 -0.157581
vn -0.603859 0.795042 -0.057122
vn 0.351023 0.915516 0.196501
vn -0.299008 0.950419 -0.085431
vn 0.857902 0.367672 -0.358918
vn 0.839430 0.357161 0.409626
vn -0.215666 0.970495 0.107833
vn -0.217643 0.652929 -0.725476
vn 0.073761 -0.132770 0.988398
vn 0.491945 0.107988 0.863903
vn 0.373034 -0.517434 0.770135
vn -0.136883 -0.922920 0.359835
vn 0.646039 0.711579 -0.276205
vn 0.751546 -0.644892 0.138900
vn -0.969386 0.105114 -0.221907
vn 0.262432 0.892269 -0.367405
vn 0.721485 -0.156845 -0.674432
vn 0.684875 0.404188 0.606283
vn 0.388399 0.682323 -0.619340
vn 0.694879 0.534522 0.481070
vn 0.988595 0.133827 0.069072
vn 0.906952 0.236129 -0.348828
vn 0.957964 0.278844 0.067462
vn 0.841181 0.314041 -0.440218
vn 0.261288 0.889018 -0.376000
vn 0.230836 0.879704 -0.415735
vn -0.615761 0.265897 0.741712
vn 0.043073 0.129219 0.990680
vn -0.230235 0.935330 0.268607
vn -0.399411 0.912169 0.091756
vn -0.974535 0.223664 -0.015976
vn -0.935689 0.294374 -0.194497
vn -0.144015 0.890278 0.432047
vn -0.090077 0.100551 0.990846
vn -0.691806 0.626542 0.358956
vn -0.532665 -0.039095 0.845423
vn -0.812362 -0.058026 0.580259
vn 0.787650 0.175033 -0.590738
vn -0.666667 -0.333333 0.666667
vn -0.829129 0.163644 0.534570
vn -0.527363 -0.615257 0.585959
vn -0.902826 0.422100 0.082075
vn -0.777627 -0.616232 0.124714
vn 0.815088 0.239732 -0.527410
vn -0.683486 -0.256307 0.683486
vn 0.443039 -0.886078 -0.136320
vn -0.829037 -0.552691 0.085029
vn 0.723511 -0.682750 -0.101903
vn -0.139167 -0.935514 0.324724
vn 0.086907 0.730021 -0.677877
vn -0.322182 0.944328 0.066658
vn 0.000000 0.316229 -0.948683
vn 0.291593 -0.955220 -0.050275
vn -0.174927 -0.943188 0.282484
vn 0.208196 -0.975921 0.065061
vn 0.865206 0.370803 -0.337526
vn 0.112066 -0.924547 -0.364216
vn 0.201569 0.979051 -0.028796
vn 0.000000 0.707107 0.707107
vn 0.512920 0.659469 0.549558
vn 0.705490 -0.240332 -0.666727
vn 0.483851 -0.865838 -0.127329
vn 0.649234 0.463739 0.602861
vn -0.734248 0.559427 -0.384606
vn -0.236265 0.912471 0.334030
vn 0.181376 0.683182 -0.707365
vn -0.205076 0.957020 -0.205076
vn -0.239170 -0.912389 -0.332180
vn 0.813116 -0.569181 0.121968
vn 0.335704 -0.613024 0.715195
vn 0.735215 -0.441129 0.514650
vn 0.810769 0.095550 0.577515
vn 0.961185 0.270879 0.052428
vn 0.188237 -0.439219 0.878438
vn -0.545986 -0.833347 0.086208
vn 0.062980 -0.923710 -0.377881
vn 0.335704 -0.613024 0.715195
vn 0.735215 -0.441129 0.514650
vn -0.478239 -0.750467 0.456166
vn -0.803845 -0.372250 0.463964
vn -0.980394 0.188846 -0.056252
vn -0.845139 -0.391880 0.363551
vn -0.029802 -0.983433 0.178806
vn -0.316228 -0.948683 0.000000
vn -0.162995 -0.977972 -0.130396
vn 0.411966 -0.885421 -0.215206
vn 0.240556 -0.371768 -0.896617
vn 0.269137 -0.852267 -0.448561
vn 0.210576 0.906390 -0.366218
vn -0.100670 0.992318 -0.071907
vn -0.521838 0.034789 0.852335
vn 0.290494 0.490835 -0.821397
vn -0.390567 -0.130189 0.911322
vn -0.599251 0.049938 0.799002
vn -0.577350 -0.577350 0.577350
vn -0.910366 0.248282 0.331043
vn 0.044065 0.660979 -0.749110
vn -0.232103 0.290129 -0.928414
vn 0.386487 -0.883398 -0.265019
vn -0.803992 -0.140622 -0.577774
vn -0.213255 0.913953 0.345271
vn 0.232338 -0.848035 -0.476294
vn 0.275972 0.827915 -0.488258
vn 0.655610 0.655610 -0.374634
vn 0.706984 -0.706985 -0.018605
vn -0.511712 0.856561 0.066745
vn 0.278006 0.834017 -0.476581
vn 0.694862 0.694862 -0.185296
vn 0.339660 -0.199800 -0.919082
vn -0.909137 0.404061 0.101015
vn 0.514193 0.034279 -0.856989
vn -0.882529 -0.394815 0.255469
vn 0.345033 0.276026 -0.897085
vn 0.507662 -0.807645 -0.299982
vn -0.781547 -0.607870 -0.140278
vn 0.180207 0.981129 0.070081
vn 0.104542 0.052271 -0.993146
vn -0.262313 -0.964937 -0.009368
vn 0.708777 -0.696006 0.114937
vn -0.158991 -0.953945 0.254385
vn -0.299375 0.944422 -0.135799
vn -0.083440 0.834397 -0.544812
vn 0.208665 -0.977432 0.032947
vn -0.087575 -0.977920 -0.189746
vn -0.120597 -0.982510 0.141879
vn 0.508015 -0.857065 0.085791
vn -0.420838 -0.887060 -0.189790
vn -0.461599 -0.871725 -0.164382
vn 0.000000 1.000000 -0.000000
vn 0.818458 0.171704 -0.548310
vn 0.174167 0.909540 -0.377362
vn 0.987927 0.148626 0.043713
vn 0.945155 0.112221 -0.306739
vn 0.605117 -0.784118 -0.137815
vn 0.707107 -0.000000 -0.707107
vn 0.046621 -0.890038 -0.453496
vn 0.381127 0.207888 -0.900847
vn 0.212881 0.135470 -0.967641
vn -0.192564 0.629044 -0.753142
vn 0.670251 0.254695 -0.697061
vn 0.550534 0.734044 -0.397608
vn 0.448327 0.611354 -0.652111
vn -0.316228 0.948683 0.000000
vn 0.316228 -0.948683 0.000000
vn -0.654101 -0.754732 0.050315
vn -0.511310 -0.792530 0.332352
vn -0.183942 -0.981023 -0.061314
vn 0.316228 -0.948683 0.000000
vn -0.593752 -0.791669 0.143940
vn -0.333333 -0.133333 -0.933333
vn 0.546781 0.490217 -0.678762
vn 0.252982 -0.948683 0.189736
vn 0.853766 -0.232845 -0.465690
vn 0.316359 0.230079 -0.920316
vn 0.332411 0.560411 -0.758579
vn 0.558106 0.338849 -0.757429
vn 0.439355 0.253474 -0.861811
vn -0.573033 0.274060 0.772350
vn 0.316359 0.230079 -0.920316
vn 0.043073 0.129219 0.990680
vn -0.313408 -0.516377 0.796951
vn -0.410435 -0.294672 0.862967
vn -0.452885 -0.422693 0.785001
vn -0.455576 -0.250567 0.854205
vn -0.562809 0.306987 0.767467
vn -0.155230 -0.977950 0.139707
vn -0.022690 -0.998340 -0.052942
vn -0.383332 -0.859302 0.338610
vn -0.767329 -0.291249 0.571296
vn -0.872872 -0.218218 -0.436436
vn -0.441054 0.882109 0.165395
vn -0.411889 0.836260 0.361963
vn 0.632041 0.772495 0.061448
vn 0.349065 -0.392699 -0.850847
vn 0.649813 -0.452900 -0.610430
vn 0.015350 -0.741933 -0.670298
vn 0.102614 -0.855115 -0.508182
vn -0.549972 -0.549972 -0.628539
vn 0.532181 -0.768706 -0.354788
vn -0.696311 -0.696311 -0.174078
vn -0.080320 -0.952025 -0.295293
vn 0.308053 -0.924159 -0.225906
vn -0.229740 -0.952376 -0.200500
vn -0.274683 0.959774 -0.058168
vn -0.178517 -0.966451 0.184672
vn 0.140028 0.700140 -0.700140
vn 0.705882 -0.705882 0.058823
vn 0.885548 -0.463858 -0.025301
vn -0.457086 0.876706 -0.149864
vn 0.931620 -0.315549 0.180313
vn -0.336861 -0.168430 0.926367
vn -0.524613 0.764437 -0.374724
vn 0.777331 -0.388666 -0.494666
vn 0.051709 -0.930758 -0.361961
vn 0.000000 -0.000000 1.000000
vn -0.574899 0.206096 0.791843
vn 0.542442 -0.839911 0.017498
vn -0.500258 -0.750388 -0.432042
vn 0.646039 0.711579 -0.276205
vn 0.262432 0.892269 -0.367405
vn -0.382869 -0.912130 0.146391
vn -0.772386 -0.634523 0.028280
vn -0.536083 0.841612 -0.065605
vn 0.398961 0.916967 -0.001072
vn 0.209020 0.975426 0.069673
vn -0.390567 0.911322 -0.130189
vn -0.058621 -0.058621 0.996558
vn 0.594903 0.675929 0.434983
vn 0.249286 0.834789 0.490902
vn 0.339140 0.791327 -0.508710
vn -0.202112 0.087875 -0.975412
vn 0.786821 0.223128 -0.575436
vn 0.865744 -0.005586 0.500456
vn 0.437791 -0.666835 0.603051
vn 0.579324 -0.744845 0.331042
vn -0.245555 0.012924 0.969296
vn -0.664340 0.128066 0.736377
vn -0.324443 0.811107 0.486664
vn 0.702359 -0.710622 0.041315
vn 0.257579 0.884122 -0.389849
vn 0.002378 -0.915663 -0.401940
vn -0.412393 -0.907265 -0.082479
vn -0.407778 0.837018 0.364854
vn 0.623249 0.770242 0.135233
vn -0.399480 0.891148 0.215105
vn -0.884651 0.442327 0.147441
vn -0.056232 0.843482 -0.534205
vn 0.777331 -0.388666 -0.494666
vn -0.381588 -0.862722 -0.331816
vn -0.441693 0.895793 -0.049628
vn 0.302696 0.952671 -0.028158
vn -0.059932 -0.053623 0.996761
vn -0.535521 0.844234 0.022051
vn 0.389322 0.908416 0.152343
vn 0.227110 0.973329 0.032444
vn -0.367855 0.928397 -0.052551
vn 0.084859 0.091386 -0.992193
vn 0.512920 0.659469 0.549558
vn 0.548352 0.540168 0.638380
vn 0.207514 0.138343 0.968400
vn 0.098661 0.775586 0.623484
vn 0.595257 0.436521 0.674625
vn 0.280549 0.547739 0.788210
vn 0.368914 0.668657 0.645600
vn -0.086372 -0.900737 -0.425691
vn 0.328507 -0.589697 0.737795
vn -0.064033 -0.661675 -0.747052
vn 0.005483 0.666224 0.745732
vn 0.259011 -0.906539 -0.333318
vn 0.607559 -0.750541 -0.259926
vn 0.191366 0.371950 -0.908313
vn 0.406066 0.913795 -0.009457
vn -0.779473 -0.064850 -0.623070
vn 0.598592 0.356413 -0.717396
vn 0.751546 -0.644892 0.138900
vn -0.969386 0.105114 -0.221907
vn -0.944192 0.085220 -0.318182
vn -0.273109 0.857565 -0.435883
vn -0.611239 0.603599 -0.511913
vn -0.943387 0.300774 0.139843
vn 0.806912 0.413593 -0.421703
vn 0.702393 0.601638 0.380363
vn 0.218217 -0.872872 0.436436
vn -0.239859 0.959437 0.148149
vn 0.821129 0.348979 0.451621
vn 0.647244 0.664797 0.372988
vn 0.273277 0.834143 0.479087
vn -0.558769 0.822949 -0.102631
vn 0.285798 0.738433 -0.610767
vn -0.912871 0.182574 0.365148
vn 0.809367 0.180703 -0.558813
vn -0.211805 0.743478 -0.634334
vn -0.552345 -0.828517 -0.092057
vn -0.029802 -0.983433 0.178806
vn -0.316228 -0.948683 0.000000
vn 0.162221 0.162221 -0.973329
vn 0.117042 0.702247 -0.702247
vn 0.722242 0.141063 -0.677102
vn 0.381127 0.207888 -0.900847
vn 0.316228 0.758947 -0.569210
vn -0.154083 0.986134 -0.061633
vn 0.506690 0.801276 -0.318154
vn -0.390567 -0.130189 0.911322
vn -0.688021 0.378412 0.619219
vn -0.783099 -0.314942 0.536253
vn -0.984268 0.144745 -0.101322
vn -0.845139 -0.391880 0.363551
vn 0.661325 0.738000 -0.134182
vn 0.516413 -0.837216 -0.179962
vn -0.861057 0.334855 0.382692
vn -0.301511 0.904534 0.301511
vn -0.899188 0.431610 0.071935
vn -0.323062 0.944336 0.062127
vn -0.276483 0.947943 0.157991
vn -0.902826 0.422100 0.082075
vn 0.426330 0.578591 -0.695324
vn 0.345033 0.276026 -0.897085
vn 0.355588 0.621209 -0.698324
vn 0.398015 0.199007 -0.895533
vn 0.493739 0.868360 -0.046612
vn 0.985104 0.095386 -0.143079
vn 0.327446 0.915053 0.235492
vn 0.995926 0.089723 0.008972
vn 0.910052 0.045276 0.412014
vn 0.601454 -0.784726 -0.149857
vn -0.367951 -0.903063 -0.221562
vn 0.507508 -0.837527 -0.202448
vn -0.205847 -0.946895 -0.247016
vn 0.329135 -0.941479 -0.072716
vn -0.070081 -0.981129 0.180207
vn 0.318403 -0.945937 -0.061826
vn 0.813390 0.187705 -0.550603
vn 0.044963 -0.631145 -0.774360
vn 0.595257 0.436521 0.674625
vn 0.080321 0.659971 0.746985
vn 0.339151 -0.532951 0.775203
vn -0.050411 -0.365480 -0.929453
vn -0.287234 -0.461827 -0.839174
vn -0.012475 -0.760956 -0.648684
vn 0.813116 -0.569181 0.121968
vn 0.917317 -0.309743 -0.250177
vn -0.551499 -0.811756 0.192095
vn 0.526561 -0.848692 0.049559
vn 0.071611 -0.930949 -0.358058
vn -0.257401 -0.703562 0.662378
vn 0.902035 0.214845 -0.374400
vn 0.436307 -0.799897 0.412068
vn 0.917055 0.052403 0.395302
vn 0.364114 -0.736967 0.569474
vn -0.399411 0.912169 0.091756
vn -0.908644 -0.031460 -0.416385
vn -0.558219 0.667674 0.492547
vn 0.853766 -0.232845 -0.465690
vn -0.737120 0.505867 0.448054
vn 0.080582 0.241747 -0.966988
vn 0.043073 0.129219 0.990680
vn 0.303728 0.479571 -0.823263
vn -0.419832 0.119952 0.899640
vn -0.309426 0.618853 0.721995
vn -0.562809 0.306987 0.767467
vn -0.390567 -0.911322 0.130189
vn -0.211805 0.743478 -0.634334
vn -0.803845 -0.372250 0.463964
vn -0.984268 0.144745 -0.101322
vn 0.028952 -0.984371 -0.173712
vn 0.345972 -0.293552 -0.891140
vn 0.649813 -0.452900 -0.610430
vn 0.307829 -0.848241 -0.430961
vn 0.119802 -0.992650 0.017115
vn -0.799002 -0.599251 0.049938
vn 0.703526 -0.703526 0.100504
vn 0.219897 0.861262 -0.458118
vn 0.931620 -0.315549 0.180313
vn 0.885548 -0.463858 -0.025301
vn 0.155446 0.928102 -0.338323
vn 0.931620 -0.315549 0.180313
vn -0.319313 0.945658 0.061406
vn 0.011064 -0.984707 -0.173865
vn 0.291593 -0.955220 -0.050275
vn -0.036978 -0.995313 -0.089362
vn -0.399480 0.891148 0.215105
vn -0.258138 0.959951 -0.108902
vn -0.280105 0.948047 0.150826
vn 0.375653 -0.542610 -0.751305
vn 0.627555 0.778168 0.025102
vn -0.412393 -0.907265 -0.082479
vn 0.938937 0.298752 0.170716
vn 0.884118 0.466618 -0.024559
vn -0.457496 -0.762492 -0.457496
vn -0.428572 -0.285714 0.857143
vn -0.111957 0.013995 0.993615
vn 0.466196 -0.834246 -0.294440
vn -0.500258 -0.750388 -0.432042
vn 0.587693 -0.739005 -0.329376
vn 0.979915 0.041191 -0.195116
vn 0.472273 -0.875313 0.103851
vn 0.996254 0.085515 0.012827
vn 0.911281 0.041802 0.409658
vn 0.395001 -0.918676 0.002992
vn 0.857902 0.367672 -0.358918
vn 0.837759 0.359040 0.411400
vn -0.065843 -0.010130 0.997779
vn -0.000000 -0.707107 0.707107
vn 0.000000 -0.000000 1.000000
vn 0.623984 -0.770805 -0.128467
vn -0.110432 -0.993884 0.000000
vn -0.000000 -0.707107 0.707107
vn -0.070242 -0.997431 -0.014048
vn 0.594405 -0.801756 -0.062205
vn -0.219777 -0.961524 -0.164833
vn -0.254423 -0.960243 0.114901
vn 0.650791 -0.759257 0.000000
vn 0.098250 0.063730 -0.993119
vn -0.110432 -0.993884 0.000000
vn -0.501170 0.862431 0.070999
vn 0.381001 0.889001 0.254000
vn 0.128269 0.963583 0.234639
vn 0.412953 0.888472 -0.200219
vn 0.255682 0.803765 0.537204
vn 0.168399 0.900935 -0.399948
vn -0.398317 0.909202 -0.121227
vn -0.012560 -0.540080 -0.841520
vn -0.012878 -0.128778 -0.991590
vn 0.931702 -0.028127 -0.362133
vn 0.886188 0.013768 -0.463121
vn 0.444374 -0.639276 -0.627581
vn 0.595257 -0.753992 -0.277787
vn 0.387327 0.642396 -0.661290
vn -0.693008 -0.715363 0.089420
vn -0.202444 -0.971732 0.121466
vn -0.905086 -0.120678 -0.407746
vn -0.500631 0.698833 0.510883
vn -0.639489 -0.759393 0.119904
vn -0.143517 -0.963608 0.225525
vn -0.000000 -1.000000 0.000000
vn -0.096926 -0.807713 0.581554
vn -0.122271 -0.937410 -0.326056
vn 0.122098 0.030525 -0.992049
vn 0.310123 0.491028 -0.814073
vn -0.557086 -0.742781 0.371391
vn -0.000000 -0.832050 0.554700
vn 0.373628 -0.924238 -0.078658
vn 0.262930 -0.907110 0.328663
vn 0.095446 -0.988823 -0.114536
vn -0.278221 -0.550820 0.786886
vn -0.527363 -0.615257 0.585959
vn -0.000000 -0.894427 0.447214
vn -0.306890 -0.182110 0.934160
vn -0.695874 -0.642345 0.321173
vn -0.000000 -0.894427 0.447214
vn 0.119802 -0.992650 0.017115
vn -0.710922 -0.700467 0.062728
vn 0.267262 -0.801784 -0.534522
vn 0.614259 0.775502 0.145887
vn 0.534240 -0.791087 -0.297942
vn 0.649813 -0.452900 -0.610430
vn 0.260888 -0.702392 -0.662256
vn 0.453862 -0.521100 -0.722817
vn 0.554700 -0.000000 -0.832050
vn -0.454794 0.826898 -0.330760
vn 0.635001 0.127000 0.762001
vn -0.336861 -0.168430 0.926367
vn -0.141279 0.919759 0.366174
vn -0.570097 0.739016 -0.358950
vn -0.044455 0.844653 -0.533465
vn 0.218038 0.890321 -0.399736
vn 0.700140 0.700140 0.140027
vn -0.147343 0.867687 0.474772
vn 0.286544 0.177385 0.941503
vn 0.645942 0.704664 0.293610
vn -0.111957 0.013995 0.993615
vn -0.442026 0.294684 0.847216
vn -0.078589 -0.487252 0.869718
vn -0.022619 0.000000 0.999744
vn 0.030408 0.172946 0.984462
vn 0.129540 -0.906778 0.401214
vn 0.679846 -0.397571 0.616235
vn 0.671217 -0.695479 0.256472
vn 0.500517 -0.864530 -0.045502
vn 0.771062 0.057649 -0.634145
vn 0.301511 -0.904534 -0.301511
vn -0.912871 0.182574 0.365148
vn -0.057692 -0.865373 0.497796
vn -0.137537 -0.611275 0.779376
vn 0.928204 -0.363211 -0.080713
vn -0.316228 -0.948683 0.000000
vn 0.865025 0.480569 0.144171
vn 0.848994 0.296636 -0.437283
vn 0.434103 0.784724 -0.442451
vn 0.922045 0.042231 0.384772
vn 0.569149 0.794412 -0.212083
vn -0.229249 -0.660776 0.714717
vn 0.122098 0.030525 -0.992049
vn -0.127000 0.762001 -0.635000
vn 0.741999 0.212000 -0.635999
vn 0.398015 0.199007 -0.895533
vn 0.140028 0.700140 -0.700140
vn -0.577350 0.577350 -0.577350
vn 0.666667 0.333333 0.666667
vn -0.336861 -0.168430 0.926367
vn -0.044455 0.844653 -0.533465
vn -0.381588 -0.862722 -0.331816
vn 0.700369 -0.666205 -0.256233
vn 0.140028 0.700140 -0.700140
vn -0.003737 0.997728 0.067263
vn 0.071724 0.815856 -0.573789
vn 0.885548 -0.463858 -0.025301
vn 0.057907 0.984424 -0.166001
vn -0.577350 0.577350 -0.577350
vn -0.246253 0.967834 0.051541
vn -0.025743 0.978226 0.205942
vn -0.000000 -1.000000 0.000000
vn 0.087891 -0.988772 -0.120850
vn 0.413803 -0.910367 0.000000
vn 0.301511 -0.301511 -0.904534
vn -0.447214 -0.894427 -0.000000
vn 0.777331 -0.388666 -0.494666
vn -0.058371 -0.963119 -0.262669
vn -0.296864 -0.647703 -0.701678
vn -0.381588 -0.862722 -0.331816
vn 0.059596 -0.854211 -0.516500
vn 0.133388 -0.781271 -0.609773
vn 0.381000 -0.889001 -0.254000
vn 0.700369 -0.666205 -0.256233
vn 0.542442 -0.839911 0.017498
vn 0.228665 -0.971825 0.057166
vn -0.577350 -0.577351 -0.577350
vn 0.442326 -0.147442 -0.884652
vn 0.466196 -0.834246 -0.294440
vn 0.479326 -0.718988 -0.503292
vn 0.246912 -0.967070 -0.061728
vn 0.052197 -0.948256 -0.313186
vn -0.500258 -0.750388 -0.432042
vn 0.060634 0.636661 0.768757
vn 0.024506 0.312454 0.949617
vn -0.087337 -0.462886 0.882105
vn -0.125278 0.368465 0.921162
vn -0.104955 0.511654 0.852757
vn -0.064378 0.139952 0.988063
vn -0.033354 -0.455837 0.889438
vn 0.143576 -0.151703 0.977943
vn -0.070242 -0.997431 -0.014048
vn 0.470916 -0.877538 0.090360
vn -0.124159 -0.986738 0.104555
vn -0.348155 0.905204 0.243709
vn -0.447213 0.894427 -0.000000
vn 0.178886 0.983870 0.000000
vn 0.097283 0.991069 0.091203
vn 0.823220 0.164644 -0.543325
vn 0.174167 0.909540 -0.377362
vn -0.683187 -0.136637 -0.717346
vn 0.142404 0.783221 -0.605216
vn 0.170692 0.680015 -0.713052
vn 0.913095 0.087424 -0.398265
vn 0.459872 -0.266242 -0.847132
vn 0.465171 -0.815786 0.343671
vn 0.967264 0.029311 0.252075
vn -0.912871 0.182574 0.365148
vn -0.552345 -0.828517 -0.092057
vn 0.865025 0.480569 0.144171
vn 0.319446 0.645034 -0.694180
vn -0.316228 0.948683 0.000000
vn -0.035115 0.316033 -0.948098
vn 0.292721 0.595758 -0.747922
vn 0.206689 0.974389 -0.088580
vn 0.853766 -0.232845 -0.465690
vn -0.742781 0.371391 0.557086
vn 0.365148 0.182574 -0.912871
vn -0.089984 0.314945 0.944835
vn -0.521838 0.034789 0.852335
vn -0.390567 -0.130189 0.911322
vn -0.534523 0.267261 0.801784
vn -0.109857 0.340556 0.933784
vn -0.452885 -0.422693 0.785001
vn 0.097590 -0.195180 0.975900
vn -0.309426 0.618853 0.721995
vn -0.562809 0.306987 0.767467
vn 0.272682 -0.818044 -0.506408
vn 0.634137 0.765604 0.108267
vn 0.938937 0.298752 0.170716
vn 0.430706 0.527614 -0.732199
vn 0.696733 0.348366 -0.627060
vn 0.398015 0.199007 -0.895533
vn 0.278006 -0.834016 -0.476581
vn 0.938937 0.298752 0.170716
vn 0.884118 0.466618 -0.024559
vn 0.308053 -0.924159 -0.225906
vn -0.246967 0.966999 0.062611
vn -0.315790 -0.947368 0.052632
vn -0.151176 0.987684 0.040314
vn -0.046567 0.946875 -0.318212
vn 0.180207 0.981129 0.070081
vn -0.273714 -0.961697 -0.014795
vn 0.695742 0.629904 0.345202
vn 0.182788 -0.922250 -0.340651
vn 0.000000 0.977323 0.211753
vn -0.878697 -0.196665 -0.434989
vn -0.418221 0.907932 0.027405
vn 0.126879 0.581530 0.803570
vn 0.444444 0.111111 0.888889
vn 0.269954 -0.152582 0.950707
vn 0.168399 0.900935 -0.399948
vn 0.491945 0.107988 0.863903
vn -0.213125 0.625476 -0.750572
vn 0.444444 0.111111 0.888889
vn 0.491945 0.107988 0.863903
vn 0.813116 -0.569181 0.121968
vn 0.050702 -0.912636 -0.405616
vn 0.956522 -0.130435 -0.260870
vn 0.425803 -0.257585 -0.867377
vn 0.735215 -0.441129 0.514650
vn -0.401931 0.906172 0.131541
vn -0.741268 0.117992 0.660756
vn -0.561801 0.642058 0.521672
vn 0.811049 0.177907 -0.557269
vn -0.137537 -0.611275 0.779376
vn -0.552345 -0.828517 -0.092057
vn 0.865025 0.480569 0.144171
vn 0.524763 -0.850479 0.036190
vn 0.986261 -0.016438 0.164377
vn 0.821889 0.056682 -0.566821
vn 0.966978 0.003491 0.254835
vn 0.745180 0.152423 -0.649210
vn 0.570019 0.760025 -0.312153
vn 0.399573 -0.867861 -0.295226
vn -0.871358 -0.215215 -0.440928
vn 0.048432 -0.995559 -0.080721
vn 0.565685 -0.424264 -0.707107
vn -0.194948 0.964993 0.175453
vn -0.139841 0.989648 -0.032271
vn 0.639602 0.639603 -0.426401
vn -0.784752 -0.283846 0.550996
vn -0.024174 -0.852135 0.522764
vn -0.845139 -0.391880 0.363551
vn 0.757652 0.510418 0.406739
vn -0.153939 0.873515 0.461817
vn 0.762754 0.508503 0.399538
vn -0.208895 0.676424 0.706267
vn -0.277859 0.956353 0.090466
vn 0.000000 0.316229 -0.948683
vn 0.371521 -0.477670 -0.796117
vn 0.623157 -0.378782 -0.684251
vn -0.000000 -0.707107 -0.707107
vn 0.740674 0.102162 -0.664052
vn -0.457496 -0.762492 -0.457496
vn 0.612018 -0.340011 0.714021
vn -0.428572 -0.285714 0.857143
vn -0.097539 -0.617743 -0.780307
vn 0.579741 -0.257663 0.772988
vn -0.428572 -0.285714 0.857143
vn 0.061414 0.782698 0.619364
vn 0.122604 -0.632479 0.764813
vn 0.235821 -0.370576 0.898366
vn 0.548352 0.540168 0.638380
vn 0.693909 -0.333077 0.638397
vn -0.033023 0.990687 0.132092
vn 0.401319 0.515982 0.756773
vn 0.512920 0.659469 0.549558
vn -0.787871 -0.615525 0.019697
vn 0.544823 0.783183 -0.299653
vn 0.954476 -0.193878 0.226688
vn 0.494167 -0.741822 0.453320
vn 0.125907 -0.377720 0.917320
vn -0.781693 0.137622 0.608289
vn -0.217740 -0.680018 0.700118
vn 0.683763 -0.455843 -0.569803
vn 0.430407 -0.677767 -0.596139
vn 0.590172 -0.704474 -0.394226
vn 0.418040 -0.905753 0.069673
vn 0.051447 -0.917484 0.394432
vn 0.476581 -0.278006 0.834017
vn 0.892753 0.325483 -0.311534
vn 0.382581 0.824674 -0.416588
vn 0.464293 0.838722 -0.284566
vn -0.336889 -0.556990 0.759123
vn -0.452885 -0.422693 0.785001
vn -0.285310 -0.118879 0.951034
vn -0.438166 -0.333841 0.834602
vn -0.776372 -0.307072 0.550413
vn 0.259075 -0.650565 0.713894
vn 0.147442 -0.442326 0.884652
vn -0.759527 -0.264183 0.594412
vn 0.145109 -0.401840 0.904139
vn -0.436436 -0.829228 0.349149
vn -0.534523 -0.267261 0.801784
vn -0.757576 -0.242424 0.606061
vn -0.051574 -0.237904 0.969918
vn 0.873485 0.166378 0.457540
vn 0.764694 0.497940 0.409022
vn -0.114687 0.191145 0.974839
vn -0.196116 0.588348 0.784465
vn -0.291947 0.919635 -0.262753
vn -0.139942 0.839654 -0.524783
vn 0.772049 0.070186 -0.631676
vn 1.000000 -0.000001 -0.000000
vn 0.878459 0.473016 0.067574
vn -0.979958 0.089088 -0.178174
vn -0.866544 0.498264 0.028885
vn 0.071724 0.815856 -0.573789
vn -0.577350 0.577350 -0.577350
vn 0.878459 0.473016 0.067574
vn 1.000000 -0.000001 -0.000000
vn 0.635001 0.127000 0.762001
vn -0.402965 0.895478 -0.189045
vn 1.000000 -0.000001 -0.000000
vn 0.600000 -0.000000 0.800000
vn -0.247570 -0.916009 -0.315652
vn -0.451466 0.846499 0.282166
vn -0.438155 0.866785 0.238128
vn 0.171610 -0.984502 0.036129
vn 0.213470 -0.960617 -0.177892
vn -0.012954 -0.993097 0.116581
vn -0.126604 0.991729 0.021101
vn 0.050264 -0.703695 -0.708722
vn 0.884118 0.466618 -0.024559
vn 0.308053 -0.924159 -0.225906
vn -0.031326 0.845818 -0.532552
vn 0.700140 0.700140 0.140027
vn 0.700369 -0.666205 -0.256233
vn -0.577350 -0.577351 -0.577350
vn -0.254824 -0.917365 -0.305788
vn 0.463739 -0.881104 0.092748
vn -0.048946 0.887153 0.458872
vn -0.023088 0.956733 0.290050
vn 0.353467 0.915607 0.191639
vn -0.969386 0.105114 -0.221907
vn 0.262432 0.892269 -0.367405
vn -0.213241 -0.958570 0.188871
vn 0.457589 -0.853482 0.249361
vn -0.611239 0.603599 -0.511913
vn -0.415029 -0.138343 -0.899229
vn -0.329690 0.923133 -0.197814
vn 0.902860 0.257960 -0.343947
vn 0.383352 0.922791 -0.038710
vn 0.990519 0.113108 -0.077968
vn -0.140028 -0.140028 0.980196
vn 0.350991 0.931050 0.099755
vn 0.157329 0.912509 0.377590
vn 0.980581 0.196116 0.000000
vn 0.816980 0.163396 0.553033
vn 0.401832 -0.915713 -0.000000
vn 0.432641 -0.778754 -0.454273
vn 0.827837 0.177394 -0.532181
vn -0.701334 -0.127515 -0.701334
vn 0.693909 -0.333077 0.638397
vn 0.166440 0.745018 0.645946
vn 0.003443 -0.843515 -0.537095
vn -0.330175 -0.408463 -0.850966
vn -0.050411 -0.365480 -0.929453
vn -0.132891 -0.963461 -0.232559
vn -0.287234 -0.461827 -0.839174
vn 0.557675 -0.106224 -0.823235
vn -0.180473 0.609873 -0.771677
vn -0.406648 -0.563050 -0.719453
vn -0.024768 0.743066 0.668760
vn -0.984489 -0.166132 -0.056403
vn -0.922729 0.234592 -0.305839
vn 0.789441 -0.556406 -0.259220
vn -0.943387 0.300774 0.139843
vn -0.943718 0.087888 -0.318860
vn 0.976139 -0.023465 -0.215877
vn 0.949274 0.218792 0.225850
vn 0.589737 0.720564 0.364688
vn -0.032198 0.977637 0.207821
vn 0.396942 -0.869895 -0.292780
vn -0.763613 -0.309464 -0.566681
vn -0.521838 0.034789 0.852335
vn 0.357803 0.441290 -0.822946
vn -0.147460 0.310441 0.939086
vn 0.364325 0.688169 -0.627448
vn 0.548821 0.329293 -0.768350
vn 0.890847 0.171838 0.420552
vn -0.094034 0.039593 0.994781
vn 0.000000 0.159689 0.987167
vn -0.324443 0.811107 0.486664
vn 0.774691 0.629436 0.060523
vn -0.744026 -0.655918 -0.127268
vn -0.323062 0.944336 0.062127
vn 0.741850 0.655838 0.139769
vn 0.421345 0.567195 -0.707643
vn -0.859469 0.180589 -0.478226
vn -0.957911 0.019751 -0.286386
vn 0.206284 -0.928279 -0.309426
vn 0.548914 0.529310 -0.646934
vn -0.903713 0.271114 -0.331361
vn 0.741999 0.212000 -0.635999
vn 0.878459 0.473016 0.067574
vn -0.097010 -0.992482 0.074623
vn -0.089633 -0.995925 -0.009959
vn -0.220822 -0.903670 -0.366904
vn -0.447075 0.894151 -0.024837
vn 0.162904 -0.793636 0.586177
vn -0.447214 -0.894427 -0.000000
vn 0.645942 0.704664 0.293610
vn -0.174991 0.021874 0.984327
vn 0.466196 -0.834246 -0.294440
vn 0.534522 0.267261 0.801784
vn -0.304376 0.948640 -0.086240
vn 0.899438 0.224860 -0.374766
vn -0.400453 -0.248382 -0.882011
vn 0.421572 -0.895840 -0.140524
vn 0.904534 0.301511 -0.301512
vn 0.598220 -0.779563 -0.185511
vn 0.990452 0.123806 -0.060640
vn 0.227110 0.973329 0.032444
vn 0.992095 0.119052 0.039684
vn -0.039936 -0.039936 0.998404
vn 0.989949 0.141422 0.000000
vn -0.062257 -0.062257 0.996117
vn 0.242536 0.970142 0.000000
vn 0.052486 0.052486 -0.997241
vn 0.989949 0.141422 0.000000
vn 0.567601 -0.819218 0.081922
vn 0.988220 0.152034 0.017542
vn 0.833433 0.128220 0.537540
vn -0.988136 -0.141162 0.060498
vn 0.000000 0.995495 -0.094809
vn -0.995495 0.000000 0.094809
vn 0.000000 -0.000000 -1.000000
vn -0.995495 0.000000 0.094809
vn 0.315335 -0.946006 -0.075080
vn 0.000000 -0.000000 -1.000000
vn 0.170016 -0.885782 0.431840
vn -0.081135 0.964071 -0.252950
vn 0.328944 -0.867219 0.373801
vn 0.408274 -0.559279 0.721470
vn -0.220182 0.563765 -0.796046
vn 0.116863 -0.662226 0.740135
vn -0.380646 0.784598 -0.489402
vn 0.191366 0.371950 -0.908313
vn 0.738950 0.670819 -0.062889
vn -0.939312 -0.125111 -0.319436
vn 0.973378 0.034852 -0.226541
vn 0.995225 -0.017159 0.096091
vn 0.679846 -0.397571 0.616235
vn 0.804498 -0.538995 0.249534
vn 0.738874 0.642719 0.202431
vn 0.852506 0.195423 -0.484812
vn 0.262251 0.655629 -0.708079
vn -0.032703 -0.972896 0.228917
vn -0.200842 -0.678709 0.706411
vn 0.354925 0.433798 -0.828159
vn -0.241747 -0.080582 0.966988
vn -0.309426 0.618853 0.721995
vn 0.548821 0.329293 -0.768350
vn -0.323062 0.944336 0.062127
vn -0.309814 0.880526 0.358733
vn 0.748514 0.649572 0.133356
vn 0.328315 -0.790183 -0.517514
vn -0.800938 -0.061610 -0.595569
vn -0.919524 -0.295561 -0.259072
vn 0.578266 -0.484493 -0.656410
vn -0.844484 0.534840 -0.028149
vn 0.829978 -0.546571 0.111339
vn -0.106612 -0.991496 0.074629
vn 0.104542 0.052271 -0.993146
vn -0.179304 -0.983746 -0.009692
vn -0.957911 0.019751 -0.286386
vn -0.643982 0.764244 -0.034915
vn -0.145479 -0.931063 -0.334601
vn -0.412393 -0.907265 -0.082479
vn -0.457496 -0.762492 -0.457496
vn 0.942809 -0.329984 0.047140
vn 0.639602 -0.426402 0.639602
vn 0.000000 0.707107 -0.707107
vn 0.700140 0.700140 0.140027
vn 0.381000 -0.889001 -0.254000
vn -0.577350 -0.577351 -0.577350
vn -0.411688 0.862852 -0.293257
vn -0.446594 -0.855971 0.260513
vn -0.473749 -0.865106 0.164782
vn 0.303895 -0.949671 0.075974
vn 0.115176 -0.921413 0.371124
vn 0.323690 0.926304 0.192837
vn 0.947738 0.050847 0.314971
vn 0.470588 -0.882353 -0.000000
vn 0.606834 0.151709 0.780216
vn 0.902860 0.257960 -0.343947
vn 0.992095 0.119052 0.039684
vn -0.000000 -0.079745 0.996815
vn 0.585801 -0.768865 -0.256288
vn 0.374634 -0.655610 0.655610
vn 0.992095 0.119052 0.039684
vn 0.623984 -0.770805 -0.128467
vn 0.126234 0.018033 -0.991837
vn 0.989949 0.141422 0.000000
vn -0.988136 -0.141162 0.060498
vn 0.000000 0.995495 -0.094809
vn -0.244307 0.962858 -0.114968
vn -0.701334 -0.127515 -0.701334
vn 0.142404 0.783221 -0.605216
vn 0.949274 0.218792 0.225850
vn 0.838984 0.544093 0.008307
vn 0.713103 0.588267 0.381348
vn 0.987747 0.023150 0.154335
vn -0.787871 -0.615525 0.019697
vn 0.544823 0.783183 -0.299653
vn 0.584692 -0.710920 0.390804
vn 0.995225 -0.017159 0.096091
vn -0.198310 -0.963223 0.181313
vn 0.738874 0.642719 0.202431
vn 0.591863 -0.788910 -0.165289
vn -0.343962 0.790791 -0.506300
vn -0.943387 0.300774 0.139843
vn 0.819167 -0.194916 0.539420
vn 0.493852 -0.706948 0.506296
vn 0.433262 -0.681034 0.590320
vn 0.125907 -0.377720 0.917320
vn -0.801754 -0.183258 -0.568864
vn -0.602316 0.589502 0.538241
vn 0.147442 -0.442326 0.884652
vn -0.912871 0.182574 -0.365149
vn -0.534522 0.694879 0.481070
vn -0.878390 0.083656 0.470566
vn -0.561801 0.642058 0.521672
vn 0.852691 0.428961 0.298180
vn -0.399411 0.912169 0.091756
vn 0.790771 0.141558 0.595519
vn -0.490897 0.733706 0.469783
vn -0.123859 0.920102 0.371580
vn -0.421006 -0.261130 0.868657
vn 0.888808 0.218220 0.402990
vn -0.857603 0.513789 -0.023178
vn 0.092205 0.147528 0.984751
vn -0.369138 -0.147655 -0.917570
vn 0.876681 0.382143 0.292227
vn -0.928476 0.222835 -0.297113
vn -0.679441 -0.732769 -0.037527
vn -0.102463 -0.901675 -0.420099
vn 0.940466 0.107481 -0.322446
vn 0.942809 -0.329984 0.047140
vn -0.928476 0.222835 -0.297113
vn -1.000000 0.000000 0.000000
vn -0.118378 0.927290 -0.355133
vn -0.919524 -0.295561 -0.259072
vn 0.771493 -0.254029 -0.583325
vn -0.051549 -0.734567 -0.676575
vn -0.937325 -0.340158 0.075591
vn 1.000000 -0.000001 -0.000000
vn 0.942809 -0.329984 0.047140
vn 0.612018 -0.340011 0.714021
vn 0.284648 -0.954098 0.093126
vn -0.411476 0.874386 -0.257172
vn 0.426401 0.895443 0.127920
vn -0.061898 -0.866578 0.495188
vn 0.174545 0.195080 0.965131
vn -0.447214 -0.894427 -0.000000
vn 0.645942 0.704664 0.293610
vn 0.479326 -0.718988 -0.503292
vn 0.515325 -0.853967 0.071982
vn 0.972909 0.059393 0.223430
vn -0.988136 -0.141162 0.060498
vn -0.995495 0.000000 0.094809
vn 0.432641 -0.778754 -0.454273
vn 0.249984 -0.964940 -0.079995
vn -0.741738 -0.105963 -0.662266
vn 0.037988 0.987658 0.151948
vn 0.238278 -0.895925 0.374890
vn -0.214163 0.846590 -0.487256
vn 0.328944 -0.867219 0.373801
vn -0.070524 -0.717504 -0.692975
vn 0.595257 0.436521 0.674625
vn 0.024728 0.708501 0.705276
vn 0.339151 -0.532951 0.775203
vn 0.471078 -0.583239 0.661753
vn 0.827343 -0.119784 -0.548776
vn 0.281379 0.736319 -0.615353
vn 0.425803 -0.257585 -0.867377
vn 0.881193 0.034232 -0.471516
vn 0.748539 -0.499027 -0.436648
vn -0.019528 -0.995940 -0.087877
vn 0.418040 -0.905753 0.069673
vn 0.077850 -0.778499 0.622799
vn 0.266464 0.557299 -0.786393
vn 0.378545 0.129502 -0.916478
vn 0.817059 -0.148556 -0.557086
vn 0.232338 -0.848035 -0.476294
vn -0.206882 0.910280 0.358595
vn 0.787457 -0.594307 -0.163434
vn 0.062142 -0.994268 -0.086999
vn -0.000000 -0.894427 0.447214
vn 0.119802 -0.992650 0.017115
vn 0.789200 -0.447214 0.420907
vn 0.862943 -0.499599 0.075697
vn -0.308652 -0.840219 -0.445831
vn -0.362917 0.887531 -0.283866
vn -0.473749 -0.865106 0.164782
vn -0.101878 0.931457 0.349296
vn 0.667037 0.741909 0.068065
vn 0.286161 0.918099 -0.274237
vn -0.137961 0.911746 0.386892
vn 0.174545 0.195080 0.965131
vn 0.814613 0.543075 0.203653
vn 0.751305 0.208696 0.626088
vn 0.688247 0.688247 0.229416
vn 0.557086 0.371391 0.742781
vn 0.421455 0.905766 0.044309
vn 0.990320 0.091243 -0.104596
vn 0.990790 0.069989 0.115920
vn 0.980581 -0.000000 -0.196116
vn 0.249984 -0.964940 -0.079995
vn 0.000000 -0.000000 -1.000000
vn 0.000000 0.995495 -0.094809
vn 0.979330 0.089030 -0.181621
vn -0.244307 0.962858 -0.114968
vn 0.000000 -0.000000 -1.000000
vn 0.001734 -0.004595 0.999988
vn 0.688440 0.683487 0.242687
vn 0.835821 0.384630 0.391743
vn 0.643419 0.651538 0.401883
vn 0.945521 0.153462 0.287122
vn 0.843582 0.178888 0.506328
vn 0.518444 -0.850924 0.084529
vn 0.062980 -0.923710 -0.377881
vn 0.834574 -0.131453 -0.534983
vn 0.399193 -0.250656 -0.881939
vn -0.657161 0.613351 0.438109
vn -0.394899 0.908268 0.138214
vn -0.263443 0.949996 0.167646
vn -0.561801 0.642058 0.521672
vn 0.534602 -0.780481 -0.324114
vn 0.192529 -0.942379 -0.273594
vn -0.283825 -0.610113 0.739734
vn 0.182574 -0.365148 0.912871
vn 0.280591 -0.046765 -0.958687
vn -0.167575 0.349936 0.921663
vn 0.901095 -0.137123 -0.411370
vn 0.506690 0.801276 -0.318154
vn 0.957826 -0.287348 0.000000
vn -0.000000 -0.894427 0.447214
vn 0.033185 -0.210169 0.977102
vn 0.789200 -0.447214 0.420907
vn -0.172774 0.950255 0.259160
vn -0.456558 0.889582 -0.014120
vn 0.024938 0.900902 0.433306
vn -0.440849 0.865954 0.236169
vn -0.681724 0.730418 -0.041738
vn -0.008527 0.997634 0.068214
vn 0.071724 0.815856 -0.573789
vn 0.365008 0.922687 0.124167
vn 0.009583 0.977476 0.210828
vn -0.041046 -0.998782 0.027364
vn 0.450602 0.761362 0.466140
vn 0.446223 0.862698 -0.237986
vn 0.218038 0.890321 -0.399736
vn 0.059596 -0.854211 -0.516500
vn 0.381000 -0.889001 -0.254000
vn 0.614771 -0.783417 -0.091186
vn 0.989553 0.103950 -0.099900
vn 0.990336 0.072685 0.118113
vn 0.105959 -0.281697 0.953635
vn 0.411289 -0.911505 0.000000
vn 0.302865 -0.952617 -0.028173
vn 0.294936 -0.955517 0.000000
vn -0.537641 0.835266 -0.115209
vn 0.693909 -0.333077 0.638397
vn 0.060260 0.941554 0.331427
vn 0.548352 0.540168 0.638380
vn 0.207514 0.138343 0.968400
vn -0.068314 0.946052 0.316731
vn 0.825992 -0.292539 0.481829
vn 0.193060 -0.657835 0.727998
vn 0.419777 -0.907627 0.000000
vn 0.557675 -0.106224 -0.823235
vn -0.537431 0.179143 0.824061
vn 0.126879 0.581530 0.803570
vn 0.054900 0.658806 -0.750307
vn 0.444444 0.111111 0.888889
vn 0.700306 0.072332 0.710169
vn -0.175180 0.705331 0.686891
vn -0.000000 -0.894427 0.447213
vn 0.211038 0.052760 -0.976053
vn 0.423999 -0.847998 0.317999
vn 0.293825 0.495830 -0.817202
vn -0.395944 -0.091372 0.913717
vn 0.364325 0.688169 -0.627448
vn 0.548821 0.329293 -0.768350
vn 0.481544 0.240772 0.842701
vn 0.908270 0.291646 -0.299979
vn 0.895020 0.139847 0.423536
vn 0.953206 0.073324 -0.293294
vn 0.857493 -0.000000 0.514496
vn 0.834368 0.447710 0.321537
vn 0.787457 -0.594307 -0.163434
vn -0.240494 -0.915314 -0.323052
vn 0.429940 -0.902169 -0.035241
vn 0.198212 -0.941506 -0.272541
vn -0.153733 0.230599 0.960828
vn 0.479326 -0.718988 -0.503292
vn 0.557086 0.371391 0.742781
vn 0.722162 0.594692 0.353302
vn 0.975697 0.144293 0.164907
vn 0.454515 -0.875774 -0.162591
vn -0.952186 -0.010861 -0.305327
vn -0.731359 -0.436100 -0.524338
vn 0.019914 0.711927 0.701971
vn 0.838984 0.544093 0.008307
vn 0.949274 0.218792 0.225850
vn -0.770867 0.636316 -0.029433
vn -0.013752 0.962635 0.270454
vn -0.401090 0.908700 0.115724
vn 0.494492 0.812380 -0.309057
vn 0.380184 0.776209 -0.502951
vn -0.265084 0.949885 0.165677
vn -0.602316 0.589502 0.538241
vn -0.317038 0.792594 0.520847
vn -0.259159 0.950255 0.172775
vn -0.369430 0.923575 0.102619
vn 0.190364 0.640315 -0.744150
vn -0.035115 0.316033 -0.948098
vn 0.181584 -0.930617 0.317772
vn 0.476581 -0.278006 0.834017
vn -0.049907 -0.973177 -0.224579
vn -0.035115 0.316033 -0.948098
vn 0.418040 -0.905753 0.069673
vn 0.206689 0.974389 -0.088580
vn 0.476581 -0.278006 0.834017
vn 0.926283 0.334927 0.172697
vn 0.395265 -0.873934 -0.282850
vn 0.785048 0.075667 0.614796
vn 0.232338 -0.848035 -0.476294
vn 0.787457 -0.594307 -0.163434
vn -0.248922 -0.705279 0.663792
vn 0.423999 -0.847998 0.317999
vn 0.182574 -0.365148 0.912871
vn -0.096926 -0.807713 0.581554
vn 0.477917 -0.742479 0.469383
vn 0.309520 0.541660 -0.781538
vn 0.269630 -0.770371 0.577778
vn 0.508503 0.399538 -0.762754
vn -0.045437 0.186292 0.981443
vn 0.611593 0.786334 0.087370
vn -0.928476 0.222835 -0.297113
vn -0.580244 -0.811629 0.067636
vn -0.112194 0.934947 -0.336581
vn -0.940973 -0.014702 -0.338162
vn -0.679377 0.731906 0.052529
vn 0.188415 -0.916952 -0.351708
vn -0.744026 -0.655918 -0.127268
vn 0.747775 0.650461 0.133165
vn -0.844484 0.534840 -0.028149
vn 0.862943 -0.499599 0.075697
vn -0.239483 0.967262 0.083975
vn 0.018283 0.976281 0.215733
vn -0.015145 -0.917782 0.396797
vn 0.544823 0.783183 -0.299653
vn 0.995225 -0.017159 0.096091
vn 0.954476 -0.193878 0.226688
vn 0.671217 -0.695479 0.256472
vn -0.945519 0.077502 -0.316207
vn -0.611239 0.603599 -0.511913
vn 0.929209 0.192722 -0.315323
vn -0.000000 -1.000000 0.000000
vn -0.096926 -0.807713 0.581554
vn 0.534127 -0.628384 0.565546
vn 0.508632 -0.802074 -0.313004
vn 0.158652 -0.970216 -0.183060
vn 0.371390 -0.928477 0.000000
vn 0.807023 0.184566 -0.560936
vn -0.343758 0.716289 -0.607256
vn 0.109967 -0.989702 -0.091639
vn 0.453504 -0.291539 -0.842223
vn -0.312161 -0.457837 0.832431
vn -0.345834 -0.172917 0.922225
vn 0.398015 -0.199008 0.895533
vn 0.481544 0.240772 0.842701
vn 0.256442 -0.809086 0.528788
vn 0.928204 -0.363211 -0.080713
vn 0.960119 -0.268834 0.076809
vn -0.968973 -0.214859 -0.122175
vn -0.916856 0.070528 0.392938
vn -0.428832 0.173460 -0.886575
vn 0.935936 0.037189 0.350201
vn 0.234180 -0.230277 0.944527
vn 0.946167 -0.072782 0.315389
vn 0.350590 0.272681 0.895953
vn 0.957826 -0.287348 0.000000
vn 0.789352 0.613941 0.000000
vn 0.390934 -0.206965 0.896848
vn 0.876681 0.382143 0.292227
vn 0.763234 0.638734 0.097434
vn 0.957826 -0.287348 0.000000
vn 0.789200 -0.447214 0.420907
vn 0.891696 -0.450857 0.040076
vn -0.744026 -0.655918 -0.127268
vn -0.896726 0.010739 -0.442456
vn -0.844484 0.534840 -0.028149
vn -0.206400 -0.890100 -0.406350
vn -0.235702 -0.942809 0.235702
vn -0.473749 -0.865106 0.164782
vn 0.437445 -0.897913 0.048925
vn 0.173366 -0.757336 -0.629593
vn -0.720556 -0.692842 -0.027714
vn 0.103127 -0.979705 0.171878
vn -0.151176 0.987684 0.040314
vn 0.432014 -0.816026 0.384012
vn 0.413803 -0.910367 0.000000
vn 0.542830 0.824297 -0.160839
vn 0.059596 -0.854211 -0.516500
vn 0.413803 -0.910367 0.000000
vn 0.707107 0.707107 -0.000000
vn 0.133388 -0.781271 -0.609773
vn 0.087891 -0.988772 -0.120850
vn 0.814613 0.543075 0.203653
vn 0.557086 0.371391 0.742781
vn 0.178886 0.983870 0.000000
vn 0.128269 0.963583 0.234639
vn 0.992278 0.124034 0.000000
vn 0.833433 0.128220 0.537540
vn 0.178886 0.983870 0.000000
vn 0.987429 0.123428 -0.098743
vn -0.244307 0.962858 -0.114968
vn 0.142404 0.783221 -0.605216
vn 0.004761 0.010513 0.999933
vn 0.781052 -0.607485 0.144639
vn 0.652821 -0.507750 0.562152
vn -0.665452 0.602504 -0.440638
vn 0.936951 -0.278553 0.211025
vn 0.691173 -0.624615 0.363506
vn 0.877465 -0.479287 0.018434
vn -0.198310 -0.963223 0.181313
vn 0.990450 0.134646 0.029668
vn 0.963599 -0.246728 0.102965
vn 0.537242 -0.843380 0.009004
vn -0.237436 -0.691955 0.681779
vn 0.953190 0.066100 -0.295058
vn 0.724760 -0.532815 -0.436842
vn 0.232069 -0.660504 0.714058
vn 0.974092 -0.200767 0.104101
vn 0.894427 -0.268328 0.357771
vn 0.237453 -0.582839 0.777119
vn 0.773107 -0.632542 -0.046855
vn 0.151332 -0.375041 0.914573
vn 0.965540 -0.220695 0.137934
vn -0.609252 -0.784799 0.113589
vn 0.297177 0.798038 -0.524234
vn -0.610486 -0.473930 0.634584
vn -0.896143 0.192031 -0.400064
vn -0.630563 0.737274 0.242524
vn 0.260528 -0.775595 -0.574959
vn -0.618561 0.504616 0.602283
vn -0.952033 -0.043274 -0.302920
vn -0.421006 -0.261130 0.868657
vn 0.946167 -0.072782 0.315389
vn -0.989946 0.002773 -0.141421
vn -0.916856 0.070528 0.392938
vn 0.876681 0.382143 0.292227
vn -0.446986 -0.031927 -0.893971
vn -0.445868 0.033027 -0.894489
vn -0.373669 -0.101540 -0.921988
vn 0.951274 0.149982 0.269412
vn -0.490616 0.871021 -0.024886
vn 0.403690 0.894708 0.191135
vn -0.050805 0.959641 0.276602
vn -0.224231 0.971666 0.074744
vn 0.032966 -0.991335 0.127155
vn -0.000000 -1.000000 0.000000
vn -0.374797 0.865510 -0.332294
vn 0.448246 0.890435 0.078746
vn 0.751305 0.208696 0.626088
vn 0.301511 -0.301511 -0.904534
vn 0.617213 0.771517 0.154303
vn 0.228665 -0.971825 0.057166
vn -0.000000 -1.000000 -0.000000
vn 0.814613 0.543075 0.203653
vn 0.751305 0.208696 0.626088
vn 0.301511 -0.301511 -0.904534
vn 0.256158 0.512315 0.819705
vn 0.618554 0.195801 0.760955
vn 0.149760 0.173160 0.973441
vn 0.555707 -0.013778 0.831264
vn -0.073709 -0.460678 0.884502
vn 0.123797 0.061898 0.990375
vn 0.124498 0.003773 0.992213
vn 0.987747 0.023150 0.154335
vn -0.942105 -0.107701 -0.317551
vn 0.460048 -0.879503 0.121777
vn 0.992278 0.124034 0.000000
vn 0.843274 0.105409 0.527046
vn 0.465620 -0.884678 0.023281
vn 0.985158 0.097128 -0.141530
vn 0.432641 -0.778754 -0.454273
vn 0.216987 -0.972699 -0.082305
vn -0.006694 0.900351 0.435114
vn 0.245256 0.551826 -0.797081
vn 0.517316 0.729547 0.447376
vn 0.234258 0.970497 0.057088
vn 0.207514 0.138343 0.968400
vn 0.228728 0.808956 0.541547
vn 0.902273 -0.049895 0.428268
vn -0.617311 0.677099 -0.400580
vn 0.960859 -0.143897 0.236734
vn -0.164069 0.913080 -0.373317
vn 0.328944 -0.867219 0.373801
vn -0.070524 -0.717504 -0.692975
vn 0.066172 0.906549 0.416881
vn 0.434705 -0.849011 0.300354
vn -0.878802 -0.460106 -0.126529
vn 0.963599 -0.246728 0.102965
vn 0.197940 0.619569 -0.759575
vn -0.304055 -0.601904 0.738419
vn 0.534522 -0.267261 0.801784
vn 0.398015 -0.199008 0.895533
vn 0.918725 0.287564 -0.270649
vn 0.914978 0.212670 0.342910
vn -0.374347 -0.582592 0.721423
vn -0.899048 0.067853 -0.432561
vn 0.912769 -0.058351 0.404286
vn 0.144808 -0.244676 0.958731
vn 0.082006 0.936228 -0.341689
vn -0.913739 -0.403424 -0.048273
vn -0.899094 -0.069161 -0.432257
vn -0.916856 0.070528 0.392938
vn -0.919524 -0.295561 -0.259072
vn -0.421006 -0.261130 0.868657
vn -0.787881 0.614786 0.035813
vn 0.229690 -0.893927 -0.384885
vn -0.899620 0.160600 -0.406069
vn -0.271443 0.954732 0.121681
vn 0.004471 0.938867 0.344251
vn 0.000000 0.316229 -0.948683
vn -0.031892 -0.882345 -0.469521
vn 0.291593 -0.955220 -0.050275
vn 0.508081 -0.852318 0.124124
vn -0.562249 -0.822289 -0.087851
vn 0.573242 -0.764322 -0.295306
vn -0.216507 -0.900669 -0.376722
vn 0.409743 -0.904261 -0.120097
vn -0.046163 -0.761696 -0.646288
vn 0.452522 -0.891331 0.027426
vn 0.361462 0.762001 0.537308
vn 0.696055 0.696055 0.176110
vn 0.133388 -0.781271 -0.609773
vn 0.228665 -0.971825 0.057166
vn 0.623961 -0.177010 0.761144
vn 0.321942 -0.505909 0.800256
vn 0.235926 -0.249281 0.939254
vn -0.984489 -0.166132 -0.056403
vn -0.922729 0.234592 -0.305839
vn 0.668366 -0.743091 -0.033211
vn 0.990450 0.134646 0.029668
vn -0.903227 0.415702 -0.106646
vn 0.838984 0.544093 0.008307
vn 0.987292 -0.064389 0.145287
vn 0.113537 0.245239 0.962791
vn 0.355995 0.934488 0.000000
vn 0.220973 0.598764 -0.769839
vn 0.490461 0.871463 0.000000
vn 0.335909 -0.940546 -0.050386
vn 0.652821 -0.507750 0.562152
vn -0.456807 0.805122 -0.378293
vn -0.245256 -0.306570 -0.919709
vn 0.023792 0.921933 0.386617
vn -0.156099 -0.926840 -0.341468
vn -0.021099 -0.753528 -0.657077
vn 0.018253 0.764956 0.643824
vn 0.963518 -0.160586 -0.214115
vn -0.387783 0.853123 0.349005
vn -0.734195 -0.556208 0.389346
vn 0.452898 -0.754829 0.474464
vn 0.864257 -0.162831 0.475968
vn -0.537431 0.179143 0.824061
vn 0.412953 0.888472 -0.200219
vn 0.126879 0.581530 0.803570
vn -0.077931 0.828018 0.555259
vn 0.322600 0.881771 -0.344106
vn 0.968496 0.176090 -0.176090
vn 0.000000 -0.000000 1.000000
vn -0.577350 0.577351 0.577350
vn -0.099633 0.728742 0.677502
vn -0.123091 -0.861640 0.492366
vn 0.423999 -0.847998 0.317999
vn 0.306561 0.613121 -0.728082
vn 0.182574 -0.365148 0.912871
vn 0.809367 0.180703 -0.558813
vn -0.137537 -0.611275 0.779376
vn 0.928204 -0.363211 -0.080713
vn 0.964310 -0.237714 0.116614
vn 0.453504 -0.291539 -0.842223
vn 0.287286 -0.196564 0.937459
vn 0.894427 0.357771 -0.268328
vn 0.611593 0.786334 0.087370
vn 0.200614 0.417945 -0.886045
vn 0.418040 -0.069673 -0.905753
vn -0.037743 0.188713 0.981307
vn 0.975660 0.147123 -0.162610
vn 0.978439 0.132221 0.158666
vn -0.618561 0.504616 0.602283
vn -0.287810 0.607208 0.740583
vn -0.941224 0.057392 -0.332872
vn 0.573242 -0.764322 -0.295306
vn -0.201460 -0.884673 -0.420438
vn -0.499722 0.799556 -0.333148
vn 0.271315 0.622428 0.734146
vn 0.742661 0.316920 0.589929
vn -0.787871 -0.615525 0.019697
vn -0.984489 -0.166132 -0.056403
vn 0.954476 -0.193878 0.226688
vn -0.198310 -0.963223 0.181313
vn -0.944192 0.085220 -0.318182
vn 0.990450 0.134646 0.029668
vn 0.061073 0.977153 0.203574
vn -0.409995 0.907847 -0.087856
vn 0.452898 -0.754829 0.474464
vn 0.781052 -0.607485 0.144639
vn 0.963518 -0.160586 -0.214115
vn -0.387783 0.853123 0.349005
vn 0.952028 -0.263454 0.155677
vn -0.577263 -0.810625 -0.098258
vn -0.485947 -0.756689 0.437352
vn 0.267634 -0.673021 0.689503
vn 0.235463 -0.627902 -0.741819
vn 0.192052 -0.634352 0.748808
vn 0.598409 0.706615 0.377626
vn 0.937714 0.140144 0.317888
vn 0.468187 0.858343 -0.209877
vn -0.263443 0.949996 0.167646
vn -0.369430 0.923575 0.102619
vn 0.450652 -0.864418 -0.222921
vn -0.527046 -0.421637 -0.737865
vn 0.104828 -0.314486 0.943456
vn 0.022571 -0.473979 0.880247
vn 0.300897 0.947824 0.105314
vn 0.097945 0.803150 0.587671
vn -0.369430 0.923575 0.102619
vn 0.405995 -0.866337 -0.290910
vn 0.790550 -0.022538 0.611983
vn 0.443383 -0.812869 0.377697
vn 0.513770 -0.414968 0.750894
vn 0.370504 -0.339629 0.864511
vn 0.269630 -0.770371 0.577778
vn 0.894427 0.357771 -0.268328
vn 0.534522 -0.267261 0.801784
vn -0.164260 0.041065 0.985562
vn 0.269630 -0.770371 0.577778
vn 0.508503 0.399538 -0.762754
vn 0.364325 0.688169 -0.627448
vn 0.894427 0.357771 -0.268328
vn 0.611593 0.786334 0.087370
vn 0.398015 -0.199008 0.895533
vn 0.481544 0.240772 0.842701
vn 0.372873 0.656112 -0.656112
vn -0.920583 0.011653 -0.390374
vn 0.287906 -0.620597 -0.729362
vn -0.943218 0.107184 -0.314406
vn 0.908403 0.024551 0.417374
vn -0.627492 0.778616 -0.003285
vn 0.416945 0.856341 0.304691
vn -0.019498 -0.994387 0.103988
vn -0.048137 0.749570 -0.660172
vn -0.046567 0.946875 -0.318212
vn 0.180207 0.981129 0.070081
vn -0.027227 -0.871252 0.490080
vn 0.104542 0.052271 -0.993146
vn -0.405835 0.901857 -0.148162
vn 0.179664 -0.975321 0.128332
vn 0.206755 0.875101 0.437551
vn 0.454220 0.746219 0.486664
vn -0.044495 -0.949216 -0.311462
vn 0.070278 -0.960461 0.269398
vn 0.374134 -0.925491 0.059074
vn 0.447921 0.887547 0.107833
vn 0.355802 -0.769694 0.530072
vn 0.447549 -0.760834 0.469927
vn 0.412953 0.888472 -0.200219
vn 0.197424 0.801781 0.564067
vn 0.919043 0.167099 0.356984
vn 0.968496 0.176090 -0.176090
vn -0.153809 0.941224 0.300732
vn 0.557675 -0.106224 -0.823235
vn -0.537431 0.179143 0.824061
vn 0.000000 -0.000000 1.000000
vn -0.436798 0.628375 -0.643702
vn -0.220182 0.563765 -0.796046
vn 0.240196 -0.688203 0.684604
vn -0.026820 -0.992328 -0.120689
vn 0.539164 -0.646996 0.539164
vn 0.127982 0.671904 -0.729496
vn 0.206689 0.974389 -0.088580
vn 0.951260 -0.030686 -0.306858
vn 0.644667 -0.638089 -0.421007
vn 0.773107 -0.632542 -0.046855
vn 0.946513 -0.292968 0.135216
vn 0.453504 -0.291539 -0.842223
vn -0.140525 -0.815044 0.562099
vn 0.534522 -0.267261 0.801784
vn 0.371391 0.742781 -0.557086
vn 0.508503 0.399538 -0.762754
vn 0.965414 0.103916 -0.239119
vn 0.955726 0.076859 0.284044
vn -0.537722 0.511169 -0.670493
vn -0.724806 0.277132 -0.630757
vn -0.878380 -0.477715 0.015410
vn -0.412123 0.272001 -0.869580
vn 0.955414 0.163785 0.245678
vn 0.454253 -0.872737 0.178840
vn -0.566529 -0.824042 -0.000000
vn -0.242867 -0.870972 -0.427111
vn -0.372881 0.915254 -0.152542
vn 0.193548 0.967742 -0.161290
vn 0.070678 0.972857 0.220348
vn -0.486664 0.843552 -0.227110
vn 0.450602 0.761362 0.466140
vn 0.245512 0.695618 0.675159
vn -0.342714 0.902144 -0.262075
vn -0.366813 0.815139 -0.448327
vn 0.360784 0.922937 0.134245
vn 0.121710 0.973679 -0.192707
vn 0.771899 -0.239685 0.588832
vn 0.336557 -0.629334 0.700477
vn 0.865281 0.325813 0.380965
vn 0.878159 0.402049 0.259216
vn -0.250129 -0.578423 0.776442
vn -0.916322 -0.146611 -0.372638
vn -0.787881 0.614786 0.035813
vn -0.711032 -0.210305 -0.670974
vn -0.781404 0.613960 0.111629
vn -0.480148 -0.532848 -0.696801
vn -0.365148 -0.182574 -0.912871
vn -0.824600 0.441750 0.353400
vn 0.269069 -0.874475 0.403604
vn 0.523899 -0.819187 0.233373
vn -0.770867 0.636316 -0.029433
vn -0.922729 0.234592 -0.305839
vn 0.877465 -0.479287 0.018434
vn -0.703038 -0.693622 0.156928
vn -0.109466 0.927588 0.357208
vn -0.119436 0.798730 0.589716
vn -0.411922 0.910805 -0.027461
vn 0.902273 -0.049895 0.428268
vn 0.968496 0.176090 -0.176090
vn 0.216381 -0.821631 -0.527353
vn 0.499401 -0.832335 -0.240452
vn 0.054973 -0.177136 0.982650
vn 0.279666 -0.611769 0.739950
vn 0.526878 0.812653 0.248986
vn 0.937714 0.140144 0.317888
vn 0.823306 -0.566691 0.032077
vn 0.771710 -0.409623 0.486491
vn 0.553819 -0.691658 0.463567
vn 0.845422 -0.388150 0.366881
vn 0.582837 -0.739754 0.336252
vn 0.298842 0.548893 -0.780647
vn -0.918028 -0.204006 -0.340010
vn -0.160248 0.536002 0.828868
vn -0.873296 0.374270 -0.311891
vn -0.931074 0.179867 -0.317411
vn 0.955165 0.083542 -0.284043
vn 0.924645 0.044131 0.378264
vn 0.773107 -0.632542 -0.046855
vn 0.573242 -0.764322 -0.295306
vn -0.065233 0.978492 0.195698
vn -0.458112 0.860696 -0.222115
vn 0.175243 -0.832405 -0.525730
vn 0.109793 -0.980823 0.161031
vn 0.293294 -0.806559 0.513265
vn 0.175274 -0.976527 0.125196
vn 0.432014 -0.816026 0.384012
vn 0.413890 -0.903564 -0.110759
vn 0.396973 0.749838 0.529297
vn 0.441735 0.759784 0.477074
vn 0.297683 0.764976 0.571136
vn 0.757279 0.312091 0.573696
vn 0.716542 0.650767 0.251138
vn 0.933596 -0.356218 0.038829
vn -0.779844 -0.625055 0.033906
vn 0.963599 -0.246728 0.102965
vn 0.164912 0.893998 0.416620
vn -0.189997 -0.906339 -0.377427
vn 0.781052 -0.607485 0.144639
vn 0.335909 -0.940546 -0.050386
vn 0.652821 -0.507750 0.562152
vn 0.963518 -0.160586 -0.214115
vn -0.197133 -0.167563 0.965951
vn 0.840339 -0.395454 -0.370738
vn 0.548197 -0.807870 0.216394
vn -0.734195 -0.556208 0.389346
vn -0.325380 -0.041985 -0.944651
vn 0.031608 -0.821782 -0.568925
vn -0.616382 0.679475 -0.397979
vn 0.762001 -0.127000 0.635001
vn 0.134568 -0.089712 0.986835
vn 0.223862 -0.773342 0.593150
vn 0.163732 -0.959005 -0.231305
vn 0.490647 -0.817745 0.300930
vn 0.476336 0.819299 -0.319145
vn 0.844174 -0.127866 -0.520596
vn 0.378653 0.779256 -0.499382
vn 0.487945 -0.738888 0.464709
vn -0.102845 0.731345 -0.674209
vn 0.254219 -0.568255 -0.782597
vn -0.881925 0.387186 -0.268879
vn -0.940721 0.188144 -0.282216
vn 0.282990 -0.679827 0.676574
vn -0.824163 -0.549442 0.137361
vn 0.979235 0.120257 0.163206
vn 0.454071 -0.867599 0.202710
vn 0.231310 -0.855849 0.462621
vn 0.302630 0.800708 -0.516993
vn -0.593732 -0.763370 0.254457
vn 0.974315 0.124912 0.187368
vn -0.598332 -0.790030 0.133608
vn -0.459533 -0.614227 0.641526
vn 0.914208 0.035618 0.403676
vn -0.671440 0.721798 0.167860
vn -0.618561 0.504616 0.602283
vn -0.318822 0.727314 0.607755
vn 0.633701 0.374460 0.676907
vn -0.064695 -0.973429 -0.219661
vn 0.450602 0.761362 0.466140
vn 0.245512 0.695618 0.675159
vn 0.240360 0.749958 0.616271
vn 0.525435 0.716502 0.458851
vn 0.538041 -0.841348 0.051430
vn 0.860949 -0.129354 -0.491971
vn 0.203302 0.529287 -0.823725
vn 0.513770 -0.414968 0.750894
vn 0.245399 -0.089980 0.965237
vn 0.298163 0.643761 0.704749
vn -0.809381 0.585737 0.042599
vn -0.824600 0.441750 0.353400
vn 0.954495 -0.023472 0.297302
vn 0.270806 0.824727 0.496477
vn -0.487680 0.847635 0.209006
vn 0.266407 -0.788346 -0.554561
vn 0.414461 0.843463 0.341748
vn -0.824600 0.441750 0.353400
vn 0.396145 0.910541 0.118252
vn 0.551320 -0.768233 0.325369
vn 0.080489 0.871953 0.482928
vn 0.199775 -0.664659 0.719943
vn -0.380646 0.784598 -0.489402
vn 0.568719 -0.376684 0.731210
vn 0.000000 0.874157 0.485643
vn 0.000000 -0.000000 1.000000
vn 0.275974 0.607142 -0.745129
vn 0.310233 0.563016 0.766008
vn 0.076565 -0.167855 0.982834
vn 0.357433 -0.933939 0.000000
vn 0.357433 -0.933939 0.000000
vn 0.000000 -0.000000 -1.000000
vn -0.551825 0.674453 0.490511
vn -0.024273 -0.768658 -0.639200
vn -0.577350 0.577350 0.577350
vn -0.371391 0.557086 0.742781
vn 0.458496 -0.802369 0.382080
vn 0.092038 0.699489 -0.708692
vn 0.513770 -0.414968 0.750894
vn 0.972691 0.187712 0.136518
vn 0.367659 0.697520 -0.615055
vn 0.980826 0.128332 0.146666
vn -0.258991 -0.658268 0.706829
vn -0.012379 0.965542 0.259954
vn -0.046163 -0.761696 -0.646288
vn 0.473503 0.724181 0.501356
vn -0.109079 -0.927173 -0.358403
vn 0.121710 0.973679 -0.192707
vn -0.033860 0.893066 0.448650
vn -0.532449 0.842013 -0.086678
vn 0.720833 -0.194070 0.665384
vn -0.162601 0.985461 0.049273
vn 0.293294 -0.806559 0.513265
vn -0.046567 0.946875 -0.318212
vn -0.405835 0.901857 -0.148162
vn 0.432014 -0.816026 0.384012
vn 0.762938 0.623274 0.171626
vn 0.418021 -0.899740 0.125406
vn 0.902843 -0.266163 0.337687
vn 0.358693 -0.756452 0.546918
vn 0.728681 0.020171 0.684556
vn 0.644865 0.668993 0.369591
vn -0.013752 0.962635 0.270454
vn 0.799387 0.429385 0.420249
vn 0.350848 0.864881 0.359007
vn 0.349417 -0.880015 -0.321686
vn 0.942685 0.328470 0.058751
vn -0.557086 0.742781 0.371391
vn -0.406810 0.894982 0.183065
vn -0.106360 0.926455 0.361066
vn -0.201465 0.978544 -0.043171
vn -0.124536 0.669020 -0.732737
vn -0.436798 0.628375 -0.643702
vn 0.334997 -0.716201 0.612236
vn -0.423999 0.317999 0.847998
vn -0.074744 -0.224231 -0.971666
vn -0.175243 -0.525730 -0.832405
vn -0.371391 0.557086 0.742781
vn -0.683486 0.683486 0.256307
vn -0.639602 0.639602 0.426401
vn -0.551825 0.674453 0.490511
vn 0.060409 -0.943887 -0.324697
vn 0.583333 0.809002 -0.072384
vn 0.777778 0.444444 0.444444
vn 0.435177 0.663925 0.608132
vn 0.835634 -0.046616 0.547306
vn 0.417948 0.557265 0.717478
vn -0.222343 -0.675113 0.703411
vn -0.893921 -0.258483 -0.366185
vn -0.770593 -0.481621 -0.417405
vn 0.966454 -0.169130 0.193290
vn 0.284433 -0.676318 -0.679479
vn 0.972018 -0.101906 0.211649
vn -0.333333 0.666667 0.666667
vn 0.335909 -0.940546 -0.050386
vn -0.440198 0.836551 -0.326202
vn 0.833429 -0.399351 -0.381988
vn 0.452898 -0.754829 0.474464
vn 0.591139 -0.394092 0.703737
vn 0.223593 -0.934811 -0.275924
vn -0.577263 -0.810625 -0.098258
vn 0.313342 0.061140 0.947670
vn -0.574696 0.287348 0.766261
vn 0.248788 -0.093296 -0.964054
vn 0.600404 0.771948 -0.208836
vn 0.914356 -0.067611 -0.399226
vn 0.616544 -0.769587 -0.166161
vn 0.904787 -0.083519 -0.417594
vn 0.508215 -0.816133 -0.275034
vn 0.892376 -0.228814 0.388985
vn 0.205857 0.617571 -0.759098
vn -0.889001 -0.254000 -0.381000
vn -0.783419 -0.538601 -0.310103
vn -0.537722 0.511169 -0.670493
vn -0.826656 -0.556254 0.084983
vn -0.542549 0.401487 -0.737868
vn -0.786163 -0.060065 -0.615093
vn -0.369138 -0.147655 -0.917570
vn -0.840998 0.121273 -0.527272
vn -0.435444 0.129636 -0.890833
vn -0.107662 0.823296 0.557308
vn -0.008483 -0.692801 -0.721079
vn 0.415029 -0.899229 -0.138343
vn -0.271607 -0.633750 -0.724286
vn 0.454220 0.746219 0.486664
vn -0.118795 -0.888911 0.442408
vn 0.175274 -0.976527 0.125196
vn 0.586979 0.797643 0.138642
vn 0.255602 0.943760 0.209725
vn 0.725453 -0.684109 -0.075582
vn -0.047204 0.995279 0.084807
vn 0.942685 0.328470 0.058751
vn 0.270011 -0.939491 0.210831
vn -0.129072 -0.961086 0.244243
vn -0.878990 -0.462837 -0.114709
vn 0.833429 -0.399351 -0.381988
vn 0.521877 -0.839097 0.153494
vn 0.459690 -0.721681 0.517553
vn -0.387783 0.853123 0.349005
vn -0.162882 -0.333908 0.928426
vn 0.435340 -0.656360 0.616174
vn -0.734195 -0.556208 0.389346
vn -0.485947 -0.756689 0.437352
vn -0.245256 -0.306570 -0.919709
vn 0.196892 0.887246 0.417166
vn 0.066838 -0.751928 -0.655848
vn 0.459532 0.668409 0.584859
vn 0.123319 0.779995 0.613514
vn -0.330175 -0.408463 -0.850966
vn 0.339151 -0.532951 0.775203
vn -0.287234 -0.461827 -0.839174
vn 0.090461 0.166886 0.981818
vn 0.230546 0.587344 0.775806
vn 0.916617 0.089891 0.389528
vn 0.843043 0.462962 0.273759
vn -0.683486 0.256308 0.683486
vn -0.000000 -0.110432 0.993884
vn 0.771517 0.154303 0.617213
vn -0.534522 0.267261 0.801784
vn 0.857480 0.304267 0.414910
vn -0.577350 0.577350 0.577350
vn -0.371391 0.557086 0.742781
vn 0.816497 0.571548 0.081650
vn -0.639602 0.639602 0.426401
vn -0.551825 0.674453 0.490511
vn 0.904534 0.301511 0.301511
vn -0.577350 0.577350 0.577350
vn -0.699557 0.699557 0.145741
vn 0.067116 -0.939618 0.335578
vn -0.023636 -0.992711 -0.118180
vn -0.521603 -0.383462 -0.762160
vn -0.759683 0.625012 0.179561
vn -0.480148 -0.532848 -0.696801
vn -0.144032 0.641970 0.753080
vn -0.856660 0.451694 -0.249210
vn 0.965834 0.231800 0.115900
vn 0.920027 0.350486 0.175243
vn 0.312348 0.578761 -0.753309
vn 0.894267 0.327171 0.305360
vn 0.963624 0.222374 0.148250
vn 0.920027 0.350486 0.175243
vn -0.263113 -0.574322 0.775194
vn -0.826201 -0.008047 -0.563319
vn -0.446986 0.031928 -0.893971
vn -0.000001 -0.957826 -0.287349
vn -0.366813 0.815139 -0.448327
vn 0.000001 0.970143 -0.242535
vn 0.486629 -0.864016 0.129106
vn 0.667982 -0.741514 0.062900
vn 0.549009 0.432008 0.715512
vn -0.532449 0.842013 -0.086678
vn 0.245512 0.695618 0.675159
vn 0.627971 -0.778231 0.002835
vn 0.940202 -0.305960 0.149697
vn -0.610156 -0.766136 0.201856
vn 0.083189 0.989947 0.114385
vn 0.942685 0.328470 0.058751
vn -0.077931 0.828018 0.555259
vn -0.406810 0.894982 0.183065
vn 0.448430 -0.735056 0.508530
vn 0.214339 -0.944006 -0.250823
vn -0.577263 -0.810625 -0.098258
vn -0.485947 -0.756689 0.437352
vn 0.272242 0.674645 -0.686104
vn 0.561148 0.783269 -0.267585
vn 0.397370 -0.852505 0.339606
vn 0.850571 -0.395534 0.346529
vn -0.130058 -0.963130 0.235510
vn 0.875024 -0.135101 0.464845
vn 0.820959 0.498439 0.278540
vn 0.112822 -0.817957 0.564108
vn -0.523524 0.660096 -0.538699
vn -0.249653 0.848822 0.466020
vn 0.521958 -0.724942 -0.449464
vn 0.447214 -0.000000 -0.894427
vn -0.000000 -0.110432 0.993884
vn 0.169944 -0.127458 -0.977176
vn 0.000000 -0.000000 1.000000
vn -0.055882 -0.596078 -0.800980
vn 0.808122 0.303046 0.505076
vn 0.008817 0.793576 -0.608408
vn -0.481330 -0.653234 0.584472
vn 0.880830 0.469776 -0.058722
vn -0.036986 -0.776713 -0.628768
vn 0.868115 0.333890 0.367279
vn 0.763885 0.645352 -0.000000
vn -0.683486 0.683486 0.256307
vn -0.639602 0.639602 0.426401
vn 0.181858 -0.648363 -0.739292
vn -0.820283 0.511575 -0.255787
vn 0.929090 -0.223339 0.294807
vn -0.217493 0.569488 0.792704
vn -0.071506 0.723643 -0.686460
vn -0.071270 -0.874671 0.479449
vn -0.454625 0.885678 0.094293
vn 0.006361 0.941435 0.337135
vn 0.350848 0.864881 0.359007
vn -0.578409 0.706945 -0.407029
vn 0.816497 -0.408248 -0.408248
vn 0.447213 -0.894427 0.000000
vn 0.459532 0.668409 0.584859
vn 0.003443 -0.843515 -0.537095
vn -0.003541 0.707102 0.707102
vn 0.283401 0.724979 0.627766
vn 0.219733 0.936753 -0.272417
vn 0.561816 0.764069 -0.317114
vn 0.112822 -0.817957 0.564108
vn -0.515863 0.670622 -0.533059
vn 0.695100 -0.687290 0.210873
vn -0.456541 0.197834 -0.867428
vn 0.257130 -0.064282 0.964237
vn -0.436435 0.218218 -0.872872
vn -0.642626 0.760660 0.091804
vn 0.203578 -0.476954 -0.855027
vn -0.497468 0.710669 0.497468
vn -0.678280 0.282617 0.678280
vn 0.173990 -0.515757 -0.838882
vn -0.249653 0.848822 0.466020
vn 0.521958 -0.724942 -0.449464
vn -0.534522 -0.267261 0.801784
vn 0.000000 0.196116 -0.980581
vn 0.000000 0.624695 -0.780869
vn -0.577350 -0.577350 0.577350
vn -0.724516 -0.635800 0.266149
vn 0.060409 0.943887 -0.324697
vn -0.441128 -0.735215 0.514650
vn -0.814528 0.576576 -0.064064
vn 0.047933 -0.862786 0.503292
vn 0.818353 -0.540114 -0.196405
vn 0.942345 -0.022260 -0.333902
vn 0.919662 -0.152070 0.362072
vn 0.823406 0.562007 -0.078420
vn 0.960782 0.054384 -0.271919
vn 0.873986 0.241100 0.421924
vn 0.283339 -0.664190 0.691788
vn -0.822918 -0.562898 0.077148
vn 0.891727 -0.246648 0.379458
vn 0.260775 -0.580091 -0.771681
vn 0.677334 -0.706063 0.206626
vn 0.199007 -0.895533 0.398015
vn 0.817360 -0.430825 0.382508
vn 0.246594 0.857209 0.452089
vn 0.793726 0.426188 0.434008
vn 0.634322 0.725862 0.266006
vn -0.366813 0.815139 -0.448327
vn 0.305044 0.928395 0.212204
vn 0.601198 -0.770550 0.211690
vn 0.574809 0.372412 0.728632
vn -0.134414 -0.819922 -0.556472
vn 0.660095 -0.297340 0.689829
vn 0.293294 -0.806559 0.513265
vn -0.198728 -0.905318 0.375376
vn 0.167093 -0.978690 0.119352
vn 0.031608 -0.821782 -0.568925
vn 0.313342 0.061140 0.947670
vn 0.569803 -0.045584 0.820516
vn 0.687693 0.661324 0.299547
vn 0.914668 0.222475 0.337472
vn -0.050532 0.037899 0.998003
vn -0.436435 0.218218 -0.872872
vn -0.431934 -0.259160 -0.863869
vn -0.619930 -0.221404 0.752773
vn 0.305304 0.067845 -0.949835
vn -0.666667 0.333334 0.666667
vn 0.447214 -0.000000 -0.894427
vn -0.000000 -0.242536 0.970142
vn 0.775203 0.629852 0.048450
vn 0.051900 -0.908249 -0.415199
vn 0.725778 0.617454 -0.303310
vn -0.752207 0.658181 0.031342
vn 0.859972 -0.042766 0.508546
vn 0.882655 0.383615 0.271586
vn 0.068775 0.180344 0.981196
vn 0.468594 0.883414 0.000000
vn 0.000000 -0.000000 -1.000000
vn 0.359492 0.933148 0.000000
vn -0.203594 0.152696 0.967075
vn -0.431934 -0.259160 -0.863869
vn -0.295656 -0.354787 -0.886969
vn 0.000000 0.707107 0.707107
vn -0.203859 -0.764471 -0.611577
vn -0.420201 -0.854893 0.304284
vn 0.291462 0.793425 0.534347
vn -0.514496 -0.685994 -0.514496
vn -0.577350 -0.577350 -0.577350
vn 0.617472 0.728617 -0.296387
vn -0.696311 -0.174078 0.696311
vn 1.000000 -0.000000 0.000000
vn 0.000000 0.110432 0.993884
vn 0.240007 0.144005 -0.960031
vn 0.023447 0.633064 -0.773745
vn 0.996116 -0.062258 -0.062258
vn 0.000000 -0.000000 1.000000
vn -0.592349 -0.236940 0.770054
vn 0.993304 -0.064084 -0.096127
vn -0.511101 -0.574989 0.638877
vn -0.010894 0.915100 0.403080
vn -0.716940 -0.686215 0.122904
vn -0.023636 0.992711 -0.118180
vn 0.655610 0.655610 -0.374634
vn -0.842813 0.529208 -0.098001
vn 0.550707 0.535824 -0.640011
vn 0.309097 0.632613 0.710113
vn -0.773482 0.616695 0.146334
vn 0.920027 0.350486 0.175243
vn -0.170083 -0.729564 0.662426
vn 0.830291 0.455320 0.321404
vn 0.894267 0.327171 0.305360
vn 0.689867 -0.168947 0.703946
vn -0.095328 0.753961 -0.649966
vn -0.405835 0.901857 -0.148162
vn 0.942726 0.075918 0.324813
vn 0.751789 0.612527 0.244180
vn 0.764736 -0.633690 0.116685
vn 0.235317 0.049024 0.970682
vn -0.442326 -0.147442 -0.884652
vn -0.360505 -0.240336 -0.901263
vn 0.687325 0.670960 0.278203
vn 0.291462 0.793425 0.534347
vn -0.514496 -0.685994 -0.514496
vn -0.707107 -0.707107 -0.000000
vn -0.420201 -0.854893 0.304284
vn 0.617472 0.728617 -0.296387
vn -0.529412 -0.705882 0.470588
vn -0.698808 -0.220676 0.680418
vn 0.184852 0.501740 -0.845036
vn -0.724286 0.344036 0.597536
vn 0.259730 -0.660377 -0.704587
vn 0.447213 -0.000000 -0.894428
vn 0.000000 0.110432 0.993884
vn -0.037973 0.778450 -0.626557
vn 0.981209 -0.095728 -0.167524
vn -0.724286 -0.633751 0.271607
vn 0.795557 -0.556890 0.238667
vn 0.975900 -0.097590 -0.195180
vn -0.459531 -0.668410 0.584859
vn -0.709828 -0.648986 0.273791
vn 0.778168 -0.627555 0.025102
vn 0.750710 0.633412 -0.187678
vn 0.067116 -0.939618 0.335578
vn 0.058242 -0.978466 -0.198023
vn -0.902652 0.429834 -0.021492
vn -0.032791 -0.655826 0.754200
vn -0.569803 -0.683763 -0.455842
vn 0.230977 0.840757 -0.489671
vn -0.670402 -0.703921 -0.234641
vn -0.051162 -0.818596 0.572087
vn -0.712255 -0.634352 -0.300483
vn -0.537722 0.511169 -0.670493
vn 0.180770 -0.974742 -0.131147
vn -0.718244 0.174248 -0.673619
vn -0.286478 0.558265 -0.778633
vn -0.497018 0.447765 -0.743289
vn 0.283926 0.659441 -0.696077
vn 0.830291 0.455320 0.321404
vn 0.894267 0.327171 0.305360
vn 0.810836 0.484499 0.328338
vn 0.930183 0.128665 0.343809
vn 0.816497 0.408248 0.408248
vn 0.827387 -0.561358 0.017579
vn 0.469682 0.295229 0.832009
vn -0.236145 0.082651 0.968196
vn 0.444323 -0.888646 0.113513
vn 0.432722 0.149486 0.889047
vn 0.209809 -0.796039 0.567717
vn -0.430367 0.729233 -0.531981
vn 0.030166 0.593272 -0.804437
vn -0.436798 0.628375 -0.643702
vn -0.220182 0.563765 -0.796046
vn -0.380646 0.784598 -0.489402
vn 0.568719 -0.376684 0.731210
vn -0.317493 0.732178 -0.602589
vn -0.445064 0.706864 -0.549783
vn 0.325321 -0.702009 0.633521
vn 0.850031 -0.400972 0.341568
vn 0.506332 -0.782832 0.361666
vn -0.058026 -0.023210 0.998045
vn -0.371338 0.016879 -0.928344
vn -0.696311 -0.174078 0.696311
vn 0.444444 -0.111111 -0.888889
vn 0.000000 0.242536 0.970142
vn -0.007403 0.836555 0.547833
vn -0.763427 -0.623776 -0.167581
vn -0.895260 0.442104 -0.055263
vn 0.596285 0.298142 -0.745356
vn 0.534522 0.481070 -0.694879
vn 0.842634 -0.359661 0.400765
vn -0.098027 0.677664 0.728809
vn 0.972973 0.194595 0.124324
vn 0.862841 0.471185 0.183001
vn 0.864371 -0.487405 0.123692
vn 0.963121 -0.244374 0.112604
vn -0.456541 0.197834 -0.867428
vn -0.436435 0.218218 -0.872872
vn 0.873390 -0.160888 -0.459679
vn -0.295656 -0.354787 -0.886969
vn -0.431934 -0.259160 -0.863869
vn 0.829561 -0.207391 -0.518476
vn -0.295656 -0.354787 -0.886969
vn -0.039014 -0.780274 -0.624219
vn 0.000000 0.707107 0.707107
vn -0.039014 -0.780274 -0.624219
vn 0.757011 -0.643459 0.113552
vn 0.051900 0.908249 -0.415199
vn 0.958315 -0.127775 -0.255551
vn -0.718554 -0.695375 -0.011590
vn 0.719828 -0.618603 -0.314925
vn 0.675926 0.627646 -0.386244
vn 0.078352 -0.916724 0.391762
vn 0.545454 0.545455 -0.636364
vn -0.927441 0.359010 -0.104711
vn -0.099805 -0.499026 0.860820
vn 0.224968 -0.834427 -0.503111
vn -0.634308 0.643242 -0.428828
vn 0.012408 0.756858 0.653462
vn -0.704610 0.621170 -0.343034
vn -0.341193 -0.523163 -0.780953
vn -0.442677 -0.466606 -0.765712
vn -0.711703 -0.128064 -0.690709
vn 0.290823 0.956654 -0.015307
vn -0.480148 -0.532848 -0.696801
vn 0.826713 -0.389959 0.405558
vn 0.262585 -0.680138 -0.684443
vn 0.281559 -0.735417 0.616349
vn 0.814761 -0.290558 0.501737
vn 0.298024 0.689711 0.659909
vn 0.796629 0.284309 0.533432
vn 0.508513 0.456358 0.730173
vn -0.064355 -0.688102 -0.722755
vn 0.964659 -0.214139 0.153547
vn 0.887978 0.398960 0.228749
vn 0.009994 -0.010626 0.999894
vn 0.469682 0.295229 0.832009
vn -0.197133 -0.167563 0.965951
vn 0.435340 -0.656360 0.616174
vn 0.196011 0.032669 0.980057
vn 0.884652 -0.147442 -0.442326
vn -0.241402 -0.096561 0.965609
vn -0.331295 0.331295 -0.883452
vn -0.190476 -0.619048 0.761905
vn -0.203859 0.764471 -0.611577
vn -0.078658 0.255640 0.963567
vn 0.863064 -0.172613 -0.474685
vn 0.424264 -0.707107 -0.565685
vn 0.000000 0.707107 0.707107
vn 0.534522 -0.481070 -0.694879
vn -0.743382 -0.627229 -0.232307
vn 0.514496 -0.514496 -0.685994
vn 0.655610 -0.655610 -0.374634
vn 0.078326 0.704934 0.704934
vn -0.854358 -0.512615 -0.085436
vn -0.816640 0.508920 -0.272213
vn 0.677170 0.102861 -0.728601
vn 0.987041 -0.000000 0.160467
vn -0.062348 -0.966394 0.249392
vn -0.724491 -0.684420 0.081746
vn -0.325380 -0.041985 -0.944651
vn 0.031608 -0.821782 -0.568925
vn 0.569803 -0.045584 0.820516
vn -0.124536 0.669020 -0.732737
vn -0.445064 0.706864 -0.549783
vn 0.289354 -0.690714 0.662713
vn 0.568719 -0.376684 0.731210
vn -0.445064 0.706864 -0.549783
vn 0.335277 -0.731273 0.593994
vn -0.456541 0.197834 -0.867428
vn 0.370681 0.061780 0.926703
vn -0.523524 0.660096 -0.538699
vn 0.516762 -0.657697 0.548081
vn 0.884652 -0.147442 -0.442326
vn -0.642626 0.760660 0.091804
vn -0.529498 0.651691 -0.543075
vn 0.695100 -0.687290 0.210873
vn -0.249653 0.848822 0.466020
vn -0.756632 -0.284478 0.588711
vn 0.279576 0.645405 -0.710837
vn 0.067116 0.939618 0.335578
vn 0.745523 -0.639020 -0.189339
vn 0.058242 0.978466 -0.198023
vn -0.055385 -0.553849 0.830773
vn -0.000000 -0.447214 0.894427
vn -0.768350 0.548822 -0.329293
vn -0.669374 0.393750 -0.629999
vn -0.094676 -0.473381 0.875755
vn -0.205728 -0.754337 0.623419
vn -0.833797 -0.540300 0.113396
vn -0.628400 0.363602 -0.687683
vn -0.793547 0.026924 -0.607913
vn 0.891980 0.292056 0.345073
vn 0.852493 0.480044 0.206916
vn 0.845048 -0.492945 0.207120
vn 0.895411 -0.310833 0.318781
vn 0.513556 0.503486 0.694811
vn -0.077024 0.821594 0.564846
vn -0.554700 0.832051 0.000000
vn -0.026789 -0.660793 -0.750090
vn 0.641843 -0.324697 0.694701
vn -0.088045 0.704361 -0.704361
vn 0.816497 0.408248 0.408248
vn 0.350848 0.864881 0.359007
vn -0.487768 0.792624 -0.365826
vn 0.447213 -0.894427 0.000000
vn 0.632236 -0.447834 -0.632236
vn 0.641945 -0.766455 -0.021273
vn 0.494686 -0.356174 0.792733
vn 0.338696 -0.573902 0.745602
vn 0.734377 -0.678742 0.000000
vn 0.459532 0.668409 0.584859
vn 0.034896 -0.930561 -0.364470
vn -0.330175 -0.408463 -0.850966
vn 0.910708 0.062807 -0.408248
vn 0.754829 0.646997 0.107833
vn -0.642626 0.760660 0.091804
vn 0.112822 -0.817957 0.564108
vn 0.203578 -0.476954 -0.855027
vn -0.497468 0.710669 0.497468
vn 0.768061 -0.630907 -0.109723
vn 0.521958 -0.724942 -0.449464
vn 0.534490 -0.434839 -0.724732
vn -0.850087 -0.512101 -0.122904
vn 0.032589 -0.757702 0.651787
vn 0.538308 0.501183 -0.677525
vn 0.226179 0.913948 -0.336961
vn 0.083655 -0.841779 0.533301
vn 0.830291 0.455320 0.321404
vn 0.186735 -0.200740 0.961683
vn 0.681104 -0.732187 0.000000
vn 0.632236 -0.447834 -0.632236
vn 0.673736 -0.738518 -0.025913
vn 0.236986 0.868948 0.434474
vn -0.245358 -0.858754 -0.449823
vn 0.690821 -0.599581 -0.404065
vn -0.325380 -0.041985 -0.944651
vn -0.521102 0.769603 -0.369003
vn 0.233470 -0.923945 -0.303014
vn 0.397087 0.136144 0.907627
vn 0.569803 -0.045584 0.820516
vn -0.365148 -0.182574 0.912871
vn 0.365148 0.182574 -0.912871
vn -0.442326 -0.147442 -0.884652
vn -0.358316 0.092897 -0.928967
vn 0.888297 0.116881 -0.444148
vn -0.295656 0.354787 -0.886969
vn 0.844782 0.328526 -0.422391
vn -0.203859 0.764471 -0.611577
vn 0.780720 0.487950 -0.390360
vn -0.190476 -0.619048 0.761905
vn -0.203859 0.764471 -0.611577
vn -0.914673 0.385291 0.122165
vn -0.846673 0.367471 0.384851
vn 0.627007 -0.777953 0.040639
vn 0.352369 -0.746194 -0.564827
vn -0.014941 0.874060 0.485589
vn 0.514496 -0.514496 -0.685994
vn 0.675926 -0.627646 -0.386244
vn 0.000000 0.447214 0.894427
vn 0.000000 0.554700 0.832050
vn -0.911755 -0.386805 -0.138145
vn -0.751791 0.092241 -0.652918
vn 0.574033 -0.798416 -0.181708
vn -0.047204 0.995279 0.084807
vn 0.011429 0.009524 0.999889
vn 0.748722 -0.609713 0.260126
vn 0.936977 -0.082608 0.339485
vn 0.662292 0.737467 0.132334
vn 0.354092 -0.103277 0.929491
vn -0.442326 -0.147442 -0.884652
vn 0.893325 0.049629 -0.446663
vn 0.518321 0.604708 0.604708
vn -0.514496 -0.685994 -0.514496
vn -0.577350 -0.577350 -0.577350
vn 0.182648 -0.053272 0.981734
vn 0.890348 0.095394 -0.445174
vn -0.095853 -0.268388 0.958530
vn 0.859608 0.276303 -0.429804
vn -0.190476 -0.619048 0.761905
vn 0.687325 0.670960 0.278203
vn -0.707107 -0.707107 -0.000000
vn -0.420201 -0.854893 0.304284
vn -0.577350 -0.577350 -0.577350
vn 0.940166 0.109801 -0.322539
vn 0.908729 0.417121 -0.014897
vn -0.762444 0.080257 0.642058
vn 0.755038 -0.068640 -0.652078
vn -0.685068 -0.008672 0.728427
vn 0.707107 -0.000000 -0.707107
vn 0.693073 -0.161401 -0.702567
vn -0.937042 -0.312348 -0.156174
vn -0.662267 -0.529813 -0.529813
vn -0.000000 -0.447214 0.894427
vn 0.584898 0.269953 -0.764866
vn -0.057659 -0.551875 0.831931
vn 0.514650 0.441129 -0.735215
vn 0.000000 0.447214 0.894427
vn -0.942809 -0.235702 -0.235702
vn -0.068422 0.532169 0.843869
vn -0.667115 -0.481197 -0.568688
vn -0.057247 0.744206 0.665492
vn -0.650721 -0.316373 -0.690268
vn -0.761905 0.619047 0.190476
vn 0.214846 -0.695691 0.685460
vn -0.743582 -0.025137 -0.668172
vn 0.946260 -0.000000 0.323406
vn 0.631339 -0.386950 0.672071
vn -0.025044 0.659479 -0.751305
vn -0.157676 -0.893500 0.420471
vn 0.854494 -0.414823 0.312670
vn -0.091176 -0.965572 0.243635
vn 0.319013 -0.891264 0.322302
vn -0.509583 0.848142 -0.144847
vn -0.148843 -0.085053 -0.985196
vn 0.259309 -0.727653 0.635043
vn -0.392803 0.755130 -0.524866
vn -0.547267 0.604572 -0.578785
vn -0.390212 -0.068861 -0.918146
vn 0.497925 -0.824920 0.267541
vn 0.219578 -0.760568 0.611000
vn 0.754231 0.656460 -0.013967
vn -0.707107 -0.707107 -0.000000
vn 0.291462 0.793425 0.534347
vn 0.617472 0.728617 -0.296387
vn 0.700140 -0.700140 0.140028
vn -0.529412 -0.705882 0.470588
vn 0.184852 0.501740 -0.845036
vn 0.943456 -0.104829 -0.314485
vn 0.685068 0.008672 -0.728427
vn -0.639602 0.639602 -0.426401
vn 0.949586 -0.009496 -0.313363
vn -0.653892 0.411018 -0.635209
vn -0.975426 -0.209020 0.069673
vn -0.658020 0.561361 -0.501880
vn -0.763708 0.344481 -0.545970
vn 0.968400 0.138343 -0.207514
vn -0.286478 0.558265 -0.778633
vn -0.556035 0.405246 -0.725673
vn -0.417526 -0.769813 -0.482764
vn 0.063760 0.975532 -0.210409
vn -0.178707 0.982887 -0.044677
vn -0.459758 -0.738897 -0.492598
vn 0.470081 -0.853110 0.226335
vn 0.159801 -0.862924 0.479402
vn -0.534522 -0.801784 -0.267261
vn 0.770594 -0.481621 0.417405
vn 0.206939 -0.892424 -0.400944
vn 0.158863 0.770952 0.616762
vn 0.845403 0.451997 0.284591
vn 0.788413 -0.411067 0.457633
vn 0.647210 -0.662498 0.377115
vn 0.449600 0.886597 0.108653
vn 0.694421 -0.715334 0.077950
vn 0.844881 0.370138 0.386231
vn 0.863428 -0.500128 0.066055
vn 0.209939 0.223935 0.951724
vn 0.689938 0.723869 0.000000
vn 0.767400 0.641169 0.000000
vn 0.328506 0.483098 -0.811603
vn 0.754337 0.464207 -0.464207
vn 0.711162 -0.022667 0.702662
vn 0.647809 0.620243 0.442315
vn 0.732187 0.681104 0.000000
vn 0.851254 0.523848 0.030815
vn -0.529050 0.460044 -0.713068
vn -0.416426 0.834302 -0.361289
vn 0.403441 -0.902320 0.151833
vn 0.565153 -0.728750 0.386684
vn -0.174395 -0.906854 0.383669
vn -0.437557 0.721969 -0.536008
vn -0.707107 0.000000 0.707107
vn 0.707107 -0.000000 -0.707107
vn 0.908729 0.417121 -0.014897
vn 0.887214 0.126745 -0.443607
vn -0.497468 0.710669 0.497468
vn -0.767166 0.344552 0.541054
vn -0.925966 0.377186 -0.017807
vn 0.648683 -0.729420 0.217156
vn 0.524393 -0.460442 -0.716244
vn 0.066288 0.758625 0.648146
vn 0.514496 -0.514496 -0.685994
vn -0.000000 -0.581238 0.813733
vn -0.000000 -0.447214 0.894427
vn 0.810276 0.047109 -0.584152
vn 0.055650 -0.633014 0.772138
vn -0.975426 -0.209020 0.069673
vn 0.966400 0.145622 -0.211814
vn 0.466578 -0.710011 0.527437
vn 0.292836 0.644711 0.706112
vn 0.330700 -0.649998 0.684208
vn 0.822708 -0.176452 0.540385
vn 0.629016 0.691437 0.355322
vn 0.780779 0.379213 0.496569
vn 0.832740 -0.488950 0.259754
vn -0.245256 -0.306570 -0.919709
vn 0.254000 0.889001 0.381000
vn -0.176882 -0.915999 -0.360082
vn 0.412904 -0.640926 0.647089
vn 0.559622 -0.380543 0.736214
vn -0.598171 0.684863 -0.416119
vn 0.909598 -0.207398 0.360024
vn 0.799649 0.523467 0.294184
vn 0.258674 -0.866556 -0.426811
vn -0.818822 0.569615 -0.071202
vn -0.488467 0.699396 0.521772
vn 0.878934 -0.476710 0.014897
vn 0.924689 -0.075706 -0.373120
vn 0.933346 -0.215387 -0.287183
vn -0.816497 0.081650 0.571548
vn 0.707107 -0.000000 -0.707107
vn -0.735417 -0.084048 0.672382
vn 0.967375 -0.035829 -0.250801
vn -0.816497 0.081650 0.571548
vn -0.639602 0.426401 -0.639602
vn 0.940166 0.109801 -0.322539
vn 0.203578 -0.476954 -0.855027
vn 0.304990 -0.689946 -0.656472
vn -0.941180 -0.317252 0.116326
vn -0.814976 -0.316729 0.485281
vn 0.675653 0.733899 0.069895
vn 0.399656 0.725690 -0.560044
vn -0.975426 -0.209020 0.069673
vn -0.763708 0.344481 -0.545970
vn -0.905954 0.409254 -0.108435
vn 0.573804 -0.698899 0.426954
vn 0.902004 0.261270 0.343695
vn 0.440196 0.857675 0.265746
vn 0.617477 -0.723688 0.308218
vn 0.223593 -0.934811 -0.275924
vn 0.178016 0.890078 -0.419608
vn -0.400804 -0.716587 0.570841
vn -0.812362 -0.580259 -0.058026
vn 0.933346 -0.215387 -0.287183
vn -0.639602 0.426401 -0.639602
vn 0.000000 0.447214 0.894427
vn 0.541011 -0.390237 -0.744998
vn 0.071227 0.617300 0.783497
vn -0.096674 0.483368 0.870063
vn 0.951024 -0.016685 -0.308666
vn -0.679502 -0.448603 -0.580545
vn 0.968400 -0.138343 -0.207514
vn -0.790950 -0.319746 -0.521690
vn -0.341193 -0.523163 -0.780953
vn -0.545312 -0.386524 -0.743797
vn -0.733279 -0.581735 -0.351974
vn -0.628040 -0.471796 -0.618849
vn -0.975426 0.209020 0.069673
vn -0.049236 -0.966823 -0.250658
vn -0.460513 0.751364 -0.472631
vn 0.250345 0.795215 0.552233
vn -0.527715 0.706762 -0.471174
vn 0.604394 0.715730 0.349912
vn 0.327919 0.633223 0.701069
vn 0.836929 0.070434 0.542761
vn -0.863595 -0.368387 -0.344231
vn 0.811803 0.437124 0.387168
vn 0.822010 0.358312 0.442620
vn 0.238404 0.876985 0.417206
vn -0.226904 -0.880605 -0.415991
vn 0.231302 -0.950909 -0.205602
vn -0.818822 0.569615 -0.071202
vn 0.826474 -0.429767 -0.363649
vn -0.813220 0.574038 -0.095673
vn 0.895533 -0.398016 0.199007
vn 0.832050 -0.554700 0.000000
vn 0.878934 -0.476710 0.014897
vn -0.529412 -0.705882 0.470588
vn -0.786524 -0.290961 0.544721
vn 0.884076 -0.200926 -0.421945
vn 0.847569 -0.090167 -0.522969
vn -0.101373 0.506867 0.856043
vn 0.970147 -0.131749 -0.203611
vn 0.091241 0.599581 0.795096
vn 0.529418 0.677913 0.510049
vn -0.975426 0.209020 0.069673
vn 0.547574 -0.800300 0.244302
vn 0.069673 0.975426 -0.209020
vn 0.254750 -0.832184 0.492517
vn -0.354594 0.930809 -0.088648
vn 0.886951 0.131757 0.442672
vn 0.882595 -0.194079 0.428205
vn 0.469682 0.295229 0.832009
vn 0.500097 -0.701629 0.507562
vn 0.435340 -0.656360 0.616174
vn 0.432722 0.149486 0.889047
vn 0.872091 -0.126086 0.472821
vn -0.853409 -0.374982 -0.362052
vn 0.814665 0.443198 0.374028
vn -0.365148 -0.182574 0.912871
vn 0.365148 0.182574 -0.912871
vn 0.769039 -0.407572 0.492406
vn 0.933874 0.140311 0.328926
vn 0.596409 -0.705529 0.382787
vn 0.820574 0.498436 0.279678
vn 0.192451 0.962250 -0.192450
vn 0.868244 0.496138 0.000000
vn 0.868115 0.333891 -0.367279
vn -0.820383 -0.570701 -0.035669
vn -0.919145 -0.393919 0.000000
vn 0.600001 0.800000 -0.000000
vn 0.304961 0.634036 -0.710631
vn 0.924689 -0.075706 -0.373120
vn -0.657012 -0.019324 0.753632
vn 0.661796 0.034831 -0.748874
vn -0.757601 0.021044 0.652379
vn 0.764436 -0.014989 -0.644525
vn -0.953664 -0.299444 -0.029293
vn 0.688459 0.682625 0.245045
vn -0.790950 -0.319746 -0.521690
vn -0.930545 -0.350021 -0.107568
vn 0.591625 0.675562 0.439995
vn -0.975426 0.209020 0.069673
vn 0.764694 0.531644 0.364140
vn 0.892510 -0.049584 0.448293
vn -0.359423 -0.932555 0.033999
vn 0.854428 -0.421531 0.303751
vn 0.014696 -0.986738 0.161657
vn 0.755026 -0.562254 0.337352
vn 0.301505 -0.902398 0.307852
vn 0.918190 0.391182 0.062480
vn 0.860146 -0.437362 0.262417
vn 0.023965 -0.970565 0.239646
vn 0.755026 -0.562254 0.337352
vn 0.151463 -0.886341 0.437561
vn 0.394328 -0.901321 0.179240
vn 0.853611 0.020819 0.520495
vn 0.432722 0.149486 0.889047
vn 0.454820 -0.852068 0.259075
vn -0.412184 0.757558 -0.506171
vn -0.865290 0.494452 -0.082409
vn 0.895533 -0.398016 0.199007
vn -0.849039 0.522486 -0.078373
vn 0.904534 -0.301511 -0.301511
vn -0.467240 0.807051 0.361049
vn 0.832050 -0.554700 0.000000
vn 0.640494 0.091499 -0.762493
vn -0.697379 0.015327 0.716538
vn 0.869335 -0.382507 -0.312961
vn -0.816497 0.081650 0.571548
vn -0.639602 0.426401 -0.639602
vn -0.764436 0.014989 0.644525
vn 0.767970 -0.025599 -0.639975
vn -0.661260 -0.033063 0.749428
vn 0.650552 0.027106 -0.758978
vn 0.910765 0.121435 -0.394665
vn -0.886968 0.352122 0.298828
vn -0.282824 -0.932821 -0.223282
vn 0.408178 0.723588 0.556606
vn 0.587797 0.730978 0.346649
vn -0.891147 -0.031119 -0.452646
vn 0.180770 -0.974742 -0.131147
vn 0.793617 -0.280851 0.539717
vn -0.621556 0.521010 -0.584993
vn -0.286478 0.558265 -0.778633
vn 0.782125 -0.548860 -0.295012
vn 0.309058 -0.883021 0.353209
vn 0.961524 -0.219777 -0.164833
vn 0.189675 -0.867084 0.460639
vn 0.095346 0.286039 0.953463
vn -0.499544 0.784738 -0.366937
vn 0.606801 0.480107 -0.633474
vn -0.365148 -0.182574 0.912871
vn 0.365148 0.182574 -0.912871
vn 0.912871 0.365147 0.182576
vn -0.868244 -0.496138 0.000000
vn -0.913585 -0.319754 -0.251236
vn -0.753735 -0.376867 -0.538382
vn 0.533300 0.840350 0.096964
vn 0.846810 0.529256 -0.052926
vn -0.868244 -0.496138 0.000000
vn -0.408249 -0.816496 0.408248
vn 0.923077 0.230769 -0.307692
vn -0.812362 -0.580259 -0.058026
vn 0.604329 -0.796616 0.013735
vn -0.931725 0.330613 0.150279
vn -0.966876 0.223125 -0.123959
vn 0.102242 -0.839841 -0.533117
vn 0.931819 0.040078 -0.360704
vn 0.933008 0.254457 -0.254457
vn -0.426117 0.665001 0.613350
vn -0.948150 -0.260741 0.181729
vn 0.669144 0.498578 -0.551059
vn -0.671156 -0.067116 0.738272
vn 0.622513 0.782587 0.005928
vn 0.049185 -0.767291 -0.639410
vn -0.333257 0.651365 0.681662
vn -0.699590 -0.660723 0.272063
vn 0.946640 0.122713 -0.298016
vn 0.925548 0.377075 -0.034280
vn 0.923626 0.110139 -0.367131
vn 0.623225 -0.780543 0.048406
vn 0.391753 -0.738734 -0.548454
vn -0.199205 -0.876501 -0.438250
vn -0.399780 0.912173 -0.090091
vn -0.252869 -0.836411 -0.486286
vn 0.591100 -0.782163 0.197033
vn -0.874286 0.038491 -0.483882
vn -0.341193 -0.523163 -0.780953
vn 0.800128 0.228808 0.554475
vn 0.290823 0.956654 -0.015307
vn -0.628040 -0.471796 -0.618849
vn 0.933456 0.141956 0.329406
vn 0.761325 -0.635307 0.129495
vn -0.899187 0.431611 -0.071935
vn 0.895533 -0.398016 0.199007
vn 0.832050 -0.554700 0.000000
vn 0.544988 -0.838444 0.000000
vn -0.852480 0.309141 -0.421556
vn -0.960591 -0.277504 -0.016010
vn 0.971124 -0.219286 -0.093980
vn -0.816497 -0.408248 -0.408248
vn 0.904431 -0.226108 0.361772
vn 0.100388 0.846123 -0.523449
vn 0.927510 -0.071347 -0.366927
vn -0.400660 -0.661088 0.634377
vn 0.925064 -0.268567 -0.268567
vn -0.962250 -0.192450 0.192450
vn 0.971124 -0.219286 -0.093980
vn 0.736619 -0.497716 -0.457898
vn 0.619979 -0.356158 -0.699126
vn 0.058991 0.766883 -0.639070
vn -0.347986 -0.644144 0.681164
vn -0.649561 0.708612 0.275571
vn 0.845962 0.451727 0.283356
vn 0.519727 -0.720767 0.458670
vn -0.260211 0.919413 -0.294906
vn 0.723186 -0.653510 0.223443
vn 0.864511 0.494006 0.092626
vn 0.313157 0.948266 -0.052193
vn 0.655801 0.736601 0.165360
vn 0.602892 -0.797673 0.015459
vn -0.529050 0.460044 -0.713068
vn 0.018437 -0.921825 0.387167
vn 0.428247 -0.882447 0.194658
vn 0.785894 -0.602128 0.140757
vn 0.961524 -0.219777 -0.164833
vn 0.869545 -0.269145 0.414069
vn 0.818873 0.452710 0.352847
vn -0.869001 -0.354090 -0.345625
vn 0.362392 -0.017257 -0.931866
vn 0.300564 -0.926739 0.225423
vn 0.039927 -0.964910 0.259528
vn -0.464990 0.813733 -0.348743
vn -0.145507 0.658421 -0.738450
vn 0.868244 0.496138 0.000000
vn -0.894428 -0.447213 0.000000
vn -0.963254 0.244519 0.111145
vn 0.883912 0.370673 -0.285133
vn -0.904534 0.301511 -0.301512
vn 0.761905 0.190476 0.619048
vn 0.772460 0.487869 0.406558
vn 0.971124 -0.219286 -0.093980
vn 0.736619 -0.497716 -0.457898
vn 0.585443 0.810612 0.012867
vn 0.904534 -0.301511 0.301511
vn 0.696715 -0.696716 -0.170808
vn -0.900361 0.184896 0.393908
vn -0.941143 -0.319031 0.111661
vn -0.840381 -0.301572 0.450348
vn 0.902945 -0.197626 -0.381622
vn 0.355556 -0.622223 0.697437
vn 0.915997 -0.116389 0.383932
vn 0.530439 -0.697379 0.481972
vn 0.532856 0.699373 0.476385
vn 0.825071 -0.494283 0.273756
vn -0.359423 -0.932555 0.033999
vn 0.918190 0.391182 0.062480
vn -0.867993 -0.356803 -0.345368
vn 0.857143 0.285714 0.428571
vn 0.376750 -0.909713 0.174591
vn 0.361945 -0.710963 0.602933
vn 0.548472 -0.383059 -0.743266
vn 0.349588 -0.559341 -0.751615
vn 0.361290 -0.572776 0.735797
vn 0.572364 -0.400655 0.715455
vn -0.669534 -0.412021 -0.618031
vn 0.312348 0.156174 0.937042
vn 0.888889 -0.111111 0.444444
vn -0.953307 0.221699 0.205072
vn 0.765129 0.389782 -0.512492
vn -0.943390 0.056043 0.326917
vn -0.554700 -0.832050 -0.000000
vn 0.767523 -0.042640 -0.639602
vn -0.764436 0.014989 0.644525
vn 0.762941 -0.010596 -0.646381
vn 0.951895 0.096899 -0.290699
vn -0.914756 0.403170 -0.025975
vn -0.915220 0.357508 0.185904
vn -0.380307 -0.905821 -0.186696
vn -0.111111 0.888889 -0.444444
vn -0.304290 0.852013 -0.426006
vn -0.536045 -0.839026 -0.093225
vn -0.111111 0.888889 -0.444444
vn -0.344941 0.804864 -0.482918
vn 0.619049 0.735121 0.276361
vn 0.820164 0.502185 0.274119
vn 0.677977 -0.422007 0.601878
vn 0.476182 -0.803557 0.357137
vn -0.564193 0.796809 -0.216291
vn 0.309058 -0.883021 0.353209
vn 0.961524 -0.219777 -0.164833
vn 0.346867 -0.673329 0.652925
vn 0.872091 -0.126086 0.472821
vn -0.543710 -0.422886 -0.724946
vn 0.600000 0.800000 0.000000
vn 0.552967 0.829450 0.078995
vn 0.365148 0.182574 0.912871
vn 0.904431 -0.226108 0.361772
vn -0.911685 0.227921 -0.341882
vn -0.921680 0.317821 0.222475
vn -0.899229 0.415029 0.138343
vn 0.451401 -0.882741 -0.130405
vn 0.636367 -0.770339 0.040192
vn 0.828732 0.427733 -0.360899
vn 0.772460 0.487869 0.406558
vn 0.673595 -0.021729 -0.738781
vn -0.683487 0.036453 0.729052
vn -0.800470 0.150547 0.580157
vn 0.760655 -0.012402 -0.649037
vn 0.894427 -0.447214 -0.000000
vn 0.675653 0.733899 0.069895
vn 0.925823 -0.173980 -0.335533
vn 0.453103 0.711265 -0.537401
vn 0.917171 -0.065513 -0.393073
vn 0.976586 0.060914 -0.206321
vn 0.629864 -0.746982 0.212811
vn -0.111111 -0.888889 -0.444444
vn 0.586404 -0.805064 0.089452
vn -0.019680 -0.806874 0.590395
vn -0.534956 0.726583 -0.431159
vn -0.536045 0.839026 -0.093225
vn 0.970217 -0.057072 0.235420
vn -0.658020 0.561361 -0.501880
vn 0.483368 -0.870063 0.096674
vn 0.648991 -0.739129 0.180275
vn -0.520152 0.846349 -0.114610
vn 0.674211 0.417532 0.609186
vn 0.824912 -0.490259 0.281365
vn 0.028127 -0.010633 0.999548
vn -0.320698 0.679124 -0.660260
vn -0.924953 0.354237 0.137759
vn 0.606801 0.480107 -0.633474
vn 0.095346 0.286039 0.953463
vn -0.365148 -0.182574 0.912871
vn 0.365148 0.182574 -0.912871
vn -0.744378 0.343559 -0.572598
vn 0.216612 0.054153 0.974755
vn -0.428353 0.471188 -0.771035
vn 0.761905 0.190476 0.619048
vn -0.949227 -0.235130 0.209004
vn 0.617707 0.769424 -0.162554
vn -0.973018 -0.114473 -0.200327
vn -0.816497 0.408248 0.408248
vn 0.000000 0.707107 -0.707107
vn 0.646997 -0.754829 -0.107833
vn -0.828844 0.192975 0.525146
vn 0.219653 -0.617773 -0.755056
vn 0.444634 -0.842466 -0.304224
vn 0.736619 -0.497716 -0.457898
vn 0.620907 -0.355728 -0.698521
vn 0.633493 0.773355 0.024681
vn -0.941837 -0.336059 0.002619
vn 0.952642 -0.153343 -0.262600
vn 0.989263 0.043416 -0.139551
vn 0.996546 -0.000000 0.083045
vn -0.763708 0.344481 -0.545970
vn -0.701325 0.612491 -0.364689
vn -0.885965 0.461595 -0.044671
vn 0.997055 -0.000000 -0.076696
vn 0.983735 -0.058556 0.169811
vn 0.577148 -0.708431 0.406233
vn 0.365198 0.614050 0.699694
vn 0.928927 0.029713 0.369069
vn 0.550835 0.672954 0.493673
vn 0.755026 -0.562254 0.337352
vn 0.918190 0.391182 0.062480
vn 0.456564 0.622587 0.635558
vn 0.669571 0.422344 0.610983
vn 0.604752 0.657339 0.449646
vn 0.554700 -0.832050 0.000000
vn -0.700140 0.308062 -0.644129
vn -0.428353 0.471188 -0.771035
vn -0.332820 0.443760 -0.832050
vn 0.239957 0.719871 0.651312
vn 0.597505 0.725542 0.341432
vn -0.892172 -0.127453 -0.433341
vn 0.245350 -0.736050 0.630900
vn -0.917236 0.147941 -0.369853
vn 0.485494 -0.821605 0.298766
vn 0.547969 -0.836374 0.014420
vn 0.207141 0.059183 0.976519
vn 0.761905 0.190476 0.619048
vn 0.772460 0.487869 0.406558
vn 0.844441 -0.519656 -0.129914
vn -0.945587 -0.264764 0.189117
vn -0.927478 -0.185496 -0.324617
vn -0.923287 0.213066 -0.319599
vn -0.899229 0.415029 0.138343
vn 0.844467 0.493934 -0.207134
vn -0.951365 -0.209623 0.225748
vn -0.794301 -0.119145 0.595726
vn 0.485071 0.485071 -0.727607
vn 0.655610 0.655610 -0.374634
vn 0.693728 -0.719422 -0.034258
vn 0.692623 0.363752 -0.622863
vn -0.904320 -0.253209 0.343642
vn 0.653776 -0.374149 -0.657715
vn -0.813384 0.012643 0.581590
vn 0.698637 -0.013371 -0.715351
vn -0.837246 0.292848 0.461799
vn -0.525502 -0.843569 0.110632
vn -0.718723 0.692104 -0.066548
vn 0.978286 -0.030101 0.205064
vn -0.733279 -0.581735 -0.351974
vn -0.628040 -0.471796 -0.618849
vn 0.417787 0.863813 0.281570
vn -0.127572 0.989650 0.065719
vn 0.140583 0.042344 0.989163
vn -0.529050 0.460044 -0.713068
vn -0.254584 0.930211 -0.264376
vn 0.040927 -0.949513 0.311047
vn 0.634048 -0.372969 0.677405
vn 0.352618 -0.634712 0.687605
vn 0.434839 -0.724732 0.534490
vn -0.924953 0.354237 0.137759
vn 0.189675 -0.867084 0.460639
vn 0.095346 0.286039 0.953463
vn 0.559341 0.349588 -0.751615
vn 0.383059 0.548472 -0.743266
vn 0.572776 0.361290 0.735797
vn 0.400655 0.572364 0.715455
vn 0.112502 -0.140627 0.983650
vn 0.368237 -0.578658 0.727706
vn 0.535418 -0.388610 0.749873
vn -0.878576 0.025102 -0.476942
vn 0.763167 0.615457 -0.196946
vn 0.727607 0.485071 -0.485071
vn -0.452125 -0.477243 -0.753540
vn 0.264907 0.264907 0.927172
vn -0.121943 -0.670682 -0.731652
vn 0.803605 0.012269 -0.595036
vn -0.940712 -0.076274 0.330520
vn -0.554700 0.832050 0.000000
vn 0.707107 -0.000000 -0.707107
vn -0.707107 0.000000 0.707107
vn 0.728079 -0.090143 -0.679540
vn -0.707107 0.000000 0.707107
vn 0.662254 0.712973 0.230412
vn 0.972219 -0.121527 -0.200053
vn -0.530068 -0.823297 0.203005
vn -0.508710 -0.791327 0.339140
vn -0.739018 0.642415 -0.202868
vn -0.439473 -0.821623 0.363043
vn -0.681005 0.595880 -0.425628
vn -0.790950 -0.319746 -0.521690
vn -0.904464 -0.425837 -0.024635
vn 0.995688 -0.082974 0.041487
vn -0.733279 -0.581735 -0.351974
vn 0.979755 -0.113049 -0.165225
vn 0.153337 0.681499 0.715574
vn -0.612656 0.777601 0.141382
vn -0.527046 -0.737865 -0.421637
vn 0.568035 0.817971 0.090886
vn -0.111111 0.888889 -0.444444
vn 0.684394 0.724653 0.080517
vn -0.536045 -0.839026 -0.093225
vn 0.568035 0.817971 0.090886
vn -0.447946 -0.870294 -0.204775
vn 0.625325 0.743630 0.236609
vn -0.536045 -0.839026 -0.093225
vn 0.825712 -0.145473 0.545011
vn 0.589475 -0.644426 0.487066
vn 0.668154 0.712660 0.213741
vn 0.237764 -0.124979 0.963249
vn 0.816025 -0.578017 0.000000
vn 0.973841 -0.227230 0.000000
vn 0.632236 -0.447834 -0.632236
vn 0.949633 -0.221581 -0.221581
vn 0.811107 -0.576166 -0.100689
vn 0.973841 -0.227230 0.000000
vn 0.838928 -0.184849 -0.511889
vn 0.979260 -0.202606 0.000000
vn 0.811421 -0.584223 -0.016692
vn 0.770582 -0.290043 0.567519
vn 0.811534 -0.584305 0.000000
vn -0.371265 0.857491 -0.356189
vn 0.238297 -0.827769 0.507949
vn -0.320698 0.679124 -0.660260
vn 0.606801 0.480107 -0.633474
vn 0.877967 -0.475565 -0.054873
vn -0.775520 -0.094576 -0.624199
vn 0.190693 -0.476731 0.858116
vn -0.747203 -0.149441 -0.647576
vn -0.348743 -0.464990 -0.813733
vn 0.000000 -0.000000 1.000000
vn -0.485072 -0.485071 -0.727606
vn 0.707107 0.707107 0.000000
vn -0.121943 -0.670682 -0.731652
vn 0.707107 0.707107 0.000000
vn 0.227922 0.341882 0.911684
vn 0.267261 0.801784 0.534523
vn 0.863690 -0.487429 -0.128271
vn 0.559038 0.828918 0.019277
vn 0.289157 -0.867472 0.404821
vn 0.833790 0.513749 -0.202131
vn 0.447214 -0.894427 -0.000000
vn -0.771389 0.449977 0.449977
vn 0.000000 0.894427 -0.447214
vn 0.828707 -0.492533 -0.265812
vn -0.949227 -0.235130 0.209004
vn -0.794923 -0.124506 0.593798
vn -0.855112 0.264964 0.445621
vn -0.899229 0.415029 0.138343
vn 0.865277 0.458088 -0.203595
vn 0.830949 0.458455 -0.315188
vn -0.764316 0.350311 0.541390
vn 0.348743 -0.813733 -0.464991
vn 0.646997 -0.754829 -0.107833
vn -0.852062 0.040019 0.521909
vn 0.698677 0.349339 -0.624350
vn -0.095588 -0.764703 -0.637253
vn 0.801456 0.407463 -0.437770
vn -0.760640 -0.032599 0.648355
vn -0.699590 -0.660723 0.272063
vn 0.882536 0.247110 -0.400083
vn -0.249021 0.690468 0.679149
vn 0.807840 0.027384 -0.588765
vn -0.841737 -0.224463 0.491014
vn 0.717222 -0.043468 -0.695488
vn -0.678533 0.058578 0.732230
vn 0.991405 -0.024479 0.128516
vn 0.574545 0.699233 0.425407
vn 0.989285 -0.082440 -0.120490
vn 0.761488 0.531184 0.371457
vn 0.796600 -0.463065 0.388586
vn 0.845462 0.007911 0.533976
vn 0.847053 -0.068991 0.527012
vn 0.568398 0.683487 0.458006
vn 0.835924 -0.047063 0.546824
vn 0.512431 -0.774886 0.370089
vn -0.722050 -0.294584 -0.625990
vn 0.967148 0.090158 0.237689
vn -0.966204 -0.201292 -0.161034
vn 0.814665 0.443198 0.374028
vn 0.362392 -0.017257 -0.931866
vn 0.857143 0.285714 0.428571
vn 0.547589 -0.381653 -0.744639
vn 0.352291 -0.575696 -0.737879
vn 0.701825 -0.661948 -0.263185
vn -0.635001 -0.127000 -0.762001
vn -0.348743 -0.464990 -0.813733
vn 0.666667 0.333333 -0.666667
vn 0.727607 0.485071 -0.485071
vn 0.577350 0.577350 -0.577350
vn 0.055385 0.553849 0.830773
vn -0.614940 0.122988 -0.778924
vn -0.348743 0.464991 -0.813733
vn -0.268328 0.357771 0.894427
vn 0.167313 0.697139 0.697139
vn 0.866748 -0.491157 -0.086675
vn 0.246691 -0.685253 0.685253
vn 0.588348 0.784465 -0.196116
vn 0.577350 0.577350 -0.577350
vn 0.727607 0.485071 -0.485071
vn 0.081345 0.020336 0.996479
vn -0.428353 0.471188 -0.771035
vn -0.332820 0.443760 -0.832050
vn 0.051434 0.565779 -0.822951
vn 0.348743 -0.813733 -0.464991
vn 0.144005 0.912029 -0.384012
vn 0.646997 -0.754829 -0.107833
vn 0.000000 0.768221 -0.640184
vn 0.865136 -0.224295 -0.448589
vn -0.649561 0.708612 0.275571
vn 0.749928 -0.513839 -0.416627
vn -0.779771 0.033611 0.625162
vn 0.798409 -0.409710 -0.441226
vn -0.333334 -0.666666 0.666667
vn 0.871563 -0.255659 -0.418350
vn -0.539516 -0.829405 0.144945
vn 0.923681 -0.106720 -0.368000
vn 0.167183 -0.724462 0.668734
vn 0.952892 -0.171833 0.249939
vn -0.407478 0.868107 -0.283463
vn 0.483368 -0.870063 0.096674
vn -0.922378 -0.026534 -0.385377
vn 0.651584 -0.473879 0.592349
vn 0.714431 -0.550707 0.431636
vn 0.766406 -0.418040 0.487713
vn 0.483107 0.867803 0.116303
vn 0.986394 0.164399 0.000000
vn 0.284267 0.129539 0.949954
vn 0.842272 0.539053 0.000000
vn 0.979050 0.195260 -0.057753
vn 0.842272 0.539053 0.000000
vn 0.961799 0.205513 0.180851
vn -0.966204 -0.201292 -0.161034
vn 0.835504 0.245736 -0.491473
vn 0.988944 0.136406 0.058173
vn 0.851254 0.523848 0.030815
vn 0.986348 0.164391 0.009670
vn 0.693135 0.070458 0.717356
vn 0.851254 0.523848 0.030815
vn 0.986348 0.164391 0.009670
vn 0.156174 0.937042 0.312348
vn -0.352749 -0.413875 -0.839211
vn -0.252856 -0.861583 -0.440157
vn -0.865526 -0.492613 0.090543
vn 0.516815 0.851225 -0.091203
vn 0.561764 -0.752607 0.343518
vn -0.148843 -0.085053 -0.985196
vn 0.701341 -0.449297 0.553402
vn 0.582692 -0.808343 0.083976
vn 0.806018 -0.549557 -0.219823
vn -0.635001 0.127000 -0.762001
vn -0.348743 0.464991 -0.813733
vn 0.240772 -0.481543 0.842701
vn 0.666667 0.333333 -0.666667
vn 0.000000 -0.000000 1.000000
vn 0.577350 0.577350 -0.577350
vn 0.634739 -0.772727 0.000000
vn -0.332820 0.443760 -0.832050
vn 0.051434 0.565779 -0.822951
vn 0.658504 -0.752577 0.000000
vn 0.000000 -0.000000 1.000000
vn 0.882706 0.429424 -0.190855
vn 0.836377 0.447824 -0.316111
vn 0.408652 -0.577950 -0.706383
vn 0.419422 -0.865058 -0.275246
vn 0.807308 -0.476253 -0.348478
vn 0.485071 0.485071 -0.727607
vn 0.590985 0.742167 -0.316108
vn -0.813498 0.129420 0.566984
vn 0.454584 -0.555992 -0.695864
vn 0.766940 -0.110263 -0.632175
vn 0.650174 0.756015 0.075601
vn -0.731550 0.431734 0.527675
vn 0.848701 -0.060622 -0.525387
vn -0.841737 -0.224463 0.491014
vn -0.525502 0.843569 0.110632
vn -0.872831 -0.484148 0.061371
vn -0.629492 0.753142 0.191096
vn -0.593442 -0.659380 -0.461566
vn -0.493428 0.783679 0.377327
vn -0.578266 -0.656410 -0.484493
vn -0.119818 -0.823745 0.554155
vn 0.959365 -0.169300 0.225733
vn 0.829011 0.530023 0.178373
vn -0.914740 -0.019729 -0.403562
vn 0.180770 -0.974742 -0.131147
vn -0.798901 0.123079 -0.588734
vn 0.428395 -0.828124 0.361508
vn -0.710376 -0.279845 -0.645796
vn -0.919007 -0.344628 0.191460
vn -0.529413 -0.470589 -0.705881
vn 0.919635 0.291947 0.262753
vn -0.767467 -0.562809 -0.306987
vn 0.828517 0.552345 -0.092057
vn -0.966204 -0.201292 -0.161034
vn -0.734109 -0.310328 -0.603971
vn -0.865526 -0.492613 0.090543
vn 0.892151 -0.109562 0.438250
vn 0.516815 0.851225 -0.091203
vn 0.939086 0.125008 0.320143
vn -0.263390 0.385678 0.884239
vn 0.210828 0.776231 0.594152
vn -0.879043 -0.342191 -0.331946
vn 0.362392 -0.017257 -0.931866
vn 0.895972 0.183048 0.404632
vn -0.137361 0.549442 0.824163
vn 0.717137 -0.597614 -0.358569
vn -0.268328 0.357771 0.894427
vn -0.760648 -0.010142 0.649086
vn 0.182954 -0.656483 -0.731818
vn -0.816083 -0.131324 0.562816
vn 0.499987 0.499987 -0.707125
vn 0.673922 -0.417190 -0.609739
vn -0.934335 0.057740 0.351688
vn 0.806482 -0.485535 -0.337406
vn -0.557589 -0.807543 0.192272
vn 0.973013 -0.144150 -0.180187
vn -0.460158 -0.805276 0.373878
vn 0.978992 -0.130532 0.156639
vn -0.530068 0.823297 0.203005
vn -0.802595 -0.561324 -0.201880
vn -0.493428 0.783679 0.377327
vn 0.972423 -0.142868 0.184345
vn -0.649007 0.672465 -0.355781
vn 0.568035 0.817971 0.090886
vn 0.153337 0.681499 0.715574
vn 0.931012 0.133002 0.339893
vn -0.452637 -0.826554 -0.334558
vn -0.912638 0.041153 -0.406693
vn 0.677199 0.395033 0.620766
vn 0.758625 0.478744 0.441918
vn 0.802740 0.340144 0.489807
vn 0.636043 -0.659600 0.400471
vn 0.842270 0.051973 0.536545
vn 0.714528 0.591261 0.373978
vn 0.709757 -0.454616 0.538117
vn 0.749119 -0.611631 0.254418
vn 0.909904 -0.251827 0.329632
vn 0.773495 -0.597027 0.212752
vn 0.864511 0.494006 0.092626
vn 0.040193 -0.001410 0.999191
vn -0.919007 -0.344628 0.191460
vn 0.910020 0.413646 0.027576
vn 0.309058 -0.883021 0.353209
vn 0.333333 -0.666667 0.666667
vn -0.320698 0.679124 -0.660260
vn -0.924953 0.354237 0.137759
vn 0.189675 -0.867084 0.460639
vn 0.140627 0.112502 0.983650
vn 0.578658 0.368237 0.727706
vn 0.388610 0.535418 0.749873
vn -0.348743 -0.464990 -0.813733
vn 0.666667 0.333333 -0.666667
vn 0.000000 -0.000000 1.000000
vn 0.707107 0.707107 0.000000
vn 0.000001 0.447214 0.894427
vn -0.121943 -0.670682 -0.731652
vn 0.630907 0.768061 -0.109723
vn -0.741011 0.285004 0.608009
vn 0.176166 0.939552 -0.293610
vn 0.732124 -0.597259 -0.327529
vn 0.688030 0.382930 -0.616425
vn -0.855670 0.457964 0.241034
vn 0.971560 -0.119314 -0.204539
vn 0.985890 -0.107162 0.128594
vn -0.731050 0.656071 -0.187449
vn -0.904540 0.024831 -0.425666
vn 0.489452 0.762969 0.422273
vn -0.807311 -0.057787 -0.587291
vn 0.845161 -0.485801 0.222936
vn 0.290823 0.956654 -0.015307
vn -0.359423 -0.932555 0.033999
vn 0.014696 -0.986738 0.161657
vn 0.702536 0.282215 0.653298
vn -0.664462 -0.306675 -0.681499
vn 0.534803 0.519302 0.666567
vn 0.579906 0.410495 0.703706
vn -0.589921 -0.444356 -0.674196
vn 0.780720 -0.487950 -0.390360
vn -0.348743 0.464991 -0.813733
vn -0.268328 0.357771 0.894427
vn 0.622799 0.778499 -0.077850
vn 0.182675 -0.780520 -0.597845
vn 0.248282 0.910366 -0.331042
vn -0.931976 -0.052277 0.358730
vn 0.734522 0.432949 -0.522525
vn 0.861640 0.492366 -0.123091
vn 0.857382 0.401898 -0.321518
vn -0.912525 0.067890 0.403348
vn 0.849473 0.235965 -0.471929
vn 0.000000 0.868243 0.496139
vn -0.699590 -0.660723 0.272063
vn 0.878972 0.008292 -0.476801
vn -0.668989 -0.378124 0.639903
vn -0.899892 -0.407764 0.154669
vn 0.938184 0.007690 -0.346051
vn -0.539516 0.829405 0.144945
vn 0.153337 0.681499 0.715574
vn 0.944856 0.134979 0.298376
vn -0.629492 0.753142 0.191096
vn -0.757975 0.036223 -0.651277
vn -0.260211 0.919413 -0.294906
vn 0.864511 0.494006 0.092626
vn 0.706897 -0.024376 -0.706897
vn 0.993936 -0.102821 0.038978
vn 0.885701 0.345078 0.310571
vn -0.228481 0.158538 0.960553
vn 0.853750 0.520579 0.010411
vn 0.575696 0.352291 -0.737879
vn 0.381653 0.547589 -0.744639
vn 0.756448 0.610038 -0.235881
vn 0.707107 -0.707107 0.000000
vn -0.183942 -0.061314 0.981023
vn 0.051434 0.565779 -0.822951
vn -0.768986 0.173791 0.615189
vn 0.808101 0.429899 -0.402690
vn 0.855979 0.516394 0.025258
vn -0.964880 -0.019525 -0.261966
vn -0.941151 0.205276 -0.268507
vn 0.467310 -0.859851 0.205616
vn -0.983564 -0.019067 -0.179552
vn 0.766406 -0.418040 0.487713
vn 0.847160 -0.511493 0.143857
vn -0.770574 -0.560417 -0.303559
vn 0.974525 0.074644 0.211493
vn -0.527046 -0.737865 -0.421637
vn 0.932868 0.140506 0.331686
vn 0.466428 0.884432 0.015028
vn 0.919719 -0.251263 0.301635
vn 0.796667 0.548998 0.252828
vn 0.937719 0.108067 0.330159
vn 0.619253 0.725879 0.299374
vn 0.959525 -0.080925 0.269746
vn 0.666961 -0.742357 0.063796
vn 0.986394 0.164399 0.000000
vn 0.301485 -0.010307 0.953415
vn 0.973841 -0.227230 0.000000
vn -0.919007 -0.344628 0.191460
vn -0.529413 -0.470589 -0.705881
vn 0.834399 0.512559 0.202639
vn 0.964772 0.075598 -0.251993
vn 0.973841 -0.227230 0.000000
vn 0.831043 -0.075762 0.551025
vn 0.986348 0.164391 0.009670
vn 0.592508 -0.361617 0.719838
vn -0.547267 0.604572 -0.578785
vn 0.254022 -0.864382 0.433955
vn -0.121046 0.605228 -0.786796
vn 0.131587 -0.125803 0.983290
vn 0.630303 -0.776349 0.000000
vn 0.733618 -0.679562 0.000000
vn 0.000000 -0.000000 -1.000000
vn -0.725423 -0.381802 0.572703
vn 0.333333 -0.666667 -0.666667
vn -0.889001 0.254000 -0.381000
vn 0.781790 -0.471624 -0.407891
vn 0.751930 -0.371644 -0.544501
vn -0.773742 -0.156902 0.613763
vn 0.370625 0.815374 -0.444750
vn -0.690093 -0.293053 0.661733
vn -0.889001 0.254000 -0.381000
vn -0.832473 0.258469 0.490085
vn 0.546042 -0.780060 -0.305523
vn 0.440688 -0.542385 -0.715271
vn -0.151620 -0.833908 0.530669
vn -0.908415 -0.057253 0.414130
vn 0.875819 -0.445088 -0.186650
vn 0.806837 -0.378205 -0.453846
vn -0.649561 0.708612 0.275571
vn 0.871440 0.488744 -0.041497
vn -0.996585 -0.004995 -0.082424
vn -0.959182 0.048227 0.278645
vn -0.997055 0.000000 -0.076696
vn -0.939793 0.000000 0.341743
vn 0.832149 -0.522245 -0.186516
vn 0.978727 0.011381 -0.204850
vn -0.869976 -0.491537 -0.039149
vn 0.996082 -0.009766 0.087890
vn 0.980765 0.021555 -0.193998
vn -0.557589 0.807543 0.192272
vn 0.985694 0.051577 0.160462
vn -0.642972 0.728702 0.235756
vn -0.493428 0.783679 0.377327
vn 0.812856 0.553433 0.181596
vn 0.662152 -0.452202 0.597552
vn 0.714431 -0.550707 0.431636
vn 0.937147 0.102721 0.333472
vn 0.653794 -0.653794 0.380929
vn 0.156174 0.937042 0.312348
vn 0.224231 0.971666 -0.074744
vn 0.840651 -0.131352 0.525407
vn 0.278056 0.770972 0.572963
vn 0.516815 0.851225 -0.091203
vn 0.885841 0.065618 0.459325
vn 0.456607 0.621762 0.636335
vn 0.661338 0.396803 0.636538
vn 0.661949 0.701825 -0.263185
vn 0.262705 0.938233 -0.225176
vn 0.352208 -0.553470 -0.754732
vn -0.889001 0.254000 -0.381000
vn 0.816557 0.451828 -0.359285
vn 0.465292 -0.541155 -0.700467
vn 0.868723 0.172024 -0.464466
vn 0.786950 -0.504674 -0.354983
vn 0.586940 0.733674 -0.342381
vn -0.759893 -0.180568 0.624466
vn -0.902430 -0.340539 0.263918
vn 0.468492 0.535419 -0.702738
vn -0.965518 0.243168 -0.092976
vn -0.906659 0.371730 0.199464
vn -0.956188 0.235542 -0.173852
vn 0.539722 -0.831261 -0.133061
vn 0.506911 0.837257 0.205042
vn -0.969421 -0.170750 -0.176258
vn -0.945493 -0.129047 -0.298980
vn -0.961796 0.049244 -0.269303
vn 0.873358 -0.485509 0.039064
vn 0.673993 0.402222 0.619638
vn 0.758625 0.478744 0.441918
vn 0.845684 -0.480766 0.231694
vn 0.638100 -0.680997 0.359266
vn -0.628621 0.715128 -0.305660
vn 0.560493 0.524906 0.640563
vn -0.573462 -0.491539 -0.655386
vn 0.783176 -0.466573 -0.411029
vn 0.472768 0.523062 -0.709152
vn -0.840677 -0.171249 0.513747
vn 0.329740 -0.615929 -0.715474
vn 0.658487 0.710645 -0.247748
vn -0.812171 -0.041864 0.581916
vn -1.000000 0.000000 0.000000
vn -0.929005 0.021731 0.369429
vn 0.790786 0.486981 -0.370820
vn 0.845193 0.528246 0.081269
vn -1.000000 0.000000 0.000000
vn -0.994875 0.063167 -0.078958
vn -0.956009 -0.039135 0.290716
vn 0.869253 -0.490111 -0.064732
vn -1.000000 0.000000 0.000000
vn -0.966205 0.071405 -0.247688
vn 0.802740 0.340144 0.489807
vn 0.869077 0.481864 0.111861
vn 0.479856 -0.589898 0.649429
vn -0.400738 0.774154 -0.489994
vn 0.592508 -0.361617 0.719838
vn -0.158901 0.686680 -0.709380
vn -0.390212 -0.068861 -0.918146
vn 0.804381 -0.505982 -0.311373
vn 0.884411 -0.394140 -0.249942
vn 0.749772 0.472297 -0.463442
vn 0.798409 -0.409710 -0.441226
vn 0.589796 0.793847 -0.148148
vn -0.974127 -0.222129 -0.041649
vn 0.689555 -0.641548 0.336049
vn 0.715267 0.614288 0.333230
vn 0.792982 -0.462573 0.396491
vn 0.690567 -0.698640 0.187136
vn -0.815592 -0.313689 -0.486218
vn 0.993127 0.016552 0.115865
vn -0.529413 -0.470589 -0.705881
vn -0.105409 0.527046 -0.843274
vn -0.767467 -0.562809 -0.306987
vn 0.813734 0.581238 -0.000000
vn 0.742010 0.368783 0.559840
vn -0.192995 0.349804 0.916728
vn 0.278056 0.770972 0.572963
vn 0.466681 -0.631575 0.619130
vn -0.145507 0.658421 -0.738450
vn 0.844755 0.534221 0.031580
vn 0.714431 -0.550707 0.431636
vn 0.766406 -0.418040 0.487713
vn 0.847160 -0.511493 0.143857
vn 0.868303 -0.038370 0.494549
vn 0.739260 -0.551687 0.386181
vn 0.680414 0.272165 0.680413
vn 0.068952 -0.206857 0.975938
vn 0.993127 0.016552 0.115865
vn -0.105409 0.527046 -0.843274
vn 0.122807 0.140351 0.982456
vn 0.993127 0.016552 0.115865
vn 0.122366 -0.403086 0.906944
vn 0.851304 0.504061 -0.145618
vn 0.482750 -0.707285 0.516430
vn 0.647150 0.739600 0.184900
vn 0.122807 0.140351 0.982456
vn 0.279752 -0.839254 0.466253
vn 0.125803 0.131587 0.983290
vn 0.776349 0.630303 0.000000
vn 0.000000 -0.000000 -1.000000
vn 0.679562 0.733618 0.000000
vn 0.635323 0.763995 -0.112589
vn 0.233658 -0.617525 -0.751044
vn 0.657551 -0.625212 -0.420401
vn -0.779720 -0.188018 0.597232
vn 0.319277 -0.725629 -0.609529
vn 0.863437 0.503428 -0.032196
vn 0.884411 0.394140 -0.249942
vn 0.846916 -0.531454 -0.017052
vn 0.855702 -0.018571 0.517135
vn 0.791474 0.460708 0.401643
vn 0.851560 0.183196 0.491207
vn 0.460483 -0.766968 0.446895
vn -0.887875 -0.283390 -0.362448
vn 0.856282 0.299806 0.420592
vn 0.671892 0.146553 0.726005
vn -0.785593 -0.212764 -0.581012
vn 0.733387 0.268667 0.624469
vn -0.741344 -0.224581 -0.632433
vn -0.919148 0.030597 -0.392723
vn 0.758625 0.478744 0.441918
vn 0.872523 -0.480146 0.090350
vn 0.802740 0.340144 0.489807
vn 0.892053 0.427821 0.145641
vn 0.496256 0.710238 0.499291
vn 0.826830 -0.257236 0.500181
vn 0.560493 0.524906 0.640563
vn 0.684394 0.266602 0.678623
vn 0.778638 0.579343 -0.241007
vn -0.904519 0.038608 0.424683
vn -0.965518 0.243168 -0.092976
vn 0.630764 -0.702441 -0.329717
vn -0.828419 0.303597 0.470692
vn 0.850556 0.367180 -0.376476
vn -0.906623 -0.011826 0.421777
vn 0.356655 -0.673682 -0.647263
vn 0.878480 -0.468674 -0.092829
vn 0.786059 0.491287 -0.375165
vn 0.869077 0.481864 0.111861
vn 0.673903 -0.666834 0.318101
vn -0.629717 0.711749 -0.311239
vn 0.683841 -0.666745 0.296331
vn -0.549000 0.812371 -0.196601
vn -0.148843 -0.085053 -0.985196
vn 0.496523 0.553815 0.668397
vn 0.569589 0.364537 0.736669
vn 0.739012 0.246337 0.627040
vn -0.696772 -0.271227 -0.664037
vn -0.345398 0.282599 -0.894896
vn -0.743934 -0.187448 -0.641424
vn 0.693037 -0.294451 0.658026
vn 0.603801 -0.761315 -0.236270
vn 0.264907 0.927173 -0.264906
vn 0.333333 -0.666667 -0.666667
vn -0.734150 -0.185497 0.653158
vn -0.970189 -0.237774 0.046861
vn 0.468521 0.624695 -0.624695
vn 0.857374 -0.366170 -0.361704
vn 0.613514 0.703296 -0.359130
vn 0.781613 -0.586209 0.213167
vn 0.793824 0.568306 0.216498
vn 0.014696 -0.986738 0.161657
vn 0.554645 -0.750361 0.359620
vn 0.723178 0.455916 0.518801
vn 0.466420 0.881958 -0.067843
vn 0.329646 0.764179 0.554404
vn -0.283756 0.157641 -0.945850
vn 0.846203 0.330887 0.417677
vn -0.888973 -0.260561 -0.376609
vn 0.466420 0.881958 -0.067843
vn 0.775880 0.282138 -0.564277
vn 0.507358 0.184494 0.841754
vn 0.885841 0.065618 0.459325
vn 0.253489 -0.088721 0.963261
vn 0.057490 -0.503038 0.862350
vn -0.453701 0.126028 0.882197
vn 0.156174 0.937042 0.312348
vn -0.252856 -0.861583 -0.440157
vn 0.885841 0.065618 0.459325
vn -0.453701 0.126028 0.882197
vn 0.607142 -0.275974 -0.745129
vn 0.563016 -0.310233 0.766008
vn 0.784212 -0.553884 -0.279684
vn -0.872297 -0.038484 0.487460
vn -0.994790 -0.100921 -0.014417
vn -0.965518 0.243168 -0.092976
vn 0.799953 -0.599128 0.033471
vn 0.826771 0.561946 -0.025837
vn -0.976346 -0.166216 -0.138281
vn -0.966992 0.099131 -0.234734
vn -0.975997 0.019717 0.216888
vn 0.771880 -0.635666 0.011351
vn 0.946157 0.239167 0.218142
vn 0.821713 -0.466882 0.326818
vn 0.739260 -0.551687 0.386181
vn 0.666667 -0.666667 0.333333
vn 0.743593 0.407360 0.530214
vn 0.849765 0.388164 0.356691
vn 0.791474 0.460708 0.401643
vn 0.676897 0.668329 0.308459
vn 0.694175 -0.490710 0.526616
vn 0.821713 -0.466882 0.326818
vn 0.739260 -0.551687 0.386181
vn 0.595175 0.787101 0.161980
vn 0.534181 -0.783466 -0.317541
vn 0.872133 0.367931 -0.322507
vn 0.387760 -0.553942 -0.736743
vn 0.712241 -0.684978 -0.153353
vn 0.952711 0.285813 0.103210
vn 0.931810 0.313506 -0.182879
vn 0.907789 -0.325291 0.264772
vn 0.910675 -0.404744 0.082789
vn 0.846920 0.526117 0.076993
vn 0.849765 0.388164 0.356691
vn 0.791474 0.460708 0.401643
vn -0.260211 0.919413 -0.294906
vn 0.499884 0.854724 0.139864
vn 0.744433 0.160388 0.648148
vn 0.747921 0.498614 0.438176
vn 0.659425 -0.319077 0.680697
vn -0.515434 0.557682 -0.650629
vn -0.390212 -0.068861 -0.918146
vn 0.602301 -0.721274 -0.342048
vn 0.725338 0.646619 -0.236156
vn 0.368449 -0.653160 -0.661534
vn 0.777786 -0.468666 -0.418808
vn 0.583520 0.734802 -0.345789
vn 0.857374 -0.366170 -0.361704
vn 0.898168 -0.399186 -0.184240
vn 0.434988 0.543735 -0.717731
vn 0.925550 -0.343776 -0.158666
vn 0.911977 -0.405323 -0.063332
vn 0.779411 0.615140 -0.118834
vn 0.924863 0.219113 0.310835
vn 0.489286 -0.850806 0.191649
vn -0.883933 -0.302398 -0.356675
vn 0.874693 0.263218 0.406975
vn 0.627902 0.235463 -0.741819
vn 0.634352 0.192052 0.748808
vn 0.732215 -0.580495 -0.356213
vn 0.390360 0.780720 -0.487950
vn 0.640312 0.685510 -0.346522
vn -0.815592 -0.313689 -0.486218
vn -0.105409 0.527046 -0.843274
vn 0.647150 0.739600 0.184900
vn 0.122807 0.140351 0.982456
vn 0.000000 0.970142 0.242536
vn 0.925024 0.088660 0.369418
vn 0.396207 -0.372901 0.839026
vn 0.482750 -0.707285 0.516430
vn -0.814822 0.452679 -0.362143
vn 0.223330 0.974531 0.020303
vn 0.966204 -0.201292 0.161034
vn -0.814822 0.452679 -0.362143
vn 0.349790 0.766847 0.538138
vn 0.647150 0.739600 0.184900
vn 0.000000 0.970142 0.242536
vn 0.279752 -0.839254 0.466253
vn 0.959668 0.246662 0.134893
vn 0.548128 -0.822193 -0.153476
vn 0.944648 0.283394 -0.165313
vn 0.540688 0.813833 0.212913
vn 0.894447 -0.300676 0.330996
vn 0.689768 -0.692920 0.209957
vn 0.931709 -0.232927 0.278681
vn -0.814822 0.452679 -0.362143
vn 0.482750 -0.707285 0.516430
vn 0.279752 -0.839254 0.466253
vn -0.283756 0.157641 -0.945850
vn 0.879706 0.271411 0.390452
vn 0.390566 0.650945 -0.650945
vn -0.352749 -0.413875 -0.839211
vn -0.252856 -0.861583 -0.440157
vn -0.996558 -0.058621 0.058621
vn 0.057490 -0.503038 0.862350
vn -0.453701 0.126028 0.882197
vn 0.390566 0.650945 -0.650945
vn -0.996558 -0.058621 0.058621
vn 0.594070 0.172472 -0.785706
vn -0.497056 -0.622031 -0.604990
vn 0.593814 0.531307 0.604232
vn 0.646414 0.218786 0.730946
vn -0.714512 -0.248859 -0.653866
vn 0.700877 -0.693652 -0.166187
vn 0.827706 0.553024 -0.095223
vn 0.776100 -0.630581 0.006063
vn 0.788261 0.593315 0.163162
vn 0.821713 -0.466882 0.326818
vn 0.769264 -0.613303 0.179144
vn 0.849122 0.523010 0.073837
vn 0.849765 0.388164 0.356691
vn 0.496523 0.553815 0.668397
vn 0.732949 0.597218 0.325756
vn 0.752817 0.209752 0.623916
vn 0.813699 -0.578900 -0.052627
vn 0.791924 0.600770 -0.109231
vn 0.600467 0.782120 -0.166516
vn 0.934481 -0.313927 0.167915
vn 0.911977 -0.405323 -0.063332
vn 0.947159 -0.172211 0.270617
vn 0.809491 0.539660 0.231283
vn 0.166886 -0.090461 0.981818
vn 0.587344 -0.230546 0.775806
vn 0.941449 0.033548 0.335483
vn 0.656132 -0.656132 0.372802
vn 0.938234 0.084694 0.335476
vn 0.345391 0.938458 0.000967
vn -0.815592 -0.313689 -0.486218
vn 0.223330 0.974531 0.020303
vn -0.352749 -0.413875 -0.839211
vn -0.722050 -0.294584 -0.625990
vn -0.865526 -0.492613 0.090543
vn -0.996558 -0.058621 0.058621
vn -0.514302 -0.624511 -0.587775
vn -0.767467 -0.562809 -0.306987
vn -0.780835 -0.367452 -0.505247
vn 0.000000 0.970142 0.242536
vn -0.885603 -0.311601 -0.344402
vn 0.905745 0.235706 0.352234
vn 0.891371 0.205785 0.403868
vn 0.636148 0.769295 -0.059177
vn 0.775880 0.282138 -0.564277
vn 0.978980 -0.122373 0.163163
vn 0.775880 0.282138 -0.564277
vn -0.120386 0.240772 0.963087
vn 0.507358 0.184494 0.841754
vn 0.673189 0.673189 0.305995
vn 0.349790 0.766847 0.538138
vn 0.737396 -0.034298 0.674589
vn 0.980858 -0.041612 0.190227
vn -0.770489 -0.241774 -0.589823
vn -0.934878 -0.311627 -0.169978
vn 0.731261 -0.268116 -0.627193
vn 0.777439 -0.541851 -0.319353
vn 0.696932 0.016021 0.716959
vn -0.743934 -0.187448 -0.641424
vn 0.662432 -0.076209 -0.745236
vn 0.636548 -0.068202 0.768216
vn 0.177136 0.054973 0.982650
vn 0.611769 0.279666 0.739950
vn -0.283756 0.157641 -0.945850
vn 0.924624 0.226564 0.306168
vn -0.888568 -0.279841 -0.363505
vn 0.390566 0.650945 -0.650945
vn 0.594070 0.172472 -0.785706
vn 0.253489 -0.088721 0.963261
vn 0.057490 -0.503038 0.862350
vn 0.496523 0.553815 0.668397
vn 0.681965 0.203632 0.702465
vn 0.732949 0.597218 0.325756
vn -0.670907 -0.299033 -0.678575
vn -0.934878 -0.311627 -0.169978
vn 0.732949 0.597218 0.325756
vn 0.874157 0.291387 0.388515
vn -0.934878 -0.311627 -0.169978
vn 0.594070 0.172472 -0.785706
vn -0.261784 -0.560968 -0.785356
vn -0.208231 0.416463 0.884985
vn 0.507358 0.184494 0.841754
vn 0.253489 -0.088721 0.963261
vn 0.724979 -0.283401 0.627766
vn 0.922079 -0.202408 -0.329850
vn 0.783269 -0.561148 -0.267585
vn 0.846461 0.055933 0.529505
vn -0.527457 0.056513 -0.847700
vn 0.759324 0.227006 -0.609832
vn 0.832335 0.499401 -0.240452
vn -0.990704 0.123839 0.056290
vn 0.223330 0.974531 0.020303
vn -0.780835 -0.367452 -0.505247
vn 0.673189 0.673189 0.305995
vn 0.349790 0.766847 0.538138
vn -0.990704 0.123839 0.056290
vn 0.000000 -0.000000 1.000000
vn 0.673189 0.673189 0.305995
vn 0.722820 0.327315 0.608601
vn 0.960644 0.166037 -0.222701
vn 0.832335 0.499401 -0.240452
vn -0.990704 0.123839 0.056290
vn -0.497056 -0.622031 -0.604990
vn -0.120386 0.240772 0.963087
vn -0.780835 -0.367452 -0.505247
vn 0.184435 -0.019653 0.982648
vn 0.659474 0.022740 0.751384
vn 0.180344 -0.068775 0.981196
vn 0.821370 -0.570396 0.000000
vn 0.968803 -0.247833 0.000000
vn 0.821370 -0.570396 0.000000
vn 0.000000 -0.000000 -1.000000
vn 0.968803 -0.247833 0.000000
vn 0.711697 0.105770 0.694479
vn -0.697831 -0.295820 -0.652321
vn -0.345398 0.282599 -0.894896
vn 0.755500 0.173078 0.631873
vn -0.744845 -0.082761 -0.662085
vn 0.844460 0.025021 -0.535034
vn 0.167855 0.076565 0.982834
vn 0.983130 0.182908 0.000000
vn 0.855500 0.517803 0.000000
vn 0.000000 -0.000000 -1.000000
vn 0.983130 0.182908 0.000000
vn 0.855500 0.517803 0.000000
vn 0.738313 -0.052737 0.672393
vn -0.345398 0.282599 -0.894896
vn -0.718835 -0.172884 -0.673340
vn 0.802331 0.026969 0.596270
vn 0.961641 -0.094588 -0.257489
vn 0.783943 0.161400 0.599486
vn -0.689018 -0.164198 -0.705899
vn 0.771517 0.154303 0.617214
vn -0.747093 -0.140756 -0.649646
vn 0.181288 0.005755 0.983413
vn 0.983130 0.182908 0.000000
vn 0.968803 -0.247833 0.000000
vn 0.000000 -0.000000 -1.000000
vn 0.983130 0.182908 0.000000
vn 0.968803 -0.247833 0.000000
f 3380/3380/3380 3378/3378/3378 2763/2763/2763
f 3378/3378/3378 3380/3380/3380 3561/3561/3561
f 3561/3561/3561 3380/3380/3380 3564/3564/3564
f 2763/2763/2763 3378/3378/3378 2761/2761/2761
f 2763/2763/2763 2761/2761/2761 3921/3921/3921
f 2763/2763/2763 3921/3921/3921 3924/3924/3924
f 2760/2760/2760 3377/3377/3377 3261/3261/3261
f 3261/3261/3261 3377/3377/3377 3517/3517/3517
f 2760/2760/2760 3261/3261/3261 2619/2619/2619
f 3517/3517/3517 3377/3377/3377 3560/3560/3560
f 2760/2760/2760 2619/2619/2619 3919/3919/3919
f 3517/3517/3517 3560/3560/3560 3558/3558/3558
f 3919/3919/3919 2619/2619/2619 3917/3917/3917
f 3558/3558/3558 3560/3560/3560 3583/3583/3583
f 3919/3919/3919 3917/3917/3917 6400/6400/6400
f 3558/3558/3558 3583/3583/3583 3526/3526/3526
f 6400/6400/6400 3917/3917/3917 6239/6239/6239
f 3526/3526/3526 3583/3583/3583 3574/3574/3574
f 6400/6400/6400 6239/6239/6239 7775/7775/7775
f 3526/3526/3526 3574/3574/3574 3327/3327/3327
f 7775/7775/7775 6239/6239/6239 7537/7537/7537
f 3327/3327/3327 3574/3574/3574 3431/3431/3431
f 7775/7775/7775 7537/7537/7537 8074/8074/8074
f 3327/3327/3327 3431/3431/3431 2841/2841/2841
f 8074/8074/8074 7537/7537/7537 8016/8016/8016
f 2841/2841/2841 3431/3431/3431 2911/2911/2911
f 8074/8074/8074 8016/8016/8016 8089/8089/8089
f 2841/2841/2841 2911/2911/2911 225/225/225
f 8089/8089/8089 8016/8016/8016 8060/8060/8060
f 225/225/225 2911/2911/2911 227/227/227
f 8089/8089/8089 8060/8060/8060 8062/8062/8062
f 225/225/225 227/227/227 6012/6012/6012
f 8062/8062/8062 8060/8060/8060 7979/7979/7979
f 6012/6012/6012 227/227/227 6116/6116/6116
f 8062/8062/8062 7979/7979/7979 7637/7637/7637
f 6012/6012/6012 6116/6116/6116 7256/7256/7256
f 7637/7637/7637 7979/7979/7979 7256/7256/7256
f 7637/7637/7637 7256/7256/7256 6116/6116/6116
f 3379/3379/3379 2762/2762/2762 8077/8077/8077
f 8077/8077/8077 2762/2762/2762 3922/3922/3922
f 3379/3379/3379 8077/8077/8077 3563/3563/3563
f 8077/8077/8077 3922/3922/3922 6402/6402/6402
f 8077/8077/8077 6402/6402/6402 7777/7777/7777
f 3563/3563/3563 8077/8077/8077 3586/3586/3586
f 3586/3586/3586 8077/8077/8077 3576/3576/3576
f 3576/3576/3576 8077/8077/8077 3433/3433/3433
f 3433/3433/3433 8077/8077/8077 2914/2914/2914
f 2914/2914/2914 8077/8077/8077 231/231/231
f 231/231/231 8077/8077/8077 6119/6119/6119
f 6119/6119/6119 8077/8077/8077 7640/7640/7640
f 7640/7640/7640 8077/8077/8077 8066/8066/8066
f 8066/8066/8066 8077/8077/8077 8092/8092/8092
f 3923/3923/3923 3920/3920/3920 6403/6403/6403
f 6403/6403/6403 3920/3920/3920 6401/6401/6401
f 6403/6403/6403 6401/6401/6401 7778/7778/7778
f 7778/7778/7778 6401/6401/6401 7776/7776/7776
f 7778/7778/7778 7776/7776/7776 8079/8079/8079
f 8079/8079/8079 7776/7776/7776 8076/8076/8076
f 6240/6240/6240 3918/3918/3918 3916/3916/3916
f 3916/3916/3916 3918/3918/3918 2451/2451/2451
f 6240/6240/6240 3916/3916/3916 6115/6115/6115
f 6240/6240/6240 6115/6115/6115 7539/7539/7539
f 7539/7539/7539 6115/6115/6115 7255/7255/7255
f 2451/2451/2451 3918/3918/3918 2620/2620/2620
f 2451/2451/2451 2620/2620/2620 3221/3221/3221
f 3221/3221/3221 2620/2620/2620 3263/3263/3263
f 6114/6114/6114 3915/3915/3915 6291/6291/6291
f 6114/6114/6114 6291/6291/6291 7253/7253/7253
f 7253/7253/7253 6291/6291/6291 7598/7598/7598
f 6291/6291/6291 3915/3915/3915 3913/3913/3913
f 6291/6291/6291 3913/3913/3913 6332/6332/6332
f 6332/6332/6332 3913/3913/3913 3910/3910/3910
f 3913/3913/3913 3915/3915/3915 2450/2450/2450
f 3913/3913/3913 2450/2450/2450 2615/2615/2615
f 2615/2615/2615 2450/2450/2450 3283/3283/3283
f 3283/3283/3283 2450/2450/2450 3220/3220/3220
f 8017/8017/8017 7538/7538/7538 7254/7254/7254
f 8017/8017/8017 7254/7254/7254 7916/7916/7916
f 8017/8017/8017 7916/7916/7916 8061/8061/8061
f 8061/8061/8061 7916/7916/7916 8015/8015/8015
f 8061/8061/8061 8015/8015/8015 7980/7980/7980
f 7980/7980/7980 8015/8015/8015 7859/7859/7859
f 7980/7980/7980 7859/7859/7859 7258/7258/7258
f 7258/7258/7258 7859/7859/7859 7099/7099/7099
f 8078/8078/8078 8075/8075/8075 8093/8093/8093
f 8093/8093/8093 8075/8075/8075 8090/8090/8090
f 8094/8094/8094 8091/8091/8091 8067/8067/8067
f 8067/8067/8067 8091/8091/8091 8064/8064/8064
f 8065/8065/8065 8063/8063/8063 7639/7639/7639
f 7639/7639/7639 8063/8063/8063 7638/7638/7638
f 7639/7639/7639 7638/7638/7638 6118/6118/6118
f 6118/6118/6118 7638/7638/7638 6117/6117/6117
f 6118/6118/6118 6117/6117/6117 228/228/228
f 6118/6118/6118 228/228/228 230/230/230
f 7858/7858/7858 8014/8014/8014 8010/8010/8010
f 7858/7858/7858 8010/8010/8010 7096/7096/7096
f 7096/7096/7096 8010/8010/8010 7371/7371/7371
f 8010/8010/8010 8014/8014/8014 8073/8073/8073
f 8073/8073/8073 8014/8014/8014 7915/7915/7915
f 8010/8010/8010 8073/8073/8073 8084/8084/8084
f 8010/8010/8010 8084/8084/8084 8039/8039/8039
f 8084/8084/8084 8073/8073/8073 8054/8054/8054
f 8054/8054/8054 8073/8073/8073 8043/8043/8043
f 8043/8043/8043 8073/8073/8073 7915/7915/7915
f 8043/8043/8043 7915/7915/7915 7597/7597/7597
f 7597/7597/7597 7915/7915/7915 7252/7252/7252
f 6013/6013/6013 7257/7257/7257 7098/7098/7098
f 6013/6013/6013 7098/7098/7098 5891/5891/5891
f 6013/6013/6013 5891/5891/5891 226/226/226
f 226/226/226 5891/5891/5891 224/224/224
f 226/226/226 224/224/224 2842/2842/2842
f 2842/2842/2842 224/224/224 2759/2759/2759
f 2842/2842/2842 2759/2759/2759 3329/3329/3329
f 3329/3329/3329 2759/2759/2759 3260/3260/3260
f 232/232/232 229/229/229 2916/2916/2916
f 2916/2916/2916 229/229/229 2913/2913/2913
f 2915/2915/2915 2912/2912/2912 3434/3434/3434
f 3434/3434/3434 2912/2912/2912 3432/3432/3432
f 3434/3434/3434 3432/3432/3432 3577/3577/3577
f 3577/3577/3577 3432/3432/3432 3575/3575/3575
f 3577/3577/3577 3575/3575/3575 3587/3587/3587
f 3587/3587/3587 3575/3575/3575 3584/3584/3584
f 2758/2758/2758 223/223/223 2879/2879/2879
f 2758/2758/2758 2879/2879/2879 3258/3258/3258
f 3258/3258/3258 2879/2879/2879 3363/3363/3363
f 2879/2879/2879 223/223/223 222/222/222
f 2879/2879/2879 222/222/222 2886/2886/2886
f 222/222/222 223/223/223 5890/5890/5890
f 2886/2886/2886 222/222/222 220/220/220
f 220/220/220 222/222/222 6010/6010/6010
f 6010/6010/6010 222/222/222 5890/5890/5890
f 220/220/220 6010/6010/6010 6062/6062/6062
f 6010/6010/6010 5890/5890/5890 7372/7372/7372
f 7372/7372/7372 5890/5890/5890 7097/7097/7097
f 3527/3527/3527 3328/3328/3328 3257/3257/3257
f 3527/3527/3527 3257/3257/3257 3488/3488/3488
f 3527/3527/3527 3488/3488/3488 3559/3559/3559
f 3559/3559/3559 3488/3488/3488 3524/3524/3524
f 3559/3559/3559 3524/3524/3524 3518/3518/3518
f 3518/3518/3518 3524/3524/3524 3459/3459/3459
f 3518/3518/3518 3459/3459/3459 3262/3262/3262
f 3262/3262/3262 3459/3459/3459 3218/3218/3218
f 3588/3588/3588 3585/3585/3585 3565/3565/3565
f 3565/3565/3565 3585/3585/3585 3562/3562/3562
f 3489/3489/3489 3259/3259/3259 3364/3364/3364
f 3489/3489/3489 3364/3364/3364 3543/3543/3543
f 3489/3489/3489 3543/3543/3543 3570/3570/3570
f 3570/3570/3570 3543/3543/3543 3550/3550/3550
f 3489/3489/3489 3570/3570/3570 3525/3525/3525
f 3570/3570/3570 3550/3550/3550 3578/3578/3578
f 3525/3525/3525 3570/3570/3570 3520/3520/3520
f 3520/3520/3520 3570/3570/3570 3578/3578/3578
f 3520/3520/3520 3578/3578/3578 3541/3541/3541
f 3525/3525/3525 3520/3520/3520 3460/3460/3460
f 3460/3460/3460 3520/3520/3520 3219/3219/3219
f 3219/3219/3219 3520/3520/3520 3282/3282/3282
f 3544/3544/3544 3365/3365/3365 3552/3552/3552
f 3552/3552/3552 3365/3365/3365 3384/3384/3384
f 3384/3384/3384 3365/3365/3365 2880/2880/2880
f 3384/3384/3384 2880/2880/2880 2888/2888/2888
f 3552/3552/3552 3384/3384/3384 3297/3297/3297
f 3552/3552/3552 3297/3297/3297 3500/3500/3500
f 3521/3521/3521 3542/3542/3542 3284/3284/3284
f 3284/3284/3284 3542/3542/3542 3303/3303/3303
f 3284/3284/3284 3303/3303/3303 2617/2617/2617
f 2617/2617/2617 3303/3303/3303 2667/2667/2667
f 3579/3579/3579 3551/3551/3551 3499/3499/3499
f 3196/3196/3196 3499/3499/3499 3295/3295/3295
f 3499/3499/3499 3196/3196/3196 3348/3348/3348
f 3579/3579/3579 3499/3499/3499 3519/3519/3519
f 3519/3519/3519 3499/3499/3499 3348/3348/3348
f 3579/3579/3579 3519/3519/3519 3540/3540/3540
f 3519/3519/3519 3348/3348/3348 3376/3376/3376
f 3376/3376/3376 3348/3348/3348 3281/3281/3281
f 3540/3540/3540 3519/3519/3519 3452/3452/3452
f 3452/3452/3452 3519/3519/3519 3376/3376/3376
f 3540/3540/3540 3452/3452/3452 3302/3302/3302
f 3302/3302/3302 3452/3452/3452 3185/3185/3185
f 3452/3452/3452 3376/3376/3376 3270/3270/3270
f 3452/3452/3452 3270/3270/3270 3185/3185/3185
f 3185/3185/3185 3270/3270/3270 3003/3003/3003
f 3270/3270/3270 3376/3376/3376 3346/3346/3346
f 3270/3270/3270 3346/3346/3346 3253/3253/3253
f 3914/3914/3914 2616/2616/2616 3911/3911/3911
f 2618/2618/2618 2668/2668/2668 3912/3912/3912
f 3301/3301/3301 3184/3184/3184 2666/2666/2666
f 2666/2666/2666 3184/3184/3184 2449/2449/2449
f 2449/2449/2449 3184/3184/3184 3002/3002/3002
f 2449/2449/2449 3002/3002/3002 2140/2140/2140
f 2666/2666/2666 2449/2449/2449 3905/3905/3905
f 3905/3905/3905 2449/2449/2449 2140/2140/2140
f 2666/2666/2666 3905/3905/3905 3909/3909/3909
f 3905/3905/3905 2140/2140/2140 3809/3809/3809
f 3909/3909/3909 3905/3905/3905 6331/6331/6331
f 3905/3905/3905 3809/3809/3809 6090/6090/6090
f 3905/3905/3905 6090/6090/6090 6331/6331/6331
f 6090/6090/6090 3809/3809/3809 5762/5762/5762
f 6331/6331/6331 6090/6090/6090 7683/7683/7683
f 7683/7683/7683 6090/6090/6090 7201/7201/7201
f 3004/3004/3004 3271/3271/3271 3254/3254/3254
f 3004/3004/3004 3254/3254/3254 3001/3001/3001
f 3004/3004/3004 3001/3001/3001 2141/2141/2141
f 2141/2141/2141 3001/3001/3001 2133/2133/2133
f 2133/2133/2133 3001/3001/3001 3027/3027/3027
f 2141/2141/2141 2133/2133/2133 3807/3807/3807
f 2141/2141/2141 3807/3807/3807 3810/3810/3810
f 3375/3375/3375 3278/3278/3278 3344/3344/3344
f 3347/3347/3347 3195/3195/3195 3280/3280/3280
f 3280/3280/3280 3195/3195/3195 3078/3078/3078
f 3345/3345/3345 3279/3279/3279 3373/3373/3373
f 3345/3345/3345 3373/3373/3373 3252/3252/3252
f 3373/3373/3373 3279/3279/3279 3289/3289/3289
f 3289/3289/3289 3279/3279/3279 3076/3076/3076
f 3289/3289/3289 3076/3076/3076 3073/3073/3073
f 3252/3252/3252 3373/3373/3373 3268/3268/3268
f 3252/3252/3252 3268/3268/3268 3000/3000/3000
f 3000/3000/3000 3268/3268/3268 3025/3025/3025
f 3197/3197/3197 3296/3296/3296 2374/2374/2374
f 3197/3197/3197 2374/2374/2374 3079/3079/3079
f 2374/2374/2374 3296/3296/3296 2691/2691/2691
f 2691/2691/2691 3296/3296/3296 3383/3383/3383
f 2374/2374/2374 2691/2691/2691 166/166/166
f 2691/2691/2691 3383/3383/3383 2887/2887/2887
f 166/166/166 2691/2691/2691 219/219/219
f 219/219/219 2691/2691/2691 2887/2887/2887
f 219/219/219 2887/2887/2887 221/221/221
f 166/166/166 219/219/219 5540/5540/5540
f 219/219/219 221/221/221 6061/6061/6061
f 5540/5540/5540 219/219/219 5889/5889/5889
f 5889/5889/5889 219/219/219 6061/6061/6061
f 5540/5540/5540 5889/5889/5889 6633/6633/6633
f 5889/5889/5889 6061/6061/6061 7247/7247/7247
f 5889/5889/5889 7247/7247/7247 6633/6633/6633
f 3077/3077/3077 2373/2373/2373 2371/2371/2371
f 2375/2375/2375 168/168/168 2372/2372/2372
f 2372/2372/2372 168/168/168 165/165/165
f 2372/2372/2372 165/165/165 2420/2420/2420
f 2420/2420/2420 165/165/165 163/163/163
f 2372/2372/2372 2420/2420/2420 3075/3075/3075
f 2372/2372/2372 3075/3075/3075 3080/3080/3080
f 2420/2420/2420 163/163/163 2418/2418/2418
f 2418/2418/2418 163/163/163 161/161/161
f 6011/6011/6011 7373/7373/7373 7437/7437/7437
f 6011/6011/6011 7437/7437/7437 6063/6063/6063
f 6063/6063/6063 7437/7437/7437 7248/7248/7248
f 7437/7437/7437 7373/7373/7373 8040/8040/8040
f 8040/8040/8040 7373/7373/7373 8011/8011/8011
f 7436/7436/7436 8038/8038/8038 7828/7828/7828
f 7436/7436/7436 7828/7828/7828 7246/7246/7246
f 7828/7828/7828 8038/8038/8038 8006/8006/8006
f 8006/8006/8006 8038/8038/8038 8083/8083/8083
f 7246/7246/7246 7828/7828/7828 7308/7308/7308
f 7246/7246/7246 7308/7308/7308 6632/6632/6632
f 7828/7828/7828 8006/8006/8006 7631/7631/7631
f 7828/7828/7828 7631/7631/7631 7308/7308/7308
f 7308/7308/7308 7631/7631/7631 7593/7593/7593
f 7308/7308/7308 7593/7593/7593 7306/7306/7306
f 7593/7593/7593 7631/7631/7631 7423/7423/7423
f 7631/7631/7631 8006/8006/8006 7426/7426/7426
f 7426/7426/7426 8006/8006/8006 7895/7895/7895
f 7895/7895/7895 8006/8006/8006 8083/8083/8083
f 7426/7426/7426 7895/7895/7895 6785/6785/6785
f 7895/7895/7895 8083/8083/8083 8053/8053/8053
f 7895/7895/7895 8053/8053/8053 7202/7202/7202
f 7202/7202/7202 8053/8053/8053 7684/7684/7684
f 5541/5541/5541 6634/6634/6634 6631/6631/6631
f 7307/7307/7307 6634/6634/6634 7309/7309/7309
f 6634/6634/6634 7307/7307/7307 6631/6631/6631
f 6631/6631/6631 7307/7307/7307 7303/7303/7303
f 5541/5541/5541 6631/6631/6631 5532/5532/5532
f 5541/5541/5541 5532/5532/5532 167/167/167
f 167/167/167 5532/5532/5532 164/164/164
f 5532/5532/5532 6631/6631/6631 5531/5531/5531
f 5532/5532/5532 5531/5531/5531 164/164/164
f 164/164/164 5531/5531/5531 162/162/162
f 162/162/162 5531/5531/5531 160/160/160
f 160/160/160 5531/5531/5531 5530/5530/5530
f 5531/5531/5531 6631/6631/6631 6656/6656/6656
f 5531/5531/5531 6656/6656/6656 5530/5530/5530
f 5530/5530/5530 6656/6656/6656 6654/6654/6654
f 6654/6654/6654 6656/6656/6656 7299/7299/7299
f 7299/7299/7299 6656/6656/6656 7303/7303/7303
f 7305/7305/7305 7592/7592/7592 7629/7629/7629
f 7305/7305/7305 7629/7629/7629 7302/7302/7302
f 7629/7629/7629 7592/7592/7592 7422/7422/7422
f 7629/7629/7629 7422/7422/7422 7418/7418/7418
f 7418/7418/7418 7422/7422/7422 6784/6784/6784
f 7629/7629/7629 7418/7418/7418 7623/7623/7623
f 7623/7623/7623 7418/7418/7418 7415/7415/7415
f 7632/7632/7632 7428/7428/7428 7425/7425/7425
f 7424/7424/7424 7427/7427/7427 6788/6788/6788
f 7630/7630/7630 7625/7625/7625 7304/7304/7304
f 7304/7304/7304 7625/7625/7625 7300/7300/7300
f 6630/6630/6630 7301/7301/7301 6655/6655/6655
f 6653/6653/6653 7298/7298/7298 6559/6559/6559
f 6653/6653/6653 6559/6559/6559 5529/5529/5529
f 6559/6559/6559 7298/7298/7298 7163/7163/7163
f 7163/7163/7163 7298/7298/7298 7624/7624/7624
f 7163/7163/7163 7624/7624/7624 7529/7529/7529
f 7529/7529/7529 7624/7624/7624 7242/7242/7242
f 7242/7242/7242 7624/7624/7624 7416/7416/7416
f 7163/7163/7163 7529/7529/7529 6689/6689/6689
f 6689/6689/6689 7529/7529/7529 7242/7242/7242
f 7163/7163/7163 6689/6689/6689 6559/6559/6559
f 6689/6689/6689 7242/7242/7242 7416/7416/7416
f 6689/6689/6689 7416/7416/7416 6780/6780/6780
f 6689/6689/6689 6780/6780/6780 5692/5692/5692
f 6689/6689/6689 5692/5692/5692 6559/6559/6559
f 5692/5692/5692 6780/6780/6780 5823/5823/5823
f 5692/5692/5692 5823/5823/5823 3795/3795/3795
f 6559/6559/6559 5692/5692/5692 5485/5485/5485
f 6559/6559/6559 5485/5485/5485 5529/5529/5529
f 5692/5692/5692 3795/3795/3795 3794/3794/3794
f 5692/5692/5692 3794/3794/3794 5485/5485/5485
f 3794/3794/3794 3795/3795/3795 2128/2128/2128
f 5529/5529/5529 5485/5485/5485 158/158/158
f 158/158/158 5485/5485/5485 3794/3794/3794
f 5529/5529/5529 158/158/158 159/159/159
f 159/159/159 158/158/158 2416/2416/2416
f 158/158/158 3794/3794/3794 2071/2071/2071
f 2071/2071/2071 3794/3794/3794 2128/2128/2128
f 2416/2416/2416 158/158/158 2318/2318/2318
f 2318/2318/2318 158/158/158 2071/2071/2071
f 2416/2416/2416 2318/2318/2318 3071/3071/3071
f 2071/2071/2071 2128/2128/2128 2971/2971/2971
f 2071/2071/2071 2971/2971/2971 2318/2318/2318
f 2971/2971/2971 2128/2128/2128 3022/3022/3022
f 3071/3071/3071 2318/2318/2318 3036/3036/3036
f 3036/3036/3036 2318/2318/2318 2971/2971/2971
f 3071/3071/3071 3036/3036/3036 3287/3287/3287
f 2971/2971/2971 3022/3022/3022 3229/3229/3229
f 2971/2971/2971 3229/3229/3229 3036/3036/3036
f 3229/3229/3229 3022/3022/3022 3265/3265/3265
f 3229/3229/3229 3265/3265/3265 3370/3370/3370
f 3287/3287/3287 3036/3036/3036 3246/3246/3246
f 3246/3246/3246 3036/3036/3036 3229/3229/3229
f 3287/3287/3287 3246/3246/3246 3370/3370/3370
f 3229/3229/3229 3370/3370/3370 3315/3315/3315
f 3315/3315/3315 3370/3370/3370 3246/3246/3246
f 3315/3315/3315 3246/3246/3246 3229/3229/3229
f 7417/7417/7417 7419/7419/7419 6782/6782/6782
f 6782/6782/6782 7419/7419/7419 6787/6787/6787
f 7417/7417/7417 6782/6782/6782 6781/6781/6781
f 6782/6782/6782 6787/6787/6787 5826/5826/5826
f 6782/6782/6782 5826/5826/5826 6781/6781/6781
f 6781/6781/6781 5826/5826/5826 5824/5824/5824
f 5824/5824/5824 5826/5826/5826 3804/3804/3804
f 5824/5824/5824 3804/3804/3804 3796/3796/3796
f 3797/3797/3797 3805/3805/3805 2131/2131/2131
f 3797/3797/3797 2131/2131/2131 2129/2129/2129
f 2129/2129/2129 2131/2131/2131 3026/3026/3026
f 2129/2129/2129 3026/3026/3026 3023/3023/3023
f 3023/3023/3023 3026/3026/3026 3269/3269/3269
f 3023/3023/3023 3269/3269/3269 3266/3266/3266
f 3803/3803/3803 5825/5825/5825 3806/3806/3806
f 3806/3806/3806 5825/5825/5825 5763/5763/5763
f 5763/5763/5763 5825/5825/5825 6783/6783/6783
f 3803/3803/3803 3806/3806/3806 2132/2132/2132
f 3803/3803/3803 2132/2132/2132 2130/2130/2130
f 2130/2130/2130 2132/2132/2132 3024/3024/3024
f 3811/3811/3811 3808/3808/3808 5765/5765/5765
f 3267/3267/3267 3372/3372/3372 3369/3369/3369
f 3267/3267/3267 3369/3369/3369 3264/3264/3264
f 3371/3371/3371 3374/3374/3374 3290/3290/3290
f 3371/3371/3371 3290/3290/3290 3288/3288/3288
f 3288/3288/3288 3290/3290/3290 3074/3074/3074
f 3288/3288/3288 3074/3074/3074 3072/3072/3072
f 3072/3072/3072 3074/3074/3074 2419/2419/2419
f 3072/3072/3072 2419/2419/2419 2417/2417/2417
f 3275/3275/3275 3325/3325/3325 3093/3093/3093
f 3275/3275/3275 3093/3093/3093 3095/3095/3095
f 3093/3093/3093 3325/3325/3325 3311/3311/3311
f 3093/3093/3093 3311/3311/3311 3008/3008/3008
f 3093/3093/3093 3008/3008/3008 2928/2928/2928
f 3093/3093/3093 2928/2928/2928 2986/2986/2986
f 3326/3326/3326 3276/3276/3276 2988/2988/2988
f 2988/2988/2988 3276/3276/3276 2991/2991/2991
f 3326/3326/3326 2988/2988/2988 3314/3314/3314
f 3314/3314/3314 2988/2988/2988 2875/2875/2875
f 3096/3096/3096 3094/3094/3094 2987/2987/2987
f 3096/3096/3096 2987/2987/2987 2990/2990/2990
f 3277/3277/3277 3097/3097/3097 2992/2992/2992
f 3009/3009/3009 3313/3313/3313 3272/3272/3272
f 3272/3272/3272 3313/3313/3313 3420/3420/3420
f 3010/3010/3010 3274/3274/3274 2931/2931/2931
f 3273/3273/3273 3421/3421/3421 2930/2930/2930
f 2929/2929/2929 3419/3419/3419 3312/3312/3312
f 2929/2929/2929 3312/3312/3312 2874/2874/2874
f 2932/2932/2932 2876/2876/2876 2989/2989/2989
f 1512/1512/1512 2498/2498/2498 2872/2872/2872
f 1512/1512/1512 2872/2872/2872 2284/2284/2284
f 2284/2284/2284 2872/2872/2872 2613/2613/2613
f 2613/2613/2613 2872/2872/2872 2908/2908/2908
f 2613/2613/2613 2908/2908/2908 2877/2877/2877
f 2877/2877/2877 2908/2908/2908 2933/2933/2933
f 2873/2873/2873 2500/2500/2500 2910/2910/2910
f 2499/2499/2499 1513/1513/1513 2285/2285/2285
f 2499/2499/2499 2285/2285/2285 2909/2909/2909
f 2909/2909/2909 2285/2285/2285 2934/2934/2934
f 2934/2934/2934 2285/2285/2285 2614/2614/2614
f 2934/2934/2934 2614/2614/2614 2878/2878/2878
f 855/855/855 1598/1598/1598 1511/1511/1511
f 855/855/855 1511/1511/1511 475/475/475
f 855/855/855 475/475/475 3972/3972/3972
f 855/855/855 3972/3972/3972 121/121/121
f 121/121/121 3972/3972/3972 4813/4813/4813
f 4813/4813/4813 3972/3972/3972 4741/4741/4741
f 121/121/121 4813/4813/4813 4746/4746/4746
f 121/121/121 4746/4746/4746 3907/3907/3907
f 3907/3907/3907 4746/4746/4746 4453/4453/4453
f 1510/1510/1510 1597/1597/1597 120/120/120
f 1510/1510/1510 120/120/120 474/474/474
f 119/119/119 1596/1596/1596 854/854/854
f 122/122/122 3908/3908/3908 478/478/478
f 473/473/473 3906/3906/3906 4811/4811/4811
f 4811/4811/4811 3906/3906/3906 4452/4452/4452
f 4811/4811/4811 4452/4452/4452 4745/4745/4745
f 4743/4743/4743 3973/3973/3973 477/477/477
f 4743/4743/4743 477/477/477 5228/5228/5228
f 5227/5227/5227 476/476/476 4815/4815/4815
f 4812/4812/4812 4740/4740/4740 5440/5440/5440
f 5441/5441/5441 4742/4742/4742 5224/5224/5224
f 5441/5441/5441 5224/5224/5224 5834/5834/5834
f 5441/5441/5441 5834/5834/5834 6330/6330/6330
f 5441/5441/5441 6330/6330/6330 5574/5574/5574
f 5441/5441/5441 5574/5574/5574 5233/5233/5233
f 5574/5574/5574 6330/6330/6330 6235/6235/6235
f 5233/5233/5233 5574/5574/5574 5774/5774/5774
f 5774/5774/5774 5574/5574/5574 6235/6235/6235
f 4814/4814/4814 5442/5442/5442 6237/6237/6237
f 4816/4816/4816 6238/6238/6238 5229/5229/5229
f 5226/5226/5226 6236/6236/6236 6637/6637/6637
f 5225/5225/5225 6636/6636/6636 6329/6329/6329
f 5225/5225/5225 6329/6329/6329 5833/5833/5833
f 6328/6328/6328 6635/6635/6635 6234/6234/6234
f 5773/5773/5773 6233/6233/6233 5439/5439/5439
f 5773/5773/5773 5439/5439/5439 5232/5232/5232
f 6819/6819/6819 5830/5830/5830 6231/6231/6231
f 6820/6820/6820 6232/6232/6232 6882/6882/6882
f 6882/6882/6882 6232/6232/6232 6657/6657/6657
f 6657/6657/6657 6232/6232/6232 6046/6046/6046
f 6046/6046/6046 6232/6232/6232 5831/5831/5831
f 5832/5832/5832 6821/6821/6821 6047/6047/6047
f 6047/6047/6047 6821/6821/6821 6883/6883/6883
f 6047/6047/6047 6883/6883/6883 6658/6658/6658
f 3207/3207/3207 3092/3092/3092 3158/3158/3158
f 3157/3157/3157 3091/3091/3091 3039/3039/3039
f 3155/3155/3155 3037/3037/3037 2953/2953/2953
f 3156/3156/3156 2959/2959/2959 3206/3206/3206
f 2960/2960/2960 3038/3038/3038 3090/3090/3090
f 3087/3087/3087 3203/3203/3203 3134/3134/3134
f 3204/3204/3204 2957/2957/2957 3168/3168/3168
f 3205/3205/3205 3169/3169/3169 3139/3139/3139
f 2958/2958/2958 3089/3089/3089 3129/3129/3129
f 3128/3128/3128 3088/3088/3088 3136/3136/3136
f 3135/3135/3135 3167/3167/3167 3178/3178/3178
f 3177/3177/3177 3166/3166/3166 2947/2947/2947
f 3130/3130/3130 3138/3138/3138 2985/2985/2985
f 2985/2985/2985 3138/3138/3138 3058/3058/3058
f 3137/3137/3137 3180/3180/3180 3059/3059/3059
f 3059/3059/3059 3180/3180/3180 3108/3108/3108
f 3106/3106/3106 3179/3179/3179 2955/2955/2955
f 3056/3056/3056 3105/3105/3105 2981/2981/2981
f 3056/3056/3056 2981/2981/2981 2925/2925/2925
f 3056/3056/3056 2925/2925/2925 2839/2839/2839
f 2839/2839/2839 2925/2925/2925 2903/2903/2903
f 2839/2839/2839 2903/2903/2903 2746/2746/2746
f 2839/2839/2839 2746/2746/2746 2601/2601/2601
f 2839/2839/2839 2601/2601/2601 2422/2422/2422
f 2422/2422/2422 2601/2601/2601 2134/2134/2134
f 2982/2982/2982 3107/3107/3107 2954/2954/2954
f 2924/2924/2924 2980/2980/2980 2946/2946/2946
f 3057/3057/3057 2840/2840/2840 2984/2984/2984
f 2984/2984/2984 2840/2840/2840 2424/2424/2424
f 2984/2984/2984 2424/2424/2424 2606/2606/2606
f 3006/3006/3006 3127/3127/3127 2983/2983/2983
f 3006/3006/3006 2983/2983/2983 2604/2604/2604
f 3006/3006/3006 2604/2604/2604 2688/2688/2688
f 3126/3126/3126 3005/3005/3005 2948/2948/2948
f 2690/2690/2690 2607/2607/2607 2218/2218/2218
f 2690/2690/2690 2218/2218/2218 2611/2611/2611
f 2216/2216/2216 2605/2605/2605 2423/2423/2423
f 3007/3007/3007 2689/2689/2689 2610/2610/2610
f 3007/3007/3007 2610/2610/2610 2951/2951/2951
f 2421/2421/2421 2838/2838/2838 2927/2927/2927
f 2949/2949/2949 2608/2608/2608 2754/2754/2754
f 2754/2754/2754 2608/2608/2608 2431/2431/2431
f 2433/2433/2433 2609/2609/2609 2144/2144/2144
f 2433/2433/2433 2144/2144/2144 2076/2076/2076
f 2076/2076/2076 2144/2144/2144 2217/2217/2217
f 2076/2076/2076 2217/2217/2217 2138/2138/2138
f 2138/2138/2138 2217/2217/2217 2009/2009/2009
f 2145/2145/2145 2612/2612/2612 2219/2219/2219
f 2432/2432/2432 2075/2075/2075 2755/2755/2755
f 2755/2755/2755 2075/2075/2075 2137/2137/2137
f 2755/2755/2755 2137/2137/2137 2600/2600/2600
f 2013/2013/2013 2220/2220/2220 2425/2425/2425
f 2139/2139/2139 2010/2010/2010 2602/2602/2602
f 2012/2012/2012 2426/2426/2426 2136/2136/2136
f 2011/2011/2011 2135/2135/2135 2603/2603/2603
f 2753/2753/2753 2599/2599/2599 2744/2744/2744
f 2753/2753/2753 2744/2744/2744 2905/2905/2905
f 2907/2907/2907 2956/2956/2956 2756/2756/2756
f 2906/2906/2906 2745/2745/2745 2950/2950/2950
f 2952/2952/2952 2747/2747/2747 2926/2926/2926
f 2926/2926/2926 2747/2747/2747 2904/2904/2904
f 67/67/67 65/65/65 4054/4054/4054
f 4052/4052/4052 64/64/64 4135/4135/4135
f 4135/4135/4135 64/64/64 3664/3664/3664
f 4135/4135/4135 3664/3664/3664 3802/3802/3802
f 4135/4135/4135 3802/3802/3802 4556/4556/4556
f 66/66/66 4053/4053/4053 4448/4448/4448
f 66/66/66 4448/4448/4448 3974/3974/3974
f 4051/4051/4051 4134/4134/4134 4445/4445/4445
f 4055/4055/4055 4447/4447/4447 4451/4451/4451
f 4451/4451/4451 4447/4447/4447 4899/4899/4899
f 4136/4136/4136 4557/4557/4557 4739/4739/4739
f 4739/4739/4739 4557/4557/4557 5135/5135/5135
f 4136/4136/4136 4739/4739/4739 4446/4446/4446
f 4446/4446/4446 4739/4739/4739 4897/4897/4897
f 4897/4897/4897 4739/4739/4739 5767/5767/5767
f 4897/4897/4897 5767/5767/5767 5944/5944/5944
f 3976/3976/3976 4449/4449/4449 4507/4507/4507
f 4507/4507/4507 4449/4449/4449 5079/5079/5079
f 3975/3975/3975 4506/4506/4506 4365/4365/4365
f 4365/4365/4365 4506/4506/4506 5082/5082/5082
f 4365/4365/4365 5082/5082/5082 5231/5231/5231
f 5231/5231/5231 5082/5082/5082 5545/5545/5545
f 5080/5080/5080 4450/4450/4450 4898/4898/4898
f 5080/5080/5080 4898/4898/4898 5844/5844/5844
f 5084/5084/5084 4508/4508/4508 5081/5081/5081
f 5546/5546/5546 5083/5083/5083 5078/5078/5078
f 5230/5230/5230 5542/5542/5542 5948/5948/5948
f 5544/5544/5544 5077/5077/5077 5842/5842/5842
f 5543/5543/5543 5840/5840/5840 5949/5949/5949
f 5950/5950/5950 5846/5846/5846 6113/6113/6113
f 6112/6112/6112 5843/5843/5843 6285/6285/6285
f 6285/6285/6285 5843/5843/5843 6006/6006/6006
f 5841/5841/5841 4896/4896/4896 5943/5943/5943
f 6009/6009/6009 5845/5845/5845 5946/5946/5946
f 5945/5945/5945 5768/5768/5768 6008/6008/6008
f 6008/6008/6008 5768/5768/5768 5539/5539/5539
f 6286/6286/6286 6007/6007/6007 6156/6156/6156
f 6158/6158/6158 6007/6007/6007 5881/5881/5881
f 5881/5881/5881 6007/6007/6007 5533/5533/5533
f 5766/5766/5766 4738/4738/4738 5537/5537/5537
f 5947/5947/5947 6005/6005/6005 6155/6155/6155
f 6005/6005/6005 5947/5947/5947 5535/5535/5535
f 6157/6157/6157 5947/5947/5947 5538/5538/5538
f 6157/6157/6157 5538/5538/5538 6108/6108/6108
f 6108/6108/6108 5538/5538/5538 5880/5880/5880
f 5880/5880/5880 5538/5538/5538 5435/5435/5435
f 5435/5435/5435 5538/5538/5538 5134/5134/5134
f 5132/5132/5132 5536/5536/5536 4737/4737/4737
f 5133/5133/5133 5534/5534/5534 5223/5223/5223
f 5136/5136/5136 4558/4558/4558 4736/4736/4736
f 1508/1508/1508 1673/1673/1673 2142/2142/2142
f 1673/1673/1673 1508/1508/1508 388/388/388
f 388/388/388 1508/1508/1508 314/314/314
f 388/388/388 314/314/314 3970/3970/3970
f 1509/1509/1509 2143/2143/2143 315/315/315
f 315/315/315 2143/2143/2143 1674/1674/1674
f 315/315/315 1674/1674/1674 3971/3971/3971
f 3971/3971/3971 1674/1674/1674 389/389/389
f 3199/3199/3199 3355/3355/3355 3331/3331/3331
f 3199/3199/3199 3331/3331/3331 3256/3256/3256
f 3199/3199/3199 3256/3256/3256 3111/3111/3111
f 3356/3356/3356 3200/3200/3200 3062/3062/3062
f 3354/3354/3354 3060/3060/3060 3109/3109/3109
f 3354/3354/3354 3109/3109/3109 3330/3330/3330
f 3330/3330/3330 3109/3109/3109 3255/3255/3255
f 3110/3110/3110 3061/3061/3061 3198/3198/3198
f 769/769/769 768/768/768 3901/3901/3901
f 3901/3901/3901 768/768/768 3661/3661/3661
f 768/768/768 769/769/769 1666/1666/1666
f 768/768/768 1666/1666/1666 1883/1883/1883
f 1667/1667/1667 770/770/770 625/625/625
f 1667/1667/1667 625/625/625 1591/1591/1591
f 625/625/625 770/770/770 3900/3900/3900
f 625/625/625 3900/3900/3900 4133/4133/4133
f 1885/1885/1885 1668/1668/1668 1594/1594/1594
f 1593/1593/1593 626/626/626 623/623/623
f 1592/1592/1592 622/622/622 1884/1884/1884
f 624/624/624 4130/4130/4130 619/619/619
f 1882/1882/1882 621/621/621 212/212/212
f 1882/1882/1882 212/212/212 767/767/767
f 767/767/767 212/212/212 3658/3658/3658
f 618/618/618 4129/4129/4129 3893/3893/3893
f 620/620/620 3894/3894/3894 211/211/211
f 214/214/214 3896/3896/3896 4123/4123/4123
f 213/213/213 4124/4124/4124 3663/3663/3663
f 4628/4628/4628 4132/4132/4132 3899/3899/3899
f 4132/4132/4132 4628/4628/4628 4810/4810/4810
f 4810/4810/4810 4628/4628/4628 5221/5221/5221
f 5221/5221/5221 4628/4628/4628 5027/5027/5027
f 4627/4627/4627 3898/3898/3898 3659/3659/3659
f 4809/4809/4809 3895/3895/3895 4131/4131/4131
f 3895/3895/3895 4809/4809/4809 4807/4807/4807
f 4807/4807/4807 4809/4809/4809 5219/5219/5219
f 4807/4807/4807 5219/5219/5219 5021/5021/5021
f 5021/5021/5021 5219/5219/5219 5758/5758/5758
f 5021/5021/5021 5758/5758/5758 5755/5755/5755
f 5021/5021/5021 5755/5755/5755 5291/5291/5291
f 5021/5021/5021 5291/5291/5291 4887/4887/4887
f 4887/4887/4887 5291/5291/5291 5281/5281/5281
f 4887/4887/4887 5281/5281/5281 4805/4805/4805
f 4805/4805/4805 5281/5281/5281 4803/4803/4803
f 4803/4803/4803 5281/5281/5281 5526/5526/5526
f 4803/4803/4803 5526/5526/5526 4624/4624/4624
f 4624/4624/4624 5526/5526/5526 5428/5428/5428
f 4624/4624/4624 5428/5428/5428 4874/4874/4874
f 4624/4624/4624 4874/4874/4874 4026/4026/4026
f 4026/4026/4026 4874/4874/4874 4872/4872/4872
f 4026/4026/4026 4872/4872/4872 3888/3888/3888
f 3888/3888/3888 4872/4872/4872 3886/3886/3886
f 3886/3886/3886 4872/4872/4872 4748/4748/4748
f 4748/4748/4748 4872/4872/4872 5236/5236/5236
f 4748/4748/4748 5236/5236/5236 5380/5380/5380
f 4748/4748/4748 5380/5380/5380 3671/3671/3671
f 3897/3897/3897 4808/4808/4808 4122/4122/4122
f 4122/4122/4122 4808/4808/4808 5022/5022/5022
f 4629/4629/4629 3662/3662/3662 5028/5028/5028
f 4040/4040/4040 3660/3660/3660 4121/4121/4121
f 4040/4040/4040 4121/4121/4121 4361/4361/4361
f 4040/4040/4040 4361/4361/4361 4289/4289/4289
f 4289/4289/4289 4361/4361/4361 4191/4191/4191
f 4191/4191/4191 4361/4361/4361 4283/4283/4283
f 3657/3657/3657 4038/4038/4038 5023/5023/5023
f 4120/4120/4120 5020/5020/5020 4886/4886/4886
f 4125/4125/4125 4889/4889/4889 4362/4362/4362
f 4039/4039/4039 4288/4288/4288 4893/4893/4893
f 4039/4039/4039 4893/4893/4893 5024/5024/5024
f 4893/4893/4893 4288/4288/4288 4731/4731/4731
f 4731/4731/4731 4288/4288/4288 4189/4189/4189
f 4731/4731/4731 4189/4189/4189 4728/4728/4728
f 4728/4728/4728 4189/4189/4189 4701/4701/4701
f 4701/4701/4701 4189/4189/4189 3723/3723/3723
f 4701/4701/4701 3723/3723/3723 4500/4500/4500
f 4500/4500/4500 3723/3723/3723 111/111/111
f 4500/4500/4500 111/111/111 3966/3966/3966
f 3966/3966/3966 111/111/111 381/381/381
f 3966/3966/3966 381/381/381 613/613/613
f 3966/3966/3966 613/613/613 3721/3721/3721
f 3721/3721/3721 613/613/613 3719/3719/3719
f 3719/3719/3719 613/613/613 699/699/699
f 3719/3719/3719 699/699/699 554/554/554
f 3719/3719/3719 554/554/554 3666/3666/3666
f 3666/3666/3666 554/554/554 2/2/2
f 554/554/554 699/699/699 941/941/941
f 2/2/2 554/554/554 633/633/633
f 633/633/633 554/554/554 941/941/941
f 633/633/633 941/941/941 1097/1097/1097
f 4282/4282/4282 4360/4360/4360 4888/4888/4888
f 4282/4282/4282 4888/4888/4888 4806/4806/4806
f 4282/4282/4282 4806/4806/4806 4804/4804/4804
f 4282/4282/4282 4804/4804/4804 3782/3782/3782
f 3782/3782/3782 4804/4804/4804 4625/4625/4625
f 5026/5026/5026 4895/4895/4895 5685/5685/5685
f 5685/5685/5685 4895/4895/4895 5216/5216/5216
f 5293/5293/5293 5757/5757/5757 5687/5687/5687
f 5293/5293/5293 5687/5687/5687 5218/5218/5218
f 5215/5215/5215 4894/4894/4894 4732/4732/4732
f 5215/5215/5215 4732/4732/4732 4729/4729/4729
f 5215/5215/5215 4729/4729/4729 5212/5212/5212
f 5212/5212/5212 4729/4729/4729 4702/4702/4702
f 5212/5212/5212 4702/4702/4702 5475/5475/5475
f 5475/5475/5475 4702/4702/4702 4501/4501/4501
f 5475/5475/5475 4501/4501/4501 5352/5352/5352
f 5352/5352/5352 4501/4501/4501 4800/4800/4800
f 4800/4800/4800 4501/4501/4501 3967/3967/3967
f 4800/4800/4800 3967/3967/3967 3722/3722/3722
f 4800/4800/4800 3722/3722/3722 4798/4798/4798
f 4798/4798/4798 3722/3722/3722 3720/3720/3720
f 4798/4798/4798 3720/3720/3720 4750/4750/4750
f 4798/4798/4798 4750/4750/4750 5309/5309/5309
f 4750/4750/4750 3720/3720/3720 3667/3667/3667
f 4750/4750/4750 3667/3667/3667 3/3/3
f 5686/5686/5686 5756/5756/5756 5689/5689/5689
f 5689/5689/5689 5756/5756/5756 5759/5759/5759
f 5689/5689/5689 5759/5759/5759 5482/5482/5482
f 5482/5482/5482 5759/5759/5759 5478/5478/5478
f 5684/5684/5684 5688/5688/5688 5025/5025/5025
f 5030/5030/5030 5691/5691/5691 5369/5369/5369
f 5029/5029/5029 5368/5368/5368 5222/5222/5222
f 5222/5222/5222 5368/5368/5368 5434/5434/5434
f 5690/5690/5690 5483/5483/5483 5367/5367/5367
f 5432/5432/5432 5760/5760/5760 5220/5220/5220
f 5479/5479/5479 5761/5761/5761 5433/5433/5433
f 5479/5479/5479 5433/5433/5433 5299/5299/5299
f 5366/5366/5366 5481/5481/5481 5295/5295/5295
f 5365/5365/5365 5294/5294/5294 5430/5430/5430
f 5297/5297/5297 5484/5484/5484 5300/5300/5300
f 5300/5300/5300 5484/5484/5484 5480/5480/5480
f 5296/5296/5296 5298/5298/5298 5431/5431/5431
f 5213/5213/5213 5292/5292/5292 5217/5217/5217
f 5292/5292/5292 5213/5213/5213 5282/5282/5282
f 5282/5282/5282 5213/5213/5213 5527/5527/5527
f 5527/5527/5527 5213/5213/5213 5476/5476/5476
f 3724/3724/3724 4190/4190/4190 4281/4281/4281
f 3724/3724/3724 4281/4281/4281 3781/3781/3781
f 3724/3724/3724 3781/3781/3781 113/113/113
f 3724/3724/3724 113/113/113 112/112/112
f 112/112/112 113/113/113 382/382/382
f 382/382/382 113/113/113 304/304/304
f 382/382/382 304/304/304 617/617/617
f 382/382/382 617/617/617 614/614/614
f 614/614/614 617/617/617 704/704/704
f 614/614/614 704/704/704 700/700/700
f 700/700/700 704/704/704 862/862/862
f 700/700/700 862/862/862 942/942/942
f 114/114/114 3783/3783/3783 4626/4626/4626
f 114/114/114 4626/4626/4626 4027/4027/4027
f 114/114/114 4027/4027/4027 305/305/305
f 5429/5429/5429 5528/5528/5528 5477/5477/5477
f 5429/5429/5429 5477/5477/5477 5353/5353/5353
f 5429/5429/5429 5353/5353/5353 4876/4876/4876
f 4876/4876/4876 5353/5353/5353 4802/4802/4802
f 4799/4799/4799 4875/4875/4875 4801/4801/4801
f 4875/4875/4875 4799/4799/4799 4873/4873/4873
f 4873/4873/4873 4799/4799/4799 5311/5311/5311
f 4873/4873/4873 5311/5311/5311 5239/5239/5239
f 3887/3887/3887 303/303/303 4025/4025/4025
f 303/303/303 3887/3887/3887 615/615/615
f 615/615/615 3887/3887/3887 3883/3883/3883
f 703/703/703 616/616/616 3885/3885/3885
f 701/701/701 3884/3884/3884 480/480/480
f 480/480/480 3884/3884/3884 3735/3735/3735
f 3735/3735/3735 3884/3884/3884 4747/4747/4747
f 480/480/480 3735/3735/3735 3669/3669/3669
f 3669/3669/3669 3735/3735/3735 4747/4747/4747
f 861/861/861 702/702/702 481/481/481
f 861/861/861 481/481/481 1012/1012/1012
f 1012/1012/1012 481/481/481 3670/3670/3670
f 861/861/861 1012/1012/1012 1100/1100/1100
f 861/861/861 1100/1100/1100 943/943/943
f 5/5/5 635/635/635 946/946/946
f 4751/4751/4751 4/4/4 124/124/124
f 4751/4751/4751 124/124/124 3815/3815/3815
f 123/123/123 1/1/1 944/944/944
f 945/945/945 632/632/632 2227/2227/2227
f 945/945/945 2227/2227/2227 1600/1600/1600
f 1600/1600/1600 2227/2227/2227 2223/2223/2223
f 2223/2223/2223 2227/2227/2227 2552/2552/2552
f 2223/2223/2223 2552/2552/2552 3186/3186/3186
f 634/634/634 1099/1099/1099 1245/1245/1245
f 636/636/636 1246/1246/1246 2228/2228/2228
f 2228/2228/2228 1246/1246/1246 2692/2692/2692
f 2692/2692/2692 1246/1246/1246 2027/2027/2027
f 2692/2692/2692 2027/2027/2027 2560/2560/2560
f 2228/2228/2228 2692/2692/2692 2553/2553/2553
f 2692/2692/2692 2560/2560/2560 3031/3031/3031
f 2553/2553/2553 2692/2692/2692 2889/2889/2889
f 2889/2889/2889 2692/2692/2692 3031/3031/3031
f 2889/2889/2889 3031/3031/3031 3067/3067/3067
f 2553/2553/2553 2889/2889/2889 3188/3188/3188
f 2889/2889/2889 3067/3067/3067 3305/3305/3305
f 2889/2889/2889 3305/3305/3305 3188/3188/3188
f 3188/3188/3188 3305/3305/3305 3366/3366/3366
f 1244/1244/1244 1096/1096/1096 2026/2026/2026
f 947/947/947 1601/1601/1601 1599/1599/1599
f 947/947/947 1599/1599/1599 126/126/126
f 1599/1599/1599 1601/1601/1601 2153/2153/2153
f 2153/2153/2153 1601/1601/1601 2225/2225/2225
f 126/126/126 1599/1599/1599 2287/2287/2287
f 2287/2287/2287 1599/1599/1599 2153/2153/2153
f 126/126/126 2287/2287/2287 783/783/783
f 2287/2287/2287 2153/2153/2153 2670/2670/2670
f 2154/2154/2154 2226/2226/2226 3115/3115/3115
f 3114/3114/3114 2224/2224/2224 3187/3187/3187
f 3304/3304/3304 3066/3066/3066 3410/3410/3410
f 3437/3437/3437 3410/3410/3410 3387/3387/3387
f 3387/3387/3387 3410/3410/3410 3144/3144/3144
f 3410/3410/3410 3066/3066/3066 3131/3131/3131
f 3410/3410/3410 3131/3131/3131 3144/3144/3144
f 3131/3131/3131 3066/3066/3066 3030/3030/3030
f 3144/3144/3144 3131/3131/3131 3040/3040/3040
f 3040/3040/3040 3131/3131/3131 3030/3030/3030
f 3040/3040/3040 3030/3030/3030 2817/2817/2817
f 3040/3040/3040 2817/2817/2817 2810/2810/2810
f 2817/2817/2817 3030/3030/3030 2559/2559/2559
f 3306/3306/3306 3411/3411/3411 3368/3368/3368
f 3368/3368/3368 3411/3411/3411 3438/3438/3438
f 3368/3368/3368 3438/3438/3438 3341/3341/3341
f 3341/3341/3341 3438/3438/3438 3423/3423/3423
f 3189/3189/3189 3367/3367/3367 3213/3213/3213
f 3213/3213/3213 3367/3367/3367 3340/3340/3340
f 3213/3213/3213 3340/3340/3340 3160/3160/3160
f 3160/3160/3160 3340/3340/3340 3286/3286/3286
f 3160/3160/3160 3286/3286/3286 3133/3133/3133
f 3133/3133/3133 3286/3286/3286 3382/3382/3382
f 3160/3160/3160 3133/3133/3133 2895/2895/2895
f 2895/2895/2895 3133/3133/3133 2923/2923/2923
f 3190/3190/3190 3215/3215/3215 3116/3116/3116
f 3145/3145/3145 3041/3041/3041 3098/3098/3098
f 3145/3145/3145 3098/3098/3098 3388/3388/3388
f 3388/3388/3388 3098/3098/3098 2936/2936/2936
f 3098/3098/3098 3041/3041/3041 2977/2977/2977
f 3098/3098/3098 2977/2977/2977 2936/2936/2936
f 2977/2977/2977 3041/3041/3041 2811/2811/2811
f 2936/2936/2936 2977/2977/2977 2788/2788/2788
f 2977/2977/2977 2811/2811/2811 2555/2555/2555
f 2977/2977/2977 2555/2555/2555 2788/2788/2788
f 2788/2788/2788 2555/2555/2555 1783/1783/1783
f 3436/3436/3436 3385/3385/3385 3390/3390/3390
f 3390/3390/3390 3385/3385/3385 3222/3222/3222
f 3435/3435/3435 3389/3389/3389 3422/3422/3422
f 3422/3422/3422 3389/3389/3389 3342/3342/3342
f 3285/3285/3285 3339/3339/3339 3422/3422/3422
f 3285/3285/3285 3422/3422/3422 3381/3381/3381
f 3381/3381/3381 3422/3422/3422 3342/3342/3342
f 3381/3381/3381 3342/3342/3342 3227/3227/3227
f 3381/3381/3381 3227/3227/3227 3132/3132/3132
f 3227/3227/3227 3342/3342/3342 3149/3149/3149
f 3132/3132/3132 3227/3227/3227 2921/2921/2921
f 3227/3227/3227 3149/3149/3149 3020/3020/3020
f 3227/3227/3227 3020/3020/3020 2921/2921/2921
f 3020/3020/3020 3149/3149/3149 2969/2969/2969
f 3020/3020/3020 2969/2969/2969 2006/2006/2006
f 2921/2921/2921 3020/3020/3020 1771/1771/1771
f 1771/1771/1771 3020/3020/3020 2069/2069/2069
f 1771/1771/1771 2069/2069/2069 846/846/846
f 846/846/846 2069/2069/2069 1081/1081/1081
f 3224/3224/3224 3386/3386/3386 2935/2935/2935
f 3224/3224/3224 2935/2935/2935 2671/2671/2671
f 2671/2671/2671 2935/2935/2935 2787/2787/2787
f 2671/2671/2671 2787/2787/2787 2288/2288/2288
f 2288/2288/2288 2787/2787/2787 1782/1782/1782
f 2288/2288/2288 1782/1782/1782 784/784/784
f 3392/3392/3392 3225/3225/3225 3210/3210/3210
f 3223/3223/3223 2669/2669/2669 3113/3113/3113
f 3113/3113/3113 2669/2669/2669 2152/2152/2152
f 3226/3226/3226 3117/3117/3117 3211/3211/3211
f 3211/3211/3211 3117/3117/3117 3084/3084/3084
f 2561/2561/2561 2028/2028/2028 2791/2791/2791
f 2791/2791/2791 2028/2028/2028 2695/2695/2695
f 2695/2695/2695 2028/2028/2028 1101/1101/1101
f 2558/2558/2558 2789/2789/2789 2816/2816/2816
f 2693/2693/2693 1098/1098/1098 2456/2456/2456
f 2456/2456/2456 1098/1098/1098 1011/1011/1011
f 2456/2456/2456 1011/1011/1011 2453/2453/2453
f 2790/2790/2790 2694/2694/2694 2376/2376/2376
f 2376/2376/2376 2694/2694/2694 2458/2458/2458
f 2790/2790/2790 2376/2376/2376 2556/2556/2556
f 2376/2376/2376 2458/2458/2458 2085/2085/2085
f 2556/2556/2556 2376/2376/2376 2336/2336/2336
f 2556/2556/2556 2336/2336/2336 2818/2818/2818
f 2376/2376/2376 2085/2085/2085 1922/1922/1922
f 2376/2376/2376 1922/1922/1922 2336/2336/2336
f 1922/1922/1922 2085/2085/2085 1188/1188/1188
f 2336/2336/2336 1922/1922/1922 1931/1931/1931
f 1922/1922/1922 1188/1188/1188 1136/1136/1136
f 1922/1922/1922 1136/1136/1136 1931/1931/1931
f 1931/1931/1931 1136/1136/1136 960/960/960
f 1931/1931/1931 960/960/960 1566/1566/1566
f 1566/1566/1566 960/960/960 791/791/791
f 1566/1566/1566 791/791/791 1568/1568/1568
f 1568/1568/1568 791/791/791 1480/1480/1480
f 1480/1480/1480 791/791/791 1206/1206/1206
f 1206/1206/1206 791/791/791 657/657/657
f 2820/2820/2820 2792/2792/2792 2557/2557/2557
f 2815/2815/2815 2335/2335/2335 2258/2258/2258
f 2258/2258/2258 2335/2335/2335 1930/1930/1930
f 2815/2815/2815 2258/2258/2258 2778/2778/2778
f 2815/2815/2815 2778/2778/2778 2996/2996/2996
f 2258/2258/2258 1930/1930/1930 1743/1743/1743
f 1743/1743/1743 1930/1930/1930 1412/1412/1412
f 2258/2258/2258 1743/1743/1743 2041/2041/2041
f 2258/2258/2258 2041/2041/2041 2778/2778/2778
f 1412/1412/1412 1930/1930/1930 1565/1565/1565
f 1412/1412/1412 1565/1565/1565 1414/1414/1414
f 1414/1414/1414 1565/1565/1565 1567/1567/1567
f 1414/1414/1414 1567/1567/1567 1479/1479/1479
f 2377/2377/2377 2996/2996/2996 2778/2778/2778
f 2377/2377/2377 2778/2778/2778 2041/2041/2041
f 2377/2377/2377 2041/2041/2041 1905/1905/1905
f 2377/2377/2377 1905/1905/1905 2621/2621/2621
f 2377/2377/2377 2621/2621/2621 2881/2881/2881
f 2377/2377/2377 2881/2881/2881 2937/2937/2937
f 2084/2084/2084 2457/2457/2457 2086/2086/2086
f 2086/2086/2086 2457/2457/2457 2454/2454/2454
f 2084/2084/2084 2086/2086/2086 1186/1186/1186
f 2087/2087/2087 2455/2455/2455 1371/1371/1371
f 1371/1371/1371 2455/2455/2455 2157/2157/2157
f 2087/2087/2087 1371/1371/1371 1189/1189/1189
f 2452/2452/2452 1010/1010/1010 2156/2156/2156
f 2156/2156/2156 1010/1010/1010 2083/2083/2083
f 2083/2083/2083 1010/1010/1010 1895/1895/1895
f 1895/1895/1895 1010/1010/1010 3668/3668/3668
f 1895/1895/1895 3668/3668/3668 1092/1092/1092
f 2155/2155/2155 2082/2082/2082 1369/1369/1369
f 1369/1369/1369 2082/2082/2082 1894/1894/1894
f 1370/1370/1370 1896/1896/1896 723/723/723
f 723/723/723 1896/1896/1896 1093/1093/1093
f 723/723/723 1093/1093/1093 85/85/85
f 85/85/85 1093/1093/1093 3979/3979/3979
f 723/723/723 85/85/85 3928/3928/3928
f 723/723/723 3928/3928/3928 1187/1187/1187
f 3928/3928/3928 85/85/85 4301/4301/4301
f 4301/4301/4301 85/85/85 4137/4137/4137
f 1187/1187/1187 3928/3928/3928 3691/3691/3691
f 3691/3691/3691 3928/3928/3928 5385/5385/5385
f 3691/3691/3691 5385/5385/5385 4712/4712/4712
f 1187/1187/1187 3691/3691/3691 1135/1135/1135
f 1135/1135/1135 3691/3691/3691 3694/3694/3694
f 1135/1135/1135 3694/3694/3694 959/959/959
f 4301/4301/4301 4137/4137/4137 4510/4510/4510
f 4301/4301/4301 4510/4510/4510 4954/4954/4954
f 4954/4954/4954 4510/4510/4510 5206/5206/5206
f 5206/5206/5206 4510/4510/4510 4137/4137/4137
f 5206/5206/5206 4137/4137/4137 4699/4699/4699
f 1372/1372/1372 724/724/724 1190/1190/1190
f 1094/1094/1094 3673/3673/3673 395/395/395
f 395/395/395 3673/3673/3673 3591/3591/3591
f 1095/1095/1095 396/396/396 3980/3980/3980
f 3980/3980/3980 396/396/396 3592/3592/3592
f 3590/3590/3590 3672/3672/3672 4295/4295/4295
f 3590/3590/3590 4295/4295/4295 4060/4060/4060
f 4060/4060/4060 4295/4295/4295 4756/4756/4756
f 4756/4756/4756 4295/4295/4295 3672/3672/3672
f 4756/4756/4756 3672/3672/3672 5381/5381/5381
f 3977/3977/3977 3589/3589/3589 4057/4057/4057
f 84/84/84 3978/3978/3978 3925/3925/3925
f 3925/3925/3925 3978/3978/3978 4058/4058/4058
f 3926/3926/3926 4059/4059/4059 4203/4203/4203
f 3926/3926/3926 4203/4203/4203 4700/4700/4700
f 3926/3926/3926 4700/4700/4700 4138/4138/4138
f 3926/3926/3926 4138/4138/4138 86/86/86
f 4204/4204/4204 4061/4061/4061 4759/4759/4759
f 5382/5382/5382 5237/5237/5237 4758/4758/4758
f 4697/4697/4697 4201/4201/4201 4511/4511/4511
f 4512/4512/4512 4202/4202/4202 4753/4753/4753
f 4698/4698/4698 4514/4514/4514 5205/5205/5205
f 5204/5204/5204 4513/4513/4513 4754/4754/4754
f 5208/5208/5208 4757/4757/4757 5629/5629/5629
f 5207/5207/5207 5627/5627/5627 4956/4956/4956
f 4956/4956/4956 5627/5627/5627 5314/5314/5314
f 4302/4302/4302 4955/4955/4955 5313/5313/5313
f 5628/5628/5628 4755/4755/4755 5878/5878/5878
f 5878/5878/5878 4755/4755/4755 5238/5238/5238
f 5312/5312/5312 5625/5625/5625 5377/5377/5377
f 5315/5315/5315 5379/5379/5379 4303/4303/4303
f 5626/5626/5626 5876/5876/5876 5139/5139/5139
f 5624/5624/5624 5138/5138/5138 5375/5375/5375
f 5374/5374/5374 5137/5137/5137 5874/5874/5874
f 5875/5875/5875 5234/5234/5234 5816/5816/5816
f 5817/5817/5817 5235/5235/5235 6002/6002/6002
f 5879/5879/5879 5819/5819/5819 5700/5700/5700
f 5698/5698/5698 5818/5818/5818 6003/6003/6003
f 5698/5698/5698 6003/6003/6003 6043/6043/6043
f 5877/5877/5877 5699/5699/5699 5378/5378/5378
f 5140/5140/5140 4300/4300/4300 5376/5376/5376
f 4300/4300/4300 5140/5140/5140 3927/3927/3927
f 3927/3927/3927 5140/5140/5140 5384/5384/5384
f 5384/5384/5384 5140/5140/5140 6018/6018/6018
f 6018/6018/6018 5140/5140/5140 6293/6293/6293
f 5140/5140/5140 5376/5376/5376 5775/5775/5775
f 5140/5140/5140 5775/5775/5775 6293/6293/6293
f 5775/5775/5775 5376/5376/5376 5697/5697/5697
f 6293/6293/6293 5775/5775/5775 6220/6220/6220
f 5701/5701/5701 6045/6045/6045 5777/5777/5777
f 6044/6044/6044 6004/6004/6004 6282/6282/6282
f 6044/6044/6044 6282/6282/6282 6583/6583/6583
f 6044/6044/6044 6583/6583/6583 6222/6222/6222
f 6044/6044/6044 6222/6222/6222 5776/5776/5776
f 6221/6221/6221 6582/6582/6582 6735/6735/6735
f 6735/6735/6735 6582/6582/6582 6946/6946/6946
f 6221/6221/6221 6735/6735/6735 6295/6295/6295
f 6734/6734/6734 6945/6945/6945 6940/6940/6940
f 6734/6734/6734 6940/6940/6940 6502/6502/6502
f 6734/6734/6734 6502/6502/6502 6294/6294/6294
f 6294/6294/6294 6502/6502/6502 6019/6019/6019
f 6942/6942/6942 6947/6947/6947 7199/7199/7199
f 6944/6944/6944 7200/7200/7200 7091/7091/7091
f 6939/6939/6939 7090/7090/7090 7560/7560/7560
f 6941/6941/6941 7561/7561/7561 7839/7839/7839
f 6503/6503/6503 6943/6943/6943 7364/7364/7364
f 7364/7364/7364 6943/6943/6943 7840/7840/7840
f 6503/6503/6503 7364/7364/7364 6917/6917/6917
f 6503/6503/6503 6917/6917/6917 6020/6020/6020
f 6917/6917/6917 7364/7364/7364 7676/7676/7676
f 7676/7676/7676 7364/7364/7364 7840/7840/7840
f 7676/7676/7676 7840/7840/7840 7982/7982/7982
f 7675/7675/7675 7981/7981/7981 7983/7983/7983
f 7675/7675/7675 7983/7983/7983 7615/7615/7615
f 7675/7675/7675 7615/7615/7615 6916/6916/6916
f 6918/6918/6918 7616/7616/7616 6692/6692/6692
f 6918/6918/6918 6692/6692/6692 6297/6297/6297
f 6692/6692/6692 7616/7616/7616 7053/7053/7053
f 7053/7053/7053 7616/7616/7616 7984/7984/7984
f 7053/7053/7053 7984/7984/7984 7894/7894/7894
f 7050/7050/7050 7893/7893/7893 7590/7590/7590
f 7052/7052/7052 7591/7591/7591 7528/7528/7528
f 7051/7051/7051 7527/7527/7527 7745/7745/7745
f 7051/7051/7051 7745/7745/7745 7941/7941/7941
f 7051/7051/7051 7941/7941/7941 7525/7525/7525
f 7051/7051/7051 7525/7525/7525 6690/6690/6690
f 7526/7526/7526 7942/7942/7942 7617/7617/7617
f 7617/7617/7617 7942/7942/7942 7977/7977/7977
f 7526/7526/7526 7617/7617/7617 6825/6825/6825
f 7526/7526/7526 6825/6825/6825 6691/6691/6691
f 6691/6691/6691 6825/6825/6825 6241/6241/6241
f 6691/6691/6691 6241/6241/6241 6296/6296/6296
f 6915/6915/6915 6296/6296/6296 6017/6017/6017
f 6017/6017/6017 6296/6296/6296 5383/5383/5383
f 6296/6296/6296 6241/6241/6241 5490/5490/5490
f 6296/6296/6296 5490/5490/5490 5383/5383/5383
f 5490/5490/5490 6241/6241/6241 5989/5989/5989
f 5383/5383/5383 5490/5490/5490 4711/4711/4711
f 4630/4630/4630 4711/4711/4711 4519/4519/4519
f 4519/4519/4519 4711/4711/4711 4570/4570/4570
f 4570/4570/4570 4711/4711/4711 5490/5490/5490
f 4570/4570/4570 5490/5490/5490 4310/4310/4310
f 4310/4310/4310 5490/5490/5490 4763/4763/4763
f 4763/4763/4763 5490/5490/5490 5487/5487/5487
f 5487/5487/5487 5490/5490/5490 5989/5989/5989
f 5487/5487/5487 5989/5989/5989 6385/6385/6385
f 6385/6385/6385 5989/5989/5989 6439/6439/6439
f 6385/6385/6385 6439/6439/6439 7026/7026/7026
f 6385/6385/6385 7026/7026/7026 6850/6850/6850
f 6850/6850/6850 7026/7026/7026 7619/7619/7619
f 7619/7619/7619 7026/7026/7026 7621/7621/7621
f 7618/7618/7618 7978/7978/7978 7881/7881/7881
f 7618/7618/7618 7881/7881/7881 7297/7297/7297
f 7618/7618/7618 7297/7297/7297 6826/6826/6826
f 7297/7297/7297 7881/7881/7881 6776/6776/6776
f 6776/6776/6776 7881/7881/7881 7414/7414/7414
f 6776/6776/6776 7414/7414/7414 7054/7054/7054
f 7297/7297/7297 6776/6776/6776 6440/6440/6440
f 7297/7297/7297 6440/6440/6440 6826/6826/6826
f 6826/6826/6826 6440/6440/6440 6242/6242/6242
f 6242/6242/6242 6440/6440/6440 5990/5990/5990
f 6777/6777/6777 7055/7055/7055 7622/7622/7622
f 6777/6777/6777 7622/7622/7622 7027/7027/7027
f 6777/6777/6777 7027/7027/7027 6441/6441/6441
f 6851/6851/6851 7620/7620/7620 7240/7240/7240
f 6851/6851/6851 7240/7240/7240 6216/6216/6216
f 6851/6851/6851 6216/6216/6216 6014/6014/6014
f 6851/6851/6851 6014/6014/6014 6384/6384/6384
f 6384/6384/6384 6014/6014/6014 5486/5486/5486
f 6218/6218/6218 7241/7241/7241 6688/6688/6688
f 6218/6218/6218 6688/6688/6688 6283/6283/6283
f 6219/6219/6219 6284/6284/6284 6154/6154/6154
f 6217/6217/6217 6153/6153/6153 6687/6687/6687
f 6217/6217/6217 6687/6687/6687 6779/6779/6779
f 6217/6217/6217 6779/6779/6779 6487/6487/6487
f 6217/6217/6217 6487/6487/6487 6016/6016/6016
f 6486/6486/6486 6778/6778/6778 6626/6626/6626
f 6486/6486/6486 6626/6626/6626 6151/6151/6151
f 6015/6015/6015 6485/6485/6485 5893/5893/5893
f 6015/6015/6015 5893/5893/5893 5489/5489/5489
f 6484/6484/6484 6149/6149/6149 5892/5892/5892
f 5892/5892/5892 6149/6149/6149 5241/5241/5241
f 5892/5892/5892 5241/5241/5241 4706/4706/4706
f 5892/5892/5892 4706/4706/4706 5488/5488/5488
f 5488/5488/5488 4706/4706/4706 4764/4764/4764
f 4706/4706/4706 5241/5241/5241 4760/4760/4760
f 4760/4760/4760 5241/5241/5241 5372/5372/5372
f 4760/4760/4760 5372/5372/5372 5569/5569/5569
f 4706/4706/4706 4760/4760/4760 3674/3674/3674
f 4706/4706/4706 3674/3674/3674 643/643/643
f 4760/4760/4760 5569/5569/5569 4208/4208/4208
f 3736/3736/3736 3674/3674/3674 4208/4208/4208
f 3736/3736/3736 4208/4208/4208 5569/5569/5569
f 3736/3736/3736 5569/5569/5569 5072/5072/5072
f 6152/6152/6152 6627/6627/6627 6324/6324/6324
f 6150/6150/6150 6323/6323/6323 5578/5578/5578
f 6150/6150/6150 5578/5578/5578 5242/5242/5242
f 5577/5577/5577 6322/6322/6322 6001/6001/6001
f 5577/5577/5577 6001/6001/6001 5820/5820/5820
f 5575/5575/5575 5821/5821/5821 5371/5371/5371
f 5576/5576/5576 5370/5370/5370 5240/5240/5240
f 5373/5373/5373 5822/5822/5822 5753/5753/5753
f 5373/5373/5373 5753/5753/5753 5570/5570/5570
f 5572/5572/5572 5754/5754/5754 4298/4298/4298
f 4298/4298/4298 5754/5754/5754 5310/5310/5310
f 5308/5308/5308 4749/4749/4749 4297/4297/4297
f 4299/4299/4299 4752/4752/4752 3816/3816/3816
f 4296/4296/4296 3812/3812/3812 5571/5571/5571
f 3814/3814/3814 125/125/125 781/781/781
f 3819/3819/3819 786/786/786 79/79/79
f 76/76/76 782/782/782 858/858/858
f 77/77/77 859/859/859 321/321/321
f 78/78/78 322/322/322 3817/3817/3817
f 3817/3817/3817 322/322/322 3731/3731/3731
f 857/857/857 780/780/780 1359/1359/1359
f 1361/1361/1361 785/785/785 1784/1784/1784
f 323/323/323 860/860/860 482/482/482
f 482/482/482 860/860/860 1360/1360/1360
f 482/482/482 1360/1360/1360 777/777/777
f 777/777/777 1360/1360/1360 2081/2081/2081
f 777/777/777 2081/2081/2081 864/864/864
f 3733/3733/3733 324/324/324 483/483/483
f 3813/3813/3813 3729/3729/3729 81/81/81
f 484/484/484 778/778/778 3734/3734/3734
f 1358/1358/1358 1780/1780/1780 2078/2078/2078
f 3818/3818/3818 83/83/83 5075/5075/5075
f 3818/3818/3818 5075/5075/5075 5573/5573/5573
f 82/82/82 3730/3730/3730 4498/4498/4498
f 4499/4499/4499 3732/3732/3732 776/776/776
f 4499/4499/4499 776/776/776 721/721/721
f 4499/4499/4499 721/721/721 5076/5076/5076
f 5076/5076/5076 721/721/721 234/234/234
f 80/80/80 4497/4497/4497 5073/5073/5073
f 722/722/722 779/779/779 865/865/865
f 233/233/233 720/720/720 863/863/863
f 5074/5074/5074 233/233/233 3737/3737/3737
f 3737/3737/3737 233/233/233 863/863/863
f 3737/3737/3737 863/863/863 3675/3675/3675
f 3675/3675/3675 863/863/863 644/644/644
f 644/644/644 863/863/863 1906/1906/1906
f 1906/1906/1906 863/863/863 2079/2079/2079
f 1906/1906/1906 2079/2079/2079 2622/2622/2622
f 644/644/644 1906/1906/1906 2042/2042/2042
f 644/644/644 2042/2042/2042 653/653/653
f 653/653/653 2042/2042/2042 1744/1744/1744
f 644/644/644 653/653/653 4765/4765/4765
f 4765/4765/4765 653/653/653 4311/4311/4311
f 644/644/644 4765/4765/4765 4707/4707/4707
f 4761/4761/4761 4209/4209/4209 4205/4205/4205
f 4762/4762/4762 4206/4206/4206 3676/3676/3676
f 3677/3677/3677 4207/4207/4207 4210/4210/4210
f 2623/2623/2623 2080/2080/2080 1781/1781/1781
f 2623/2623/2623 1781/1781/1781 2554/2554/2554
f 2623/2623/2623 2554/2554/2554 2882/2882/2882
f 2882/2882/2882 2554/2554/2554 2939/2939/2939
f 2939/2939/2939 2554/2554/2554 2998/2998/2998
f 2998/2998/2998 2554/2554/2554 2809/2809/2809
f 2938/2938/2938 2997/2997/2997 2378/2378/2378
f 2999/2999/2999 2812/2812/2812 2819/2819/2819
f 654/654/654 1745/1745/1745 421/421/421
f 421/421/421 1745/1745/1745 1413/1413/1413
f 421/421/421 1413/1413/1413 181/181/181
f 181/181/181 1413/1413/1413 1416/1416/1416
f 181/181/181 1416/1416/1416 727/727/727
f 727/727/727 1416/1416/1416 1310/1310/1310
f 181/181/181 727/727/727 3617/3617/3617
f 3617/3617/3617 727/727/727 3751/3751/3751
f 655/655/655 423/423/423 4312/4312/4312
f 4312/4312/4312 423/423/423 4236/4236/4236
f 4312/4312/4312 4236/4236/4236 4521/4521/4521
f 4312/4312/4312 4521/4521/4521 4571/4571/4571
f 422/422/422 182/182/182 4235/4235/4235
f 4235/4235/4235 182/182/182 4523/4523/4523
f 4523/4523/4523 182/182/182 4524/4524/4524
f 4524/4524/4524 182/182/182 3618/3618/3618
f 4523/4523/4523 4524/4524/4524 4967/4967/4967
f 4524/4524/4524 3618/3618/3618 3752/3752/3752
f 4967/4967/4967 4524/4524/4524 5151/5151/5151
f 4524/4524/4524 3752/3752/3752 4587/4587/4587
f 4524/4524/4524 4587/4587/4587 5151/5151/5151
f 5151/5151/5151 4587/4587/4587 4778/4778/4778
f 3695/3695/3695 3692/3692/3692 4713/4713/4713
f 3695/3695/3695 4713/4713/4713 4632/4632/4632
f 3695/3695/3695 4632/4632/4632 3993/3993/3993
f 3993/3993/3993 4632/4632/4632 4905/4905/4905
f 958/958/958 3693/3693/3693 3992/3992/3992
f 958/958/958 3992/3992/3992 790/790/790
f 790/790/790 3992/3992/3992 16/16/16
f 790/790/790 16/16/16 656/656/656
f 16/16/16 3992/3992/3992 4454/4454/4454
f 16/16/16 4454/4454/4454 4583/4583/4583
f 4454/4454/4454 3992/3992/3992 5145/5145/5145
f 5145/5145/5145 3992/3992/3992 4904/4904/4904
f 4631/4631/4631 4520/4520/4520 4824/4824/4824
f 4824/4824/4824 4520/4520/4520 4234/4234/4234
f 4631/4631/4631 4824/4824/4824 4903/4903/4903
f 4824/4824/4824 4234/4234/4234 4522/4522/4522
f 4824/4824/4824 4522/4522/4522 5316/5316/5316
f 4824/4824/4824 5316/5316/5316 4903/4903/4903
f 5316/5316/5316 4522/4522/4522 4966/4966/4966
f 4903/4903/4903 5316/5316/5316 5447/5447/5447
f 4903/4903/4903 5447/5447/5447 5144/5144/5144
f 5316/5316/5316 4966/4966/4966 5630/5630/5630
f 5316/5316/5316 5630/5630/5630 5447/5447/5447
f 5630/5630/5630 4966/4966/4966 5150/5150/5150
f 5447/5447/5447 5630/5630/5630 5704/5704/5704
f 6026/6026/6026 5958/5958/5958 5704/5704/5704
f 6026/6026/6026 5704/5704/5704 5967/5967/5967
f 5967/5967/5967 5704/5704/5704 5630/5630/5630
f 5967/5967/5967 5630/5630/5630 5864/5864/5864
f 5864/5864/5864 5630/5630/5630 5782/5782/5782
f 5782/5782/5782 5630/5630/5630 5150/5150/5150
f 5782/5782/5782 5150/5150/5150 5557/5557/5557
f 5557/5557/5557 5150/5150/5150 5505/5505/5505
f 5557/5557/5557 5505/5505/5505 5559/5559/5559
f 5559/5559/5559 5505/5505/5505 5454/5454/5454
f 5454/5454/5454 5505/5505/5505 5106/5106/5106
f 5448/5448/5448 5705/5705/5705 5146/5146/5146
f 5146/5146/5146 5705/5705/5705 5499/5499/5499
f 5499/5499/5499 5705/5705/5705 5959/5959/5959
f 5499/5499/5499 5959/5959/5959 5634/5634/5634
f 5634/5634/5634 5959/5959/5959 5636/5636/5636
f 5146/5146/5146 5499/5499/5499 4584/4584/4584
f 5146/5146/5146 4584/4584/4584 4455/4455/4455
f 4584/4584/4584 5499/5499/5499 4920/4920/4920
f 4584/4584/4584 4920/4920/4920 4158/4158/4158
f 17/17/17 4585/4585/4585 244/244/244
f 17/17/17 244/244/244 658/658/658
f 658/658/658 244/244/244 1029/1029/1029
f 658/658/658 1029/1029/1029 1572/1572/1572
f 658/658/658 1572/1572/1572 1208/1208/1208
f 1207/1207/1207 1571/1571/1571 1749/1749/1749
f 1749/1749/1749 1571/1571/1571 1932/1932/1932
f 1932/1932/1932 1571/1571/1571 1028/1028/1028
f 1932/1932/1932 1028/1028/1028 1315/1315/1315
f 1749/1749/1749 1932/1932/1932 2120/2120/2120
f 1749/1749/1749 2120/2120/2120 2050/2050/2050
f 1207/1207/1207 1749/1749/1749 1481/1481/1481
f 1749/1749/1749 2050/2050/2050 1857/1857/1857
f 1749/1749/1749 1857/1857/1857 1481/1481/1481
f 1857/1857/1857 2050/2050/2050 1995/1995/1995
f 1857/1857/1857 1995/1995/1995 1481/1481/1481
f 1995/1995/1995 2050/2050/2050 2202/2202/2202
f 1995/1995/1995 2202/2202/2202 2365/2365/2365
f 1481/1481/1481 1995/1995/1995 1569/1569/1569
f 1481/1481/1481 1569/1569/1569 1415/1415/1415
f 1569/1569/1569 1995/1995/1995 2047/2047/2047
f 2047/2047/2047 1995/1995/1995 2365/2365/2365
f 1569/1569/1569 2047/2047/2047 1309/1309/1309
f 2047/2047/2047 2365/2365/2365 1855/1855/1855
f 1855/1855/1855 2365/2365/2365 2119/2119/2119
f 1030/1030/1030 245/245/245 334/334/334
f 334/334/334 245/245/245 4586/4586/4586
f 334/334/334 4586/4586/4586 4160/4160/4160
f 1030/1030/1030 334/334/334 1316/1316/1316
f 334/334/334 4160/4160/4160 185/185/185
f 334/334/334 185/185/185 1316/1316/1316
f 1316/1316/1316 185/185/185 1144/1144/1144
f 2122/2122/2122 1933/1933/1933 2000/2000/2000
f 2000/2000/2000 1933/1933/1933 1860/1860/1860
f 1860/1860/1860 1933/1933/1933 1317/1317/1317
f 1860/1860/1860 1317/1317/1317 1145/1145/1145
f 2121/2121/2121 1999/1999/1999 2051/2051/2051
f 2051/2051/2051 1999/1999/1999 1936/1936/1936
f 1936/1936/1936 1999/1999/1999 1575/1575/1575
f 1575/1575/1575 1999/1999/1999 1859/1859/1859
f 1575/1575/1575 1859/1859/1859 1420/1420/1420
f 1143/1143/1143 184/184/184 3620/3620/3620
f 1143/1143/1143 3620/3620/3620 559/559/559
f 1143/1143/1143 559/559/559 1418/1418/1418
f 1143/1143/1143 1418/1418/1418 1858/1858/1858
f 559/559/559 3620/3620/3620 4258/4258/4258
f 559/559/559 4258/4258/4258 3696/3696/3696
f 3696/3696/3696 4258/4258/4258 4666/4666/4666
f 3696/3696/3696 4666/4666/4666 5162/5162/5162
f 4666/4666/4666 4258/4258/4258 4664/4664/4664
f 4666/4666/4666 4664/4664/4664 4839/4839/4839
f 3619/3619/3619 183/183/183 4157/4157/4157
f 3619/3619/3619 4157/4157/4157 4257/4257/4257
f 1419/1419/1419 560/560/560 3698/3698/3698
f 1419/1419/1419 3698/3698/3698 256/256/256
f 256/256/256 3698/3698/3698 4407/4407/4407
f 1419/1419/1419 256/256/256 1574/1574/1574
f 1574/1574/1574 256/256/256 512/512/512
f 1573/1573/1573 511/511/511 1934/1934/1934
f 4921/4921/4921 4259/4259/4259 4159/4159/4159
f 2049/2049/2049 1935/1935/1935 2124/2124/2124
f 2049/2049/2049 2124/2124/2124 2201/2201/2201
f 2201/2201/2201 2124/2124/2124 2364/2364/2364
f 1937/1937/1937 513/513/513 1756/1756/1756
f 1937/1937/1937 1756/1756/1756 2125/2125/2125
f 1417/1417/1417 1570/1570/1570 1312/1312/1312
f 2048/2048/2048 1856/1856/1856 1311/1311/1311
f 1311/1311/1311 1856/1856/1856 1139/1139/1139
f 1311/1311/1311 1139/1139/1139 728/728/728
f 726/726/726 1138/1138/1138 3750/3750/3750
f 3750/3750/3750 1138/1138/1138 1314/1314/1314
f 3750/3750/3750 1314/1314/1314 246/246/246
f 3750/3750/3750 246/246/246 4252/4252/4252
f 246/246/246 1314/1314/1314 1141/1141/1141
f 1137/1137/1137 1854/1854/1854 1313/1313/1313
f 1313/1313/1313 1854/1854/1854 2117/2117/2117
f 1313/1313/1313 2117/2117/2117 1140/1140/1140
f 1140/1140/1140 2117/2117/2117 1996/1996/1996
f 2118/2118/2118 2363/2363/2363 2274/2274/2274
f 2274/2274/2274 2363/2363/2363 2123/2123/2123
f 2274/2274/2274 2123/2123/2123 1755/1755/1755
f 2118/2118/2118 2274/2274/2274 1997/1997/1997
f 2274/2274/2274 1755/1755/1755 1939/1939/1939
f 2274/2274/2274 1939/1939/1939 1997/1997/1997
f 1997/1997/1997 1939/1939/1939 1321/1321/1321
f 1142/1142/1142 1998/1998/1998 792/792/792
f 792/792/792 1998/1998/1998 1322/1322/1322
f 1142/1142/1142 792/792/792 247/247/247
f 792/792/792 1322/1322/1322 18/18/18
f 792/792/792 18/18/18 247/247/247
f 18/18/18 1322/1322/1322 348/348/348
f 247/247/247 18/18/18 4253/4253/4253
f 1320/1320/1320 1938/1938/1938 345/345/345
f 345/345/345 1938/1938/1938 516/516/516
f 345/345/345 516/516/516 4334/4334/4334
f 516/516/516 1938/1938/1938 1754/1754/1754
f 4334/4334/4334 516/516/516 4167/4167/4167
f 516/516/516 1754/1754/1754 509/509/509
f 516/516/516 509/509/509 4167/4167/4167
f 4168/4168/4168 510/510/510 255/255/255
f 4168/4168/4168 255/255/255 4404/4404/4404
f 4168/4168/4168 4404/4404/4404 4538/4538/4538
f 4168/4168/4168 4538/4538/4538 4335/4335/4335
f 4335/4335/4335 4538/4538/4538 4715/4715/4715
f 4715/4715/4715 4538/4538/4538 4788/4788/4788
f 4335/4335/4335 4715/4715/4715 4534/4534/4534
f 4335/4335/4335 4534/4534/4534 347/347/347
f 4406/4406/4406 3697/3697/3697 5163/5163/5163
f 4539/4539/4539 4405/4405/4405 4924/4924/4924
f 4926/4926/4926 4408/4408/4408 5165/5165/5165
f 4926/4926/4926 5165/5165/5165 5509/5509/5509
f 5509/5509/5509 5165/5165/5165 5652/5652/5652
f 5509/5509/5509 5652/5652/5652 5657/5657/5657
f 5652/5652/5652 5165/5165/5165 5787/5787/5787
f 5787/5787/5787 5165/5165/5165 5711/5711/5711
f 5711/5711/5711 5165/5165/5165 5161/5161/5161
f 5711/5711/5711 5161/5161/5161 5159/5159/5159
f 4716/4716/4716 4789/4789/4789 5325/5325/5325
f 5325/5325/5325 4789/4789/4789 4792/4792/4792
f 4716/4716/4716 5325/5325/5325 5253/5253/5253
f 4541/4541/4541 4927/4927/4927 4930/4930/4930
f 4541/4541/4541 4930/4930/4930 4848/4848/4848
f 4541/4541/4541 4848/4848/4848 4610/4610/4610
f 4790/4790/4790 4540/4540/4540 4793/4793/4793
f 4793/4793/4793 4540/4540/4540 4608/4608/4608
f 4928/4928/4928 4925/4925/4925 5459/5459/5459
f 5459/5459/5459 4925/4925/4925 5508/5508/5508
f 4847/4847/4847 4929/4929/4929 5460/5460/5460
f 4714/4714/4714 5252/5252/5252 4532/4532/4532
f 4532/4532/4532 5252/5252/5252 5402/5402/5402
f 5402/5402/5402 5252/5252/5252 5654/5654/5654
f 4532/4532/4532 5402/5402/5402 5251/5251/5251
f 4532/4532/4532 5251/5251/5251 5168/5168/5168
f 4532/4532/4532 5168/5168/5168 4476/4476/4476
f 5254/5254/5254 5326/5326/5326 5659/5659/5659
f 5254/5254/5254 5659/5659/5659 5656/5656/5656
f 5659/5659/5659 5326/5326/5326 5618/5618/5618
f 5618/5618/5618 5326/5326/5326 5257/5257/5257
f 5256/5256/5256 5324/5324/5324 4791/4791/4791
f 4795/4795/4795 4611/4611/4611 4420/4420/4420
f 5663/5663/5663 5617/5617/5617 5255/5255/5255
f 4419/4419/4419 4609/4609/4609 4266/4266/4266
f 4266/4266/4266 4609/4609/4609 4485/4485/4485
f 4483/4483/4483 4607/4607/4607 4844/4844/4844
f 4483/4483/4483 4844/4844/4844 4672/4672/4672
f 4418/4418/4418 4265/4265/4265 3863/3863/3863
f 4418/4418/4418 3863/3863/3863 3948/3948/3948
f 4418/4418/4418 3948/3948/3948 4548/4548/4548
f 4548/4548/4548 3948/3948/3948 3950/3950/3950
f 4418/4418/4418 4548/4548/4548 4794/4794/4794
f 4548/4548/4548 3950/3950/3950 4620/4620/4620
f 4620/4620/4620 3950/3950/3950 3952/3952/3952
f 4794/4794/4794 4548/4548/4548 4796/4796/4796
f 4796/4796/4796 4548/4548/4548 4620/4620/4620
f 4794/4794/4794 4796/4796/4796 5258/5258/5258
f 4796/4796/4796 4620/4620/4620 4972/4972/4972
f 4972/4972/4972 4620/4620/4620 5171/5171/5171
f 5258/5258/5258 4796/4796/4796 5059/5059/5059
f 5258/5258/5258 5059/5059/5059 5262/5262/5262
f 3860/3860/3860 4264/4264/4264 4482/4482/4482
f 3862/3862/3862 4484/4484/4484 4015/4015/4015
f 4015/4015/4015 4484/4484/4484 4674/4674/4674
f 4015/4015/4015 4674/4674/4674 4087/4087/4087
f 4015/4015/4015 4087/4087/4087 3631/3631/3631
f 3631/3631/3631 4087/4087/4087 4088/4088/4088
f 4087/4087/4087 4674/4674/4674 4719/4719/4719
f 4087/4087/4087 4719/4719/4719 4088/4088/4088
f 4719/4719/4719 4674/4674/4674 4935/4935/4935
f 4719/4719/4719 4935/4935/4935 5121/5121/5121
f 4719/4719/4719 5121/5121/5121 5407/5407/5407
f 4719/4719/4719 5407/5407/5407 5338/5338/5338
f 4088/4088/4088 4719/4719/4719 4180/4180/4180
f 4180/4180/4180 4719/4719/4719 4858/4858/4858
f 4180/4180/4180 4858/4858/4858 4091/4091/4091
f 3861/3861/3861 4014/4014/4014 95/95/95
f 95/95/95 4014/4014/4014 3630/3630/3630
f 3861/3861/3861 95/95/95 3946/3946/3946
f 95/95/95 3630/3630/3630 523/523/523
f 3946/3946/3946 95/95/95 24/24/24
f 24/24/24 95/95/95 523/523/523
f 525/525/525 3633/3633/3633 283/283/283
f 524/524/524 282/282/282 26/26/26
f 3947/3947/3947 25/25/25 3949/3949/3949
f 3949/3949/3949 25/25/25 3951/3951/3951
f 3951/3951/3951 25/25/25 3638/3638/3638
f 3638/3638/3638 25/25/25 280/280/280
f 3638/3638/3638 280/280/280 151/151/151
f 3638/3638/3638 151/151/151 377/377/377
f 3951/3951/3951 3638/3638/3638 4016/4016/4016
f 3951/3951/3951 4016/4016/4016 4619/4619/4619
f 4016/4016/4016 3638/3638/3638 3965/3965/3965
f 3965/3965/3965 3638/3638/3638 200/200/200
f 4016/4016/4016 3965/3965/3965 4682/4682/4682
f 4016/4016/4016 4682/4682/4682 4619/4619/4619
f 4619/4619/4619 4687/4687/4687 5182/5182/5182
f 4619/4619/4619 5182/5182/5182 5170/5170/5170
f 5182/5182/5182 4687/4687/4687 4938/4938/4938
f 5061/5061/5061 4797/4797/4797 4974/4974/4974
f 5264/5264/5264 5060/5060/5060 4973/4973/4973
f 5264/5264/5264 4973/4973/4973 5172/5172/5172
f 5259/5259/5259 5263/5263/5263 5796/5796/5796
f 5259/5259/5259 5796/5796/5796 5664/5664/5664
f 5664/5664/5664 5796/5796/5796 5723/5723/5723
f 5664/5664/5664 5723/5723/5723 5790/5790/5790
f 5664/5664/5664 5790/5790/5790 5328/5328/5328
f 5265/5265/5265 5174/5174/5174 5179/5179/5179
f 5180/5180/5180 5173/5173/5173 5183/5183/5183
f 5181/5181/5181 5184/5184/5184 4939/4939/4939
f 5181/5181/5181 4939/4939/4939 4977/4977/4977
f 4978/4978/4978 4940/4940/4940 4689/4689/4689
f 5178/5178/5178 4976/4976/4976 4987/4987/4987
f 4982/4982/4982 4975/4975/4975 4684/4684/4684
f 5336/5336/5336 5260/5260/5260 5175/5175/5175
f 5260/5260/5260 5336/5336/5336 5614/5614/5614
f 5177/5177/5177 4984/4984/4984 5517/5517/5517
f 5176/5176/5176 5515/5515/5515 5337/5337/5337
f 5337/5337/5337 5515/5515/5515 5730/5730/5730
f 5337/5337/5337 5730/5730/5730 5925/5925/5925
f 5337/5337/5337 5925/5925/5925 5615/5615/5615
f 5615/5615/5615 5925/5925/5925 6083/6083/6083
f 5615/5615/5615 6083/6083/6083 5717/5717/5717
f 5261/5261/5261 5616/5616/5616 5795/5795/5795
f 5795/5795/5795 5616/5616/5616 5718/5718/5718
f 5795/5795/5795 5718/5718/5718 6103/6103/6103
f 6103/6103/6103 5718/5718/5718 6179/6179/6179
f 6179/6179/6179 5718/5718/5718 5922/5922/5922
f 6179/6179/6179 5922/5922/5922 6365/6365/6365
f 6365/6365/6365 5922/5922/5922 6069/6069/6069
f 6365/6365/6365 6069/6069/6069 6316/6316/6316
f 6365/6365/6365 6316/6316/6316 6550/6550/6550
f 6550/6550/6550 6316/6316/6316 6540/6540/6540
f 6550/6550/6550 6540/6540/6540 6771/6771/6771
f 6771/6771/6771 6540/6540/6540 6872/6872/6872
f 6771/6771/6771 6872/6872/6872 6971/6971/6971
f 6971/6971/6971 6872/6872/6872 7113/7113/7113
f 6971/6971/6971 7113/7113/7113 7292/7292/7292
f 5926/5926/5926 5731/5731/5731 6371/6371/6371
f 5926/5926/5926 6371/6371/6371 6104/6104/6104
f 6371/6371/6371 5731/5731/5731 6215/6215/6215
f 6215/6215/6215 5731/5731/5731 5518/5518/5518
f 6371/6371/6371 6215/6215/6215 6517/6517/6517
f 6371/6371/6371 6517/6517/6517 6617/6617/6617
f 6517/6517/6517 6215/6215/6215 6144/6144/6144
f 6144/6144/6144 6215/6215/6215 5518/5518/5518
f 6517/6517/6517 6144/6144/6144 6558/6558/6558
f 6144/6144/6144 5518/5518/5518 6042/6042/6042
f 6144/6144/6144 6042/6042/6042 6558/6558/6558
f 6042/6042/6042 5518/5518/5518 5203/5203/5203
f 6558/6558/6558 6042/6042/6042 6399/6399/6399
f 6082/6082/6082 5924/5924/5924 6100/6100/6100
f 6082/6082/6082 6100/6100/6100 6180/6180/6180
f 6180/6180/6180 6100/6100/6100 6178/6178/6178
f 6180/6180/6180 6178/6178/6178 6318/6318/6318
f 6318/6318/6318 6178/6178/6178 6364/6364/6364
f 6318/6318/6318 6364/6364/6364 6514/6514/6514
f 6514/6514/6514 6364/6364/6364 6549/6549/6549
f 6514/6514/6514 6549/6549/6549 6770/6770/6770
f 5719/5719/5719 6084/6084/6084 5866/5866/5866
f 6085/6085/6085 6181/6181/6181 5867/5867/5867
f 5867/5867/5867 6181/6181/6181 6319/6319/6319
f 5867/5867/5867 6319/6319/6319 6023/6023/6023
f 6023/6023/6023 6319/6319/6319 6261/6261/6261
f 6261/6261/6261 6319/6319/6319 6515/6515/6515
f 6261/6261/6261 6515/6515/6515 6542/6542/6542
f 6542/6542/6542 6515/6515/6515 6772/6772/6772
f 6542/6542/6542 6772/6772/6772 6874/6874/6874
f 6874/6874/6874 6772/6772/6772 6972/6972/6972
f 5720/5720/5720 5868/5868/5868 5923/5923/5923
f 5923/5923/5923 5868/5868/5868 6025/6025/6025
f 5923/5923/5923 6025/6025/6025 6071/6071/6071
f 6024/6024/6024 6262/6262/6262 6070/6070/6070
f 6070/6070/6070 6262/6262/6262 6317/6317/6317
f 6317/6317/6317 6262/6262/6262 6543/6543/6543
f 6317/6317/6317 6543/6543/6543 6541/6541/6541
f 6541/6541/6541 6543/6543/6543 6875/6875/6875
f 6541/6541/6541 6875/6875/6875 6873/6873/6873
f 6873/6873/6873 6875/6875/6875 7118/7118/7118
f 6873/6873/6873 7118/7118/7118 7115/7115/7115
f 7119/7119/7119 6876/6876/6876 6973/6973/6973
f 7119/7119/7119 6973/6973/6973 7293/7293/7293
f 7119/7119/7119 7293/7293/7293 7289/7289/7289
f 7287/7287/7287 7291/7291/7291 7513/7513/7513
f 7114/7114/7114 7117/7117/7117 7288/7288/7288
f 7116/7116/7116 7290/7290/7290 7294/7294/7294
f 7614/7614/7614 7516/7516/7516 7286/7286/7286
f 7614/7614/7614 7286/7286/7286 7469/7469/7469
f 7284/7284/7284 7514/7514/7514 7586/7586/7586
f 7587/7587/7587 7515/7515/7515 7613/7613/7613
f 7587/7587/7587 7613/7613/7613 7669/7669/7669
f 7669/7669/7669 7613/7613/7613 7666/7666/7666
f 7285/7285/7285 7588/7588/7588 7466/7466/7466
f 7466/7466/7466 7588/7588/7588 7670/7670/7670
f 7612/7612/7612 7467/7467/7467 7509/7509/7509
f 7612/7612/7612 7509/7509/7509 7665/7665/7665
f 7665/7665/7665 7509/7509/7509 7465/7465/7465
f 7665/7665/7665 7465/7465/7465 7583/7583/7583
f 7510/7510/7510 7468/7468/7468 7671/7671/7671
f 7508/7508/7508 7668/7668/7668 7585/7585/7585
f 7508/7508/7508 7585/7585/7585 7464/7464/7464
f 7464/7464/7464 7585/7585/7585 7267/7267/7267
f 7584/7584/7584 7667/7667/7667 7664/7664/7664
f 7584/7584/7584 7664/7664/7664 7581/7581/7581
f 7584/7584/7584 7581/7581/7581 7265/7265/7265
f 7265/7265/7265 7581/7581/7581 7351/7351/7351
f 7268/7268/7268 7353/7353/7353 7233/7233/7233
f 7268/7268/7268 7233/7233/7233 7140/7140/7140
f 7233/7233/7233 7353/7353/7353 7270/7270/7270
f 7140/7140/7140 7233/7233/7233 6960/6960/6960
f 7233/7233/7233 7270/7270/7270 6834/6834/6834
f 7233/7233/7233 6834/6834/6834 6960/6960/6960
f 6857/6857/6857 6832/6832/6832 6962/6962/6962
f 6832/6832/6832 6857/6857/6857 6836/6836/6836
f 7582/7582/7582 7463/7463/7463 7352/7352/7352
f 7352/7352/7352 7463/7463/7463 7266/7266/7266
f 7354/7354/7354 7269/7269/7269 7141/7141/7141
f 7354/7354/7354 7141/7141/7141 6961/6961/6961
f 7354/7354/7354 6961/6961/6961 7271/7271/7271
f 7271/7271/7271 6961/6961/6961 6835/6835/6835
f 6837/6837/6837 6963/6963/6963 6833/6833/6833
f 6838/6838/6838 6858/6858/6858 6964/6964/6964
f 929/929/929 1088/1088/1088 1237/1237/1237
f 929/929/929 1237/1237/1237 1077/1077/1077
f 1240/1240/1240 1091/1091/1091 938/938/938
f 1240/1240/1240 938/938/938 1087/1087/1087
f 1090/1090/1090 932/932/932 844/844/844
f 844/844/844 932/932/932 541/541/541
f 1078/1078/1078 1238/1238/1238 1082/1082/1082
f 1078/1078/1078 1082/1082/1082 1004/1004/1004
f 936/936/936 1089/1089/1089 933/933/933
f 933/933/933 1089/1089/1089 842/842/842
f 936/936/936 933/933/933 713/713/713
f 936/936/936 713/713/713 717/717/717
f 717/717/717 713/713/713 383/383/383
f 383/383/383 713/713/713 306/306/306
f 383/383/383 306/306/306 202/202/202
f 202/202/202 306/306/306 544/544/544
f 1239/1239/1239 1085/1085/1085 1084/1084/1084
f 1084/1084/1084 1085/1085/1085 848/848/848
f 848/848/848 1085/1085/1085 850/850/850
f 848/848/848 850/850/850 553/553/553
f 1086/1086/1086 937/937/937 719/719/719
f 1086/1086/1086 719/719/719 851/851/851
f 849/849/849 718/718/718 384/384/384
f 849/849/849 384/384/384 552/552/552
f 552/552/552 384/384/384 205/205/205
f 552/552/552 205/205/205 462/462/462
f 210/210/210 715/715/715 935/935/935
f 210/210/210 935/935/935 470/470/470
f 210/210/210 470/470/470 3786/3786/3786
f 210/210/210 3786/3786/3786 3790/3790/3790
f 1772/1772/1772 847/847/847 549/549/549
f 1083/1083/1083 2070/2070/2070 2008/2008/2008
f 2008/2008/2008 2070/2070/2070 3021/3021/3021
f 1083/1083/1083 2008/2008/2008 1005/1005/1005
f 1003/1003/1003 2007/2007/2007 710/710/710
f 710/710/710 2007/2007/2007 1589/1589/1589
f 1589/1589/1589 2007/2007/2007 2970/2970/2970
f 1589/1589/1589 2970/2970/2970 2868/2868/2868
f 2868/2868/2868 2970/2970/2970 3150/3150/3150
f 2868/2868/2868 3150/3150/3150 3035/3035/3035
f 2868/2868/2868 3035/3035/3035 2539/2539/2539
f 2539/2539/2539 3035/3035/3035 2919/2919/2919
f 3035/3035/3035 3150/3150/3150 3343/3343/3343
f 3035/3035/3035 3343/3343/3343 3208/3208/3208
f 3208/3208/3208 3343/3343/3343 3391/3391/3391
f 1006/1006/1006 711/711/711 1080/1080/1080
f 1080/1080/1080 711/711/711 708/708/708
f 708/708/708 711/711/711 463/463/463
f 1590/1590/1590 2869/2869/2869 1236/1236/1236
f 1236/1236/1236 2869/2869/2869 2540/2540/2540
f 709/709/709 1588/1588/1588 465/465/465
f 465/465/465 1588/1588/1588 1235/1235/1235
f 465/465/465 1235/1235/1235 1348/1348/1348
f 1348/1348/1348 1235/1235/1235 2496/2496/2496
f 2496/2496/2496 1235/1235/1235 2538/2538/2538
f 2496/2496/2496 2538/2538/2538 2893/2893/2893
f 2893/2893/2893 2538/2538/2538 2917/2917/2917
f 2893/2893/2893 2917/2917/2917 3159/3159/3159
f 712/712/712 468/468/468 464/464/464
f 460/460/460 467/467/467 551/551/551
f 707/707/707 461/461/461 204/204/204
f 1079/1079/1079 706/706/706 547/547/547
f 1079/1079/1079 547/547/547 931/931/931
f 545/545/545 705/705/705 203/203/203
f 550/550/550 466/466/466 1349/1349/1349
f 550/550/550 1349/1349/1349 1773/1773/1773
f 1773/1773/1773 1349/1349/1349 2497/2497/2497
f 1773/1773/1773 2497/2497/2497 2922/2922/2922
f 2922/2922/2922 2497/2497/2497 2894/2894/2894
f 930/930/930 546/546/546 539/539/539
f 540/540/540 548/548/548 307/307/307
f 3034/3034/3034 3209/3209/3209 2918/2918/2918
f 2918/2918/2918 3209/3209/3209 3082/3082/3082
f 3214/3214/3214 3161/3161/3161 3083/3083/3083
f 3083/3083/3083 3161/3161/3161 2920/2920/2920
f 3212/3212/3212 3081/3081/3081 3112/3112/3112
f 117/117/117 469/469/469 312/312/312
f 312/312/312 469/469/469 843/843/843
f 843/843/843 469/469/469 934/934/934
f 469/469/469 117/117/117 3784/3784/3784
f 3784/3784/3784 117/117/117 4034/4034/4034
f 313/313/313 845/845/845 542/542/542
f 311/311/311 538/538/538 207/207/207
f 208/208/208 543/543/543 309/309/309
f 208/208/208 309/309/309 60/60/60
f 208/208/208 60/60/60 4032/4032/4032
f 4032/4032/4032 60/60/60 4280/4280/4280
f 310/310/310 206/206/206 4029/4029/4029
f 310/310/310 4029/4029/4029 116/116/116
f 59/59/59 308/308/308 63/63/63
f 63/63/63 308/308/308 716/716/716
f 62/62/62 714/714/714 209/209/209
f 62/62/62 209/209/209 3969/3969/3969
f 3969/3969/3969 209/209/209 4356/4356/4356
f 4356/4356/4356 209/209/209 3789/3789/3789
f 58/58/58 61/61/61 4278/4278/4278
f 4278/4278/4278 61/61/61 3968/3968/3968
f 4278/4278/4278 3968/3968/3968 4353/4353/4353
f 4278/4278/4278 4353/4353/4353 5354/5354/5354
f 5354/5354/5354 4353/4353/4353 5279/5279/5279
f 4353/4353/4353 3968/3968/3968 4442/4442/4442
f 4442/4442/4442 3968/3968/3968 4355/4355/4355
f 4442/4442/4442 4355/4355/4355 4877/4877/4877
f 4877/4877/4877 4355/4355/4355 4198/4198/4198
f 4877/4877/4877 4198/4198/4198 4553/4553/4553
f 4107/4107/4107 115/115/115 4028/4028/4028
f 4030/4030/4030 4279/4279/4279 5275/5275/5275
f 5275/5275/5275 4279/4279/4279 5355/5355/5355
f 4031/4031/4031 5276/5276/5276 4110/4110/4110
f 4110/4110/4110 5276/5276/5276 5210/5210/5210
f 5277/5277/5277 5356/5356/5356 5211/5211/5211
f 5211/5211/5211 5356/5356/5356 5280/5280/5280
f 5209/5209/5209 5278/5278/5278 4108/4108/4108
f 4108/4108/4108 5278/5278/5278 4352/4352/4352
f 4037/4037/4037 118/118/118 4111/4111/4111
f 4033/4033/4033 4109/4109/4109 4354/4354/4354
f 4033/4033/4033 4354/4354/4354 4443/4443/4443
f 4035/4035/4035 4444/4444/4444 4504/4504/4504
f 4504/4504/4504 4444/4444/4444 4879/4879/4879
f 4036/4036/4036 4505/4505/4505 3788/3788/3788
f 4199/4199/4199 4357/4357/4357 3791/3791/3791
f 4199/4199/4199 3791/3791/3791 3890/3890/3890
f 3890/3890/3890 3791/3791/3791 3793/3793/3793
f 3793/3793/3793 3791/3791/3791 3787/3787/3787
f 3792/3792/3792 3785/3785/3785 4502/4502/4502
f 3792/3792/3792 4502/4502/4502 4118/4118/4118
f 3792/3792/3792 4118/4118/4118 4041/4041/4041
f 3792/3792/3792 4041/4041/4041 3889/3889/3889
f 4119/4119/4119 4503/4503/4503 4878/4878/4878
f 4119/4119/4119 4878/4878/4878 4554/4554/4554
f 4119/4119/4119 4554/4554/4554 4126/4126/4126
f 4119/4119/4119 4126/4126/4126 4042/4042/4042
f 4555/4555/4555 4200/4200/4200 4127/4127/4127
f 4127/4127/4127 4200/4200/4200 3891/3891/3891
f 4043/4043/4043 4128/4128/4128 3892/3892/3892
f 3176/3176/3176 3121/3121/3121 3119/3119/3119
f 3176/3176/3176 3119/3119/3119 3174/3174/3174
f 3119/3119/3119 3121/3121/3121 3051/3051/3051
f 3051/3051/3051 3121/3121/3121 3053/3053/3053
f 3120/3120/3120 3175/3175/3175 3124/3124/3124
f 3124/3124/3124 3175/3175/3175 3172/3172/3172
f 3124/3124/3124 3172/3172/3172 3147/3147/3147
f 3173/3173/3173 3118/3118/3118 3148/3148/3148
f 3148/3148/3148 3118/3118/3118 3086/3086/3086
f 3086/3086/3086 3118/3118/3118 3033/3033/3033
f 3033/3033/3033 3118/3118/3118 3050/3050/3050
f 3033/3033/3033 3050/3050/3050 2994/2994/2994
f 2994/2994/2994 3050/3050/3050 3017/3017/3017
f 3146/3146/3146 3085/3085/3085 3123/3123/3123
f 3123/3123/3123 3085/3085/3085 3032/3032/3032
f 3123/3123/3123 3032/3032/3032 2993/2993/2993
f 3054/3054/3054 3122/3122/3122 3125/3125/3125
f 3054/3054/3054 3125/3125/3125 3018/3018/3018
f 3018/3018/3018 3125/3125/3125 2995/2995/2995
f 3055/3055/3055 3019/3019/3019 3052/3052/3052
f 2322/2322/2322 2467/2467/2467 2436/2436/2436
f 2319/2319/2319 2434/2434/2434 2289/2289/2289
f 2468/2468/2468 2321/2321/2321 2324/2324/2324
f 2469/2469/2469 2328/2328/2328 2435/2435/2435
f 2435/2435/2435 2328/2328/2328 2290/2290/2290
f 2323/2323/2323 2320/2320/2320 2291/2291/2291
f 2380/2380/2380 2325/2325/2325 2292/2292/2292
f 2380/2380/2380 2292/2292/2292 2295/2295/2295
f 2293/2293/2293 2326/2326/2326 2239/2239/2239
f 2239/2239/2239 2326/2326/2326 2385/2385/2385
f 2327/2327/2327 2379/2379/2379 2382/2382/2382
f 2298/2298/2298 2294/2294/2294 2237/2237/2237
f 2381/2381/2381 2296/2296/2296 2383/2383/2383
f 2384/2384/2384 2297/2297/2297 2238/2238/2238
f 2330/2330/2330 2333/2333/2333 2302/2302/2302
f 2299/2299/2299 2332/2332/2332 2171/2171/2171
f 2171/2171/2171 2332/2332/2332 2244/2244/2244
f 2329/2329/2329 2300/2300/2300 2165/2165/2165
f 2329/2329/2329 2165/2165/2165 2245/2245/2245
f 2166/2166/2166 2301/2301/2301 2172/2172/2172
f 2334/2334/2334 2331/2331/2331 2246/2246/2246
f 2247/2247/2247 2167/2167/2167 2173/2173/2173
f 2249/2249/2249 2169/2169/2169 2240/2240/2240
f 2249/2249/2249 2240/2240/2240 2303/2303/2303
f 2241/2241/2241 2170/2170/2170 2177/2177/2177
f 2174/2174/2174 2168/2168/2168 2248/2248/2248
f 2174/2174/2174 2248/2248/2248 2096/2096/2096
f 2096/2096/2096 2248/2248/2248 2251/2251/2251
f 2243/2243/2243 2175/2175/2175 2182/2182/2182
f 2184/2184/2184 2176/2176/2176 2098/2098/2098
f 2242/2242/2242 2181/2181/2181 2305/2305/2305
f 2252/2252/2252 2250/2250/2250 2304/2304/2304
f 2097/2097/2097 2253/2253/2253 2183/2183/2183
f 2183/2183/2183 2253/2253/2253 2306/2306/2306
f 2039/2039/2039 2256/2256/2256 2179/2179/2179
f 2254/2254/2254 2038/2038/2038 1983/1983/1983
f 2180/2180/2180 2257/2257/2257 2101/2101/2101
f 2178/2178/2178 2099/2099/2099 2037/2037/2037
f 2037/2037/2037 2099/2099/2099 1923/1923/1923
f 1923/1923/1923 2099/2099/2099 1982/1982/1982
f 2100/2100/2100 2255/2255/2255 1984/1984/1984
f 1924/1924/1924 1985/1985/1985 2040/2040/2040
f 2777/2777/2777 2627/2627/2627 2624/2624/2624
f 2777/2777/2777 2624/2624/2624 2702/2702/2702
f 2626/2626/2626 2628/2628/2628 2637/2637/2637
f 2632/2632/2632 2629/2629/2629 2775/2775/2775
f 2625/2625/2625 2630/2630/2630 2700/2700/2700
f 2701/2701/2701 2631/2631/2631 2776/2776/2776
f 2562/2562/2562 2679/2679/2679 2633/2633/2633
f 2563/2563/2563 2636/2636/2636 2566/2566/2566
f 2634/2634/2634 2678/2678/2678 2717/2717/2717
f 2635/2635/2635 2718/2718/2718 2567/2567/2567
f 2676/2676/2676 2564/2564/2564 2642/2642/2642
f 2641/2641/2641 2565/2565/2565 2569/2569/2569
f 2677/2677/2677 2643/2643/2643 2716/2716/2716
f 2719/2719/2719 2644/2644/2644 2568/2568/2568
f 2682/2682/2682 2512/2512/2512 2639/2639/2639
f 2639/2639/2639 2512/2512/2512 2470/2470/2470
f 2681/2681/2681 2640/2640/2640 2652/2652/2652
f 2681/2681/2681 2652/2652/2652 2579/2579/2579
f 2638/2638/2638 2473/2473/2473 2650/2650/2650
f 2513/2513/2513 2680/2680/2680 2580/2580/2580
f 2514/2514/2514 2577/2577/2577 2472/2472/2472
f 2474/2474/2474 2578/2578/2578 2651/2651/2651
f 2471/2471/2471 2582/2582/2582 2475/2475/2475
f 2520/2520/2520 2581/2581/2581 2476/2476/2476
f 2477/2477/2477 2585/2585/2585 2528/2528/2528
f 2518/2518/2518 2479/2479/2479 2486/2486/2486
f 2484/2484/2484 2478/2478/2478 2529/2529/2529
f 2583/2583/2583 2519/2519/2519 2525/2525/2525
f 2525/2525/2525 2519/2519/2519 2485/2485/2485
f 2584/2584/2584 2524/2524/2524 2527/2527/2527
f 2523/2523/2523 2483/2483/2483 2526/2526/2526
f 2439/2439/2439 2523/2523/2523 2481/2481/2481
f 2397/2397/2397 2480/2480/2480 2522/2522/2522
f 2482/2482/2482 2398/2398/2398 2438/2438/2438
f 2437/2437/2437 2396/2396/2396 2521/2521/2521
f 2394/2394/2394 2440/2440/2440 2307/2307/2307
f 2307/2307/2307 2440/2440/2440 2345/2345/2345
f 2441/2441/2441 2395/2395/2395 2346/2346/2346
f 2346/2346/2346 2395/2395/2395 2308/2308/2308
f 1908/1908/1908 1610/1610/1610 1795/1795/1795
f 1907/1907/1907 1793/1793/1793 1972/1972/1972
f 1612/1612/1612 1910/1910/1910 1806/1806/1806
f 1611/1611/1611 1807/1807/1807 1796/1796/1796
f 1808/1808/1808 1909/1909/1909 1971/1971/1971
f 1805/1805/1805 1973/1973/1973 1794/1794/1794
f 1700/1700/1700 1697/1697/1697 1802/1802/1802
f 1698/1698/1698 1804/1804/1804 1913/1913/1913
f 1803/1803/1803 1694/1694/1694 1977/1977/1977
f 1801/1801/1801 1976/1976/1976 1911/1911/1911
f 1695/1695/1695 1699/1699/1699 1812/1812/1812
f 1696/1696/1696 1811/1811/1811 1974/1974/1974
f 1809/1809/1809 1701/1701/1701 1914/1914/1914
f 1810/1810/1810 1912/1912/1912 1975/1975/1975
f 1622/1622/1622 1815/1815/1815 1915/1915/1915
f 1916/1916/1916 1813/1813/1813 1979/1979/1979
f 1816/1816/1816 1621/1621/1621 1617/1617/1617
f 1814/1814/1814 1618/1618/1618 1981/1981/1981
f 1624/1624/1624 1918/1918/1918 1711/1711/1711
f 1713/1713/1713 1917/1917/1917 1980/1980/1980
f 1713/1713/1713 1980/1980/1980 1819/1819/1819
f 1623/1623/1623 1712/1712/1712 1619/1619/1619
f 1978/1978/1978 1620/1620/1620 1818/1818/1818
f 1817/1817/1817 1616/1616/1616 1710/1710/1710
f 1820/1820/1820 1710/1710/1710 1717/1717/1717
f 1820/1820/1820 1717/1717/1717 1822/1822/1822
f 1820/1820/1820 1822/1822/1822 1919/1919/1919
f 1921/1921/1921 1716/1716/1716 1821/1821/1821
f 1718/1718/1718 1714/1714/1714 1823/1823/1823
f 1824/1824/1824 1715/1715/1715 1920/1920/1920
f 1725/1725/1725 1625/1625/1625 1825/1825/1825
f 1625/1625/1625 1725/1725/1725 1627/1627/1627
f 1625/1625/1625 1627/1627/1627 1550/1550/1550
f 1552/1552/1552 1727/1727/1727 1626/1626/1626
f 1551/1551/1551 1628/1628/1628 1726/1726/1726
f 236/236/236 130/130/130 3846/3846/3846
f 236/236/236 3846/3846/3846 405/405/405
f 127/127/127 235/235/235 3600/3600/3600
f 3600/3600/3600 235/235/235 403/403/403
f 3599/3599/3599 402/402/402 489/489/489
f 490/490/490 404/404/404 3845/3845/3845
f 490/490/490 3845/3845/3845 498/498/498
f 3597/3597/3597 488/488/488 495/495/495
f 3597/3597/3597 495/495/495 3607/3607/3607
f 3595/3595/3595 3841/3841/3841 129/129/129
f 3594/3594/3594 128/128/128 3931/3931/3931
f 3931/3931/3931 128/128/128 3601/3601/3601
f 3839/3839/3839 3593/3593/3593 3680/3680/3680
f 3681/3681/3681 3596/3596/3596 3933/3933/3933
f 3837/3837/3837 3678/3678/3678 3820/3820/3820
f 3821/3821/3821 3679/3679/3679 3930/3930/3930
f 3821/3821/3821 3930/3930/3930 4062/4062/4062
f 4062/4062/4062 3930/3930/3930 4221/4221/4221
f 4062/4062/4062 4221/4221/4221 4217/4217/4217
f 414/414/414 496/496/496 3838/3838/3838
f 3611/3611/3611 497/497/497 415/415/415
f 413/413/413 3833/3833/3833 417/417/417
f 416/416/416 420/420/420 3613/3613/3613
f 419/419/419 3843/3843/3843 333/333/333
f 333/333/333 3843/3843/3843 243/243/243
f 243/243/243 3843/3843/3843 176/176/176
f 418/418/418 332/332/332 3610/3610/3610
f 3610/3610/3610 332/332/332 241/241/241
f 4063/4063/4063 3842/3842/3842 3822/3822/3822
f 3842/3842/3842 4063/4063/4063 4218/4218/4218
f 3832/3832/3832 4215/4215/4215 4211/4211/4211
f 4212/4212/4212 4216/4216/4216 4219/4219/4219
f 4212/4212/4212 4219/4219/4219 4227/4227/4227
f 242/242/242 175/175/175 3612/3612/3612
f 3836/3836/3836 4213/4213/4213 4366/4366/4366
f 4214/4214/4214 4233/4233/4233 4369/4369/4369
f 3840/3840/3840 4368/4368/4368 4306/4306/4306
f 3840/3840/3840 4306/4306/4306 4142/4142/4142
f 4304/4304/4304 4367/4367/4367 4231/4231/4231
f 4141/4141/4141 4305/4305/4305 4232/4232/4232
f 4140/4140/4140 4230/4230/4230 4226/4226/4226
f 4139/4139/4139 4224/4224/4224 3835/3835/3835
f 4225/4225/4225 4228/4228/4228 3982/3982/3982
f 3982/3982/3982 4228/4228/4228 3935/3935/3935
f 4223/4223/4223 3981/3981/3981 3834/3834/3834
f 3844/3844/3844 3983/3983/3983 3743/3743/3743
f 3831/3831/3831 3741/3741/3741 3688/3688/3688
f 3831/3831/3831 3688/3688/3688 6/6/6
f 3744/3744/3744 3984/3984/3984 3939/3939/3939
f 3742/3742/3742 3938/3938/3938 3690/3690/3690
f 3847/3847/3847 8/8/8 177/177/177
f 7/7/7 3689/3689/3689 3934/3934/3934
f 7/7/7 3934/3934/3934 174/174/174
f 174/174/174 3934/3934/3934 3606/3606/3606
f 3936/3936/3936 4229/4229/4229 4566/4566/4566
f 3936/3936/3936 4566/4566/4566 4065/4065/4065
f 4566/4566/4566 4229/4229/4229 4817/4817/4817
f 4817/4817/4817 4229/4229/4229 4900/4900/4900
f 4900/4900/4900 4229/4229/4229 4220/4220/4220
f 3609/3609/3609 3937/3937/3937 3615/3615/3615
f 3615/3615/3615 3937/3937/3937 4067/4067/4067
f 3609/3609/3609 3615/3615/3615 12/12/12
f 13/13/13 3616/3616/3616 4072/4072/4072
f 13/13/13 4072/4072/4072 3988/3988/3988
f 3988/3988/3988 4072/4072/4072 4239/4239/4239
f 13/13/13 3988/3988/3988 10/10/10
f 10/10/10 3988/3988/3988 3604/3604/3604
f 4071/4071/4071 3614/3614/3614 4066/4066/4066
f 3608/3608/3608 11/11/11 9/9/9
f 3608/3608/3608 9/9/9 3598/3598/3598
f 3598/3598/3598 9/9/9 3602/3602/3602
f 3598/3598/3598 3602/3602/3602 3929/3929/3929
f 3929/3929/3929 3602/3602/3602 4143/4143/4143
f 4819/4819/4819 4902/4902/4902 5087/5087/5087
f 5087/5087/5087 4902/4902/4902 5032/5032/5032
f 5032/5032/5032 4902/4902/4902 4710/4710/4710
f 4818/4818/4818 5085/5085/5085 4567/4567/4567
f 4901/4901/4901 4222/4222/4222 4709/4709/4709
f 4709/4709/4709 4222/4222/4222 3932/3932/3932
f 4709/4709/4709 3932/3932/3932 4145/4145/4145
f 4708/4708/4708 4144/4144/4144 5031/5031/5031
f 5031/5031/5031 4144/4144/4144 4564/4564/4564
f 5031/5031/5031 4564/4564/4564 4767/4767/4767
f 5031/5031/5031 4767/4767/4767 5445/5445/5445
f 5445/5445/5445 4767/4767/4767 6066/6066/6066
f 6066/6066/6066 4767/4767/4767 5581/5581/5581
f 4146/4146/4146 3605/3605/3605 4565/4565/4565
f 4563/4563/4563 3603/3603/3603 3987/3987/3987
f 4766/4766/4766 4562/4562/4562 3986/3986/3986
f 4766/4766/4766 3986/3986/3986 3990/3990/3990
f 4766/4766/4766 3990/3990/3990 5579/5579/5579
f 5579/5579/5579 3990/3990/3990 5090/5090/5090
f 5579/5579/5579 5090/5090/5090 5496/5496/5496
f 5446/5446/5446 5088/5088/5088 5033/5033/5033
f 5088/5088/5088 5446/5446/5446 5494/5494/5494
f 4576/4576/4576 4569/4569/4569 5089/5089/5089
f 4568/4568/4568 4575/4575/4575 4068/4068/4068
f 4064/4064/4064 4572/4572/4572 4069/4069/4069
f 4574/4574/4574 5086/5086/5086 5492/5492/5492
f 4574/4574/4574 5492/5492/5492 4822/4822/4822
f 4070/4070/4070 4573/4573/4573 4820/4820/4820
f 4070/4070/4070 4820/4820/4820 4238/4238/4238
f 5493/5493/5493 5444/5444/5444 6065/6065/6065
f 5493/5493/5493 6065/6065/6065 6093/6093/6093
f 6093/6093/6093 6065/6065/6065 6193/6193/6193
f 6093/6093/6093 6193/6193/6193 6195/6195/6195
f 6195/6195/6195 6193/6193/6193 6357/6357/6357
f 6357/6357/6357 6193/6193/6193 6360/6360/6360
f 4821/4821/4821 5491/5491/5491 6092/6092/6092
f 4821/4821/4821 6092/6092/6092 5702/5702/5702
f 5702/5702/5702 6092/6092/6092 5897/5897/5897
f 5897/5897/5897 6092/6092/6092 6194/6194/6194
f 5897/5897/5897 6194/6194/6194 6196/6196/6196
f 6196/6196/6196 6194/6194/6194 6356/6356/6356
f 5897/5897/5897 6196/6196/6196 5904/5904/5904
f 5897/5897/5897 5904/5904/5904 5243/5243/5243
f 5243/5243/5243 5904/5904/5904 5103/5103/5103
f 5103/5103/5103 5904/5904/5904 5597/5597/5597
f 5103/5103/5103 5597/5597/5597 4597/4597/4597
f 3989/3989/3989 3985/3985/3985 4237/4237/4237
f 5703/5703/5703 4241/4241/4241 4823/4823/4823
f 4241/4241/4241 5703/5703/5703 5143/5143/5143
f 5143/5143/5143 5703/5703/5703 5900/5900/5900
f 3991/3991/3991 4240/4240/4240 5091/5091/5091
f 5091/5091/5091 4240/4240/4240 5142/5142/5142
f 5091/5091/5091 5142/5142/5142 5392/5392/5392
f 5498/5498/5498 5092/5092/5092 5393/5393/5393
f 5582/5582/5582 5497/5497/5497 5895/5895/5895
f 5895/5895/5895 5497/5497/5497 5585/5585/5585
f 5580/5580/5580 5894/5894/5894 6064/6064/6064
f 6064/6064/6064 5894/5894/5894 6192/6192/6192
f 6192/6192/6192 5894/5894/5894 6170/6170/6170
f 6192/6192/6192 6170/6170/6170 6359/6359/6359
f 6170/6170/6170 5894/5894/5894 5901/5901/5901
f 5583/5583/5583 5495/5495/5495 5388/5388/5388
f 5583/5583/5583 5388/5388/5388 5847/5847/5847
f 5896/5896/5896 5586/5586/5586 5903/5903/5903
f 5584/5584/5584 5848/5848/5848 5902/5902/5902
f 5902/5902/5902 5848/5848/5848 6172/6172/6172
f 6172/6172/6172 5848/5848/5848 6174/6174/6174
f 6174/6174/6174 5848/5848/5848 5548/5548/5548
f 5548/5548/5548 5848/5848/5848 4910/4910/4910
f 4910/4910/4910 5848/5848/5848 5391/5391/5391
f 5548/5548/5548 4910/4910/4910 5397/5397/5397
f 5397/5397/5397 4910/4910/4910 4830/4830/4830
f 6171/6171/6171 6173/6173/6173 6361/6361/6361
f 6361/6361/6361 6173/6173/6173 6358/6358/6358
f 6358/6358/6358 6173/6173/6173 6197/6197/6197
f 6197/6197/6197 6173/6173/6173 5905/5905/5905
f 5905/5905/5905 6173/6173/6173 5547/5547/5547
f 5905/5905/5905 5547/5547/5547 5396/5396/5396
f 5905/5905/5905 5396/5396/5396 5598/5598/5598
f 5898/5898/5898 5244/5244/5244 5387/5387/5387
f 5387/5387/5387 5244/5244/5244 4909/4909/4909
f 5387/5387/5387 4909/4909/4909 5390/5390/5390
f 4909/4909/4909 5244/5244/5244 5104/5104/5104
f 4909/4909/4909 5104/5104/5104 4829/4829/4829
f 4829/4829/4829 5104/5104/5104 4598/4598/4598
f 4829/4829/4829 4598/4598/4598 4398/4398/4398
f 4829/4829/4829 4398/4398/4398 4530/4530/4530
f 4398/4398/4398 4598/4598/4598 4007/4007/4007
f 5899/5899/5899 5386/5386/5386 5141/5141/5141
f 5141/5141/5141 5386/5386/5386 5389/5389/5389
f 5596/5596/5596 5394/5394/5394 5561/5561/5561
f 5561/5561/5561 5394/5394/5394 5113/5113/5113
f 5561/5561/5561 5113/5113/5113 5115/5115/5115
f 5561/5561/5561 5115/5115/5115 5167/5167/5167
f 5395/5395/5395 4828/4828/4828 4528/4528/4528
f 5398/5398/5398 4531/4531/4531 5114/5114/5114
f 5114/5114/5114 4531/4531/4531 4473/4473/4473
f 5114/5114/5114 4473/4473/4473 5116/5116/5116
f 5116/5116/5116 4473/4473/4473 5169/5169/5169
f 5169/5169/5169 4473/4473/4473 4478/4478/4478
f 4471/4471/4471 4529/4529/4529 4397/4397/4397
f 4470/4470/4470 4396/4396/4396 4005/4005/4005
f 4472/4472/4472 4009/4009/4009 4477/4477/4477
f 4477/4477/4477 4009/4009/4009 4535/4535/4535
f 4533/4533/4533 4006/4006/4006 346/346/346
f 349/349/349 4008/4008/4008 19/19/19
f 5166/5166/5166 5250/5250/5250 5558/5558/5558
f 5166/5166/5166 5558/5558/5558 5560/5560/5560
f 5558/5558/5558 5250/5250/5250 5400/5400/5400
f 5558/5558/5558 5400/5400/5400 5783/5783/5783
f 5783/5783/5783 5400/5400/5400 5729/5729/5729
f 5783/5783/5783 5729/5729/5729 5865/5865/5865
f 5865/5865/5865 5729/5729/5729 5968/5968/5968
f 5968/5968/5968 5729/5729/5729 5651/5651/5651
f 5651/5651/5651 5722/5722/5722 5653/5653/5653
f 5968/5968/5968 5651/5651/5651 6027/6027/6027
f 6027/6027/6027 5651/5651/5651 5786/5786/5786
f 6027/6027/6027 5786/5786/5786 5708/5708/5708
f 20/20/20 4011/4011/4011 4004/4004/4004
f 20/20/20 4004/4004/4004 4256/4256/4256
f 4003/4003/4003 4010/4010/4010 4599/4599/4599
f 4003/4003/4003 4599/4599/4599 4527/4527/4527
f 4527/4527/4527 4599/4599/4599 5456/5456/5456
f 4003/4003/4003 4527/4527/4527 4254/4254/4254
f 4527/4527/4527 5456/5456/5456 5107/5107/5107
f 4527/4527/4527 5107/5107/5107 4254/4254/4254
f 5455/5455/5455 4600/4600/4600 5599/5599/5599
f 5457/5457/5457 5600/5600/5600 5562/5562/5562
f 4255/4255/4255 5108/5108/5108 4779/4779/4779
f 4255/4255/4255 4779/4779/4779 4588/4588/4588
f 4255/4255/4255 4588/4588/4588 3753/3753/3753
f 4780/4780/4780 5109/5109/5109 5506/5506/5506
f 4780/4780/4780 5506/5506/5506 5152/5152/5152
f 6028/6028/6028 5710/5710/5710 5960/5960/5960
f 5160/5160/5160 5164/5164/5164 4667/4667/4667
f 5160/5160/5160 4667/4667/4667 5157/5157/5157
f 5157/5157/5157 4667/4667/4667 4783/4783/4783
f 5157/5157/5157 4783/4783/4783 5110/5110/5110
f 5856/5856/5856 5961/5961/5961 5712/5712/5712
f 5856/5856/5856 5712/5712/5712 5707/5707/5707
f 5856/5856/5856 5707/5707/5707 5647/5647/5647
f 5709/5709/5709 5158/5158/5158 5706/5706/5706
f 5706/5706/5706 5158/5158/5158 5645/5645/5645
f 5645/5645/5645 5158/5158/5158 5111/5111/5111
f 5645/5645/5645 5111/5111/5111 4961/4961/4961
f 4961/4961/4961 5111/5111/5111 4577/4577/4577
f 5646/5646/5646 4963/4963/4963 5855/5855/5855
f 5112/5112/5112 4785/4785/4785 4580/4580/4580
f 4784/4784/4784 4668/4668/4668 4842/4842/4842
f 4784/4784/4784 4842/4842/4842 4579/4579/4579
f 4665/4665/4665 4260/4260/4260 4922/4922/4922
f 4665/4665/4665 4922/4922/4922 5105/5105/5105
f 4665/4665/4665 5105/5105/5105 4843/4843/4843
f 4843/4843/4843 5105/5105/5105 5639/5639/5639
f 5639/5639/5639 5105/5105/5105 5635/5635/5635
f 5635/5635/5635 5105/5105/5105 4922/4922/4922
f 5635/5635/5635 4922/4922/4922 5500/5500/5500
f 5640/5640/5640 5962/5962/5962 5857/5857/5857
f 4840/4840/4840 5638/5638/5638 4770/4770/4770
f 4840/4840/4840 4770/4770/4770 4379/4379/4379
f 4378/4378/4378 4775/4775/4775 4373/4373/4373
f 4378/4378/4378 4373/4373/4373 3996/3996/3996
f 4769/4769/4769 5637/5637/5637 5853/5853/5853
f 4769/4769/4769 5853/5853/5853 5093/5093/5093
f 4380/4380/4380 4578/4578/4578 4841/4841/4841
f 4381/4381/4381 4772/4772/4772 4581/4581/4581
f 4582/4582/4582 4773/4773/4773 4964/4964/4964
f 5094/5094/5094 5854/5854/5854 4962/4962/4962
f 4960/4960/4960 4768/4768/4768 5036/5036/5036
f 4965/4965/4965 5038/5038/5038 5096/5096/5096
f 5095/5095/5095 5037/5037/5037 4771/4771/4771
f 4774/4774/4774 4377/4377/4377 4636/4636/4636
f 4636/4636/4636 4377/4377/4377 3994/3994/3994
f 4376/4376/4376 4777/4777/4777 4635/4635/4635
f 4375/4375/4375 4634/4634/4634 3942/3942/3942
f 3942/3942/3942 4634/4634/4634 4458/4458/4458
f 4458/4458/4458 4634/4634/4634 4959/4959/4959
f 4374/4374/4374 3940/3940/3940 3997/3997/3997
f 3997/3997/3997 3940/3940/3940 131/131/131
f 3997/3997/3997 131/131/131 15/15/15
f 15/15/15 131/131/131 1032/1032/1032
f 1032/1032/1032 131/131/131 1209/1209/1209
f 1032/1032/1032 1209/1209/1209 1211/1211/1211
f 1032/1032/1032 1211/1211/1211 1034/1034/1034
f 1034/1034/1034 1211/1211/1211 1759/1759/1759
f 1034/1034/1034 1759/1759/1759 1422/1422/1422
f 1759/1759/1759 1211/1211/1211 1652/1652/1652
f 4633/4633/4633 4776/4776/4776 4958/4958/4958
f 4958/4958/4958 4776/4776/4776 5101/5101/5101
f 4958/4958/4958 5101/5101/5101 5099/5099/5099
f 5101/5101/5101 4776/4776/4776 4638/4638/4638
f 4456/4456/4456 4957/4957/4957 5097/5097/5097
f 4456/4456/4456 5097/5097/5097 5034/5034/5034
f 4456/4456/4456 5034/5034/5034 4154/4154/4154
f 4154/4154/4154 5034/5034/5034 4825/4825/4825
f 5035/5035/5035 5098/5098/5098 5100/5100/5100
f 5035/5035/5035 5100/5100/5100 4826/4826/4826
f 4826/4826/4826 5100/5100/5100 4968/4968/4968
f 4826/4826/4826 4968/4968/4968 4329/4329/4329
f 4826/4826/4826 4329/4329/4329 4164/4164/4164
f 4164/4164/4164 4329/4329/4329 3850/3850/3850
f 3941/3941/3941 4457/4457/4457 4155/4155/4155
f 3941/3941/3941 4155/4155/4155 132/132/132
f 132/132/132 4155/4155/4155 1210/1210/1210
f 1210/1210/1210 4155/4155/4155 338/338/338
f 1210/1210/1210 338/338/338 1212/1212/1212
f 1212/1212/1212 338/338/338 570/570/570
f 3995/3995/3995 14/14/14 4637/4637/4637
f 4637/4637/4637 14/14/14 4313/4313/4313
f 4313/4313/4313 14/14/14 87/87/87
f 87/87/87 14/14/14 1031/1031/1031
f 4314/4314/4314 5102/5102/5102 4639/4639/4639
f 5102/5102/5102 4314/4314/4314 4969/4969/4969
f 4969/4969/4969 4314/4314/4314 89/89/89
f 4969/4969/4969 89/89/89 4331/4331/4331
f 340/340/340 4156/4156/4156 4827/4827/4827
f 340/340/340 4827/4827/4827 4165/4165/4165
f 1037/1037/1037 90/90/90 1033/1033/1033
f 4330/4330/4330 88/88/88 136/136/136
f 136/136/136 88/88/88 1035/1035/1035
f 4330/4330/4330 136/136/136 3851/3851/3851
f 3701/3701/3701 339/339/339 4166/4166/4166
f 339/339/339 3701/3701/3701 571/571/571
f 3701/3701/3701 4166/4166/4166 3852/3852/3852
f 1213/1213/1213 572/572/572 996/996/996
f 1213/1213/1213 996/996/996 1653/1653/1653
f 569/569/569 3699/3699/3699 354/354/354
f 354/354/354 3699/3699/3699 3627/3627/3627
f 573/573/573 356/356/356 997/997/997
f 3700/3700/3700 3848/3848/3848 3702/3702/3702
f 3700/3700/3700 3702/3702/3702 3628/3628/3628
f 3704/3704/3704 3849/3849/3849 93/93/93
f 93/93/93 3849/3849/3849 427/427/427
f 427/427/427 3849/3849/3849 135/135/135
f 3629/3629/3629 3703/3703/3703 436/436/436
f 3629/3629/3629 436/436/436 520/520/520
f 3629/3629/3629 520/520/520 355/355/355
f 355/355/355 520/520/520 1069/1069/1069
f 355/355/355 1069/1069/1069 995/995/995
f 438/438/438 3705/3705/3705 94/94/94
f 438/438/438 94/94/94 430/430/430
f 1651/1651/1651 994/994/994 1066/1066/1066
f 1651/1651/1651 1066/1066/1066 1499/1499/1499
f 1651/1651/1651 1499/1499/1499 1758/1758/1758
f 1758/1758/1758 1499/1499/1499 1340/1340/1340
f 1036/1036/1036 1423/1423/1423 137/137/137
f 137/137/137 1423/1423/1423 428/428/428
f 1421/1421/1421 1757/1757/1757 1337/1337/1337
f 1421/1421/1421 1337/1337/1337 424/424/424
f 429/429/429 1343/1343/1343 1327/1327/1327
f 1323/1323/1323 1339/1339/1339 1493/1493/1493
f 1493/1493/1493 1339/1339/1339 1655/1655/1655
f 432/432/432 1326/1326/1326 1154/1154/1154
f 1325/1325/1325 1494/1494/1494 825/825/825
f 1324/1324/1324 820/820/820 1151/1151/1151
f 812/812/812 1492/1492/1492 1654/1654/1654
f 1657/1657/1657 1342/1342/1342 1763/1763/1763
f 1763/1763/1763 1342/1342/1342 2055/2055/2055
f 1656/1656/1656 1762/1762/1762 814/814/814
f 814/814/814 1762/1762/1762 2053/2053/2053
f 2052/2052/2052 1338/1338/1338 2056/2056/2056
f 2054/2054/2054 2057/2057/2057 817/817/817
f 2058/2058/2058 1341/1341/1341 1501/1501/1501
f 2060/2060/2060 1503/1503/1503 2064/2064/2064
f 2059/2059/2059 2063/2063/2063 831/831/831
f 2062/2062/2062 1502/1502/1502 2068/2068/2068
f 2061/2061/2061 2065/2065/2065 813/813/813
f 2067/2067/2067 1500/1500/1500 1768/1768/1768
f 1768/1768/1768 1500/1500/1500 1068/1068/1068
f 2066/2066/2066 1767/1767/1767 815/815/815
f 1769/1769/1769 1070/1070/1070 1664/1664/1664
f 1770/1770/1770 1665/1665/1665 830/830/830
f 1662/1662/1662 1067/1067/1067 1346/1346/1346
f 1346/1346/1346 1067/1067/1067 916/916/916
f 1663/1663/1663 1347/1347/1347 821/821/821
f 821/821/821 1347/1347/1347 917/917/917
f 914/914/914 1065/1065/1065 517/517/517
f 829/829/829 918/918/918 911/911/911
f 910/910/910 915/915/915 518/518/518
f 913/913/913 522/522/522 588/588/588
f 912/912/912 587/587/587 832/832/832
f 589/589/589 521/521/521 362/362/362
f 362/362/362 521/521/521 275/275/275
f 586/586/586 361/361/361 816/816/816
f 816/816/816 361/361/361 272/272/272
f 274/274/274 519/519/519 435/435/435
f 274/274/274 435/435/435 359/359/359
f 819/819/819 273/273/273 357/357/357
f 827/827/827 360/360/360 146/146/146
f 144/144/144 358/358/358 434/434/434
f 147/147/147 439/439/439 143/143/143
f 143/143/143 439/439/439 267/267/267
f 145/145/145 142/142/142 828/828/828
f 828/828/828 142/142/142 266/266/266
f 264/264/264 437/437/437 576/576/576
f 265/265/265 577/577/577 826/826/826
f 574/574/574 433/433/433 425/425/425
f 574/574/574 425/425/425 667/667/667
f 818/818/818 575/575/575 669/669/669
f 824/824/824 670/670/670 811/811/811
f 809/809/809 668/668/668 426/426/426
f 809/809/809 426/426/426 904/904/904
f 823/823/823 810/810/810 906/906/906
f 822/822/822 905/905/905 1152/1152/1152
f 1153/1153/1153 907/907/907 431/431/431
f 1987/1987/1987 1834/1834/1834 1839/1839/1839
f 1839/1839/1839 1834/1834/1834 1735/1735/1735
f 1987/1987/1987 1839/1839/1839 2186/2186/2186
f 2186/2186/2186 1839/1839/1839 2188/2188/2188
f 1833/1833/1833 1986/1986/1986 2113/2113/2113
f 2113/2113/2113 1986/1986/1986 2185/2185/2185
f 2113/2113/2113 2185/2185/2185 2356/2356/2356
f 1737/1737/1737 1835/1835/1835 2116/2116/2116
f 2187/2187/2187 2191/2191/2191 2361/2361/2361
f 2189/2189/2189 1844/1844/1844 2259/2259/2259
f 2190/2190/2190 2261/2261/2261 2359/2359/2359
f 2260/2260/2260 1845/1845/1845 2337/2337/2337
f 2337/2337/2337 1845/1845/1845 2341/2341/2341
f 2262/2262/2262 2338/2338/2338 2360/2360/2360
f 1555/1555/1555 1736/1736/1736 2115/2115/2115
f 1734/1734/1734 1554/1554/1554 1836/1836/1836
f 1553/1553/1553 2112/2112/2112 1738/1738/1738
f 1553/1553/1553 1738/1738/1738 1403/1403/1403
f 1403/1403/1403 1738/1738/1738 1304/1304/1304
f 1846/1846/1846 1556/1556/1556 1404/1404/1404
f 1846/1846/1846 1404/1404/1404 1305/1305/1305
f 1846/1846/1846 1305/1305/1305 1405/1405/1405
f 1846/1846/1846 1405/1405/1405 1201/1201/1201
f 1846/1846/1846 1201/1201/1201 1205/1205/1205
f 1846/1846/1846 1205/1205/1205 1308/1308/1308
f 1846/1846/1846 1308/1308/1308 1410/1410/1410
f 1306/1306/1306 1740/1740/1740 1406/1406/1406
f 1739/1739/1739 2114/2114/2114 1746/1746/1746
f 1746/1746/1746 2114/2114/2114 2357/2357/2357
f 1746/1746/1746 2357/2357/2357 1988/1988/1988
f 1988/1988/1988 2357/2357/2357 2266/2266/2266
f 2266/2266/2266 2357/2357/2357 2411/2411/2411
f 1407/1407/1407 1741/1741/1741 1202/1202/1202
f 1203/1203/1203 1742/1742/1742 1748/1748/1748
f 1200/1200/1200 1747/1747/1747 1204/1204/1204
f 1204/1204/1204 1747/1747/1747 1307/1307/1307
f 1307/1307/1307 1747/1747/1747 1409/1409/1409
f 1409/1409/1409 1747/1747/1747 1989/1989/1989
f 1840/1840/1840 1408/1408/1408 1561/1561/1561
f 1563/1563/1563 1411/1411/1411 1994/1994/1994
f 1849/1849/1849 1562/1562/1562 1558/1558/1558
f 1560/1560/1560 1564/1564/1564 1990/1990/1990
f 1559/1559/1559 1993/1993/1993 1852/1852/1852
f 1557/1557/1557 1850/1850/1850 1843/1843/1843
f 1853/1853/1853 1991/1991/1991 1928/1928/1928
f 1851/1851/1851 1926/1926/1926 1848/1848/1848
f 1992/1992/1992 2269/2269/2269 1929/1929/1929
f 1927/1927/1927 2270/2270/2270 2045/2045/2045
f 1925/1925/1925 2044/2044/2044 1841/1841/1841
f 2046/2046/2046 2268/2268/2268 2200/2200/2200
f 2043/2043/2043 2198/2198/2198 1837/1837/1837
f 1837/1837/1837 2198/2198/2198 2263/2263/2263
f 2199/2199/2199 2267/2267/2267 2265/2265/2265
f 2265/2265/2265 2267/2267/2267 2311/2311/2311
f 2311/2311/2311 2267/2267/2267 2412/2412/2412
f 2311/2311/2311 2412/2412/2412 2410/2410/2410
f 2410/2410/2410 2412/2412/2412 2407/2407/2407
f 2264/2264/2264 2310/2310/2310 1847/1847/1847
f 2309/2309/2309 2409/2409/2409 1838/1838/1838
f 1838/1838/1838 2409/2409/2409 2406/2406/2406
f 1838/1838/1838 2406/2406/2406 2352/2352/2352
f 2408/2408/2408 2413/2413/2413 2355/2355/2355
f 2414/2414/2414 2362/2362/2362 2342/2342/2342
f 2415/2415/2415 2344/2344/2344 2354/2354/2354
f 2353/2353/2353 2340/2340/2340 1842/1842/1842
f 2343/2343/2343 2358/2358/2358 2339/2339/2339
f 1473/1473/1473 1547/1547/1547 1543/1543/1543
f 1547/1547/1547 1473/1473/1473 1398/1398/1398
f 1545/1545/1545 1549/1549/1549 1025/1025/1025
f 1546/1546/1546 1027/1027/1027 954/954/954
f 1474/1474/1474 1544/1544/1544 555/555/555
f 555/555/555 1544/1544/1544 952/952/952
f 555/555/555 952/952/952 3739/3739/3739
f 555/555/555 3739/3739/3739 3824/3824/3824
f 1474/1474/1474 555/555/555 1191/1191/1191
f 1474/1474/1474 1191/1191/1191 1476/1476/1476
f 953/953/953 1026/1026/1026 3740/3740/3740
f 3740/3740/3740 1026/1026/1026 3684/3684/3684
f 3740/3740/3740 3684/3684/3684 4517/4517/4517
f 4517/4517/4517 3684/3684/3684 4308/4308/4308
f 1024/1024/1024 1548/1548/1548 889/889/889
f 889/889/889 1548/1548/1548 1400/1400/1400
f 889/889/889 1400/1400/1400 725/725/725
f 725/725/725 1400/1400/1400 492/492/492
f 1024/1024/1024 889/889/889 3686/3686/3686
f 3686/3686/3686 889/889/889 725/725/725
f 3686/3686/3686 725/725/725 492/492/492
f 1024/1024/1024 3686/3686/3686 3683/3683/3683
f 3686/3686/3686 492/492/492 3746/3746/3746
f 1477/1477/1477 1399/1399/1399 1475/1475/1475
f 1402/1402/1402 1478/1478/1478 1130/1130/1130
f 1130/1130/1130 1478/1478/1478 1193/1193/1193
f 1401/1401/1401 1129/1129/1129 494/494/494
f 1192/1192/1192 556/556/556 557/557/557
f 1192/1192/1192 557/557/557 1126/1126/1126
f 557/557/557 556/556/556 3826/3826/3826
f 3826/3826/3826 556/556/556 3825/3825/3825
f 3826/3826/3826 3825/3825/3825 4560/4560/4560
f 3826/3826/3826 4560/4560/4560 4370/4370/4370
f 3823/3823/3823 3738/3738/3738 4559/4559/4559
f 4559/4559/4559 3738/3738/3738 4515/4515/4515
f 4371/4371/4371 4561/4561/4561 4516/4516/4516
f 4371/4371/4371 4516/4516/4516 4151/4151/4151
f 4151/4151/4151 4516/4516/4516 4148/4148/4148
f 4372/4372/4372 4153/4153/4153 3830/3830/3830
f 3830/3830/3830 4153/4153/4153 3748/3748/3748
f 4307/4307/4307 3682/3682/3682 3685/3685/3685
f 4307/4307/4307 3685/3685/3685 4147/4147/4147
f 4518/4518/4518 4309/4309/4309 4149/4149/4149
f 4152/4152/4152 4150/4150/4150 3749/3749/3749
f 3749/3749/3749 4150/4150/4150 3687/3687/3687
f 3827/3827/3827 3745/3745/3745 178/178/178
f 180/180/180 3747/3747/3747 493/493/493
f 180/180/180 493/493/493 1198/1198/1198
f 1198/1198/1198 493/493/493 1302/1302/1302
f 3829/3829/3829 179/179/179 172/172/172
f 172/172/172 179/179/179 1197/1197/1197
f 172/172/172 1197/1197/1197 1194/1194/1194
f 3828/3828/3828 173/173/173 558/558/558
f 558/558/558 173/173/173 1195/1195/1195
f 558/558/558 1195/1195/1195 1128/1128/1128
f 1128/1128/1128 1195/1195/1195 1396/1396/1396
f 1301/1301/1301 491/491/491 1127/1127/1127
f 1301/1301/1301 1127/1127/1127 1395/1395/1395
f 1196/1196/1196 1199/1199/1199 1303/1303/1303
f 1196/1196/1196 1303/1303/1303 1397/1397/1397
f 2824/2824/2824 2891/2891/2891 2862/2862/2862
f 2892/2892/2892 2826/2826/2826 2885/2885/2885
f 2861/2861/2861 2890/2890/2890 2827/2827/2827
f 2827/2827/2827 2890/2890/2890 2884/2884/2884
f 2863/2863/2863 2829/2829/2829 2825/2825/2825
f 2828/2828/2828 2883/2883/2883 2823/2823/2823
f 2781/2781/2781 2836/2836/2836 2833/2833/2833
f 2779/2779/2779 2831/2831/2831 2794/2794/2794
f 2832/2832/2832 2835/2835/2835 2866/2866/2866
f 2830/2830/2830 2865/2865/2865 2793/2793/2793
f 2837/2837/2837 2782/2782/2782 2799/2799/2799
f 2834/2834/2834 2798/2798/2798 2867/2867/2867
f 2797/2797/2797 2780/2780/2780 2796/2796/2796
f 2800/2800/2800 2795/2795/2795 2864/2864/2864
f 2805/2805/2805 2729/2729/2729 2802/2802/2802
f 2806/2806/2806 2803/2803/2803 2786/2786/2786
f 2804/2804/2804 2730/2730/2730 2647/2647/2647
f 2801/2801/2801 2648/2648/2648 2784/2784/2784
f 2731/2731/2731 2808/2808/2808 2738/2738/2738
f 2743/2743/2743 2807/2807/2807 2783/2783/2783
f 2728/2728/2728 2737/2737/2737 2646/2646/2646
f 2649/2649/2649 2739/2739/2739 2785/2785/2785
f 2653/2653/2653 2736/2736/2736 2645/2645/2645
f 2740/2740/2740 2657/2657/2657 2686/2686/2686
f 2658/2658/2658 2655/2655/2655 2741/2741/2741
f 2742/2742/2742 2687/2687/2687 2684/2684/2684
f 2684/2684/2684 2687/2687/2687 2663/2663/2663
f 2742/2742/2742 2684/2684/2684 2659/2659/2659
f 2659/2659/2659 2684/2684/2684 2663/2663/2663
f 2685/2685/2685 2656/2656/2656 2662/2662/2662
f 2661/2661/2661 2654/2654/2654 2660/2660/2660
f 2534/2534/2534 2664/2664/2664 2683/2683/2683
f 2493/2493/2493 2535/2535/2535 2665/2665/2665
f 2535/2535/2535 2494/2494/2494 2349/2349/2349
f 2348/2348/2348 2495/2495/2495 2537/2537/2537
f 2495/2495/2495 2348/2348/2348 2351/2351/2351
f 2347/2347/2347 2536/2536/2536 2350/2350/2350
f 2726/2726/2726 2447/2447/2447 2489/2489/2489
f 2489/2489/2489 2447/2447/2447 2108/2108/2108
f 2108/2108/2108 2447/2447/2447 2102/2102/2102
f 2102/2102/2102 2447/2447/2447 2733/2733/2733
f 2733/2733/2733 2447/2447/2447 2726/2726/2726
f 2733/2733/2733 2726/2726/2726 2821/2821/2821
f 2733/2733/2733 2821/2821/2821 2853/2853/2853
f 2821/2821/2821 2726/2726/2726 2858/2858/2858
f 2814/2814/2814 2858/2858/2858 2853/2853/2853
f 2858/2858/2858 2814/2814/2814 2821/2821/2821
f 2821/2821/2821 2814/2814/2814 2697/2697/2697
f 2103/2103/2103 2735/2735/2735 2492/2492/2492
f 2103/2103/2103 2492/2492/2492 2109/2109/2109
f 2490/2490/2490 2734/2734/2734 2859/2859/2859
f 2491/2491/2491 2860/2860/2860 2727/2727/2727
f 2857/2857/2857 2732/2732/2732 2851/2851/2851
f 2822/2822/2822 2699/2699/2699 2854/2854/2854
f 2813/2813/2813 2852/2852/2852 2764/2764/2764
f 2813/2813/2813 2764/2764/2764 2696/2696/2696
f 2696/2696/2696 2764/2764/2764 2459/2459/2459
f 2696/2696/2696 2459/2459/2459 2461/2461/2461
f 2461/2461/2461 2459/2459/2459 2093/2093/2093
f 2093/2093/2093 2459/2459/2459 2088/2088/2088
f 2093/2093/2093 2088/2088/2088 1613/1613/1613
f 1613/1613/1613 2088/2088/2088 1535/1535/1535
f 2855/2855/2855 2698/2698/2698 2464/2464/2464
f 2856/2856/2856 2465/2465/2465 2767/2767/2767
f 2460/2460/2460 2766/2766/2766 2090/2090/2090
f 2089/2089/2089 2765/2765/2765 2462/2462/2462
f 2091/2091/2091 2466/2466/2466 1539/1539/1539
f 1537/1537/1537 2463/2463/2463 2094/2094/2094
f 2095/2095/2095 1615/1615/1615 1114/1114/1114
f 1114/1114/1114 1615/1615/1615 1117/1117/1117
f 2092/2092/2092 1112/1112/1112 1534/1534/1534
f 1113/1113/1113 1116/1116/1116 1538/1538/1538
f 1536/1536/1536 1115/1115/1115 1614/1614/1614
f 2590/2590/2590 2404/2404/2404 2401/2401/2401
f 2401/2401/2401 2404/2404/2404 2110/2110/2110
f 2401/2401/2401 2110/2110/2110 2106/2106/2106
f 2404/2404/2404 2590/2590/2590 2596/2596/2596
f 2596/2596/2596 2590/2590/2590 2721/2721/2721
f 2111/2111/2111 2405/2405/2405 2107/2107/2107
f 2104/2104/2104 2403/2403/2403 2593/2593/2593
f 2105/2105/2105 2594/2594/2594 2399/2399/2399
f 2400/2400/2400 2595/2595/2595 2710/2710/2710
f 2402/2402/2402 2711/2711/2711 2591/2591/2591
f 2725/2725/2725 2592/2592/2592 2715/2715/2715
f 2712/2712/2712 2597/2597/2597 2704/2704/2704
f 2705/2705/2705 2598/2598/2598 2722/2722/2722
f 2724/2724/2724 2714/2714/2714 2675/2675/2675
f 2674/2674/2674 2713/2713/2713 2709/2709/2709
f 2720/2720/2720 2673/2673/2673 2509/2509/2509
f 2723/2723/2723 2511/2511/2511 2707/2707/2707
f 2672/2672/2672 2703/2703/2703 2504/2504/2504
f 2672/2672/2672 2504/2504/2504 2508/2508/2508
f 2508/2508/2508 2504/2504/2504 2229/2229/2229
f 2508/2508/2508 2229/2229/2229 2231/2231/2231
f 2231/2231/2231 2229/2229/2229 1707/1707/1707
f 1707/1707/1707 2229/2229/2229 1702/1702/1702
f 2706/2706/2706 2510/2510/2510 2235/2235/2235
f 2708/2708/2708 2236/2236/2236 2507/2507/2507
f 2230/2230/2230 2506/2506/2506 1706/1706/1706
f 1705/1705/1705 2505/2505/2505 2233/2233/2233
f 1704/1704/1704 2232/2232/2232 1118/1118/1118
f 1704/1704/1704 1118/1118/1118 1121/1121/1121
f 1119/1119/1119 2234/2234/2234 1709/1709/1709
f 1119/1119/1119 1709/1709/1709 1122/1122/1122
f 1708/1708/1708 1703/1703/1703 1120/1120/1120
f 2532/2532/2532 2488/2488/2488 2588/2588/2588
f 2532/2532/2532 2588/2588/2588 2516/2516/2516
f 2516/2516/2516 2588/2588/2588 2573/2573/2573
f 2488/2488/2488 2532/2532/2532 2444/2444/2444
f 2488/2488/2488 2444/2444/2444 2196/2196/2196
f 2488/2488/2488 2196/2196/2196 2194/2194/2194
f 2587/2587/2587 2487/2487/2487 2193/2193/2193
f 2195/2195/2195 2197/2197/2197 2446/2446/2446
f 2192/2192/2192 2442/2442/2442 2586/2586/2586
f 2589/2589/2589 2445/2445/2445 2574/2574/2574
f 2571/2571/2571 2443/2443/2443 2531/2531/2531
f 2533/2533/2533 2517/2517/2517 2393/2393/2393
f 2530/2530/2530 2390/2390/2390 2570/2570/2570
f 2515/2515/2515 2572/2572/2572 2387/2387/2387
f 2515/2515/2515 2387/2387/2387 2391/2391/2391
f 2391/2391/2391 2387/2387/2387 2029/2029/2029
f 2391/2391/2391 2029/2029/2029 2034/2034/2034
f 2034/2034/2034 2029/2029/2029 1292/1292/1292
f 1292/1292/1292 2029/2029/2029 1288/1288/1288
f 2576/2576/2576 2392/2392/2392 2036/2036/2036
f 2575/2575/2575 2035/2035/2035 2389/2389/2389
f 2030/2030/2030 2388/2388/2388 1289/1289/1289
f 1287/1287/1287 2386/2386/2386 2033/2033/2033
f 1293/1293/1293 1290/1290/1290 1125/1125/1125
f 1124/1124/1124 1286/1286/1286 2032/2032/2032
f 1123/1123/1123 2031/2031/2031 1291/1291/1291
f 2313/2313/2313 2370/2370/2370 2316/2316/2316
f 2316/2316/2316 2370/2370/2370 2367/2367/2367
f 2313/2313/2313 2316/2316/2316 2127/2127/2127
f 2127/2127/2127 2316/2316/2316 1873/1873/1873
f 2369/2369/2369 2312/2312/2312 2205/2205/2205
f 2369/2369/2369 2205/2205/2205 2366/2366/2366
f 2205/2205/2205 2312/2312/2312 2126/2126/2126
f 2205/2205/2205 2126/2126/2126 1872/1872/1872
f 2205/2205/2205 1872/1872/1872 1863/1863/1863
f 2368/2368/2368 2206/2206/2206 2317/2317/2317
f 2317/2317/2317 2206/2206/2206 1864/1864/1864
f 1870/1870/1870 2314/2314/2314 1328/1328/1328
f 1871/1871/1871 1329/1329/1329 1861/1861/1861
f 1861/1861/1861 1329/1329/1329 971/971/971
f 1330/1330/1330 2315/2315/2315 1146/1146/1146
f 1146/1146/1146 2315/2315/2315 1862/1862/1862
f 1146/1146/1146 1862/1862/1862 972/972/972
f 1147/1147/1147 973/973/973 1331/1331/1331
f 2448/2448/2448 975/975/975 1148/1148/1148
f 1048/1048/1048 1051/1051/1051 979/979/979
f 1053/1053/1053 1049/1049/1049 2210/2210/2210
f 2210/2210/2210 1049/1049/1049 1866/1866/1866
f 1050/1050/1050 980/980/980 1869/1869/1869
f 1865/1865/1865 978/978/978 1052/1052/1052
f 1865/1865/1865 1052/1052/1052 1577/1577/1577
f 1579/1579/1579 1054/1054/1054 2213/2213/2213
f 1867/1867/1867 1578/1578/1578 2207/2207/2207
f 2207/2207/2207 1578/1578/1578 1644/1644/1644
f 2207/2207/2207 1644/1644/1644 2002/2002/2002
f 2207/2207/2207 2002/2002/2002 2203/2203/2203
f 2207/2207/2207 2203/2203/2203 2271/2271/2271
f 1868/1868/1868 2208/2208/2208 2211/2211/2211
f 2211/2211/2211 2208/2208/2208 2272/2272/2272
f 1643/1643/1643 1576/1576/1576 2209/2209/2209
f 1643/1643/1643 2209/2209/2209 2001/2001/2001
f 2204/2204/2204 2003/2003/2003 2212/2212/2212
f 2204/2204/2204 2212/2212/2212 2273/2273/2273
f 1060/1060/1060 1057/1057/1057 974/974/974
f 1057/1057/1057 1060/1060/1060 1226/1226/1226
f 1226/1226/1226 1060/1060/1060 1489/1489/1489
f 1489/1489/1489 1060/1060/1060 1428/1428/1428
f 1428/1428/1428 1060/1060/1060 732/732/732
f 1428/1428/1428 732/732/732 801/801/801
f 732/732/732 1060/1060/1060 734/734/734
f 734/734/734 1060/1060/1060 899/899/899
f 1059/1059/1059 1228/1228/1228 903/903/903
f 1058/1058/1058 902/902/902 977/977/977
f 976/976/976 901/901/901 1061/1061/1061
f 900/900/900 1227/1227/1227 1063/1063/1063
f 1063/1063/1063 1227/1227/1227 1490/1490/1490
f 900/900/900 1063/1063/1063 735/735/735
f 735/735/735 1063/1063/1063 733/733/733
f 733/733/733 1063/1063/1063 803/803/803
f 1491/1491/1491 1431/1431/1431 1064/1064/1064
f 1062/1062/1062 1429/1429/1429 1426/1426/1426
f 1062/1062/1062 1426/1426/1426 1056/1056/1056
f 1062/1062/1062 1056/1056/1056 802/802/802
f 802/802/802 1056/1056/1056 965/965/965
f 1056/1056/1056 1426/1426/1426 1318/1318/1318
f 1056/1056/1056 1318/1318/1318 962/962/962
f 1427/1427/1427 1430/1430/1430 804/804/804
f 1427/1427/1427 804/804/804 966/966/966
f 1427/1427/1427 966/966/966 963/963/963
f 1427/1427/1427 963/963/963 1319/1319/1319
f 1055/1055/1055 961/961/961 964/964/964
f 729/729/729 341/341/341 967/967/967
f 341/341/341 729/729/729 659/659/659
f 341/341/341 659/659/659 248/248/248
f 248/248/248 659/659/659 499/499/499
f 731/731/731 970/970/970 504/504/504
f 968/968/968 342/342/342 514/514/514
f 514/514/514 342/342/342 257/257/257
f 969/969/969 515/515/515 501/501/501
f 501/501/501 515/515/515 258/258/258
f 501/501/501 258/258/258 138/138/138
f 501/501/501 138/138/138 91/91/91
f 501/501/501 91/91/91 335/335/335
f 91/91/91 138/138/138 21/21/21
f 91/91/91 21/21/21 3757/3757/3757
f 91/91/91 3757/3757/3757 3754/3754/3754
f 91/91/91 3754/3754/3754 3621/3621/3621
f 259/259/259 344/344/344 141/141/141
f 660/660/660 730/730/730 503/503/503
f 660/660/660 503/503/503 500/500/500
f 500/500/500 503/503/503 253/253/253
f 139/139/139 343/343/343 251/251/251
f 250/250/250 502/502/502 336/336/336
f 250/250/250 336/336/336 133/133/133
f 250/250/250 133/133/133 3622/3622/3622
f 250/250/250 3622/3622/3622 3756/3756/3756
f 22/22/22 140/140/140 252/252/252
f 23/23/23 254/254/254 3759/3759/3759
f 134/134/134 337/337/337 92/92/92
f 134/134/134 92/92/92 3623/3623/3623
f 3758/3758/3758 249/249/249 3755/3755/3755
f 1214/1214/1214 1217/1217/1217 1041/1041/1041
f 1214/1214/1214 1041/1041/1041 1038/1038/1038
f 1215/1215/1215 1039/1039/1039 795/795/795
f 795/795/795 1039/1039/1039 793/793/793
f 795/795/795 793/793/793 561/561/561
f 1216/1216/1216 796/796/796 1218/1218/1218
f 505/505/505 661/661/661 796/796/796
f 796/796/796 661/661/661 806/806/806
f 796/796/796 806/806/806 1218/1218/1218
f 1218/1218/1218 806/806/806 909/909/909
f 1218/1218/1218 909/909/909 1156/1156/1156
f 1218/1218/1218 1156/1156/1156 1486/1486/1486
f 1040/1040/1040 1043/1043/1043 794/794/794
f 794/794/794 1043/1043/1043 564/564/564
f 797/797/797 563/563/563 506/506/506
f 507/507/507 562/562/562 1045/1045/1045
f 663/663/663 508/508/508 1046/1046/1046
f 808/808/808 662/662/662 1044/1044/1044
f 807/807/807 1042/1042/1042 1230/1230/1230
f 1230/1230/1230 1042/1042/1042 1482/1482/1482
f 1230/1230/1230 1482/1482/1482 1584/1584/1584
f 1482/1482/1482 1042/1042/1042 1424/1424/1424
f 908/908/908 805/805/805 1229/1229/1229
f 908/908/908 1229/1229/1229 1155/1155/1155
f 1155/1155/1155 1229/1229/1229 1485/1485/1485
f 1487/1487/1487 1231/1231/1231 1585/1585/1585
f 1488/1488/1488 1587/1587/1587 1220/1220/1220
f 1586/1586/1586 1484/1484/1484 1219/1219/1219
f 1425/1425/1425 1047/1047/1047 1221/1221/1221
f 1425/1425/1425 1221/1221/1221 1483/1483/1483
f 1940/1940/1940 2004/2004/2004 1751/1751/1751
f 1753/1753/1753 2005/2005/2005 1650/1650/1650
f 1650/1650/1650 2005/2005/2005 1942/1942/1942
f 1650/1650/1650 1942/1942/1942 1496/1496/1496
f 1496/1496/1496 1942/1942/1942 1760/1760/1760
f 1496/1496/1496 1760/1760/1760 1646/1646/1646
f 1750/1750/1750 1649/1649/1649 1581/1581/1581
f 1752/1752/1752 1582/1582/1582 1941/1941/1941
f 1580/1580/1580 1648/1648/1648 1332/1332/1332
f 1332/1332/1332 1648/1648/1648 1495/1495/1495
f 1332/1332/1332 1495/1495/1495 1157/1157/1157
f 1157/1157/1157 1495/1495/1495 988/988/988
f 988/988/988 1495/1495/1495 984/984/984
f 984/984/984 1495/1495/1495 1334/1334/1334
f 1334/1334/1334 1495/1495/1495 1645/1645/1645
f 1583/1583/1583 1333/1333/1333 1943/1943/1943
f 1943/1943/1943 1333/1333/1333 1761/1761/1761
f 1761/1761/1761 1333/1333/1333 1158/1158/1158
f 1761/1761/1761 1158/1158/1158 1222/1222/1222
f 1761/1761/1761 1222/1222/1222 1647/1647/1647
f 1647/1647/1647 1222/1222/1222 1335/1335/1335
f 1335/1335/1335 1222/1222/1222 1149/1149/1149
f 1149/1149/1149 1222/1222/1222 981/981/981
f 1224/1224/1224 1159/1159/1159 989/989/989
f 990/990/990 987/987/987 1225/1225/1225
f 1336/1336/1336 1150/1150/1150 985/985/985
f 985/985/985 1150/1150/1150 982/982/982
f 1223/1223/1223 986/986/986 983/983/983
f 152/152/152 284/284/284 197/197/197
f 375/375/375 150/150/150 195/195/195
f 196/196/196 281/281/281 96/96/96
f 196/196/196 96/96/96 378/378/378
f 96/96/96 281/281/281 3706/3706/3706
f 96/96/96 3706/3706/3706 378/378/378
f 3706/3706/3706 281/281/281 3632/3632/3632
f 378/378/378 3706/3706/3706 4092/4092/4092
f 3706/3706/3706 3632/3632/3632 4089/4089/4089
f 4092/4092/4092 3706/3706/3706 4181/4181/4181
f 4181/4181/4181 3706/3706/3706 4089/4089/4089
f 4934/4934/4934 4673/4673/4673 4845/4845/4845
f 4936/4936/4936 4846/4846/4846 5327/5327/5327
f 5327/5327/5327 4846/4846/4846 5458/5458/5458
f 4936/4936/4936 5327/5327/5327 5119/5119/5119
f 4937/4937/4937 5120/5120/5120 5122/5122/5122
f 5122/5122/5122 5120/5120/5120 5414/5414/5414
f 5414/5414/5414 5120/5120/5120 5330/5330/5330
f 5122/5122/5122 5414/5414/5414 5408/5408/5408
f 5408/5408/5408 5414/5414/5414 5417/5417/5417
f 5332/5332/5332 5462/5462/5462 5620/5620/5620
f 5620/5620/5620 5462/5462/5462 5662/5662/5662
f 5619/5619/5619 5665/5665/5665 5331/5331/5331
f 5661/5661/5661 5461/5461/5461 5510/5510/5510
f 5413/5413/5413 5329/5329/5329 5792/5792/5792
f 5660/5660/5660 5507/5507/5507 5655/5655/5655
f 5658/5658/5658 5725/5725/5725 5404/5404/5404
f 5721/5721/5721 5793/5793/5793 5399/5399/5399
f 5791/5791/5791 5724/5724/5724 5649/5649/5649
f 5401/5401/5401 5794/5794/5794 5993/5993/5993
f 5993/5993/5993 5794/5794/5794 6102/6102/6102
f 5728/5728/5728 5403/5403/5403 6205/6205/6205
f 6205/6205/6205 5403/5403/5403 5997/5997/5997
f 5726/5726/5726 6204/6204/6204 6270/6270/6270
f 6270/6270/6270 6204/6204/6204 6615/6615/6615
f 6270/6270/6270 6615/6615/6615 6206/6206/6206
f 6615/6615/6615 6204/6204/6204 6729/6729/6729
f 6729/6729/6729 6204/6204/6204 5994/5994/5994
f 6729/6729/6729 5994/5994/5994 6546/6546/6546
f 6729/6729/6729 6546/6546/6546 7557/7557/7557
f 6615/6615/6615 6729/6729/6729 7589/7589/7589
f 7589/7589/7589 6729/6729/6729 7557/7557/7557
f 6206/6206/6206 6615/6615/6615 6686/6686/6686
f 6686/6686/6686 6615/6615/6615 7589/7589/7589
f 6206/6206/6206 6686/6686/6686 5970/5970/5970
f 5970/5970/5970 6686/6686/6686 6478/6478/6478
f 6478/6478/6478 6686/6686/6686 7475/7475/7475
f 7475/7475/7475 6686/6686/6686 7589/7589/7589
f 7589/7589/7589 7557/7557/7557 7797/7797/7797
f 7589/7589/7589 7797/7797/7797 7475/7475/7475
f 7797/7797/7797 7557/7557/7557 7703/7703/7703
f 7475/7475/7475 7797/7797/7797 7607/7607/7607
f 7797/7797/7797 7703/7703/7703 7867/7867/7867
f 7797/7797/7797 7867/7867/7867 7607/7607/7607
f 7607/7607/7607 7867/7867/7867 7699/7699/7699
f 5650/5650/5650 5727/5727/5727 6207/6207/6207
f 6207/6207/6207 5727/5727/5727 6271/6271/6271
f 5650/5650/5650 6207/6207/6207 5972/5972/5972
f 5648/5648/5648 5971/5971/5971 5789/5789/5789
f 5789/5789/5789 5971/5971/5971 6078/6078/6078
f 6078/6078/6078 5971/5971/5971 6073/6073/6073
f 6073/6073/6073 5971/5971/5971 6363/6363/6363
f 6363/6363/6363 5971/5971/5971 6202/6202/6202
f 6363/6363/6363 6202/6202/6202 6613/6613/6613
f 6548/6548/6548 5996/5996/5996 6260/6260/6260
f 6259/6259/6259 5995/5995/5995 6431/6431/6431
f 6431/6431/6431 5995/5995/5995 6098/6098/6098
f 6259/6259/6259 6431/6431/6431 6727/6727/6727
f 6099/6099/6099 5998/5998/5998 6105/6105/6105
f 6097/6097/6097 6101/6101/6101 6553/6553/6553
f 6553/6553/6553 6101/6101/6101 6369/6369/6369
f 6097/6097/6097 6553/6553/6553 6430/6430/6430
f 6430/6430/6430 6553/6553/6553 6877/6877/6877
f 6430/6430/6430 6877/6877/6877 7196/7196/7196
f 6430/6430/6430 7196/7196/7196 6813/6813/6813
f 6430/6430/6430 6813/6813/6813 6725/6725/6725
f 6813/6813/6813 7196/7196/7196 6897/6897/6897
f 6813/6813/6813 6897/6897/6897 6725/6725/6725
f 6725/6725/6725 6897/6897/6897 6723/6723/6723
f 6723/6723/6723 6897/6897/6897 6895/6895/6895
f 6723/6723/6723 6895/6895/6895 6862/6862/6862
f 6554/6554/6554 6370/6370/6370 6817/6817/6817
f 6817/6817/6817 6370/6370/6370 6616/6616/6616
f 6554/6554/6554 6817/6817/6817 7023/7023/7023
f 6554/6554/6554 7023/7023/7023 6878/6878/6878
f 6878/6878/6878 7023/7023/7023 7197/7197/7197
f 7023/7023/7023 6817/6817/6817 7161/7161/7161
f 7023/7023/7023 7161/7161/7161 7706/7706/7706
f 7023/7023/7023 7706/7706/7706 7518/7518/7518
f 7197/7197/7197 7023/7023/7023 7237/7237/7237
f 7197/7197/7197 7237/7237/7237 7355/7355/7355
f 7355/7355/7355 7237/7237/7237 7281/7281/7281
f 6904/6904/6904 6817/6817/6817 6616/6616/6616
f 6817/6817/6817 6904/6904/6904 7363/7363/7363
f 7363/7363/7363 6904/6904/6904 7360/7360/7360
f 7363/7363/7363 7360/7360/7360 7803/7803/7803
f 7360/7360/7360 6904/6904/6904 6938/6938/6938
f 7803/7803/7803 7360/7360/7360 7787/7787/7787
f 7803/7803/7803 7787/7787/7787 7940/7940/7940
f 7940/7940/7940 7787/7787/7787 7888/7888/7888
f 7940/7940/7940 7888/7888/7888 7975/7975/7975
f 7787/7787/7787 7360/7360/7360 7522/7522/7522
f 7787/7787/7787 7522/7522/7522 7874/7874/7874
f 7522/7522/7522 7360/7360/7360 6938/6938/6938
f 7359/7359/7359 7744/7744/7744 7522/7522/7522
f 7359/7359/7359 7522/7522/7522 6938/6938/6938
f 6730/6730/6730 6938/6938/6938 6904/6904/6904
f 6730/6730/6730 6904/6904/6904 6616/6616/6616
f 6730/6730/6730 6616/6616/6616 6581/6581/6581
f 6581/6581/6581 6616/6616/6616 6516/6516/6516
f 6581/6581/6581 6516/6516/6516 6557/6557/6557
f 6581/6581/6581 6557/6557/6557 6519/6519/6519
f 6519/6519/6519 6557/6557/6557 6281/6281/6281
f 6281/6281/6281 6557/6557/6557 6146/6146/6146
f 6581/6581/6581 6519/6519/6519 6619/6619/6619
f 6581/6581/6581 6619/6619/6619 6730/6730/6730
f 6146/6146/6146 6557/6557/6557 6398/6398/6398
f 6146/6146/6146 6398/6398/6398 5987/5987/5987
f 6730/6730/6730 6619/6619/6619 6905/6905/6905
f 6730/6730/6730 6905/6905/6905 6938/6938/6938
f 6905/6905/6905 6619/6619/6619 6774/6774/6774
f 6774/6774/6774 6619/6619/6619 6368/6368/6368
f 6774/6774/6774 6368/6368/6368 6552/6552/6552
f 6905/6905/6905 6774/6774/6774 7295/7295/7295
f 6774/6774/6774 6552/6552/6552 6976/6976/6976
f 6774/6774/6774 6976/6976/6976 7121/7121/7121
f 6976/6976/6976 6552/6552/6552 6815/6815/6815
f 7121/7121/7121 6976/6976/6976 7673/7673/7673
f 7673/7673/7673 6976/6976/6976 7411/7411/7411
f 6976/6976/6976 6815/6815/6815 7086/7086/7086
f 6976/6976/6976 7086/7086/7086 7156/7156/7156
f 7156/7156/7156 7086/7086/7086 7194/7194/7194
f 7156/7156/7156 7194/7194/7194 7189/7189/7189
f 7361/7361/7361 6905/6905/6905 7295/7295/7295
f 6905/6905/6905 7361/7361/7361 6938/6938/6938
f 7361/7361/7361 7295/7295/7295 7789/7789/7789
f 6938/6938/6938 7361/7361/7361 7524/7524/7524
f 7361/7361/7361 7789/7789/7789 7761/7761/7761
f 7361/7361/7361 7761/7761/7761 7524/7524/7524
f 7524/7524/7524 7761/7761/7761 7878/7878/7878
f 7761/7761/7761 7789/7789/7789 7911/7911/7911
f 7761/7761/7761 7911/7911/7911 7870/7870/7870
f 7870/7870/7870 7911/7911/7911 7936/7936/7936
f 7870/7870/7870 7936/7936/7936 7886/7886/7886
f 6258/6258/6258 6726/6726/6726 6868/6868/6868
f 6258/6258/6258 6868/6868/6868 6545/6545/6545
f 6868/6868/6868 6726/6726/6726 6864/6864/6864
f 6864/6864/6864 6726/6726/6726 6724/6724/6724
f 6864/6864/6864 6724/6724/6724 6716/6716/6716
f 6544/6544/6544 6867/6867/6867 7022/7022/7022
f 6547/6547/6547 7024/7024/7024 7559/7559/7559
f 6865/6865/6865 6863/6863/6863 6896/6896/6896
f 6896/6896/6896 6863/6863/6863 6894/6894/6894
f 6894/6894/6894 6863/6863/6863 6714/6714/6714
f 6894/6894/6894 6714/6714/6714 6860/6860/6860
f 6860/6860/6860 6714/6714/6714 6646/6646/6646
f 6860/6860/6860 6646/6646/6646 6803/6803/6803
f 6803/6803/6803 6646/6646/6646 6573/6573/6573
f 6715/6715/6715 6722/6722/6722 6685/6685/6685
f 6715/6715/6715 6685/6685/6685 6647/6647/6647
f 6647/6647/6647 6685/6685/6685 6578/6578/6578
f 6647/6647/6647 6578/6578/6578 6510/6510/6510
f 6647/6647/6647 6510/6510/6510 6574/6574/6574
f 6574/6574/6574 6510/6510/6510 6533/6533/6533
f 6533/6533/6533 6510/6510/6510 6425/6425/6425
f 6533/6533/6533 6425/6425/6425 6464/6464/6464
f 6464/6464/6464 6425/6425/6425 6351/6351/6351
f 6464/6464/6464 6351/6351/6351 6460/6460/6460
f 6683/6683/6683 6721/6721/6721 6859/6859/6859
f 6684/6684/6684 6861/6861/6861 6577/6577/6577
f 6577/6577/6577 6861/6861/6861 6804/6804/6804
f 6577/6577/6577 6804/6804/6804 6509/6509/6509
f 6509/6509/6509 6804/6804/6804 6680/6680/6680
f 6509/6509/6509 6680/6680/6680 6424/6424/6424
f 6424/6424/6424 6680/6680/6680 6604/6604/6604
f 6805/6805/6805 6575/6575/6575 6681/6681/6681
f 6576/6576/6576 6534/6534/6534 6682/6682/6682
f 6682/6682/6682 6534/6534/6534 6605/6605/6605
f 6605/6605/6605 6534/6534/6534 6465/6465/6465
f 6605/6605/6605 6465/6465/6465 6530/6530/6530
f 6530/6530/6530 6465/6465/6465 6461/6461/6461
f 6426/6426/6426 6606/6606/6606 6352/6352/6352
f 6352/6352/6352 6606/6606/6606 6531/6531/6531
f 6352/6352/6352 6531/6531/6531 6308/6308/6308
f 6308/6308/6308 6531/6531/6531 6458/6458/6458
f 6308/6308/6308 6458/6458/6458 6418/6418/6418
f 6308/6308/6308 6418/6418/6418 6349/6349/6349
f 6353/6353/6353 6309/6309/6309 6463/6463/6463
f 6463/6463/6463 6309/6309/6309 6423/6423/6423
f 6423/6423/6423 6309/6309/6309 6350/6350/6350
f 6532/6532/6532 6462/6462/6462 6459/6459/6459
f 6459/6459/6459 6462/6462/6462 6422/6422/6422
f 6459/6459/6459 6422/6422/6422 6419/6419/6419
f 6419/6419/6419 6422/6422/6422 6415/6415/6415
f 6421/6421/6421 6347/6347/6347 6389/6389/6389
f 6421/6421/6421 6389/6389/6389 6414/6414/6414
f 6414/6414/6414 6389/6389/6389 6506/6506/6506
f 6390/6390/6390 6348/6348/6348 6417/6417/6417
f 6390/6390/6390 6417/6417/6417 6456/6456/6456
f 6390/6390/6390 6456/6456/6456 6507/6507/6507
f 6457/6457/6457 6420/6420/6420 6416/6416/6416
f 6457/6457/6457 6416/6416/6416 6508/6508/6508
f 33/33/33 157/157/157 294/294/294
f 157/157/157 33/33/33 29/29/29
f 293/293/293 155/155/155 370/370/370
f 293/293/293 370/370/370 610/610/610
f 370/370/370 155/155/155 154/154/154
f 154/154/154 155/155/155 3641/3641/3641
f 153/153/153 3640/3640/3640 27/27/27
f 153/153/153 27/27/27 369/369/369
f 369/369/369 27/27/27 30/30/30
f 369/369/369 30/30/30 198/198/198
f 198/198/198 30/30/30 3962/3962/3962
f 369/369/369 198/198/198 605/605/605
f 28/28/28 3642/3642/3642 156/156/156
f 3710/3710/3710 32/32/32 291/291/291
f 3964/3964/3964 31/31/31 3709/3709/3709
f 201/201/201 3639/3639/3639 379/379/379
f 199/199/199 376/376/376 608/608/608
f 3963/3963/3963 3708/3708/3708 3774/3774/3774
f 3963/3963/3963 3774/3774/3774 4681/4681/4681
f 4681/4681/4681 3774/3774/3774 3875/3875/3875
f 4681/4681/4681 3875/3875/3875 3953/3953/3953
f 3953/3953/3953 3875/3875/3875 3768/3768/3768
f 3711/3711/3711 292/292/292 34/34/34
f 34/34/34 292/292/292 455/455/455
f 455/455/455 292/292/292 609/609/609
f 34/34/34 455/455/455 457/457/457
f 34/34/34 457/457/457 44/44/44
f 457/457/457 455/455/455 698/698/698
f 698/698/698 455/455/455 609/609/609
f 698/698/698 609/609/609 764/764/764
f 764/764/764 609/609/609 537/537/537
f 764/764/764 537/537/537 694/694/694
f 694/694/694 537/537/537 452/452/452
f 694/694/694 452/452/452 535/535/535
f 535/535/535 453/453/453 367/367/367
f 607/607/607 374/374/374 753/753/753
f 753/753/753 374/374/374 834/834/834
f 834/834/834 374/374/374 757/757/757
f 606/606/606 751/751/751 536/536/536
f 536/536/536 751/751/751 451/451/451
f 450/450/450 751/751/751 533/533/533
f 456/456/456 697/697/697 380/380/380
f 49/49/49 41/41/41 456/456/456
f 49/49/49 456/456/456 380/380/380
f 49/49/49 380/380/380 301/301/301
f 49/49/49 301/301/301 3651/3651/3651
f 301/301/301 380/380/380 611/611/611
f 301/301/301 611/611/611 295/295/295
f 611/611/611 380/380/380 838/838/838
f 838/838/838 380/380/380 697/697/697
f 838/838/838 697/697/697 762/762/762
f 838/838/838 762/762/762 923/923/923
f 838/838/838 923/923/923 925/925/925
f 298/298/298 612/612/612 841/841/841
f 302/302/302 300/300/300 3647/3647/3647
f 302/302/302 3647/3647/3647 3656/3656/3656
f 924/924/924 763/763/763 752/752/752
f 752/752/752 763/763/763 693/693/693
f 752/752/752 693/693/693 534/534/534
f 752/752/752 534/534/534 526/526/526
f 526/526/526 534/534/534 366/366/366
f 924/924/924 752/752/752 833/833/833
f 924/924/924 833/833/833 926/926/926
f 926/926/926 833/833/833 689/689/689
f 688/688/688 836/836/836 594/594/594
f 688/688/688 594/594/594 599/599/599
f 297/297/297 840/840/840 766/766/766
f 839/839/839 927/927/927 765/765/765
f 765/765/765 927/927/927 756/756/756
f 756/756/756 927/927/927 603/603/603
f 603/603/603 927/927/927 748/748/748
f 603/603/603 748/748/748 530/530/530
f 530/530/530 748/748/748 601/601/601
f 765/765/765 756/756/756 695/695/695
f 765/765/765 695/695/695 458/458/458
f 765/765/765 458/458/458 296/296/296
f 458/458/458 695/695/695 371/371/371
f 371/371/371 695/695/695 287/287/287
f 299/299/299 459/459/459 3645/3645/3645
f 3645/3645/3645 459/459/459 3714/3714/3714
f 3714/3714/3714 459/459/459 3777/3777/3777
f 3777/3777/3777 459/459/459 372/372/372
f 3777/3777/3777 372/372/372 3880/3880/3880
f 3880/3880/3880 372/372/372 289/289/289
f 3880/3880/3880 289/289/289 3872/3872/3872
f 368/368/368 454/454/454 527/527/527
f 527/527/527 454/454/454 754/754/754
f 755/755/755 373/373/373 4090/4090/4090
f 928/928/928 690/690/690 750/750/750
f 750/750/750 690/690/690 598/598/598
f 691/691/691 835/835/835 758/758/758
f 691/691/691 758/758/758 604/604/604
f 837/837/837 691/691/691 600/600/600
f 837/837/837 600/600/600 595/595/595
f 691/691/691 604/604/604 531/531/531
f 691/691/691 531/531/531 528/528/528
f 528/528/528 531/531/531 445/445/445
f 749/749/749 596/596/596 602/602/602
f 602/602/602 596/596/596 446/446/446
f 602/602/602 446/446/446 532/532/532
f 529/529/529 597/597/597 692/692/692
f 597/597/597 529/529/529 447/447/447
f 449/449/449 696/696/696 760/760/760
f 696/696/696 449/449/449 286/286/286
f 696/696/696 286/286/286 288/288/288
f 288/288/288 286/286/286 97/97/97
f 97/97/97 286/286/286 100/100/100
f 97/97/97 100/100/100 3634/3634/3634
f 3634/3634/3634 100/100/100 3637/3637/3637
f 3634/3634/3634 3637/3637/3637 3764/3764/3764
f 448/448/448 759/759/759 3878/3878/3878
f 448/448/448 3878/3878/3878 285/285/285
f 285/285/285 3878/3878/3878 3871/3871/3871
f 285/285/285 3871/3871/3871 99/99/99
f 99/99/99 3871/3871/3871 3866/3866/3866
f 99/99/99 3866/3866/3866 3864/3864/3864
f 99/99/99 3864/3864/3864 3636/3636/3636
f 3636/3636/3636 3864/3864/3864 3763/3763/3763
f 3881/3881/3881 761/761/761 4093/4093/4093
f 3882/3882/3882 4094/4094/4094 4021/4021/4021
f 4021/4021/4021 4094/4094/4094 4860/4860/4860
f 4021/4021/4021 4860/4860/4860 4183/4183/4183
f 4020/4020/4020 4182/4182/4182 4186/4186/4186
f 4186/4186/4186 4182/4182/4182 4429/4429/4429
f 4186/4186/4186 4429/4429/4429 4676/4676/4676
f 4020/4020/4020 4186/4186/4186 4018/4018/4018
f 4020/4020/4020 4018/4018/4018 3877/3877/3877
f 4432/4432/4432 4184/4184/4184 4861/4861/4861
f 4017/4017/4017 4185/4185/4185 4679/4679/4679
f 4679/4679/4679 4185/4185/4185 4675/4675/4675
f 4017/4017/4017 4679/4679/4679 4622/4622/4622
f 4017/4017/4017 4622/4622/4622 3958/3958/3958
f 4622/4622/4622 4679/4679/4679 5189/5189/5189
f 4679/4679/4679 4675/4675/4675 5062/5062/5062
f 5062/5062/5062 4675/4675/4675 5056/5056/5056
f 5056/5056/5056 4675/4675/4675 4931/4931/4931
f 3879/3879/3879 4019/4019/4019 3960/3960/3960
f 3879/3879/3879 3960/3960/3960 3776/3776/3776
f 3961/3961/3961 4623/4623/4623 4552/4552/4552
f 3961/3961/3961 4552/4552/4552 3779/3779/3779
f 4552/4552/4552 4623/4623/4623 5351/5351/5351
f 3779/3779/3779 4552/4552/4552 3717/3717/3717
f 4552/4552/4552 5351/5351/5351 5270/5270/5270
f 5270/5270/5270 5351/5351/5351 6147/6147/6147
f 5270/5270/5270 6147/6147/6147 5988/5988/5988
f 4552/4552/4552 5270/5270/5270 4496/4496/4496
f 4552/4552/4552 4496/4496/4496 3717/3717/3717
f 5270/5270/5270 5988/5988/5988 5130/5130/5130
f 5270/5270/5270 5130/5130/5130 4496/4496/4496
f 5130/5130/5130 5988/5988/5988 5814/5814/5814
f 3717/3717/3717 4496/4496/4496 4277/4277/4277
f 4277/4277/4277 4496/4496/4496 5130/5130/5130
f 3717/3717/3717 4277/4277/4277 3648/3648/3648
f 4277/4277/4277 5130/5130/5130 5018/5018/5018
f 3648/3648/3648 4277/4277/4277 52/52/52
f 4277/4277/4277 5018/5018/5018 4105/4105/4105
f 4277/4277/4277 4105/4105/4105 52/52/52
f 3775/3775/3775 3959/3959/3959 3778/3778/3778
f 3775/3775/3775 3778/3778/3778 3713/3713/3713
f 290/290/290 98/98/98 3873/3873/3873
f 3873/3873/3873 98/98/98 3867/3867/3867
f 3867/3867/3867 98/98/98 3635/3635/3635
f 3867/3867/3867 3635/3635/3635 3865/3865/3865
f 3865/3865/3865 3635/3635/3635 3765/3765/3765
f 3718/3718/3718 3716/3716/3716 3780/3780/3780
f 3716/3716/3716 3718/3718/3718 3650/3650/3650
f 3715/3715/3715 3649/3649/3649 3646/3646/3646
f 3646/3646/3646 3649/3649/3649 54/54/54
f 3646/3646/3646 54/54/54 57/57/57
f 3646/3646/3646 57/57/57 3655/3655/3655
f 5350/5350/5350 4621/4621/4621 5420/5420/5420
f 5420/5420/5420 4621/4621/4621 5188/5188/5188
f 5350/5350/5350 5420/5420/5420 6145/6145/6145
f 5420/5420/5420 5188/5188/5188 5669/5669/5669
f 5420/5420/5420 5669/5669/5669 6145/6145/6145
f 6145/6145/6145 5669/5669/5669 6280/6280/6280
f 6280/6280/6280 5669/5669/5669 6276/6276/6276
f 6280/6280/6280 6276/6276/6276 6518/6518/6518
f 6276/6276/6276 5669/5669/5669 5802/5802/5802
f 6518/6518/6518 6276/6276/6276 6366/6366/6366
f 6366/6366/6366 6276/6276/6276 5802/5802/5802
f 6518/6518/6518 6366/6366/6366 6618/6618/6618
f 6366/6366/6366 5802/5802/5802 5974/5974/5974
f 6366/6366/6366 5974/5974/5974 6075/6075/6075
f 5131/5131/5131 5815/5815/5815 5019/5019/5019
f 5019/5019/5019 5815/5815/5815 5752/5752/5752
f 5019/5019/5019 5752/5752/5752 5017/5017/5017
f 5017/5017/5017 5752/5752/5752 5015/5015/5015
f 5017/5017/5017 5015/5015/5015 4100/4100/4100
f 5019/5019/5019 5017/5017/5017 4106/4106/4106
f 4106/4106/4106 5017/5017/5017 4104/4104/4104
f 4106/4106/4106 4104/4104/4104 53/53/53
f 53/53/53 4104/4104/4104 56/56/56
f 5813/5813/5813 5987/5987/5987 6148/6148/6148
f 5813/5813/5813 6148/6148/6148 5749/5749/5749
f 5749/5749/5749 6148/6148/6148 5747/5747/5747
f 6148/6148/6148 5987/5987/5987 6398/6398/6398
f 5747/5747/5747 6148/6148/6148 5873/5873/5873
f 5873/5873/5873 6148/6148/6148 6398/6398/6398
f 5873/5873/5873 6398/6398/6398 6041/6041/6041
f 4103/4103/4103 5016/5016/5016 4098/4098/4098
f 4103/4103/4103 4098/4098/4098 55/55/55
f 55/55/55 4098/4098/4098 3653/3653/3653
f 3654/3654/3654 4099/4099/4099 106/106/106
f 106/106/106 4099/4099/4099 4022/4022/4022
f 4022/4022/4022 4099/4099/4099 4951/4951/4951
f 4951/4951/4951 4099/4099/4099 5014/5014/5014
f 4951/4951/4951 5014/5014/5014 5750/5750/5750
f 3652/3652/3652 105/105/105 50/50/50
f 50/50/50 105/105/105 108/108/108
f 50/50/50 108/108/108 101/101/101
f 110/110/110 107/107/107 4023/4023/4023
f 110/110/110 4023/4023/4023 4024/4024/4024
f 4024/4024/4024 4023/4023/4023 4952/4952/4952
f 110/110/110 4024/4024/4024 4102/4102/4102
f 4024/4024/4024 4952/4952/4952 4953/4953/4953
f 4024/4024/4024 4953/4953/4953 4102/4102/4102
f 4953/4953/4953 4952/4952/4952 5751/5751/5751
f 4102/4102/4102 4953/4953/4953 5013/5013/5013
f 4953/4953/4953 5751/5751/5751 5748/5748/5748
f 4953/4953/4953 5748/5748/5748 5013/5013/5013
f 51/51/51 104/104/104 43/43/43
f 103/103/103 109/109/109 4101/4101/4101
f 103/103/103 4101/4101/4101 47/47/47
f 47/47/47 4101/4101/4101 4276/4276/4276
f 4276/4276/4276 4101/4101/4101 5012/5012/5012
f 47/47/47 4276/4276/4276 4346/4346/4346
f 47/47/47 4346/4346/4346 37/37/37
f 4276/4276/4276 5012/5012/5012 5129/5129/5129
f 4276/4276/4276 5129/5129/5129 4346/4346/4346
f 5129/5129/5129 5012/5012/5012 5872/5872/5872
f 5872/5872/5872 5012/5012/5012 5746/5746/5746
f 5129/5129/5129 5872/5872/5872 6040/6040/6040
f 5129/5129/5129 6040/6040/6040 5202/5202/5202
f 5129/5129/5129 5202/5202/5202 4346/4346/4346
f 4346/4346/4346 5202/5202/5202 4339/4339/4339
f 4339/4339/4339 5202/5202/5202 4983/4983/4983
f 4983/4983/4983 5202/5202/5202 5516/5516/5516
f 4989/4989/4989 5519/5519/5519 5622/5622/5622
f 5622/5622/5622 5519/5519/5519 5979/5979/5979
f 5622/5622/5622 5979/5979/5979 5798/5798/5798
f 5798/5798/5798 5979/5979/5979 6136/6136/6136
f 5798/5798/5798 6136/6136/6136 6208/6208/6208
f 6208/6208/6208 6136/6136/6136 6621/6621/6621
f 42/42/42 102/102/102 46/46/46
f 48/48/48 40/40/40 45/45/45
f 45/45/45 40/40/40 36/36/36
f 35/35/35 39/39/39 3644/3644/3644
f 35/35/35 3644/3644/3644 3712/3712/3712
f 3712/3712/3712 3644/3644/3644 3772/3772/3772
f 3712/3712/3712 3772/3772/3772 3769/3769/3769
f 3712/3712/3712 3769/3769/3769 3767/3767/3767
f 3767/3767/3767 3769/3769/3769 3869/3869/3869
f 3769/3769/3769 3772/3772/3772 3957/3957/3957
f 3769/3769/3769 3957/3957/3957 3954/3954/3954
f 3954/3954/3954 3957/3957/3957 4178/4178/4178
f 3643/3643/3643 38/38/38 4347/4347/4347
f 3643/3643/3643 4347/4347/4347 4340/4340/4340
f 3643/3643/3643 4340/4340/4340 3771/3771/3771
f 3771/3771/3771 4340/4340/4340 4433/4433/4433
f 3771/3771/3771 4433/4433/4433 3956/3956/3956
f 3956/3956/3956 4433/4433/4433 4486/4486/4486
f 3956/3956/3956 4486/4486/4486 4177/4177/4177
f 4177/4177/4177 4486/4486/4486 4426/4426/4426
f 4177/4177/4177 4426/4426/4426 4175/4175/4175
f 4175/4175/4175 4426/4426/4426 4085/4085/4085
f 4434/4434/4434 4341/4341/4341 4986/4986/4986
f 4434/4434/4434 4986/4986/4986 4853/4853/4853
f 4434/4434/4434 4853/4853/4853 4487/4487/4487
f 4487/4487/4487 4853/4853/4853 4850/4850/4850
f 4487/4487/4487 4850/4850/4850 4718/4718/4718
f 4487/4487/4487 4718/4718/4718 4427/4427/4427
f 4427/4427/4427 4718/4718/4718 4481/4481/4481
f 3707/3707/3707 3766/3766/3766 3773/3773/3773
f 3773/3773/3773 3766/3766/3766 3874/3874/3874
f 3874/3874/3874 3766/3766/3766 3868/3868/3868
f 3876/3876/3876 3870/3870/3870 3770/3770/3770
f 3955/3955/3955 4179/4179/4179 4683/4683/4683
f 4683/4683/4683 4179/4179/4179 4618/4618/4618
f 4618/4618/4618 4179/4179/4179 4547/4547/4547
f 4547/4547/4547 4179/4179/4179 4176/4176/4176
f 4547/4547/4547 4176/4176/4176 4338/4338/4338
f 4338/4338/4338 4176/4176/4176 4086/4086/4086
f 4685/4685/4685 4617/4617/4617 4849/4849/4849
f 4849/4849/4849 4617/4617/4617 4717/4717/4717
f 4717/4717/4717 4617/4617/4617 4546/4546/4546
f 4717/4717/4717 4546/4546/4546 4479/4479/4479
f 4479/4479/4479 4546/4546/4546 4337/4337/4337
f 4479/4479/4479 4337/4337/4337 4172/4172/4172
f 4688/4688/4688 4851/4851/4851 4854/4854/4854
f 4686/4686/4686 4852/4852/4852 4985/4985/4985
f 4083/4083/4083 4424/4424/4424 4267/4267/4267
f 4083/4083/4083 4267/4267/4267 4012/4012/4012
f 4083/4083/4083 4012/4012/4012 3943/3943/3943
f 3943/3943/3943 4012/4012/4012 3760/3760/3760
f 3760/3760/3760 4012/4012/4012 3857/3857/3857
f 3760/3760/3760 3857/3857/3857 3624/3624/3624
f 4268/4268/4268 4425/4425/4425 4480/4480/4480
f 4268/4268/4268 4480/4480/4480 4013/4013/4013
f 4013/4013/4013 4480/4480/4480 4173/4173/4173
f 4013/4013/4013 4173/4173/4173 3858/3858/3858
f 4336/4336/4336 4084/4084/4084 3944/3944/3944
f 4336/4336/4336 3944/3944/3944 4171/4171/4171
f 4171/4171/4171 3944/3944/3944 3853/3853/3853
f 4174/4174/4174 3854/3854/3854 3859/3859/3859
f 3859/3859/3859 3854/3854/3854 3625/3625/3625
f 3856/3856/3856 3945/3945/3945 3761/3761/3761
f 3762/3762/3762 3626/3626/3626 3855/3855/3855
f 7685/7685/7685 6292/6292/6292 6333/6333/6333
f 6292/6292/6292 7685/7685/7685 7599/7599/7599
f 7599/7599/7599 7685/7685/7685 8055/8055/8055
f 7599/7599/7599 8055/8055/8055 8044/8044/8044
f 7203/7203/7203 6091/6091/6091 5764/5764/5764
f 7203/7203/7203 5764/5764/5764 6786/6786/6786
f 7203/7203/7203 6786/6786/6786 7896/7896/7896
f 6912/6912/6912 6880/6880/6880 7368/7368/7368
f 6912/6912/6912 7368/7368/7368 7062/7062/7062
f 6879/6879/6879 6911/6911/6911 7092/7092/7092
f 7092/7092/7092 6911/6911/6911 7063/7063/7063
f 7092/7092/7092 7063/7063/7063 7491/7491/7491
f 6881/6881/6881 7093/7093/7093 7370/7370/7370
f 7370/7370/7370 7093/7093/7093 7493/7493/7493
f 7492/7492/7492 7064/7064/7064 7369/7369/7369
f 7711/7711/7711 7564/7564/7564 7804/7804/7804
f 7711/7711/7711 7804/7804/7804 7958/7958/7958
f 7566/7566/7566 7712/7712/7712 7960/7960/7960
f 7566/7566/7566 7960/7960/7960 7563/7563/7563
f 7563/7563/7563 7960/7960/7960 7796/7796/7796
f 7796/7796/7796 7960/7960/7960 8008/8008/8008
f 8008/8008/8008 7960/7960/7960 8042/8042/8042
f 7796/7796/7796 8008/8008/8008 8028/8028/8028
f 7796/7796/7796 8028/8028/8028 8086/8086/8086
f 7796/7796/7796 8086/8086/8086 7825/7825/7825
f 7825/7825/7825 8086/8086/8086 8069/8069/8069
f 8086/8086/8086 8028/8028/8028 8088/8088/8088
f 8088/8088/8088 8028/8028/8028 8072/8072/8072
f 7805/7805/7805 7565/7565/7565 7562/7562/7562
f 7805/7805/7805 7562/7562/7562 7971/7971/7971
f 7971/7971/7971 7562/7562/7562 7795/7795/7795
f 7971/7971/7971 7795/7795/7795 7824/7824/7824
f 7805/7805/7805 7971/7971/7971 7959/7959/7959
f 7959/7959/7959 7971/7971/7971 8041/8041/8041
f 8041/8041/8041 7971/7971/7971 8007/8007/8007
f 8007/8007/8007 7971/7971/7971 8031/8031/8031
f 8009/8009/8009 8032/8032/8032 8029/8029/8029
f 8027/8027/8027 8030/8030/8030 7970/7970/7970
f 7969/7969/7969 7822/7822/7822 8025/8025/8025
f 8085/8085/8085 8087/8087/8087 8071/8071/8071
f 8085/8085/8085 8071/8071/8071 8068/8068/8068
f 8068/8068/8068 8071/8071/8071 8026/8026/8026
f 8068/8068/8068 8026/8026/8026 7793/7793/7793
f 7793/7793/7793 8026/8026/8026 7823/7823/7823
f 8068/8068/8068 7793/7793/7793 8012/8012/8012
f 8068/8068/8068 8012/8012/8012 8080/8080/8080
f 8013/8013/8013 7794/7794/7794 7827/7827/7827
f 8013/8013/8013 7827/7827/7827 8082/8082/8082
f 7826/7826/7826 8070/8070/8070 8081/8081/8081
f 7854/7854/7854 7429/7429/7429 7677/7677/7677
f 7431/7431/7431 7855/7855/7855 7950/7950/7950
f 7856/7856/7856 7682/7682/7682 7850/7850/7850
f 7857/7857/7857 7853/7853/7853 7953/7953/7953
f 7430/7430/7430 7949/7949/7949 7987/7987/7987
f 7681/7681/7681 7433/7433/7433 7487/7487/7487
f 7485/7485/7485 7432/7432/7432 7989/7989/7989
f 7679/7679/7679 7486/7486/7486 7488/7488/7488
f 7488/7488/7488 7486/7486/7486 7366/7366/7366
f 7488/7488/7488 7366/7366/7366 7420/7420/7420
f 7488/7488/7488 7420/7420/7420 7480/7480/7480
f 7488/7488/7488 7480/7480/7480 7594/7594/7594
f 7484/7484/7484 7988/7988/7988 7365/7365/7365
f 7365/7365/7365 7988/7988/7988 7477/7477/7477
f 7952/7952/7952 7852/7852/7852 8024/8024/8024
f 7948/7948/7948 8021/8021/8021 7954/7954/7954
f 7951/7951/7951 7955/7955/7955 7990/7990/7990
f 7956/7956/7956 8022/8022/8022 8033/8033/8033
f 8037/8037/8037 8023/8023/8023 7851/7851/7851
f 7957/7957/7957 8034/8034/8034 8057/8057/8057
f 7957/7957/7957 8057/8057/8057 7991/7991/7991
f 8036/8036/8036 7849/7849/7849 8003/8003/8003
f 8035/8035/8035 8002/8002/8002 8058/8058/8058
f 8058/8058/8058 8002/8002/8002 8051/8051/8051
f 7842/7842/7842 7847/7847/7847 7678/7678/7678
f 7847/7847/7847 7842/7842/7842 7998/7998/7998
f 7843/7843/7843 7680/7680/7680 7754/7754/7754
f 7754/7754/7754 7680/7680/7680 7490/7490/7490
f 7848/7848/7848 7999/7999/7999 8001/8001/8001
f 7997/7997/7997 7841/7841/7841 7752/7752/7752
f 7997/7997/7997 7752/7752/7752 7925/7925/7925
f 7925/7925/7925 7752/7752/7752 7763/7763/7763
f 7997/7997/7997 7925/7925/7925 8000/8000/8000
f 8000/8000/8000 7925/7925/7925 7930/7930/7930
f 8056/8056/8056 8050/8050/8050 8045/8045/8045
f 8048/8048/8048 8052/8052/8052 8004/8004/8004
f 8059/8059/8059 8047/8047/8047 7993/7993/7993
f 8049/8049/8049 8005/8005/8005 7932/7932/7932
f 8046/8046/8046 7929/7929/7929 7986/7986/7986
f 7931/7931/7931 7928/7928/7928 7943/7943/7943
f 7944/7944/7944 7927/7927/7927 7771/7771/7771
f 7935/7935/7935 7774/7774/7774 7945/7945/7945
f 7769/7769/7769 7926/7926/7926 7764/7764/7764
f 7769/7769/7769 7764/7764/7764 7595/7595/7595
f 7595/7595/7595 7764/7764/7764 7753/7753/7753
f 7595/7595/7595 7753/7753/7753 7489/7489/7489
f 7922/7922/7922 7933/7933/7933 7772/7772/7772
f 7934/7934/7934 7924/7924/7924 7994/7994/7994
f 7923/7923/7923 7773/7773/7773 7767/7767/7767
f 7921/7921/7921 7766/7766/7766 7749/7749/7749
f 7747/7747/7747 7765/7765/7765 7768/7768/7768
f 7920/7920/7920 7746/7746/7746 7985/7985/7985
f 7751/7751/7751 7770/7770/7770 7596/7596/7596
f 7751/7751/7751 7596/7596/7596 7628/7628/7628
f 7628/7628/7628 7596/7596/7596 7531/7531/7531
f 7531/7531/7531 7596/7596/7596 7482/7482/7482
f 7992/7992/7992 7750/7750/7750 7481/7481/7481
f 7483/7483/7483 7421/7421/7421 7367/7367/7367
f 7479/7479/7479 7748/7748/7748 7627/7627/7627
f 7478/7478/7478 7626/7626/7626 7530/7530/7530
f 7792/7792/7792 7947/7947/7947 7845/7845/7845
f 7947/7947/7947 7792/7792/7792 7914/7914/7914
f 7947/7947/7947 7914/7914/7914 7996/7996/7996
f 7947/7947/7947 7996/7996/7996 8019/8019/8019
f 7844/7844/7844 7946/7946/7946 8018/8018/8018
f 7846/7846/7846 8020/8020/8020 7791/7791/7791
f 7791/7791/7791 8020/8020/8020 7995/7995/7995
f 7791/7791/7791 7995/7995/7995 7913/7913/7913
f 4195/4195/4195 4192/4192/4192 4734/4734/4734
f 4734/4734/4734 4192/4192/4192 4704/4704/4704
f 4194/4194/4194 4197/4197/4197 4114/4114/4114
f 4114/4114/4114 4197/4197/4197 4117/4117/4117
f 4193/4193/4193 4112/4112/4112 4284/4284/4284
f 4284/4284/4284 4112/4112/4112 4358/4358/4358
f 4358/4358/4358 4112/4112/4112 4285/4285/4285
f 4358/4358/4358 4285/4285/4285 4882/4882/4882
f 4284/4284/4284 4358/4358/4358 4730/4730/4730
f 4284/4284/4284 4730/4730/4730 4193/4193/4193
f 4193/4193/4193 4730/4730/4730 4705/4705/4705
f 4730/4730/4730 4358/4358/4358 4880/4880/4880
f 4705/4705/4705 4730/4730/4730 5285/5285/5285
f 4730/4730/4730 4880/4880/4880 5287/5287/5287
f 5285/5285/5285 4730/4730/4730 5214/5214/5214
f 5214/5214/5214 4730/4730/4730 5287/5287/5287
f 5285/5285/5285 5214/5214/5214 5358/5358/5358
f 5287/5287/5287 4880/4880/4880 5358/5358/5358
f 5287/5287/5287 5358/5358/5358 5214/5214/5214
f 4703/4703/4703 5283/5283/5283 4733/4733/4733
f 4733/4733/4733 5283/5283/5283 5288/5288/5288
f 4196/4196/4196 4735/4735/4735 4115/4115/4115
f 4115/4115/4115 4735/4735/4735 4891/4891/4891
f 4115/4115/4115 4891/4891/4891 4290/4290/4290
f 4891/4891/4891 4735/4735/4735 5289/5289/5289
f 4891/4891/4891 5289/5289/5289 5363/5363/5363
f 4113/4113/4113 4116/4116/4116 4292/4292/4292
f 4113/4113/4113 4292/4292/4292 4287/4287/4287
f 4286/4286/4286 4291/4291/4291 4884/4884/4884
f 4884/4884/4884 4291/4291/4291 4892/4892/4892
f 5364/5364/5364 5290/5290/5290 5286/5286/5286
f 4890/4890/4890 5362/5362/5362 4883/4883/4883
f 4883/4883/4883 5362/5362/5362 5359/5359/5359
f 4359/4359/4359 4885/4885/4885 4881/4881/4881
f 4881/4881/4881 4885/4885/4885 5360/5360/5360
f 5357/5357/5357 5361/5361/5361 5284/5284/5284
f 6672/6672/6672 6568/6568/6568 6675/6675/6675
f 6671/6671/6671 6673/6673/6673 6702/6702/6702
f 6671/6671/6671 6702/6702/6702 6669/6669/6669
f 6669/6669/6669 6702/6702/6702 6700/6700/6700
f 6669/6669/6669 6700/6700/6700 6695/6695/6695
f 6703/6703/6703 6674/6674/6674 6567/6567/6567
f 6566/6566/6566 6670/6670/6670 6668/6668/6668
f 6566/6566/6566 6668/6668/6668 6505/6505/6505
f 6505/6505/6505 6668/6668/6668 6444/6444/6444
f 6701/6701/6701 6565/6565/6565 6504/6504/6504
f 6701/6701/6701 6504/6504/6504 6699/6699/6699
f 6699/6699/6699 6504/6504/6504 6442/6442/6442
f 6699/6699/6699 6442/6442/6442 6693/6693/6693
f 6694/6694/6694 6443/6443/6443 6667/6667/6667
f 6696/6696/6696 6445/6445/6445 6704/6704/6704
f 6704/6704/6704 6445/6445/6445 6745/6745/6745
f 6411/6411/6411 6447/6447/6447 6697/6697/6697
f 6412/6412/6412 6698/6698/6698 6707/6707/6707
f 6747/6747/6747 6446/6446/6446 6410/6410/6410
f 6409/6409/6409 6706/6706/6706 6449/6449/6449
f 6413/6413/6413 6450/6450/6450 6748/6748/6748
f 6746/6746/6746 6448/6448/6448 6705/6705/6705
f 6891/6891/6891 6451/6451/6451 6750/6750/6750
f 6751/6751/6751 6453/6453/6453 6925/6925/6925
f 6925/6925/6925 6453/6453/6453 6603/6603/6603
f 6925/6925/6925 6603/6603/6603 6845/6845/6845
f 6925/6925/6925 6845/6845/6845 7147/7147/7147
f 6890/6890/6890 6749/6749/6749 6830/6830/6830
f 6890/6890/6890 6830/6830/6830 7144/7144/7144
f 6831/6831/6831 6752/6752/6752 6926/6926/6926
f 6831/6831/6831 6926/6926/6926 7148/7148/7148
f 6602/6602/6602 6452/6452/6452 6892/6892/6892
f 6602/6602/6602 6892/6892/6892 6843/6843/6843
f 6843/6843/6843 6892/6892/6892 7083/7083/7083
f 6893/6893/6893 7146/7146/7146 7084/7084/7084
f 7084/7084/7084 7146/7146/7146 7187/7187/7187
f 7187/7187/7187 7146/7146/7146 7273/7273/7273
f 7187/7187/7187 7273/7273/7273 7283/7283/7283
f 7283/7283/7283 7273/7273/7273 7357/7357/7357
f 7082/7082/7082 7186/7186/7186 6842/6842/6842
f 6842/6842/6842 7186/7186/7186 6931/6931/6931
f 6931/6931/6931 7186/7186/7186 6934/6934/6934
f 6934/6934/6934 7186/7186/7186 7280/7280/7280
f 7145/7145/7145 6844/6844/6844 7272/7272/7272
f 7272/7272/7272 6844/6844/6844 6932/6932/6932
f 7272/7272/7272 6932/6932/6932 6935/6935/6935
f 7272/7272/7272 6935/6935/6935 7356/7356/7356
f 7356/7356/7356 6935/6935/6935 7198/7198/7198
f 7198/7198/7198 6935/6935/6935 6898/6898/6898
f 6933/6933/6933 7279/7279/7279 6866/6866/6866
f 6936/6936/6936 6871/6871/6871 6899/6899/6899
f 6869/6869/6869 7282/7282/7282 7238/7238/7238
f 6870/6870/6870 7239/7239/7239 7025/7025/7025
f 7021/7021/7021 7517/7517/7517 7555/7555/7555
f 7555/7555/7555 7517/7517/7517 7704/7704/7704
f 7704/7704/7704 7517/7517/7517 7728/7728/7728
f 7704/7704/7704 7728/7728/7728 7724/7724/7724
f 7708/7708/7708 7162/7162/7162 7558/7558/7558
f 7708/7708/7708 7558/7558/7558 7799/7799/7799
f 7558/7558/7558 7162/7162/7162 7089/7089/7089
f 7089/7089/7089 7162/7162/7162 6818/6818/6818
f 7799/7799/7799 7558/7558/7558 7705/7705/7705
f 7799/7799/7799 7705/7705/7705 7814/7814/7814
f 7814/7814/7814 7705/7705/7705 7726/7726/7726
f 7814/7814/7814 7726/7726/7726 7655/7655/7655
f 7814/7814/7814 7655/7655/7655 7737/7737/7737
f 7519/7519/7519 7707/7707/7707 7798/7798/7798
f 7520/7520/7520 7800/7800/7800 7729/7729/7729
f 7088/7088/7088 6816/6816/6816 7362/7362/7362
f 7088/7088/7088 7362/7362/7362 7802/7802/7802
f 7088/7088/7088 7802/7802/7802 7556/7556/7556
f 7556/7556/7556 7802/7802/7802 7939/7939/7939
f 7556/7556/7556 7939/7939/7939 7701/7701/7701
f 7701/7701/7701 7939/7939/7939 7740/7740/7740
f 7740/7740/7740 7939/7939/7939 7974/7974/7974
f 7740/7740/7740 7974/7974/7974 7904/7904/7904
f 7740/7740/7740 7904/7904/7904 7693/7693/7693
f 5803/5803/5803 5671/5671/5671 5406/5406/5406
f 5406/5406/5406 5671/5671/5671 5416/5416/5416
f 5406/5406/5406 5416/5416/5416 5411/5411/5411
f 5803/5803/5803 5406/5406/5406 5975/5975/5975
f 5975/5975/5975 5406/5406/5406 5612/5612/5612
f 5975/5975/5975 5612/5612/5612 6080/6080/6080
f 6080/6080/6080 5612/5612/5612 5713/5713/5713
f 6551/6551/6551 6367/6367/6367 6076/6076/6076
f 6551/6551/6551 6076/6076/6076 6072/6072/6072
f 6551/6551/6551 6072/6072/6072 6362/6362/6362
f 6551/6551/6551 6362/6362/6362 6814/6814/6814
f 6814/6814/6814 6362/6362/6362 7085/7085/7085
f 7085/7085/7085 6362/6362/6362 6728/6728/6728
f 6728/6728/6728 6362/6362/6362 6612/6612/6612
f 7085/7085/7085 6728/6728/6728 6809/6809/6809
f 6809/6809/6809 6728/6728/6728 6612/6612/6612
f 6809/6809/6809 6612/6612/6612 6607/6607/6607
f 6809/6809/6809 6607/6607/6607 6806/6806/6806
f 5611/5611/5611 5405/5405/5405 5410/5410/5410
f 5613/5613/5613 5412/5412/5412 5788/5788/5788
f 5613/5613/5613 5788/5788/5788 5714/5714/5714
f 5714/5714/5714 5788/5788/5788 6077/6077/6077
f 5714/5714/5714 6077/6077/6077 6128/6128/6128
f 5714/5714/5714 6128/6128/6128 5920/5920/5920
f 5920/5920/5920 6128/6128/6128 6265/6265/6265
f 5920/5920/5920 6265/6265/6265 6021/6021/6021
f 6021/6021/6021 6265/6265/6265 6198/6198/6198
f 6198/6198/6198 6265/6265/6265 6481/6481/6481
f 6198/6198/6198 6481/6481/6481 6472/6472/6472
f 6472/6472/6472 6481/6481/6481 6650/6650/6650
f 6472/6472/6472 6650/6650/6650 6764/6764/6764
f 6764/6764/6764 6650/6650/6650 6901/6901/6901
f 5973/5973/5973 6079/6079/6079 6074/6074/6074
f 6074/6074/6074 6079/6079/6079 6129/6129/6129
f 6074/6074/6074 6129/6129/6129 6127/6127/6127
f 6127/6127/6127 6129/6129/6129 6267/6267/6267
f 6127/6127/6127 6267/6267/6267 6263/6263/6263
f 6081/6081/6081 5715/5715/5715 5784/5784/5784
f 6081/6081/6081 5784/5784/5784 6130/6130/6130
f 6130/6130/6130 5784/5784/5784 6269/6269/6269
f 6269/6269/6269 5784/5784/5784 5991/5991/5991
f 6269/6269/6269 5991/5991/5991 6175/6175/6175
f 6269/6269/6269 6175/6175/6175 6433/6433/6433
f 6433/6433/6433 6175/6175/6175 6474/6474/6474
f 6433/6433/6433 6474/6474/6474 6651/6651/6651
f 6651/6651/6651 6474/6474/6474 6768/6768/6768
f 6651/6651/6651 6768/6768/6768 6902/6902/6902
f 5785/5785/5785 5716/5716/5716 5921/5921/5921
f 5785/5785/5785 5921/5921/5921 5992/5992/5992
f 5992/5992/5992 5921/5921/5921 6022/6022/6022
f 5992/5992/5992 6022/6022/6022 6176/6176/6176
f 6176/6176/6176 6022/6022/6022 6199/6199/6199
f 6264/6264/6264 6268/6268/6268 6432/6432/6432
f 6266/6266/6266 6435/6435/6435 6483/6483/6483
f 6475/6475/6475 6177/6177/6177 6200/6200/6200
f 6475/6475/6475 6200/6200/6200 6473/6473/6473
f 6475/6475/6475 6473/6473/6473 6769/6769/6769
f 6482/6482/6482 6434/6434/6434 6652/6652/6652
f 6471/6471/6471 6763/6763/6763 6766/6766/6766
f 6766/6766/6766 6763/6763/6763 7019/7019/7019
f 7019/7019/7019 6763/6763/6763 7017/7017/7017
f 7019/7019/7019 7017/7017/7017 7151/7151/7151
f 6767/6767/6767 7020/7020/7020 6900/6900/6900
f 6900/6900/6900 7020/7020/7020 7159/7159/7159
f 7159/7159/7159 7020/7020/7020 7152/7152/7152
f 7158/7158/7158 7152/7152/7152 7409/7409/7409
f 6765/6765/6765 6903/6903/6903 7018/7018/7018
f 7018/7018/7018 6903/6903/6903 7160/7160/7160
f 7018/7018/7018 7160/7160/7160 7155/7155/7155
f 7512/7512/7512 7154/7154/7154 7408/7408/7408
f 7154/7154/7154 7512/7512/7512 7278/7278/7278
f 7278/7278/7278 7512/7512/7512 7276/7276/7276
f 7276/7276/7276 7512/7512/7512 7554/7554/7554
f 7276/7276/7276 7554/7554/7554 7236/7236/7236
f 7406/7406/7406 7153/7153/7153 7470/7470/7470
f 7470/7470/7470 7153/7153/7153 7277/7277/7277
f 7470/7470/7470 7277/7277/7277 7506/7506/7506
f 7506/7506/7506 7277/7277/7277 7275/7275/7275
f 7407/7407/7407 7471/7471/7471 7511/7511/7511
f 7511/7511/7511 7471/7471/7471 7507/7507/7507
f 7511/7511/7511 7507/7507/7507 7553/7553/7553
f 7504/7504/7504 7274/7274/7274 7404/7404/7404
f 7404/7404/7404 7274/7274/7274 7235/7235/7235
f 7404/7404/7404 7235/7235/7235 7106/7106/7106
f 7505/7505/7505 7405/7405/7405 7552/7552/7552
f 7552/7552/7552 7405/7405/7405 7462/7462/7462
f 7462/7462/7462 7405/7405/7405 7107/7107/7107
f 7462/7462/7462 7107/7107/7107 7143/7143/7143
f 7143/7143/7143 7109/7109/7109 6930/6930/6930
f 7143/7143/7143 6930/6930/6930 6966/6966/6966
f 6968/6968/6968 6928/6928/6928 6753/6753/6753
f 6753/6753/6753 6928/6928/6928 6713/6713/6713
f 6968/6968/6968 6753/6753/6753 6796/6796/6796
f 6753/6753/6753 6713/6713/6713 6711/6711/6711
f 6753/6753/6753 6711/6711/6711 6796/6796/6796
f 7551/7551/7551 7461/7461/7461 7234/7234/7234
f 7234/7234/7234 7461/7461/7461 7142/7142/7142
f 7234/7234/7234 7142/7142/7142 7105/7105/7105
f 7108/7108/7108 7142/7142/7142 6965/6965/6965
f 7108/7108/7108 6965/6965/6965 6929/6929/6929
f 6927/6927/6927 6967/6967/6967 6712/6712/6712
f 6712/6712/6712 6967/6967/6967 6795/6795/6795
f 6712/6712/6712 6795/6795/6795 6710/6710/6710
f 7081/7081/7081 7071/7071/7071 6999/6999/6999
f 7071/7071/7071 7081/7081/7081 7103/7103/7103
f 7103/7103/7103 7081/7081/7081 7343/7343/7343
f 7343/7343/7343 7081/7081/7081 7400/7400/7400
f 7343/7343/7343 7400/7400/7400 7654/7654/7654
f 7343/7343/7343 7654/7654/7654 7573/7573/7573
f 7573/7573/7573 7654/7654/7654 7725/7725/7725
f 7573/7573/7573 7725/7725/7725 7720/7720/7720
f 7080/7080/7080 6998/6998/6998 7137/7137/7137
f 7137/7137/7137 6998/6998/6998 7031/7031/7031
f 7080/7080/7080 7137/7137/7137 7228/7228/7228
f 7080/7080/7080 7228/7228/7228 7549/7549/7549
f 7080/7080/7080 7549/7549/7549 7399/7399/7399
f 7399/7399/7399 7549/7549/7549 7736/7736/7736
f 7137/7137/7137 7031/7031/7031 7214/7214/7214
f 7214/7214/7214 7031/7031/7031 7204/7204/7204
f 7214/7214/7214 7204/7204/7204 7445/7445/7445
f 7214/7214/7214 7445/7445/7445 7448/7448/7448
f 7448/7448/7448 7445/7445/7445 7600/7600/7600
f 7000/7000/7000 7073/7073/7073 7032/7032/7032
f 7032/7032/7032 7073/7073/7073 7170/7170/7170
f 7032/7032/7032 7170/7170/7170 7205/7205/7205
f 7173/7173/7173 7074/7074/7074 7216/7216/7216
f 7139/7139/7139 7217/7217/7217 7075/7075/7075
f 7138/7138/7138 7072/7072/7072 7104/7104/7104
f 7138/7138/7138 7104/7104/7104 7229/7229/7229
f 7229/7229/7229 7104/7104/7104 7344/7344/7344
f 7229/7229/7229 7344/7344/7344 7550/7550/7550
f 7550/7550/7550 7344/7344/7344 7574/7574/7574
f 7550/7550/7550 7574/7574/7574 7738/7738/7738
f 7738/7738/7738 7574/7574/7574 7721/7721/7721
f 7738/7738/7738 7721/7721/7721 7815/7815/7815
f 7389/7389/7389 7171/7171/7171 7215/7215/7215
f 7389/7389/7389 7215/7215/7215 7449/7449/7449
f 7389/7389/7389 7449/7449/7449 7601/7601/7601
f 7172/7172/7172 7390/7390/7390 7206/7206/7206
f 7446/7446/7446 7207/7207/7207 7391/7391/7391
f 7447/7447/7447 7392/7392/7392 7602/7602/7602
f 7656/7656/7656 7401/7401/7401 7739/7739/7739
f 7397/7397/7397 7656/7656/7656 7403/7403/7403
f 7397/7397/7397 7403/7403/7403 7038/7038/7038
f 7038/7038/7038 7403/7403/7403 7040/7040/7040
f 7038/7038/7038 7040/7040/7040 6996/6996/6996
f 7038/7038/7038 6996/6996/6996 6921/6921/6921
f 7719/7719/7719 7723/7723/7723 7727/7727/7727
f 7722/7722/7722 7730/7730/7730 7816/7816/7816
f 7816/7816/7816 7730/7730/7730 7801/7801/7801
f 7657/7657/7657 7398/7398/7398 7047/7047/7047
f 7653/7653/7653 7046/7046/7046 7402/7402/7402
f 7402/7402/7402 7046/7046/7046 7039/7039/7039
f 7039/7039/7039 7046/7046/7046 6855/6855/6855
f 7039/7039/7039 6855/6855/6855 6995/6995/6995
f 7396/7396/7396 7037/7037/7037 7045/7045/7045
f 7045/7045/7045 7037/7037/7037 6854/6854/6854
f 6854/6854/6854 7037/7037/7037 6919/6919/6919
f 6856/6856/6856 6922/6922/6922 6997/6997/6997
f 6994/6994/6994 6922/6922/6922 6989/6989/6989
f 6994/6994/6994 6989/6989/6989 7070/7070/7070
f 6988/6988/6988 6920/6920/6920 7069/7069/7069
f 7069/7069/7069 6920/6920/6920 6993/6993/6993
f 7866/7866/7866 7702/7702/7702 7741/7741/7741
f 7866/7866/7866 7741/7741/7741 7833/7833/7833
f 7866/7866/7866 7833/7833/7833 7862/7862/7862
f 7833/7833/7833 7741/7741/7741 7695/7695/7695
f 7521/7521/7521 7742/7742/7742 7873/7873/7873
f 7873/7873/7873 7742/7742/7742 7966/7966/7966
f 7966/7966/7966 7742/7742/7742 7837/7837/7837
f 7966/7966/7966 7837/7837/7837 7864/7864/7864
f 7966/7966/7966 7864/7864/7864 7972/7972/7972
f 7972/7972/7972 7864/7864/7864 7860/7860/7860
f 7972/7972/7972 7860/7860/7860 7917/7917/7917
f 7917/7917/7917 7860/7860/7860 7781/7781/7781
f 7917/7917/7917 7781/7781/7781 7829/7829/7829
f 7358/7358/7358 6937/6937/6937 7523/7523/7523
f 7358/7358/7358 7523/7523/7523 7743/7743/7743
f 7743/7743/7743 7523/7523/7523 7877/7877/7877
f 7743/7743/7743 7877/7877/7877 7964/7964/7964
f 7743/7743/7743 7964/7964/7964 7838/7838/7838
f 7838/7838/7838 7964/7964/7964 7865/7865/7865
f 7865/7865/7865 7964/7964/7964 7962/7962/7962
f 7865/7865/7865 7962/7962/7962 7806/7806/7806
f 7806/7806/7806 7962/7962/7962 7901/7901/7901
f 7806/7806/7806 7901/7901/7901 7717/7717/7717
f 7717/7717/7717 7901/7901/7901 7779/7779/7779
f 7717/7717/7717 7779/7779/7779 7546/7546/7546
f 7546/7546/7546 7779/7779/7779 7570/7570/7570
f 7788/7788/7788 7876/7876/7876 7892/7892/7892
f 7891/7891/7891 7875/7875/7875 7968/7968/7968
f 7976/7976/7976 7889/7889/7889 7909/7909/7909
f 7976/7976/7976 7909/7909/7909 7906/7906/7906
f 7910/7910/7910 7890/7890/7890 7967/7967/7967
f 7910/7910/7910 7967/7967/7967 7973/7973/7973
f 7910/7910/7910 7973/7973/7973 7919/7919/7919
f 7910/7910/7910 7919/7919/7919 7836/7836/7836
f 7965/7965/7965 7879/7879/7879 7871/7871/7871
f 7872/7872/7872 7880/7880/7880 7762/7762/7762
f 7963/7963/7963 7869/7869/7869 7885/7885/7885
f 7963/7963/7963 7885/7885/7885 7961/7961/7961
f 7961/7961/7961 7885/7885/7885 7900/7900/7900
f 7900/7900/7900 7885/7885/7885 7809/7809/7809
f 7790/7790/7790 7296/7296/7296 7049/7049/7049
f 7049/7049/7049 7296/7296/7296 6775/6775/6775
f 7790/7790/7790 7049/7049/7049 7476/7476/7476
f 7790/7790/7790 7476/7476/7476 7912/7912/7912
f 7912/7912/7912 7476/7476/7476 7608/7608/7608
f 7912/7912/7912 7608/7608/7608 7700/7700/7700
f 7912/7912/7912 7700/7700/7700 7937/7937/7937
f 7937/7937/7937 7700/7700/7700 7882/7882/7882
f 7882/7882/7882 7700/7700/7700 7651/7651/7651
f 7048/7048/7048 6773/6773/6773 7120/7120/7120
f 7048/7048/7048 7120/7120/7120 7472/7472/7472
f 7472/7472/7472 7120/7120/7120 7672/7672/7672
f 7472/7472/7472 7672/7672/7672 7757/7757/7757
f 7472/7472/7472 7757/7757/7757 7605/7605/7605
f 7605/7605/7605 7757/7757/7757 7784/7784/7784
f 7605/7605/7605 7784/7784/7784 7658/7658/7658
f 7658/7658/7658 7784/7784/7784 7575/7575/7575
f 7887/7887/7887 7938/7938/7938 7883/7883/7883
f 7887/7887/7887 7883/7883/7883 7811/7811/7811
f 7811/7811/7811 7883/7883/7883 7604/7604/7604
f 7604/7604/7604 7883/7883/7883 7689/7689/7689
f 7604/7604/7604 7689/7689/7689 7451/7451/7451
f 7604/7604/7604 7451/7451/7451 7339/7339/7339
f 7697/7697/7697 7863/7863/7863 7808/7808/7808
f 6201/6201/6201 5969/5969/5969 6476/6476/6476
f 6477/6477/6477 7474/7474/7474 6975/6975/6975
f 6203/6203/6203 6480/6480/6480 6762/6762/6762
f 6203/6203/6203 6762/6762/6762 6614/6614/6614
f 6614/6614/6614 6762/6762/6762 6756/6756/6756
f 6614/6614/6614 6756/6756/6756 6610/6610/6610
f 6761/6761/6761 6479/6479/6479 6978/6978/6978
f 6755/6755/6755 6760/6760/6760 6811/6811/6811
f 6755/6755/6755 6811/6811/6811 6808/6808/6808
f 6755/6755/6755 6808/6808/6808 6580/6580/6580
f 6580/6580/6580 6808/6808/6808 6718/6718/6718
f 6580/6580/6580 6718/6718/6718 6512/6512/6512
f 6754/6754/6754 6579/6579/6579 6609/6609/6609
f 6609/6609/6609 6579/6579/6579 6538/6538/6538
f 6538/6538/6538 6579/6579/6579 6511/6511/6511
f 6538/6538/6538 6511/6511/6511 6469/6469/6469
f 6469/6469/6469 6511/6511/6511 6354/6354/6354
f 6354/6354/6354 6511/6511/6511 6428/6428/6428
f 6354/6354/6354 6428/6428/6428 6397/6397/6397
f 6354/6354/6354 6397/6397/6397 6255/6255/6255
f 6255/6255/6255 6397/6397/6397 6314/6314/6314
f 6255/6255/6255 6314/6314/6314 6166/6166/6166
f 6807/6807/6807 6608/6608/6608 6717/6717/6717
f 6611/6611/6611 6539/6539/6539 6719/6719/6719
f 6719/6719/6719 6539/6539/6539 6470/6470/6470
f 6719/6719/6719 6470/6470/6470 6648/6648/6648
f 6648/6648/6648 6470/6470/6470 6355/6355/6355
f 6648/6648/6648 6355/6355/6355 6536/6536/6536
f 6536/6536/6536 6355/6355/6355 6256/6256/6256
f 6536/6536/6536 6256/6256/6256 6467/6467/6467
f 6720/6720/6720 6649/6649/6649 6513/6513/6513
f 6513/6513/6513 6649/6649/6649 6429/6429/6429
f 6429/6429/6429 6649/6649/6649 6537/6537/6537
f 6396/6396/6396 6427/6427/6427 6535/6535/6535
f 6396/6396/6396 6535/6535/6535 6466/6466/6466
f 6396/6396/6396 6466/6466/6466 6313/6313/6313
f 6313/6313/6313 6466/6466/6466 6394/6394/6394
f 6313/6313/6313 6394/6394/6394 6250/6250/6250
f 6250/6250/6250 6394/6394/6394 6310/6310/6310
f 6468/6468/6468 6257/6257/6257 6169/6169/6169
f 6468/6468/6468 6169/6169/6169 6395/6395/6395
f 6395/6395/6395 6169/6169/6169 6121/6121/6121
f 6395/6395/6395 6121/6121/6121 6311/6311/6311
f 6311/6311/6311 6121/6121/6121 6306/6306/6306
f 6306/6306/6306 6121/6121/6121 6164/6164/6164
f 6167/6167/6167 6315/6315/6315 6251/6251/6251
f 6120/6120/6120 6168/6168/6168 6252/6252/6252
f 6253/6253/6253 6312/6312/6312 6247/6247/6247
f 6247/6247/6247 6312/6312/6312 6307/6307/6307
f 6247/6247/6247 6307/6307/6307 6245/6245/6245
f 6254/6254/6254 6248/6248/6248 6122/6122/6122
f 6123/6123/6123 6249/6249/6249 6165/6165/6165
f 6162/6162/6162 6246/6246/6246 6190/6190/6190
f 6190/6190/6190 6246/6246/6246 6243/6243/6243
f 6190/6190/6190 6243/6243/6243 6391/6391/6391
f 6163/6163/6163 6191/6191/6191 6304/6304/6304
f 6304/6304/6304 6191/6191/6191 6302/6302/6302
f 6302/6302/6302 6191/6191/6191 6392/6392/6392
f 6244/6244/6244 6305/6305/6305 6303/6303/6303
f 6244/6244/6244 6303/6303/6303 6393/6393/6393
f 7908/7908/7908 7835/7835/7835 7905/7905/7905
f 7905/7905/7905 7835/7835/7835 7645/7645/7645
f 7696/7696/7696 7907/7907/7907 7714/7714/7714
f 7696/7696/7696 7714/7714/7714 7500/7500/7500
f 7500/7500/7500 7714/7714/7714 7455/7455/7455
f 7500/7500/7500 7455/7455/7455 7226/7226/7226
f 7713/7713/7713 7903/7903/7903 7644/7644/7644
f 7713/7713/7713 7644/7644/7644 7454/7454/7454
f 7454/7454/7454 7644/7644/7644 7333/7333/7333
f 7454/7454/7454 7333/7333/7333 7326/7326/7326
f 7326/7326/7326 7333/7333/7333 7218/7218/7218
f 7326/7326/7326 7218/7218/7218 7314/7314/7314
f 7326/7326/7326 7314/7314/7314 7384/7384/7384
f 7384/7384/7384 7314/7314/7314 7438/7438/7438
f 7384/7384/7384 7438/7438/7438 7495/7495/7495
f 7495/7495/7495 7438/7438/7438 7567/7567/7567
f 7646/7646/7646 7832/7832/7832 7694/7694/7694
f 7646/7646/7646 7694/7694/7694 7499/7499/7499
f 7646/7646/7646 7499/7499/7499 7225/7225/7225
f 7646/7646/7646 7225/7225/7225 7335/7335/7335
f 7832/7832/7832 7648/7648/7648 7782/7782/7782
f 7832/7832/7832 7782/7782/7782 7861/7861/7861
f 7782/7782/7782 7648/7648/7648 7641/7641/7641
f 7647/7647/7647 7834/7834/7834 7918/7918/7918
f 7647/7647/7647 7918/7918/7918 7830/7830/7830
f 7647/7647/7647 7830/7830/7830 7686/7686/7686
f 7227/7227/7227 7456/7456/7456 7175/7175/7175
f 7175/7175/7175 7456/7456/7456 7327/7327/7327
f 7175/7175/7175 7327/7327/7327 7209/7209/7209
f 7334/7334/7334 7224/7224/7224 7174/7174/7174
f 7334/7334/7334 7174/7174/7174 7219/7219/7219
f 7220/7220/7220 7176/7176/7176 7210/7210/7210
f 7220/7220/7220 7210/7210/7210 7315/7315/7315
f 7315/7315/7315 7210/7210/7210 7380/7380/7380
f 7315/7315/7315 7380/7380/7380 7439/7439/7439
f 7208/7208/7208 7325/7325/7325 7383/7383/7383
f 7208/7208/7208 7383/7383/7383 7379/7379/7379
f 7379/7379/7379 7383/7383/7383 7494/7494/7494
f 7568/7568/7568 7440/7440/7440 7381/7381/7381
f 7569/7569/7569 7382/7382/7382 7496/7496/7496
f 7643/7643/7643 7649/7649/7649 7688/7688/7688
f 7642/7642/7642 7687/7687/7687 7831/7831/7831
f 7642/7642/7642 7831/7831/7831 7783/7783/7783
f 7868/7868/7868 7807/7807/7807 7812/7812/7812
f 7812/7812/7812 7807/7807/7807 7718/7718/7718
f 7812/7812/7812 7718/7718/7718 7715/7715/7715
f 7715/7715/7715 7718/7718/7718 7497/7497/7497
f 7497/7497/7497 7718/7718/7718 7547/7547/7547
f 7497/7497/7497 7547/7547/7547 7340/7340/7340
f 7340/7340/7340 7547/7547/7547 7331/7331/7331
f 7340/7340/7340 7331/7331/7331 7177/7177/7177
f 7902/7902/7902 7813/7813/7813 7716/7716/7716
f 7902/7902/7902 7716/7716/7716 7780/7780/7780
f 7780/7780/7780 7716/7716/7716 7498/7498/7498
f 7780/7780/7780 7498/7498/7498 7571/7571/7571
f 7571/7571/7571 7498/7498/7498 7341/7341/7341
f 7571/7571/7571 7341/7341/7341 7393/7393/7393
f 7548/7548/7548 7572/7572/7572 7394/7394/7394
f 7548/7548/7548 7394/7394/7394 7332/7332/7332
f 7332/7332/7332 7394/7394/7394 7178/7178/7178
f 7395/7395/7395 7342/7342/7342 7179/7179/7179
f 7810/7810/7810 7603/7603/7603 7650/7650/7650
f 7810/7810/7810 7650/7650/7650 7698/7698/7698
f 7650/7650/7650 7603/7603/7603 7457/7457/7457
f 7457/7457/7457 7603/7603/7603 7180/7180/7180
f 7180/7180/7180 7603/7603/7603 7336/7336/7336
f 7180/7180/7180 7336/7336/7336 7134/7134/7134
f 7884/7884/7884 7652/7652/7652 7690/7690/7690
f 7690/7690/7690 7652/7652/7652 7458/7458/7458
f 7690/7690/7690 7458/7458/7458 7452/7452/7452
f 7452/7452/7452 7458/7458/7458 7181/7181/7181
f 7453/7453/7453 7182/7182/7182 7136/7136/7136
f 7453/7453/7453 7136/7136/7136 7330/7330/7330
f 7330/7330/7330 7136/7136/7136 7213/7213/7213
f 7338/7338/7338 7450/7450/7450 7329/7329/7329
f 7338/7338/7338 7329/7329/7329 7223/7223/7223
f 7223/7223/7223 7329/7329/7329 7260/7260/7260
f 7260/7260/7260 7329/7329/7329 7386/7386/7386
f 7135/7135/7135 7337/7337/7337 7222/7222/7222
f 7133/7133/7133 7221/7221/7221 7212/7212/7212
f 7212/7212/7212 7221/7221/7221 7259/7259/7259
f 7212/7212/7212 7259/7259/7259 7317/7317/7317
f 7317/7317/7317 7259/7259/7259 7374/7374/7374
f 7328/7328/7328 7211/7211/7211 7385/7385/7385
f 7385/7385/7385 7211/7211/7211 7316/7316/7316
f 7385/7385/7385 7316/7316/7316 7441/7441/7441
f 7261/7261/7261 7388/7388/7388 7377/7377/7377
f 7387/7387/7387 7444/7444/7444 7378/7378/7378
f 7318/7318/7318 7375/7375/7375 7540/7540/7540
f 7541/7541/7541 7376/7376/7376 7442/7442/7442
f 7542/7542/7542 7443/7443/7443 7319/7319/7319
f 4652/4652/4652 4316/4316/4316 4657/4657/4657
f 4652/4652/4652 4657/4657/4657 4833/4833/4833
f 4656/4656/4656 4315/4315/4315 4525/4525/4525
f 4525/4525/4525 4315/4315/4315 4321/4321/4321
f 4321/4321/4321 4315/4315/4315 4076/4076/4076
f 4525/4525/4525 4321/4321/4321 4592/4592/4592
f 4525/4525/4525 4592/4592/4592 4782/4782/4782
f 4525/4525/4525 4782/4782/4782 4832/4832/4832
f 4832/4832/4832 4782/4782/4782 5045/5045/5045
f 5045/5045/5045 4782/4782/4782 5050/5050/5050
f 4317/4317/4317 4654/4654/4654 4078/4078/4078
f 4322/4322/4322 4077/4077/4077 4244/4244/4244
f 4322/4322/4322 4244/4244/4244 4388/4388/4388
f 4242/4242/4242 4075/4075/4075 4649/4649/4649
f 4658/4658/4658 4526/4526/4526 4834/4834/4834
f 4831/4831/4831 5044/5044/5044 4651/4651/4651
f 5049/5049/5049 4781/4781/4781 4591/4591/4591
f 4323/4323/4323 4390/4390/4390 4593/4593/4593
f 4389/4389/4389 4245/4245/4245 4000/4000/4000
f 3998/3998/3998 4243/4243/4243 4650/4650/4650
f 4655/4655/4655 5046/5046/5046 5453/5453/5453
f 5453/5453/5453 5046/5046/5046 5503/5503/5503
f 5453/5453/5453 5503/5503/5503 5862/5862/5862
f 4387/4387/4387 3999/3999/3999 4383/4383/4383
f 4001/4001/4001 4653/4653/4653 4073/4073/4073
f 4073/4073/4073 4653/4653/4653 5042/5042/5042
f 4073/4073/4073 5042/5042/5042 4461/4461/4461
f 5042/5042/5042 4653/4653/4653 5452/5452/5452
f 5042/5042/5042 5452/5452/5452 5778/5778/5778
f 5042/5042/5042 5778/5778/5778 5956/5956/5956
f 5956/5956/5956 5778/5778/5778 6068/6068/6068
f 6068/6068/6068 5778/5778/5778 6125/6125/6125
f 6125/6125/6125 5778/5778/5778 6094/6094/6094
f 6094/6094/6094 5778/5778/5778 5452/5452/5452
f 6094/6094/6094 5452/5452/5452 5861/5861/5861
f 4002/4002/4002 4074/4074/4074 4384/4384/4384
f 4384/4384/4384 4074/4074/4074 4463/4463/4463
f 4392/4392/4392 4386/4386/4386 4250/4250/4250
f 4391/4391/4391 4248/4248/4248 4594/4594/4594
f 4382/4382/4382 4459/4459/4459 4644/4644/4644
f 4385/4385/4385 4648/4648/4648 4251/4251/4251
f 4646/4646/4646 4462/4462/4462 4642/4642/4642
f 4641/4641/4641 4460/4460/4460 5040/5040/5040
f 4647/4647/4647 4643/4643/4643 4911/4911/4911
f 4911/4911/4911 4643/4643/4643 4907/4907/4907
f 4647/4647/4647 4911/4911/4911 4918/4918/4918
f 4640/4640/4640 5039/5039/5039 4906/4906/4906
f 4906/4906/4906 5039/5039/5039 5317/5317/5317
f 5317/5317/5317 5039/5039/5039 5587/5587/5587
f 4912/4912/4912 4908/4908/4908 5318/5318/5318
f 4912/4912/4912 5318/5318/5318 5148/5148/5148
f 5148/5148/5148 5318/5318/5318 5589/5589/5589
f 4912/4912/4912 5148/5148/5148 4919/4919/4919
f 4919/4919/4919 5148/5148/5148 5451/5451/5451
f 4645/4645/4645 4915/4915/4915 4247/4247/4247
f 4247/4247/4247 4915/4915/4915 4466/4466/4466
f 5149/5149/5149 5590/5590/5590 5595/5595/5595
f 5592/5592/5592 5588/5588/5588 5041/5041/5041
f 5147/5147/5147 5593/5593/5593 5450/5450/5450
f 5594/5594/5594 5043/5043/5043 5957/5957/5957
f 5591/5591/5591 5954/5954/5954 5449/5449/5449
f 5449/5449/5449 5954/5954/5954 5631/5631/5631
f 5449/5449/5449 5631/5631/5631 4913/4913/4913
f 5633/5633/5633 5955/5955/5955 6067/6067/6067
f 5633/5633/5633 6067/6067/6067 5605/5605/5605
f 5605/5605/5605 6067/6067/6067 5906/5906/5906
f 5906/5906/5906 6067/6067/6067 6124/6124/6124
f 5632/5632/5632 5604/5604/5604 4914/4914/4914
f 5907/5907/5907 6126/6126/6126 6095/6095/6095
f 5908/5908/5908 6096/6096/6096 5858/5858/5858
f 5858/5858/5858 6096/6096/6096 5609/5609/5609
f 5609/5609/5609 6096/6096/6096 5863/5863/5863
f 5609/5609/5609 5863/5863/5863 5504/5504/5504
f 5609/5609/5609 5504/5504/5504 5247/5247/5247
f 5609/5609/5609 5247/5247/5247 5912/5912/5912
f 5247/5247/5247 5504/5504/5504 5051/5051/5051
f 5051/5051/5051 5504/5504/5504 5047/5047/5047
f 5910/5910/5910 5859/5859/5859 5916/5916/5916
f 5917/5917/5917 5860/5860/5860 5610/5610/5610
f 5909/5909/5909 5913/5913/5913 5607/5607/5607
f 5245/5245/5245 5048/5048/5048 4589/4589/4589
f 5608/5608/5608 5914/5914/5914 5966/5966/5966
f 5915/5915/5915 5248/5248/5248 5554/5554/5554
f 5919/5919/5919 5556/5556/5556 5644/5644/5644
f 5964/5964/5964 5911/5911/5911 5780/5780/5780
f 5781/5781/5781 5918/5918/5918 5643/5643/5643
f 5642/5642/5642 5553/5553/5553 5155/5155/5155
f 5155/5155/5155 5553/5553/5553 5321/5321/5321
f 5155/5155/5155 5321/5321/5321 5053/5053/5053
f 5641/5641/5641 5153/5153/5153 5779/5779/5779
f 5779/5779/5779 5153/5153/5153 5501/5501/5501
f 5779/5779/5779 5501/5501/5501 5963/5963/5963
f 5963/5963/5963 5501/5501/5501 5849/5849/5849
f 5501/5501/5501 5153/5153/5153 4659/4659/4659
f 4324/4324/4324 4319/4319/4319 4659/4659/4659
f 4659/4659/4659 4319/4319/4319 4923/4923/4923
f 4659/4659/4659 4923/4923/4923 5501/5501/5501
f 4923/4923/4923 4319/4319/4319 4465/4465/4465
f 4923/4923/4923 4465/4465/4465 4970/4970/4970
f 5501/5501/5501 4923/4923/4923 5319/5319/5319
f 5319/5319/5319 4923/4923/4923 4970/4970/4970
f 5501/5501/5501 5319/5319/5319 5601/5601/5601
f 5319/5319/5319 4970/4970/4970 5549/5549/5549
f 5319/5319/5319 5549/5549/5549 5601/5601/5601
f 5555/5555/5555 5249/5249/5249 5323/5323/5323
f 5320/5320/5320 5246/5246/5246 4835/4835/4835
f 4835/4835/4835 5246/5246/5246 4590/4590/4590
f 4835/4835/4835 4590/4590/4590 4393/4393/4393
f 5322/5322/5322 4837/4837/4837 5054/5054/5054
f 5055/5055/5055 4838/4838/4838 4663/4663/4663
f 5052/5052/5052 4661/4661/4661 5154/5154/5154
f 4662/4662/4662 4836/4836/4836 4394/4394/4394
f 4662/4662/4662 4394/4394/4394 4660/4660/4660
f 4662/4662/4662 4660/4660/4660 5156/5156/5156
f 4660/4660/4660 4394/4394/4394 4325/4325/4325
f 4395/4395/4395 4596/4596/4596 4328/4328/4328
f 4327/4327/4327 4595/4595/4595 4163/4163/4163
f 4163/4163/4163 4595/4595/4595 4249/4249/4249
f 4326/4326/4326 4162/4162/4162 4320/4320/4320
f 4318/4318/4318 4161/4161/4161 4246/4246/4246
f 4318/4318/4318 4246/4246/4246 4464/4464/4464
f 4467/4467/4467 4916/4916/4916 4971/4971/4971
f 4971/4971/4971 4916/4916/4916 5550/5550/5550
f 5552/5552/5552 4917/4917/4917 5606/5606/5606
f 5552/5552/5552 5606/5606/5606 5851/5851/5851
f 5851/5851/5851 5606/5606/5606 5965/5965/5965
f 5502/5502/5502 5603/5603/5603 5852/5852/5852
f 5850/5850/5850 5602/5602/5602 5551/5551/5551
f 4263/4263/4263 4262/4262/4262 4082/4082/4082
f 4262/4262/4262 4263/4263/4263 4415/4415/4415
f 4263/4263/4263 4082/4082/4082 4080/4080/4080
f 4415/4415/4415 4263/4263/4263 4543/4543/4543
f 4263/4263/4263 4080/4080/4080 4170/4170/4170
f 4543/4543/4543 4263/4263/4263 4537/4537/4537
f 4263/4263/4263 4170/4170/4170 4413/4413/4413
f 4263/4263/4263 4413/4413/4413 4537/4537/4537
f 4261/4261/4261 4414/4414/4414 4542/4542/4542
f 4261/4261/4261 4542/4542/4542 4081/4081/4081
f 4081/4081/4081 4542/4542/4542 4079/4079/4079
f 4079/4079/4079 4542/4542/4542 4536/4536/4536
f 4079/4079/4079 4536/4536/4536 4169/4169/4169
f 4169/4169/4169 4536/4536/4536 4412/4412/4412
f 5269/5269/5269 5512/5512/5512 5871/5871/5871
f 5871/5871/5871 5512/5512/5512 6031/6031/6031
f 6031/6031/6031 5512/5512/5512 5733/5733/5733
f 5512/5512/5512 5269/5269/5269 5187/5187/5187
f 5512/5512/5512 5187/5187/5187 5514/5514/5514
f 5268/5268/5268 5870/5870/5870 5805/5805/5805
f 5268/5268/5268 5805/5805/5805 5563/5563/5563
f 5268/5268/5268 5563/5563/5563 5185/5185/5185
f 5185/5185/5185 5563/5563/5563 5199/5199/5199
f 5869/5869/5869 6029/6029/6029 5804/5804/5804
f 5513/5513/5513 5186/5186/5186 5201/5201/5201
f 5513/5513/5513 5201/5201/5201 5809/5809/5809
f 5513/5513/5513 5809/5809/5809 5935/5935/5935
f 5935/5935/5935 5809/5809/5809 6038/6038/6038
f 5513/5513/5513 5935/5935/5935 5732/5732/5732
f 5513/5513/5513 5732/5732/5732 5511/5511/5511
f 5732/5732/5732 5935/5935/5935 6131/6131/6131
f 5732/5732/5732 6131/6131/6131 6030/6030/6030
f 6132/6132/6132 5807/5807/5807 6032/6032/6032
f 5807/5807/5807 6132/6132/6132 6211/6211/6211
f 6133/6133/6133 5936/5936/5936 6212/6212/6212
f 6212/6212/6212 5936/5936/5936 6039/6039/6039
f 5806/5806/5806 6210/6210/6210 6037/6037/6037
f 5806/5806/5806 6037/6037/6037 5564/5564/5564
f 5564/5564/5564 6037/6037/6037 5808/5808/5808
f 5564/5564/5564 5808/5808/5808 5200/5200/5200
f 4725/4725/4725 4943/4943/4943 4979/4979/4979
f 4979/4979/4979 4943/4943/4943 5195/5195/5195
f 4727/4727/4727 4980/4980/4980 4998/4998/4998
f 4981/4981/4981 5197/5197/5197 5002/5002/5002
f 5196/5196/5196 4945/4945/4945 5344/5344/5344
f 5198/5198/5198 5346/5346/5346 5005/5005/5005
f 5343/5343/5343 4944/4944/4944 5523/5523/5523
f 5523/5523/5523 4944/4944/4944 5468/5468/5468
f 5345/5345/5345 5525/5525/5525 5001/5001/5001
f 4999/4999/4999 5524/5524/5524 5677/5677/5677
f 5676/5676/5676 5522/5522/5522 5467/5467/5467
f 5676/5676/5676 5467/5467/5467 5679/5679/5679
f 5679/5679/5679 5467/5467/5467 5810/5810/5810
f 5810/5810/5810 5467/5467/5467 5473/5473/5473
f 5810/5810/5810 5473/5473/5473 5740/5740/5740
f 5675/5675/5675 5678/5678/5678 4992/4992/4992
f 5680/5680/5680 5811/5811/5811 5000/5000/5000
f 5469/5469/5469 5466/5466/5466 4941/4941/4941
f 5469/5469/5469 4941/4941/4941 4488/4488/4488
f 5469/5469/5469 4488/4488/4488 4946/4946/4946
f 4488/4488/4488 4941/4941/4941 4437/4437/4437
f 5004/5004/5004 5812/5812/5812 5741/5741/5741
f 4993/4993/4993 5739/5739/5739 5745/5745/5745
f 5744/5744/5744 5738/5738/5738 5472/5472/5472
f 5743/5743/5743 5471/5471/5471 5682/5682/5682
f 5742/5742/5742 5681/5681/5681 4991/4991/4991
f 4991/4991/4991 5681/5681/5681 5565/5565/5565
f 5683/5683/5683 5474/5474/5474 5568/5568/5568
f 5566/5566/5566 5470/5470/5470 5424/5424/5424
f 5424/5424/5424 5470/5470/5470 4947/4947/4947
f 5567/5567/5567 5427/5427/5427 5008/5008/5008
f 4994/4994/4994 5425/5425/5425 5271/5271/5271
f 5272/5272/5272 5426/5426/5426 4948/4948/4948
f 5273/5273/5273 4949/4949/4949 4869/4869/4869
f 4869/4869/4869 4949/4949/4949 4693/4693/4693
f 5274/5274/5274 4870/4870/4870 5007/5007/5007
f 4871/4871/4871 4696/4696/4696 5011/5011/5011
f 4950/4950/4950 4491/4491/4491 4694/4694/4694
f 4694/4694/4694 4491/4491/4491 4494/4494/4494
f 5003/5003/5003 4695/4695/4695 4495/4495/4495
f 4997/4997/4997 4493/4493/4493 4350/4350/4350
f 4348/4348/4348 4492/4492/4492 4489/4489/4489
f 4349/4349/4349 4490/4490/4490 4273/4273/4273
f 4273/4273/4273 4490/4490/4490 4187/4187/4187
f 4187/4187/4187 4490/4490/4490 4439/4439/4439
f 4187/4187/4187 4439/4439/4439 4095/4095/4095
f 4351/4351/4351 4275/4275/4275 5009/5009/5009
f 4274/4274/4274 4188/4188/4188 5010/5010/5010
f 5010/5010/5010 4188/4188/4188 4097/4097/4097
f 5010/5010/5010 4097/4097/4097 4345/4345/4345
f 4343/4343/4343 4096/4096/4096 4441/4441/4441
f 5006/5006/5006 4344/4344/4344 4272/4272/4272
f 4270/4270/4270 4342/4342/4342 4440/4440/4440
f 4996/4996/4996 4271/4271/4271 4436/4436/4436
f 4996/4996/4996 4436/4436/4436 4692/4692/4692
f 4435/4435/4435 4269/4269/4269 4438/4438/4438
f 4435/4435/4435 4438/4438/4438 4690/4690/4690
f 4690/4690/4690 4438/4438/4438 4942/4942/4942
f 4690/4690/4690 4942/4942/4942 4724/4724/4724
f 4995/4995/4995 4691/4691/4691 4726/4726/4726
f 6209/6209/6209 6623/6623/6623 6556/6556/6556
f 6209/6209/6209 6556/6556/6556 6376/6376/6376
f 6209/6209/6209 6376/6376/6376 5800/5800/5800
f 5800/5800/5800 6376/6376/6376 6087/6087/6087
f 5800/5800/5800 6087/6087/6087 4856/4856/4856
f 4856/4856/4856 6087/6087/6087 5520/5520/5520
f 4856/4856/4856 5520/5520/5520 4990/4990/4990
f 6622/6622/6622 6137/6137/6137 6278/6278/6278
f 6278/6278/6278 6137/6137/6137 5980/5980/5980
f 6620/6620/6620 6277/6277/6277 6555/6555/6555
f 6555/6555/6555 6277/6277/6277 6375/6375/6375
f 6375/6375/6375 6277/6277/6277 6086/6086/6086
f 6089/6089/6089 6279/6279/6279 5982/5982/5982
f 6088/6088/6088 5981/5981/5981 5521/5521/5521
f 4988/4988/4988 5621/5621/5621 5066/5066/5066
f 4988/4988/4988 5066/5066/5066 4855/4855/4855
f 5066/5066/5066 5621/5621/5621 5117/5117/5117
f 5066/5066/5066 5117/5117/5117 4855/4855/4855
f 5117/5117/5117 5621/5621/5621 5797/5797/5797
f 4855/4855/4855 5117/5117/5117 4549/4549/4549
f 4550/4550/4550 5118/5118/5118 5799/5799/5799
f 4551/4551/4551 5801/5801/5801 4857/4857/4857
f 3554/3554/3554 3522/3522/3522 3580/3580/3580
f 3522/3522/3522 3554/3554/3554 3428/3428/3428
f 3428/3428/3428 3554/3554/3554 3504/3504/3504
f 3504/3504/3504 3554/3554/3554 3571/3571/3571
f 3582/3582/3582 3523/3523/3523 3427/3427/3427
f 3427/3427/3427 3523/3523/3523 3429/3429/3429
f 3581/3581/3581 3426/3426/3426 3557/3557/3557
f 3425/3425/3425 3430/3430/3430 3506/3506/3506
f 3425/3425/3425 3506/3506/3506 3456/3456/3456
f 3425/3425/3425 3456/3456/3456 3359/3359/3359
f 3456/3456/3456 3506/3506/3506 3508/3508/3508
f 3508/3508/3508 3506/3506/3506 3568/3568/3568
f 3556/3556/3556 3424/3424/3424 3358/3358/3358
f 3572/3572/3572 3555/3555/3555 3454/3454/3454
f 3572/3572/3572 3454/3454/3454 3566/3566/3566
f 3566/3566/3566 3454/3454/3454 3474/3474/3474
f 3357/3357/3357 3453/3453/3453 3553/3553/3553
f 3573/3573/3573 3567/3567/3567 3505/3505/3505
f 3455/3455/3455 3507/3507/3507 3475/3475/3475
f 3569/3569/3569 3476/3476/3476 3509/3509/3509
f 3299/3299/3299 3409/3409/3409 3361/3361/3361
f 3299/3299/3299 3361/3361/3361 3242/3242/3242
f 3360/3360/3360 3407/3407/3407 3443/3443/3443
f 3443/3443/3443 3407/3407/3407 3457/3457/3457
f 3443/3443/3443 3457/3457/3457 3472/3472/3472
f 3408/3408/3408 3298/3298/3298 3473/3473/3473
f 3408/3408/3408 3473/3473/3473 3458/3458/3458
f 3473/3473/3473 3298/3298/3298 3444/3444/3444
f 3444/3444/3444 3298/3298/3298 3201/3201/3201
f 3201/3201/3201 3298/3298/3298 3140/3140/3140
f 3444/3444/3444 3201/3201/3201 3241/3241/3241
f 3362/3362/3362 3445/3445/3445 3244/3244/3244
f 3300/3300/3300 3243/3243/3243 3141/3141/3141
f 3202/3202/3202 3142/3142/3142 3245/3245/3245
f 2976/2976/2976 3143/3143/3143 3228/3228/3228
f 3143/3143/3143 2976/2976/2976 2871/2871/2871
f 2870/2870/2870 2974/2974/2974 2221/2221/2221
f 2222/2222/2222 2975/2975/2975 2757/2757/2757
f 2222/2222/2222 2757/2757/2757 1779/1779/1779
f 2222/2222/2222 1779/1779/1779 1595/1595/1595
f 1595/1595/1595 1779/1779/1779 939/939/939
f 1779/1779/1779 2757/2757/2757 2077/2077/2077
f 2077/2077/2077 2757/2757/2757 2286/2286/2286
f 1779/1779/1779 2077/2077/2077 1514/1514/1514
f 939/939/939 1779/1779/1779 940/940/940
f 939/939/939 940/940/940 70/70/70
f 70/70/70 940/940/940 4056/4056/4056
f 4056/4056/4056 940/940/940 856/856/856
f 4056/4056/4056 856/856/856 3665/3665/3665
f 3665/3665/3665 856/856/856 479/479/479
f 70/70/70 4056/4056/4056 4744/4744/4744
f 70/70/70 4744/4744/4744 4509/4509/4509
f 4509/4509/4509 4744/4744/4744 5304/5304/5304
f 5304/5304/5304 4744/4744/4744 5443/5443/5443
f 6110/6110/6110 6497/6497/6497 5307/5307/5307
f 6109/6109/6109 5306/5306/5306 5953/5953/5953
f 6109/6109/6109 5953/5953/5953 6589/6589/6589
f 6589/6589/6589 5953/5953/5953 6592/6592/6592
f 6592/6592/6592 5953/5953/5953 6161/6161/6161
f 6592/6592/6592 6161/6161/6161 6501/6501/6501
f 5952/5952/5952 5305/5305/5305 6496/6496/6496
f 6111/6111/6111 6590/6590/6590 6498/6498/6498
f 6588/6588/6588 6591/6591/6591 6500/6500/6500
f 6499/6499/6499 6159/6159/6159 6587/6587/6587
f 6587/6587/6587 6159/6159/6159 6494/6494/6494
f 6160/6160/6160 5951/5951/5951 6495/6495/6495
f 6953/6953/6953 6794/6794/6794 6493/6493/6493
f 6953/6953/6953 6493/6493/6493 6740/6740/6740
f 6953/6953/6953 6740/6740/6740 7732/7732/7732
f 6953/6953/6953 7732/7732/7732 7067/7067/7067
f 6492/6492/6492 6793/6793/6793 6744/6744/6744
f 6492/6492/6492 6744/6744/6744 6739/6739/6739
f 6739/6739/6739 6744/6744/6744 7095/7095/7095
f 6739/6739/6739 7095/7095/7095 6822/6822/6822
f 6822/6822/6822 7095/7095/7095 7731/7731/7731
f 7731/7731/7731 7095/7095/7095 7755/7755/7755
f 7755/7755/7755 7095/7095/7095 7635/7635/7635
f 7635/7635/7635 7095/7095/7095 7066/7066/7066
f 6743/6743/6743 6792/6792/6792 6952/6952/6952
f 6743/6743/6743 6952/6952/6952 7094/7094/7094
f 7094/7094/7094 6952/6952/6952 7065/7065/7065
f 7636/7636/7636 7068/7068/7068 7756/7756/7756
f 7756/7756/7756 7068/7068/7068 7734/7734/7734
f 6741/6741/6741 6824/6824/6824 7634/7634/7634
f 6741/6741/6741 7634/7634/7634 7898/7898/7898
f 7633/7633/7633 6823/6823/6823 7733/7733/7733
f 7633/7633/7633 7733/7733/7733 7897/7897/7897
f 7899/7899/7899 7735/7735/7735 6742/6742/6742
f 3503/3503/3503 3404/3404/3404 3496/3496/3496
f 3503/3503/3503 3496/3496/3496 3534/3534/3534
f 3534/3534/3534 3496/3496/3496 3539/3539/3539
f 3404/3404/3404 3503/3503/3503 3470/3470/3470
f 3402/3402/3402 3470/3470/3470 3321/3321/3321
f 3404/3404/3404 3465/3465/3465 3333/3333/3333
f 3502/3502/3502 3532/3532/3532 3250/3250/3250
f 3501/3501/3501 3247/3247/3247 3467/3467/3467
f 3248/3248/3248 3529/3529/3529 3317/3317/3317
f 3251/3251/3251 3319/3319/3319 3294/3294/3294
f 3251/3251/3251 3294/3294/3294 3230/3230/3230
f 3251/3251/3251 3230/3230/3230 3217/3217/3217
f 3230/3230/3230 3294/3294/3294 3193/3193/3193
f 3230/3230/3230 3193/3193/3193 3217/3217/3217
f 3217/3217/3217 3193/3193/3193 3153/3153/3153
f 3318/3318/3318 3533/3533/3533 3395/3395/3395
f 3316/3316/3316 3394/3394/3394 3291/3291/3291
f 3393/3393/3393 3528/3528/3528 3439/3439/3439
f 3439/3439/3439 3528/3528/3528 3446/3446/3446
f 3396/3396/3396 3440/3440/3440 3413/3413/3413
f 3396/3396/3396 3413/3413/3413 3293/3293/3293
f 3413/3413/3413 3440/3440/3440 3448/3448/3448
f 3413/3413/3413 3448/3448/3448 3484/3484/3484
f 3447/3447/3447 3531/3531/3531 3512/3512/3512
f 3487/3487/3487 3449/3449/3449 3513/3513/3513
f 3511/3511/3511 3530/3530/3530 3547/3547/3547
f 3547/3547/3547 3530/3530/3530 3538/3538/3538
f 3510/3510/3510 3546/3546/3546 3483/3483/3483
f 3537/3537/3537 3495/3495/3495 3545/3545/3545
f 3545/3545/3545 3495/3495/3495 3482/3482/3482
f 3486/3486/3486 3497/3497/3497 3516/3516/3516
f 3463/3463/3463 3414/3414/3414 3485/3485/3485
f 3414/3414/3414 3463/3463/3463 3399/3399/3399
f 3463/3463/3463 3485/3485/3485 3515/3515/3515
f 3412/3412/3412 3398/3398/3398 3292/3292/3292
f 3292/3292/3292 3398/3398/3398 3310/3310/3310
f 3292/3292/3292 3310/3310/3310 3192/3192/3192
f 3397/3397/3397 3462/3462/3462 3309/3309/3309
f 3309/3309/3309 3462/3462/3462 3480/3480/3480
f 3461/3461/3461 3514/3514/3514 3478/3478/3478
f 3478/3478/3478 3514/3514/3514 3494/3494/3494
f 3481/3481/3481 3498/3498/3498 3406/3406/3406
f 3308/3308/3308 3479/3479/3479 3351/3351/3351
f 3349/3349/3349 3477/3477/3477 3403/3403/3403
f 3307/3307/3307 3350/3350/3350 3235/3235/3235
f 3307/3307/3307 3235/3235/3235 3191/3191/3191
f 3249/3249/3249 3216/3216/3216 3468/3468/3468
f 3468/3468/3468 3216/3216/3216 3151/3151/3151
f 3154/3154/3154 3194/3194/3194 3165/3165/3165
f 3165/3165/3165 3194/3194/3194 3240/3240/3240
f 3152/3152/3152 3163/3163/3163 3469/3469/3469
f 3162/3162/3162 3237/3237/3237 3182/3182/3182
f 3164/3164/3164 3183/3183/3183 3471/3471/3471
f 3471/3471/3471 3183/3183/3183 3232/3232/3232
f 3471/3471/3471 3232/3232/3232 3322/3322/3322
f 3181/3181/3181 3236/3236/3236 3231/3231/3231
f 3332/3332/3332 3238/3238/3238 3352/3352/3352
f 3239/3239/3239 3336/3336/3336 3233/3233/3233
f 3334/3334/3334 3353/3353/3353 3405/3405/3405
f 3234/3234/3234 3338/3338/3338 3324/3324/3324
f 3337/3337/3337 3466/3466/3466 3418/3418/3418
f 3335/3335/3335 3417/3417/3417 3323/3323/3323
f 3416/3416/3416 3464/3464/3464 3401/3401/3401
f 3415/3415/3415 3400/3400/3400 3320/3320/3320
f 3493/3493/3493 3536/3536/3536 3549/3549/3549
f 3536/3536/3536 3493/3493/3493 3491/3491/3491
f 3491/3491/3491 3493/3493/3493 3442/3442/3442
f 3442/3442/3442 3493/3493/3493 3451/3451/3451
f 3492/3492/3492 3548/3548/3548 3450/3450/3450
f 3450/3450/3450 3548/3548/3548 3441/3441/3441
f 3441/3441/3441 3548/3548/3548 3535/3535/3535
f 3441/3441/3441 3535/3535/3535 3490/3490/3490
f 3170/3170/3170 3028/3028/3028 2972/2972/2972
f 2972/2972/2972 3028/3028/3028 2751/2751/2751
f 2972/2972/2972 2751/2751/2751 2543/2543/2543
f 3029/3029/3029 3171/3171/3171 2544/2544/2544
f 2544/2544/2544 3171/3171/3171 2973/2973/2973
f 3029/3029/3029 2544/2544/2544 2752/2752/2752
f 2541/2541/2541 2545/2545/2545 1886/1886/1886
f 2541/2541/2541 1886/1886/1886 2275/2275/2275
f 2275/2275/2275 1886/1886/1886 1669/1669/1669
f 1669/1669/1669 1886/1886/1886 1350/1350/1350
f 1354/1354/1354 1890/1890/1890 773/773/773
f 1354/1354/1354 773/773/773 628/628/628
f 2548/2548/2548 2542/2542/2542 2276/2276/2276
f 2548/2548/2548 2276/2276/2276 1671/1671/1671
f 2546/2546/2546 1670/1670/1670 1446/1446/1446
f 2547/2547/2547 1447/1447/1447 1887/1887/1887
f 1887/1887/1887 1447/1447/1447 1351/1351/1351
f 1448/1448/1448 1672/1672/1672 1352/1352/1352
f 1888/1888/1888 1353/1353/1353 852/852/852
f 1888/1888/1888 852/852/852 627/627/627
f 3798/3798/3798 317/317/317 627/627/627
f 627/627/627 317/317/317 1888/1888/1888
f 1888/1888/1888 317/317/317 1356/1356/1356
f 1888/1888/1888 1356/1356/1356 2281/2281/2281
f 2281/2281/2281 1356/1356/1356 1774/1774/1774
f 1888/1888/1888 2281/2281/2281 2501/2501/2501
f 1888/1888/1888 2501/2501/2501 2549/2549/2549
f 2549/2549/2549 2501/2501/2501 2748/2748/2748
f 853/853/853 1355/1355/1355 629/629/629
f 630/630/630 774/774/774 217/217/217
f 631/631/631 218/218/218 3801/3801/3801
f 3800/3800/3800 216/216/216 3904/3904/3904
f 3904/3904/3904 216/216/216 4045/4045/4045
f 4045/4045/4045 216/216/216 3726/3726/3726
f 3799/3799/3799 3903/3903/3903 319/319/319
f 3902/3902/3902 4044/4044/4044 318/318/318
f 318/318/318 4044/4044/4044 74/74/74
f 386/386/386 215/215/215 772/772/772
f 215/215/215 386/386/386 3725/3725/3725
f 4047/4047/4047 3728/3728/3728 4049/4049/4049
f 4049/4049/4049 3728/3728/3728 394/394/394
f 3727/3727/3727 387/387/387 392/392/392
f 392/392/392 387/387/387 1008/1008/1008
f 385/385/385 771/771/771 1007/1007/1007
f 1007/1007/1007 771/771/771 2072/2072/2072
f 1007/1007/1007 2072/2072/2072 2277/2277/2277
f 4046/4046/4046 4050/4050/4050 75/75/75
f 73/73/73 4048/4048/4048 391/391/391
f 72/72/72 390/390/390 472/472/472
f 472/472/472 390/390/390 1162/1162/1162
f 472/472/472 1162/1162/1162 1242/1242/1242
f 1242/1242/1242 1162/1162/1162 1776/1776/1776
f 71/71/71 471/471/471 316/316/316
f 316/316/316 471/471/471 1241/1241/1241
f 1164/1164/1164 393/393/393 1009/1009/1009
f 1164/1164/1164 1009/1009/1009 2149/2149/2149
f 2149/2149/2149 1009/1009/1009 2279/2279/2279
f 320/320/320 1243/1243/1243 1357/1357/1357
f 1357/1357/1357 1243/1243/1243 1778/1778/1778
f 1163/1163/1163 2147/2147/2147 1777/1777/1777
f 2282/2282/2282 1775/1775/1775 2146/2146/2146
f 2503/2503/2503 2283/2283/2283 2150/2150/2150
f 2502/2502/2502 2148/2148/2148 2749/2749/2749
f 2749/2749/2749 2148/2148/2148 2428/2428/2428
f 2074/2074/2074 775/775/775 1891/1891/1891
f 2278/2278/2278 2073/2073/2073 2427/2427/2427
f 2427/2427/2427 2073/2073/2073 1889/1889/1889
f 2280/2280/2280 2430/2430/2430 2151/2151/2151
f 2550/2550/2550 2750/2750/2750 2429/2429/2429
f 2550/2550/2550 2429/2429/2429 2214/2214/2214
f 2214/2214/2214 2429/2429/2429 1892/1892/1892
f 2215/2215/2215 1893/1893/1893 2551/2551/2551
f 4363/4363/4363 4293/4293/4293 68/68/68
f 4293/4293/4293 4363/4363/4363 5301/5301/5301
f 5301/5301/5301 4363/4363/4363 5436/5436/5436
f 4364/4364/4364 69/69/69 5437/5437/5437
f 5437/5437/5437 69/69/69 4294/4294/4294
f 5437/5437/5437 4294/4294/4294 5771/5771/5771
f 5771/5771/5771 4294/4294/4294 5302/5302/5302
f 5438/5438/5438 5772/5772/5772 5303/5303/5303
f 3045/3045/3045 3104/3104/3104 3070/3070/3070
f 3104/3104/3104 3045/3045/3045 3101/3101/3101
f 3068/3068/3068 3102/3102/3102 3047/3047/3047
f 3068/3068/3068 3047/3047/3047 3013/3013/3013
f 3103/3103/3103 3100/3100/3100 3048/3048/3048
f 3048/3048/3048 3100/3100/3100 3065/3065/3065
f 3099/3099/3099 3044/3044/3044 3064/3064/3064
f 3064/3064/3064 3044/3044/3044 3012/3012/3012
f 3012/3012/3012 3044/3044/3044 2979/2979/2979
f 3012/3012/3012 2979/2979/2979 2962/2962/2962
f 2962/2962/2962 2979/2979/2979 2941/2941/2941
f 3063/3063/3063 3011/3011/3011 3046/3046/3046
f 3046/3046/3046 3011/3011/3011 2961/2961/2961
f 3042/3042/3042 3069/3069/3069 3014/3014/3014
f 2978/2978/2978 3043/3043/3043 3015/3015/3015
f 2978/2978/2978 3015/3015/3015 2964/2964/2964
f 2978/2978/2978 2964/2964/2964 2940/2940/2940
f 2944/2944/2944 2967/2967/2967 2897/2897/2897
f 2944/2944/2944 2897/2897/2897 2846/2846/2846
f 3016/3016/3016 3049/3049/3049 2965/2965/2965
f 2965/2965/2965 3049/3049/3049 2942/2942/2942
f 2942/2942/2942 3049/3049/3049 2963/2963/2963
f 2968/2968/2968 2945/2945/2945 2902/2902/2902
f 2966/2966/2966 2898/2898/2898 2896/2896/2896
f 2896/2896/2896 2898/2898/2898 2848/2848/2848
f 2896/2896/2896 2848/2848/2848 2843/2843/2843
f 2843/2843/2843 2848/2848/2848 2768/2768/2768
f 2943/2943/2943 2845/2845/2845 2901/2901/2901
f 2849/2849/2849 2900/2900/2900 2772/2772/2772
f 2771/2771/2771 2899/2899/2899 2844/2844/2844
f 2850/2850/2850 2774/2774/2774 2770/2770/2770
f 2847/2847/2847 2769/2769/2769 2773/2773/2773
f 1954/1954/1954 2015/2015/2015 2164/2164/2164
f 2162/2162/2162 2017/2017/2017 2158/2158/2158
f 2163/2163/2163 2161/2161/2161 1953/1953/1953
f 2159/2159/2159 2014/2014/2014 1945/1945/1945
f 2160/2160/2160 1944/1944/1944 1952/1952/1952
f 1951/1951/1951 1946/1946/1946 2016/2016/2016
f 1899/1899/1899 1950/1950/1950 1958/1958/1958
f 1956/1956/1956 1947/1947/1947 2018/2018/2018
f 1949/1949/1949 1900/1900/1900 2024/2024/2024
f 1948/1948/1948 2023/2023/2023 2020/2020/2020
f 1898/1898/1898 1957/1957/1957 1966/1966/1966
f 1897/1897/1897 1965/1965/1965 2022/2022/2022
f 1963/1963/1963 1955/1955/1955 2021/2021/2021
f 1964/1964/1964 2019/2019/2019 2025/2025/2025
f 1683/1683/1683 1901/1901/1901 1961/1961/1961
f 1962/1962/1962 1902/1902/1902 1970/1970/1970
f 1682/1682/1682 1960/1960/1960 1678/1678/1678
f 1680/1680/1680 1959/1959/1959 1969/1969/1969
f 1903/1903/1903 1685/1685/1685 1785/1785/1785
f 1904/1904/1904 1787/1787/1787 1967/1967/1967
f 1788/1788/1788 1684/1684/1684 1681/1681/1681
f 1786/1786/1786 1679/1679/1679 1968/1968/1968
f 1790/1790/1790 1676/1676/1676 1606/1606/1606
f 1790/1790/1790 1606/1606/1606 1524/1524/1524
f 1607/1607/1607 1677/1677/1677 1687/1687/1687
f 1686/1686/1686 1675/1675/1675 1789/1789/1789
f 1686/1686/1686 1789/1789/1789 1797/1797/1797
f 1608/1608/1608 1688/1688/1688 1531/1531/1531
f 1609/1609/1609 1530/1530/1530 1527/1527/1527
f 1689/1689/1689 1799/1799/1799 1532/1532/1532
f 1798/1798/1798 1791/1791/1791 1690/1690/1690
f 1692/1692/1692 1792/1792/1792 1525/1525/1525
f 1800/1800/1800 1691/1691/1691 1533/1533/1533
f 1533/1533/1533 1691/1691/1691 1526/1526/1526
f 1469/1469/1469 1693/1693/1693 1529/1529/1529
f 1387/1387/1387 1528/1528/1528 1465/1465/1465
f 1389/1389/1389 1467/1467/1467 1180/1180/1180
f 1390/1390/1390 1181/1181/1181 1185/1185/1185
f 1184/1184/1184 1182/1182/1182 1468/1468/1468
f 1183/1183/1183 1466/1466/1466 1388/1388/1388
f 1449/1449/1449 1518/1518/1518 1457/1457/1457
f 1519/1519/1519 1454/1454/1454 1374/1374/1374
f 1374/1374/1374 1454/1454/1454 1249/1249/1249
f 1458/1458/1458 1520/1520/1520 1376/1376/1376
f 1376/1376/1376 1520/1520/1520 1373/1373/1373
f 1455/1455/1455 1456/1456/1456 1247/1247/1247
f 1248/1248/1248 1459/1459/1459 1377/1377/1377
f 1375/1375/1375 1250/1250/1250 1379/1379/1379
f 1368/1368/1368 1452/1452/1452 1605/1605/1605
f 1451/1451/1451 1367/1367/1367 1364/1364/1364
f 1365/1365/1365 1366/1366/1366 1602/1602/1602
f 1450/1450/1450 1363/1363/1363 1517/1517/1517
f 1515/1515/1515 1362/1362/1362 1603/1603/1603
f 1516/1516/1516 1604/1604/1604 1453/1453/1453
f 1522/1522/1522 1382/1382/1382 1253/1253/1253
f 1522/1522/1522 1253/1253/1253 1267/1267/1267
f 1251/1251/1251 1380/1380/1380 1165/1165/1165
f 1381/1381/1381 1521/1521/1521 1460/1460/1460
f 1378/1378/1378 1461/1461/1461 1166/1166/1166
f 1523/1523/1523 1264/1264/1264 1463/1463/1463
f 1266/1266/1266 1252/1252/1252 1167/1167/1167
f 1266/1266/1266 1167/1167/1167 1255/1255/1255
f 1168/1168/1168 1462/1462/1462 1256/1256/1256
f 1265/1265/1265 1257/1257/1257 1464/1464/1464
f 1383/1383/1383 1260/1260/1260 1262/1262/1262
f 1261/1261/1261 1259/1259/1259 1275/1275/1275
f 1384/1384/1384 1263/1263/1263 1272/1272/1272
f 1272/1272/1272 1263/1263/1263 1276/1276/1276
f 1258/1258/1258 1386/1386/1386 1173/1173/1173
f 1172/1172/1172 1385/1385/1385 1271/1271/1271
f 1254/1254/1254 1169/1169/1169 1273/1273/1273
f 1273/1273/1273 1169/1169/1169 1103/1103/1103
f 1269/1269/1269 1274/1274/1274 1104/1104/1104
f 1171/1171/1171 1270/1270/1270 1179/1179/1179
f 1170/1170/1170 1178/1178/1178 1105/1105/1105
f 1102/1102/1102 1177/1177/1177 1268/1268/1268
f 1174/1174/1174 1106/1106/1106 1016/1016/1016
f 1018/1018/1018 1108/1108/1108 1014/1014/1014
f 1013/1013/1013 1107/1107/1107 1175/1175/1175
f 1013/1013/1013 1175/1175/1175 1109/1109/1109
f 1176/1176/1176 1017/1017/1017 1110/1110/1110
f 1015/1015/1015 1111/1111/1111 1019/1019/1019
f 1730/1730/1730 1541/1541/1541 1472/1472/1472
f 1471/1471/1471 1540/1540/1540 877/877/877
f 1471/1471/1471 877/877/877 1278/1278/1278
f 877/877/877 1540/1540/1540 1719/1719/1719
f 877/877/877 1719/1719/1719 1721/1721/1721
f 1542/1542/1542 1733/1733/1733 1720/1720/1720
f 1720/1720/1720 1733/1733/1733 1723/1723/1723
f 1724/1724/1724 1732/1732/1732 1829/1829/1829
f 1722/1722/1722 1828/1828/1828 881/881/881
f 1728/1728/1728 1470/1470/1470 1282/1282/1282
f 1282/1282/1282 1470/1470/1470 1277/1277/1277
f 1826/1826/1826 1729/1729/1729 1634/1634/1634
f 1826/1826/1826 1634/1634/1634 1831/1831/1831
f 1831/1831/1831 1634/1634/1634 1630/1630/1630
f 1636/1636/1636 1731/1731/1731 1283/1283/1283
f 1827/1827/1827 1832/1832/1832 879/879/879
f 1284/1284/1284 1280/1280/1280 1022/1022/1022
f 1020/1020/1020 1279/1279/1279 878/878/878
f 1830/1830/1830 1629/1629/1629 876/876/876
f 1632/1632/1632 1637/1637/1637 1641/1641/1641
f 1631/1631/1631 1640/1640/1640 888/888/888
f 888/888/888 1640/1640/1640 1392/1392/1392
f 1642/1642/1642 1639/1639/1639 1394/1394/1394
f 1393/1393/1393 1638/1638/1638 1297/1297/1297
f 1391/1391/1391 1295/1295/1295 885/885/885
f 1294/1294/1294 1635/1635/1635 1299/1299/1299
f 1294/1294/1294 1299/1299/1299 1131/1131/1131
f 1298/1298/1298 1633/1633/1633 1281/1281/1281
f 1298/1298/1298 1281/1281/1281 891/891/891
f 891/891/891 1281/1281/1281 867/867/867
f 867/867/867 1281/1281/1281 948/948/948
f 1296/1296/1296 1133/1133/1133 886/886/886
f 1134/1134/1134 1300/1300/1300 957/957/957
f 957/957/957 1300/1300/1300 789/789/789
f 789/789/789 1300/1300/1300 892/892/892
f 789/789/789 892/892/892 652/652/652
f 652/652/652 892/892/892 412/412/412
f 1132/1132/1132 956/956/956 884/884/884
f 955/955/955 788/788/788 883/883/883
f 874/874/874 787/787/787 651/651/651
f 874/874/874 651/651/651 411/411/411
f 874/874/874 411/411/411 330/330/330
f 410/410/410 890/890/890 329/329/329
f 329/329/329 890/890/890 645/645/645
f 645/645/645 890/890/890 866/866/866
f 873/873/873 328/328/328 406/406/406
f 409/409/409 331/331/331 650/650/650
f 887/887/887 407/407/407 169/169/169
f 887/887/887 169/169/169 238/238/238
f 170/170/170 408/408/408 649/649/649
f 171/171/171 648/648/648 239/239/239
f 240/240/240 647/647/647 401/401/401
f 237/237/237 398/398/398 875/875/875
f 397/397/397 646/646/646 868/868/868
f 400/400/400 872/872/872 326/326/326
f 399/399/399 325/325/325 882/882/882
f 882/882/882 325/325/325 486/486/486
f 327/327/327 871/871/871 487/487/487
f 487/487/487 871/871/871 641/641/641
f 485/485/485 640/640/640 880/880/880
f 880/880/880 640/640/640 637/637/637
f 880/880/880 637/637/637 949/949/949
f 880/880/880 949/949/949 1021/1021/1021
f 642/642/642 870/870/870 639/639/639
f 638/638/638 869/869/869 951/951/951
f 1023/1023/1023 950/950/950 1285/1285/1285
f 1436/1436/1436 1440/1440/1440 1881/1881/1881
f 1881/1881/1881 1440/1440/1440 1659/1659/1659
f 1881/1881/1881 1659/1659/1659 1877/1877/1877
f 1435/1435/1435 1880/1880/1880 1444/1444/1444
f 1434/1434/1434 1443/1443/1443 1075/1075/1075
f 1433/1433/1433 1074/1074/1074 737/737/737
f 737/737/737 1074/1074/1074 582/582/582
f 585/585/585 1076/1076/1076 1445/1445/1445
f 585/585/585 1445/1445/1445 922/922/922
f 1432/1432/1432 736/736/736 740/740/740
f 1432/1432/1432 740/740/740 1438/1438/1438
f 741/741/741 738/738/738 584/584/584
f 741/741/741 584/584/584 580/580/580
f 1437/1437/1437 739/739/739 1071/1071/1071
f 1071/1071/1071 739/739/739 578/578/578
f 579/579/579 583/583/583 746/746/746
f 746/746/746 583/583/583 920/920/920
f 746/746/746 920/920/920 685/685/685
f 746/746/746 685/685/685 681/681/681
f 581/581/581 747/747/747 1073/1073/1073
f 1072/1072/1072 745/745/745 1232/1232/1232
f 1072/1072/1072 1232/1232/1232 1439/1439/1439
f 1232/1232/1232 745/745/745 680/680/680
f 1232/1232/1232 680/680/680 1000/1000/1000
f 919/919/919 1442/1442/1442 1504/1504/1504
f 1504/1504/1504 1442/1442/1442 1874/1874/1874
f 1874/1874/1874 1442/1442/1442 1879/1879/1879
f 921/921/921 1507/1507/1507 687/687/687
f 1661/1661/1661 1441/1441/1441 1234/1234/1234
f 1658/1658/1658 1233/1233/1233 1764/1764/1764
f 1764/1764/1764 1233/1233/1233 1002/1002/1002
f 1764/1764/1764 1002/1002/1002 1344/1344/1344
f 1344/1344/1344 1002/1002/1002 993/993/993
f 1344/1344/1344 993/993/993 567/567/567
f 1344/1344/1344 567/567/567 798/798/798
f 1660/1660/1660 1766/1766/1766 1878/1878/1878
f 1876/1876/1876 1765/1765/1765 1345/1345/1345
f 1876/1876/1876 1345/1345/1345 1498/1498/1498
f 1498/1498/1498 1345/1345/1345 799/799/799
f 1498/1498/1498 799/799/799 896/896/896
f 1160/1160/1160 1505/1505/1505 1875/1875/1875
f 1160/1160/1160 1875/1875/1875 1497/1497/1497
f 1160/1160/1160 1497/1497/1497 895/895/895
f 1160/1160/1160 895/895/895 664/664/664
f 1506/1506/1506 1161/1161/1161 686/686/686
f 686/686/686 1161/1161/1161 744/744/744
f 744/744/744 1161/1161/1161 665/665/665
f 744/744/744 665/665/665 352/352/352
f 897/897/897 800/800/800 568/568/568
f 991/991/991 998/998/998 673/673/673
f 992/992/992 674/674/674 566/566/566
f 566/566/566 674/674/674 262/262/262
f 893/893/893 565/565/565 261/261/261
f 894/894/894 263/263/263 351/351/351
f 898/898/898 353/353/353 666/666/666
f 350/350/350 260/260/260 671/671/671
f 350/350/350 671/671/671 742/742/742
f 271/271/271 676/676/676 1001/1001/1001
f 743/743/743 672/672/672 186/186/186
f 743/743/743 186/186/186 682/682/682
f 188/188/188 675/675/675 270/270/270
f 188/188/188 270/270/270 149/149/149
f 149/149/149 270/270/270 190/190/190
f 149/149/149 190/190/190 193/193/193
f 193/193/193 190/190/190 277/277/277
f 269/269/269 999/999/999 679/679/679
f 684/684/684 187/187/187 148/148/148
f 684/684/684 148/148/148 444/444/444
f 444/444/444 148/148/148 364/364/364
f 364/364/364 148/148/148 192/192/192
f 443/443/443 677/677/677 683/683/683
f 677/677/677 443/443/443 590/590/590
f 590/590/590 443/443/443 363/363/363
f 590/590/590 363/363/363 440/440/440
f 268/268/268 678/678/678 591/591/591
f 268/268/268 591/591/591 189/189/189
f 191/191/191 593/593/593 278/278/278
f 592/592/592 441/441/441 276/276/276
f 442/442/442 365/365/365 194/194/194
f 442/442/442 194/194/194 279/279/279
f 6736/6736/6736 7434/7434/7434 7122/7122/7122
f 7122/7122/7122 7434/7434/7434 7709/7709/7709
f 7709/7709/7709 7434/7434/7434 7817/7817/7817
f 7817/7817/7817 7434/7434/7434 7819/7819/7819
f 7435/7435/7435 6738/6738/6738 7821/7821/7821
f 7820/7820/7820 6737/6737/6737 7123/7123/7123
f 7820/7820/7820 7123/7123/7123 7818/7818/7818
f 7818/7818/7818 7123/7123/7123 7710/7710/7710
f 6791/6791/6791 6949/6949/6949 7058/7058/7058
f 6949/6949/6949 6791/6791/6791 6490/6490/6490
f 6490/6490/6490 6791/6791/6791 6629/6629/6629
f 6490/6490/6490 6629/6629/6629 6327/6327/6327
f 6490/6490/6490 6327/6327/6327 6224/6224/6224
f 6490/6490/6490 6224/6224/6224 6054/6054/6054
f 7057/7057/7057 6948/6948/6948 7245/7245/7245
f 7245/7245/7245 6948/6948/6948 7311/7311/7311
f 7311/7311/7311 6948/6948/6948 7126/7126/7126
f 7311/7311/7311 7126/7126/7126 7533/7533/7533
f 7056/7056/7056 7243/7243/7243 6789/6789/6789
f 7244/7244/7244 7310/7310/7310 6790/6790/6790
f 6790/6790/6790 7310/7310/7310 6984/6984/6984
f 6790/6790/6790 6984/6984/6984 6628/6628/6628
f 6628/6628/6628 6984/6984/6984 6325/6325/6325
f 6325/6325/6325 6984/6984/6984 6183/6183/6183
f 6183/6183/6183 6984/6984/6984 6661/6661/6661
f 6183/6183/6183 6661/6661/6661 5829/5829/5829
f 5829/5829/5829 6661/6661/6661 5695/5695/5695
f 5695/5695/5695 6661/6661/6661 5769/5769/5769
f 5769/5769/5769 6661/6661/6661 6058/6058/6058
f 6223/6223/6223 6326/6326/6326 6184/6184/6184
f 6223/6223/6223 6184/6184/6184 6053/6053/6053
f 6909/6909/6909 6951/6951/6951 6491/6491/6491
f 6489/6489/6489 6052/6052/6052 6561/6561/6561
f 6561/6561/6561 6052/6052/6052 6227/6227/6227
f 6488/6488/6488 6560/6560/6560 6906/6906/6906
f 6049/6049/6049 6182/6182/6182 5827/5827/5827
f 6050/6050/6050 5828/5828/5828 5694/5694/5694
f 6562/6562/6562 6228/6228/6228 6908/6908/6908
f 6048/6048/6048 5693/5693/5693 5883/5883/5883
f 6229/6229/6229 6055/6055/6055 5837/5837/5837
f 5835/5835/5835 6051/6051/6051 5884/5884/5884
f 5836/5836/5836 5885/5885/5885 6226/6226/6226
f 6907/6907/6907 6225/6225/6225 6852/6852/6852
f 6852/6852/6852 6225/6225/6225 6287/6287/6287
f 6907/6907/6907 6852/6852/6852 7059/7059/7059
f 7059/7059/7059 6852/6852/6852 6979/6979/6979
f 6979/6979/6979 6852/6852/6852 6659/6659/6659
f 6230/6230/6230 5888/5888/5888 6290/6290/6290
f 5886/5886/5886 5696/5696/5696 5770/5770/5770
f 5886/5886/5886 5770/5770/5770 5839/5839/5839
f 5839/5839/5839 5770/5770/5770 6059/6059/6059
f 5839/5839/5839 6059/6059/6059 6186/6186/6186
f 6289/6289/6289 5887/5887/5887 6188/6188/6188
f 6288/6288/6288 6187/6187/6187 6853/6853/6853
f 6853/6853/6853 6187/6187/6187 6662/6662/6662
f 5882/5882/5882 5838/5838/5838 6185/6185/6185
f 6189/6189/6189 6060/6060/6060 6382/6382/6382
f 6189/6189/6189 6382/6382/6382 6663/6663/6663
f 6381/6381/6381 6057/6057/6057 6585/6585/6585
f 6383/6383/6383 6586/6586/6586 6664/6664/6664
f 6660/6660/6660 6584/6584/6584 6056/6056/6056
f 6910/6910/6910 7061/7061/7061 7127/7127/7127
f 6910/6910/6910 7127/7127/7127 6950/6950/6950
f 7125/7125/7125 7060/7060/7060 6981/6981/6981
f 7532/7532/7532 7124/7124/7124 6980/6980/6980
f 7312/7312/7312 7534/7534/7534 7164/7164/7164
f 7313/7313/7313 7166/7166/7166 6985/6985/6985
f 7165/7165/7165 7535/7535/7535 7249/7249/7249
f 7250/7250/7250 7536/7536/7536 6982/6982/6982
f 7251/7251/7251 6983/6983/6983 7167/7167/7167
f 7168/7168/7168 6986/6986/6986 6665/6665/6665
f 7168/7168/7168 6665/6665/6665 6913/6913/6913
f 7169/7169/7169 6914/6914/6914 6987/6987/6987
f 6987/6987/6987 6914/6914/6914 6666/6666/6666
f 6956/6956/6956 6954/6954/6954 6887/6887/6887
f 6954/6954/6954 6956/6956/6956 7028/7028/7028
f 6956/6956/6956 6885/6885/6885 6828/6828/6828
f 6888/6888/6888 6955/6955/6955 7029/7029/7029
f 7030/7030/7030 6959/6959/6959 6889/6889/6889
f 6886/6886/6886 6957/6957/6957 7002/7002/7002
f 7002/7002/7002 6957/6957/6957 7003/7003/7003
f 7002/7002/7002 7003/7003/7003 7349/7349/7349
f 7002/7002/7002 7349/7349/7349 7346/7346/7346
f 7346/7346/7346 7349/7349/7349 7578/7578/7578
f 7346/7346/7346 7576/7576/7576 7691/7691/7691
f 7691/7691/7691 7576/7576/7576 7785/7785/7785
f 7346/7346/7346 7691/7691/7691 7459/7459/7459
f 7346/7346/7346 7459/7459/7459 7006/7006/7006
f 7459/7459/7459 7691/7691/7691 7501/7501/7501
f 7459/7459/7459 7501/7501/7501 7231/7231/7231
f 7459/7459/7459 7231/7231/7231 7184/7184/7184
f 7184/7184/7184 7231/7231/7231 7044/7044/7044
f 6827/6827/6827 6884/6884/6884 7001/7001/7001
f 6827/6827/6827 7001/7001/7001 7009/7009/7009
f 7009/7009/7009 7001/7001/7001 7345/7345/7345
f 6958/6958/6958 6829/6829/6829 7004/7004/7004
f 7004/7004/7004 6829/6829/6829 7010/7010/7010
f 7004/7004/7004 7010/7010/7010 7350/7350/7350
f 7350/7350/7350 7010/7010/7010 7579/7579/7579
f 7348/7348/7348 7580/7580/7580 7011/7011/7011
f 7232/7232/7232 7577/7577/7577 7347/7347/7347
f 7232/7232/7232 7347/7347/7347 7007/7007/7007
f 7577/7577/7577 7232/7232/7232 7502/7502/7502
f 7577/7577/7577 7502/7502/7502 7660/7660/7660
f 7660/7660/7660 7502/7502/7502 7662/7662/7662
f 7503/7503/7503 7692/7692/7692 7663/7663/7663
f 7663/7663/7663 7692/7692/7692 7786/7786/7786
f 7663/7663/7663 7786/7786/7786 7611/7611/7611
f 7611/7611/7611 7786/7786/7786 7760/7760/7760
f 7460/7460/7460 7185/7185/7185 7008/7008/7008
f 7008/7008/7008 7185/7185/7185 7078/7078/7078
f 7008/7008/7008 7078/7078/7078 6924/6924/6924
f 6924/6924/6924 7078/7078/7078 6992/6992/6992
f 6992/6992/6992 7078/7078/7078 7130/7130/7130
f 6992/6992/6992 7130/7130/7130 7129/7129/7129
f 7129/7129/7129 7130/7130/7130 7321/7321/7321
f 7321/7321/7321 7130/7130/7130 7323/7323/7323
f 7321/7321/7321 7323/7323/7323 7543/7543/7543
f 7041/7041/7041 7230/7230/7230 7005/7005/7005
f 7041/7041/7041 7005/7005/7005 7033/7033/7033
f 7033/7033/7033 7005/7005/7005 6923/6923/6923
f 7033/7033/7033 6923/6923/6923 6990/6990/6990
f 7183/7183/7183 7043/7043/7043 7077/7077/7077
f 7042/7042/7042 7034/7034/7034 7076/7076/7076
f 7079/7079/7079 7036/7036/7036 7132/7132/7132
f 7132/7132/7132 7036/7036/7036 7102/7102/7102
f 7035/7035/7035 6991/6991/6991 7100/7100/7100
f 7100/7100/7100 6991/6991/6991 7128/7128/7128
f 7100/7100/7100 7128/7128/7128 7262/7262/7262
f 7262/7262/7262 7128/7128/7128 7320/7320/7320
f 7101/7101/7101 7263/7263/7263 7131/7131/7131
f 7131/7131/7131 7263/7263/7263 7324/7324/7324
f 7324/7324/7324 7263/7263/7263 7544/7544/7544
f 7545/7545/7545 7264/7264/7264 7322/7322/7322
f 6335/6335/6335 6299/6299/6299 6595/6595/6595
f 6595/6595/6595 6299/6299/6299 6599/6599/6599
f 6298/6298/6298 6334/6334/6334 6641/6641/6641
f 6596/6596/6596 6600/6600/6600 6336/6336/6336
f 6336/6336/6336 6600/6600/6600 6644/6644/6644
f 6601/6601/6601 6300/6300/6300 6345/6345/6345
f 6598/6598/6598 6340/6340/6340 6640/6640/6640
f 6645/6645/6645 6346/6346/6346 6301/6301/6301
f 6337/6337/6337 6593/6593/6593 6520/6520/6520
f 6594/6594/6594 6338/6338/6338 6563/6563/6563
f 6563/6563/6563 6338/6338/6338 6386/6386/6386
f 6563/6563/6563 6386/6386/6386 6569/6569/6569
f 6569/6569/6569 6386/6386/6386 6404/6404/6404
f 6597/6597/6597 6564/6564/6564 6522/6522/6522
f 6522/6522/6522 6564/6564/6564 6570/6570/6570
f 6522/6522/6522 6570/6570/6570 6525/6525/6525
f 6387/6387/6387 6339/6339/6339 6521/6521/6521
f 6388/6388/6388 6524/6524/6524 6405/6405/6405
f 6406/6406/6406 6523/6523/6523 6526/6526/6526
f 6408/6408/6408 6527/6527/6527 6529/6529/6529
f 6529/6529/6529 6527/6527/6527 6571/6571/6571
f 6528/6528/6528 6572/6572/6572 6407/6407/6407
f 6799/6799/6799 6643/6643/6643 6342/6342/6342
f 6341/6341/6341 6642/6642/6642 6840/6840/6840
f 6639/6639/6639 6797/6797/6797 6709/6709/6709
f 6709/6709/6709 6797/6797/6797 7013/7013/7013
f 6638/6638/6638 6708/6708/6708 6839/6839/6839
f 6839/6839/6839 6708/6708/6708 7012/7012/7012
f 6344/6344/6344 6841/6841/6841 6455/6455/6455
f 6455/6455/6455 6841/6841/6841 6679/6679/6679
f 6679/6679/6679 6841/6841/6841 7016/7016/7016
f 6343/6343/6343 6454/6454/6454 6800/6800/6800
f 6800/6800/6800 6454/6454/6454 6677/6677/6677
f 6800/6800/6800 6677/6677/6677 6970/6970/6970
f 6970/6970/6970 6677/6677/6677 7112/7112/7112
f 7014/7014/7014 6798/6798/6798 6969/6969/6969
f 7014/7014/7014 6969/6969/6969 7110/7110/7110
f 7014/7014/7014 7110/7110/7110 7149/7149/7149
f 7149/7149/7149 7110/7110/7110 7188/7188/7188
f 7149/7149/7149 7188/7188/7188 7193/7193/7193
f 6678/6678/6678 7015/7015/7015 7150/7150/7150
f 6678/6678/6678 7150/7150/7150 6802/6802/6802
f 6802/6802/6802 7150/7150/7150 6849/6849/6849
f 6849/6849/6849 7150/7150/7150 7195/7195/7195
f 6849/6849/6849 7195/7195/7195 7087/7087/7087
f 6849/6849/6849 7087/7087/7087 6812/6812/6812
f 7111/7111/7111 6676/6676/6676 6801/6801/6801
f 7111/7111/7111 6801/6801/6801 6848/6848/6848
f 7111/7111/7111 6848/6848/6848 7192/7192/7192
f 7190/7190/7190 6847/6847/6847 6759/6759/6759
f 6757/6757/6757 6846/6846/6846 6810/6810/6810
f 7191/7191/7191 6758/6758/6758 7157/7157/7157
f 7157/7157/7157 6758/6758/6758 6977/6977/6977
f 7410/7410/7410 6974/6974/6974 7473/7473/7473
f 7410/7410/7410 7473/7473/7473 7606/7606/7606
f 7410/7410/7410 7606/7606/7606 7609/7609/7609
f 7609/7609/7609 7606/7606/7606 7659/7659/7659
f 7609/7609/7609 7659/7659/7659 7661/7661/7661
f 7758/7758/7758 7674/7674/7674 7412/7412/7412
f 7759/7759/7759 7413/7413/7413 7610/7610/7610
f 4601/4601/4601 4410/4410/4410 4605/4605/4605
f 4410/4410/4410 4601/4601/4601 4468/4468/4468
f 4410/4410/4410 4468/4468/4468 4332/4332/4332
f 4332/4332/4332 4468/4468/4468 4399/4399/4399
f 4602/4602/4602 4606/4606/4606 4786/4786/4786
f 4786/4786/4786 4606/4606/4606 4671/4671/4671
f 4786/4786/4786 4671/4671/4671 4932/4932/4932
f 4932/4932/4932 4671/4671/4671 4722/4722/4722
f 4932/4932/4932 4722/4722/4722 5057/5057/5057
f 5057/5057/5057 4722/4722/4722 4863/4863/4863
f 4469/4469/4469 4603/4603/4603 4402/4402/4402
f 4469/4469/4469 4402/4402/4402 4400/4400/4400
f 4402/4402/4402 4603/4603/4603 4474/4474/4474
f 4474/4474/4474 4603/4603/4603 4787/4787/4787
f 4474/4474/4474 4787/4787/4787 4544/4544/4544
f 4544/4544/4544 4787/4787/4787 4612/4612/4612
f 4612/4612/4612 4787/4787/4787 4933/4933/4933
f 4612/4612/4612 4933/4933/4933 4677/4677/4677
f 4401/4401/4401 4403/4403/4403 4333/4333/4333
f 4333/4333/4333 4403/4403/4403 4475/4475/4475
f 4333/4333/4333 4475/4475/4475 4411/4411/4411
f 4411/4411/4411 4475/4475/4475 4417/4417/4417
f 4417/4417/4417 4475/4475/4475 4545/4545/4545
f 4417/4417/4417 4545/4545/4545 4613/4613/4613
f 4417/4417/4417 4613/4613/4613 4423/4423/4423
f 4423/4423/4423 4613/4613/4613 4431/4431/4431
f 4431/4431/4431 4613/4613/4613 4678/4678/4678
f 4416/4416/4416 4604/4604/4604 4409/4409/4409
f 4604/4604/4604 4416/4416/4416 4421/4421/4421
f 4604/4604/4604 4421/4421/4421 4669/4669/4669
f 4422/4422/4422 4428/4428/4428 4670/4670/4670
f 4670/4670/4670 4428/4428/4428 4721/4721/4721
f 4680/4680/4680 5065/5065/5065 5194/5194/5194
f 5063/5063/5063 5058/5058/5058 4865/4865/4865
f 4723/4723/4723 4430/4430/4430 4859/4859/4859
f 5064/5064/5064 4866/4866/4866 5193/5193/5193
f 5339/5339/5339 4864/4864/4864 4720/4720/4720
f 5341/5341/5341 5409/5409/5409 5418/5418/5418
f 4867/4867/4867 5340/5340/5340 5123/5123/5123
f 5124/5124/5124 5342/5342/5342 5419/5419/5419
f 5124/5124/5124 5419/5419/5419 5127/5127/5127
f 4868/4868/4868 5125/5125/5125 5128/5128/5128
f 4862/4862/4862 5126/5126/5126 5192/5192/5192
f 5192/5192/5192 5126/5126/5126 5415/5415/5415
f 5192/5192/5192 5415/5415/5415 5670/5670/5670
f 5191/5191/5191 5673/5673/5673 5068/5068/5068
f 5068/5068/5068 5673/5673/5673 6139/6139/6139
f 5734/5734/5734 5672/5672/5672 5190/5190/5190
f 5672/5672/5672 5734/5734/5734 6033/6033/6033
f 6033/6033/6033 5734/5734/5734 5927/5927/5927
f 5927/5927/5927 5734/5734/5734 5333/5333/5333
f 5734/5734/5734 5190/5190/5190 5266/5266/5266
f 5266/5266/5266 5190/5190/5190 5067/5067/5067
f 5735/5735/5735 5267/5267/5267 5335/5335/5335
f 5335/5335/5335 5267/5267/5267 5071/5071/5071
f 5335/5335/5335 5071/5071/5071 4616/4616/4616
f 5334/5334/5334 4615/4615/4615 5932/5932/5932
f 5930/5930/5930 4614/4614/4614 5070/5070/5070
f 5069/5069/5069 6141/6141/6141 5929/5929/5929
f 5674/5674/5674 6036/6036/6036 6143/6143/6143
f 5933/5933/5933 6142/6142/6142 6438/6438/6438
f 6140/6140/6140 6034/6034/6034 6378/6378/6378
f 6138/6138/6138 6377/6377/6377 6436/6436/6436
f 6436/6436/6436 6377/6377/6377 6624/6624/6624
f 6624/6624/6624 6377/6377/6377 6731/6731/6731
f 6035/6035/6035 5934/5934/5934 6214/6214/6214
f 6035/6035/6035 6214/6214/6214 6380/6380/6380
f 6213/6213/6213 5931/5931/5931 6321/6321/6321
f 6213/6213/6213 6321/6321/6321 6733/6733/6733
f 6213/6213/6213 6733/6733/6733 6379/6379/6379
f 6320/6320/6320 5928/5928/5928 6437/6437/6437
f 6320/6320/6320 6437/6437/6437 6625/6625/6625
f 6320/6320/6320 6625/6625/6625 6732/6732/6732
f 5737/5737/5737 5422/5422/5422 5940/5940/5940
f 5737/5737/5737 5940/5940/5940 6106/6106/6106
f 5737/5737/5737 6106/6106/6106 5985/5985/5985
f 5985/5985/5985 6106/6106/6106 6373/6373/6373
f 5941/5941/5941 5423/5423/5423 5623/5623/5623
f 5623/5623/5623 5423/5423/5423 5348/5348/5348
f 5941/5941/5941 5623/5623/5623 5999/5999/5999
f 5623/5623/5623 5348/5348/5348 5667/5667/5667
f 5999/5999/5999 5623/5623/5623 5938/5938/5938
f 5938/5938/5938 5623/5623/5623 5667/5667/5667
f 5421/5421/5421 5736/5736/5736 5347/5347/5347
f 5347/5347/5347 5736/5736/5736 5464/5464/5464
f 5464/5464/5464 5736/5736/5736 5983/5983/5983
f 5464/5464/5464 5983/5983/5983 5977/5977/5977
f 5942/5942/5942 6000/6000/6000 6107/6107/6107
f 6107/6107/6107 6000/6000/6000 6374/6374/6374
f 6374/6374/6374 6000/6000/6000 6275/6275/6275
f 6275/6275/6275 6000/6000/6000 5939/5939/5939
f 5668/5668/5668 5349/5349/5349 5465/5465/5465
f 5463/5463/5463 5976/5976/5976 5666/5666/5666
f 5666/5666/5666 5976/5976/5976 6134/6134/6134
f 5666/5666/5666 6134/6134/6134 5937/5937/5937
f 5937/5937/5937 6134/6134/6134 6272/6272/6272
f 5984/5984/5984 6372/6372/6372 6273/6273/6273
f 5978/5978/5978 5986/5986/5986 6135/6135/6135
f 6135/6135/6135 5986/5986/5986 6274/6274/6274
