# From Keeen_EN_Rook.glb via glb_to_nca_obj.py | yaw270.0 scale2.0 | scale*0.9 | scale*0.9
o rook
mtllib rook.mtl
usemtl rook
v -0.002932 0.208207 1.782951
v -0.002932 0.208207 1.782951
v -0.002932 0.208207 1.782951
v -0.002932 0.190613 1.812276
v -0.002932 0.190613 1.812276
v -0.002932 0.190613 1.812276
v -0.002932 0.272721 1.847466
v -0.002932 0.272721 1.847466
v -0.002932 0.231666 1.870925
v -0.002932 0.231666 1.870925
v -0.002932 0.231666 1.870925
v -0.002932 0.249261 1.882655
v -0.002932 0.249261 1.882655
v -0.002932 0.249261 1.882655
v -0.002932 0.249261 1.882655
v -0.002932 0.249261 1.882655
v -0.002932 0.038122 2.832781
v -0.002932 0.038122 2.832781
v -0.002932 0.038122 2.832781
v -0.002932 0.038122 2.832781
v -0.002932 -0.718458 1.413458
v -0.002932 -0.718458 1.413458
v -0.002932 -0.753648 1.378268
v -0.002932 -0.753648 1.378268
v -0.002932 -0.753648 1.378268
v -0.002932 -0.753648 1.378268
v -0.002932 -0.900273 1.008776
v -0.002932 -0.900273 1.008776
v -0.002932 -0.900273 1.008776
v -0.002932 -0.407614 0.568902
v -0.002932 -0.407614 0.568902
v -0.002932 -0.407614 0.568902
v -0.002932 -0.407614 0.568902
v -0.002932 -0.407614 0.568902
v -0.002932 -0.542510 0.527848
v -0.002932 -0.542510 0.527848
v -0.002932 0.601159 0.269788
v -0.002932 0.601159 0.269788
v -0.008798 0.266856 1.865061
v -0.008798 0.266856 1.865061
v -0.008798 0.266856 1.865061
v -0.008798 0.266856 1.865061
v -0.008798 -0.712594 1.372403
v -0.008798 -0.712594 1.372403
v -0.008798 0.513185 0.398818
v -0.008798 0.513185 0.398818
v -0.014663 -0.736053 1.395863
v -0.014663 -0.736053 1.395863
v -0.014663 -0.401750 0.486792
v -0.014663 -0.401750 0.486792
v -0.020527 -0.712594 1.407594
v -0.020527 -0.712594 1.407594
v -0.020527 -0.736053 1.378268
v -0.020527 -0.736053 1.378268
v -0.020527 -0.736053 1.378268
v -0.020527 -0.741919 1.378268
v -0.020527 -0.741919 1.378268
v -0.020527 -0.636349 0.451603
v -0.020527 -0.636349 0.451603
v -0.026393 -0.859219 1.126075
v -0.026393 -0.859219 1.126075
v -0.026393 -0.859219 1.126075
v -0.026393 -0.401750 0.527848
v -0.026393 -0.401750 0.527848
v -0.026393 0.618755 0.434008
v -0.026393 0.618755 0.434008
v -0.026393 -0.648079 0.199409
v -0.026393 -0.648079 0.199409
v -0.026393 -0.724325 0.187679
v -0.026393 -0.724325 0.187679
v -0.026393 -0.712594 0.134894
v -0.026393 -0.712594 0.134894
v -0.026393 -0.712594 0.134894
v -0.038122 -0.712594 1.395863
v -0.038122 -0.712594 1.395863
v -0.038122 -0.730189 1.384132
v -0.038122 -0.730189 1.384132
v -0.038122 -0.730189 1.384132
v -0.038122 -0.730189 1.384132
v -0.038122 -0.806432 1.243374
v -0.038122 -0.806432 1.243374
v -0.038122 -0.806432 1.243374
v -0.038122 -0.806432 1.243374
v -0.038122 -0.876813 1.131939
v -0.038122 -0.876813 1.131939
v -0.038122 -0.477995 0.568902
v -0.038122 -0.477995 0.568902
v -0.038122 -0.477995 0.568902
v -0.038122 -0.782974 0.117300
v -0.038122 -0.782974 0.117300
v -0.038122 -0.782974 0.000000
v -0.038122 -0.782974 0.000000
v -0.043988 -0.829894 1.249239
v -0.043988 -0.829894 1.249239
v -0.043988 -0.829894 1.249239
v -0.043988 -0.829894 1.249239
v -0.043988 -0.759514 0.170084
v -0.043988 -0.759514 0.170084
v -0.043988 -0.753648 0.129029
v -0.043988 -0.753648 0.129029
v -0.043988 -0.753648 0.129029
v -0.049852 0.589431 0.709662
v -0.049852 0.589431 0.709662
v -0.049852 0.589431 0.709662
v -0.049852 0.624620 0.598227
v -0.049852 0.624620 0.598227
v -0.049852 0.624620 0.598227
v -0.049852 0.624620 0.492658
v -0.049852 0.624620 0.492658
v -0.049852 0.624620 0.492658
v -0.049852 -0.477995 0.486792
v -0.049852 -0.477995 0.486792
v -0.049852 -0.477995 0.486792
v -0.049852 0.665674 0.117300
v -0.049852 0.665674 0.117300
v -0.049852 0.665674 0.000000
v -0.049852 0.665674 0.000000
v -0.055716 0.554239 0.709662
v -0.055716 0.554239 0.709662
v -0.055716 0.554239 0.709662
v -0.055716 0.595295 0.692068
v -0.055716 0.595295 0.692068
v -0.055716 0.595295 0.692068
v -0.055716 0.554239 0.686201
v -0.055716 0.554239 0.686201
v -0.055716 0.554239 0.686201
v -0.061582 -0.483860 0.527848
v -0.061582 -0.483860 0.527848
v -0.061582 -0.483860 0.527848
v -0.061582 -0.483860 0.527848
v -0.073311 0.554239 0.140758
v -0.073311 0.554239 0.140758
v -0.073311 0.554239 0.140758
v -0.073311 0.554239 0.140758
v -0.079177 0.536645 0.492658
v -0.079177 0.536645 0.492658
v -0.085042 0.536645 0.598227
v -0.085042 0.536645 0.598227
v -0.090906 0.595295 0.129029
v -0.090906 0.595295 0.129029
v -0.096772 0.571834 0.187679
v -0.096772 0.571834 0.187679
v -0.096772 0.571834 0.187679
v -0.096772 0.571834 0.187679
v -0.096772 0.571834 0.187679
v -0.102637 0.607026 0.158355
v -0.102637 0.607026 0.158355
v -0.108503 0.571834 0.703796
v -0.108503 0.571834 0.703796
v -0.108503 0.571834 0.703796
v -0.114367 0.577700 0.598227
v -0.114367 0.577700 0.598227
v -0.114367 0.577700 0.598227
v -0.114367 0.577700 0.598227
v -0.120232 0.571834 0.651011
v -0.120232 0.571834 0.651011
v -0.126097 0.560105 0.703796
v -0.126097 0.560105 0.703796
v -0.126097 0.560105 0.703796
v -0.126097 0.589431 0.703796
v -0.126097 0.589431 0.703796
v -0.126097 0.589431 0.703796
v -0.131962 0.565970 0.651011
v -0.131962 0.565970 0.651011
v -0.131962 0.583565 0.651011
v -0.131962 0.583565 0.651011
v -0.131962 0.583565 0.651011
v -0.137826 0.560105 0.598227
v -0.137826 0.560105 0.598227
v -0.137826 0.560105 0.598227
v -0.137826 0.589431 0.598227
v -0.137826 0.589431 0.598227
v -0.137826 0.589431 0.598227
v -0.137826 -0.513185 0.486792
v -0.137826 -0.513185 0.486792
v -0.143692 0.577700 0.656876
v -0.143692 0.577700 0.656876
v -0.149557 0.571834 0.703796
v -0.149557 0.571834 0.703796
v -0.149557 0.571834 0.703796
v -0.155421 0.577700 0.604092
v -0.155421 0.577700 0.604092
v -0.155421 0.577700 0.604092
v -0.161287 -0.548374 0.451603
v -0.161287 -0.548374 0.451603
v -0.167152 -0.630484 0.211139
v -0.167152 -0.630484 0.211139
v -0.167152 -0.630484 0.211139
v -0.167152 -0.612890 0.158355
v -0.167152 -0.612890 0.158355
v -0.167152 -0.612890 0.158355
v -0.167152 -0.612890 0.158355
v -0.173016 0.642215 0.504387
v -0.173016 0.642215 0.504387
v -0.173016 0.642215 0.504387
v -0.173016 -0.560105 0.205274
v -0.173016 -0.560105 0.205274
v -0.184747 0.642215 0.475063
v -0.184747 0.642215 0.475063
v -0.184747 0.642215 0.475063
v -0.184747 0.648079 0.451603
v -0.184747 0.648079 0.451603
v -0.184747 0.648079 0.451603
v -0.184747 0.648079 0.434008
v -0.184747 0.648079 0.434008
v -0.184747 0.542510 0.134894
v -0.184747 0.542510 0.134894
v -0.184747 0.542510 0.134894
v -0.190611 0.143692 0.480928
v -0.190611 0.143692 0.480928
v -0.190611 0.143692 0.480928
v -0.190611 0.143692 0.480928
v -0.190611 0.143692 0.480928
v -0.190611 0.143692 0.480928
v -0.190611 0.143692 0.480928
v -0.190611 0.143692 0.480928
v -0.190611 0.143692 0.480928
v -0.190611 0.143692 0.480928
v -0.190611 0.648079 0.404682
v -0.190611 0.648079 0.404682
v -0.190613 -0.689134 0.117300
v -0.190613 -0.689134 0.117300
v -0.190613 -0.689134 0.000000
v -0.190613 -0.689134 0.000000
v -0.196477 -0.659810 0.193545
v -0.196477 -0.659810 0.193545
v -0.196477 0.548374 0.164219
v -0.196477 0.548374 0.164219
v -0.196477 0.548374 0.164219
v -0.196477 0.548374 0.164219
v -0.196477 -0.648079 0.152489
v -0.196477 -0.648079 0.152489
v -0.202342 0.642215 0.557171
v -0.202342 0.642215 0.557171
v -0.202342 0.642215 0.527848
v -0.202342 0.642215 0.527848
v -0.202342 0.642215 0.527848
v -0.202342 0.571834 0.117300
v -0.202342 0.571834 0.117300
v -0.202342 0.571834 0.000000
v -0.202342 0.571834 0.000000
v -0.208206 0.642215 0.533713
v -0.208206 0.642215 0.533713
v -0.208206 0.642215 0.533713
v -0.208206 0.642215 0.498523
v -0.208206 0.642215 0.498523
v -0.208206 0.642215 0.498523
v -0.208207 -0.366561 0.486792
v -0.208207 -0.366561 0.486792
v -0.208207 -0.366561 0.486792
v -0.208207 -0.366561 0.486792
v -0.208206 0.648079 0.469197
v -0.208206 0.648079 0.469197
v -0.208206 0.648079 0.469197
v -0.208206 0.648079 0.469197
v -0.208207 -0.366561 0.463333
v -0.208207 -0.366561 0.463333
v -0.208207 -0.366561 0.463333
v -0.214071 0.583565 0.715526
v -0.214071 0.583565 0.715526
v -0.214071 0.583565 0.715526
v -0.214071 0.583565 0.715526
v -0.214071 0.583565 0.715526
v -0.214071 0.665674 0.428144
v -0.219936 0.589431 0.609958
v -0.219936 0.589431 0.609958
v -0.219936 0.589431 0.609958
v -0.219936 0.648079 0.533713
v -0.219936 0.648079 0.533713
v -0.219936 0.648079 0.533713
v -0.219936 0.665674 0.504387
v -0.219936 0.665674 0.504387
v -0.219936 0.665674 0.504387
v -0.219936 0.665674 0.504387
v -0.219936 0.665674 0.504387
v -0.219936 0.665674 0.504387
v -0.219936 0.665674 0.504387
v -0.219936 0.665674 0.469197
v -0.219936 0.665674 0.469197
v -0.219936 0.665674 0.469197
v -0.225802 0.589431 0.668606
v -0.225802 0.589431 0.668606
v -0.225802 0.589431 0.668606
v -0.231666 0.571834 0.721390
v -0.231666 0.571834 0.721390
v -0.231666 0.571834 0.721390
v -0.231666 0.601159 0.715526
v -0.231666 0.601159 0.715526
v -0.231666 0.601159 0.715526
v -0.231666 0.642215 0.574768
v -0.231666 0.642215 0.574768
v -0.231666 0.642215 0.574768
v -0.231666 0.648079 0.521982
v -0.231666 0.648079 0.521982
v -0.231666 0.648079 0.521982
v -0.231666 0.648079 0.521982
v -0.231666 0.648079 0.521982
v -0.231666 0.653944 0.392954
v -0.231666 0.653944 0.392954
v -0.231666 0.653944 0.392954
v -0.237531 0.577700 0.668606
v -0.237531 0.577700 0.668606
v -0.237531 0.577700 0.668606
v -0.237531 0.577700 0.668606
v -0.237531 0.595295 0.668606
v -0.237531 0.595295 0.668606
v -0.237531 0.595295 0.668606
v -0.243397 0.577700 0.615822
v -0.243397 0.577700 0.615822
v -0.243397 0.577700 0.615822
v -0.243397 0.607026 0.615822
v -0.243397 0.607026 0.615822
v -0.243397 0.607026 0.615822
v -0.243397 0.653944 0.539577
v -0.243397 0.653944 0.539577
v -0.243397 0.653944 0.539577
v -0.243397 0.665674 0.504387
v -0.243397 0.665674 0.504387
v -0.243397 0.665674 0.504387
v -0.243397 0.665674 0.504387
v -0.243397 0.665674 0.504387
v -0.243397 0.665674 0.504387
v -0.243397 0.671539 0.469197
v -0.243397 0.671539 0.469197
v -0.243397 0.671539 0.469197
v -0.243397 0.671539 0.469197
v -0.249261 0.589431 0.668606
v -0.249261 0.589431 0.668606
v -0.249261 0.642215 0.539577
v -0.249261 0.642215 0.539577
v -0.249261 0.642215 0.539577
v -0.249261 0.642215 0.539577
v -0.249261 0.642215 0.539577
v -0.249261 0.671539 0.428144
v -0.249261 0.671539 0.428144
v -0.255126 0.583565 0.721390
v -0.255126 0.583565 0.721390
v -0.255126 0.583565 0.721390
v -0.255126 0.642215 0.557171
v -0.255126 0.642215 0.557171
v -0.255126 0.648079 0.498523
v -0.255126 0.648079 0.498523
v -0.255126 0.648079 0.498523
v -0.255126 -0.425210 0.486792
v -0.255126 -0.425210 0.486792
v -0.255126 -0.425210 0.486792
v -0.255126 0.648079 0.469197
v -0.255126 0.648079 0.469197
v -0.255126 0.648079 0.469197
v -0.260992 0.589431 0.615822
v -0.260992 0.589431 0.615822
v -0.260992 0.589431 0.615822
v -0.260992 0.648079 0.533713
v -0.260992 0.648079 0.533713
v -0.260992 0.648079 0.533713
v -0.266856 0.653944 0.451603
v -0.266856 0.653944 0.451603
v -0.266856 0.653944 0.451603
v -0.272721 -0.448671 0.451603
v -0.272721 -0.448671 0.451603
v -0.278587 0.648079 0.480928
v -0.278587 0.648079 0.480928
v -0.278587 0.648079 0.480928
v -0.278587 0.653944 0.434008
v -0.278587 0.653944 0.434008
v -0.278587 0.495590 0.117300
v -0.278587 0.495590 0.117300
v -0.278587 0.495590 0.117300
v -0.278587 0.495590 0.117300
v -0.278587 0.495590 0.117300
v -0.284451 0.653944 0.410548
v -0.284451 0.653944 0.410548
v -0.284451 -0.460400 0.381223
v -0.284451 -0.442806 0.211139
v -0.284451 -0.442806 0.211139
v -0.290316 0.648079 0.504387
v -0.290316 0.648079 0.504387
v -0.290316 0.648079 0.504387
v -0.296181 0.612890 0.281519
v -0.296181 0.612890 0.281519
v -0.307912 -0.454535 0.211139
v -0.307912 -0.454535 0.211139
v -0.313776 0.589431 0.727257
v -0.313776 0.589431 0.727257
v -0.313776 0.589431 0.727257
v -0.313776 0.589431 0.727257
v -0.313776 0.589431 0.727257
v -0.313776 -0.472129 0.258058
v -0.313776 -0.472129 0.258058
v -0.319640 0.595295 0.621687
v -0.319640 0.595295 0.621687
v -0.319640 0.595295 0.621687
v -0.319640 0.436940 0.087974
v -0.319640 0.436940 0.087974
v -0.319640 0.436940 0.087974
v -0.325507 0.595295 0.680337
v -0.325507 0.595295 0.680337
v -0.325507 0.595295 0.680337
v -0.325507 -0.560105 0.117300
v -0.325507 -0.560105 0.117300
v -0.325507 -0.560105 0.000000
v -0.325507 -0.560105 0.000000
v -0.331371 0.577700 0.733121
v -0.331371 0.577700 0.733121
v -0.331371 0.577700 0.733121
v -0.331371 0.607026 0.733121
v -0.331371 0.607026 0.733121
v -0.331371 0.607026 0.733121
v -0.331371 0.442806 0.000000
v -0.331371 0.442806 0.000000
v -0.331371 0.442806 0.000000
v -0.331371 0.442806 0.000000
v -0.337235 0.583565 0.680337
v -0.337235 0.583565 0.680337
v -0.337235 0.583565 0.680337
v -0.337235 0.583565 0.680337
v -0.337235 0.601159 0.680337
v -0.337235 0.601159 0.680337
v -0.337235 0.601159 0.680337
v -0.343102 0.583565 0.627552
v -0.343102 0.583565 0.627552
v -0.343102 0.583565 0.627552
v -0.343102 0.612890 0.627552
v -0.343102 0.612890 0.627552
v -0.343102 0.612890 0.627552
v -0.343102 -0.489724 0.246329
v -0.343102 -0.489724 0.246329
v -0.348966 0.595295 0.680337
v -0.348966 0.595295 0.680337
v -0.348966 -0.266856 0.475063
v -0.348966 -0.266856 0.475063
v -0.348966 -0.266856 0.475063
v -0.348966 -0.266856 0.475063
v -0.348966 -0.266856 0.475063
v -0.348966 -0.266856 0.475063
v -0.348966 -0.477995 0.205274
v -0.348966 -0.477995 0.205274
v -0.348966 -0.477995 0.205274
v -0.348966 -0.477995 0.205274
v -0.354830 0.589431 0.733121
v -0.354830 0.589431 0.733121
v -0.354830 0.589431 0.733121
v -0.354830 -0.390020 0.304978
v -0.354830 -0.390020 0.304978
v -0.354830 -0.390020 0.304978
v -0.360697 0.595295 0.627552
v -0.360697 0.595295 0.627552
v -0.360697 0.595295 0.627552
v -0.384155 0.653944 0.639281
v -0.384155 0.653944 0.639281
v -0.384155 -0.348966 0.252194
v -0.384155 -0.348966 0.252194
v -0.384155 -0.348966 0.252194
v -0.384155 -0.348966 0.252194
v -0.384155 -0.348966 0.252194
v -0.401750 -0.225800 0.492658
v -0.401750 -0.225800 0.492658
v -0.401750 -0.225800 0.492658
v -0.401750 0.653944 0.469197
v -0.401750 -0.231666 0.392954
v -0.401750 -0.231666 0.392954
v -0.401750 -0.231666 0.392954
v -0.401750 -0.231666 0.392954
v -0.401750 -0.231666 0.392954
v -0.401750 -0.360697 0.328439
v -0.401750 -0.360697 0.328439
v -0.401750 -0.284451 0.193545
v -0.401750 -0.284451 0.193545
v -0.401750 -0.284451 0.193545
v -0.401750 -0.284451 0.193545
v -0.401750 0.284451 0.052784
v -0.401750 0.284451 0.052784
v -0.401750 0.284451 0.052784
v -0.401750 0.284451 0.052784
v -0.401750 0.284451 0.000000
v -0.401750 0.284451 0.000000
v -0.401750 0.284451 0.000000
v -0.401750 0.284451 0.000000
v -0.407614 0.524916 0.170084
v -0.407614 0.524916 0.170084
v -0.407614 0.524916 0.170084
v -0.413481 0.577700 0.756580
v -0.413481 0.577700 0.756580
v -0.413481 0.577700 0.756580
v -0.413481 0.577700 0.738986
v -0.413481 0.577700 0.738986
v -0.413481 0.577700 0.738986
v -0.413481 0.589431 0.738986
v -0.413481 0.589431 0.738986
v -0.413481 0.589431 0.738986
v -0.413481 0.589431 0.738986
v -0.419345 0.612890 0.762447
v -0.419345 0.612890 0.762447
v -0.419345 0.612890 0.762447
v -0.419345 0.618755 0.738986
v -0.419345 0.618755 0.738986
v -0.419345 -0.331371 0.275655
v -0.419345 -0.331371 0.275655
v -0.419345 -0.407614 0.117300
v -0.419345 -0.407614 0.117300
v -0.419345 -0.407614 0.117300
v -0.419345 -0.407614 0.000000
v -0.419345 -0.407614 0.000000
v -0.419345 -0.407614 0.000000
v -0.425211 0.595295 0.639281
v -0.425211 0.595295 0.639281
v -0.425211 0.595295 0.639281
v -0.425211 -0.343102 0.310844
v -0.425211 0.260992 0.029326
v -0.425211 0.260992 0.029326
v -0.425211 0.260992 0.029326
v -0.431076 0.577700 0.744852
v -0.431076 0.577700 0.744852
v -0.431076 0.577700 0.744852
v -0.431076 0.595295 0.692068
v -0.431076 0.595295 0.692068
v -0.431076 0.595295 0.692068
v -0.431076 0.243397 0.041054
v -0.431076 0.243397 0.041054
v -0.431076 0.243397 0.041054
v -0.431076 0.243397 0.041054
v -0.431076 0.243397 0.041054
v -0.436940 0.607026 0.744852
v -0.436940 0.607026 0.744852
v -0.436940 0.607026 0.744852
v -0.436940 -0.378291 0.457467
v -0.436940 -0.378291 0.457467
v -0.442806 0.583565 0.692068
v -0.442806 0.583565 0.692068
v -0.442806 0.583565 0.692068
v -0.442806 0.583565 0.692068
v -0.442806 0.601159 0.692068
v -0.442806 0.601159 0.692068
v -0.442806 -0.413481 0.557171
v -0.442806 -0.413481 0.557171
v -0.442806 -0.413481 0.557171
v -0.442806 -0.302045 0.498523
v -0.442806 -0.302045 0.498523
v -0.442806 -0.302045 0.498523
v -0.442806 -0.302045 0.498523
v -0.442806 -0.302045 0.498523
v -0.442806 -0.372425 0.416413
v -0.442806 -0.372425 0.416413
v -0.442806 -0.372425 0.416413
v -0.448671 0.583565 0.639281
v -0.448671 0.583565 0.639281
v -0.448671 0.583565 0.639281
v -0.448671 0.612890 0.639281
v -0.448671 0.612890 0.639281
v -0.448671 0.612890 0.639281
v -0.448671 -0.331371 0.392954
v -0.448671 -0.331371 0.392954
v -0.448671 -0.348966 0.346034
v -0.448671 -0.348966 0.346034
v -0.448671 -0.348966 0.346034
v -0.448671 -0.348966 0.346034
v -0.448671 -0.331371 0.328439
v -0.448671 -0.331371 0.328439
v -0.448671 -0.331371 0.328439
v -0.448671 -0.331371 0.328439
v -0.448671 -0.307910 0.258058
v -0.448671 -0.307910 0.258058
v -0.454535 0.589431 0.744852
v -0.454535 0.589431 0.744852
v -0.454535 0.589431 0.744852
v -0.454535 0.595295 0.697932
v -0.454535 0.595295 0.697932
v -0.454535 -0.442806 0.574768
v -0.454535 -0.442806 0.574768
v -0.454535 -0.442806 0.574768
v -0.454535 -0.313776 0.387087
v -0.454535 -0.313776 0.387087
v -0.454535 -0.313776 0.387087
v -0.454535 -0.167152 0.140758
v -0.454535 -0.167152 0.140758
v -0.454535 -0.167152 0.140758
v -0.460400 -0.343102 0.428144
v -0.460400 -0.343102 0.428144
v -0.460400 -0.343102 0.428144
v -0.460400 -0.343102 0.428144
v -0.460400 -0.407614 0.398818
v -0.460400 -0.407614 0.398818
v -0.460400 -0.407614 0.398818
v -0.460400 -0.307910 0.387087
v -0.460400 -0.307910 0.387087
v -0.460400 -0.307910 0.387087
v -0.460400 0.120232 0.070379
v -0.460400 0.120232 0.070379
v -0.460400 0.114367 0.000000
v -0.460400 0.114367 0.000000
v -0.460400 0.114367 0.000000
v -0.466265 0.595295 0.645147
v -0.466265 0.595295 0.645147
v -0.466265 0.595295 0.645147
v -0.466265 -0.325505 0.434008
v -0.466265 -0.325505 0.434008
v -0.466265 -0.325505 0.434008
v -0.466265 -0.337235 0.387087
v -0.466265 -0.337235 0.387087
v -0.466265 -0.337235 0.387087
v -0.466265 -0.348966 0.351898
v -0.466265 -0.348966 0.351898
v -0.466265 -0.348966 0.351898
v -0.466265 -0.372425 0.340168
v -0.466265 -0.372425 0.340168
v -0.466265 -0.372425 0.340168
v -0.466265 -0.372425 0.340168
v -0.466265 -0.325505 0.334303
v -0.466265 -0.325505 0.334303
v -0.466265 -0.325505 0.334303
v -0.466265 -0.325505 0.334303
v -0.472129 -0.466265 0.551307
v -0.472129 -0.466265 0.551307
v -0.472129 -0.466265 0.551307
v -0.472129 -0.354830 0.422277
v -0.472129 -0.354830 0.422277
v -0.472129 -0.354830 0.422277
v -0.472129 -0.319640 0.387087
v -0.472129 -0.319640 0.387087
v -0.472129 -0.319640 0.387087
v -0.472129 -0.360697 0.299113
v -0.472129 -0.360697 0.299113
v -0.472129 -0.360697 0.299113
v -0.472129 -0.360697 0.299113
v -0.472129 -0.360697 0.299113
v -0.477995 -0.390020 0.563037
v -0.477995 -0.390020 0.563037
v -0.477995 -0.390020 0.563037
v -0.477995 -0.354830 0.457467
v -0.477995 -0.354830 0.457467
v -0.477995 -0.354830 0.457467
v -0.477995 -0.448671 0.434008
v -0.477995 -0.448671 0.434008
v -0.477995 -0.448671 0.434008
v -0.477995 -0.343102 0.410548
v -0.477995 -0.343102 0.410548
v -0.477995 -0.343102 0.410548
v -0.477995 -0.354830 0.346034
v -0.477995 -0.354830 0.346034
v -0.477995 -0.354830 0.346034
v -0.477995 -0.354830 0.346034
v -0.477995 -0.354830 0.346034
v -0.483860 -0.360697 0.434008
v -0.483860 -0.360697 0.434008
v -0.483860 -0.360697 0.434008
v -0.483860 -0.360697 0.428144
v -0.483860 -0.360697 0.428144
v -0.483860 -0.360697 0.428144
v -0.483860 -0.331371 0.422277
v -0.483860 -0.331371 0.422277
v -0.483860 -0.237531 0.117300
v -0.483860 -0.237531 0.000000
v -0.483860 -0.237531 0.000000
v -0.489724 -0.419345 0.580632
v -0.489724 -0.419345 0.580632
v -0.489724 -0.419345 0.580632
v -0.489724 -0.161287 0.404682
v -0.489724 -0.161287 0.404682
v -0.489724 -0.372425 0.363629
v -0.489724 -0.372425 0.363629
v -0.489724 -0.372425 0.363629
v -0.489724 -0.372425 0.363629
v -0.489724 -0.372425 0.363629
v -0.489724 -0.390020 0.351898
v -0.489724 -0.390020 0.351898
v -0.489724 -0.390020 0.351898
v -0.489724 -0.390020 0.351898
v -0.489724 -0.390020 0.351898
v -0.489724 -0.348966 0.316708
v -0.489724 -0.348966 0.316708
v -0.489724 -0.348966 0.316708
v -0.489724 -0.348966 0.316708
v -0.495590 -0.372425 0.392954
v -0.495590 -0.372425 0.392954
v -0.495590 -0.372425 0.392954
v -0.495590 -0.372425 0.392954
v -0.501455 -0.354830 0.457467
v -0.501455 -0.354830 0.457467
v -0.501455 -0.354830 0.457467
v -0.501455 -0.354830 0.457467
v -0.501455 -0.348966 0.434008
v -0.501455 -0.348966 0.434008
v -0.501455 -0.348966 0.434008
v -0.501455 -0.348966 0.434008
v -0.501455 -0.348966 0.434008
v -0.501455 -0.390020 0.398818
v -0.501455 -0.390020 0.398818
v -0.501455 -0.390020 0.398818
v -0.501455 -0.390020 0.398818
v -0.501455 -0.390020 0.398818
v -0.501455 -0.390020 0.398818
v -0.501455 -0.390020 0.398818
v -0.501455 -0.390020 0.398818
v -0.501455 -0.055716 0.117300
v -0.501455 -0.055716 0.117300
v -0.501455 -0.055716 0.000000
v -0.501455 -0.055716 0.000000
v -0.507321 -0.442806 0.557171
v -0.507321 -0.442806 0.557171
v -0.507321 -0.442806 0.557171
v -0.507321 -0.372425 0.351898
v -0.507321 -0.372425 0.351898
v -0.507321 -0.372425 0.351898
v -0.507321 -0.372425 0.351898
v -0.507321 -0.372425 0.351898
v -0.507321 -0.390020 0.340168
v -0.507321 -0.390020 0.340168
v -0.507321 -0.390020 0.340168
v -0.507321 -0.390020 0.340168
v -0.507321 -0.390020 0.340168
v -0.513185 0.571836 0.756580
v -0.513185 0.571836 0.756580
v -0.513185 0.571836 0.756580
v -0.513185 0.571836 0.756580
v -0.513185 -0.425210 0.434008
v -0.513185 -0.425210 0.434008
v -0.513185 -0.425210 0.434008
v -0.513185 -0.378291 0.404682
v -0.513185 -0.378291 0.404682
v -0.519050 -0.390020 0.410548
v -0.519050 -0.390020 0.410548
v -0.519050 -0.390020 0.410548
v -0.519050 -0.390020 0.410548
v -0.519050 -0.390020 0.410548
v -0.524916 0.378291 0.099705
v -0.524916 0.378291 0.099705
v -0.530780 0.560105 0.756580
v -0.530780 0.560105 0.756580
v -0.530780 0.560105 0.756580
v -0.530780 0.577700 0.703796
v -0.530780 0.577700 0.703796
v -0.530780 0.577700 0.703796
v -0.530780 0.577700 0.651011
v -0.530780 0.577700 0.651011
v -0.530780 0.577700 0.651011
v -0.530780 0.607026 0.310844
v -0.530780 0.607026 0.310844
v -0.530780 0.607026 0.310844
v -0.536645 0.589431 0.756580
v -0.536645 0.589431 0.756580
v -0.536645 0.589431 0.756580
v -0.542510 0.565970 0.709662
v -0.542510 0.565970 0.709662
v -0.542510 0.565970 0.709662
v -0.542510 0.565970 0.709662
v -0.542510 0.583565 0.709662
v -0.542510 0.583565 0.709662
v -0.548374 0.560105 0.656876
v -0.548374 0.560105 0.656876
v -0.548374 0.560105 0.656876
v -0.548374 -0.237531 0.404682
v -0.548374 -0.237531 0.404682
v -0.554239 0.571836 0.762447
v -0.554239 0.571836 0.762447
v -0.554239 0.571836 0.762447
v -0.554239 -0.149557 0.715526
v -0.554239 -0.149557 0.715526
v -0.554239 -0.149557 0.715526
v -0.554239 0.571836 0.709662
v -0.554239 0.571836 0.709662
v -0.554239 -0.149557 0.697932
v -0.554239 -0.149557 0.697932
v -0.554239 -0.149557 0.697932
v -0.554239 0.589431 0.651011
v -0.554239 0.589431 0.651011
v -0.554239 0.589431 0.651011
v -0.554239 -0.108501 0.604092
v -0.554239 -0.108501 0.604092
v -0.554239 -0.114367 0.498523
v -0.554239 -0.114367 0.498523
v -0.554239 -0.114367 0.498523
v -0.554239 -0.043988 0.146624
v -0.554239 -0.043988 0.146624
v -0.571834 0.571836 0.656876
v -0.571834 0.571836 0.656876
v -0.571834 0.571836 0.656876
v -0.571834 0.331371 0.087974
v -0.571834 0.331371 0.087974
v -0.571834 0.360697 0.070379
v -0.571834 0.360697 0.070379
v -0.571834 0.360697 0.070379
v -0.571834 0.360697 0.070379
v -0.577700 0.642215 0.568902
v -0.577700 -0.167152 0.275655
v -0.577700 -0.167152 0.275655
v -0.577700 -0.167152 0.275655
v -0.583565 0.583565 0.774176
v -0.583565 0.583565 0.774176
v -0.583565 0.583565 0.774176
v -0.583565 0.583565 0.774176
v -0.583565 -0.167152 0.721390
v -0.583565 -0.167152 0.721390
v -0.583565 -0.167152 0.721390
v -0.583565 -0.167152 0.721390
v -0.583565 -0.167152 0.697932
v -0.583565 -0.167152 0.697932
v -0.583565 -0.167152 0.697932
v -0.589429 -0.085042 0.715526
v -0.589429 -0.085042 0.715526
v -0.589429 -0.085042 0.715526
v -0.589429 -0.114367 0.709662
v -0.589429 -0.114367 0.709662
v -0.589429 -0.114367 0.709662
v -0.589429 -0.114367 0.709662
v -0.589431 -0.202342 0.445739
v -0.589431 -0.202342 0.445739
v -0.589431 -0.202342 0.445739
v -0.595295 -0.085042 0.609958
v -0.595295 -0.085042 0.609958
v -0.595295 -0.085042 0.609958
v -0.601159 0.595295 0.856285
v -0.601159 0.595295 0.856285
v -0.601159 0.595295 0.856285
v -0.601159 0.425211 0.662742
v -0.601159 0.425211 0.662742
v -0.601159 0.425211 0.662742
v -0.601159 0.507321 0.662742
v -0.601159 0.507321 0.662742
v -0.601159 -0.085042 0.662742
v -0.601159 -0.085042 0.662742
v -0.601159 -0.085042 0.662742
v -0.601159 -0.085042 0.662742
v -0.601159 -0.085042 0.662742
v -0.601159 -0.102637 0.662742
v -0.601159 -0.102637 0.662742
v -0.601159 -0.102637 0.662742
v -0.601159 -0.108501 0.604092
v -0.601159 -0.108501 0.604092
v -0.601159 -0.108501 0.604092
v -0.601159 -0.108501 0.604092
v -0.607026 -0.184747 0.609958
v -0.607026 -0.184747 0.609958
v -0.607026 -0.184747 0.609958
v -0.607026 -0.190611 0.498523
v -0.607026 -0.190611 0.498523
v -0.607026 -0.190611 0.498523
v -0.612890 0.530780 0.780042
v -0.612890 0.530780 0.780042
v -0.612890 0.530780 0.780042
v -0.612890 0.560105 0.780042
v -0.612890 0.560105 0.780042
v -0.612890 0.560105 0.780042
v -0.612890 -0.073311 0.715526
v -0.612890 -0.073311 0.715526
v -0.612890 -0.073311 0.715526
v -0.612890 -0.096772 0.715526
v -0.612890 -0.096772 0.715526
v -0.612890 -0.096772 0.715526
v -0.612890 -0.079177 0.662742
v -0.612890 -0.079177 0.662742
v -0.612890 -0.090906 0.662742
v -0.612890 -0.090906 0.662742
v -0.618755 0.618755 0.938395
v -0.618755 0.618755 0.938395
v -0.618755 0.618755 0.938395
v -0.618755 0.618755 0.938395
v -0.618755 0.530780 0.762447
v -0.618755 0.530780 0.762447
v -0.618755 0.530780 0.762447
v -0.618755 -0.073311 0.609958
v -0.618755 -0.073311 0.609958
v -0.618755 -0.073311 0.609958
v -0.624620 0.577700 0.815231
v -0.624620 0.577700 0.815231
v -0.624620 0.577700 0.815231
v -0.624620 0.565970 0.785906
v -0.624620 0.565970 0.785906
v -0.624620 0.565970 0.785906
v -0.624620 0.565970 0.785906
v -0.624620 0.565970 0.785906
v -0.624620 0.565970 0.785906
v -0.624620 0.565970 0.762447
v -0.624620 0.565970 0.762447
v -0.624620 0.565970 0.762447
v -0.624620 0.565970 0.762447
v -0.624620 -0.096772 0.609958
v -0.624620 -0.096772 0.609958
v -0.624620 -0.096772 0.609958
v -0.630484 0.583565 0.797636
v -0.630484 0.583565 0.797636
v -0.630484 0.583565 0.797636
v -0.636349 0.460400 0.815231
v -0.636349 0.460400 0.815231
v -0.636349 0.530780 0.797636
v -0.636349 0.530780 0.797636
v -0.636349 0.571836 0.662742
v -0.636349 0.571836 0.662742
v -0.636349 0.571836 0.662742
v -0.642215 0.601159 0.891476
v -0.642215 0.601159 0.891476
v -0.642215 0.601159 0.891476
v -0.642215 0.565970 0.780042
v -0.642215 0.565970 0.780042
v -0.642215 0.565970 0.780042
v -0.642215 0.008798 0.727257
v -0.642215 0.008798 0.727257
v -0.642215 0.008798 0.727257
v -0.642215 -0.014663 0.727257
v -0.642215 -0.014663 0.727257
v -0.642215 -0.014663 0.727257
v -0.648079 0.624620 0.439872
v -0.648079 0.624620 0.439872
v -0.653944 0.653944 1.032235
v -0.653944 0.653944 1.032235
v -0.653944 0.653944 1.032235
v -0.653944 0.653944 1.032235
v -0.653944 0.607026 0.873880
v -0.653944 0.607026 0.873880
v -0.653944 0.560105 0.692068
v -0.653944 0.560105 0.692068
v -0.653944 0.560105 0.692068
v -0.653944 0.008798 0.674473
v -0.653944 0.008798 0.674473
v -0.653944 0.008798 0.674473
v -0.653944 -0.002932 0.674473
v -0.653944 -0.002932 0.674473
v -0.653944 0.014663 0.621687
v -0.653944 0.014663 0.621687
v -0.653944 0.014663 0.621687
v -0.653944 0.477995 0.205274
v -0.653944 0.477995 0.205274
v -0.653944 0.477995 0.205274
v -0.653944 0.477995 0.205274
v -0.653944 0.149557 0.175950
v -0.659810 0.577700 0.868016
v -0.659810 0.577700 0.868016
v -0.659810 0.577700 0.868016
v -0.659810 0.577700 0.868016
v -0.659810 0.548374 0.862151
v -0.659810 0.548374 0.862151
v -0.659810 0.548374 0.862151
v -0.659810 0.548374 0.862151
v -0.659810 0.548374 0.862151
v -0.659810 0.548374 0.862151
v -0.659810 0.548374 0.862151
v -0.659810 -0.008797 0.621687
v -0.659810 -0.008797 0.621687
v -0.659810 -0.008797 0.621687
v -0.659810 -0.008797 0.621687
v -0.659810 -0.085042 0.516118
v -0.659810 -0.085042 0.516118
v -0.659810 -0.085042 0.516118
v -0.665674 0.020527 0.733121
v -0.665674 0.020527 0.733121
v -0.665674 0.020527 0.733121
v -0.671539 0.624620 0.973584
v -0.671539 0.624620 0.973584
v -0.671539 0.624620 0.973584
v -0.671539 0.624620 0.973584
v -0.671539 0.630484 0.955990
v -0.671539 0.630484 0.955990
v -0.671539 -0.002932 0.727257
v -0.671539 -0.002932 0.727257
v -0.671539 -0.002932 0.727257
v -0.671539 0.002932 0.680337
v -0.671539 0.002932 0.680337
v -0.671539 0.014663 0.680337
v -0.671539 0.014663 0.680337
v -0.671539 0.395886 0.668606
v -0.671539 0.395886 0.668606
v -0.671539 0.395886 0.668606
v -0.671539 0.395886 0.668606
v -0.671539 -0.079177 0.492658
v -0.671539 -0.079177 0.492658
v -0.671539 -0.079177 0.492658
v -0.671539 -0.079177 0.463333
v -0.671539 -0.079177 0.463333
v -0.671539 -0.079177 0.463333
v -0.671539 -0.085042 0.445739
v -0.671539 -0.085042 0.445739
v -0.677405 0.607026 0.955990
v -0.677405 0.607026 0.955990
v -0.677405 0.607026 0.955990
v -0.677405 0.607026 0.955990
v -0.677405 0.612890 0.938395
v -0.677405 0.612890 0.938395
v -0.677405 0.612890 0.938395
v -0.677405 0.612890 0.938395
v -0.677405 0.026393 0.627552
v -0.677405 0.026393 0.627552
v -0.677405 0.026393 0.627552
v -0.677405 -0.049852 0.568902
v -0.677405 -0.049852 0.568902
v -0.677405 -0.049852 0.568902
v -0.677405 -0.049852 0.568902
v -0.677405 -0.049852 0.568902
v -0.677405 -0.049852 0.545442
v -0.677405 -0.049852 0.545442
v -0.677405 -0.049852 0.545442
v -0.677405 -0.055716 0.539577
v -0.677405 -0.055716 0.539577
v -0.677405 -0.055716 0.539577
v -0.677405 -0.055716 0.510253
v -0.677405 -0.055716 0.510253
v -0.677405 -0.055716 0.510253
v -0.677405 -0.085042 0.422277
v -0.677405 -0.085042 0.422277
v -0.683269 0.665674 1.008776
v -0.683269 0.665674 1.008776
v -0.683269 0.642215 1.002910
v -0.683269 0.642215 1.002910
v -0.683269 0.642215 1.002910
v -0.683269 0.583565 0.797636
v -0.683269 0.583565 0.797636
v -0.683269 0.583565 0.797636
v -0.683269 0.583565 0.797636
v -0.683269 0.583565 0.797636
v -0.683269 0.583565 0.797636
v -0.683269 0.565970 0.756580
v -0.683269 0.565970 0.756580
v -0.683269 0.002932 0.621687
v -0.683269 0.002932 0.621687
v -0.683269 0.002932 0.621687
v -0.683269 -0.061582 0.480928
v -0.683269 -0.061582 0.480928
v -0.683269 -0.061582 0.480928
v -0.689134 0.648079 1.020505
v -0.689134 0.648079 1.020505
v -0.689134 0.648079 1.020505
v -0.689134 0.648079 1.020505
v -0.689134 0.513185 0.932531
v -0.689134 0.513185 0.932531
v -0.689134 0.513185 0.932531
v -0.689134 0.079177 0.738986
v -0.689134 0.079177 0.738986
v -0.689134 0.079177 0.738986
v -0.689134 0.079177 0.738986
v -0.689134 0.108503 0.738986
v -0.689134 0.108503 0.738986
v -0.689134 0.108503 0.738986
v -0.689134 0.571836 0.703796
v -0.689134 0.571836 0.703796
v -0.689134 0.571836 0.703796
v -0.689134 -0.026392 0.580632
v -0.689134 -0.026392 0.580632
v -0.689134 -0.026392 0.580632
v -0.695000 0.665674 1.026371
v -0.695000 0.665674 1.026371
v -0.695000 0.577700 0.909071
v -0.695000 0.577700 0.909071
v -0.695000 0.577700 0.909071
v -0.695000 0.577700 0.909071
v -0.695000 0.607026 0.674473
v -0.695000 0.607026 0.674473
v -0.695000 0.607026 0.674473
v -0.695000 0.624620 0.674473
v -0.695000 0.624620 0.674473
v -0.695000 0.624620 0.674473
v -0.695000 -0.043988 0.545442
v -0.695000 -0.043988 0.545442
v -0.695000 -0.043988 0.545442
v -0.695000 -0.043988 0.545442
v -0.695000 -0.032258 0.527848
v -0.695000 -0.032258 0.527848
v -0.695000 -0.032258 0.527848
v -0.695000 -0.032258 0.527848
v -0.695000 -0.032258 0.527848
v -0.695000 -0.032258 0.527848
v -0.695000 -0.049852 0.404682
v -0.695000 -0.049852 0.404682
v -0.695000 -0.049852 0.404682
v -0.695000 0.026393 0.293249
v -0.695000 0.026393 0.293249
v -0.695000 0.026393 0.293249
v -0.700864 0.689135 1.085019
v -0.700864 0.689135 1.085019
v -0.700864 0.689135 1.085019
v -0.700864 0.689135 1.085019
v -0.700864 0.612890 0.920800
v -0.700864 0.612890 0.920800
v -0.700864 0.612890 0.920800
v -0.700864 0.583565 0.844556
v -0.700864 0.583565 0.844556
v -0.700864 0.431076 0.797636
v -0.700864 0.431076 0.797636
v -0.700864 0.431076 0.797636
v -0.700864 0.431076 0.797636
v -0.700864 0.090908 0.692068
v -0.700864 0.090908 0.692068
v -0.700864 0.114367 0.639281
v -0.700864 0.114367 0.639281
v -0.700864 0.114367 0.639281
v -0.700864 -0.002932 0.563037
v -0.700864 -0.002932 0.563037
v -0.700864 -0.014663 0.545442
v -0.700864 -0.014663 0.545442
v -0.700864 -0.014663 0.545442
v -0.700864 -0.020527 0.545442
v -0.700864 -0.020527 0.545442
v -0.700864 -0.020527 0.545442
v -0.700864 -0.014663 0.504387
v -0.700864 -0.014663 0.504387
v -0.700864 -0.014663 0.504387
v -0.700864 -0.067447 0.439872
v -0.706730 0.108503 0.692068
v -0.706730 0.108503 0.692068
v -0.706730 0.108503 0.692068
v -0.706730 0.108503 0.692068
v -0.706730 0.085042 0.633416
v -0.706730 0.085042 0.633416
v -0.706730 0.085042 0.633416
v -0.706730 0.085042 0.633416
v -0.706730 -0.008797 0.533713
v -0.706730 -0.008797 0.533713
v -0.706730 -0.008797 0.533713
v -0.706730 -0.055716 0.516118
v -0.706730 -0.055716 0.516118
v -0.706730 -0.055716 0.516118
v -0.706730 -0.055716 0.516118
v -0.706730 -0.055716 0.516118
v -0.706730 -0.061582 0.480928
v -0.706730 -0.061582 0.480928
v -0.706730 -0.061582 0.480928
v -0.706730 -0.061582 0.480928
v -0.706730 -0.014663 0.475063
v -0.706730 -0.014663 0.475063
v -0.706730 -0.014663 0.475063
v -0.706730 -0.014663 0.475063
v -0.706730 0.419345 0.211139
v -0.706730 0.460400 0.187679
v -0.706730 0.460400 0.187679
v -0.706730 0.460400 0.187679
v -0.706730 0.460400 0.187679
v -0.712594 0.618755 0.879746
v -0.712594 0.618755 0.879746
v -0.712594 0.618755 0.879746
v -0.712594 0.413481 0.785906
v -0.712594 0.413481 0.785906
v -0.712594 0.413481 0.785906
v -0.712594 0.413481 0.785906
v -0.712594 0.190613 0.768311
v -0.712594 0.190613 0.768311
v -0.712594 0.190613 0.768311
v -0.712594 0.413481 0.768311
v -0.712594 0.413481 0.768311
v -0.712594 0.413481 0.768311
v -0.712594 -0.008797 0.457467
v -0.712594 -0.008797 0.457467
v -0.718458 0.677405 1.049829
v -0.718458 0.677405 1.049829
v -0.718458 0.407616 0.815231
v -0.718458 0.407616 0.815231
v -0.718458 0.407616 0.815231
v -0.718458 0.214071 0.756580
v -0.718458 0.214071 0.756580
v -0.718458 0.214071 0.756580
v -0.718458 0.190613 0.750716
v -0.718458 0.190613 0.750716
v -0.718458 0.190613 0.750716
v -0.718458 0.190613 0.750716
v -0.718458 0.090908 0.744852
v -0.718458 0.090908 0.744852
v -0.718458 0.090908 0.744852
v -0.718458 0.120232 0.744852
v -0.718458 0.120232 0.744852
v -0.718458 0.120232 0.744852
v -0.718458 0.096772 0.692068
v -0.718458 0.096772 0.692068
v -0.718458 0.114367 0.692068
v -0.718458 0.114367 0.692068
v -0.718458 0.014663 0.510253
v -0.718458 0.014663 0.510253
v -0.718458 0.014663 0.510253
v -0.718458 -0.032258 0.510253
v -0.718458 -0.032258 0.510253
v -0.718458 -0.032258 0.510253
v -0.718458 -0.032258 0.510253
v -0.718458 -0.032258 0.510253
v -0.718458 -0.032258 0.510253
v -0.718458 -0.032258 0.510253
v -0.718458 0.002932 0.480928
v -0.718458 0.002932 0.480928
v -0.718458 0.002932 0.480928
v -0.718458 -0.038122 0.475063
v -0.718458 -0.038122 0.475063
v -0.718458 -0.038122 0.475063
v -0.718458 -0.038122 0.475063
v -0.718458 -0.002932 0.439872
v -0.718458 -0.002932 0.439872
v -0.718458 -0.038122 0.434008
v -0.718458 -0.038122 0.434008
v -0.718458 -0.038122 0.434008
v -0.718458 -0.008797 0.416413
v -0.718458 -0.008797 0.416413
v -0.718458 -0.008797 0.416413
v -0.724325 0.677405 0.991181
v -0.724325 0.677405 0.991181
v -0.724325 0.677405 0.991181
v -0.724325 0.653944 0.955990
v -0.724325 0.653944 0.955990
v -0.724325 0.653944 0.955990
v -0.724325 0.454535 0.850421
v -0.724325 0.454535 0.850421
v -0.724325 0.454535 0.850421
v -0.724325 0.454535 0.850421
v -0.724325 0.454535 0.850421
v -0.724325 0.454535 0.850421
v -0.724325 0.313776 0.762447
v -0.724325 0.313776 0.762447
v -0.724325 0.313776 0.762447
v -0.724325 0.184747 0.750716
v -0.724325 0.184747 0.750716
v -0.724325 0.184747 0.750716
v -0.730189 0.677405 1.061560
v -0.730189 0.677405 1.061560
v -0.730189 0.695000 1.055694
v -0.730189 0.695000 1.055694
v -0.730189 0.636349 0.979450
v -0.730189 0.636349 0.979450
v -0.730189 0.636349 0.979450
v -0.730189 0.636349 0.979450
v -0.730189 0.636349 0.979450
v -0.730189 0.636349 0.979450
v -0.730189 0.595295 0.955990
v -0.730189 0.595295 0.955990
v -0.730189 0.595295 0.955990
v -0.730189 0.595295 0.955990
v -0.730189 0.595295 0.955990
v -0.730189 0.595295 0.955990
v -0.730189 0.595295 0.955990
v -0.730189 0.431076 0.791771
v -0.730189 0.431076 0.791771
v -0.730189 0.431076 0.791771
v -0.730189 0.431076 0.791771
v -0.730189 0.431076 0.791771
v -0.730189 0.214071 0.703796
v -0.730189 0.214071 0.703796
v -0.730189 0.219936 0.651011
v -0.730189 0.219936 0.651011
v -0.730189 0.219936 0.651011
v -0.730189 0.096772 0.639281
v -0.730189 0.096772 0.639281
v -0.730189 0.096772 0.639281
v -0.730189 0.120232 0.639281
v -0.730189 0.120232 0.639281
v -0.730189 0.120232 0.639281
v -0.736053 0.689135 1.067424
v -0.736053 0.689135 1.067424
v -0.736053 0.636349 0.926666
v -0.736053 0.636349 0.926666
v -0.736053 0.636349 0.926666
v -0.736053 0.636349 0.926666
v -0.736053 0.636349 0.926666
v -0.736053 0.636349 0.926666
v -0.736053 0.436940 0.873880
v -0.736053 0.436940 0.873880
v -0.736053 0.436940 0.873880
v -0.736053 0.436940 0.873880
v -0.736053 0.436940 0.873880
v -0.736053 0.413481 0.797636
v -0.736053 0.413481 0.797636
v -0.736053 0.413481 0.797636
v -0.736053 0.366561 0.791771
v -0.736053 0.366561 0.791771
v -0.736053 0.366561 0.791771
v -0.736053 0.366561 0.791771
v -0.736053 0.290317 0.762447
v -0.736053 0.290317 0.762447
v -0.736053 0.290317 0.762447
v -0.736053 0.618755 0.733121
v -0.736053 0.618755 0.733121
v -0.736053 0.319640 0.715526
v -0.736053 0.319640 0.715526
v -0.736053 0.196477 0.703796
v -0.736053 0.196477 0.703796
v -0.736053 0.319640 0.662742
v -0.736053 0.319640 0.662742
v -0.736053 0.319640 0.662742
v -0.736053 0.319640 0.662742
v -0.736053 0.190613 0.645147
v -0.736053 0.190613 0.645147
v -0.736053 0.190613 0.645147
v -0.736053 0.624620 0.557171
v -0.736053 0.624620 0.557171
v -0.741919 0.489726 0.914935
v -0.741919 0.489726 0.914935
v -0.741919 0.489726 0.914935
v -0.741919 0.489726 0.914935
v -0.741919 0.683269 0.862151
v -0.741919 0.683269 0.862151
v -0.741919 0.683269 0.862151
v -0.741919 0.683269 0.862151
v -0.741919 0.413481 0.832826
v -0.741919 0.413481 0.832826
v -0.741919 0.337235 0.768311
v -0.741919 0.337235 0.768311
v -0.741919 0.337235 0.768311
v -0.741919 0.225802 0.756580
v -0.741919 0.225802 0.756580
v -0.741919 0.225802 0.756580
v -0.741919 0.225802 0.756580
v -0.741919 0.307912 0.715526
v -0.741919 0.307912 0.715526
v -0.741919 0.331371 0.715526
v -0.741919 0.331371 0.715526
v -0.741919 0.219936 0.703796
v -0.741919 0.219936 0.703796
v -0.741919 0.219936 0.703796
v -0.747784 0.724325 1.149534
v -0.747784 0.724325 1.149534
v -0.747784 0.724325 1.149534
v -0.747784 0.665674 1.020505
v -0.747784 0.665674 1.020505
v -0.747784 0.665674 1.020505
v -0.747784 0.665674 1.020505
v -0.747784 0.665674 1.020505
v -0.747784 0.665674 1.020505
v -0.747784 0.390021 0.873880
v -0.747784 0.390021 0.873880
v -0.747784 0.390021 0.873880
v -0.747784 0.413481 0.791771
v -0.747784 0.413481 0.791771
v -0.747784 0.413481 0.791771
v -0.747784 0.184747 0.774176
v -0.747784 0.184747 0.774176
v -0.747784 0.202342 0.756580
v -0.747784 0.202342 0.756580
v -0.747784 0.202342 0.756580
v -0.747784 0.208207 0.703796
v -0.747784 0.208207 0.703796
v -0.747784 0.208207 0.703796
v -0.747784 0.208207 0.703796
v -0.747784 0.343102 0.662742
v -0.747784 0.343102 0.662742
v -0.747784 0.343102 0.662742
v -0.747784 0.302045 0.656876
v -0.747784 0.302045 0.656876
v -0.747784 0.302045 0.656876
v -0.753648 0.712594 1.114345
v -0.753648 0.712594 1.114345
v -0.753648 0.413481 0.809366
v -0.753648 0.413481 0.809366
v -0.753648 0.313776 0.768311
v -0.753648 0.313776 0.768311
v -0.753648 0.313776 0.768311
v -0.753648 0.413481 0.768311
v -0.753648 0.413481 0.768311
v -0.753648 0.413481 0.768311
v -0.753648 0.466265 0.762447
v -0.753648 0.466265 0.762447
v -0.753648 0.184747 0.750716
v -0.753648 0.184747 0.750716
v -0.753648 0.184747 0.750716
v -0.753648 0.319640 0.715526
v -0.753648 0.319640 0.715526
v -0.753648 0.419345 0.697932
v -0.753648 0.419345 0.697932
v -0.753648 0.419345 0.697932
v -0.753648 0.231666 0.651011
v -0.753648 0.231666 0.651011
v -0.753648 0.231666 0.651011
v -0.759514 0.571836 1.008776
v -0.759514 0.571836 1.008776
v -0.759514 0.571836 1.008776
v -0.759514 0.571836 1.008776
v -0.759514 0.431076 0.903205
v -0.759514 0.431076 0.903205
v -0.759514 0.624620 0.821095
v -0.759514 0.624620 0.821095
v -0.759514 0.407616 0.674473
v -0.759514 0.407616 0.674473
v -0.759514 0.407616 0.674473
v -0.759514 0.208207 0.651011
v -0.759514 0.208207 0.651011
v -0.759514 0.208207 0.651011
v -0.759514 0.560105 0.369493
v -0.759514 0.560105 0.369493
v -0.765379 0.472129 0.967720
v -0.765379 0.472129 0.967720
v -0.765379 0.407616 0.955990
v -0.765379 0.407616 0.955990
v -0.765379 0.407616 0.955990
v -0.765379 0.407616 0.955990
v -0.765379 0.466265 0.809366
v -0.765379 0.466265 0.809366
v -0.765379 0.466265 0.809366
v -0.765379 0.466265 0.709662
v -0.765379 0.466265 0.709662
v -0.765379 0.466265 0.709662
v -0.765379 0.466265 0.709662
v -0.765379 0.466265 0.709662
v -0.765379 0.319640 0.662742
v -0.765379 0.319640 0.662742
v -0.765379 0.319640 0.662742
v -0.765379 0.319640 0.662742
v -0.765379 0.126097 0.651011
v -0.765379 0.126097 0.651011
v -0.765379 0.126097 0.651011
v -0.771243 0.718458 1.114345
v -0.771243 0.718458 1.114345
v -0.771243 0.472129 0.920800
v -0.771243 0.472129 0.920800
v -0.771243 0.472129 0.920800
v -0.771243 0.472129 0.920800
v -0.771243 0.436940 0.885610
v -0.771243 0.436940 0.885610
v -0.771243 0.137826 0.480928
v -0.771243 0.137826 0.480928
v -0.771243 0.255126 0.322573
v -0.771243 0.255126 0.322573
v -0.777110 0.706730 1.120209
v -0.777110 0.706730 1.120209
v -0.777110 0.706730 1.120209
v -0.777110 0.706730 1.073289
v -0.777110 0.706730 1.073289
v -0.777110 0.706730 1.073289
v -0.777110 0.706730 1.020505
v -0.777110 0.706730 1.020505
v -0.777110 0.706730 1.020505
v -0.777110 0.524916 0.961855
v -0.777110 0.524916 0.961855
v -0.777110 0.524916 0.961855
v -0.777110 0.524916 0.961855
v -0.777110 0.524916 0.961855
v -0.777110 0.524916 0.961855
v -0.777110 0.472129 0.950126
v -0.777110 0.472129 0.950126
v -0.777110 0.472129 0.950126
v -0.777110 0.472129 0.950126
v -0.777110 0.483860 0.844556
v -0.777110 0.483860 0.844556
v -0.777110 0.636349 0.615822
v -0.777110 0.636349 0.615822
v -0.777110 0.636349 0.615822
v -0.782974 0.636349 0.997045
v -0.782974 0.636349 0.997045
v -0.782974 0.636349 0.997045
v -0.782974 0.636349 0.997045
v -0.782974 0.636349 0.997045
v -0.782974 0.466265 0.985315
v -0.782974 0.466265 0.985315
v -0.782974 0.700864 0.985315
v -0.782974 0.700864 0.985315
v -0.782974 0.700864 0.985315
v -0.782974 0.700864 0.985315
v -0.782974 0.695000 0.885610
v -0.782974 0.695000 0.885610
v -0.782974 0.695000 0.885610
v -0.782974 0.653944 0.873880
v -0.782974 0.653944 0.873880
v -0.782974 0.653944 0.873880
v -0.782974 0.653944 0.873880
v -0.788838 0.695000 1.049829
v -0.788838 0.695000 1.049829
v -0.788838 0.695000 1.049829
v -0.788838 0.695000 1.049829
v -0.788838 0.695000 1.049829
v -0.788838 0.683269 0.950126
v -0.788838 0.683269 0.950126
v -0.788838 0.683269 0.950126
v -0.788838 0.683269 0.950126
v -0.788838 0.683269 0.950126
v -0.794704 0.460400 0.967720
v -0.794704 0.460400 0.967720
v -0.794704 0.460400 0.967720
v -0.794704 0.460400 0.967720
v -0.800568 0.448671 1.049829
v -0.800568 0.448671 1.049829
v -0.800568 0.448671 1.049829
v -0.800568 0.448671 1.049829
v -0.800568 0.665674 1.038100
v -0.800568 0.665674 1.038100
v -0.800568 0.665674 1.038100
v -0.800568 0.665674 1.038100
v -0.800568 0.495590 0.891476
v -0.800568 0.495590 0.891476
v -0.800568 0.495590 0.891476
v -0.800568 0.601159 0.557171
v -0.800568 0.601159 0.557171
v -0.800568 0.495590 0.375359
v -0.800568 0.495590 0.375359
v -0.800568 0.536645 0.357763
v -0.800568 0.536645 0.357763
v -0.800568 0.536645 0.357763
v -0.806432 0.718458 1.079155
v -0.806432 0.718458 1.079155
v -0.806432 0.718458 1.079155
v -0.806432 0.483860 1.032235
v -0.806432 0.483860 1.032235
v -0.806432 0.472129 1.014640
v -0.806432 0.472129 1.014640
v -0.806432 0.636349 0.809366
v -0.806432 0.636349 0.809366
v -0.806432 0.642215 0.738986
v -0.806432 0.642215 0.738986
v -0.806432 0.448671 0.680337
v -0.806432 0.448671 0.680337
v -0.806432 0.448671 0.680337
v -0.812299 0.519050 0.991181
v -0.812299 0.519050 0.991181
v -0.812299 0.519050 0.991181
v -0.812299 0.519050 0.991181
v -0.812299 0.313776 0.580632
v -0.818163 0.700864 1.090885
v -0.818163 0.700864 1.090885
v -0.818163 0.700864 1.090885
v -0.818163 0.724325 1.032235
v -0.818163 0.724325 1.032235
v -0.818163 0.448671 0.686201
v -0.818163 0.448671 0.686201
v -0.818163 0.448671 0.686201
v -0.818163 0.448671 0.686201
v -0.818163 0.448671 0.686201
v -0.818163 0.448671 0.686201
v -0.824027 0.477995 1.038100
v -0.824027 0.477995 1.038100
v -0.824027 0.466265 1.026371
v -0.824027 0.466265 1.026371
v -0.824027 0.565970 1.002910
v -0.824027 0.565970 1.002910
v -0.824027 0.565970 1.002910
v -0.824027 0.565970 1.002910
v -0.824027 0.565970 1.002910
v -0.824027 0.565970 1.002910
v -0.824027 0.519050 0.938395
v -0.824027 0.519050 0.938395
v -0.824027 0.519050 0.938395
v -0.824027 0.519050 0.938395
v -0.824027 0.519050 0.938395
v -0.824027 0.519050 0.938395
v -0.824027 0.519050 0.938395
v -0.824027 0.530780 0.826961
v -0.824027 0.501455 0.738986
v -0.824027 0.501455 0.738986
v -0.824027 0.642215 0.557171
v -0.824027 0.642215 0.557171
v -0.824027 0.642215 0.557171
v -0.824027 0.378291 0.451603
v -0.824027 0.378291 0.451603
v -0.829894 0.671539 1.049829
v -0.829894 0.671539 1.049829
v -0.829894 0.671539 1.049829
v -0.829894 0.671539 1.049829
v -0.829894 0.507321 0.967720
v -0.829894 0.507321 0.967720
v -0.829894 0.659810 0.868016
v -0.829894 0.659810 0.868016
v -0.829894 0.659810 0.868016
v -0.829894 0.659810 0.680337
v -0.829894 0.659810 0.680337
v -0.835758 0.630484 1.049829
v -0.835758 0.630484 1.049829
v -0.835758 0.659810 0.609958
v -0.835758 0.659810 0.609958
v -0.841624 0.483860 1.102614
v -0.841624 0.483860 1.102614
v -0.841624 0.483860 1.102614
v -0.841624 0.483860 1.102614
v -0.841624 0.513185 1.073289
v -0.841624 0.513185 1.073289
v -0.841624 0.507321 1.061560
v -0.841624 0.507321 1.061560
v -0.841624 0.530780 1.026371
v -0.841624 0.530780 1.026371
v -0.841624 0.530780 1.026371
v -0.841624 0.530780 1.026371
v -0.841624 0.530780 1.026371
v -0.841624 0.530780 1.026371
v -0.841624 0.530780 1.026371
v -0.841624 0.712594 0.891476
v -0.841624 0.712594 0.891476
v -0.841624 0.472131 0.563037
v -0.841624 0.542510 0.557171
v -0.841624 0.542510 0.557171
v -0.841624 0.542510 0.557171
v -0.841624 0.583565 0.539577
v -0.841624 0.583565 0.539577
v -0.841624 0.583565 0.539577
v -0.841624 0.583565 0.539577
v -0.847489 0.501455 1.002910
v -0.847489 0.501455 1.002910
v -0.847489 0.501455 1.002910
v -0.847489 0.501455 1.002910
v -0.847489 0.747784 0.979450
v -0.847489 0.747784 0.979450
v -0.847489 0.612890 0.797636
v -0.847489 0.612890 0.797636
v -0.853353 0.583565 1.043965
v -0.853353 0.583565 1.043965
v -0.853353 0.583565 1.043965
v -0.853353 0.583565 1.043965
v -0.853353 0.583565 1.043965
v -0.853353 0.565970 0.815231
v -0.853353 0.565970 0.815231
v -0.853353 0.565970 0.815231
v -0.859219 0.519050 1.079155
v -0.859219 0.519050 1.079155
v -0.859219 0.507321 1.067424
v -0.859219 0.507321 1.067424
v -0.859219 0.548374 0.885610
v -0.859219 0.548374 0.885610
v -0.859219 0.548374 0.885610
v -0.859219 0.548374 0.885610
v -0.859219 0.630484 0.844556
v -0.859219 0.630484 0.844556
v -0.859219 0.630484 0.844556
v -0.859219 0.630484 0.844556
v -0.859219 0.630484 0.844556
v -0.859219 0.519050 0.621687
v -0.859219 0.519050 0.621687
v -0.865084 0.736053 1.043965
v -0.865084 0.736053 1.043965
v -0.865084 0.554239 0.744852
v -0.865084 0.554239 0.744852
v -0.870948 0.607026 1.049829
v -0.870948 0.607026 1.049829
v -0.870948 0.607026 1.049829
v -0.870948 0.495590 0.873880
v -0.870948 0.495590 0.873880
v -0.870948 0.495590 0.873880
v -0.870948 0.495590 0.873880
v -0.876813 0.560105 1.131939
v -0.876813 0.560105 1.131939
v -0.876813 0.560105 1.131939
v -0.876813 0.560105 1.131939
v -0.876813 0.536645 1.126075
v -0.876813 0.536645 1.126075
v -0.876813 0.565970 1.061560
v -0.876813 0.565970 1.061560
v -0.876813 0.565970 1.061560
v -0.876813 0.565970 1.061560
v -0.876813 0.565970 1.061560
v -0.876813 0.565970 1.061560
v -0.876813 0.753648 1.020505
v -0.876813 0.753648 1.020505
v -0.876813 0.554239 0.955990
v -0.876813 0.554239 0.955990
v -0.876813 0.554239 0.955990
v -0.876813 0.554239 0.955990
v -0.876813 0.554239 0.955990
v -0.876813 0.589431 0.873880
v -0.876813 0.589431 0.873880
v -0.876813 0.589431 0.873880
v -0.876813 0.589431 0.873880
v -0.876813 0.589431 0.873880
v -0.876813 0.612890 0.539577
v -0.876813 0.612890 0.539577
v -0.876813 0.612890 0.539577
v -0.876813 0.612890 0.539577
v -0.882678 0.530780 1.167129
v -0.882678 0.530780 1.167129
v -0.882678 0.530780 1.167129
v -0.882678 0.554239 1.085019
v -0.882678 0.554239 1.085019
v -0.882678 0.554239 1.085019
v -0.882678 0.706730 1.055694
v -0.882678 0.706730 1.055694
v -0.882678 0.747784 0.938395
v -0.882678 0.747784 0.938395
v -0.882678 0.747784 0.938395
v -0.882678 0.747784 0.938395
v -0.882678 0.630484 0.697932
v -0.882678 0.630484 0.697932
v -0.882678 0.630484 0.697932
v -0.882678 0.630484 0.697932
v -0.888542 0.548374 1.131939
v -0.888542 0.548374 1.131939
v -0.888542 0.548374 1.131939
v -0.888542 0.595295 1.096750
v -0.888542 0.595295 1.096750
v -0.888542 0.595295 1.096750
v -0.888542 0.595295 1.096750
v -0.888542 0.595295 1.096750
v -0.888542 0.548374 1.038100
v -0.888542 0.548374 1.038100
v -0.888542 0.548374 1.038100
v -0.888542 0.548374 1.038100
v -0.888542 0.548374 0.997045
v -0.888542 0.548374 0.997045
v -0.888542 0.765379 0.991181
v -0.888542 0.765379 0.991181
v -0.888542 0.765379 0.991181
v -0.888542 0.536645 0.897340
v -0.888542 0.536645 0.897340
v -0.888542 0.536645 0.897340
v -0.888542 0.536645 0.897340
v -0.888542 0.554239 0.563037
v -0.888542 0.554239 0.563037
v -0.888542 0.554239 0.563037
v -0.894408 0.671540 1.043965
v -0.894408 0.671540 1.043965
v -0.894408 0.671540 1.043965
v -0.894408 0.671540 1.043965
v -0.894408 0.718458 0.862151
v -0.894408 0.718458 0.862151
v -0.894408 0.718458 0.862151
v -0.894408 0.718458 0.862151
v -0.894408 0.718458 0.862151
v -0.894408 0.718458 0.862151
v -0.894408 0.653944 0.838690
v -0.894408 0.653944 0.838690
v -0.894408 0.565970 0.686201
v -0.894408 0.565970 0.686201
v -0.894408 0.565970 0.686201
v -0.894408 0.565970 0.686201
v -0.894408 0.630484 0.609958
v -0.894408 0.630484 0.609958
v -0.900273 0.565970 0.615822
v -0.900273 0.565970 0.615822
v -0.906137 0.583565 1.090885
v -0.906137 0.583565 1.090885
v -0.906137 0.583565 1.090885
v -0.906137 0.583565 1.090885
v -0.912003 0.747784 0.891476
v -0.912003 0.747784 0.891476
v -0.912003 0.747784 0.891476
v -0.912003 0.747784 0.891476
v -0.917868 0.583565 1.043965
v -0.917868 0.583565 1.043965
v -0.917868 0.583565 1.043965
v -0.917868 0.583565 1.043965
v -0.917868 0.583565 1.043965
v -0.923732 0.653944 1.061560
v -0.923732 0.653944 1.061560
v -0.923732 0.653944 1.061560
v -0.923732 0.788839 0.991181
v -0.923732 0.788839 0.991181
v -0.923732 0.788839 0.991181
v -0.923732 0.777110 0.973584
v -0.923732 0.777110 0.973584
v -0.923732 0.589431 0.903205
v -0.923732 0.589431 0.903205
v -0.923732 0.589431 0.903205
v -0.929598 0.683269 0.885610
v -0.929598 0.683269 0.885610
v -0.929598 0.683269 0.885610
v -0.929598 0.730189 0.815231
v -0.929598 0.730189 0.815231
v -0.929598 0.730189 0.815231
v -0.929598 0.730189 0.815231
v -0.929598 0.730189 0.815231
v -0.929598 0.730189 0.815231
v -0.929598 0.730189 0.815231
v -0.935463 0.771243 1.014640
v -0.935463 0.771243 1.014640
v -0.935463 0.771243 1.014640
v -0.935463 0.771243 1.014640
v -0.941329 0.624620 1.049829
v -0.941329 0.624620 1.049829
v -0.941329 0.624620 1.049829
v -0.941329 0.624620 1.049829
v -0.941329 0.683269 0.803500
v -0.941329 0.683269 0.803500
v -0.941329 0.683269 0.803500
v -0.941329 0.683269 0.803500
v -0.947193 0.736053 0.768311
v -0.947193 0.736053 0.768311
v -0.947193 0.736053 0.768311
v -0.953058 0.595295 0.991181
v -0.953058 0.771243 0.938395
v -0.953058 0.636349 0.868016
v -0.953058 0.636349 0.868016
v -0.953058 0.636349 0.868016
v -0.953058 0.636349 0.868016
v -0.953058 0.636349 0.868016
v -0.953058 0.747784 0.803500
v -0.953058 0.747784 0.803500
v -0.953058 0.747784 0.803500
v -0.953058 0.695000 0.762447
v -0.953058 0.695000 0.762447
v -0.953058 0.695000 0.762447
v -0.953058 0.695000 0.762447
v -0.958923 0.718458 1.020505
v -0.958923 0.718458 1.020505
v -0.958923 0.718458 1.020505
v -0.958923 0.718458 1.020505
v -0.958923 0.718458 1.020505
v -0.958923 0.718458 1.020505
v -0.958923 0.706730 0.914935
v -0.958923 0.706730 0.914935
v -0.958923 0.706730 0.914935
v -0.958923 0.706730 0.914935
v -0.958923 0.706730 0.914935
v -0.964787 0.630484 1.032235
v -0.964787 0.630484 1.032235
v -0.964787 0.782974 0.967720
v -0.964787 0.782974 0.967720
v -0.964787 0.777110 0.885610
v -0.964787 0.777110 0.885610
v -0.970652 0.624620 0.944261
v -0.970652 0.736053 0.832826
v -0.970652 0.736053 0.832826
v -0.970652 0.771243 0.803500
v -0.970652 0.771243 0.803500
v -0.970652 0.771243 0.803500
v -0.976518 0.665674 0.821095
v -0.976518 0.665674 0.821095
v -0.976518 0.665674 0.821095
v -0.976518 0.665674 0.821095
v -0.976518 0.665674 0.821095
v -0.976518 0.665674 0.821095
v -0.976518 0.665674 0.821095
v -0.976518 0.712594 0.821095
v -0.976518 0.712594 0.821095
v -0.976518 0.712594 0.821095
v -0.976518 0.712594 0.821095
v -0.976518 0.712594 0.821095
v -0.976518 0.712594 0.821095
v -0.976518 0.712594 0.821095
v -0.976518 0.753648 0.791771
v -0.976518 0.753648 0.791771
v -0.976518 0.753648 0.791771
v -0.976518 0.753648 0.791771
v -0.976518 0.753648 0.791771
v -0.982382 0.630484 1.002910
v -0.982382 0.630484 1.002910
v -0.982382 0.782974 0.979450
v -0.982382 0.782974 0.979450
v -0.982382 0.782974 0.979450
v -0.982382 0.782974 0.979450
v -0.982382 0.782974 0.979450
v -0.982382 0.782974 0.932531
v -0.982382 0.648079 0.897340
v -0.982382 0.648079 0.897340
v -0.982382 0.648079 0.897340
v -0.982382 0.777110 0.821095
v -0.982382 0.777110 0.821095
v -0.982382 0.777110 0.821095
v -0.982382 0.777110 0.821095
v -0.982382 0.777110 0.821095
v -0.982382 0.718458 0.797636
v -0.982382 0.718458 0.797636
v -0.982382 0.718458 0.797636
v -0.982382 0.759514 0.756580
v -0.982382 0.759514 0.756580
v -0.982382 0.759514 0.756580
v -0.988247 0.718458 0.750716
v -0.988247 0.718458 0.750716
v -0.994113 0.782974 0.950126
v -0.994113 0.782974 0.950126
v -0.994113 0.782974 0.950126
v -0.994113 0.730189 0.850421
v -0.994113 0.730189 0.850421
v -0.994113 0.730189 0.850421
v -0.994113 0.730189 0.850421
v -0.994113 0.730189 0.850421
v -0.994113 0.730189 0.850421
v -0.994113 0.730189 0.850421
v -0.994113 0.706730 0.832826
v -0.994113 0.706730 0.832826
v -0.994113 0.706730 0.832826
v -0.994113 0.671540 0.774176
v -0.994113 0.671540 0.774176
v -0.994113 0.671540 0.774176
v -0.999977 0.677405 1.020505
v -0.999977 0.677405 1.020505
v -0.999977 0.677405 1.020505
v -0.999977 0.747784 0.821095
v -0.999977 0.747784 0.821095
v -0.999977 0.747784 0.821095
v -0.999977 0.747784 0.821095
v -0.999977 0.683269 0.809366
v -0.999977 0.683269 0.809366
v -0.999977 0.683269 0.809366
v -0.999977 0.771245 0.780042
v -0.999977 0.771245 0.780042
v -0.999977 0.771245 0.780042
v -0.999977 0.771245 0.780042
v -1.005842 0.753648 0.991181
v -1.005842 0.753648 0.991181
v -1.005842 0.753648 0.991181
v -1.005842 0.659810 0.979450
v -1.005842 0.806434 0.873880
v -1.005842 0.806434 0.873880
v -1.005842 0.806434 0.873880
v -1.005842 0.806434 0.873880
v -1.005842 0.800568 0.844556
v -1.005842 0.800568 0.844556
v -1.005842 0.800568 0.844556
v -1.005842 0.736053 0.815231
v -1.005842 0.736053 0.815231
v -1.005842 0.736053 0.815231
v -1.005842 0.736053 0.815231
v -1.005842 0.736053 0.815231
v -1.005842 0.736053 0.815231
v -1.005842 0.736053 0.815231
v -1.005842 0.736053 0.815231
v -1.011708 0.659810 1.002910
v -1.011708 0.659810 1.002910
v -1.011708 0.659810 1.002910
v -1.011708 0.689135 0.944261
v -1.011708 0.741919 0.832826
v -1.011708 0.741919 0.832826
v -1.011708 0.741919 0.832826
v -1.011708 0.741919 0.832826
v -1.011708 0.730189 0.826961
v -1.011708 0.730189 0.826961
v -1.011708 0.730189 0.826961
v -1.011708 0.730189 0.826961
v -1.017572 0.759514 0.955990
v -1.017572 0.759514 0.955990
v -1.017572 0.759514 0.955990
v -1.017572 0.700864 0.797636
v -1.017572 0.700864 0.797636
v -1.017572 0.700864 0.797636
v -1.017572 0.700864 0.797636
v -1.023437 0.689135 0.891476
v -1.023437 0.689135 0.891476
v -1.023437 0.824029 0.862151
v -1.023437 0.824029 0.862151
v -1.023437 0.824029 0.862151
v -1.023437 0.700864 0.762447
v -1.023437 0.700864 0.762447
v -1.023437 0.700864 0.762447
v -1.023437 0.741919 0.750716
v -1.023437 0.741919 0.750716
v -1.023437 0.741919 0.750716
v -1.023437 0.741919 0.750716
v -1.029303 0.712594 0.985315
v -1.029303 0.712594 0.985315
v -1.029303 0.695000 0.973584
v -1.029303 0.695000 0.973584
v -1.029303 0.824029 0.914935
v -1.029303 0.824029 0.914935
v -1.029303 0.824029 0.914935
v -1.029303 0.806434 0.868016
v -1.029303 0.689135 0.809366
v -1.029303 0.689135 0.809366
v -1.035167 0.724325 0.955990
v -1.035167 0.724325 0.955990
v -1.035167 0.724325 0.955990
v -1.035167 0.712594 0.938395
v -1.035167 0.712594 0.938395
v -1.035167 0.712594 0.938395
v -1.035167 0.700864 0.826961
v -1.035167 0.700864 0.826961
v -1.035167 0.700864 0.826961
v -1.035167 0.753648 0.774176
v -1.035167 0.753648 0.774176
v -1.035167 0.753648 0.774176
v -1.041033 0.718458 0.785906
v -1.041033 0.718458 0.785906
v -1.041033 0.718458 0.785906
v -1.041033 0.718458 0.785906
v -1.041033 0.718458 0.785906
v -1.046897 0.841624 0.897340
v -1.046897 0.841624 0.897340
v -1.046897 0.841624 0.897340
v -1.046897 0.841624 0.897340
v -1.046897 0.841624 0.897340
v -1.052761 0.818163 0.897340
v -1.052761 0.818163 0.897340
v -1.052761 0.818163 0.897340
v -1.052761 0.818163 0.856285
v -1.052761 0.818163 0.856285
v -1.052761 0.818163 0.856285
v -1.052761 0.818163 0.856285
v -1.058628 0.782974 0.938395
v -1.058628 0.829894 0.920800
v -1.058628 0.829894 0.920800
v -1.064492 0.724325 0.850421
v -1.064492 0.724325 0.850421
v -1.064492 0.724325 0.850421
v -1.070356 0.724325 0.879746
v -1.070356 0.724325 0.879746
v -1.070356 0.724325 0.879746
v -1.076223 0.835758 0.909071
v -1.076223 0.835758 0.909071
v -1.076223 0.835758 0.909071
v -1.076223 0.835758 0.909071
v -1.076223 0.841624 0.879746
v -1.076223 0.841624 0.879746
v -1.076223 0.841624 0.879746
v -1.076223 0.841624 0.879746
v -1.076223 0.841624 0.879746
v -1.076223 0.841624 0.879746
v -1.076223 0.747784 0.873880
v -1.082087 0.800568 0.862151
v -1.082087 0.800568 0.862151
v -1.082087 0.800568 0.862151
v -1.082087 0.800568 0.862151
v -1.087952 0.747784 0.920800
v -1.087952 0.747784 0.920800
v -1.087952 0.806434 0.914935
v -1.087952 0.806434 0.914935
v -1.087952 0.806434 0.914935
v -1.087952 0.771245 0.903205
v -1.087952 0.771245 0.903205
v -1.087952 0.771245 0.903205
v -1.087952 0.771245 0.903205
v -1.087952 0.736053 0.868016
v -1.087952 0.736053 0.868016
v -1.093818 0.806434 0.885610
v -1.093818 0.806434 0.885610
v -1.093818 0.806434 0.885610
v -1.093818 0.806434 0.885610
v -1.093818 0.759514 0.856285
v -1.093818 0.759514 0.856285
v -1.093818 0.759514 0.856285
v -1.093818 0.759514 0.856285
v -1.099682 0.771245 0.926666
v -1.099682 0.771245 0.926666
v -1.099682 0.771245 0.926666
v -1.111413 0.788839 0.914935
v -1.111413 0.788839 0.914935
v -1.111413 0.788839 0.914935
v -1.111413 0.753648 0.903205
v -1.111413 0.753648 0.903205
v -1.111413 0.753648 0.903205
v -1.111413 0.753648 0.903205
v -1.111413 0.753648 0.903205
v -1.123142 0.777110 0.891476
v -1.123142 0.777110 0.891476
v -1.123142 0.777110 0.891476
v -1.123142 0.777110 0.891476
v -1.123142 0.777110 0.891476
v 0.002932 -0.202342 1.759492
v 0.002932 -0.202342 1.759492
v 0.002932 -0.202342 1.759492
v 0.002932 0.202342 1.794681
v 0.002932 0.202342 1.794681
v 0.002932 0.202342 1.794681
v 0.002932 0.202342 1.794681
v 0.002932 -0.173016 1.794681
v 0.002932 -0.173016 1.794681
v 0.002932 0.184747 1.829871
v 0.002932 0.184747 1.829871
v 0.002932 0.184747 1.829871
v 0.002932 0.184747 1.829871
v 0.002932 0.290317 1.829871
v 0.002932 0.290317 1.829871
v 0.002932 0.290317 1.829871
v 0.002932 0.219936 1.882655
v 0.002932 0.219936 1.882655
v 0.002932 0.219936 1.882655
v 0.002932 0.219936 1.882655
v 0.002932 -0.173016 2.328394
v 0.002932 -0.173016 2.328394
v 0.002932 -0.002932 2.686156
v 0.002932 -0.002932 2.686156
v 0.002932 -0.002932 2.686156
v 0.002932 -0.014663 2.686156
v 0.002932 -0.014663 2.686156
v 0.002932 -0.014663 2.686156
v 0.002932 -0.014663 2.686156
v 0.002932 -0.090906 2.891431
v 0.002932 -0.090906 2.891431
v 0.002932 -0.014663 2.903160
v 0.002932 -0.014663 2.903160
v 0.002932 -0.536645 0.486792
v 0.002932 -0.536645 0.486792
v 0.002932 -0.595295 0.486792
v 0.002932 -0.595295 0.486792
v 0.008797 -0.196477 1.554216
v 0.008797 -0.196477 1.554216
v 0.008797 -0.184747 1.777087
v 0.008797 -0.184747 1.777087
v 0.008797 -0.178882 1.782951
v 0.008797 -0.178882 1.782951
v 0.008797 -0.178882 1.782951
v 0.008797 -0.178882 1.782951
v 0.008798 0.085042 1.800545
v 0.008798 0.085042 1.800545
v 0.008797 -0.161287 1.818140
v 0.008797 -0.161287 1.818140
v 0.008797 -0.155421 1.829871
v 0.008797 -0.155421 1.829871
v 0.008797 -0.155421 1.829871
v 0.008797 -0.155421 1.829871
v 0.008798 0.266856 1.853330
v 0.008798 0.266856 1.853330
v 0.008798 0.266856 1.853330
v 0.008798 0.266856 1.853330
v 0.008798 0.266856 1.853330
v 0.008798 0.231666 1.865061
v 0.008798 0.231666 1.865061
v 0.008798 0.231666 1.865061
v 0.008798 0.049852 2.064470
v 0.008797 -0.190611 2.064470
v 0.008797 -0.190611 2.064470
v 0.008797 -0.184747 2.146579
v 0.008797 -0.184747 2.146579
v 0.008797 -0.237531 2.269743
v 0.008797 -0.237531 2.269743
v 0.008797 -0.178882 2.310799
v 0.008797 -0.178882 2.310799
v 0.008797 -0.178882 2.310799
v 0.008797 -0.173016 2.345989
v 0.008797 -0.173016 2.345989
v 0.008797 -0.173016 2.345989
v 0.008797 -0.173016 2.345989
v 0.008797 -0.143692 2.375313
v 0.008797 -0.143692 2.375313
v 0.008797 -0.143692 2.375313
v 0.008798 -0.008797 2.674427
v 0.008798 -0.008797 2.674427
v 0.008798 -0.008797 2.674427
v 0.008798 -0.014663 2.680292
v 0.008798 -0.014663 2.680292
v 0.008798 0.002932 2.686156
v 0.008798 0.002932 2.686156
v 0.008798 0.002932 2.686156
v 0.008797 -0.061582 2.756537
v 0.008797 -0.061582 2.756537
v 0.008797 -0.061582 2.756537
v 0.008798 -0.014663 2.809321
v 0.008798 -0.014663 2.809321
v 0.008798 -0.014663 2.809321
v 0.008798 -0.014663 2.809321
v 0.008798 -0.014663 2.809321
v 0.008797 -0.067447 2.809321
v 0.008797 -0.067447 2.809321
v 0.008797 -0.067447 2.809321
v 0.008798 0.008798 2.815186
v 0.008798 0.008798 2.815186
v 0.008798 0.008798 2.815186
v 0.008798 0.002932 2.826916
v 0.008798 0.002932 2.826916
v 0.008798 0.008798 2.844511
v 0.008798 0.008798 2.844511
v 0.008797 -0.085042 2.985269
v 0.008797 -0.085042 2.985269
v 0.008797 -0.020527 2.997000
v 0.008797 -0.020527 2.997000
v 0.008797 -0.020527 2.997000
v 0.008797 -0.736053 1.407594
v 0.008797 -0.736053 1.407594
v 0.008797 -0.747784 1.389997
v 0.008797 -0.747784 1.389997
v 0.008797 -0.876813 0.997045
v 0.008797 -0.876813 0.997045
v 0.008797 -0.876813 0.997045
v 0.008797 -0.530780 0.563037
v 0.008797 -0.530780 0.563037
v 0.008797 -0.530780 0.563037
v 0.008797 -0.530780 0.563037
v 0.014663 0.243397 1.612868
v 0.014663 -0.085042 1.759492
v 0.014663 -0.085042 1.759492
v 0.014663 -0.085042 1.759492
v 0.014663 0.219936 1.777087
v 0.014663 0.219936 1.777087
v 0.014663 0.219936 1.777087
v 0.014663 0.219936 1.777087
v 0.014663 -0.266856 1.782951
v 0.014663 -0.266856 1.782951
v 0.014663 -0.266856 1.782951
v 0.014663 -0.266856 1.782951
v 0.014663 -0.266856 1.782951
v 0.014663 -0.266856 1.782951
v 0.014663 -0.114367 1.794681
v 0.014663 -0.114367 1.794681
v 0.014663 -0.114367 1.794681
v 0.014663 0.202342 1.812276
v 0.014663 0.202342 1.812276
v 0.014663 0.202342 1.812276
v 0.014663 0.202342 1.812276
v 0.014663 -0.249261 1.812276
v 0.014663 -0.249261 1.812276
v 0.014663 -0.249261 1.812276
v 0.014663 -0.249261 1.812276
v 0.014663 -0.249261 1.812276
v 0.014663 -0.249261 1.812276
v 0.014663 0.219936 1.882655
v 0.014663 0.219936 1.882655
v 0.014663 0.219936 1.882655
v 0.014663 0.278587 1.906114
v 0.014663 0.278587 1.906114
v 0.014663 -0.202342 2.146579
v 0.014663 -0.202342 2.146579
v 0.014663 -0.249261 2.263879
v 0.014663 -0.190611 2.328394
v 0.014663 -0.190611 2.328394
v 0.014663 -0.190611 2.328394
v 0.014663 -0.178882 2.375313
v 0.014663 -0.178882 2.375313
v 0.014663 0.002932 2.680292
v 0.014663 0.002932 2.680292
v 0.014663 0.002932 2.680292
v 0.020527 0.255126 1.542488
v 0.020527 0.255126 1.542488
v 0.020527 -0.231666 1.741897
v 0.020527 -0.231666 1.741897
v 0.020527 -0.231666 1.741897
v 0.020527 -0.231666 1.741897
v 0.020527 -0.202342 1.753626
v 0.020527 -0.202342 1.753626
v 0.020527 -0.202342 1.753626
v 0.020527 -0.079177 1.777087
v 0.020527 -0.079177 1.777087
v 0.020527 -0.079177 1.777087
v 0.020527 -0.108501 1.777087
v 0.020527 -0.108501 1.777087
v 0.020527 -0.108501 1.777087
v 0.020527 0.208207 1.800545
v 0.020527 0.208207 1.800545
v 0.020527 0.208207 1.800545
v 0.020527 0.302045 1.818140
v 0.020527 0.302045 1.818140
v 0.020527 0.302045 1.818140
v 0.020527 -0.161287 1.818140
v 0.020527 -0.161287 1.818140
v 0.020527 -0.161287 1.818140
v 0.020527 -0.161287 1.818140
v 0.020527 -0.161287 1.818140
v 0.020527 0.290317 1.824007
v 0.020527 0.290317 1.824007
v 0.020527 0.290317 1.824007
v 0.020527 0.290317 1.824007
v 0.020527 -0.067447 1.824007
v 0.020527 -0.067447 1.824007
v 0.020527 -0.067447 1.824007
v 0.020527 -0.231666 1.841602
v 0.020527 -0.231666 1.841602
v 0.020527 -0.231666 1.841602
v 0.020527 -0.231666 1.841602
v 0.020527 -0.231666 1.841602
v 0.020527 -0.149557 1.853330
v 0.020527 -0.149557 1.853330
v 0.020527 0.249261 1.876791
v 0.020527 0.249261 1.876791
v 0.020527 0.249261 1.876791
v 0.020527 0.249261 1.876791
v 0.020527 0.249261 1.876791
v 0.020527 0.260992 1.923711
v 0.020527 0.260992 1.923711
v 0.020527 0.260992 1.923711
v 0.020527 0.067447 1.941306
v 0.020527 0.067447 1.941306
v 0.020527 -0.190611 2.046874
v 0.020527 -0.190611 2.046874
v 0.020527 -0.079177 2.058605
v 0.020527 -0.079177 2.058605
v 0.020527 -0.196477 2.076200
v 0.020527 -0.196477 2.076200
v 0.020527 -0.167152 2.087929
v 0.020527 -0.167152 2.087929
v 0.020527 -0.167152 2.087929
v 0.020527 -0.167152 2.087929
v 0.020527 -0.184747 2.087929
v 0.020527 -0.184747 2.087929
v 0.020527 -0.184747 2.087929
v 0.020527 -0.161287 2.322527
v 0.020527 -0.161287 2.322527
v 0.020527 -0.196477 2.345989
v 0.020527 -0.196477 2.345989
v 0.020527 -0.196477 2.345989
v 0.020527 -0.014663 2.733076
v 0.020527 -0.014663 2.733076
v 0.020527 -0.020527 2.733076
v 0.020527 -0.020527 2.733076
v 0.020527 -0.014663 2.756537
v 0.020527 -0.014663 2.756537
v 0.020527 -0.014663 2.756537
v 0.020527 -0.014663 2.756537
v 0.020527 -0.067447 2.803455
v 0.020527 -0.067447 2.803455
v 0.020527 -0.067447 2.803455
v 0.020527 0.020527 2.809321
v 0.020527 0.020527 2.809321
v 0.020527 0.020527 2.850376
v 0.020527 0.020527 2.850376
v 0.020527 0.020527 2.850376
v 0.020527 -0.237531 1.325484
v 0.020527 -0.237531 1.325484
v 0.020527 -0.237531 1.325484
v 0.020527 -0.237531 1.325484
v 0.026393 0.184747 1.524893
v 0.026393 0.184747 1.524893
v 0.026393 0.284451 1.554216
v 0.026393 0.284451 1.554216
v 0.026393 0.173016 1.577678
v 0.026393 0.173016 1.577678
v 0.026393 0.272721 1.612868
v 0.026393 0.043988 1.700842
v 0.026393 0.043988 1.700842
v 0.026393 0.043988 1.700842
v 0.026393 0.043988 1.700842
v 0.026393 -0.131962 1.718436
v 0.026393 -0.131962 1.718436
v 0.026393 -0.131962 1.718436
v 0.026393 0.085042 1.724302
v 0.026393 0.085042 1.724302
v 0.026393 -0.249261 1.724302
v 0.026393 -0.249261 1.724302
v 0.026393 -0.249261 1.724302
v 0.026393 -0.120232 1.736031
v 0.026393 -0.120232 1.736031
v 0.026393 -0.120232 1.736031
v 0.026393 -0.284451 1.753626
v 0.026393 -0.284451 1.753626
v 0.026393 -0.284451 1.753626
v 0.026393 -0.284451 1.753626
v 0.026393 -0.102637 1.759492
v 0.026393 -0.102637 1.759492
v 0.026393 -0.102637 1.759492
v 0.026393 0.202342 1.777087
v 0.026393 -0.184747 1.777087
v 0.026393 -0.184747 1.777087
v 0.026393 -0.184747 1.777087
v 0.026393 0.313776 1.800545
v 0.026393 0.313776 1.800545
v 0.026393 0.313776 1.800545
v 0.026393 0.313776 1.800545
v 0.026393 0.313776 1.800545
v 0.026393 0.196477 1.829871
v 0.026393 0.196477 1.829871
v 0.026393 0.196477 1.829871
v 0.026393 0.196477 1.829871
v 0.026393 0.272721 1.847466
v 0.026393 0.272721 1.847466
v 0.026393 0.272721 1.847466
v 0.026393 -0.343102 1.870925
v 0.026393 -0.343102 1.870925
v 0.026393 -0.343102 1.870925
v 0.026393 -0.343102 1.870925
v 0.026393 -0.296181 2.369448
v 0.026393 -0.296181 2.369448
v 0.026393 -0.202342 2.404637
v 0.026393 -0.202342 2.404637
v 0.026393 -0.008797 2.674427
v 0.026393 -0.008797 2.674427
v 0.026393 -0.008797 2.674427
v 0.026393 -0.008797 2.674427
v 0.026393 -0.002932 2.733076
v 0.026393 -0.002932 2.733076
v 0.026393 -0.002932 2.733076
v 0.026393 -0.002932 2.733076
v 0.026393 -0.014663 2.744807
v 0.026393 -0.014663 2.744807
v 0.026393 -0.014663 2.744807
v 0.026393 -0.026393 2.744807
v 0.026393 -0.026393 2.744807
v 0.026393 -0.026393 2.744807
v 0.026393 -0.096772 2.744807
v 0.026393 -0.096772 2.744807
v 0.026393 0.008798 2.756537
v 0.026393 0.008798 2.756537
v 0.026393 0.008798 2.756537
v 0.026393 -0.014663 2.809321
v 0.026393 -0.014663 2.809321
v 0.026393 -0.014663 2.809321
v 0.026393 -0.014663 2.809321
v 0.026393 0.032258 2.815186
v 0.026393 0.032258 2.815186
v 0.026393 0.032258 2.815186
v 0.026393 0.032258 2.815186
v 0.026393 0.032258 2.844511
v 0.026393 0.032258 2.844511
v 0.026393 0.032258 2.844511
v 0.026393 0.032258 2.844511
v 0.026393 -0.137826 2.961810
v 0.026393 -0.137826 2.961810
v 0.026393 -0.137826 2.961810
v 0.026393 0.601159 0.392954
v 0.026393 0.601159 0.392954
v 0.032258 0.231666 1.765356
v 0.032258 0.231666 1.765356
v 0.032258 0.231666 1.765356
v 0.032258 -0.067447 1.835735
v 0.032258 -0.067447 1.835735
v 0.032258 -0.067447 1.835735
v 0.032258 -0.067447 1.835735
v 0.032258 -0.120232 1.853330
v 0.032258 -0.120232 1.853330
v 0.032258 -0.120232 1.853330
v 0.032258 -0.173016 1.870925
v 0.032258 -0.173016 1.870925
v 0.032258 -0.214071 1.870925
v 0.032258 -0.214071 1.870925
v 0.032258 -0.214071 1.870925
v 0.032258 -0.214071 1.870925
v 0.032258 0.272721 1.894386
v 0.032258 0.272721 1.894386
v 0.032258 0.313776 1.911981
v 0.032258 0.313776 1.911981
v 0.032258 0.313776 1.911981
v 0.032258 0.313776 1.911981
v 0.032258 0.313776 1.911981
v 0.032258 -0.073311 1.935440
v 0.032258 -0.073311 1.935440
v 0.032258 -0.049852 2.299068
v 0.032258 -0.108501 2.299068
v 0.032258 -0.161287 2.340124
v 0.032258 -0.161287 2.340124
v 0.032258 -0.161287 2.340124
v 0.032258 -0.178882 2.439829
v 0.032258 -0.032258 2.674427
v 0.032258 -0.032258 2.674427
v 0.032258 -0.032258 2.674427
v 0.032258 -0.032258 2.674427
v 0.032258 -0.038122 2.733076
v 0.032258 -0.038122 2.733076
v 0.032258 -0.038122 2.733076
v 0.032258 -0.008797 2.744807
v 0.032258 -0.008797 2.744807
v 0.032258 -0.008797 2.744807
v 0.032258 -0.008797 2.744807
v 0.032258 0.038122 2.826916
v 0.032258 0.038122 2.826916
v 0.038122 -0.583565 1.507298
v 0.038122 -0.583565 1.507298
v 0.038122 -0.049852 1.513163
v 0.038122 -0.049852 1.513163
v 0.038122 -0.049852 1.513163
v 0.038122 0.313776 1.554216
v 0.038122 0.313776 1.554216
v 0.038122 0.302045 1.624597
v 0.038122 0.302045 1.624597
v 0.038122 0.126097 1.706707
v 0.038122 0.126097 1.706707
v 0.038122 0.126097 1.706707
v 0.038122 0.126097 1.706707
v 0.038122 -0.143692 1.724302
v 0.038122 -0.143692 1.724302
v 0.038122 -0.143692 1.724302
v 0.038122 0.243397 1.753626
v 0.038122 0.243397 1.753626
v 0.038122 0.243397 1.753626
v 0.038122 -0.096772 1.777087
v 0.038122 -0.096772 1.777087
v 0.038122 -0.096772 1.777087
v 0.038122 -0.079177 1.812276
v 0.038122 -0.079177 1.812276
v 0.038122 -0.079177 1.812276
v 0.038122 -0.079177 1.812276
v 0.038122 -0.167152 1.812276
v 0.038122 -0.167152 1.812276
v 0.038122 -0.167152 1.812276
v 0.038122 -0.372425 1.829871
v 0.038122 -0.372425 1.829871
v 0.038122 -0.372425 1.829871
v 0.038122 -0.372425 1.829871
v 0.038122 -0.126097 1.847466
v 0.038122 -0.126097 1.847466
v 0.038122 -0.126097 1.847466
v 0.038122 0.331371 1.882655
v 0.038122 0.331371 1.882655
v 0.038122 0.331371 1.882655
v 0.038122 0.331371 1.882655
v 0.038122 0.331371 1.882655
v 0.038122 0.255126 1.906114
v 0.038122 0.255126 1.906114
v 0.038122 0.255126 1.906114
v 0.038122 -0.296181 1.917845
v 0.038122 -0.296181 1.917845
v 0.038122 -0.296181 1.917845
v 0.038122 0.307912 1.923711
v 0.038122 0.307912 1.923711
v 0.038122 0.307912 1.923711
v 0.038122 -0.208206 2.064470
v 0.038122 -0.202342 2.082064
v 0.038122 -0.202342 2.082064
v 0.038122 -0.090906 2.175905
v 0.038122 -0.090906 2.175905
v 0.038122 0.026393 2.181769
v 0.038122 -0.173016 2.293204
v 0.038122 -0.173016 2.293204
v 0.038122 -0.307910 2.363584
v 0.038122 -0.307910 2.363584
v 0.038122 -0.014663 2.586452
v 0.038122 -0.014663 2.586452
v 0.038122 -0.038122 2.586452
v 0.038122 -0.038122 2.586452
v 0.038122 -0.038122 2.586452
v 0.038122 -0.014663 2.645102
v 0.038122 -0.014663 2.645102
v 0.038122 -0.014663 2.645102
v 0.038122 -0.014663 2.645102
v 0.038122 -0.043988 2.645102
v 0.038122 -0.043988 2.645102
v 0.038122 -0.043988 2.645102
v 0.038122 -0.043988 2.645102
v 0.038122 -0.043988 2.686156
v 0.038122 -0.043988 2.686156
v 0.038122 -0.079177 2.733076
v 0.038122 -0.079177 2.733076
v 0.038122 -0.079177 2.733076
v 0.038122 -0.108501 2.785861
v 0.038122 -0.108501 2.785861
v 0.038122 -0.601159 1.495568
v 0.038122 -0.601159 1.495568
v 0.038122 -0.624620 1.472107
v 0.038122 -0.624620 1.472107
v 0.038122 -0.249261 1.284429
v 0.038122 -0.249261 1.284429
v 0.038122 -0.249261 1.284429
v 0.043988 -0.131962 1.741897
v 0.043988 -0.131962 1.741897
v 0.043988 -0.131962 1.741897
v 0.043988 -0.225802 1.747761
v 0.043988 -0.225802 1.747761
v 0.043988 -0.225802 1.747761
v 0.043988 -0.225802 1.747761
v 0.043988 0.331371 1.794681
v 0.043988 0.331371 1.794681
v 0.043988 0.331371 1.794681
v 0.043988 -0.243397 1.806410
v 0.043988 -0.243397 1.806410
v 0.043988 -0.243397 1.806410
v 0.043988 -0.243397 1.806410
v 0.043988 -0.243397 1.806410
v 0.043988 -0.243397 1.806410
v 0.043988 -0.243397 1.806410
v 0.043988 -0.243397 1.806410
v 0.043988 0.290317 1.818140
v 0.043988 0.290317 1.818140
v 0.043988 0.290317 1.818140
v 0.043988 -0.155421 1.841602
v 0.043988 -0.155421 1.841602
v 0.043988 -0.155421 1.841602
v 0.043988 -0.155421 1.841602
v 0.043988 -0.173016 1.859197
v 0.043988 -0.173016 1.859197
v 0.043988 -0.173016 1.859197
v 0.043988 -0.114367 1.865061
v 0.043988 -0.114367 1.865061
v 0.043988 -0.114367 1.865061
v 0.043988 -0.114367 1.865061
v 0.043988 -0.214071 1.882655
v 0.043988 -0.214071 1.882655
v 0.043988 -0.214071 1.882655
v 0.043988 -0.161287 1.888520
v 0.043988 -0.161287 1.888520
v 0.043988 -0.161287 1.888520
v 0.043988 -0.161287 1.888520
v 0.043988 0.284451 1.947171
v 0.043988 0.284451 1.947171
v 0.043988 -0.173016 2.017550
v 0.043988 -0.173016 2.017550
v 0.043988 -0.190611 2.017550
v 0.043988 -0.190611 2.017550
v 0.043988 -0.196477 2.035145
v 0.043988 -0.196477 2.035145
v 0.043988 0.008798 2.293204
v 0.043988 -0.131962 2.357719
v 0.043988 -0.131962 2.357719
v 0.043988 -0.131962 2.357719
v 0.043988 -0.131962 2.357719
v 0.043988 -0.131962 2.357719
v 0.043988 -0.184747 2.357719
v 0.043988 -0.184747 2.357719
v 0.043988 -0.131962 2.433963
v 0.043988 -0.131962 2.433963
v 0.043988 -0.131962 2.433963
v 0.043988 -0.038122 2.574723
v 0.043988 -0.038122 2.574723
v 0.043988 -0.038122 2.574723
v 0.043988 -0.043988 2.615777
v 0.043988 -0.043988 2.615777
v 0.043988 -0.043988 2.615777
v 0.043988 -0.043988 2.615777
v 0.043988 0.002932 2.680292
v 0.043988 0.002932 2.680292
v 0.043988 0.002932 2.680292
v 0.043988 -0.085042 2.686156
v 0.043988 -0.085042 2.686156
v 0.043988 -0.002932 2.738942
v 0.043988 -0.002932 2.738942
v 0.043988 -0.002932 2.738942
v 0.043988 -0.002932 2.738942
v 0.043988 -0.102637 2.785861
v 0.043988 -0.102637 2.785861
v 0.043988 0.032258 2.803455
v 0.043988 0.032258 2.803455
v 0.043988 -0.260992 1.237508
v 0.043988 -0.260992 1.237508
v 0.043988 -0.260992 1.237508
v 0.043988 -0.260992 1.237508
v 0.049852 -0.577700 1.513163
v 0.049852 -0.577700 1.513163
v 0.049852 -0.243397 1.730166
v 0.049852 -0.243397 1.730166
v 0.049852 -0.243397 1.730166
v 0.049852 0.249261 1.765356
v 0.049852 0.249261 1.765356
v 0.049852 0.249261 1.765356
v 0.049852 0.237531 1.777087
v 0.049852 0.237531 1.777087
v 0.049852 0.237531 1.777087
v 0.049852 0.307912 1.794681
v 0.049852 0.307912 1.794681
v 0.049852 0.307912 1.794681
v 0.049852 0.307912 1.794681
v 0.049852 -0.085042 1.829871
v 0.049852 -0.085042 1.829871
v 0.049852 -0.085042 1.829871
v 0.049852 0.348966 1.853330
v 0.049852 0.348966 1.853330
v 0.049852 0.348966 1.853330
v 0.049852 0.348966 1.853330
v 0.049852 -0.120232 1.865061
v 0.049852 -0.120232 1.865061
v 0.049852 0.173016 2.070334
v 0.049852 0.173016 2.070334
v 0.049852 -0.167152 2.175905
v 0.049852 -0.167152 2.175905
v 0.049852 -0.167152 2.175905
v 0.049852 0.067447 2.304932
v 0.049852 -0.214071 2.387042
v 0.049852 -0.214071 2.387042
v 0.049852 -0.214071 2.387042
v 0.049852 -0.337235 2.428098
v 0.049852 -0.337235 2.428098
v 0.049852 -0.337235 2.428098
v 0.049852 -0.014663 2.568856
v 0.049852 -0.014663 2.568856
v 0.049852 -0.014663 2.568856
v 0.049852 0.008798 2.586452
v 0.049852 0.008798 2.586452
v 0.049852 0.008798 2.586452
v 0.049852 0.008798 2.586452
v 0.049852 -0.014663 2.615777
v 0.049852 -0.014663 2.615777
v 0.049852 -0.014663 2.615777
v 0.049852 0.026393 2.991136
v 0.049852 0.026393 2.991136
v 0.049852 -0.618755 1.495568
v 0.049852 -0.618755 1.495568
v 0.049852 -0.607024 1.466242
v 0.049852 -0.607024 1.466242
v 0.055716 -0.607024 1.513163
v 0.055716 -0.149557 1.730166
v 0.055716 -0.149557 1.730166
v 0.055716 -0.278587 1.753626
v 0.055716 -0.278587 1.753626
v 0.055716 0.348966 1.777087
v 0.055716 0.348966 1.777087
v 0.055716 0.348966 1.777087
v 0.055716 0.366561 1.829871
v 0.055716 0.366561 1.829871
v 0.055716 0.366561 1.829871
v 0.055716 0.366561 1.829871
v 0.055716 -0.214071 2.457423
v 0.055716 -0.214071 2.457423
v 0.055716 -0.214071 2.457423
v 0.055716 -0.214071 2.457423
v 0.055716 -0.325507 2.580587
v 0.055716 -0.325507 2.580587
v 0.055716 -0.325507 2.580587
v 0.055716 -0.061582 2.604046
v 0.055716 0.008798 2.645102
v 0.055716 0.008798 2.645102
v 0.055716 0.008798 2.645102
v 0.055716 0.008798 2.645102
v 0.055716 0.002932 2.686156
v 0.055716 0.002932 2.686156
v 0.055716 0.043988 2.762402
v 0.055716 0.043988 2.762402
v 0.055716 0.043988 2.762402
v 0.055716 0.043988 2.762402
v 0.055716 0.043988 2.762402
v 0.055716 0.026393 2.797591
v 0.055716 0.026393 2.797591
v 0.055716 0.026393 2.797591
v 0.055716 0.026393 2.797591
v 0.055716 -0.161287 2.797591
v 0.055716 -0.161287 2.797591
v 0.055716 -0.161287 2.797591
v 0.055716 -0.161287 2.797591
v 0.055716 -0.161287 2.797591
v 0.055716 0.043988 2.897295
v 0.061582 -0.184747 1.712571
v 0.061582 -0.184747 1.712571
v 0.061582 -0.184747 1.712571
v 0.061582 -0.202342 1.906114
v 0.061582 -0.202342 1.906114
v 0.061582 -0.208206 2.041010
v 0.061582 -0.208206 2.041010
v 0.061582 -0.208206 2.076200
v 0.061582 -0.208206 2.076200
v 0.061582 0.237531 2.175905
v 0.061582 0.237531 2.175905
v 0.061582 0.237531 2.175905
v 0.061582 0.143692 2.187634
v 0.061582 0.143692 2.187634
v 0.061582 0.126097 2.304932
v 0.061582 0.126097 2.304932
v 0.061582 0.149557 2.375313
v 0.061582 0.149557 2.375313
v 0.061582 0.143692 2.398773
v 0.061582 0.143692 2.398773
v 0.061582 -0.085042 2.398773
v 0.061582 -0.348966 2.416368
v 0.061582 -0.348966 2.416368
v 0.061582 -0.348966 2.416368
v 0.061582 -0.348966 2.416368
v 0.061582 0.002932 2.574723
v 0.061582 0.002932 2.574723
v 0.061582 0.002932 2.574723
v 0.061582 -0.372425 2.803455
v 0.061582 -0.202342 2.885565
v 0.061582 -0.202342 2.885565
v 0.061582 -0.202342 2.885565
v 0.061582 0.214071 1.313753
v 0.061582 0.214071 1.313753
v 0.061582 0.214071 1.313753
v 0.061582 0.214071 1.313753
v 0.061582 0.214071 1.313753
v 0.061582 -0.131962 1.296158
v 0.061582 -0.131962 1.296158
v 0.061582 -0.131962 1.296158
v 0.061582 -0.354830 0.527848
v 0.061582 -0.354830 0.527848
v 0.061582 -0.354830 0.527848
v 0.067447 -0.630484 1.501432
v 0.067447 -0.630484 1.501432
v 0.067447 -0.589429 1.519027
v 0.067447 -0.589429 1.519027
v 0.067447 -0.190611 1.706707
v 0.067447 -0.190611 1.706707
v 0.067447 -0.190611 1.706707
v 0.067447 0.284451 1.771221
v 0.067447 0.284451 1.771221
v 0.067447 0.284451 1.771221
v 0.067447 0.284451 1.771221
v 0.067447 0.319640 1.800545
v 0.067447 0.319640 1.800545
v 0.067447 0.319640 1.800545
v 0.067447 0.319640 1.800545
v 0.067447 0.378291 1.806410
v 0.067447 0.378291 1.806410
v 0.067447 -0.225802 1.859197
v 0.067447 -0.225802 1.859197
v 0.067447 -0.225802 1.859197
v 0.067447 -0.225802 1.859197
v 0.067447 -0.225802 1.859197
v 0.067447 -0.225802 1.859197
v 0.067447 -0.225802 1.859197
v 0.067447 -0.225802 1.859197
v 0.067447 -0.225802 1.859197
v 0.067447 -0.161287 1.870925
v 0.067447 -0.161287 1.870925
v 0.067447 -0.161287 1.870925
v 0.067447 -0.161287 1.870925
v 0.067447 -0.161287 1.870925
v 0.067447 -0.161287 1.870925
v 0.067447 -0.161287 1.870925
v 0.067447 0.302045 1.906114
v 0.067447 0.302045 1.906114
v 0.067447 0.302045 1.906114
v 0.067447 0.302045 1.906114
v 0.067447 0.302045 1.906114
v 0.067447 0.302045 1.906114
v 0.067447 0.196477 1.947171
v 0.067447 0.196477 1.947171
v 0.067447 -0.208206 1.953035
v 0.067447 -0.208206 1.953035
v 0.067447 0.237531 2.117255
v 0.067447 0.237531 2.117255
v 0.067447 0.255126 2.175905
v 0.067447 0.255126 2.175905
v 0.067447 0.255126 2.175905
v 0.067447 0.255126 2.175905
v 0.067447 0.266856 2.252148
v 0.067447 0.266856 2.252148
v 0.067447 0.255126 2.293204
v 0.067447 0.255126 2.293204
v 0.067447 0.255126 2.293204
v 0.067447 0.255126 2.293204
v 0.067447 0.143692 2.351853
v 0.067447 0.143692 2.351853
v 0.067447 0.143692 2.351853
v 0.067447 -0.126097 2.422232
v 0.067447 -0.126097 2.422232
v 0.067447 -0.184747 2.527803
v 0.067447 -0.184747 2.527803
v 0.067447 -0.337235 2.574723
v 0.067447 -0.337235 2.574723
v 0.067447 -0.337235 2.574723
v 0.067447 -0.067447 2.586452
v 0.067447 -0.067447 2.586452
v 0.067447 0.002932 2.615777
v 0.067447 0.002932 2.615777
v 0.067447 -0.085042 2.645102
v 0.067447 -0.354830 0.486792
v 0.067447 -0.354830 0.486792
v 0.067447 -0.354830 0.486792
v 0.073311 0.337235 1.565947
v 0.073311 0.337235 1.565947
v 0.073311 0.331371 1.624597
v 0.073311 0.331371 1.624597
v 0.073311 -0.190611 1.724302
v 0.073311 -0.190611 1.724302
v 0.073311 -0.190611 1.724302
v 0.073311 0.290317 1.759492
v 0.073311 0.290317 1.759492
v 0.073311 0.290317 1.759492
v 0.073311 0.337235 1.782951
v 0.073311 0.337235 1.782951
v 0.073311 0.337235 1.782951
v 0.073311 0.337235 1.782951
v 0.073311 -0.243397 1.841602
v 0.073311 -0.243397 1.841602
v 0.073311 -0.243397 1.841602
v 0.073311 -0.243397 1.841602
v 0.073311 -0.243397 1.841602
v 0.073311 0.278587 1.935440
v 0.073311 0.278587 1.935440
v 0.073311 0.278587 1.935440
v 0.073311 -0.260992 1.935440
v 0.073311 -0.260992 1.935440
v 0.073311 -0.260992 1.935440
v 0.073311 -0.190611 1.953035
v 0.073311 -0.190611 1.953035
v 0.073311 -0.190611 1.953035
v 0.073311 0.378291 1.988224
v 0.073311 0.378291 1.988224
v 0.073311 0.378291 1.988224
v 0.073311 0.378291 1.988224
v 0.073311 -0.208206 2.058605
v 0.073311 -0.208206 2.058605
v 0.073311 0.255126 2.117255
v 0.073311 0.255126 2.117255
v 0.073311 0.266856 2.117255
v 0.073311 0.266856 2.117255
v 0.073311 0.266856 2.234553
v 0.073311 0.266856 2.234553
v 0.073311 0.266856 2.234553
v 0.073311 0.266856 2.234553
v 0.073311 0.266856 2.263879
v 0.073311 0.266856 2.263879
v 0.073311 0.266856 2.287338
v 0.073311 0.266856 2.287338
v 0.073311 0.143692 2.375313
v 0.073311 0.143692 2.375313
v 0.073311 0.155421 2.375313
v 0.073311 0.155421 2.375313
v 0.073311 0.143692 2.428098
v 0.073311 0.143692 2.428098
v 0.073311 0.143692 2.428098
v 0.073311 -0.120232 2.727211
v 0.073311 -0.120232 2.727211
v 0.073311 0.032258 2.738942
v 0.073311 0.032258 2.738942
v 0.073311 0.032258 2.738942
v 0.073311 0.032258 2.738942
v 0.073311 -0.436940 2.791726
v 0.073311 -0.302045 2.809321
v 0.073311 -0.149557 1.260969
v 0.073311 -0.149557 1.260969
v 0.073311 -0.149557 1.260969
v 0.073311 -0.149557 1.260969
v 0.073311 -0.149557 1.260969
v 0.073311 -0.161287 1.208184
v 0.073311 -0.161287 1.208184
v 0.073311 -0.161287 1.208184
v 0.073311 -0.161287 1.208184
v 0.073311 -0.161287 1.208184
v 0.079177 -0.624620 1.507298
v 0.079177 -0.624620 1.507298
v 0.079177 -0.607024 1.519027
v 0.079177 -0.607024 1.519027
v 0.079177 -0.196477 1.712571
v 0.079177 -0.196477 1.712571
v 0.079177 -0.196477 1.712571
v 0.079177 0.284451 1.777087
v 0.079177 0.284451 1.777087
v 0.079177 0.284451 1.777087
v 0.079177 0.284451 1.777087
v 0.079177 0.331371 1.847466
v 0.079177 0.331371 1.847466
v 0.079177 0.331371 1.847466
v 0.079177 0.331371 1.847466
v 0.079177 0.331371 1.847466
v 0.079177 0.331371 1.847466
v 0.079177 0.331371 1.847466
v 0.079177 0.331371 1.847466
v 0.079177 0.331371 1.847466
v 0.079177 -0.343102 1.865061
v 0.079177 -0.343102 1.865061
v 0.079177 -0.343102 1.865061
v 0.079177 -0.343102 1.865061
v 0.079177 -0.343102 1.865061
v 0.079177 -0.178882 2.046874
v 0.079177 -0.178882 2.046874
v 0.079177 -0.178882 2.046874
v 0.079177 0.266856 2.128984
v 0.079177 0.266856 2.128984
v 0.079177 0.266856 2.128984
v 0.079177 0.184747 2.310799
v 0.079177 0.131962 2.392908
v 0.079177 0.131962 2.392908
v 0.079177 0.155421 2.392908
v 0.079177 0.155421 2.392908
v 0.079177 0.155421 2.392908
v 0.079177 -0.237531 2.439829
v 0.079177 -0.237531 2.439829
v 0.079177 -0.237531 2.439829
v 0.079177 -0.137826 2.527803
v 0.079177 -0.137826 2.527803
v 0.079177 -0.143692 2.733076
v 0.079177 -0.143692 2.733076
v 0.079177 -0.155421 2.750671
v 0.079177 -0.155421 2.750671
v 0.079177 -0.243397 2.768266
v 0.079177 -0.243397 2.768266
v 0.079177 -0.243397 2.768266
v 0.079177 -0.243397 2.768266
v 0.079177 -0.442806 2.809321
v 0.079177 -0.442806 2.809321
v 0.079177 -0.278587 2.821050
v 0.079177 -0.278587 2.821050
v 0.079177 -0.278587 2.821050
v 0.079177 0.219936 1.272698
v 0.079177 0.219936 1.272698
v 0.079177 0.219936 1.272698
v 0.079177 0.219936 1.272698
v 0.079177 -0.964787 1.114345
v 0.079177 -0.964787 1.114345
v 0.079177 -0.378291 0.580632
v 0.079177 -0.378291 0.580632
v 0.079177 0.712594 0.158355
v 0.079177 0.712594 0.158355
v 0.079177 0.712594 0.158355
v 0.085042 -0.442806 1.624597
v 0.085042 -0.442806 1.624597
v 0.085042 -0.442806 1.624597
v 0.085042 -0.431076 1.636326
v 0.085042 -0.431076 1.636326
v 0.085042 0.290317 1.771221
v 0.085042 0.290317 1.771221
v 0.085042 0.290317 1.771221
v 0.085042 0.290317 1.771221
v 0.085042 0.284451 1.812276
v 0.085042 0.284451 1.812276
v 0.085042 0.284451 1.812276
v 0.085042 0.284451 1.812276
v 0.085042 0.319640 1.888520
v 0.085042 0.319640 1.888520
v 0.085042 0.319640 1.888520
v 0.085042 0.319640 1.888520
v 0.085042 0.319640 1.888520
v 0.085042 -0.208206 1.888520
v 0.085042 -0.208206 1.888520
v 0.085042 -0.208206 1.888520
v 0.085042 -0.208206 1.888520
v 0.085042 -0.208206 1.888520
v 0.085042 -0.466265 1.999955
v 0.085042 -0.466265 1.999955
v 0.085042 -0.466265 1.999955
v 0.085042 0.266856 2.105524
v 0.085042 0.266856 2.105524
v 0.085042 0.266856 2.105524
v 0.085042 0.266856 2.105524
v 0.085042 -0.008797 2.387042
v 0.085042 -0.008797 2.387042
v 0.085042 0.014663 2.609913
v 0.085042 0.014663 2.609913
v 0.085042 0.032258 2.692022
v 0.085042 0.032258 2.692022
v 0.085042 -0.143692 2.750671
v 0.085042 -0.143692 2.750671
v 0.085042 -0.143692 2.750671
v 0.085042 -0.143692 2.750671
v 0.085042 -0.472129 2.768266
v 0.085042 -0.472129 2.768266
v 0.085042 -0.460400 2.791726
v 0.085042 -0.442806 2.821050
v 0.085042 -0.313776 0.991181
v 0.085042 -0.313776 0.991181
v 0.085042 -0.313776 0.991181
v 0.085042 -0.313776 0.991181
v 0.085042 -0.313776 0.991181
v 0.085042 -0.554239 0.521982
v 0.085042 -0.554239 0.521982
v 0.085042 -0.554239 0.521982
v 0.085042 0.683269 0.181814
v 0.085042 0.683269 0.181814
v 0.085042 0.700864 0.123164
v 0.085042 0.700864 0.123164
v 0.085042 0.700864 0.123164
v 0.090906 -0.519050 1.554216
v 0.090906 -0.519050 1.554216
v 0.090906 0.425211 1.947171
v 0.090906 0.425211 1.947171
v 0.090906 0.325507 1.994090
v 0.090906 0.325507 1.994090
v 0.090906 -0.425211 2.035145
v 0.090906 -0.425211 2.035145
v 0.090906 0.202342 2.205229
v 0.090906 0.202342 2.205229
v 0.090906 0.202342 2.205229
v 0.090906 0.260992 2.228689
v 0.090906 0.260992 2.228689
v 0.090906 0.061582 2.410503
v 0.090906 0.131962 2.416368
v 0.090906 0.131962 2.416368
v 0.090906 0.131962 2.416368
v 0.090906 0.131962 2.416368
v 0.090906 0.131962 2.416368
v 0.090906 0.131962 2.416368
v 0.090906 0.161287 2.428098
v 0.090906 0.161287 2.428098
v 0.090906 0.161287 2.428098
v 0.090906 0.161287 2.428098
v 0.090906 -0.208206 2.486747
v 0.090906 -0.208206 2.486747
v 0.090906 -0.208206 2.486747
v 0.090906 -0.208206 2.486747
v 0.090906 -0.208206 2.486747
v 0.090906 -0.131962 2.692022
v 0.090906 -0.331371 2.762402
v 0.090906 -0.331371 2.762402
v 0.090906 -0.360697 2.768266
v 0.090906 -0.360697 2.768266
v 0.090906 -0.360697 2.768266
v 0.090906 0.055716 2.785861
v 0.090906 0.055716 2.785861
v 0.090906 -0.425211 2.832781
v 0.090906 -0.378291 2.844511
v 0.090906 0.331371 1.331348
v 0.090906 0.331371 1.331348
v 0.090906 0.331371 1.331348
v 0.090906 0.225802 1.225779
v 0.090906 0.225802 1.225779
v 0.090906 0.225802 1.225779
v 0.090906 -0.284451 1.137803
v 0.090906 -0.284451 1.137803
v 0.090906 -0.284451 1.137803
v 0.090906 -0.378291 0.826961
v 0.090906 -0.378291 0.826961
v 0.090906 -0.378291 0.826961
v 0.090906 -0.448671 0.598227
v 0.090906 -0.448671 0.598227
v 0.090906 -0.448671 0.598227
v 0.090906 -0.530780 0.563037
v 0.090906 -0.530780 0.563037
v 0.090906 0.366561 0.527848
v 0.090906 0.366561 0.527848
v 0.090906 0.366561 0.527848
v 0.090906 0.454535 0.527848
v 0.090906 0.454535 0.527848
v 0.090906 0.454535 0.527848
v 0.090906 0.454535 0.527848
v 0.090906 -0.548374 0.486792
v 0.090906 -0.548374 0.486792
v 0.090906 -0.548374 0.486792
v 0.096772 -0.425211 1.648057
v 0.096772 -0.425211 1.648057
v 0.096772 -0.395886 1.771221
v 0.096772 -0.395886 1.771221
v 0.096772 -0.395886 1.771221
v 0.096772 0.360697 1.806410
v 0.096772 0.360697 1.806410
v 0.096772 -0.489724 1.970629
v 0.096772 -0.489724 1.970629
v 0.096772 -0.489724 1.970629
v 0.096772 -0.489724 1.970629
v 0.096772 -0.489724 1.970629
v 0.096772 0.260992 2.029280
v 0.096772 0.260992 2.029280
v 0.096772 0.260992 2.029280
v 0.096772 0.272721 2.246284
v 0.096772 0.272721 2.246284
v 0.096772 0.266856 2.269743
v 0.096772 0.266856 2.269743
v 0.096772 0.266856 2.269743
v 0.096772 0.102637 2.422232
v 0.096772 0.102637 2.463287
v 0.096772 0.102637 2.463287
v 0.096772 0.126097 2.475018
v 0.096772 0.126097 2.475018
v 0.096772 0.126097 2.475018
v 0.096772 0.126097 2.475018
v 0.096772 0.008798 2.586452
v 0.096772 0.008798 2.586452
v 0.096772 -0.096772 2.604046
v 0.096772 -0.096772 2.604046
v 0.096772 0.055716 2.750671
v 0.096772 0.055716 2.750671
v 0.096772 0.055716 2.750671
v 0.096772 0.055716 2.750671
v 0.096772 0.049852 2.779996
v 0.096772 0.049852 2.779996
v 0.096772 0.049852 2.779996
v 0.096772 -0.360697 2.779996
v 0.096772 -0.360697 2.779996
v 0.096772 -0.360697 2.779996
v 0.096772 -0.296181 2.856242
v 0.096772 -0.372425 2.879700
v 0.096772 -0.372425 2.879700
v 0.096772 0.055716 2.973541
v 0.096772 0.055716 2.973541
v 0.096772 -0.953058 1.096750
v 0.096772 -0.953058 1.096750
v 0.096772 0.448671 0.486792
v 0.096772 0.448671 0.486792
v 0.096772 0.448671 0.486792
v 0.096772 0.659810 0.140758
v 0.096772 0.659810 0.140758
v 0.102637 -0.501455 1.548352
v 0.102637 -0.501455 1.548352
v 0.102637 -0.460400 1.618732
v 0.102637 -0.460400 1.618732
v 0.102637 -0.366561 1.818140
v 0.102637 -0.366561 1.818140
v 0.102637 -0.366561 1.818140
v 0.102637 -0.296181 1.906114
v 0.102637 -0.296181 1.906114
v 0.102637 -0.296181 1.906114
v 0.102637 0.278587 2.029280
v 0.102637 0.278587 2.029280
v 0.102637 0.278587 2.029280
v 0.102637 0.266856 2.140715
v 0.102637 0.266856 2.140715
v 0.102637 0.266856 2.140715
v 0.102637 0.266856 2.140715
v 0.102637 -0.260992 2.475018
v 0.102637 -0.260992 2.475018
v 0.102637 0.043988 2.738942
v 0.102637 0.043988 2.738942
v 0.102637 0.043988 2.738942
v 0.102637 0.043988 2.738942
v 0.102637 -0.372425 2.762402
v 0.102637 -0.372425 2.762402
v 0.102637 -0.372425 2.762402
v 0.102637 -0.372425 2.762402
v 0.102637 -0.243397 2.815186
v 0.102637 -0.243397 2.815186
v 0.102637 -0.331371 0.914935
v 0.102637 -0.331371 0.914935
v 0.102637 -0.331371 0.914935
v 0.102637 -0.331371 0.914935
v 0.102637 0.448671 0.563037
v 0.102637 0.448671 0.563037
v 0.102637 0.448671 0.563037
v 0.102637 0.466265 0.492658
v 0.102637 0.466265 0.492658
v 0.102637 0.466265 0.492658
v 0.102637 0.466265 0.492658
v 0.102637 0.366561 0.486792
v 0.102637 0.366561 0.486792
v 0.102637 0.366561 0.486792
v 0.102637 0.366561 0.486792
v 0.102637 0.472129 0.387087
v 0.102637 0.472129 0.387087
v 0.102637 0.472129 0.387087
v 0.102637 0.472129 0.387087
v 0.108501 -0.448671 1.636326
v 0.108501 -0.243397 1.888520
v 0.108501 -0.243397 1.888520
v 0.108501 -0.243397 1.888520
v 0.108501 -0.243397 1.888520
v 0.108501 -0.243397 1.888520
v 0.108501 -0.190611 1.923711
v 0.108501 -0.483860 1.976495
v 0.108501 -0.483860 1.976495
v 0.108501 -0.483860 1.976495
v 0.108501 -0.483860 1.976495
v 0.108501 -0.431076 2.029280
v 0.108501 -0.431076 2.029280
v 0.108501 -0.431076 2.029280
v 0.108503 0.272721 2.099660
v 0.108503 0.272721 2.099660
v 0.108503 0.272721 2.099660
v 0.108503 0.278587 2.117255
v 0.108503 0.278587 2.117255
v 0.108501 -0.026393 2.475018
v 0.108501 -0.026393 2.475018
v 0.108501 -0.290316 2.604046
v 0.108501 -0.290316 2.604046
v 0.108501 -0.290316 2.604046
v 0.108501 -0.290316 2.604046
v 0.108501 0.020527 2.650966
v 0.108501 -0.372425 2.779996
v 0.108501 -0.372425 2.779996
v 0.108501 -0.372425 2.779996
v 0.108501 -0.442806 2.862106
v 0.108503 0.319640 1.290293
v 0.108503 0.319640 1.290293
v 0.108503 0.319640 1.290293
v 0.108503 0.319640 1.290293
v 0.114367 -0.431076 1.648057
v 0.114367 -0.431076 1.648057
v 0.114367 0.448671 1.911981
v 0.114367 0.448671 1.911981
v 0.114367 0.448671 1.911981
v 0.114367 0.448671 1.911981
v 0.114367 0.260992 2.234553
v 0.114367 0.260992 2.234553
v 0.114367 0.260992 2.234553
v 0.114367 0.260992 2.234553
v 0.114367 0.260992 2.234553
v 0.114367 0.260992 2.234553
v 0.114367 0.266856 2.263879
v 0.114367 0.266856 2.263879
v 0.114367 0.266856 2.263879
v 0.114367 0.278587 2.398773
v 0.114367 0.278587 2.398773
v 0.114367 0.278587 2.398773
v 0.114367 0.190613 2.404637
v 0.114367 -0.061582 2.463287
v 0.114367 -0.225802 2.475018
v 0.114367 -0.225802 2.475018
v 0.114367 -0.225802 2.475018
v 0.114367 -0.225802 2.475018
v 0.114367 -0.266856 2.475018
v 0.114367 0.137826 2.504342
v 0.114367 0.137826 2.504342
v 0.114367 0.137826 2.504342
v 0.114367 0.137826 2.504342
v 0.114367 -0.237531 2.504342
v 0.114367 -0.237531 2.504342
v 0.114367 -0.237531 2.504342
v 0.114367 -0.237531 2.504342
v 0.114367 -0.237531 2.504342
v 0.114367 -0.237531 2.504342
v 0.114367 0.161287 2.516072
v 0.114367 0.161287 2.516072
v 0.114367 0.161287 2.516072
v 0.114367 0.161287 2.516072
v 0.114367 0.161287 2.516072
v 0.114367 0.161287 2.516072
v 0.114367 0.167152 2.533667
v 0.114367 0.167152 2.533667
v 0.114367 0.167152 2.533667
v 0.114367 0.167152 2.533667
v 0.114367 -0.155421 2.598182
v 0.114367 -0.155421 2.598182
v 0.114367 -0.155421 2.598182
v 0.114367 -0.302045 2.598182
v 0.114367 -0.302045 2.598182
v 0.114367 -0.302045 2.598182
v 0.114367 -0.302045 2.598182
v 0.114367 -0.196477 2.604046
v 0.114367 -0.196477 2.604046
v 0.114367 -0.307910 2.633371
v 0.114367 -0.307910 2.633371
v 0.114367 -0.307910 2.633371
v 0.114367 -0.307910 2.633371
v 0.114367 -0.313776 2.645102
v 0.114367 -0.313776 2.645102
v 0.114367 -0.190611 2.738942
v 0.114367 -0.190611 2.738942
v 0.114367 -0.190611 2.738942
v 0.114367 -0.190611 2.738942
v 0.114367 -0.190611 2.738942
v 0.114367 -0.348966 2.744807
v 0.114367 -0.348966 2.744807
v 0.114367 -0.237531 2.832781
v 0.114367 -0.237531 2.832781
v 0.114367 -0.431076 2.879700
v 0.114367 -0.055716 2.885565
v 0.114367 -0.055716 2.885565
v 0.114367 -0.055716 2.885565
v 0.114367 0.325507 1.243374
v 0.114367 0.325507 1.243374
v 0.114367 0.325507 1.243374
v 0.114367 0.325507 1.243374
v 0.114367 0.325507 1.243374
v 0.114367 -0.313776 1.008776
v 0.114367 -0.313776 1.008776
v 0.114367 -0.313776 1.008776
v 0.114367 -0.313776 1.008776
v 0.114367 -0.290316 0.809366
v 0.114367 -0.290316 0.809366
v 0.114367 -0.290316 0.809366
v 0.114367 0.366561 0.568902
v 0.114367 0.366561 0.568902
v 0.114367 0.366561 0.568902
v 0.114367 0.366561 0.568902
v 0.114367 0.583565 0.240463
v 0.114367 0.583565 0.240463
v 0.114367 0.583565 0.240463
v 0.120232 -0.466265 1.612868
v 0.120232 -0.466265 1.612868
v 0.120232 -0.466265 1.612868
v 0.120232 -0.425211 1.642192
v 0.120232 -0.425211 1.642192
v 0.120232 -0.249261 1.923711
v 0.120232 -0.249261 1.923711
v 0.120232 -0.249261 1.923711
v 0.120232 -0.249261 1.923711
v 0.120232 -0.249261 1.923711
v 0.120232 0.296181 1.982360
v 0.120232 0.296181 1.982360
v 0.120232 0.296181 1.982360
v 0.120232 0.296181 1.982360
v 0.120232 0.243397 2.076200
v 0.120232 0.243397 2.076200
v 0.120232 0.260992 2.246284
v 0.120232 0.260992 2.246284
v 0.120232 0.085042 2.445693
v 0.120232 0.085042 2.445693
v 0.120232 0.085042 2.445693
v 0.120232 0.085042 2.445693
v 0.120232 0.085042 2.445693
v 0.120232 0.137826 2.469152
v 0.120232 0.137826 2.469152
v 0.120232 0.137826 2.469152
v 0.120232 0.137826 2.469152
v 0.120232 0.137826 2.469152
v 0.120232 0.137826 2.469152
v 0.120232 0.120232 2.492613
v 0.120232 0.120232 2.492613
v 0.120232 0.120232 2.492613
v 0.120232 0.120232 2.492613
v 0.120232 0.120232 2.492613
v 0.120232 -0.219936 2.527803
v 0.120232 -0.219936 2.527803
v 0.120232 -0.219936 2.527803
v 0.120232 0.178882 2.533667
v 0.120232 0.178882 2.533667
v 0.120232 0.178882 2.533667
v 0.120232 0.178882 2.533667
v 0.120232 0.161287 2.539533
v 0.120232 0.161287 2.539533
v 0.120232 0.161287 2.539533
v 0.120232 0.161287 2.539533
v 0.120232 0.108503 2.545397
v 0.120232 0.108503 2.545397
v 0.120232 0.108503 2.545397
v 0.120232 0.108503 2.545397
v 0.120232 0.108503 2.545397
v 0.120232 0.108503 2.545397
v 0.120232 0.155421 2.545397
v 0.120232 0.155421 2.545397
v 0.120232 0.155421 2.545397
v 0.120232 0.155421 2.545397
v 0.120232 0.155421 2.545397
v 0.120232 0.161287 2.557128
v 0.120232 0.161287 2.557128
v 0.120232 0.161287 2.557128
v 0.120232 0.161287 2.557128
v 0.120232 0.161287 2.557128
v 0.120232 -0.290316 2.627507
v 0.120232 -0.290316 2.627507
v 0.120232 -0.290316 2.627507
v 0.120232 -0.313776 2.627507
v 0.120232 -0.313776 2.627507
v 0.120232 -0.313776 2.627507
v 0.120232 -0.313776 2.627507
v 0.120232 -0.313776 2.627507
v 0.120232 -0.313776 2.645102
v 0.120232 -0.313776 2.645102
v 0.120232 -0.313776 2.645102
v 0.120232 -0.319640 2.645102
v 0.120232 -0.319640 2.645102
v 0.120232 -0.313776 2.656832
v 0.120232 -0.313776 2.656832
v 0.120232 -0.313776 2.656832
v 0.120232 -0.137826 2.662697
v 0.120232 -0.137826 2.662697
v 0.120232 -0.137826 2.662697
v 0.120232 -0.167152 2.662697
v 0.120232 -0.167152 2.662697
v 0.120232 -0.167152 2.662697
v 0.120232 -0.167152 2.662697
v 0.120232 -0.120232 2.862106
v 0.120232 -0.120232 2.862106
v 0.120232 -0.120232 2.862106
v 0.120232 -0.120232 2.862106
v 0.120232 -0.419345 2.891431
v 0.120232 -0.419345 2.891431
v 0.120232 -0.431076 0.862151
v 0.120232 -0.431076 0.862151
v 0.120232 -0.431076 0.862151
v 0.120232 -0.431076 0.862151
v 0.120232 0.565970 0.263924
v 0.120232 0.565970 0.263924
v 0.126097 -0.354830 1.876791
v 0.126097 -0.354830 1.876791
v 0.126097 -0.354830 1.876791
v 0.126097 0.348966 1.970629
v 0.126097 0.348966 1.970629
v 0.126097 0.348966 1.970629
v 0.126097 0.272721 2.105524
v 0.126097 0.272721 2.105524
v 0.126097 0.272721 2.105524
v 0.126097 0.272721 2.105524
v 0.126097 0.272721 2.105524
v 0.126097 0.266856 2.134849
v 0.126097 0.266856 2.134849
v 0.126097 0.266856 2.134849
v 0.126097 0.284451 2.392908
v 0.126097 0.284451 2.392908
v 0.126097 0.284451 2.392908
v 0.126097 0.284451 2.392908
v 0.126097 -0.366561 2.445693
v 0.126097 0.155421 2.457423
v 0.126097 0.155421 2.457423
v 0.126097 0.155421 2.457423
v 0.126097 0.002932 2.463287
v 0.126097 0.002932 2.463287
v 0.126097 -0.249261 2.498477
v 0.126097 -0.249261 2.498477
v 0.126097 -0.249261 2.498477
v 0.126097 -0.249261 2.498477
v 0.126097 0.167152 2.516072
v 0.126097 0.167152 2.516072
v 0.126097 0.167152 2.516072
v 0.126097 0.149557 2.539533
v 0.126097 0.149557 2.539533
v 0.126097 0.149557 2.539533
v 0.126097 0.155421 2.551261
v 0.126097 0.155421 2.551261
v 0.126097 0.155421 2.551261
v 0.126097 0.167152 2.557128
v 0.126097 0.167152 2.557128
v 0.126097 0.167152 2.557128
v 0.126097 0.167152 2.557128
v 0.126097 0.167152 2.557128
v 0.126097 0.167152 2.557128
v 0.126097 0.149557 2.568856
v 0.126097 0.149557 2.568856
v 0.126097 0.149557 2.568856
v 0.126097 -0.266856 2.633371
v 0.126097 -0.266856 2.633371
v 0.126097 -0.313776 2.639237
v 0.126097 -0.313776 2.639237
v 0.126097 -0.313776 2.639237
v 0.126097 -0.313776 2.639237
v 0.126097 -0.196477 2.680292
v 0.126097 -0.196477 2.680292
v 0.126097 -0.196477 2.680292
v 0.126097 -0.208206 2.715481
v 0.126097 -0.208206 2.715481
v 0.126097 -0.208206 2.715481
v 0.126097 -0.243397 2.826916
v 0.126097 -0.243397 2.826916
v 0.126097 -0.466265 2.879700
v 0.126097 -0.348966 2.897295
v 0.126097 -0.348966 2.897295
v 0.126097 -0.401750 0.932531
v 0.126097 -0.401750 0.932531
v 0.126096 -0.706729 0.193545
v 0.126096 -0.706729 0.193545
v 0.126096 -0.818163 0.164219
v 0.126096 -0.818163 0.164219
v 0.126097 0.730189 0.117300
v 0.126097 0.730189 0.117300
v 0.126097 0.730189 0.117300
v 0.126097 0.730189 0.000000
v 0.126097 0.730189 0.000000
v 0.126097 0.730189 0.000000
v 0.131962 -0.460400 1.624597
v 0.131962 -0.460400 1.624597
v 0.131962 -0.407614 1.630462
v 0.131962 -0.407614 1.630462
v 0.131962 -0.407614 1.630462
v 0.131962 -0.407614 1.630462
v 0.131962 -0.442806 1.636326
v 0.131962 -0.442806 1.636326
v 0.131962 -0.372425 1.700842
v 0.131962 -0.372425 1.700842
v 0.131962 -0.307910 1.812276
v 0.131962 -0.307910 1.812276
v 0.131962 -0.307910 1.812276
v 0.131962 -0.348966 1.812276
v 0.131962 -0.348966 1.812276
v 0.131962 -0.348966 1.812276
v 0.131962 -0.348966 1.812276
v 0.131962 -0.348966 1.812276
v 0.131962 -0.348966 1.812276
v 0.131962 -0.302045 1.876791
v 0.131962 -0.302045 1.876791
v 0.131962 -0.302045 1.876791
v 0.131962 0.401750 1.935440
v 0.131962 0.401750 1.935440
v 0.131962 -0.319640 2.445693
v 0.131962 -0.319640 2.445693
v 0.131962 -0.319640 2.445693
v 0.131962 0.161287 2.469152
v 0.131962 0.161287 2.469152
v 0.131962 0.161287 2.469152
v 0.131962 -0.372425 2.475018
v 0.131962 -0.372425 2.475018
v 0.131962 0.149557 2.480882
v 0.131962 0.149557 2.480882
v 0.131962 0.149557 2.480882
v 0.131962 0.149557 2.480882
v 0.131962 0.143692 2.498477
v 0.131962 0.143692 2.498477
v 0.131962 0.143692 2.498477
v 0.131962 0.143692 2.498477
v 0.131962 0.143692 2.498477
v 0.131962 0.067447 2.521937
v 0.131962 0.067447 2.521937
v 0.131962 0.067447 2.521937
v 0.131962 -0.049852 2.592318
v 0.131962 -0.049852 2.592318
v 0.131962 -0.049852 2.592318
v 0.131962 -0.049852 2.592318
v 0.131962 -0.296181 2.621641
v 0.131962 -0.296181 2.621641
v 0.131962 -0.131962 2.627507
v 0.131962 -0.131962 2.627507
v 0.131962 -0.131962 2.627507
v 0.131962 -0.131962 2.627507
v 0.131962 -0.296181 2.633371
v 0.131962 -0.296181 2.633371
v 0.131962 -0.243397 2.650966
v 0.131962 -0.243397 2.650966
v 0.131962 -0.243397 2.650966
v 0.131962 -0.243397 2.650966
v 0.131962 -0.243397 2.650966
v 0.131962 -0.190611 2.738942
v 0.131962 -0.190611 2.738942
v 0.131962 -0.190611 2.738942
v 0.131962 -0.190611 2.738942
v 0.131962 -0.190611 2.738942
v 0.131962 -0.190611 2.738942
v 0.131962 -0.190611 2.738942
v 0.131962 -0.190611 2.738942
v 0.131962 -0.214071 2.850376
v 0.131962 -0.214071 2.850376
v 0.131962 -0.489724 2.867971
v 0.131962 -0.237531 2.891431
v 0.131962 -0.202342 1.120209
v 0.131962 -0.202342 1.120209
v 0.131962 -0.202342 1.120209
v 0.131962 -0.812299 0.129029
v 0.131962 -0.812299 0.129029
v 0.131962 -0.812299 0.129029
v 0.131962 -0.841624 0.117300
v 0.131962 -0.841624 0.117300
v 0.131962 -0.841624 0.000000
v 0.131962 -0.841624 0.000000
v 0.137826 -0.290316 1.812276
v 0.137826 -0.290316 1.812276
v 0.137826 -0.290316 1.812276
v 0.137826 0.272721 2.117255
v 0.137826 0.272721 2.117255
v 0.137826 -0.260992 2.117255
v 0.137826 -0.307910 2.258014
v 0.137826 -0.354830 2.392908
v 0.137826 -0.354830 2.392908
v 0.137826 -0.354830 2.392908
v 0.137826 -0.354830 2.392908
v 0.137826 -0.354830 2.392908
v 0.137826 0.155421 2.463287
v 0.137826 0.155421 2.463287
v 0.137826 0.155421 2.463287
v 0.137826 0.155421 2.463287
v 0.137826 0.178882 2.463287
v 0.137826 0.178882 2.463287
v 0.137826 0.178882 2.463287
v 0.137826 -0.266856 2.475018
v 0.137826 -0.266856 2.475018
v 0.137826 -0.266856 2.475018
v 0.137826 -0.120232 2.492613
v 0.137826 -0.120232 2.492613
v 0.137826 -0.043988 2.516072
v 0.137826 -0.043988 2.516072
v 0.137826 0.137826 2.521937
v 0.137826 0.137826 2.521937
v 0.137826 0.137826 2.521937
v 0.137826 0.137826 2.521937
v 0.137826 -0.049852 2.557128
v 0.137826 -0.049852 2.557128
v 0.137826 -0.049852 2.557128
v 0.137826 -0.049852 2.557128
v 0.137826 0.014663 2.609913
v 0.137826 0.014663 2.609913
v 0.137826 -0.225802 2.686156
v 0.137826 -0.225802 2.686156
v 0.137826 -0.225802 2.686156
v 0.137826 -0.155421 2.715481
v 0.137826 -0.155421 2.715481
v 0.137826 -0.155421 2.715481
v 0.137826 -0.155421 2.715481
v 0.137826 -0.155421 2.715481
v 0.137826 -0.272721 2.721345
v 0.137826 -0.272721 2.721345
v 0.137826 0.043988 2.727211
v 0.137826 0.043988 2.727211
v 0.137826 0.049852 2.744807
v 0.137826 0.049852 2.744807
v 0.137826 0.049852 2.744807
v 0.137826 0.049852 2.744807
v 0.137826 0.049852 2.762402
v 0.137826 0.049852 2.762402
v 0.137826 0.049852 2.762402
v 0.137826 0.049852 2.762402
v 0.137826 0.049852 2.762402
v 0.137826 0.061582 2.768266
v 0.137826 0.061582 2.768266
v 0.137826 0.061582 2.768266
v 0.137826 0.061582 2.768266
v 0.137826 0.079177 2.809321
v 0.137826 0.079177 2.809321
v 0.137826 0.079177 2.809321
v 0.137826 -0.202342 2.809321
v 0.137826 -0.278587 2.920755
v 0.137826 -0.366561 2.920755
v 0.137826 -0.337235 2.926621
v 0.137826 -0.319640 2.932485
v 0.137826 -0.700864 0.451603
v 0.137826 -0.700864 0.451603
v 0.137826 0.560105 0.381223
v 0.137826 0.560105 0.381223
v 0.137826 0.560105 0.381223
v 0.137826 0.560105 0.381223
v 0.137826 -0.777110 0.181814
v 0.137826 -0.777110 0.181814
v 0.137826 -0.765379 0.134894
v 0.137826 -0.765379 0.134894
v 0.137826 -0.765379 0.134894
v 0.143692 -0.296181 1.554216
v 0.143692 -0.296181 1.554216
v 0.143692 -0.354830 1.694977
v 0.143692 -0.354830 1.694977
v 0.143692 -0.354830 1.694977
v 0.143692 -0.378291 2.058605
v 0.143692 -0.378291 2.058605
v 0.143692 -0.378291 2.058605
v 0.143692 -0.401750 2.328394
v 0.143692 -0.401750 2.328394
v 0.143692 -0.401750 2.328394
v 0.143692 -0.454535 2.439829
v 0.143692 -0.454535 2.439829
v 0.143692 -0.460400 2.469152
v 0.143692 -0.460400 2.469152
v 0.143692 -0.460400 2.469152
v 0.143692 0.143692 2.475018
v 0.143692 0.143692 2.475018
v 0.143692 0.143692 2.475018
v 0.143692 0.143692 2.475018
v 0.143692 0.143692 2.475018
v 0.143692 -0.243397 2.498477
v 0.143692 -0.243397 2.498477
v 0.143692 -0.243397 2.498477
v 0.143692 -0.196477 2.504342
v 0.143692 -0.196477 2.504342
v 0.143692 -0.196477 2.504342
v 0.143692 0.131962 2.545397
v 0.143692 0.131962 2.545397
v 0.143692 0.131962 2.545397
v 0.143692 0.131962 2.545397
v 0.143692 0.108503 2.592318
v 0.143692 0.108503 2.592318
v 0.143692 0.108503 2.592318
v 0.143692 -0.108501 2.615777
v 0.143692 -0.108501 2.615777
v 0.143692 -0.108501 2.615777
v 0.143692 -0.108501 2.615777
v 0.143692 -0.266856 2.615777
v 0.143692 -0.266856 2.615777
v 0.143692 -0.266856 2.615777
v 0.143692 -0.272721 2.633371
v 0.143692 -0.272721 2.633371
v 0.143692 -0.272721 2.633371
v 0.143692 -0.143692 2.662697
v 0.143692 -0.143692 2.662697
v 0.143692 -0.143692 2.662697
v 0.143692 -0.143692 2.662697
v 0.143692 -0.143692 2.662697
v 0.143692 -0.143692 2.662697
v 0.143692 -0.143692 2.662697
v 0.143692 -0.167152 2.662697
v 0.143692 -0.167152 2.662697
v 0.143692 -0.167152 2.662697
v 0.143692 0.038122 2.697887
v 0.143692 0.038122 2.697887
v 0.143692 0.038122 2.697887
v 0.143692 -0.360697 2.762402
v 0.143692 -0.360697 2.762402
v 0.143692 -0.360697 2.791726
v 0.143692 -0.360697 2.791726
v 0.143692 -0.360697 2.932485
v 0.143692 0.096772 1.495568
v 0.143692 0.542510 0.486792
v 0.143692 0.542510 0.486792
v 0.143692 0.542510 0.486792
v 0.143692 0.542510 0.486792
v 0.149557 0.085042 1.548352
v 0.149557 0.085042 1.548352
v 0.149557 -0.231666 2.516072
v 0.149557 -0.231666 2.516072
v 0.149557 -0.231666 2.516072
v 0.149557 -0.231666 2.516072
v 0.149557 -0.231666 2.516072
v 0.149557 -0.231666 2.516072
v 0.149557 -0.231666 2.516072
v 0.149557 -0.231666 2.516072
v 0.149557 -0.225802 2.604046
v 0.149557 -0.225802 2.604046
v 0.149557 -0.196477 2.680292
v 0.149557 -0.196477 2.680292
v 0.149557 -0.196477 2.680292
v 0.149557 -0.196477 2.680292
v 0.149557 -0.196477 2.680292
v 0.149557 -0.196477 2.680292
v 0.149557 -0.196477 2.680292
v 0.149557 -0.325507 1.331348
v 0.149557 -0.325507 1.331348
v 0.149557 -0.343102 0.903205
v 0.149557 -0.343102 0.903205
v 0.149557 -0.343102 0.903205
v 0.149557 -0.343102 0.903205
v 0.149557 -0.343102 0.903205
v 0.149557 -0.343102 0.903205
v 0.149557 -0.343102 0.903205
v 0.149557 0.595295 0.416413
v 0.149557 0.595295 0.416413
v 0.149557 0.595295 0.416413
v 0.149557 0.565970 0.381223
v 0.149557 0.565970 0.381223
v 0.149557 0.565970 0.381223
v 0.149557 0.583565 0.381223
v 0.149557 0.583565 0.381223
v 0.155421 -0.384155 1.753626
v 0.155421 -0.384155 1.753626
v 0.155421 -0.384155 1.753626
v 0.155421 0.343102 1.941306
v 0.155421 0.343102 1.941306
v 0.155421 -0.260992 2.005819
v 0.155421 0.131962 2.498477
v 0.155421 0.131962 2.498477
v 0.155421 0.131962 2.498477
v 0.155421 0.149557 2.574723
v 0.155421 0.149557 2.574723
v 0.155421 0.149557 2.574723
v 0.155421 0.149557 2.574723
v 0.155421 0.149557 2.574723
v 0.155421 0.167152 2.580587
v 0.155421 0.167152 2.580587
v 0.155421 0.167152 2.580587
v 0.155421 0.167152 2.580587
v 0.155421 -0.249261 2.656832
v 0.155421 -0.249261 2.656832
v 0.155421 0.038122 2.697887
v 0.155421 0.038122 2.697887
v 0.155421 0.038122 2.697887
v 0.155421 0.038122 2.697887
v 0.155421 0.055716 2.703751
v 0.155421 0.055716 2.703751
v 0.155421 -0.208206 2.709617
v 0.155421 -0.208206 2.709617
v 0.155421 -0.208206 2.709617
v 0.155421 -0.208206 2.709617
v 0.155421 -0.208206 2.709617
v 0.155421 -0.208206 2.709617
v 0.155421 -0.208206 2.709617
v 0.155421 0.055716 2.738942
v 0.155421 -0.173016 2.826916
v 0.155421 -0.173016 2.826916
v 0.155421 -0.173016 2.826916
v 0.155421 -0.384155 2.938350
v 0.155421 -0.343102 1.302023
v 0.155421 -0.343102 1.302023
v 0.155421 0.219936 1.131939
v 0.155421 0.219936 1.131939
v 0.155421 0.219936 1.131939
v 0.155421 0.219936 1.131939
v 0.155421 -0.208206 0.979450
v 0.155421 -0.208206 0.979450
v 0.155421 -0.208206 0.979450
v 0.155421 0.296181 0.527848
v 0.155421 0.296181 0.527848
v 0.155421 0.583565 0.428144
v 0.155421 0.583565 0.428144
v 0.155421 0.583565 0.428144
v 0.155421 0.618755 0.428144
v 0.155421 0.618755 0.428144
v 0.155421 0.618755 0.428144
v 0.155421 0.618755 0.428144
v 0.155421 0.618755 0.428144
v 0.155421 0.583565 0.328439
v 0.155421 0.583565 0.328439
v 0.155421 0.583565 0.328439
v 0.155421 0.583565 0.328439
v 0.155421 0.583565 0.328439
v 0.161287 -0.249261 1.777087
v 0.161287 -0.249261 1.777087
v 0.161287 0.284451 1.947171
v 0.161287 0.284451 1.947171
v 0.161287 0.284451 1.947171
v 0.161287 0.284451 1.947171
v 0.161287 -0.202342 2.046874
v 0.161287 -0.202342 2.046874
v 0.161287 -0.472129 2.328394
v 0.161287 -0.472129 2.328394
v 0.161287 -0.472129 2.328394
v 0.161287 -0.472129 2.328394
v 0.161287 -0.472129 2.328394
v 0.161287 -0.372425 2.334258
v 0.161287 -0.372425 2.334258
v 0.161287 -0.372425 2.334258
v 0.161287 -0.237531 2.510208
v 0.161287 -0.237531 2.510208
v 0.161287 -0.237531 2.510208
v 0.161287 -0.237531 2.510208
v 0.161287 0.173016 2.574723
v 0.161287 0.173016 2.574723
v 0.161287 0.173016 2.574723
v 0.161287 0.161287 2.586452
v 0.161287 0.161287 2.586452
v 0.161287 0.178882 2.592318
v 0.161287 0.178882 2.592318
v 0.161287 0.178882 2.592318
v 0.161287 -0.231666 2.639237
v 0.161287 -0.231666 2.639237
v 0.161287 -0.231666 2.639237
v 0.161287 -0.231666 2.639237
v 0.161287 -0.231666 2.639237
v 0.161287 -0.131962 2.656832
v 0.161287 -0.131962 2.656832
v 0.161287 -0.131962 2.656832
v 0.161287 -0.131962 2.656832
v 0.161287 -0.131962 2.656832
v 0.161287 -0.231666 2.692022
v 0.161287 -0.231666 2.692022
v 0.161287 -0.231666 2.692022
v 0.161287 -0.231666 2.692022
v 0.161287 0.049852 2.703751
v 0.161287 0.049852 2.703751
v 0.161287 0.049852 2.703751
v 0.161287 0.067447 2.715481
v 0.161287 0.067447 2.715481
v 0.161287 0.067447 2.715481
v 0.161287 0.067447 2.768266
v 0.161287 0.067447 2.768266
v 0.161287 0.067447 2.768266
v 0.161287 -0.419345 1.038100
v 0.161287 -0.419345 1.038100
v 0.161287 -0.419345 1.038100
v 0.161287 0.495590 0.521982
v 0.161287 0.495590 0.521982
v 0.161287 0.296181 0.486792
v 0.161287 0.296181 0.486792
v 0.161287 0.589431 0.381223
v 0.161287 0.589431 0.381223
v 0.167152 0.407616 1.888520
v 0.167152 0.407616 1.888520
v 0.167152 0.407616 1.888520
v 0.167152 0.407616 1.888520
v 0.167152 0.067447 2.562992
v 0.167152 0.067447 2.562992
v 0.167152 0.067447 2.562992
v 0.167152 0.067447 2.562992
v 0.167152 0.067447 2.562992
v 0.167152 0.067447 2.562992
v 0.167152 -0.131962 2.568856
v 0.167152 -0.131962 2.568856
v 0.167152 -0.131962 2.568856
v 0.167152 -0.131962 2.568856
v 0.167152 0.184747 2.586452
v 0.167152 0.184747 2.586452
v 0.167152 0.184747 2.586452
v 0.167152 0.167152 2.592318
v 0.167152 0.167152 2.592318
v 0.167152 0.167152 2.592318
v 0.167152 0.167152 2.592318
v 0.167152 0.137826 2.598182
v 0.167152 0.137826 2.598182
v 0.167152 0.137826 2.598182
v 0.167152 0.137826 2.598182
v 0.167152 0.137826 2.598182
v 0.167152 0.137826 2.598182
v 0.167152 0.073311 2.615777
v 0.167152 0.073311 2.615777
v 0.167152 0.073311 2.615777
v 0.167152 0.073311 2.615777
v 0.167152 0.073311 2.615777
v 0.167152 0.073311 2.615777
v 0.167152 0.073311 2.738942
v 0.167152 0.073311 2.738942
v 0.167152 0.073311 2.756537
v 0.167152 0.073311 2.756537
v 0.167152 0.073311 2.756537
v 0.167152 0.073311 2.756537
v 0.167152 0.055716 2.768266
v 0.167152 0.055716 2.768266
v 0.167152 0.055716 2.768266
v 0.167152 0.055716 2.768266
v 0.167152 0.055716 2.768266
v 0.167152 0.055716 2.768266
v 0.167152 0.055716 2.768266
v 0.167152 0.055716 2.768266
v 0.167152 0.055716 2.768266
v 0.167152 0.055716 2.768266
v 0.167152 -0.002932 2.867971
v 0.167152 -0.002932 2.867971
v 0.167152 -0.002932 2.867971
v 0.167152 -0.002932 2.867971
v 0.167152 0.090908 2.897295
v 0.167152 0.090908 2.897295
v 0.167152 0.137826 1.290293
v 0.167152 -0.337235 1.266834
v 0.167152 -0.337235 1.266834
v 0.167152 0.313776 1.143670
v 0.167152 0.313776 1.143670
v 0.167152 0.313776 1.143670
v 0.167152 -0.237531 0.909071
v 0.167152 -0.237531 0.909071
v 0.167152 -0.225802 0.815231
v 0.167152 -0.225802 0.815231
v 0.167152 -0.225802 0.815231
v 0.167152 -0.225802 0.815231
v 0.167152 0.477995 0.563037
v 0.167152 0.477995 0.563037
v 0.167152 0.477995 0.563037
v 0.167152 0.489724 0.486792
v 0.167152 0.489724 0.486792
v 0.167152 0.489724 0.486792
v 0.167152 0.618755 0.451603
v 0.167152 0.618755 0.451603
v 0.167152 0.618755 0.451603
v 0.167152 0.618755 0.451603
v 0.167152 0.601159 0.404682
v 0.167152 0.601159 0.404682
v 0.167152 0.601159 0.404682
v 0.167152 0.601159 0.404682
v 0.167152 0.571834 0.381223
v 0.167152 0.571834 0.381223
v 0.167152 0.571834 0.322573
v 0.167152 0.571834 0.322573
v 0.167152 0.571834 0.322573
v 0.167152 0.571834 0.322573
v 0.167152 0.618755 0.310844
v 0.167152 0.618755 0.310844
v 0.167152 0.618755 0.310844
v 0.173016 0.331371 1.876791
v 0.173016 0.331371 1.876791
v 0.173016 0.331371 1.876791
v 0.173016 0.348966 1.876791
v 0.173016 0.348966 1.876791
v 0.173016 0.348966 1.876791
v 0.173016 -0.530780 1.888520
v 0.173016 -0.530780 1.888520
v 0.173016 -0.530780 1.888520
v 0.173016 -0.519050 1.906114
v 0.173016 -0.519050 1.906114
v 0.173016 -0.519050 1.906114
v 0.173016 0.032258 2.504342
v 0.173016 0.032258 2.504342
v 0.173016 0.173016 2.615777
v 0.173016 0.173016 2.615777
v 0.173016 0.173016 2.615777
v 0.173016 0.173016 2.615777
v 0.173016 -0.214071 2.680292
v 0.173016 -0.214071 2.680292
v 0.173016 -0.190611 2.709617
v 0.173016 -0.190611 2.709617
v 0.173016 -0.190611 2.709617
v 0.173016 -0.190611 2.709617
v 0.173016 0.061582 2.715481
v 0.173016 0.061582 2.715481
v 0.173016 0.061582 2.715481
v 0.173016 0.131962 1.260969
v 0.173016 0.131962 1.260969
v 0.173016 -0.372425 1.178860
v 0.173016 -0.372425 1.178860
v 0.173016 -0.225802 0.997045
v 0.173016 -0.225802 0.997045
v 0.173016 0.325507 0.991181
v 0.173016 0.325507 0.991181
v 0.173016 0.325507 0.991181
v 0.173016 0.325507 0.991181
v 0.173016 0.325507 0.991181
v 0.173016 0.196477 0.985315
v 0.173016 0.196477 0.985315
v 0.173016 0.196477 0.985315
v 0.173016 0.196477 0.985315
v 0.173016 0.278587 0.815231
v 0.173016 0.278587 0.815231
v 0.173016 0.278587 0.815231
v 0.173016 -0.372425 0.633416
v 0.173016 -0.372425 0.633416
v 0.173016 -0.372425 0.633416
v 0.173016 -0.372425 0.633416
v 0.173016 0.583565 0.422277
v 0.173016 0.583565 0.422277
v 0.173016 0.583565 0.422277
v 0.173016 0.583565 0.422277
v 0.173016 0.648079 0.398818
v 0.173016 0.648079 0.398818
v 0.173016 0.648079 0.398818
v 0.173016 0.648079 0.398818
v 0.173016 0.595295 0.346034
v 0.173016 0.595295 0.346034
v 0.173016 0.595295 0.346034
v 0.173016 0.595295 0.346034
v 0.178882 0.032258 1.642192
v 0.178882 0.032258 1.642192
v 0.178882 0.032258 1.642192
v 0.178882 0.448671 1.853330
v 0.178882 0.448671 1.853330
v 0.178882 0.448671 1.853330
v 0.178882 0.448671 1.853330
v 0.178882 0.378291 1.882655
v 0.178882 0.378291 1.882655
v 0.178882 0.378291 1.882655
v 0.178882 0.378291 1.882655
v 0.178882 0.378291 1.882655
v 0.178882 0.384155 1.953035
v 0.178882 0.384155 1.953035
v 0.178882 0.384155 1.953035
v 0.178882 -0.460400 2.316663
v 0.178882 -0.460400 2.316663
v 0.178882 -0.460400 2.316663
v 0.178882 -0.460400 2.316663
v 0.178882 0.131962 2.533667
v 0.178882 0.131962 2.533667
v 0.178882 -0.002932 2.621641
v 0.178882 -0.002932 2.621641
v 0.178882 -0.002932 2.621641
v 0.178882 -0.002932 2.621641
v 0.178882 0.043988 2.692022
v 0.178882 0.043988 2.692022
v 0.178882 0.043988 2.692022
v 0.178882 0.067447 2.738942
v 0.178882 0.067447 2.738942
v 0.178882 0.067447 2.738942
v 0.178882 0.067447 2.756537
v 0.178882 0.067447 2.756537
v 0.178882 0.067447 2.756537
v 0.178882 0.067447 2.756537
v 0.178882 0.149557 1.225779
v 0.178882 0.149557 1.225779
v 0.178882 -0.390020 1.049829
v 0.178882 -0.390020 1.049829
v 0.178882 -0.390020 1.049829
v 0.178882 -0.431076 0.651011
v 0.178882 -0.431076 0.651011
v 0.178882 -0.431076 0.651011
v 0.178882 0.313776 0.574768
v 0.178882 0.313776 0.574768
v 0.178882 0.612890 0.428144
v 0.178882 0.612890 0.428144
v 0.178882 0.612890 0.428144
v 0.178882 0.612890 0.428144
v 0.178882 0.607026 0.422277
v 0.178882 0.607026 0.422277
v 0.178882 0.607026 0.422277
v 0.178882 0.607026 0.422277
v 0.178882 0.607026 0.422277
v 0.178882 0.607026 0.422277
v 0.178882 0.607026 0.422277
v 0.178882 0.607026 0.422277
v 0.178882 0.607026 0.422277
v 0.178882 0.642215 0.346034
v 0.178882 0.642215 0.346034
v 0.178882 0.607026 0.340168
v 0.178882 0.607026 0.340168
v 0.178882 0.607026 0.340168
v 0.178882 0.612890 0.293249
v 0.178882 0.612890 0.293249
v 0.178882 0.612890 0.293249
v 0.178882 0.612890 0.293249
v 0.184747 0.067447 1.648057
v 0.184747 0.067447 1.648057
v 0.184747 -0.284451 1.841602
v 0.184747 -0.284451 1.841602
v 0.184747 -0.284451 1.841602
v 0.184747 -0.284451 1.841602
v 0.184747 -0.366561 2.046874
v 0.184747 -0.366561 2.046874
v 0.184747 -0.366561 2.046874
v 0.184747 -0.366561 2.046874
v 0.184747 -0.366561 2.046874
v 0.184747 -0.595295 2.117255
v 0.184747 -0.595295 2.117255
v 0.184747 0.272721 2.463287
v 0.184747 0.272721 2.463287
v 0.184747 0.272721 2.463287
v 0.184747 0.032258 2.598182
v 0.184747 0.032258 2.598182
v 0.184747 0.149557 2.621641
v 0.184747 0.149557 2.621641
v 0.184747 0.014663 2.633371
v 0.184747 0.014663 2.633371
v 0.184747 0.014663 2.633371
v 0.184747 0.014663 2.633371
v 0.184747 0.067447 2.656832
v 0.184747 0.067447 2.656832
v 0.184747 0.067447 2.656832
v 0.184747 0.067447 2.656832
v 0.184747 -0.085042 2.973541
v 0.184747 -0.085042 2.973541
v 0.184747 -0.085042 2.973541
v 0.184747 0.196477 0.821095
v 0.184747 0.196477 0.821095
v 0.184747 0.196477 0.821095
v 0.184747 0.196477 0.821095
v 0.184747 0.607026 0.457467
v 0.184747 0.607026 0.457467
v 0.184747 0.607026 0.457467
v 0.184747 0.624620 0.387087
v 0.184747 0.624620 0.387087
v 0.184747 0.624620 0.387087
v 0.184747 0.624620 0.387087
v 0.184747 0.624620 0.387087
v 0.184747 0.624620 0.357763
v 0.184747 0.624620 0.357763
v 0.184747 0.624620 0.357763
v 0.184747 0.624620 0.357763
v 0.184747 0.624620 0.357763
v 0.184747 0.577700 0.340168
v 0.184747 0.577700 0.340168
v 0.184747 0.577700 0.340168
v 0.184747 0.577700 0.340168
v 0.190611 0.049852 1.665652
v 0.190611 0.049852 1.665652
v 0.190611 0.049852 1.665652
v 0.190611 0.049852 1.665652
v 0.190611 -0.325507 1.794681
v 0.190611 -0.325507 1.794681
v 0.190611 -0.325507 1.794681
v 0.190611 -0.325507 1.794681
v 0.190611 -0.507319 2.140715
v 0.190611 -0.507319 2.140715
v 0.190611 -0.507319 2.140715
v 0.190611 -0.507319 2.140715
v 0.190611 -0.454535 2.193500
v 0.190611 -0.454535 2.193500
v 0.190611 -0.454535 2.193500
v 0.190611 -0.219936 2.586452
v 0.190611 -0.219936 2.586452
v 0.190611 -0.219936 2.586452
v 0.190611 -0.219936 2.586452
v 0.190611 -0.219936 2.586452
v 0.190611 -0.219936 2.586452
v 0.190611 0.178882 2.609913
v 0.190611 0.178882 2.609913
v 0.190611 0.178882 2.609913
v 0.190611 0.178882 2.609913
v 0.190611 0.237531 2.615777
v 0.190611 0.237531 2.615777
v 0.190611 0.237531 2.615777
v 0.190611 0.096772 2.621641
v 0.190611 0.096772 2.621641
v 0.190611 0.096772 2.621641
v 0.190611 -0.243397 2.627507
v 0.190611 -0.243397 2.627507
v 0.190611 -0.231666 2.633371
v 0.190611 -0.231666 2.633371
v 0.190611 -0.231666 2.633371
v 0.190611 -0.231666 2.633371
v 0.190611 -0.231666 2.633371
v 0.190611 -0.190611 2.668561
v 0.190611 -0.190611 2.668561
v 0.190611 -0.190611 2.668561
v 0.190611 -0.190611 2.668561
v 0.190611 -0.190611 2.668561
v 0.190611 -0.190611 2.668561
v 0.190611 -0.190611 2.668561
v 0.190611 -0.190611 2.668561
v 0.190611 -0.120232 2.961810
v 0.190611 -0.120232 2.961810
v 0.190611 -0.085042 2.973541
v 0.190611 -0.085042 2.973541
v 0.190611 -0.085042 2.973541
v 0.190611 -0.043988 1.489702
v 0.190611 -0.043988 1.489702
v 0.190611 -0.043988 1.489702
v 0.190611 -0.126097 1.272698
v 0.190611 -0.126097 1.272698
v 0.190611 -0.149557 1.208184
v 0.190611 -0.149557 1.208184
v 0.190611 -0.149557 1.208184
v 0.190611 -0.149557 1.208184
v 0.190611 -0.436940 0.955990
v 0.190611 -0.436940 0.955990
v 0.190611 0.325507 0.920800
v 0.190611 0.325507 0.920800
v 0.190611 0.325507 0.920800
v 0.190611 0.325507 0.920800
v 0.190611 -0.413481 0.709662
v 0.190611 -0.413481 0.709662
v 0.190611 -0.413481 0.709662
v 0.190611 -0.413481 0.709662
v 0.190611 -0.413481 0.709662
v 0.190611 -0.425211 0.674473
v 0.190611 -0.425211 0.674473
v 0.190611 -0.366561 0.662742
v 0.190611 -0.366561 0.662742
v 0.190611 -0.366561 0.662742
v 0.190611 -0.366561 0.662742
v 0.190611 0.653944 0.404682
v 0.190611 0.653944 0.404682
v 0.190611 0.648079 0.334303
v 0.190611 0.648079 0.334303
v 0.190611 0.648079 0.334303
v 0.196477 0.302045 1.906114
v 0.196477 0.302045 1.906114
v 0.196477 0.302045 1.906114
v 0.196477 0.442806 2.117255
v 0.196477 0.442806 2.117255
v 0.196477 0.442806 2.117255
v 0.196477 -0.607024 2.146579
v 0.196477 -0.607024 2.146579
v 0.196477 -0.607024 2.146579
v 0.196477 0.278587 2.457423
v 0.196477 0.278587 2.457423
v 0.196477 0.278587 2.457423
v 0.196477 0.178882 2.504342
v 0.196477 0.178882 2.504342
v 0.196477 -0.425211 2.516072
v 0.196477 -0.425211 2.516072
v 0.196477 -0.425211 2.516072
v 0.196477 -0.425211 2.516072
v 0.196477 0.149557 2.527803
v 0.196477 0.149557 2.527803
v 0.196477 0.149557 2.527803
v 0.196477 0.149557 2.527803
v 0.196477 0.149557 2.527803
v 0.196477 0.149557 2.527803
v 0.196477 0.126097 2.639237
v 0.196477 0.126097 2.639237
v 0.196477 0.126097 2.639237
v 0.196477 0.020527 2.674427
v 0.196477 0.020527 2.674427
v 0.196477 0.020527 2.674427
v 0.196477 0.020527 2.674427
v 0.196477 0.020527 2.674427
v 0.196477 0.020527 2.674427
v 0.196477 -0.114367 2.967674
v 0.196477 -0.114367 2.967674
v 0.196477 -0.126097 1.237508
v 0.196477 -0.126097 1.237508
v 0.196477 -0.126097 1.237508
v 0.196477 0.307912 1.014640
v 0.196477 0.307912 1.014640
v 0.196477 0.307912 1.014640
v 0.196477 0.307912 1.014640
v 0.196477 0.307912 1.014640
v 0.196477 0.208207 1.008776
v 0.196477 0.208207 1.008776
v 0.196477 0.208207 1.008776
v 0.196477 0.208207 1.008776
v 0.196477 0.208207 0.914935
v 0.196477 0.208207 0.914935
v 0.196477 0.208207 0.914935
v 0.196477 -0.354830 0.686201
v 0.196477 -0.354830 0.686201
v 0.196477 0.642215 0.422277
v 0.196477 0.642215 0.422277
v 0.196477 0.642215 0.422277
v 0.196477 0.642215 0.392954
v 0.196477 0.642215 0.392954
v 0.196477 0.642215 0.392954
v 0.196477 0.607026 0.334303
v 0.196477 0.607026 0.334303
v 0.196477 0.607026 0.334303
v 0.196477 0.607026 0.334303
v 0.202342 0.360697 1.771221
v 0.202342 0.360697 1.771221
v 0.202342 0.360697 1.771221
v 0.202342 0.360697 1.771221
v 0.202342 0.360697 1.771221
v 0.202342 0.378291 1.777087
v 0.202342 0.378291 1.777087
v 0.202342 0.378291 1.777087
v 0.202342 0.378291 1.777087
v 0.202342 -0.219936 1.911981
v 0.202342 -0.219936 1.911981
v 0.202342 -0.219936 1.911981
v 0.202342 -0.219936 1.911981
v 0.202342 -0.219936 1.911981
v 0.202342 0.096772 2.521937
v 0.202342 0.096772 2.521937
v 0.202342 0.096772 2.521937
v 0.202342 0.096772 2.521937
v 0.202342 0.096772 2.521937
v 0.202342 -0.413481 2.521937
v 0.202342 -0.413481 2.521937
v 0.202342 -0.413481 2.521937
v 0.202342 -0.413481 2.521937
v 0.202342 -0.419345 2.551261
v 0.202342 -0.419345 2.551261
v 0.202342 -0.419345 2.551261
v 0.202342 -0.419345 2.551261
v 0.202342 0.008798 2.574723
v 0.202342 0.008798 2.574723
v 0.202342 0.008798 2.574723
v 0.202342 0.008798 2.574723
v 0.202342 0.243397 2.609913
v 0.202342 0.243397 2.609913
v 0.202342 0.243397 2.609913
v 0.202342 0.243397 2.609913
v 0.202342 -0.219936 2.674427
v 0.202342 -0.219936 2.674427
v 0.202342 0.114367 2.680292
v 0.202342 0.114367 2.680292
v 0.202342 0.114367 2.680292
v 0.202342 0.079177 2.709617
v 0.202342 0.079177 2.709617
v 0.202342 0.079177 2.709617
v 0.202342 0.079177 2.709617
v 0.202342 -0.143692 2.709617
v 0.202342 -0.143692 2.709617
v 0.202342 -0.143692 2.709617
v 0.202342 -0.143692 2.709617
v 0.202342 0.026393 2.727211
v 0.202342 0.026393 2.727211
v 0.202342 0.026393 2.727211
v 0.202342 0.026393 2.727211
v 0.202342 -0.777110 1.466242
v 0.202342 0.366561 0.826961
v 0.202342 0.366561 0.826961
v 0.202342 0.366561 0.826961
v 0.202342 -0.360697 0.533713
v 0.202342 -0.360697 0.533713
v 0.202342 0.636349 0.346034
v 0.202342 0.636349 0.346034
v 0.202342 0.636349 0.346034
v 0.202342 0.636349 0.346034
v 0.202342 0.636349 0.346034
v 0.208207 0.431076 1.736031
v 0.208207 0.431076 1.736031
v 0.208207 0.431076 1.736031
v 0.208206 -0.325507 1.835735
v 0.208206 -0.325507 1.835735
v 0.208207 0.483860 2.087929
v 0.208207 0.483860 2.087929
v 0.208207 0.483860 2.087929
v 0.208206 -0.495590 2.480882
v 0.208206 -0.495590 2.480882
v 0.208206 -0.495590 2.480882
v 0.208206 -0.419345 2.492613
v 0.208206 -0.419345 2.492613
v 0.208206 -0.419345 2.492613
v 0.208207 0.178882 2.504342
v 0.208207 0.178882 2.504342
v 0.208206 -0.425211 2.516072
v 0.208206 -0.425211 2.516072
v 0.208206 -0.425211 2.516072
v 0.208207 0.149557 2.521937
v 0.208207 0.149557 2.521937
v 0.208207 0.149557 2.521937
v 0.208207 0.149557 2.521937
v 0.208206 -0.419345 2.521937
v 0.208206 -0.419345 2.521937
v 0.208206 -0.419345 2.521937
v 0.208206 -0.419345 2.521937
v 0.208206 -0.413481 2.545397
v 0.208206 -0.413481 2.545397
v 0.208206 -0.413481 2.545397
v 0.208206 -0.413481 2.545397
v 0.208206 -0.425211 2.545397
v 0.208206 -0.425211 2.545397
v 0.208206 -0.425211 2.545397
v 0.208206 -0.425211 2.545397
v 0.208206 -0.425211 2.545397
v 0.208206 0.026393 2.645102
v 0.208206 0.026393 2.645102
v 0.208206 0.026393 2.645102
v 0.208206 -0.002932 2.662697
v 0.208206 -0.002932 2.662697
v 0.208206 -0.002932 2.662697
v 0.208206 -0.002932 2.662697
v 0.208206 -0.002932 2.662697
v 0.208206 -0.002932 2.662697
v 0.208206 -0.196477 2.721345
v 0.208206 -0.196477 2.721345
v 0.208206 -0.196477 2.721345
v 0.208206 -0.196477 2.721345
v 0.208207 0.126097 2.785861
v 0.208207 0.126097 2.785861
v 0.208206 -0.143692 2.950080
v 0.208206 -0.143692 2.950080
v 0.208206 -0.143692 2.950080
v 0.208206 -0.061582 2.967674
v 0.208206 -0.061582 2.967674
v 0.208206 -0.061582 2.967674
v 0.208206 -0.067447 2.967674
v 0.208206 -0.067447 2.967674
v 0.208206 -0.923732 1.343079
v 0.208206 -0.923732 1.343079
v 0.208207 0.131962 1.143670
v 0.208206 -0.477995 0.903205
v 0.208206 -0.477995 0.903205
v 0.208206 -0.477995 0.903205
v 0.208206 -0.366561 0.486792
v 0.208206 -0.366561 0.486792
v 0.214071 -0.612890 1.565947
v 0.214071 0.442806 2.111390
v 0.214071 0.442806 2.111390
v 0.214071 0.442806 2.111390
v 0.214071 0.442806 2.111390
v 0.214071 -0.595295 2.170039
v 0.214071 -0.595295 2.170039
v 0.214071 -0.595295 2.170039
v 0.214071 -0.495590 2.457423
v 0.214071 -0.495590 2.457423
v 0.214071 -0.407614 2.498477
v 0.214071 -0.407614 2.498477
v 0.214071 -0.407614 2.498477
v 0.214071 -0.419345 2.539533
v 0.214071 -0.419345 2.539533
v 0.214071 -0.419345 2.539533
v 0.214071 -0.419345 2.539533
v 0.214071 -0.419345 2.539533
v 0.214071 -0.419345 2.539533
v 0.214071 0.131962 2.574723
v 0.214071 0.131962 2.574723
v 0.214071 0.131962 2.574723
v 0.214071 0.155421 2.615777
v 0.214071 0.155421 2.615777
v 0.214071 0.155421 2.615777
v 0.214071 -0.137826 2.955946
v 0.214071 -0.137826 2.955946
v 0.214071 -0.137826 2.955946
v 0.214071 -1.011708 1.196455
v 0.214071 -1.011708 1.196455
v 0.214071 -1.011708 1.196455
v 0.214071 0.372425 0.598227
v 0.214071 0.372425 0.598227
v 0.214071 0.372425 0.598227
v 0.214071 0.589429 0.410548
v 0.214071 0.589429 0.410548
v 0.214071 0.589429 0.410548
v 0.219936 0.436940 1.724302
v 0.219936 0.436940 1.724302
v 0.219936 0.419345 1.747761
v 0.219936 0.419345 1.747761
v 0.219936 0.407616 1.829871
v 0.219936 0.407616 1.829871
v 0.219936 0.407616 1.829871
v 0.219936 0.337235 1.865061
v 0.219936 0.337235 1.865061
v 0.219936 0.378291 2.123120
v 0.219936 0.378291 2.123120
v 0.219936 0.378291 2.123120
v 0.219936 0.378291 2.123120
v 0.219936 -0.542510 2.275610
v 0.219936 -0.542510 2.275610
v 0.219936 0.278587 2.299068
v 0.219936 -0.542510 2.351853
v 0.219936 -0.542510 2.351853
v 0.219936 -0.542510 2.351853
v 0.219936 -0.419345 2.492613
v 0.219936 -0.419345 2.492613
v 0.219936 -0.419345 2.492613
v 0.219936 -0.413481 2.498477
v 0.219936 -0.413481 2.498477
v 0.219936 -0.413481 2.498477
v 0.219936 -0.372425 2.510208
v 0.219936 -0.225802 2.545397
v 0.219936 -0.225802 2.545397
v 0.219936 -0.225802 2.545397
v 0.219936 -0.225802 2.545397
v 0.219936 0.178882 2.627507
v 0.219936 0.178882 2.627507
v 0.219936 0.178882 2.627507
v 0.219936 -0.296181 2.750671
v 0.219936 -0.296181 2.750671
v 0.219936 -0.296181 2.750671
v 0.219936 0.061582 2.756537
v 0.219936 0.061582 2.756537
v 0.219936 -0.999977 1.172993
v 0.219936 -0.999977 1.172993
v 0.219936 -0.999977 1.172993
v 0.219936 -0.343102 0.703796
v 0.219936 -0.343102 0.703796
v 0.219936 -0.343102 0.703796
v 0.219936 -0.343102 0.703796
v 0.219936 -0.477995 0.615822
v 0.219936 -0.477995 0.615822
v 0.219936 0.624620 0.563037
v 0.219936 0.624620 0.563037
v 0.219936 0.624620 0.563037
v 0.219936 0.583565 0.451603
v 0.219936 0.583565 0.451603
v 0.219936 0.706730 0.199409
v 0.219936 0.706730 0.199409
v 0.219936 0.706730 0.199409
v 0.225802 0.407616 1.706707
v 0.225802 0.407616 1.706707
v 0.225802 0.407616 1.706707
v 0.225802 0.407616 1.706707
v 0.225802 0.407616 1.706707
v 0.225802 0.425211 1.712571
v 0.225802 0.425211 1.712571
v 0.225802 0.425211 1.712571
v 0.225802 0.425211 1.712571
v 0.225802 0.284451 1.947171
v 0.225802 0.284451 1.947171
v 0.225802 0.284451 1.947171
v 0.225802 0.284451 1.947171
v 0.225802 0.284451 1.947171
v 0.225802 0.284451 1.947171
v 0.225802 0.507321 2.058605
v 0.225802 0.507321 2.058605
v 0.225802 0.507321 2.058605
v 0.225802 0.507321 2.058605
v 0.225802 0.507321 2.058605
v 0.225802 0.278587 2.175905
v 0.225802 -0.348966 2.252148
v 0.225802 -0.348966 2.252148
v 0.225802 -0.348966 2.252148
v 0.225802 -0.348966 2.252148
v 0.225802 -0.348966 2.252148
v 0.225802 -0.530780 2.334258
v 0.225802 -0.530780 2.334258
v 0.225802 -0.530780 2.334258
v 0.225802 0.167152 2.498477
v 0.225802 0.167152 2.498477
v 0.225802 0.167152 2.498477
v 0.225802 0.137826 2.521937
v 0.225802 0.137826 2.521937
v 0.225802 0.137826 2.521937
v 0.225802 -0.413481 2.521937
v 0.225802 -0.413481 2.521937
v 0.225802 -0.413481 2.521937
v 0.225802 -0.419345 2.521937
v 0.225802 -0.419345 2.521937
v 0.225802 -0.419345 2.521937
v 0.225802 -0.419345 2.521937
v 0.225802 -0.419345 2.521937
v 0.225802 -0.413481 2.533667
v 0.225802 -0.413481 2.533667
v 0.225802 -0.413481 2.533667
v 0.225802 -0.413481 2.533667
v 0.225802 -0.413481 2.533667
v 0.225802 -0.231666 2.539533
v 0.225802 -0.231666 2.539533
v 0.225802 -0.231666 2.539533
v 0.225802 -0.237531 2.639237
v 0.225802 -0.237531 2.639237
v 0.225802 -0.237531 2.639237
v 0.225802 -0.237531 2.639237
v 0.225802 -0.307910 2.826916
v 0.225802 -0.307910 2.826916
v 0.225802 -0.307910 2.826916
v 0.225802 -0.307910 2.826916
v 0.225802 -0.307910 2.826916
v 0.225802 0.014663 2.838645
v 0.225802 0.014663 2.838645
v 0.225802 0.014663 2.838645
v 0.225802 0.014663 2.838645
v 0.225802 -0.161287 1.126075
v 0.225802 -0.161287 1.126075
v 0.225802 0.683269 0.434008
v 0.225802 0.683269 0.434008
v 0.225802 0.683269 0.434008
v 0.225802 0.683269 0.434008
v 0.225802 0.747784 0.181814
v 0.225802 0.747784 0.181814
v 0.231666 -0.513185 1.870925
v 0.231666 -0.513185 1.870925
v 0.231666 -0.513185 1.870925
v 0.231666 0.495590 2.064470
v 0.231666 0.495590 2.064470
v 0.231666 0.495590 2.064470
v 0.231666 -0.419345 2.533667
v 0.231666 -0.419345 2.533667
v 0.231666 -0.419345 2.533667
v 0.231666 -0.419345 2.533667
v 0.231666 -0.407614 2.545397
v 0.231666 -0.407614 2.545397
v 0.231666 -0.407614 2.545397
v 0.231666 -0.407614 2.545397
v 0.231666 -0.401750 2.551261
v 0.231666 -0.401750 2.551261
v 0.231666 -0.401750 2.551261
v 0.231666 -0.401750 2.551261
v 0.231666 -0.419345 2.551261
v 0.231666 -0.419345 2.551261
v 0.231666 -0.419345 2.551261
v 0.231666 -0.419345 2.551261
v 0.231666 -0.419345 2.551261
v 0.231666 -0.419345 2.551261
v 0.231666 -0.407614 2.557128
v 0.231666 -0.407614 2.557128
v 0.231666 -0.407614 2.557128
v 0.231666 0.190613 2.627507
v 0.231666 0.190613 2.627507
v 0.231666 0.190613 2.627507
v 0.231666 0.190613 2.627507
v 0.231666 0.131962 2.633371
v 0.231666 0.131962 2.633371
v 0.231666 0.131962 2.633371
v 0.231666 -0.225802 2.692022
v 0.231666 -0.225802 2.692022
v 0.231666 -0.225802 2.692022
v 0.231666 -0.161287 2.826916
v 0.231666 -0.161287 2.826916
v 0.231666 -0.161287 2.826916
v 0.231666 -0.161287 2.826916
v 0.231666 0.143692 2.844511
v 0.231666 0.143692 2.844511
v 0.231666 0.143692 2.844511
v 0.231666 -0.102637 2.961810
v 0.231666 -0.460400 0.703796
v 0.231666 -0.460400 0.703796
v 0.231666 -0.460400 0.703796
v 0.231666 -0.483860 0.486792
v 0.231666 -0.483860 0.486792
v 0.231666 0.624620 0.392954
v 0.231666 0.624620 0.392954
v 0.231666 0.624620 0.392954
v 0.231666 0.689134 0.158355
v 0.231666 0.689134 0.158355
v 0.231666 0.689134 0.158355
v 0.237531 -0.466265 1.659787
v 0.237531 0.419345 1.753626
v 0.237531 0.419345 1.753626
v 0.237531 0.290317 2.111390
v 0.237531 -0.407614 2.516072
v 0.237531 -0.407614 2.516072
v 0.237531 -0.407614 2.516072
v 0.237531 -0.407614 2.516072
v 0.237531 0.126097 2.533667
v 0.237531 0.126097 2.533667
v 0.237531 0.126097 2.533667
v 0.237531 0.126097 2.533667
v 0.237531 0.126097 2.533667
v 0.237531 0.126097 2.533667
v 0.237531 -0.407614 2.539533
v 0.237531 -0.407614 2.539533
v 0.237531 -0.407614 2.539533
v 0.237531 -0.407614 2.539533
v 0.237531 -0.407614 2.539533
v 0.237531 -0.407614 2.539533
v 0.237531 -0.243397 2.633371
v 0.237531 -0.243397 2.633371
v 0.237531 -0.243397 2.633371
v 0.237531 -0.243397 2.633371
v 0.237531 0.114367 2.674427
v 0.237531 0.114367 2.674427
v 0.237531 0.114367 2.674427
v 0.237531 0.073311 2.709617
v 0.237531 0.073311 2.709617
v 0.237531 0.073311 2.709617
v 0.237531 0.073311 2.709617
v 0.237531 0.307912 0.903205
v 0.237531 0.307912 0.903205
v 0.237531 0.307912 0.903205
v 0.237531 0.307912 0.903205
v 0.237531 0.307912 0.903205
v 0.237531 0.307912 0.903205
v 0.237531 0.307912 0.903205
v 0.237531 0.307912 0.903205
v 0.237531 -0.442806 0.727257
v 0.237531 -0.442806 0.727257
v 0.237531 0.653944 0.574768
v 0.237531 0.653944 0.574768
v 0.237531 0.653944 0.574768
v 0.237531 0.653944 0.574768
v 0.237531 -0.495590 0.533713
v 0.237531 0.736053 0.140758
v 0.237531 0.736053 0.140758
v 0.243397 0.343102 1.565947
v 0.243397 0.343102 1.565947
v 0.243397 0.337235 1.624597
v 0.243397 0.337235 1.624597
v 0.243397 0.442806 1.724302
v 0.243397 0.442806 1.724302
v 0.243397 0.436940 1.741897
v 0.243397 0.436940 1.741897
v 0.243397 0.249261 2.457423
v 0.243397 0.249261 2.457423
v 0.243397 0.249261 2.457423
v 0.243397 0.249261 2.457423
v 0.243397 0.249261 2.457423
v 0.243397 0.249261 2.457423
v 0.243397 0.249261 2.457423
v 0.243397 0.249261 2.457423
v 0.243397 -0.413481 2.527803
v 0.243397 -0.413481 2.527803
v 0.243397 -0.413481 2.527803
v 0.243397 -0.413481 2.527803
v 0.243397 -0.413481 2.527803
v 0.243397 -0.407614 2.533667
v 0.243397 -0.407614 2.533667
v 0.243397 -0.407614 2.533667
v 0.243397 -0.401750 2.539533
v 0.243397 -0.401750 2.539533
v 0.243397 -0.401750 2.539533
v 0.243397 -0.401750 2.539533
v 0.243397 -0.401750 2.539533
v 0.243397 -0.255126 2.592318
v 0.243397 -0.255126 2.592318
v 0.243397 -0.255126 2.592318
v 0.243397 -0.255126 2.592318
v 0.243397 0.102637 2.609913
v 0.243397 0.102637 2.609913
v 0.243397 0.102637 2.609913
v 0.243397 0.102637 2.639237
v 0.243397 0.102637 2.639237
v 0.243397 0.102637 2.639237
v 0.243397 0.102637 2.639237
v 0.243397 0.102637 2.639237
v 0.243397 0.102637 2.639237
v 0.243397 0.032258 2.680292
v 0.243397 0.032258 2.680292
v 0.243397 0.032258 2.680292
v 0.243397 0.032258 2.680292
v 0.243397 0.032258 2.680292
v 0.243397 0.032258 2.680292
v 0.243397 0.032258 2.680292
v 0.243397 0.032258 2.680292
v 0.243397 -0.090906 2.709617
v 0.243397 -0.090906 2.709617
v 0.243397 -0.090906 2.709617
v 0.243397 -0.090906 2.709617
v 0.243397 -0.020527 2.715481
v 0.243397 -0.020527 2.715481
v 0.243397 -0.020527 2.715481
v 0.243397 -0.020527 2.715481
v 0.243397 -0.020527 2.715481
v 0.243397 0.032258 2.721345
v 0.243397 0.032258 2.721345
v 0.243397 0.032258 2.721345
v 0.243397 0.032258 2.721345
v 0.243397 0.032258 2.721345
v 0.243397 0.032258 2.721345
v 0.243397 -0.137826 2.938350
v 0.243397 -0.137826 2.938350
v 0.243397 -0.131962 2.944216
v 0.243397 -0.131962 2.944216
v 0.243397 -0.131962 2.944216
v 0.243397 -0.131962 2.944216
v 0.243397 -0.055716 2.950080
v 0.243397 -0.055716 2.950080
v 0.243397 -0.055716 2.950080
v 0.243397 -0.055716 2.950080
v 0.243397 -0.055716 2.950080
v 0.243397 -0.067447 2.955946
v 0.243397 -0.067447 2.955946
v 0.243397 -0.460400 0.662742
v 0.243397 -0.460400 0.662742
v 0.243397 -0.460400 0.662742
v 0.243397 0.448671 0.563037
v 0.243397 0.448671 0.563037
v 0.249261 0.554239 1.612868
v 0.249261 0.554239 1.612868
v 0.249261 -0.390020 2.152444
v 0.249261 -0.390020 2.152444
v 0.249261 -0.390020 2.152444
v 0.249261 -0.390020 2.152444
v 0.249261 0.260992 2.480882
v 0.249261 0.260992 2.480882
v 0.249261 -0.401750 2.527803
v 0.249261 -0.401750 2.527803
v 0.249261 -0.401750 2.527803
v 0.249261 -0.395886 2.533667
v 0.249261 -0.395886 2.533667
v 0.249261 -0.395886 2.533667
v 0.249261 -0.395886 2.533667
v 0.249261 0.073311 2.598182
v 0.249261 0.073311 2.598182
v 0.249261 0.073311 2.598182
v 0.249261 0.131962 2.639237
v 0.249261 0.131962 2.639237
v 0.249261 0.131962 2.639237
v 0.249261 0.061582 2.656832
v 0.249261 0.061582 2.656832
v 0.249261 0.331371 1.331348
v 0.249261 0.331371 1.331348
v 0.249261 0.677405 0.551307
v 0.249261 0.677405 0.551307
v 0.249261 0.677405 0.551307
v 0.249261 0.472129 0.521982
v 0.249261 0.472129 0.521982
v 0.249261 0.466265 0.486792
v 0.249261 0.466265 0.486792
v 0.249261 0.466265 0.486792
v 0.249261 -0.724325 0.369493
v 0.249261 -0.724325 0.369493
v 0.255126 0.565970 1.601137
v 0.255126 0.565970 1.601137
v 0.255126 0.524916 1.624597
v 0.255126 0.524916 1.624597
v 0.255126 0.542510 1.624597
v 0.255126 0.542510 1.624597
v 0.255126 0.313776 1.800545
v 0.255126 0.313776 1.800545
v 0.255126 0.302045 2.041010
v 0.255126 0.348966 2.105524
v 0.255126 0.348966 2.105524
v 0.255126 0.348966 2.105524
v 0.255126 0.348966 2.105524
v 0.255126 -0.442806 2.111390
v 0.255126 -0.442806 2.111390
v 0.255126 -0.442806 2.111390
v 0.255126 -0.442806 2.111390
v 0.255126 -0.442806 2.111390
v 0.255126 -0.442806 2.111390
v 0.255126 -0.395886 2.504342
v 0.255126 -0.395886 2.504342
v 0.255126 -0.395886 2.504342
v 0.255126 -0.401750 2.504342
v 0.255126 -0.401750 2.504342
v 0.255126 -0.401750 2.504342
v 0.255126 -0.401750 2.504342
v 0.255126 -0.407614 2.533667
v 0.255126 -0.407614 2.533667
v 0.255126 -0.407614 2.533667
v 0.255126 -0.407614 2.533667
v 0.255126 0.096772 2.668561
v 0.255126 0.096772 2.668561
v 0.255126 0.096772 2.668561
v 0.255126 0.096772 2.668561
v 0.255126 0.096772 2.668561
v 0.255126 -0.202342 2.692022
v 0.255126 -0.202342 2.692022
v 0.255126 -0.202342 2.692022
v 0.255126 0.137826 1.020505
v 0.255126 0.137826 1.020505
v 0.255126 0.126097 1.002910
v 0.255126 0.126097 1.002910
v 0.255126 0.126097 1.002910
v 0.255126 0.126097 1.002910
v 0.255126 0.372425 0.926666
v 0.255126 0.372425 0.926666
v 0.255126 -0.231666 0.909071
v 0.255126 -0.231666 0.909071
v 0.255126 -0.231666 0.909071
v 0.255126 -0.231666 0.909071
v 0.255126 0.607026 0.551307
v 0.255126 0.607026 0.551307
v 0.255126 0.607026 0.551307
v 0.260992 0.507321 1.612868
v 0.260992 0.507321 1.612868
v 0.260992 0.507321 1.612868
v 0.260992 0.507321 1.612868
v 0.260992 0.507321 1.612868
v 0.260992 0.442806 1.730166
v 0.260992 0.442806 1.730166
v 0.260992 0.442806 1.730166
v 0.260992 0.419345 1.753626
v 0.260992 0.419345 1.753626
v 0.260992 -0.636349 2.070334
v 0.260992 -0.636349 2.070334
v 0.260992 0.319640 2.387042
v 0.260992 0.319640 2.387042
v 0.260992 -0.407614 2.504342
v 0.260992 -0.407614 2.504342
v 0.260992 -0.407614 2.504342
v 0.260992 0.255126 2.510208
v 0.260992 0.255126 2.510208
v 0.260992 -0.401750 2.533667
v 0.260992 -0.401750 2.533667
v 0.260992 -0.401750 2.533667
v 0.260992 -0.401750 2.533667
v 0.260992 -0.436940 2.545397
v 0.260992 -0.436940 2.545397
v 0.260992 -0.436940 2.545397
v 0.260992 -0.436940 2.545397
v 0.260992 -0.436940 2.545397
v 0.260992 -0.436940 2.545397
v 0.260992 -0.431076 2.551261
v 0.260992 -0.431076 2.551261
v 0.260992 -0.431076 2.551261
v 0.260992 -0.431076 2.551261
v 0.260992 -0.284451 2.574723
v 0.260992 -0.284451 2.574723
v 0.260992 -0.284451 2.574723
v 0.260992 -0.284451 2.574723
v 0.260992 -0.208206 2.621641
v 0.260992 -0.208206 2.621641
v 0.260992 -0.208206 2.621641
v 0.260992 -0.208206 2.621641
v 0.260992 -0.208206 2.621641
v 0.260992 -0.208206 2.621641
v 0.260992 -0.208206 2.621641
v 0.260992 -0.208206 2.621641
v 0.260992 -0.208206 2.621641
v 0.260992 -0.208206 2.621641
v 0.260992 0.126097 2.645102
v 0.260992 0.126097 2.645102
v 0.260992 0.126097 2.645102
v 0.260992 0.126097 2.645102
v 0.260992 0.126097 2.645102
v 0.260992 0.126097 2.645102
v 0.260992 0.126097 2.645102
v 0.260992 0.155421 2.645102
v 0.260992 0.155421 2.645102
v 0.260992 0.155421 2.645102
v 0.260992 0.155421 2.645102
v 0.260992 -0.237531 2.645102
v 0.260992 -0.237531 2.645102
v 0.260992 0.167152 2.656832
v 0.260992 0.167152 2.656832
v 0.260992 0.167152 2.656832
v 0.260992 0.167152 2.656832
v 0.260992 0.161287 2.668561
v 0.260992 0.061582 2.703751
v 0.260992 0.061582 2.703751
v 0.260992 0.061582 2.703751
v 0.260992 0.061582 2.703751
v 0.260992 0.061582 2.703751
v 0.260992 -0.173016 2.727211
v 0.260992 -0.173016 2.727211
v 0.260992 -0.173016 2.727211
v 0.260992 -0.173016 2.727211
v 0.260992 -0.173016 2.727211
v 0.260992 -0.173016 2.727211
v 0.260992 0.043988 2.744807
v 0.260992 0.043988 2.744807
v 0.260992 0.043988 2.744807
v 0.260992 0.043988 2.744807
v 0.260992 -0.085042 2.944216
v 0.260992 -0.085042 2.944216
v 0.260992 -0.114367 2.944216
v 0.260992 -0.114367 2.944216
v 0.260992 -0.114367 2.944216
v 0.260992 -0.290316 1.360674
v 0.260992 -0.290316 1.360674
v 0.260992 -0.290316 1.360674
v 0.260992 -0.290316 1.360674
v 0.260992 0.337235 1.302023
v 0.260992 0.337235 1.302023
v 0.260992 0.325507 1.272698
v 0.260992 0.325507 1.272698
v 0.260992 -0.202342 1.008776
v 0.260992 -0.202342 1.008776
v 0.260992 -0.202342 1.008776
v 0.260992 0.401750 0.856285
v 0.260992 0.401750 0.856285
v 0.260992 0.401750 0.856285
v 0.260992 0.401750 0.856285
v 0.260992 -0.348966 0.639281
v 0.260992 -0.348966 0.639281
v 0.260992 0.278587 0.633416
v 0.260992 0.278587 0.633416
v 0.260992 0.278587 0.633416
v 0.260992 0.659810 0.428144
v 0.260992 0.659810 0.428144
v 0.260992 0.659810 0.428144
v 0.266856 -0.260992 1.519027
v 0.266856 -0.260992 1.519027
v 0.266856 -0.466265 1.906114
v 0.266856 -0.466265 1.906114
v 0.266856 -0.466265 1.906114
v 0.266856 -0.466265 1.906114
v 0.266856 -0.296181 2.076200
v 0.266856 -0.296181 2.076200
v 0.266856 -0.296181 2.076200
v 0.266856 0.290316 2.381178
v 0.266856 0.290316 2.381178
v 0.266856 -0.395886 2.504342
v 0.266856 -0.395886 2.504342
v 0.266856 -0.395886 2.504342
v 0.266856 -0.395886 2.504342
v 0.266856 -0.425211 2.545397
v 0.266856 -0.425211 2.545397
v 0.266856 -0.425211 2.545397
v 0.266856 -0.425211 2.545397
v 0.266856 -0.431076 2.545397
v 0.266856 -0.431076 2.545397
v 0.266856 -0.431076 2.545397
v 0.266856 -0.431076 2.545397
v 0.266856 -0.431076 2.545397
v 0.266856 -0.219936 2.562992
v 0.266856 -0.219936 2.562992
v 0.266856 -0.249261 2.604046
v 0.266856 -0.249261 2.604046
v 0.266856 -0.249261 2.604046
v 0.266856 0.149557 2.650966
v 0.266856 0.149557 2.650966
v 0.266856 0.149557 2.650966
v 0.266856 0.161287 2.656832
v 0.266856 0.161287 2.656832
v 0.266856 0.161287 2.656832
v 0.266856 0.161287 2.656832
v 0.266856 0.043988 2.697887
v 0.266856 0.043988 2.697887
v 0.266856 0.043988 2.697887
v 0.266856 0.043988 2.697887
v 0.266856 -0.114367 2.932485
v 0.266856 -0.114367 2.932485
v 0.266856 -0.114367 2.932485
v 0.266856 -0.114367 2.932485
v 0.266856 -0.114367 2.932485
v 0.266856 -0.114367 2.932485
v 0.266856 -0.079177 2.938350
v 0.266856 -0.079177 2.938350
v 0.266856 -0.190611 0.991181
v 0.266856 -0.190611 0.991181
v 0.266856 0.161287 0.920800
v 0.266856 0.161287 0.920800
v 0.266856 0.161287 0.920800
v 0.266856 0.161287 0.920800
v 0.266856 0.161287 0.920800
v 0.266856 0.419345 0.498523
v 0.266856 0.419345 0.498523
v 0.266856 0.419345 0.498523
v 0.266856 0.425211 0.486792
v 0.266856 0.425211 0.486792
v 0.266856 0.425211 0.486792
v 0.266856 0.425211 0.486792
v 0.272721 0.431076 1.741897
v 0.272721 0.431076 1.741897
v 0.272721 -0.413481 1.964765
v 0.272721 -0.413481 1.964765
v 0.272721 -0.413481 1.964765
v 0.272721 -0.413481 1.964765
v 0.272721 -0.302045 1.988224
v 0.272721 -0.302045 1.988224
v 0.272721 -0.302045 1.988224
v 0.272721 -0.302045 1.988224
v 0.272721 -0.648079 2.105524
v 0.272721 -0.648079 2.105524
v 0.272721 -0.648079 2.105524
v 0.272721 -0.648079 2.105524
v 0.272721 -0.648079 2.105524
v 0.272721 -0.260992 2.551261
v 0.272721 -0.260992 2.551261
v 0.272721 -0.260992 2.551261
v 0.272721 -0.431076 2.568856
v 0.272721 -0.431076 2.568856
v 0.272721 -0.431076 2.568856
v 0.272721 -0.436940 2.574723
v 0.272721 -0.436940 2.574723
v 0.272721 -0.436940 2.574723
v 0.272721 0.120232 2.633371
v 0.272721 0.120232 2.633371
v 0.272721 0.120232 2.633371
v 0.272721 0.120232 2.633371
v 0.272721 0.149557 2.639237
v 0.272721 0.149557 2.639237
v 0.272721 0.149557 2.639237
v 0.272721 0.079177 2.650966
v 0.272721 0.079177 2.650966
v 0.272721 0.079177 2.650966
v 0.272721 0.079177 2.662697
v 0.272721 0.079177 2.662697
v 0.272721 0.079177 2.662697
v 0.272721 0.079177 2.662697
v 0.272721 0.079177 2.662697
v 0.272721 0.184747 2.785861
v 0.272721 0.184747 2.785861
v 0.272721 -0.043988 2.832781
v 0.272721 -0.043988 2.832781
v 0.272721 -0.043988 2.832781
v 0.272721 -0.043988 2.832781
v 0.272721 0.630484 0.563037
v 0.272721 0.630484 0.563037
v 0.272721 0.630484 0.563037
v 0.278587 0.571834 1.601137
v 0.278587 0.571834 1.601137
v 0.278587 0.560105 1.618732
v 0.278587 0.542510 1.630462
v 0.278587 0.542510 1.630462
v 0.278587 -0.460400 1.894386
v 0.278587 -0.460400 1.894386
v 0.278587 -0.460400 1.894386
v 0.278587 -0.319640 2.146579
v 0.278587 -0.319640 2.146579
v 0.278587 -0.431076 2.568856
v 0.278587 -0.431076 2.568856
v 0.278587 -0.431076 2.568856
v 0.278587 -0.431076 2.568856
v 0.278587 -0.214071 2.639237
v 0.278587 -0.214071 2.639237
v 0.278587 0.090906 2.645102
v 0.278587 0.090906 2.645102
v 0.278587 0.055716 2.686156
v 0.278587 0.055716 2.686156
v 0.278587 0.055716 2.686156
v 0.278587 0.055716 2.686156
v 0.278587 0.114367 2.738942
v 0.278587 0.114367 2.738942
v 0.278587 -0.108501 2.826916
v 0.278587 -0.108501 2.826916
v 0.278587 -0.108501 2.826916
v 0.278587 -0.108501 2.826916
v 0.278587 -0.108501 2.826916
v 0.278587 0.137826 1.348943
v 0.278587 0.137826 1.348943
v 0.278587 0.137826 1.348943
v 0.278587 0.137826 1.348943
v 0.278587 -0.190611 1.337213
v 0.278587 -0.190611 1.337213
v 0.278587 -0.190611 1.337213
v 0.278587 -0.190611 1.337213
v 0.278587 -0.190611 1.337213
v 0.278587 -0.190611 1.337213
v 0.278587 0.131962 0.856285
v 0.278587 0.131962 0.856285
v 0.278587 0.131962 0.856285
v 0.278587 -0.219936 0.844556
v 0.278587 -0.219936 0.844556
v 0.278587 -0.219936 0.844556
v 0.278587 -0.219936 0.844556
v 0.278587 -0.219936 0.844556
v 0.278587 0.260992 0.686201
v 0.278587 0.260992 0.686201
v 0.278587 0.272721 0.662742
v 0.278587 0.272721 0.662742
v 0.278587 0.272721 0.662742
v 0.278587 0.272721 0.662742
v 0.284451 -0.401750 1.958900
v 0.284451 -0.401750 1.958900
v 0.284451 -0.401750 1.958900
v 0.284451 -0.401750 1.958900
v 0.284451 -0.302045 2.557128
v 0.284451 -0.302045 2.557128
v 0.284451 -0.302045 2.557128
v 0.284451 -0.302045 2.557128
v 0.284451 -0.302045 2.557128
v 0.284451 -0.302045 2.557128
v 0.284451 -0.278587 2.592318
v 0.284451 -0.278587 2.592318
v 0.284451 -0.278587 2.592318
v 0.284451 -0.425211 2.592318
v 0.284451 -0.425211 2.592318
v 0.284451 -0.425211 2.592318
v 0.284451 0.014663 2.733076
v 0.284451 0.014663 2.733076
v 0.284451 0.014663 2.733076
v 0.284451 0.014663 2.733076
v 0.284451 0.014663 2.733076
v 0.284451 0.014663 2.733076
v 0.284451 0.348966 1.172993
v 0.284451 0.348966 1.172993
v 0.284451 -0.407614 1.073289
v 0.284451 -0.407614 1.073289
v 0.284451 -0.407614 1.073289
v 0.284451 -0.407614 1.073289
v 0.284451 0.659810 0.545442
v 0.284451 0.659810 0.545442
v 0.284451 0.659810 0.545442
v 0.284451 0.659810 0.545442
v 0.284451 0.249261 0.527848
v 0.290316 0.108503 1.507298
v 0.290316 0.108503 1.507298
v 0.290316 0.108503 1.507298
v 0.290316 0.648079 1.542488
v 0.290316 0.648079 1.542488
v 0.290316 0.648079 1.542488
v 0.290316 0.648079 1.542488
v 0.290316 -0.642215 2.140715
v 0.290316 -0.642215 2.140715
v 0.290316 0.272721 2.299068
v 0.290316 0.272721 2.299068
v 0.290316 0.272721 2.299068
v 0.290316 0.272721 2.299068
v 0.290316 0.272721 2.299068
v 0.290316 0.272721 2.299068
v 0.290316 0.331371 2.486747
v 0.290316 0.331371 2.486747
v 0.290316 0.331371 2.486747
v 0.290316 0.331371 2.486747
v 0.290316 0.073311 2.557128
v 0.290316 0.073311 2.557128
v 0.290316 0.073311 2.557128
v 0.290316 -0.237531 2.586452
v 0.290316 -0.237531 2.586452
v 0.290316 -0.237531 2.586452
v 0.290316 -0.237531 2.586452
v 0.290316 -0.237531 2.586452
v 0.290316 -0.237531 2.586452
v 0.290316 -0.237531 2.586452
v 0.290316 -0.237531 2.586452
v 0.290316 -0.237531 2.586452
v 0.290316 -0.237531 2.586452
v 0.290316 -0.237531 2.586452
v 0.290316 -0.237531 2.586452
v 0.290316 -0.108501 2.721345
v 0.290316 -0.108501 2.721345
v 0.290316 -0.108501 2.721345
v 0.290316 -0.143692 1.495568
v 0.290316 -0.143692 1.495568
v 0.290316 -0.143692 1.495568
v 0.290316 -0.143692 1.495568
v 0.290316 0.249261 0.703796
v 0.290316 0.249261 0.703796
v 0.290316 0.331371 0.651011
v 0.290316 0.331371 0.651011
v 0.290316 0.331371 0.651011
v 0.290316 0.255126 0.486792
v 0.290316 0.255126 0.486792
v 0.290316 -0.736053 0.187679
v 0.290316 -0.736053 0.187679
v 0.296181 0.624620 1.536622
v 0.296181 0.624620 1.536622
v 0.296181 0.542510 1.624597
v 0.296181 0.542510 1.624597
v 0.296181 -0.043988 1.648057
v 0.296181 -0.043988 1.648057
v 0.296181 -0.043988 1.648057
v 0.296181 -0.043988 1.648057
v 0.296181 -0.043988 1.648057
v 0.296181 0.331371 2.510208
v 0.296181 0.331371 2.510208
v 0.296181 0.331371 2.510208
v 0.296181 -0.266856 2.539533
v 0.296181 -0.284451 2.545397
v 0.296181 -0.284451 2.545397
v 0.296181 -0.284451 2.545397
v 0.296181 0.079177 2.557128
v 0.296181 0.079177 2.557128
v 0.296181 0.079177 2.557128
v 0.296181 -0.296181 2.562992
v 0.296181 -0.296181 2.562992
v 0.296181 -0.296181 2.562992
v 0.296181 0.208207 2.797591
v 0.296181 0.208207 2.797591
v 0.296181 0.208207 2.809321
v 0.296181 0.208207 2.809321
v 0.296181 0.208207 2.809321
v 0.296181 -0.431076 1.067424
v 0.296181 -0.431076 1.067424
v 0.296181 -0.431076 1.067424
v 0.296181 -0.431076 1.067424
v 0.296181 0.348966 1.049829
v 0.296181 0.348966 1.049829
v 0.296181 0.348966 1.049829
v 0.296181 0.378291 1.032235
v 0.296181 0.378291 1.032235
v 0.296181 0.378291 1.032235
v 0.296181 0.313776 0.703796
v 0.296181 0.313776 0.703796
v 0.296181 0.313776 0.703796
v 0.296181 0.313776 0.703796
v 0.296181 0.313776 0.703796
v 0.296181 -0.747784 0.299113
v 0.296181 -0.747784 0.299113
v 0.296181 0.607026 0.240463
v 0.296181 0.607026 0.240463
v 0.296181 0.607026 0.240463
v 0.296181 0.607026 0.240463
v 0.302045 0.565970 1.607003
v 0.302045 0.565970 1.607003
v 0.302045 0.343102 1.911981
v 0.302045 0.343102 1.911981
v 0.302045 0.366561 2.392908
v 0.302045 0.366561 2.392908
v 0.302045 0.366561 2.392908
v 0.302045 0.366561 2.392908
v 0.302045 -0.466265 2.504342
v 0.302045 -0.466265 2.504342
v 0.302045 -0.466265 2.504342
v 0.302045 -0.255126 2.568856
v 0.302045 -0.255126 2.568856
v 0.302045 -0.202342 2.586452
v 0.302045 -0.202342 2.586452
v 0.302045 -0.202342 2.586452
v 0.302045 -0.202342 2.586452
v 0.302045 -0.202342 2.586452
v 0.302045 0.043988 2.703751
v 0.302045 0.043988 2.703751
v 0.302045 0.043988 2.703751
v 0.302045 -0.219936 2.762402
v 0.302045 -0.219936 2.762402
v 0.302045 -0.237531 2.856242
v 0.302045 -0.237531 2.856242
v 0.302045 -0.237531 2.856242
v 0.302045 -0.237531 2.856242
v 0.302045 -0.413481 0.950126
v 0.302045 -0.413481 0.950126
v 0.302045 -0.413481 0.950126
v 0.302045 -0.413481 0.950126
v 0.302045 -0.413481 0.950126
v 0.302045 0.319640 0.674473
v 0.302045 0.319640 0.674473
v 0.302045 0.319640 0.674473
v 0.302045 -0.730189 0.445739
v 0.302045 -0.730189 0.445739
v 0.302045 0.642215 0.211139
v 0.302045 0.642215 0.211139
v 0.302045 0.624620 0.175950
v 0.302045 0.624620 0.175950
v 0.302045 0.747784 0.117300
v 0.302045 0.747784 0.117300
v 0.302045 0.747784 0.000000
v 0.302045 0.747784 0.000000
v 0.307912 0.554239 1.618732
v 0.307912 0.554239 1.618732
v 0.307910 0.008798 1.665652
v 0.307910 0.008798 1.665652
v 0.307910 0.008798 1.665652
v 0.307910 -0.354830 1.835735
v 0.307910 -0.354830 1.835735
v 0.307910 -0.354830 1.835735
v 0.307910 -0.354830 1.835735
v 0.307910 -0.354830 1.835735
v 0.307912 0.513185 1.976495
v 0.307912 0.513185 1.976495
v 0.307912 0.513185 1.976495
v 0.307912 0.513185 1.976495
v 0.307912 0.501455 1.994090
v 0.307912 0.501455 1.994090
v 0.307912 0.501455 1.994090
v 0.307912 0.501455 1.994090
v 0.307912 0.501455 1.994090
v 0.307912 0.378291 2.263879
v 0.307912 0.378291 2.263879
v 0.307912 0.378291 2.263879
v 0.307912 0.378291 2.263879
v 0.307910 -0.472129 2.480882
v 0.307910 -0.472129 2.480882
v 0.307910 -0.307910 2.551261
v 0.307910 -0.307910 2.551261
v 0.307910 -0.307910 2.551261
v 0.307910 -0.307910 2.557128
v 0.307910 -0.307910 2.557128
v 0.307910 -0.307910 2.557128
v 0.307910 -0.307910 2.557128
v 0.307910 0.061582 2.650966
v 0.307910 0.061582 2.650966
v 0.307910 0.061582 2.650966
v 0.307910 0.061582 2.650966
v 0.307910 -0.167152 2.650966
v 0.307910 -0.167152 2.650966
v 0.307910 -0.167152 2.650966
v 0.307910 -0.167152 2.650966
v 0.307910 -0.167152 2.650966
v 0.307910 -0.167152 2.650966
v 0.307910 -0.167152 2.650966
v 0.307910 -0.038122 2.733076
v 0.307910 -0.038122 2.733076
v 0.307910 -0.038122 2.733076
v 0.307910 -0.038122 2.733076
v 0.307910 -0.038122 2.733076
v 0.307912 0.190611 2.768266
v 0.307912 0.190611 2.768266
v 0.307912 0.190611 2.768266
v 0.307910 -0.360697 1.190590
v 0.307910 -0.360697 1.190590
v 0.307910 -0.360697 1.190590
v 0.307910 -0.354830 0.621687
v 0.307910 -0.354830 0.621687
v 0.307910 -0.683269 0.486792
v 0.307910 -0.683269 0.486792
v 0.307910 -0.782974 0.328439
v 0.307910 -0.782974 0.328439
v 0.307910 -0.782974 0.328439
v 0.307910 -0.782974 0.328439
v 0.307912 0.695000 0.234598
v 0.307912 0.695000 0.234598
v 0.313776 0.055716 1.659787
v 0.313776 0.055716 1.659787
v 0.313776 0.055716 1.659787
v 0.313776 0.055716 1.659787
v 0.313776 0.055716 1.659787
v 0.313776 0.055716 1.659787
v 0.313776 -0.571834 2.293204
v 0.313776 -0.571834 2.293204
v 0.313776 -0.571834 2.293204
v 0.313776 0.354830 2.381178
v 0.313776 0.354830 2.381178
v 0.313776 0.354830 2.381178
v 0.313776 0.354830 2.381178
v 0.313776 0.354830 2.381178
v 0.313776 -0.313776 2.527803
v 0.313776 -0.296181 2.551261
v 0.313776 -0.296181 2.551261
v 0.313776 -0.296181 2.551261
v 0.313776 -0.296181 2.551261
v 0.313776 -0.296181 2.551261
v 0.313776 0.014663 2.697887
v 0.313776 0.014663 2.697887
v 0.313776 0.014663 2.697887
v 0.313776 0.014663 2.697887
v 0.313776 0.208207 2.791726
v 0.313776 0.208207 2.791726
v 0.313776 0.208207 2.791726
v 0.313776 0.208207 2.791726
v 0.313776 0.208207 2.803455
v 0.313776 0.208207 2.803455
v 0.313776 0.208207 2.803455
v 0.313776 -0.448671 0.709662
v 0.313776 -0.448671 0.709662
v 0.313776 -0.448671 0.709662
v 0.313776 -0.448671 0.709662
v 0.313776 -0.448671 0.709662
v 0.313776 -0.448671 0.709662
v 0.313776 -0.448671 0.709662
v 0.313776 -0.442806 0.680337
v 0.313776 -0.442806 0.680337
v 0.313776 -0.360697 0.656876
v 0.313776 -0.360697 0.656876
v 0.313776 0.395886 0.486792
v 0.313776 0.395886 0.486792
v 0.313776 0.395886 0.486792
v 0.313776 0.395886 0.486792
v 0.313776 -0.354830 0.486792
v 0.313776 -0.354830 0.486792
v 0.313776 -0.354830 0.486792
v 0.313776 -0.859219 0.117300
v 0.313776 -0.859219 0.117300
v 0.313776 -0.859219 0.117300
v 0.313776 -0.859219 0.000000
v 0.313776 -0.859219 0.000000
v 0.313776 -0.859219 0.000000
v 0.319640 -0.519050 2.369448
v 0.319640 -0.519050 2.369448
v 0.319640 -0.519050 2.369448
v 0.319640 -0.519050 2.369448
v 0.319640 -0.319640 2.562992
v 0.319640 -0.319640 2.562992
v 0.319640 -0.319640 2.562992
v 0.319640 0.026393 2.627507
v 0.319640 0.026393 2.627507
v 0.319640 0.026393 2.627507
v 0.319640 0.026393 2.627507
v 0.319640 0.026393 2.627507
v 0.319640 0.026393 2.627507
v 0.319640 0.026393 2.627507
v 0.319640 0.026393 2.627507
v 0.319640 0.026393 2.627507
v 0.319640 0.026393 2.627507
v 0.319640 0.237531 1.360674
v 0.319640 0.237531 1.360674
v 0.319640 0.237531 1.360674
v 0.319640 0.237531 1.360674
v 0.319640 -0.448671 0.633416
v 0.319640 -0.343102 0.527848
v 0.319640 -0.343102 0.527848
v 0.325507 0.442806 2.216958
v 0.325507 0.442806 2.216958
v 0.325507 0.442806 2.216958
v 0.325507 0.442806 2.216958
v 0.325507 -0.530780 2.387042
v 0.325507 -0.530780 2.387042
v 0.325507 -0.530780 2.387042
v 0.325507 -0.530780 2.387042
v 0.325507 -0.366561 2.521937
v 0.325507 -0.366561 2.521937
v 0.325507 0.067447 2.639237
v 0.325507 0.067447 2.639237
v 0.325507 0.067447 2.639237
v 0.325507 0.067447 2.639237
v 0.325507 0.067447 2.639237
v 0.325507 0.067447 2.639237
v 0.325507 0.067447 2.639237
v 0.325507 -0.208206 2.639237
v 0.325507 -0.208206 2.639237
v 0.325507 -0.208206 2.639237
v 0.325507 -0.208206 2.639237
v 0.325507 0.741919 1.436918
v 0.325507 0.741919 1.436918
v 0.325507 0.741919 1.436918
v 0.325507 0.718458 1.431053
v 0.325507 0.718458 1.431053
v 0.325507 0.718458 1.431053
v 0.325507 0.718458 1.431053
v 0.325507 0.372425 0.950126
v 0.325507 -0.472129 0.944261
v 0.325507 -0.472129 0.944261
v 0.325507 -0.472129 0.944261
v 0.325507 -0.472129 0.944261
v 0.325507 -0.472129 0.944261
v 0.325507 -0.454535 0.486792
v 0.325507 -0.454535 0.486792
v 0.325507 -0.454535 0.486792
v 0.331371 0.313776 2.205229
v 0.331371 0.313776 2.205229
v 0.331371 -0.272721 2.539533
v 0.331371 -0.272721 2.539533
v 0.331371 0.038122 2.574723
v 0.331371 0.038122 2.574723
v 0.331371 -0.102637 2.633371
v 0.331371 -0.173016 2.668561
v 0.331371 -0.173016 2.668561
v 0.331371 -0.173016 2.668561
v 0.331371 -0.173016 2.668561
v 0.331371 0.178882 2.785861
v 0.331371 0.178882 2.785861
v 0.331371 -0.266856 0.909071
v 0.331371 -0.266856 0.909071
v 0.331371 -0.266856 0.909071
v 0.331371 -0.266856 0.909071
v 0.331371 0.219936 0.639281
v 0.331371 -0.753648 0.351898
v 0.331371 -0.753648 0.351898
v 0.331371 -0.753648 0.351898
v 0.331371 0.730189 0.228734
v 0.331371 0.730189 0.228734
v 0.331371 0.677405 0.199409
v 0.331371 0.677405 0.199409
v 0.331371 0.677405 0.199409
v 0.337235 -0.208206 1.724302
v 0.337235 -0.208206 1.724302
v 0.337235 -0.208206 1.724302
v 0.337235 -0.208206 1.724302
v 0.337235 -0.208206 1.724302
v 0.337235 -0.208206 1.724302
v 0.337235 -0.384155 2.234553
v 0.337235 -0.384155 2.234553
v 0.337235 -0.384155 2.234553
v 0.337235 -0.313776 2.527803
v 0.337235 -0.313776 2.527803
v 0.337235 -0.313776 2.527803
v 0.337235 -0.313776 2.527803
v 0.337235 0.219936 2.545397
v 0.337235 0.073311 2.598182
v 0.337235 0.073311 2.598182
v 0.337235 0.073311 2.598182
v 0.337235 0.073311 2.598182
v 0.337235 0.020527 2.645102
v 0.337235 0.020527 2.645102
v 0.337235 0.020527 2.645102
v 0.337235 0.020527 2.645102
v 0.337235 0.020527 2.645102
v 0.337235 0.020527 2.645102
v 0.337235 0.173016 2.815186
v 0.337235 0.173016 2.815186
v 0.337235 -0.395886 0.703796
v 0.337235 -0.395886 0.703796
v 0.337235 -0.395886 0.703796
v 0.337235 -0.460400 0.527848
v 0.337235 -0.460400 0.527848
v 0.343102 0.225802 1.542488
v 0.343102 0.225802 1.542488
v 0.343102 0.354830 2.035145
v 0.343102 0.354830 2.035145
v 0.343102 0.354830 2.035145
v 0.343102 0.354830 2.035145
v 0.343102 -0.348966 2.492613
v 0.343102 -0.348966 2.492613
v 0.343102 -0.366561 2.504342
v 0.343102 -0.366561 2.504342
v 0.343102 0.049852 2.650966
v 0.343102 0.049852 2.650966
v 0.343102 0.049852 2.650966
v 0.343102 -0.038122 2.656832
v 0.343102 -0.038122 2.656832
v 0.343102 -0.038122 2.656832
v 0.343102 -0.038122 2.656832
v 0.343102 -0.038122 2.656832
v 0.343102 -0.237531 1.038100
v 0.343102 -0.237531 1.038100
v 0.343102 -0.237531 1.038100
v 0.343102 0.671539 0.275655
v 0.343102 0.671539 0.275655
v 0.343102 0.671539 0.275655
v 0.348966 0.343102 2.029280
v 0.348966 0.343102 2.029280
v 0.348966 0.343102 2.029280
v 0.348966 0.343102 2.029280
v 0.348966 -0.249261 2.527803
v 0.348966 -0.249261 2.527803
v 0.348966 -0.249261 2.527803
v 0.348966 -0.155421 2.674427
v 0.348966 -0.155421 2.674427
v 0.348966 -0.131962 2.768266
v 0.348966 -0.243397 1.167129
v 0.348966 -0.243397 1.167129
v 0.348966 -0.243397 1.167129
v 0.348966 -0.243397 1.167129
v 0.348966 0.126097 1.049829
v 0.348966 0.126097 1.049829
v 0.348966 0.126097 1.049829
v 0.348966 0.126097 1.049829
v 0.348966 0.126097 1.049829
v 0.348966 0.149557 0.920800
v 0.348966 0.149557 0.920800
v 0.348966 0.149557 0.920800
v 0.348966 0.149557 0.920800
v 0.348966 0.149557 0.920800
v 0.348966 -0.401750 0.674473
v 0.348966 -0.401750 0.674473
v 0.348966 -0.401750 0.674473
v 0.348966 -0.401750 0.674473
v 0.348966 -0.401750 0.639281
v 0.348966 -0.401750 0.639281
v 0.348966 -0.401750 0.639281
v 0.348966 0.354830 0.609958
v 0.348966 0.354830 0.609958
v 0.348966 0.354830 0.609958
v 0.348966 0.354830 0.609958
v 0.348966 0.384155 0.480928
v 0.348966 0.384155 0.480928
v 0.348966 0.384155 0.480928
v 0.348966 0.384155 0.457467
v 0.348966 0.384155 0.457467
v 0.348966 0.384155 0.457467
v 0.348966 0.501455 0.457467
v 0.348966 0.501455 0.457467
v 0.354830 -0.489724 1.659787
v 0.354830 -0.489724 1.659787
v 0.354830 -0.489724 1.659787
v 0.354830 0.472129 1.958900
v 0.354830 0.472129 1.958900
v 0.354830 0.472129 1.958900
v 0.354830 -0.595295 2.046874
v 0.354830 -0.595295 2.046874
v 0.354830 0.249261 2.123120
v 0.354830 0.249261 2.123120
v 0.354830 0.372425 2.170039
v 0.354830 0.372425 2.170039
v 0.354830 0.372425 2.170039
v 0.354830 0.372425 2.170039
v 0.354830 0.372425 2.170039
v 0.354830 0.372425 2.170039
v 0.354830 -0.407614 2.463287
v 0.354830 -0.407614 2.463287
v 0.354830 -0.407614 2.463287
v 0.354830 -0.407614 2.463287
v 0.354830 -0.407614 2.463287
v 0.354830 -0.407614 2.463287
v 0.354830 -0.407614 2.463287
v 0.354830 -0.225802 2.586452
v 0.354830 -0.225802 2.586452
v 0.354830 -0.225802 2.586452
v 0.354830 -0.002932 2.592318
v 0.354830 -0.002932 2.592318
v 0.354830 -0.002932 2.592318
v 0.354830 -0.002932 2.592318
v 0.354830 -0.002932 2.592318
v 0.354830 0.061582 2.609913
v 0.354830 0.061582 2.609913
v 0.354830 0.061582 2.609913
v 0.354830 -0.126097 2.668561
v 0.354830 -0.126097 2.668561
v 0.354830 -0.126097 2.668561
v 0.354830 0.079177 2.768266
v 0.354830 0.079177 2.768266
v 0.354830 -1.023439 1.249239
v 0.354830 -1.023439 1.249239
v 0.354830 -1.011708 1.231644
v 0.354830 -1.011708 1.231644
v 0.354830 0.102637 1.032235
v 0.354830 0.102637 1.032235
v 0.354830 0.102637 1.032235
v 0.354830 0.102637 1.032235
v 0.354830 0.390020 0.897340
v 0.354830 0.390020 0.897340
v 0.354830 0.331371 0.727257
v 0.354830 0.331371 0.727257
v 0.354830 -0.395886 0.486792
v 0.354830 -0.395886 0.486792
v 0.354830 -0.395886 0.486792
v 0.354830 0.718458 0.193545
v 0.354830 0.718458 0.193545
v 0.354830 0.718458 0.193545
v 0.360697 0.208207 1.689111
v 0.360697 0.208207 1.689111
v 0.360697 0.407616 1.994090
v 0.360697 0.407616 1.994090
v 0.360697 0.407616 1.994090
v 0.360697 -0.208206 2.005819
v 0.360697 -0.208206 2.005819
v 0.360697 -0.208206 2.005819
v 0.360697 -0.219936 2.123120
v 0.360697 -0.219936 2.123120
v 0.360697 0.243397 2.187634
v 0.360697 0.243397 2.187634
v 0.360697 0.243397 2.187634
v 0.360697 -0.454535 2.387042
v 0.360697 -0.454535 2.387042
v 0.360697 -0.454535 2.387042
v 0.360697 -0.454535 2.387042
v 0.360697 -0.155421 2.609913
v 0.360697 -0.155421 2.609913
v 0.360697 -0.155421 2.609913
v 0.360697 -0.155421 2.609913
v 0.360697 -0.155421 2.609913
v 0.360697 -0.155421 2.609913
v 0.360697 0.073311 2.639237
v 0.360697 0.073311 2.639237
v 0.360697 0.073311 2.639237
v 0.360697 0.073311 2.844511
v 0.360697 0.073311 2.844511
v 0.360697 0.073311 2.844511
v 0.360697 0.073311 2.844511
v 0.360697 0.073311 2.844511
v 0.360697 0.829894 1.307889
v 0.360697 0.829894 1.307889
v 0.360697 0.137826 1.178860
v 0.360697 0.137826 1.178860
v 0.360697 0.137826 1.178860
v 0.360697 0.137826 1.178860
v 0.360697 -0.325507 1.067424
v 0.360697 -0.325507 1.067424
v 0.360697 -0.325507 1.067424
v 0.360697 -0.325507 1.067424
v 0.360697 -0.348966 0.932531
v 0.360697 -0.348966 0.932531
v 0.360697 -0.348966 0.932531
v 0.360697 -0.348966 0.932531
v 0.360697 0.343102 0.697932
v 0.360697 0.343102 0.697932
v 0.360697 -0.395886 0.533713
v 0.360697 -0.395886 0.533713
v 0.360697 0.495590 0.498523
v 0.360697 0.495590 0.498523
v 0.360697 0.354830 0.486792
v 0.360697 0.354830 0.486792
v 0.360697 0.354830 0.486792
v 0.366561 0.272721 2.052739
v 0.366561 0.272721 2.052739
v 0.366561 -0.607024 2.082064
v 0.366561 -0.607024 2.082064
v 0.366561 -0.607024 2.082064
v 0.366561 -0.419345 2.152444
v 0.366561 -0.419345 2.152444
v 0.366561 -0.419345 2.152444
v 0.366561 0.530780 2.222825
v 0.366561 0.530780 2.222825
v 0.366561 -0.401750 2.293204
v 0.366561 -0.401750 2.293204
v 0.366561 -0.401750 2.293204
v 0.366561 -0.483860 2.392908
v 0.366561 -0.483860 2.392908
v 0.366561 -0.483860 2.392908
v 0.366561 -0.483860 2.392908
v 0.366561 0.337235 2.527803
v 0.366561 0.337235 2.527803
v 0.366561 -0.190611 2.568856
v 0.366561 -0.190611 2.568856
v 0.366561 -0.190611 2.568856
v 0.366561 -0.173016 2.615777
v 0.366561 -0.173016 2.615777
v 0.366561 0.067447 2.645102
v 0.366561 0.067447 2.645102
v 0.366561 0.067447 2.645102
v 0.366561 -0.043988 2.668561
v 0.366561 -0.043988 2.668561
v 0.366561 -0.043988 2.668561
v 0.366561 -0.043988 2.668561
v 0.366561 -0.096772 2.668561
v 0.366561 -0.096772 2.668561
v 0.366561 -0.096772 2.668561
v 0.366561 -0.114367 2.668561
v 0.366561 -0.114367 2.668561
v 0.366561 -0.032258 2.768266
v 0.366561 -0.032258 2.768266
v 0.366561 -0.032258 2.768266
v 0.366561 -0.143692 2.879700
v 0.366561 -0.143692 2.879700
v 0.366561 0.806432 1.302023
v 0.366561 0.806432 1.302023
v 0.366561 0.806432 1.302023
v 0.366561 0.806432 1.302023
v 0.366561 -0.225802 1.020505
v 0.366561 -0.225802 1.020505
v 0.366561 -0.225802 1.020505
v 0.366561 0.331371 0.656876
v 0.366561 0.331371 0.656876
v 0.366561 0.331371 0.656876
v 0.366561 0.331371 0.656876
v 0.366561 0.360697 0.527848
v 0.366561 0.360697 0.527848
v 0.366561 0.360697 0.527848
v 0.366561 0.360697 0.527848
v 0.366561 0.524916 0.439872
v 0.366561 0.524916 0.439872
v 0.366561 0.524916 0.439872
v 0.366561 0.607026 0.340168
v 0.366561 0.607026 0.340168
v 0.372425 0.395886 1.976495
v 0.372425 0.395886 1.976495
v 0.372425 0.343102 2.510208
v 0.372425 0.343102 2.510208
v 0.372425 0.067447 2.557128
v 0.372425 0.067447 2.557128
v 0.372425 -0.114367 2.557128
v 0.372425 -0.114367 2.557128
v 0.372425 -0.114367 2.557128
v 0.372425 -0.114367 2.557128
v 0.372425 0.096772 2.580587
v 0.372425 0.096772 2.580587
v 0.372425 0.096772 2.580587
v 0.372425 0.038122 2.592318
v 0.372425 0.038122 2.592318
v 0.372425 0.038122 2.592318
v 0.372425 0.038122 2.592318
v 0.372425 0.038122 2.592318
v 0.372425 0.038122 2.592318
v 0.372425 0.038122 2.592318
v 0.372425 0.038122 2.592318
v 0.372425 0.061582 2.633371
v 0.372425 0.061582 2.633371
v 0.372425 0.061582 2.633371
v 0.372425 0.061582 2.633371
v 0.372425 -0.067447 2.680292
v 0.372425 -0.067447 2.680292
v 0.372425 0.542510 0.404682
v 0.372425 0.542510 0.404682
v 0.372425 0.542510 0.404682
v 0.372425 0.542510 0.404682
v 0.372425 0.542510 0.404682
v 0.372425 0.700864 0.275655
v 0.372425 0.700864 0.275655
v 0.372425 0.700864 0.275655
v 0.372425 0.700864 0.275655
v 0.372425 0.648079 0.240463
v 0.372425 0.648079 0.240463
v 0.378291 -0.630484 1.583542
v 0.378291 -0.630484 1.583542
v 0.378291 -0.601159 2.111390
v 0.378291 -0.601159 2.111390
v 0.378291 0.524916 2.252148
v 0.378291 0.524916 2.252148
v 0.378291 0.524916 2.252148
v 0.378291 0.419345 2.363584
v 0.378291 0.419345 2.363584
v 0.378291 0.419345 2.363584
v 0.378291 0.419345 2.363584
v 0.378291 -0.219936 2.527803
v 0.378291 -0.219936 2.527803
v 0.378291 -0.219936 2.527803
v 0.378291 -0.243397 2.539533
v 0.378291 -0.243397 2.539533
v 0.378291 -0.243397 2.539533
v 0.378291 -0.243397 2.539533
v 0.378291 -0.067447 2.609913
v 0.378291 -0.067447 2.609913
v 0.378291 -0.067447 2.609913
v 0.378291 -0.067447 2.609913
v 0.378291 -0.067447 2.609913
v 0.378291 -0.008798 2.645102
v 0.378291 -0.008798 2.645102
v 0.378291 -0.008798 2.645102
v 0.378291 -0.008798 2.645102
v 0.378291 -0.008798 2.645102
v 0.378291 -0.008798 2.645102
v 0.378291 -0.026393 2.867971
v 0.378291 -0.026393 2.867971
v 0.378291 -0.026393 2.867971
v 0.378291 -0.026393 2.867971
v 0.378291 -0.026393 2.867971
v 0.378291 -0.260992 0.885610
v 0.378291 -0.260992 0.885610
v 0.378291 -0.260992 0.885610
v 0.378291 0.208207 0.621687
v 0.378291 0.208207 0.621687
v 0.378291 0.460400 0.480928
v 0.378291 0.460400 0.480928
v 0.384155 0.460400 1.759492
v 0.384155 -0.519050 2.087929
v 0.384155 -0.519050 2.087929
v 0.384155 -0.519050 2.087929
v 0.384155 -0.519050 2.087929
v 0.384155 -0.519050 2.087929
v 0.384155 0.501455 2.269743
v 0.384155 0.501455 2.269743
v 0.384155 0.395886 2.410503
v 0.384155 0.395886 2.410503
v 0.384155 0.395886 2.410503
v 0.384155 0.395886 2.410503
v 0.384155 0.395886 2.410503
v 0.384155 0.395886 2.410503
v 0.384155 0.395886 2.410503
v 0.384155 0.401750 2.428098
v 0.384155 0.401750 2.428098
v 0.384155 0.401750 2.428098
v 0.384155 -0.266856 2.498477
v 0.384155 -0.266856 2.498477
v 0.384155 -0.266856 2.498477
v 0.384155 -0.266856 2.498477
v 0.384155 -0.266856 2.498477
v 0.384155 -0.173016 2.574723
v 0.384155 -0.173016 2.574723
v 0.384155 -0.173016 2.574723
v 0.384155 0.079177 2.592318
v 0.384155 0.079177 2.592318
v 0.384155 0.079177 2.592318
v 0.384155 -0.137826 2.615777
v 0.384155 -0.137826 2.615777
v 0.384155 -0.161287 2.627507
v 0.384155 -0.161287 2.627507
v 0.384155 -0.161287 2.627507
v 0.384155 0.114367 0.897340
v 0.384155 0.114367 0.897340
v 0.384155 0.114367 0.897340
v 0.384155 0.114367 0.897340
v 0.384155 0.114367 0.897340
v 0.384155 0.208207 0.651011
v 0.384155 0.208207 0.651011
v 0.384155 0.202342 0.486792
v 0.384155 0.202342 0.486792
v 0.384155 0.202342 0.486792
v 0.390020 0.120232 2.557128
v 0.390020 0.120232 2.557128
v 0.390020 0.055716 2.574723
v 0.390020 0.055716 2.574723
v 0.390020 0.055716 2.574723
v 0.390020 -0.143692 2.574723
v 0.390020 -0.143692 2.574723
v 0.390020 -0.143692 2.574723
v 0.390020 -0.143692 2.574723
v 0.390020 0.085042 2.633371
v 0.390020 0.085042 2.633371
v 0.390020 0.085042 2.633371
v 0.390020 0.085042 2.633371
v 0.390020 0.079177 2.639237
v 0.390020 0.079177 2.639237
v 0.390020 0.079177 2.639237
v 0.390020 0.079177 2.639237
v 0.390020 0.079177 2.639237
v 0.390020 0.260992 1.190590
v 0.390020 0.260992 1.190590
v 0.390020 0.260992 1.190590
v 0.390020 0.302045 1.073289
v 0.390020 0.302045 1.073289
v 0.390020 0.302045 1.073289
v 0.390020 0.302045 1.073289
v 0.390020 -0.331371 1.055694
v 0.390020 -0.331371 1.055694
v 0.390020 -0.331371 1.055694
v 0.390020 -0.331371 1.055694
v 0.390020 0.196477 0.527848
v 0.390020 0.196477 0.527848
v 0.390020 0.472129 0.486792
v 0.390020 0.472129 0.486792
v 0.390020 0.530780 0.469197
v 0.390020 0.530780 0.469197
v 0.390020 0.530780 0.469197
v 0.390020 0.489724 0.445739
v 0.390020 0.489724 0.445739
v 0.390020 0.483860 0.439872
v 0.390020 0.483860 0.439872
v 0.390020 0.483860 0.439872
v 0.390020 0.501455 0.281519
v 0.390020 0.501455 0.281519
v 0.395886 -0.090906 2.615777
v 0.395886 -0.090906 2.615777
v 0.395886 -0.055716 2.621641
v 0.395886 -0.055716 2.621641
v 0.395886 0.501455 0.375359
v 0.395886 0.630484 0.357763
v 0.395886 0.630484 0.357763
v 0.395886 0.683269 0.252194
v 0.395886 0.683269 0.252194
v 0.395886 0.683269 0.252194
v 0.401750 -0.260992 2.269743
v 0.401750 -0.249261 2.504342
v 0.401750 -0.249261 2.504342
v 0.401750 -0.249261 2.504342
v 0.401750 -0.249261 2.504342
v 0.401750 -0.266856 2.516072
v 0.401750 -0.266856 2.516072
v 0.401750 -0.266856 2.516072
v 0.401750 0.090906 2.557128
v 0.401750 0.090906 2.557128
v 0.401750 0.090906 2.557128
v 0.401750 0.090906 2.557128
v 0.401750 0.090906 2.557128
v 0.401750 -0.038122 2.568856
v 0.401750 -0.038122 2.568856
v 0.401750 -0.038122 2.568856
v 0.401750 -0.167152 2.586452
v 0.401750 -0.167152 2.586452
v 0.401750 -0.167152 2.586452
v 0.401750 -0.114367 2.621641
v 0.401750 -0.114367 2.621641
v 0.401750 -0.114367 2.621641
v 0.401750 0.079177 2.633371
v 0.401750 0.079177 2.633371
v 0.401750 0.079177 2.633371
v 0.401750 0.079177 2.633371
v 0.401750 0.090906 2.639237
v 0.401750 0.090906 2.639237
v 0.401750 0.085042 2.645102
v 0.401750 0.085042 2.645102
v 0.401750 0.888542 1.190590
v 0.401750 0.888542 1.190590
v 0.401750 0.865084 1.184724
v 0.401750 0.865084 1.184724
v 0.401750 0.865084 1.184724
v 0.401750 0.565970 0.422277
v 0.401750 0.565970 0.422277
v 0.401750 0.565970 0.422277
v 0.401750 0.513185 0.387087
v 0.401750 0.513185 0.387087
v 0.401750 0.513185 0.387087
v 0.401750 0.513185 0.387087
v 0.401750 0.583565 0.316708
v 0.401750 0.583565 0.316708
v 0.401750 0.583565 0.316708
v 0.407614 -0.026393 1.741897
v 0.407614 -0.026393 1.741897
v 0.407614 -0.026393 1.741897
v 0.407614 -0.026393 1.741897
v 0.407614 -0.026393 1.741897
v 0.407616 0.173016 1.777087
v 0.407616 0.173016 1.777087
v 0.407616 0.173016 1.777087
v 0.407616 0.173016 1.777087
v 0.407616 0.173016 1.777087
v 0.407614 -0.513185 2.228689
v 0.407614 -0.513185 2.228689
v 0.407614 -0.513185 2.228689
v 0.407614 -0.296181 2.422232
v 0.407614 -0.296181 2.422232
v 0.407614 -0.284451 2.486747
v 0.407614 -0.284451 2.486747
v 0.407614 -0.284451 2.486747
v 0.407614 -0.284451 2.486747
v 0.407614 0.073311 2.545397
v 0.407614 0.073311 2.545397
v 0.407614 -0.190611 2.557128
v 0.407614 -0.190611 2.557128
v 0.407614 0.079177 2.568856
v 0.407614 0.079177 2.568856
v 0.407614 0.079177 2.568856
v 0.407614 -0.085042 2.574723
v 0.407614 -0.085042 2.574723
v 0.407614 -0.085042 2.574723
v 0.407614 -0.085042 2.574723
v 0.407614 -0.073311 2.627507
v 0.407614 -0.073311 2.627507
v 0.407614 -0.073311 2.627507
v 0.407614 0.085042 2.639237
v 0.407614 0.085042 2.639237
v 0.407614 0.090906 2.650966
v 0.407614 0.090906 2.650966
v 0.407614 0.090906 2.650966
v 0.407614 0.096772 2.650966
v 0.407614 0.096772 2.650966
v 0.407614 0.096772 2.650966
v 0.407614 0.090906 2.668561
v 0.407614 0.090906 2.668561
v 0.407614 0.090906 2.668561
v 0.407616 0.190611 1.067424
v 0.407616 0.190611 1.067424
v 0.407616 0.190611 1.067424
v 0.407616 0.190611 1.067424
v 0.407616 0.284451 0.944261
v 0.407616 0.284451 0.944261
v 0.407616 0.284451 0.944261
v 0.407616 0.284451 0.944261
v 0.407614 -0.372425 0.938395
v 0.407614 -0.372425 0.938395
v 0.407614 -0.372425 0.938395
v 0.407614 -0.372425 0.938395
v 0.413481 -0.073311 2.140715
v 0.413481 -0.073311 2.140715
v 0.413481 -0.284451 2.498477
v 0.413481 -0.284451 2.498477
v 0.413481 -0.284451 2.498477
v 0.413481 -0.284451 2.498477
v 0.413481 -0.284451 2.498477
v 0.413481 0.114367 2.557128
v 0.413481 0.114367 2.557128
v 0.413481 -0.055716 2.580587
v 0.413481 -0.055716 2.580587
v 0.413481 -0.055716 2.580587
v 0.413481 -0.055716 2.580587
v 0.413481 -0.002932 2.592318
v 0.413481 -0.002932 2.592318
v 0.413481 -0.002932 2.592318
v 0.413481 -0.002932 2.592318
v 0.413481 -0.002932 2.592318
v 0.413481 0.090906 2.650966
v 0.413481 0.090906 2.650966
v 0.413481 0.090906 2.650966
v 0.413481 0.090906 2.650966
v 0.413481 0.313776 1.061560
v 0.413481 0.313776 1.061560
v 0.413481 0.313776 1.061560
v 0.413481 0.313776 1.061560
v 0.419345 -0.782974 1.519027
v 0.419345 -0.782974 1.519027
v 0.419345 0.325507 1.929576
v 0.419345 0.325507 1.929576
v 0.419345 0.325507 1.929576
v 0.419345 0.325507 1.929576
v 0.419345 -0.055716 2.029280
v 0.419345 -0.055716 2.029280
v 0.419345 -0.055716 2.029280
v 0.419345 -0.272721 2.492613
v 0.419345 -0.272721 2.492613
v 0.419345 -0.272721 2.492613
v 0.419345 -0.272721 2.492613
v 0.419345 0.026393 2.533667
v 0.419345 0.026393 2.533667
v 0.419345 0.026393 2.533667
v 0.419345 0.026393 2.533667
v 0.419345 -0.137826 2.539533
v 0.419345 -0.137826 2.539533
v 0.419345 -0.137826 2.539533
v 0.419345 0.178882 2.557128
v 0.419345 0.178882 2.557128
v 0.419345 -0.167152 2.557128
v 0.419345 -0.167152 2.557128
v 0.419345 -0.167152 2.557128
v 0.419345 -0.167152 2.557128
v 0.419345 -0.184747 2.562992
v 0.419345 -0.184747 2.562992
v 0.419345 -0.184747 2.562992
v 0.419345 -0.184747 2.562992
v 0.419345 -0.114367 2.580587
v 0.419345 -0.114367 2.580587
v 0.419345 0.202342 0.938395
v 0.419345 0.202342 0.938395
v 0.419345 0.202342 0.938395
v 0.419345 0.202342 0.938395
v 0.419345 0.202342 0.938395
v 0.419345 0.284451 0.674473
v 0.419345 0.284451 0.674473
v 0.419345 0.284451 0.674473
v 0.425211 -0.278587 1.835735
v 0.425211 -0.278587 1.835735
v 0.425211 -0.278587 1.835735
v 0.425211 -0.278587 1.835735
v 0.425211 0.249261 2.275610
v 0.425211 0.249261 2.275610
v 0.425211 0.249261 2.275610
v 0.425211 0.249261 2.275610
v 0.425211 0.249261 2.275610
v 0.425211 0.249261 2.275610
v 0.425211 -0.020527 2.533667
v 0.425211 -0.020527 2.533667
v 0.425211 -0.096772 2.539533
v 0.425211 -0.096772 2.539533
v 0.425211 0.085042 2.551261
v 0.425211 0.085042 2.551261
v 0.425211 0.085042 2.551261
v 0.425211 -0.196477 2.551261
v 0.425211 -0.196477 2.551261
v 0.425211 -0.196477 2.551261
v 0.425211 0.073311 2.557128
v 0.425211 0.073311 2.557128
v 0.425211 0.073311 2.557128
v 0.425211 0.073311 2.557128
v 0.425211 -0.190611 2.557128
v 0.425211 -0.190611 2.557128
v 0.425211 -0.190611 2.557128
v 0.425211 0.085042 2.562992
v 0.425211 0.085042 2.562992
v 0.425211 0.085042 2.562992
v 0.425211 0.085042 2.562992
v 0.425211 -0.073311 2.586452
v 0.425211 -0.073311 2.586452
v 0.425211 -0.073311 2.586452
v 0.425211 0.777110 1.495568
v 0.425211 0.777110 1.495568
v 0.425211 0.231666 0.703796
v 0.425211 0.231666 0.703796
v 0.425211 0.296181 0.703796
v 0.425211 0.296181 0.703796
v 0.425211 0.296181 0.703796
v 0.425211 0.513185 0.451603
v 0.425211 0.513185 0.451603
v 0.425211 0.513185 0.451603
v 0.431076 0.108503 2.058605
v 0.431076 0.108503 2.058605
v 0.431076 0.090906 2.158310
v 0.431076 0.090906 2.158310
v 0.431076 0.090906 2.158310
v 0.431076 0.090906 2.158310
v 0.431076 -0.296181 2.504342
v 0.431076 -0.296181 2.504342
v 0.431076 -0.296181 2.504342
v 0.431076 0.167152 2.527803
v 0.431076 0.167152 2.527803
v 0.431076 -0.120232 2.545397
v 0.431076 -0.120232 2.545397
v 0.431076 -0.120232 2.545397
v 0.431076 -0.184747 2.551261
v 0.431076 -0.184747 2.551261
v 0.431076 -0.184747 2.551261
v 0.431076 0.231666 0.674473
v 0.431076 0.231666 0.674473
v 0.431076 0.290316 0.633416
v 0.431076 0.290316 0.633416
v 0.431076 0.542510 0.410548
v 0.431076 0.542510 0.410548
v 0.431076 0.612890 0.334303
v 0.431076 0.612890 0.334303
v 0.431076 0.530780 0.228734
v 0.431076 0.530780 0.228734
v 0.431076 0.530780 0.228734
v 0.436940 -0.190611 1.847466
v 0.436940 -0.149557 2.516072
v 0.436940 -0.149557 2.516072
v 0.436940 -0.149557 2.516072
v 0.436940 0.173016 2.539533
v 0.436940 0.173016 2.539533
v 0.436940 0.173016 2.539533
v 0.436940 0.173016 2.539533
v 0.436940 0.002932 2.551261
v 0.436940 0.002932 2.551261
v 0.436940 0.002932 2.551261
v 0.436940 0.278587 2.551261
v 0.436940 0.278587 2.551261
v 0.436940 0.278587 2.551261
v 0.436940 0.278587 2.551261
v 0.436940 -0.208207 2.557128
v 0.436940 -0.208207 2.557128
v 0.436940 -0.208207 2.557128
v 0.436940 0.178882 1.061560
v 0.436940 0.178882 1.061560
v 0.436940 0.178882 1.061560
v 0.436940 0.178882 1.061560
v 0.436940 0.178882 1.061560
v 0.436940 0.231666 0.639281
v 0.436940 0.231666 0.639281
v 0.436940 0.290316 0.486792
v 0.436940 0.290316 0.486792
v 0.436940 0.290316 0.486792
v 0.436940 0.560105 0.263924
v 0.436940 0.560105 0.263924
v 0.442806 -0.120232 2.510208
v 0.442806 -0.120232 2.510208
v 0.442806 -0.055716 2.557128
v 0.442806 -0.055716 2.557128
v 0.442806 -0.079177 2.557128
v 0.442806 -0.079177 2.557128
v 0.442806 -0.079177 2.557128
v 0.442806 0.085042 2.562992
v 0.442806 0.085042 2.562992
v 0.442806 0.085042 2.562992
v 0.442806 0.296181 0.527848
v 0.442806 0.296181 0.527848
v 0.442806 0.231666 0.486792
v 0.442806 0.231666 0.486792
v 0.442806 0.231666 0.486792
v 0.448671 0.542510 2.199364
v 0.448671 0.542510 2.199364
v 0.448671 0.542510 2.199364
v 0.448671 -0.102637 2.275610
v 0.448671 -0.120232 2.433963
v 0.448671 -0.120232 2.433963
v 0.448671 -0.131962 2.521937
v 0.448671 -0.131962 2.521937
v 0.448671 0.284451 2.527803
v 0.448671 0.284451 2.527803
v 0.448671 0.284451 2.527803
v 0.448671 0.284451 2.527803
v 0.448671 0.284451 2.527803
v 0.448671 -0.067447 2.562992
v 0.448671 -0.067447 2.562992
v 0.448671 -0.067447 2.562992
v 0.448671 0.929598 1.067424
v 0.448671 0.929598 1.067424
v 0.448671 0.929598 1.067424
v 0.448671 0.929598 1.067424
v 0.448671 0.912003 1.055694
v 0.448671 0.912003 1.055694
v 0.448671 0.912003 1.055694
v 0.448671 0.225802 0.527848
v 0.448671 0.225802 0.527848
v 0.454535 0.290316 2.205229
v 0.454535 0.290316 2.205229
v 0.454535 0.290316 2.205229
v 0.454535 0.020527 2.516072
v 0.454535 0.020527 2.516072
v 0.454535 0.020527 2.516072
v 0.454535 0.589429 0.234598
v 0.454535 0.589429 0.234598
v 0.454535 0.589429 0.234598
v 0.454535 -0.741919 0.211139
v 0.454535 -0.741919 0.211139
v 0.454535 -0.741919 0.211139
v 0.454535 0.571834 0.199409
v 0.454535 0.571834 0.199409
v 0.454535 0.571834 0.199409
v 0.454535 -0.730189 0.187679
v 0.454535 -0.730189 0.187679
v 0.454535 -0.730189 0.187679
v 0.454535 -0.730189 0.187679
v 0.460400 -0.161287 2.498477
v 0.460400 -0.161287 2.498477
v 0.460400 -0.161287 2.498477
v 0.460400 -0.008798 2.516072
v 0.460400 -0.008798 2.516072
v 0.460400 -0.008798 2.516072
v 0.460400 -0.067447 2.551261
v 0.460400 -0.067447 2.551261
v 0.460400 -0.067447 2.551261
v 0.460400 -0.906137 1.419323
v 0.460400 -0.906137 1.419323
v 0.460400 0.325507 0.932531
v 0.460400 0.325507 0.932531
v 0.460400 0.325507 0.932531
v 0.460400 0.325507 0.932531
v 0.460400 -0.683269 0.486792
v 0.460400 -0.683269 0.486792
v 0.460400 -0.741919 0.275655
v 0.460400 -0.741919 0.275655
v 0.460400 -0.741919 0.275655
v 0.460400 -0.765379 0.246329
v 0.460400 -0.765379 0.246329
v 0.460400 -0.765379 0.246329
v 0.466265 0.536645 2.234553
v 0.466265 0.536645 2.234553
v 0.466265 0.536645 2.234553
v 0.466265 0.243397 2.334258
v 0.466265 0.243397 2.334258
v 0.466265 0.243397 2.334258
v 0.466265 0.243397 2.334258
v 0.466265 0.343102 2.439829
v 0.466265 0.343102 2.439829
v 0.466265 0.343102 2.439829
v 0.466265 0.237531 2.492613
v 0.466265 0.237531 2.492613
v 0.466265 0.237531 2.492613
v 0.466265 0.237531 2.492613
v 0.466265 0.237531 2.492613
v 0.466265 0.237531 2.492613
v 0.466265 0.237531 2.492613
v 0.466265 -0.149557 2.492613
v 0.466265 -0.149557 2.492613
v 0.466265 -0.149557 2.492613
v 0.466265 -0.149557 2.492613
v 0.466265 -0.155421 2.504342
v 0.466265 -0.155421 2.504342
v 0.466265 -0.155421 2.504342
v 0.466265 -0.155421 2.504342
v 0.466265 0.002932 2.527803
v 0.466265 0.002932 2.527803
v 0.466265 -0.055716 2.551261
v 0.466265 -0.055716 2.551261
v 0.466265 -0.055716 2.551261
v 0.466265 -0.061582 2.557128
v 0.466265 -0.061582 2.557128
v 0.466265 -0.061582 2.557128
v 0.466265 -0.730189 0.445739
v 0.466265 -0.730189 0.445739
v 0.466265 -0.730189 0.445739
v 0.472129 0.519050 2.263879
v 0.472129 0.519050 2.263879
v 0.472129 0.067447 2.293204
v 0.472129 0.067447 2.293204
v 0.472129 0.067447 2.293204
v 0.472129 0.067447 2.293204
v 0.472129 0.407616 2.381178
v 0.472129 0.407616 2.381178
v 0.472129 0.407616 2.381178
v 0.472129 0.407616 2.381178
v 0.472129 0.348966 2.451558
v 0.472129 0.348966 2.451558
v 0.472129 0.348966 2.451558
v 0.472129 0.348966 2.451558
v 0.472129 0.190611 0.938395
v 0.472129 0.190611 0.938395
v 0.472129 0.190611 0.938395
v 0.472129 0.190611 0.938395
v 0.472129 -0.765379 0.134894
v 0.472129 -0.765379 0.134894
v 0.472129 -0.765379 0.134894
v 0.472129 -0.765379 0.134894
v 0.477995 0.390020 2.152444
v 0.477995 0.390020 2.152444
v 0.477995 0.390020 2.152444
v 0.477995 0.272721 2.433963
v 0.477995 0.272721 2.433963
v 0.477995 0.272721 2.433963
v 0.477995 0.272721 2.433963
v 0.477995 0.067447 2.439829
v 0.477995 0.067447 2.439829
v 0.477995 0.067447 2.439829
v 0.477995 0.008798 2.504342
v 0.477995 0.008798 2.504342
v 0.477995 0.008798 2.504342
v 0.477995 0.008798 2.504342
v 0.477995 0.008798 2.504342
v 0.477995 -0.055716 2.557128
v 0.477995 -0.055716 2.557128
v 0.477995 -0.055716 2.557128
v 0.477995 -0.777110 0.187679
v 0.477995 -0.777110 0.187679
v 0.483860 -0.049852 1.870925
v 0.483860 -0.049852 1.870925
v 0.483860 -0.049852 1.870925
v 0.483860 -0.049852 1.870925
v 0.483860 -0.161287 2.498477
v 0.483860 -0.161287 2.498477
v 0.483860 -0.161287 2.498477
v 0.483860 -0.002932 2.510208
v 0.483860 -0.002932 2.510208
v 0.483860 -0.002932 2.510208
v 0.483860 -0.002932 2.510208
v 0.483860 0.002932 2.516072
v 0.483860 0.002932 2.516072
v 0.483860 0.002932 2.516072
v 0.483860 0.002932 2.516072
v 0.483860 0.002932 2.516072
v 0.483860 -0.818163 0.170084
v 0.483860 -0.818163 0.170084
v 0.483860 -0.818163 0.170084
v 0.483860 -0.812299 0.129029
v 0.483860 -0.812299 0.129029
v 0.483860 -0.812299 0.129029
v 0.483860 -0.812299 0.129029
v 0.483860 0.730189 0.117300
v 0.483860 0.730189 0.117300
v 0.483860 0.730189 0.000000
v 0.483860 0.730189 0.000000
v 0.495590 0.472129 2.158310
v 0.495590 0.472129 2.158310
v 0.495590 0.296181 2.451558
v 0.495590 0.296181 2.451558
v 0.495590 0.296181 2.451558
v 0.495590 0.296181 2.451558
v 0.495590 -0.841624 0.117300
v 0.495590 -0.841624 0.117300
v 0.495590 -0.841624 0.117300
v 0.495590 -0.841624 0.117300
v 0.495590 -0.841624 0.000000
v 0.495590 -0.841624 0.000000
v 0.501455 0.102637 1.900250
v 0.501455 0.102637 1.900250
v 0.507319 -0.436940 1.642192
v 0.507319 -0.436940 1.642192
v 0.507319 0.202342 1.923711
v 0.507319 0.202342 1.923711
v 0.507319 0.202342 1.923711
v 0.507319 0.202342 1.923711
v 0.507319 0.008798 2.521937
v 0.507319 0.008798 2.521937
v 0.507319 0.008798 2.521937
v 0.513185 0.472129 2.187634
v 0.513185 0.472129 2.187634
v 0.513185 0.472129 2.187634
v 0.513185 -1.011708 1.296158
v 0.513185 -1.011708 1.296158
v 0.513185 -0.999977 1.278564
v 0.513185 -0.999977 1.278564
v 0.519050 0.454535 2.211094
v 0.519050 0.454535 2.211094
v 0.524914 -0.712594 0.181814
v 0.524914 -0.712594 0.181814
v 0.524914 -0.712594 0.181814
v 0.524914 -0.712594 0.181814
v 0.530780 0.431076 1.782951
v 0.530780 0.431076 1.782951
v 0.530780 0.343102 2.293204
v 0.530780 0.343102 2.293204
v 0.530780 0.343102 2.293204
v 0.530780 0.976518 1.184724
v 0.530780 0.976518 1.184724
v 0.536645 0.958923 1.167129
v 0.536645 0.958923 1.167129
v 0.536645 -0.741919 0.275655
v 0.536645 -0.741919 0.275655
v 0.542510 0.794704 1.560083
v 0.542510 -0.777110 0.258058
v 0.542510 -0.777110 0.258058
v 0.542510 -0.777110 0.258058
v 0.554239 -0.718458 0.240463
v 0.554239 -0.718458 0.240463
v 0.554239 -0.718458 0.240463
v 0.560105 -0.225802 1.601137
v 0.560105 -0.225802 1.601137
v 0.560105 -0.607026 0.557171
v 0.560105 -0.607026 0.557171
v 0.560105 -0.607026 0.557171
v 0.565970 0.442806 0.287384
v 0.565970 -0.765379 0.222868
v 0.565970 -0.765379 0.222868
v 0.565970 -0.765379 0.222868
v 0.565970 -0.765379 0.222868
v 0.571834 -0.548374 0.486792
v 0.571834 -0.548374 0.486792
v 0.571834 -0.548374 0.486792
v 0.571834 0.460400 0.246329
v 0.571834 0.460400 0.246329
v 0.571834 0.460400 0.246329
v 0.571834 0.460400 0.246329
v 0.577700 -0.747784 0.316708
v 0.577700 -0.747784 0.316708
v 0.577700 -0.747784 0.316708
v 0.583565 0.489724 0.281519
v 0.583565 0.489724 0.281519
v 0.589429 -0.331371 1.618732
v 0.589429 -0.331371 1.618732
v 0.589429 -0.782974 0.299113
v 0.589429 -0.782974 0.299113
v 0.589429 -0.782974 0.299113
v 0.589429 0.501455 0.217003
v 0.589429 0.501455 0.217003
v 0.589429 0.501455 0.217003
v 0.595295 -0.601159 0.627552
v 0.595295 -0.601159 0.627552
v 0.595295 -0.536645 0.563037
v 0.595295 -0.536645 0.563037
v 0.595295 0.519050 0.252194
v 0.595295 0.519050 0.252194
v 0.601159 -0.595295 0.651011
v 0.601159 -0.595295 0.651011
v 0.601159 -0.595295 0.651011
v 0.601159 -0.442806 0.486792
v 0.601159 -0.442806 0.486792
v 0.601159 -0.442806 0.486792
v 0.601159 -0.648079 0.486792
v 0.601159 -0.648079 0.486792
v 0.601159 -0.747784 0.117300
v 0.601159 -0.747784 0.117300
v 0.601159 -0.747784 0.117300
v 0.607026 0.923734 1.436918
v 0.607026 0.923734 1.436918
v 0.607024 -0.724325 0.287384
v 0.607024 -0.724325 0.287384
v 0.607024 -0.724325 0.287384
v 0.612890 0.155421 1.683247
v 0.612890 0.155421 1.683247
v 0.612890 0.155421 1.683247
v 0.612890 -0.577700 0.662742
v 0.612890 -0.577700 0.662742
v 0.612890 -0.577700 0.662742
v 0.612890 -0.689134 0.187679
v 0.612890 -0.689134 0.187679
v 0.612890 -0.689134 0.187679
v 0.612890 -0.771243 0.181814
v 0.612890 -0.771243 0.181814
v 0.612890 -0.771243 0.181814
v 0.612890 -0.771243 0.181814
v 0.612890 -0.782974 0.140758
v 0.612890 -0.782974 0.140758
v 0.612890 -0.782974 0.140758
v 0.618755 -0.554239 0.651011
v 0.618755 -0.554239 0.651011
v 0.618755 -0.554239 0.651011
v 0.618755 -0.542510 0.633416
v 0.618755 -0.542510 0.633416
v 0.618755 -0.542510 0.633416
v 0.618755 -0.542510 0.633416
v 0.618755 0.360697 0.480928
v 0.618755 0.360697 0.480928
v 0.618755 0.360697 0.480928
v 0.618755 0.360697 0.480928
v 0.618755 -0.700864 0.445739
v 0.618755 -0.700864 0.445739
v 0.618755 -0.700864 0.445739
v 0.618755 -0.771243 0.275655
v 0.618755 -0.771243 0.275655
v 0.624620 -0.038122 1.618732
v 0.624620 -0.038122 1.618732
v 0.624620 -0.038122 1.618732
v 0.624619 -0.513185 0.586497
v 0.624619 -0.513185 0.586497
v 0.624619 -0.513185 0.586497
v 0.624619 -0.513185 0.586497
v 0.624619 -0.513185 0.586497
v 0.624619 -0.630484 0.545442
v 0.624619 -0.630484 0.545442
v 0.624619 -0.630484 0.545442
v 0.624619 -0.583565 0.486792
v 0.624619 -0.583565 0.486792
v 0.624619 -0.583565 0.486792
v 0.624619 -0.583565 0.486792
v 0.624619 -0.583565 0.486792
v 0.630484 -0.753648 0.398818
v 0.630484 -0.753648 0.398818
v 0.636349 -0.038122 1.554216
v 0.636349 -0.038122 1.554216
v 0.636349 -0.038122 1.554216
v 0.636349 -0.038122 1.554216
v 0.636349 -0.038122 1.554216
v 0.636349 -0.038122 1.554216
v 0.636349 0.354830 1.765356
v 0.636349 0.354830 1.765356
v 0.642215 -0.671539 1.495568
v 0.642215 0.395886 0.445739
v 0.642215 0.395886 0.445739
v 0.642215 0.395886 0.445739
v 0.642215 0.395886 0.445739
v 0.648079 -0.953058 1.290293
v 0.648079 -0.953058 1.290293
v 0.648079 -0.953058 1.290293
v 0.653944 1.023439 1.284429
v 0.653944 1.023439 1.284429
v 0.653944 1.023439 1.284429
v 0.653944 1.023439 1.284429
v 0.653944 1.011708 1.266834
v 0.653944 1.011708 1.266834
v 0.653944 1.011708 1.266834
v 0.653944 1.011708 1.266834
v 0.653944 -0.624620 0.621687
v 0.653944 -0.624620 0.621687
v 0.653944 -0.565970 0.551307
v 0.653944 -0.565970 0.551307
v 0.653944 -0.565970 0.551307
v 0.653944 -0.442806 0.486792
v 0.653944 -0.442806 0.486792
v 0.653944 -0.442806 0.486792
v 0.653944 -0.788838 0.387087
v 0.653944 -0.788838 0.387087
v 0.653944 0.671539 0.117300
v 0.653944 0.671539 0.117300
v 0.653944 0.671539 0.000000
v 0.653944 0.671539 0.000000
v 0.659810 -0.958923 1.307889
v 0.659810 -0.958923 1.307889
v 0.659810 -0.958923 1.307889
v 0.659810 -0.958923 1.307889
v 0.659810 -0.618755 0.639281
v 0.659810 -0.618755 0.639281
v 0.659810 -0.618755 0.639281
v 0.659810 -0.583565 0.551307
v 0.659810 -0.583565 0.551307
v 0.659810 -0.583565 0.551307
v 0.665674 -0.730189 0.375359
v 0.665674 -0.730189 0.375359
v 0.665674 -0.777110 0.117300
v 0.665674 -0.777110 0.117300
v 0.665674 -0.777110 0.117300
v 0.665674 -0.777110 0.000000
v 0.665674 -0.777110 0.000000
v 0.671539 -0.601159 0.651011
v 0.671539 -0.601159 0.651011
v 0.671539 -0.601159 0.651011
v 0.671539 -0.542510 0.568902
v 0.671539 -0.542510 0.568902
v 0.671539 -0.542510 0.568902
v 0.671539 -0.542510 0.568902
v 0.671539 -0.542510 0.568902
v 0.671539 -0.542510 0.568902
v 0.677405 0.237531 1.736031
v 0.677405 0.237531 1.736031
v 0.677405 0.237531 1.736031
v 0.677405 -0.583565 0.645147
v 0.677405 -0.583565 0.645147
v 0.677405 -0.583565 0.645147
v 0.677405 -0.583565 0.645147
v 0.677405 -0.565970 0.621687
v 0.677405 -0.565970 0.621687
v 0.677405 -0.565970 0.621687
v 0.683269 -0.343102 1.389997
v 0.683269 -0.343102 1.389997
v 0.683269 -0.554239 0.574768
v 0.683269 -0.554239 0.574768
v 0.683269 -0.736053 0.475063
v 0.683269 -0.736053 0.475063
v 0.683269 -0.771243 0.363629
v 0.683269 -0.771243 0.363629
v 0.695000 -0.477995 0.668606
v 0.695000 -0.477995 0.668606
v 0.695000 -0.477995 0.668606
v 0.695000 -0.477995 0.668606
v 0.700864 -0.577700 0.768311
v 0.700864 -0.214071 0.486792
v 0.700864 -0.214071 0.486792
v 0.700864 -0.214071 0.486792
v 0.700864 0.401750 0.340168
v 0.700864 0.401750 0.340168
v 0.700864 0.401750 0.340168
v 0.700864 0.401750 0.340168
v 0.700864 0.390020 0.263924
v 0.700864 0.390020 0.263924
v 0.706729 -0.630484 0.680337
v 0.706729 -0.630484 0.680337
v 0.706729 -0.630484 0.680337
v 0.706729 -0.712594 0.439872
v 0.706729 -0.712594 0.439872
v 0.712594 -0.777110 1.401728
v 0.712594 -0.565970 0.627552
v 0.712594 -0.565970 0.627552
v 0.712594 -0.565970 0.627552
v 0.712594 -0.765379 0.469197
v 0.712594 -0.765379 0.469197
v 0.712594 0.401750 0.240463
v 0.712594 0.401750 0.240463
v 0.712594 0.401750 0.240463
v 0.712594 0.401750 0.240463
v 0.712594 -0.700864 0.117300
v 0.712594 -0.700864 0.117300
v 0.712594 -0.700864 0.117300
v 0.718458 -0.653944 0.733121
v 0.718458 -0.653944 0.733121
v 0.718458 -0.695000 0.516118
v 0.718458 -0.695000 0.516118
v 0.724325 -0.096772 1.378268
v 0.724325 -0.096772 1.378268
v 0.724325 -0.096772 1.378268
v 0.724325 -0.096772 1.378268
v 0.724325 -0.096772 1.378268
v 0.724323 -0.724325 0.868016
v 0.724323 -0.724325 0.868016
v 0.724323 -0.724325 0.868016
v 0.724323 -0.589429 0.815231
v 0.724323 -0.589429 0.815231
v 0.724323 -0.583565 0.486792
v 0.724323 -0.583565 0.486792
v 0.724325 0.425211 0.369493
v 0.724325 0.425211 0.369493
v 0.724325 0.425211 0.369493
v 0.724323 -0.724325 0.181814
v 0.724323 -0.724325 0.181814
v 0.724323 -0.724325 0.181814
v 0.730189 0.712594 1.601137
v 0.730189 -0.724325 0.897340
v 0.730189 -0.724325 0.897340
v 0.730189 -0.724325 0.897340
v 0.730189 -0.700864 0.844556
v 0.730189 -0.700864 0.844556
v 0.730189 -0.700864 0.844556
v 0.730189 -0.700864 0.844556
v 0.730189 0.384155 0.381223
v 0.730189 0.384155 0.381223
v 0.730189 0.384155 0.381223
v 0.730189 0.442806 0.193545
v 0.730189 0.442806 0.193545
v 0.730189 0.442806 0.193545
v 0.730189 0.442806 0.193545
v 0.730189 -0.730189 0.140758
v 0.730189 -0.730189 0.140758
v 0.730189 -0.730189 0.140758
v 0.736053 -0.120232 1.378268
v 0.736053 -0.120232 1.378268
v 0.736053 -0.653944 0.780042
v 0.736053 -0.653944 0.780042
v 0.736053 -0.653944 0.780042
v 0.736053 -0.249261 0.486792
v 0.736053 -0.249261 0.486792
v 0.736053 -0.249261 0.486792
v 0.736053 -0.636349 0.486792
v 0.736053 -0.636349 0.486792
v 0.736053 -0.636349 0.486792
v 0.736053 -0.683269 0.475063
v 0.736053 -0.683269 0.475063
v 0.736053 -0.753648 0.445739
v 0.736053 -0.753648 0.445739
v 0.736053 0.431076 0.263924
v 0.736053 0.431076 0.263924
v 0.741919 -0.413481 1.243374
v 0.741919 -0.413481 1.243374
v 0.741919 -0.565970 0.832826
v 0.741919 -0.565970 0.832826
v 0.741919 -0.565970 0.832826
v 0.741919 -0.489724 0.780042
v 0.741919 -0.489724 0.780042
v 0.741919 -0.489724 0.780042
v 0.741919 -0.477995 0.656876
v 0.741919 -0.477995 0.656876
v 0.741919 -0.630484 0.533713
v 0.741919 -0.630484 0.533713
v 0.741919 -0.630484 0.533713
v 0.741919 -0.630484 0.533713
v 0.747784 -0.014663 1.436918
v 0.747784 -0.014663 1.436918
v 0.747784 -0.014663 1.436918
v 0.747784 -0.014663 1.436918
v 0.747784 -0.014663 1.436918
v 0.747784 -0.700864 0.914935
v 0.747784 -0.700864 0.914935
v 0.747784 -0.700864 0.914935
v 0.747784 -0.671539 0.850421
v 0.747784 -0.671539 0.850421
v 0.747784 -0.671539 0.850421
v 0.747784 -0.671539 0.850421
v 0.747784 0.454535 0.234598
v 0.747784 0.454535 0.234598
v 0.747784 0.454535 0.234598
v 0.747784 0.454535 0.234598
v 0.753648 -0.507319 1.436918
v 0.753648 -0.507319 1.436918
v 0.753648 -0.706730 0.950126
v 0.753648 -0.706730 0.950126
v 0.753648 -0.706730 0.950126
v 0.753648 -0.706730 0.950126
v 0.753648 -0.671539 0.891476
v 0.753648 -0.671539 0.891476
v 0.753648 -0.671539 0.891476
v 0.753648 -0.671539 0.891476
v 0.753648 -0.671539 0.891476
v 0.753648 -0.519050 0.821095
v 0.753648 -0.519050 0.821095
v 0.753648 -0.519050 0.821095
v 0.753648 -0.718458 0.521982
v 0.753648 -0.718458 0.521982
v 0.753648 -0.718458 0.521982
v 0.753648 -0.114367 0.486792
v 0.753648 -0.114367 0.486792
v 0.753648 -0.114367 0.486792
v 0.753648 -0.636349 0.486792
v 0.753648 -0.636349 0.486792
v 0.753648 -0.636349 0.486792
v 0.753648 -0.624620 0.445739
v 0.753648 -0.624620 0.445739
v 0.753648 -0.612890 0.187679
v 0.753648 -0.612890 0.187679
v 0.759514 -0.888542 1.278564
v 0.759514 -0.888542 1.278564
v 0.759514 -0.888542 1.278564
v 0.759514 -0.665674 0.909071
v 0.759514 -0.665674 0.909071
v 0.759514 -0.665674 0.909071
v 0.759514 -0.653944 0.873880
v 0.759514 -0.653944 0.873880
v 0.759514 -0.653944 0.873880
v 0.759514 -0.143692 0.563037
v 0.765379 0.225802 1.501432
v 0.765379 0.225802 1.501432
v 0.765379 0.225802 1.501432
v 0.765379 0.002932 1.442784
v 0.765379 0.002932 1.442784
v 0.765379 1.011708 1.343079
v 0.765379 1.011708 1.343079
v 0.765379 1.011708 1.343079
v 0.765379 0.999977 1.319618
v 0.765379 0.999977 1.319618
v 0.765379 0.999977 1.319618
v 0.765379 0.999977 1.319618
v 0.765379 -0.683269 0.967720
v 0.765379 -0.683269 0.967720
v 0.765379 -0.683269 0.967720
v 0.765379 -0.653944 0.920800
v 0.765379 -0.653944 0.920800
v 0.765379 -0.653944 0.920800
v 0.765379 -0.648079 0.903205
v 0.765379 -0.648079 0.903205
v 0.765379 -0.648079 0.903205
v 0.765379 -0.741919 0.862151
v 0.765379 -0.741919 0.862151
v 0.765379 -0.741919 0.862151
v 0.765379 -0.601159 0.815231
v 0.765379 -0.601159 0.815231
v 0.765379 -0.601159 0.815231
v 0.765379 -0.601159 0.815231
v 0.765379 -0.178882 0.586497
v 0.765379 -0.178882 0.586497
v 0.765379 -0.178882 0.586497
v 0.765379 -0.178882 0.586497
v 0.765379 -0.636349 0.521982
v 0.765379 -0.636349 0.521982
v 0.765379 -0.636349 0.521982
v 0.771243 -0.888542 1.296158
v 0.771243 -0.888542 1.296158
v 0.771243 -0.741919 0.891476
v 0.771243 -0.741919 0.891476
v 0.771243 -0.741919 0.891476
v 0.771243 -0.718458 0.838690
v 0.771243 -0.718458 0.838690
v 0.771243 -0.718458 0.838690
v 0.771243 -0.407616 0.498523
v 0.771243 -0.407616 0.498523
v 0.771243 -0.407616 0.498523
v 0.771243 -0.407616 0.498523
v 0.771243 -0.712594 0.486792
v 0.771243 -0.712594 0.486792
v 0.771243 -0.712594 0.486792
v 0.777110 -0.630484 0.932531
v 0.777110 -0.630484 0.932531
v 0.777110 -0.155421 0.621687
v 0.777110 -0.155421 0.621687
v 0.777110 -0.155421 0.621687
v 0.777110 -0.155421 0.621687
v 0.777110 -0.648079 0.539577
v 0.777110 -0.648079 0.539577
v 0.777110 -0.648079 0.539577
v 0.777110 -0.648079 0.539577
v 0.782974 -0.483860 1.067424
v 0.782974 -0.483860 1.067424
v 0.782974 -0.483860 1.067424
v 0.782974 -0.483860 1.067424
v 0.782974 -0.483860 1.067424
v 0.782974 -0.331371 1.038100
v 0.782974 -0.331371 1.038100
v 0.782974 -0.331371 1.038100
v 0.782974 -0.589429 0.885610
v 0.782974 -0.589429 0.885610
v 0.782974 -0.589429 0.885610
v 0.782974 -0.542510 0.815231
v 0.782974 -0.542510 0.815231
v 0.782974 -0.542510 0.815231
v 0.782974 -0.073311 0.557171
v 0.782974 -0.073311 0.557171
v 0.782974 -0.073311 0.557171
v 0.788838 -0.718458 0.944261
v 0.788838 -0.718458 0.944261
v 0.788838 -0.718458 0.944261
v 0.788838 -0.712594 0.914935
v 0.788838 -0.712594 0.914935
v 0.788838 -0.712594 0.914935
v 0.788838 -0.718458 0.909071
v 0.788838 -0.718458 0.909071
v 0.788838 -0.718458 0.909071
v 0.788838 -0.689134 0.844556
v 0.788838 -0.689134 0.844556
v 0.788838 -0.689134 0.844556
v 0.788838 -0.489724 0.768311
v 0.788838 -0.489724 0.768311
v 0.788838 -0.489724 0.768311
v 0.788838 -0.489724 0.768311
v 0.788838 -0.489724 0.768311
v 0.788838 -0.489724 0.768311
v 0.788838 -0.260992 0.668606
v 0.788838 -0.260992 0.668606
v 0.788838 -0.260992 0.668606
v 0.788838 -0.260992 0.668606
v 0.788838 -0.260992 0.668606
v 0.788838 -0.143692 0.639281
v 0.788838 -0.143692 0.639281
v 0.788838 -0.607026 0.545442
v 0.788838 -0.607026 0.545442
v 0.788838 -0.607026 0.545442
v 0.794704 -0.695000 0.967720
v 0.794704 -0.695000 0.967720
v 0.794704 -0.695000 0.967720
v 0.794704 -0.689134 0.885610
v 0.794704 -0.689134 0.885610
v 0.794704 -0.689134 0.885610
v 0.794704 -0.090906 0.609958
v 0.794704 -0.090906 0.609958
v 0.794704 -0.648079 0.498523
v 0.794704 -0.648079 0.498523
v 0.794704 -0.648079 0.498523
v 0.800568 -0.149557 1.208184
v 0.800568 -0.149557 1.208184
v 0.800568 -0.149557 1.208184
v 0.800568 -0.149557 1.208184
v 0.800568 -0.477995 1.085019
v 0.800568 -0.477995 1.085019
v 0.800568 -0.331371 1.055694
v 0.800568 -0.331371 1.055694
v 0.800568 -0.331371 1.055694
v 0.800568 -0.683269 0.903205
v 0.800568 -0.683269 0.903205
v 0.800568 -0.683269 0.903205
v 0.800568 -0.548374 0.897340
v 0.800568 -0.548374 0.897340
v 0.800568 -0.548374 0.897340
v 0.800568 -0.671539 0.868016
v 0.800568 -0.671539 0.868016
v 0.800568 -0.671539 0.868016
v 0.800568 -0.126097 0.651011
v 0.800568 -0.126097 0.651011
v 0.800568 -0.126097 0.651011
v 0.806432 -0.671539 0.914935
v 0.806432 -0.671539 0.914935
v 0.806432 -0.671539 0.914935
v 0.806432 -0.665674 0.897340
v 0.806432 -0.665674 0.897340
v 0.806432 -0.665674 0.897340
v 0.806432 -0.108503 0.639281
v 0.806432 -0.108503 0.639281
v 0.806432 -0.108503 0.639281
v 0.806432 -0.636349 0.193545
v 0.806432 -0.636349 0.193545
v 0.806432 -0.636349 0.193545
v 0.806432 -0.624620 0.140758
v 0.806432 -0.624620 0.140758
v 0.812299 -0.173016 1.214049
v 0.812299 -0.173016 1.214049
v 0.812299 -0.173016 1.214049
v 0.812299 -0.173016 1.214049
v 0.812299 -0.624620 0.809366
v 0.812299 -0.624620 0.809366
v 0.812299 -0.624620 0.809366
v 0.812299 -0.624620 0.809366
v 0.812299 -0.624620 0.809366
v 0.812299 -0.624620 0.809366
v 0.812299 -0.624620 0.809366
v 0.812299 -0.677405 0.645147
v 0.812299 -0.677405 0.645147
v 0.812299 -0.677405 0.645147
v 0.812299 -0.618755 0.592363
v 0.812299 -0.618755 0.592363
v 0.812299 -0.618755 0.592363
v 0.812299 -0.131962 0.486792
v 0.812299 -0.131962 0.486792
v 0.812299 -0.131962 0.486792
v 0.812299 -0.131962 0.486792
v 0.812299 -0.131962 0.486792
v 0.812299 -0.131962 0.486792
v 0.812299 -0.131962 0.486792
v 0.812299 0.278587 0.445739
v 0.812299 0.278587 0.445739
v 0.812299 0.278587 0.445739
v 0.812299 0.278587 0.445739
v 0.812299 0.577700 0.117300
v 0.812299 0.577700 0.117300
v 0.812299 0.577700 0.117300
v 0.812299 0.577700 0.000000
v 0.812299 0.577700 0.000000
v 0.812299 0.577700 0.000000
v 0.818163 0.835758 1.501432
v 0.818163 -0.648079 0.926666
v 0.818163 -0.648079 0.926666
v 0.818163 -0.290316 0.656876
v 0.818163 -0.290316 0.656876
v 0.818163 -0.196477 0.568902
v 0.818163 -0.196477 0.568902
v 0.818163 -0.196477 0.568902
v 0.818163 -0.196477 0.568902
v 0.818163 -0.196477 0.568902
v 0.818163 -0.196477 0.568902
v 0.818163 -0.161287 0.551307
v 0.818163 -0.161287 0.551307
v 0.824027 -0.818163 1.249239
v 0.824027 -0.818163 1.249239
v 0.824027 -0.284451 0.780042
v 0.824027 -0.284451 0.780042
v 0.824027 -0.284451 0.780042
v 0.824027 0.302045 0.234598
v 0.824027 0.302045 0.234598
v 0.824027 0.302045 0.234598
v 0.824027 0.302045 0.234598
v 0.824027 0.302045 0.234598
v 0.824027 -0.683269 0.117300
v 0.824027 -0.683269 0.117300
v 0.824027 -0.683269 0.000000
v 0.824027 -0.683269 0.000000
v 0.829894 -0.595295 1.108481
v 0.829894 -0.595295 1.108481
v 0.829894 -0.607026 0.885610
v 0.829894 -0.607026 0.885610
v 0.829894 -0.607026 0.885610
v 0.829894 -0.560105 0.809366
v 0.829894 -0.560105 0.809366
v 0.829894 -0.700864 0.697932
v 0.829894 -0.700864 0.697932
v 0.829894 -0.460400 0.486792
v 0.829894 -0.460400 0.486792
v 0.829894 -0.501455 0.480928
v 0.829894 -0.501455 0.480928
v 0.829894 -0.653944 0.134894
v 0.829894 -0.653944 0.134894
v 0.829894 -0.653944 0.134894
v 0.835758 0.249261 1.348943
v 0.835758 0.249261 1.348943
v 0.835758 0.249261 1.348943
v 0.835758 -0.589429 1.331348
v 0.835758 -0.589429 1.331348
v 0.835758 -0.818163 1.266834
v 0.835758 -0.818163 1.266834
v 0.835758 -0.178882 0.609958
v 0.835758 -0.178882 0.609958
v 0.835758 -0.178882 0.609958
v 0.835758 -0.178882 0.609958
v 0.835758 -0.196477 0.580632
v 0.835758 -0.196477 0.580632
v 0.835758 -0.155421 0.551307
v 0.835758 -0.155421 0.551307
v 0.835758 -0.671539 0.175950
v 0.835758 -0.671539 0.175950
v 0.835758 -0.671539 0.175950
v 0.835758 -0.671539 0.175950
v 0.841624 -0.565970 0.897340
v 0.841624 -0.565970 0.897340
v 0.841624 -0.565970 0.897340
v 0.841624 0.319640 0.187679
v 0.841624 0.319640 0.187679
v 0.847489 -0.008798 1.290293
v 0.847489 -0.008798 1.290293
v 0.847489 -0.008798 1.290293
v 0.847489 -0.008798 1.290293
v 0.847489 -0.589429 1.131939
v 0.847489 -0.589429 1.131939
v 0.847489 -0.589429 1.131939
v 0.847489 -0.706730 0.738986
v 0.847489 -0.706730 0.738986
v 0.847489 -0.706730 0.738986
v 0.847489 -0.173016 0.633416
v 0.847489 -0.173016 0.633416
v 0.847489 -0.173016 0.633416
v 0.847489 -0.096772 0.545442
v 0.847489 -0.096772 0.545442
v 0.847489 -0.096772 0.545442
v 0.853353 -0.184747 1.038100
v 0.853353 -0.184747 1.038100
v 0.853353 -0.184747 1.038100
v 0.853353 -0.266856 0.821095
v 0.853353 -0.266856 0.821095
v 0.853353 -0.266856 0.821095
v 0.853353 -0.630484 0.662742
v 0.859219 -0.196477 0.768311
v 0.859219 -0.196477 0.768311
v 0.859219 -0.319640 0.768311
v 0.859219 -0.319640 0.768311
v 0.859219 -0.319640 0.768311
v 0.859219 -0.319640 0.768311
v 0.859219 -0.319640 0.768311
v 0.859219 -0.319640 0.768311
v 0.859219 -0.583565 0.668606
v 0.859219 -0.583565 0.668606
v 0.859219 -0.583565 0.668606
v 0.859219 -0.583565 0.668606
v 0.859219 -0.149557 0.639281
v 0.859219 -0.149557 0.639281
v 0.859219 -0.149557 0.639281
v 0.859219 -0.208207 0.627552
v 0.859219 -0.208207 0.627552
v 0.859219 -0.208207 0.627552
v 0.859219 -0.114367 0.598227
v 0.859219 -0.114367 0.598227
v 0.859219 0.354830 0.140758
v 0.859219 0.354830 0.140758
v 0.859219 0.354830 0.140758
v 0.859219 0.354830 0.140758
v 0.859219 0.354830 0.140758
v 0.865084 0.008798 1.296158
v 0.865084 0.008798 1.296158
v 0.865084 0.008798 1.296158
v 0.865084 -0.202342 1.055694
v 0.865084 -0.202342 1.055694
v 0.865084 -0.202342 1.055694
v 0.865084 -0.131962 0.627552
v 0.865084 -0.131962 0.627552
v 0.865084 -0.131962 0.627552
v 0.865084 -0.366561 0.486792
v 0.865084 -0.366561 0.486792
v 0.865084 -0.366561 0.486792
v 0.865084 -0.366561 0.486792
v 0.865084 -0.366561 0.486792
v 0.865084 -0.366561 0.486792
v 0.865084 -0.366561 0.486792
v 0.865084 0.131962 0.480928
v 0.865084 0.131962 0.480928
v 0.865084 0.319640 0.275655
v 0.865084 0.319640 0.275655
v 0.865084 0.319640 0.275655
v 0.865084 -0.513185 0.193545
v 0.865084 -0.513185 0.193545
v 0.865084 -0.513185 0.193545
v 0.870948 0.554239 1.601137
v 0.870948 0.554239 1.601137
v 0.870948 0.149557 1.131939
v 0.870948 0.149557 1.131939
v 0.870948 0.149557 1.131939
v 0.870948 0.149557 1.131939
v 0.870948 -0.577700 0.797636
v 0.870948 -0.577700 0.797636
v 0.870948 -0.577700 0.797636
v 0.870948 -0.683269 0.774176
v 0.870948 -0.683269 0.774176
v 0.870948 -0.683269 0.774176
v 0.870948 -0.612890 0.721390
v 0.870948 -0.612890 0.721390
v 0.870948 -0.612890 0.721390
v 0.870948 -0.612890 0.721390
v 0.870948 -0.530780 0.445739
v 0.870948 -0.530780 0.445739
v 0.870948 -0.530780 0.445739
v 0.870948 0.348966 0.205274
v 0.870948 0.348966 0.205274
v 0.870948 0.348966 0.205274
v 0.876813 -0.747784 1.219913
v 0.876813 -0.747784 1.219913
v 0.876813 -0.747784 1.219913
v 0.876813 -0.747784 1.219913
v 0.876813 -0.231666 0.838690
v 0.876813 -0.231666 0.838690
v 0.876813 -0.231666 0.838690
v 0.876813 -0.202342 0.815231
v 0.876813 -0.202342 0.815231
v 0.876813 -0.202342 0.815231
v 0.876813 -0.554239 0.680337
v 0.876813 -0.554239 0.680337
v 0.876813 -0.554239 0.680337
v 0.876813 0.366561 0.175950
v 0.876813 0.366561 0.175950
v 0.876813 0.366561 0.175950
v 0.876813 0.366561 0.175950
v 0.882678 -0.653944 0.780042
v 0.882678 -0.653944 0.780042
v 0.882678 -0.653944 0.780042
v 0.882678 -0.653944 0.780042
v 0.882678 0.348966 0.246329
v 0.882678 0.348966 0.246329
v 0.882678 0.348966 0.246329
v 0.882678 0.348966 0.246329
v 0.882678 -0.571834 0.222868
v 0.882678 -0.571834 0.222868
v 0.888542 -0.741919 1.237508
v 0.888542 -0.741919 1.237508
v 0.888542 0.143692 1.149534
v 0.888542 0.143692 1.149534
v 0.888542 0.143692 1.149534
v 0.888542 -0.278587 0.815231
v 0.888542 -0.278587 0.815231
v 0.888542 -0.278587 0.815231
v 0.888542 -0.618755 0.803500
v 0.888542 -0.618755 0.803500
v 0.888542 -0.618755 0.803500
v 0.888542 -0.583565 0.738986
v 0.888542 -0.583565 0.738986
v 0.888542 -0.583565 0.738986
v 0.894408 0.958923 1.384132
v 0.894408 0.958923 1.384132
v 0.894408 0.947193 1.366538
v 0.894408 0.947193 1.366538
v 0.894408 0.284451 1.172993
v 0.894408 0.284451 1.172993
v 0.894408 0.284451 1.172993
v 0.894408 0.284451 1.172993
v 0.894408 -0.554239 0.721390
v 0.894408 -0.554239 0.721390
v 0.894408 -0.554239 0.721390
v 0.894408 -0.530780 0.668606
v 0.894408 -0.554239 0.175950
v 0.894408 -0.554239 0.175950
v 0.900273 -0.161287 0.686201
v 0.900273 -0.161287 0.686201
v 0.900273 -0.161287 0.686201
v 0.900273 -0.325507 0.486792
v 0.900273 -0.325507 0.486792
v 0.900273 -0.325507 0.486792
v 0.906139 0.348966 1.560083
v 0.906139 0.348966 1.560083
v 0.906137 0.272721 1.190590
v 0.906137 0.272721 1.190590
v 0.906137 0.272721 1.190590
v 0.906137 0.272721 1.190590
v 0.906137 -0.284451 0.897340
v 0.906137 -0.284451 0.897340
v 0.906137 -0.284451 0.897340
v 0.906137 -0.595295 0.662742
v 0.906137 -0.595295 0.662742
v 0.906137 -0.595295 0.662742
v 0.906137 -0.360697 0.486792
v 0.912003 -0.677405 1.184724
v 0.912003 -0.677405 1.184724
v 0.912003 -0.677405 1.184724
v 0.912003 -0.677405 1.184724
v 0.912003 -0.589429 0.785906
v 0.912003 -0.589429 0.785906
v 0.912003 -0.589429 0.785906
v 0.912003 -0.331371 0.527848
v 0.912003 -0.331371 0.527848
v 0.912003 -0.331371 0.527848
v 0.912003 0.161287 0.445739
v 0.912003 0.161287 0.445739
v 0.912003 0.161287 0.445739
v 0.917868 -0.002932 1.114345
v 0.917868 -0.002932 1.114345
v 0.917868 -0.002932 1.114345
v 0.917868 -0.219936 0.821095
v 0.917868 -0.219936 0.821095
v 0.917868 -0.219936 0.821095
v 0.917868 -0.219936 0.821095
v 0.917868 -0.542510 0.738986
v 0.917868 -0.542510 0.738986
v 0.917868 -0.542510 0.738986
v 0.917868 -0.624620 0.674473
v 0.917868 -0.624620 0.674473
v 0.917868 -0.624620 0.674473
v 0.917868 -0.624620 0.674473
v 0.917868 -0.284451 0.486792
v 0.917868 -0.284451 0.486792
v 0.917868 -0.284451 0.486792
v 0.917868 0.184747 0.222868
v 0.917868 0.184747 0.222868
v 0.917868 0.184747 0.222868
v 0.917868 -0.607026 0.211139
v 0.917868 -0.607026 0.211139
v 0.923732 -0.665674 1.202319
v 0.923732 -0.665674 1.202319
v 0.923732 -0.665674 1.202319
v 0.923732 -0.665674 1.202319
v 0.923732 -0.243397 0.891476
v 0.923732 -0.243397 0.891476
v 0.923732 -0.243397 0.891476
v 0.923732 -0.149557 0.733121
v 0.923732 -0.149557 0.733121
v 0.923732 -0.583565 0.175950
v 0.923732 -0.583565 0.175950
v 0.929598 0.008798 1.131939
v 0.929598 0.008798 1.131939
v 0.929598 0.008798 1.131939
v 0.929598 -0.565970 0.703796
v 0.929598 -0.565970 0.703796
v 0.929598 -0.565970 0.703796
v 0.929598 -0.565970 0.703796
v 0.929598 -0.290316 0.521982
v 0.929598 -0.290316 0.521982
v 0.929598 -0.290316 0.521982
v 0.929598 -0.173016 0.486792
v 0.929598 -0.173016 0.486792
v 0.929598 -0.173016 0.486792
v 0.929598 0.008798 0.480928
v 0.935463 -0.296181 0.809366
v 0.935463 -0.296181 0.809366
v 0.935463 -0.167152 0.780042
v 0.935463 -0.167152 0.780042
v 0.935463 -0.167152 0.780042
v 0.935463 -0.607026 0.715526
v 0.935463 -0.607026 0.715526
v 0.935463 -0.607026 0.715526
v 0.935463 -0.243397 0.480928
v 0.935463 -0.243397 0.480928
v 0.935463 -0.243397 0.480928
v 0.935463 -0.243397 0.480928
v 0.935463 -0.243397 0.480928
v 0.941329 0.448671 0.117300
v 0.941329 0.448671 0.117300
v 0.941329 0.448671 0.117300
v 0.941329 0.448671 0.000000
v 0.941329 0.448671 0.000000
v 0.947193 -0.214071 0.932531
v 0.947193 -0.214071 0.932531
v 0.947193 -0.302045 0.897340
v 0.947193 -0.302045 0.897340
v 0.947193 -0.302045 0.897340
v 0.947193 -0.184747 0.873880
v 0.947193 -0.184747 0.873880
v 0.947193 -0.184747 0.873880
v 0.947193 -0.583565 0.621687
v 0.947193 -0.583565 0.621687
v 0.947193 -0.583565 0.621687
v 0.947193 -0.237531 0.545442
v 0.947193 -0.237531 0.545442
v 0.947193 -0.237531 0.545442
v 0.947193 -0.196477 0.527848
v 0.947193 -0.196477 0.527848
v 0.947193 -0.196477 0.527848
v 0.947193 -0.255126 0.486792
v 0.947193 -0.255126 0.486792
v 0.947193 -0.507321 0.281519
v 0.947193 -0.507321 0.281519
v 0.947193 -0.366561 0.199409
v 0.947193 -0.366561 0.199409
v 0.947193 -0.554239 0.117300
v 0.947193 -0.554239 0.117300
v 0.947193 -0.554239 0.117300
v 0.947193 -0.554239 0.000000
v 0.947193 -0.554239 0.000000
v 0.947193 -0.554239 0.000000
v 0.953058 -0.190611 0.903205
v 0.953058 -0.190611 0.903205
v 0.953058 -0.190611 0.903205
v 0.953058 -0.161287 0.850421
v 0.953058 -0.161287 0.850421
v 0.953058 -0.161287 0.850421
v 0.953058 -0.348966 0.486792
v 0.953058 -0.348966 0.486792
v 0.953058 -0.120232 0.480928
v 0.953058 -0.120232 0.480928
v 0.953058 -0.378291 0.445739
v 0.953058 -0.378291 0.445739
v 0.958923 -0.184747 0.920800
v 0.958923 -0.184747 0.920800
v 0.958923 -0.184747 0.920800
v 0.958923 -0.184747 0.920800
v 0.958923 -0.184747 0.920800
v 0.958923 -0.173016 0.909071
v 0.958923 -0.173016 0.909071
v 0.958923 -0.173016 0.909071
v 0.958923 -0.167152 0.897340
v 0.958923 -0.167152 0.897340
v 0.958923 -0.167152 0.897340
v 0.958923 0.208206 0.193545
v 0.958923 0.208206 0.193545
v 0.958923 0.208206 0.193545
v 0.964787 0.882678 1.372403
v 0.964787 0.882678 1.372403
v 0.964787 0.882678 1.372403
v 0.964787 -0.131962 0.850421
v 0.964787 -0.131962 0.850421
v 0.964787 -0.131962 0.850421
v 0.964787 -0.237531 0.809366
v 0.964787 -0.237531 0.809366
v 0.964787 -0.237531 0.809366
v 0.964787 -0.237531 0.809366
v 0.964787 -0.237531 0.809366
v 0.964787 -0.237531 0.809366
v 0.964787 -0.237531 0.809366
v 0.964787 -0.360697 0.668606
v 0.964787 -0.607026 0.621687
v 0.964787 -0.607026 0.621687
v 0.964787 -0.607026 0.621687
v 0.964787 -0.219936 0.510253
v 0.964787 -0.219936 0.510253
v 0.964787 -0.219936 0.510253
v 0.964787 -0.219936 0.510253
v 0.964787 -0.284451 0.498523
v 0.964787 -0.284451 0.498523
v 0.964787 -0.483860 0.240463
v 0.964787 -0.483860 0.240463
v 0.970652 -0.167152 0.967720
v 0.970652 -0.167152 0.967720
v 0.970652 -0.167152 0.967720
v 0.970652 -0.167152 0.967720
v 0.970652 -0.260992 0.885610
v 0.970652 -0.260992 0.885610
v 0.970652 -0.260992 0.885610
v 0.970652 -0.565970 0.662742
v 0.970652 -0.565970 0.662742
v 0.970652 -0.243397 0.592363
v 0.970652 -0.243397 0.592363
v 0.970652 -0.243397 0.592363
v 0.970652 -0.354830 0.527848
v 0.970652 -0.354830 0.527848
v 0.970652 -0.354830 0.527848
v 0.976518 0.642215 1.501432
v 0.976518 0.642215 1.501432
v 0.976518 0.882678 1.395863
v 0.976518 0.882678 1.395863
v 0.976518 0.882678 1.395863
v 0.976518 0.882678 1.395863
v 0.976518 -0.137826 0.914935
v 0.976518 -0.137826 0.914935
v 0.976518 -0.137826 0.914935
v 0.976518 -0.108503 0.868016
v 0.976518 -0.108503 0.868016
v 0.976518 -0.108503 0.868016
v 0.976518 -0.313776 0.797636
v 0.976518 -0.313776 0.797636
v 0.976518 -0.313776 0.797636
v 0.976518 -0.307912 0.651011
v 0.976518 -0.307912 0.651011
v 0.976518 -0.307912 0.651011
v 0.976518 -0.307912 0.651011
v 0.976518 -0.255126 0.521982
v 0.976518 -0.255126 0.521982
v 0.976518 -0.255126 0.521982
v 0.976518 -0.302045 0.486792
v 0.976518 -0.302045 0.486792
v 0.976518 -0.302045 0.486792
v 0.976518 0.049852 0.217003
v 0.976518 0.049852 0.217003
v 0.976518 0.225802 0.152489
v 0.976518 0.225802 0.152489
v 0.976518 0.225802 0.152489
v 0.982382 0.372425 1.219913
v 0.982382 0.372425 1.219913
v 0.982382 0.372425 1.219913
v 0.982382 -0.143692 0.950126
v 0.982382 -0.143692 0.950126
v 0.982382 -0.143692 0.950126
v 0.982382 -0.143692 0.950126
v 0.982382 -0.143692 0.950126
v 0.982382 -0.114367 0.903205
v 0.982382 -0.114367 0.903205
v 0.982382 -0.114367 0.903205
v 0.982382 -0.348966 0.721390
v 0.982382 -0.348966 0.721390
v 0.982382 -0.348966 0.721390
v 0.982382 -0.313776 0.521982
v 0.982382 -0.313776 0.521982
v 0.982382 -0.313776 0.521982
v 0.982382 -0.313776 0.521982
v 0.982382 -0.313776 0.521982
v 0.982382 0.026393 0.445739
v 0.982382 0.026393 0.445739
v 0.988247 -0.231666 0.932531
v 0.988247 -0.231666 0.932531
v 0.988247 -0.372425 0.738986
v 0.988247 -0.372425 0.738986
v 0.988247 -0.372425 0.738986
v 0.988247 -0.601159 0.656876
v 0.988247 -0.601159 0.656876
v 0.988247 -0.536645 0.275655
v 0.988247 -0.536645 0.275655
v 0.988247 -0.231666 0.205274
v 0.988247 -0.231666 0.205274
v 0.988247 -0.231666 0.205274
v 0.994113 0.360697 1.237508
v 0.994113 0.360697 1.237508
v 0.994113 -0.208207 0.897340
v 0.994113 -0.208207 0.897340
v 0.994113 -0.208207 0.897340
v 0.994113 -0.202342 0.868016
v 0.994113 -0.202342 0.868016
v 0.994113 -0.202342 0.868016
v 0.994113 -0.178882 0.844556
v 0.994113 -0.178882 0.844556
v 0.994113 -0.178882 0.844556
v 0.994113 -0.372425 0.457467
v 0.994113 -0.372425 0.457467
v 0.994113 -0.372425 0.457467
v 0.994113 -0.442806 0.346034
v 0.994113 -0.442806 0.346034
v 0.994113 -0.513185 0.240463
v 0.994113 -0.513185 0.240463
v 0.994113 0.237531 0.217003
v 0.994113 0.237531 0.217003
v 0.999977 -0.202342 0.914935
v 0.999977 -0.202342 0.914935
v 0.999977 -0.202342 0.914935
v 0.999977 -0.190611 0.903205
v 0.999977 -0.190611 0.903205
v 0.999977 -0.190611 0.903205
v 0.999977 -0.325507 0.738986
v 0.999977 -0.325507 0.738986
v 0.999977 -0.325507 0.738986
v 0.999977 -0.542510 0.580632
v 0.999977 -0.542510 0.580632
v 0.999977 -0.542510 0.580632
v 0.999977 -0.542510 0.580632
v 0.999977 -0.260992 0.445739
v 0.999977 -0.260992 0.445739
v 0.999977 -0.260992 0.445739
v 0.999977 -0.231666 0.434008
v 0.999977 -0.231666 0.434008
v 0.999977 -0.090906 0.211139
v 0.999977 -0.090906 0.211139
v 1.005842 -0.178882 0.967720
v 1.005842 -0.178882 0.967720
v 1.005842 -0.178882 0.967720
v 1.005842 -0.184747 0.891476
v 1.005842 -0.184747 0.891476
v 1.005842 -0.184747 0.891476
v 1.005842 -0.149557 0.844556
v 1.005842 -0.149557 0.844556
v 1.005842 -0.149557 0.844556
v 1.005842 -0.260992 0.662742
v 1.005842 -0.114367 0.445739
v 1.005842 -0.114367 0.445739
v 1.005842 -0.401750 0.404682
v 1.005842 -0.401750 0.404682
v 1.005842 -0.401750 0.404682
v 1.005842 0.249261 0.175950
v 1.005842 0.249261 0.175950
v 1.005842 0.249261 0.175950
v 1.005842 0.249261 0.175950
v 1.005842 0.249261 0.175950
v 1.005842 0.249261 0.175950
v 1.005842 0.249261 0.175950
v 1.011708 0.395886 1.442784
v 1.011708 0.395886 1.442784
v 1.011708 -0.167152 0.914935
v 1.011708 -0.167152 0.914935
v 1.011708 -0.167152 0.914935
v 1.011708 -0.290316 0.721390
v 1.011708 -0.290316 0.721390
v 1.011708 -0.290316 0.721390
v 1.011708 -0.290316 0.721390
v 1.011708 -0.202342 0.651011
v 1.011708 -0.202342 0.651011
v 1.011708 -0.202342 0.651011
v 1.011708 -0.536645 0.633416
v 1.011708 -0.536645 0.633416
v 1.017572 -0.155421 0.950126
v 1.017572 -0.155421 0.950126
v 1.017572 -0.155421 0.950126
v 1.017572 -0.155421 0.909071
v 1.017572 -0.155421 0.909071
v 1.017572 -0.155421 0.909071
v 1.017572 -0.126097 0.862151
v 1.017572 -0.126097 0.862151
v 1.017572 -0.126097 0.862151
v 1.017572 -0.290316 0.803500
v 1.017572 -0.290316 0.803500
v 1.017572 -0.290316 0.803500
v 1.017572 -0.331371 0.785906
v 1.017572 -0.331371 0.785906
v 1.017572 -0.331371 0.785906
v 1.017572 -0.366561 0.703796
v 1.017572 -0.366561 0.703796
v 1.017572 -0.366561 0.703796
v 1.017572 -0.366561 0.703796
v 1.017572 -0.331371 0.451603
v 1.017572 -0.331371 0.451603
v 1.017572 -0.331371 0.451603
v 1.017572 -0.331371 0.451603
v 1.017572 -0.331371 0.451603
v 1.017572 -0.202342 0.381223
v 1.017572 -0.202342 0.381223
v 1.017572 -0.202342 0.381223
v 1.017572 -0.413481 0.316708
v 1.017572 -0.413481 0.316708
v 1.023437 -0.131962 0.897340
v 1.023437 -0.131962 0.897340
v 1.023437 -0.131962 0.897340
v 1.023437 -0.331371 0.668606
v 1.023437 -0.331371 0.668606
v 1.023437 -0.331371 0.668606
v 1.023437 -0.331371 0.668606
v 1.023437 -0.560105 0.580632
v 1.023437 -0.560105 0.580632
v 1.023437 -0.560105 0.580632
v 1.023437 -0.560105 0.580632
v 1.023437 -0.384155 0.492658
v 1.023437 -0.384155 0.492658
v 1.023437 -0.272721 0.439872
v 1.023437 -0.272721 0.439872
v 1.023437 -0.272721 0.439872
v 1.023437 -0.155421 0.316708
v 1.023437 -0.155421 0.316708
v 1.023437 -0.155421 0.316708
v 1.023437 -0.155421 0.316708
v 1.029303 0.794704 1.372403
v 1.029303 0.794704 1.372403
v 1.029303 0.794704 1.372403
v 1.029303 -0.565970 0.615822
v 1.029303 -0.565970 0.615822
v 1.029303 -0.565970 0.615822
v 1.035167 -0.495590 0.574768
v 1.035167 -0.495590 0.574768
v 1.035167 -0.495590 0.574768
v 1.035167 -0.214071 0.469197
v 1.035167 -0.214071 0.469197
v 1.035167 -0.214071 0.469197
v 1.035167 -0.214071 0.469197
v 1.035167 -0.366561 0.387087
v 1.035167 -0.366561 0.387087
v 1.035167 -0.366561 0.387087
v 1.035167 -0.466265 0.351898
v 1.035167 -0.466265 0.351898
v 1.035167 -0.096772 0.269788
v 1.035167 -0.096772 0.269788
v 1.035167 -0.096772 0.269788
v 1.035167 -0.096772 0.269788
v 1.041033 0.788838 1.389997
v 1.041033 0.788838 1.389997
v 1.041033 -0.266856 0.785906
v 1.041033 -0.266856 0.785906
v 1.041033 -0.266856 0.785906
v 1.041033 -0.266856 0.785906
v 1.041033 -0.190611 0.697932
v 1.041033 -0.190611 0.697932
v 1.041033 -0.372425 0.621687
v 1.041033 -0.372425 0.621687
v 1.041033 -0.495590 0.621687
v 1.041033 -0.495590 0.621687
v 1.041033 -0.495590 0.621687
v 1.041033 -0.343102 0.480928
v 1.041033 -0.343102 0.480928
v 1.041033 0.079177 0.199409
v 1.041033 0.079177 0.199409
v 1.041033 0.079177 0.199409
v 1.041033 0.296181 0.117300
v 1.041033 0.296181 0.117300
v 1.041033 0.296181 0.117300
v 1.041033 0.296181 0.117300
v 1.041033 0.296181 0.000000
v 1.041033 0.296181 0.000000
v 1.046897 -0.343102 0.715526
v 1.046897 -0.343102 0.715526
v 1.046897 -0.343102 0.715526
v 1.046897 -0.343102 0.715526
v 1.046897 -0.401750 0.662742
v 1.046897 -0.401750 0.662742
v 1.046897 -0.401750 0.662742
v 1.046897 -0.401750 0.662742
v 1.046897 -0.448671 0.633416
v 1.046897 -0.448671 0.633416
v 1.046897 -0.436940 0.586497
v 1.046897 -0.436940 0.586497
v 1.046897 -0.436940 0.586497
v 1.046897 -0.255126 0.463333
v 1.046897 -0.255126 0.463333
v 1.046897 -0.255126 0.463333
v 1.046897 -0.419345 0.422277
v 1.046897 -0.419345 0.422277
v 1.046897 -0.419345 0.422277
v 1.046897 -0.419345 0.422277
v 1.046897 -0.237531 0.363629
v 1.046897 -0.237531 0.363629
v 1.046897 -0.237531 0.363629
v 1.046897 -0.237531 0.363629
v 1.046897 -0.442806 0.322573
v 1.046897 -0.442806 0.322573
v 1.046897 -0.401750 0.117300
v 1.046897 -0.401750 0.117300
v 1.046897 -0.401750 0.000000
v 1.046897 -0.401750 0.000000
v 1.052761 -0.237531 0.774176
v 1.052761 -0.237531 0.774176
v 1.052761 -0.237531 0.774176
v 1.052761 -0.208207 0.744852
v 1.052761 -0.208207 0.744852
v 1.052761 -0.208207 0.744852
v 1.052761 -0.319640 0.674473
v 1.052761 -0.319640 0.674473
v 1.052761 -0.319640 0.674473
v 1.052761 -0.319640 0.674473
v 1.052761 -0.184747 0.293249
v 1.052761 -0.184747 0.293249
v 1.052761 -0.184747 0.293249
v 1.052761 -0.014663 0.222868
v 1.052761 -0.014663 0.222868
v 1.058628 -0.184747 0.398818
v 1.058628 -0.184747 0.398818
v 1.064492 -0.390020 0.398818
v 1.064492 -0.390020 0.398818
v 1.064492 -0.390020 0.398818
v 1.064492 -0.390020 0.398818
v 1.064492 -0.390020 0.398818
v 1.064492 -0.137826 0.340168
v 1.064492 -0.137826 0.340168
v 1.064492 -0.137826 0.340168
v 1.064492 -0.137826 0.340168
v 1.064492 -0.120232 0.240463
v 1.064492 -0.120232 0.240463
v 1.064492 0.085042 0.158355
v 1.064492 0.085042 0.158355
v 1.064492 0.085042 0.158355
v 1.070356 0.683269 1.354808
v 1.070356 0.683269 1.354808
v 1.070356 0.683269 1.354808
v 1.070356 -0.366561 0.621687
v 1.070356 -0.366561 0.621687
v 1.070356 -0.366561 0.621687
v 1.070356 -0.507321 0.568902
v 1.070356 -0.507321 0.568902
v 1.076223 -0.513185 0.604092
v 1.076223 -0.513185 0.604092
v 1.076223 -0.436940 0.580632
v 1.076223 -0.436940 0.580632
v 1.076223 -0.436940 0.580632
v 1.076223 -0.219936 0.381223
v 1.076223 -0.219936 0.381223
v 1.076223 -0.219936 0.381223
v 1.076223 -0.090908 0.293249
v 1.076223 -0.090908 0.293249
v 1.082087 0.677405 1.372403
v 1.082087 0.677405 1.372403
v 1.082087 0.677405 1.372403
v 1.082087 -0.390020 0.656876
v 1.082087 -0.390020 0.656876
v 1.082087 -0.442806 0.615822
v 1.082087 -0.442806 0.615822
v 1.082087 -0.442806 0.615822
v 1.082087 -0.167152 0.316708
v 1.082087 -0.167152 0.316708
v 1.082087 0.096772 0.222868
v 1.082087 0.096772 0.222868
v 1.082087 0.096772 0.222868
v 1.082087 -0.026393 0.187679
v 1.082087 -0.026393 0.187679
v 1.087952 0.560105 1.319618
v 1.087952 0.560105 1.319618
v 1.087952 0.560105 1.319618
v 1.087952 0.560105 1.319618
v 1.093818 -0.108503 0.263924
v 1.093818 -0.108503 0.263924
v 1.093818 -0.002932 0.246329
v 1.093818 -0.002932 0.246329
v 1.093818 -0.002932 0.246329
v 1.093818 0.096772 0.181814
v 1.093818 0.096772 0.181814
v 1.093818 0.096772 0.181814
v 1.099682 0.554239 1.337213
v 1.099682 0.554239 1.337213
v 1.099682 0.554239 1.337213
v 1.099682 0.436940 1.278564
v 1.099682 0.436940 1.278564
v 1.099682 0.436940 1.278564
v 1.099682 0.436940 1.278564
v 1.099682 0.436940 1.278564
v 1.099682 0.436940 1.278564
v 1.099682 0.436940 1.278564
v 1.099682 0.126097 0.117300
v 1.099682 0.126097 0.117300
v 1.099682 0.126097 0.000000
v 1.099682 0.126097 0.000000
v 1.105546 -0.231666 0.117300
v 1.105546 -0.231666 0.117300
v 1.105546 -0.231666 0.117300
v 1.105546 -0.231666 0.000000
v 1.105546 -0.231666 0.000000
v 1.105546 -0.231666 0.000000
v 1.111413 0.425211 1.296158
v 1.111413 0.425211 1.296158
v 1.111413 0.425211 1.296158
v 1.111413 0.425211 1.296158
v 1.111413 -0.020527 0.211139
v 1.111413 -0.020527 0.211139
v 1.123142 -0.055716 0.117300
v 1.123142 -0.055716 0.117300
v 1.123142 -0.055716 0.000000
v 1.123142 -0.055716 0.000000
vt 0.117432 0.853760
vt 0.952148 0.463867
vt 0.993652 0.522217
vt 0.208984 0.173828
vt 0.367188 0.937988
vt 0.995850 0.778076
vt 0.115479 0.838623
vt 0.312744 0.936035
vt 0.066162 0.187744
vt 0.836914 0.073730
vt 0.996094 0.738037
vt 0.189209 0.440918
vt 0.339111 0.133545
vt 0.362061 0.923828
vt 0.563965 0.885254
vt 0.903809 0.878174
vt 0.956299 0.982666
vt 0.992188 0.056152
vt 0.997803 0.276123
vt 0.998047 0.266846
vt 0.666748 0.307373
vt 0.726318 0.394775
vt 0.550537 0.990234
vt 0.674561 0.311768
vt 0.734375 0.390869
vt 0.771484 0.989990
vt 0.075684 0.301270
vt 0.573730 0.389648
vt 0.855713 0.902832
vt 0.607910 0.908203
vt 0.699219 0.301025
vt 0.750977 0.953857
vt 0.829346 0.754639
vt 0.921143 0.256836
vt 0.030518 0.509521
vt 0.221436 0.555176
vt 0.009521 0.541016
vt 0.562012 0.405762
vt 0.027100 0.210693
vt 0.208984 0.157959
vt 0.366699 0.922607
vt 0.971436 0.439209
vt 0.368164 0.052979
vt 0.676025 0.043945
vt 0.343262 0.107422
vt 0.742676 0.530029
vt 0.547119 0.987061
vt 0.671875 0.307861
vt 0.032959 0.817871
vt 0.936035 0.257812
vt 0.668457 0.304199
vt 0.728027 0.397949
vt 0.075928 0.374268
vt 0.372559 0.054688
vt 0.852051 0.839355
vt 0.550537 0.986572
vt 0.770996 0.986328
vt 0.096191 0.203613
vt 0.415283 0.259521
vt 0.575928 0.367676
vt 0.852051 0.885254
vt 0.879639 0.468506
vt 0.837891 0.755127
vt 0.928223 0.259521
vt 0.329102 0.092529
vt 0.535645 0.420898
vt 0.033447 0.403809
vt 0.420654 0.213623
vt 0.266602 0.039795
vt 0.459229 0.120117
vt 0.459229 0.110352
vt 0.504150 0.531250
vt 0.927246 0.073730
vt 0.671387 0.302002
vt 0.730957 0.400635
vt 0.549316 0.982666
vt 0.674561 0.303955
vt 0.734375 0.398438
vt 0.771484 0.982666
vt 0.386475 0.031006
vt 0.652588 0.060059
vt 0.851318 0.865479
vt 0.899414 0.459717
vt 0.572266 0.366455
vt 0.879395 0.902588
vt 0.213867 0.541748
vt 0.706055 0.313477
vt 0.829590 0.768555
vt 0.006104 0.394287
vt 0.660156 0.555176
vt 0.370850 0.551758
vt 0.681641 0.555176
vt 0.059570 0.351318
vt 0.577881 0.344727
vt 0.847168 0.866943
vt 0.901123 0.899658
vt 0.266357 0.047363
vt 0.426025 0.208740
vt 0.426514 0.201172
vt 0.496582 0.533936
vt 0.934570 0.073486
vt 0.503174 0.811523
vt 0.510742 0.548096
vt 0.841064 0.989014
vt 0.357178 0.008789
vt 0.509033 0.435547
vt 0.649902 0.653564
vt 0.331787 0.083252
vt 0.357666 0.026367
vt 0.527100 0.428955
vt 0.022949 0.806396
vt 0.022949 0.521973
vt 0.936279 0.271729
vt 0.371582 0.558594
vt 0.815186 0.067627
vt 0.290283 0.301270
vt 0.793701 0.067871
vt 0.509521 0.809814
vt 0.628174 0.854736
vt 0.840576 0.982666
vt 0.507324 0.547363
vt 0.804688 0.618408
vt 0.844482 0.989746
vt 0.632324 0.855469
vt 0.797119 0.618164
vt 0.844482 0.982910
vt 0.030518 0.523438
vt 0.221436 0.540283
vt 0.837891 0.771240
vt 0.928711 0.273926
vt 0.374512 0.578125
vt 0.629883 0.711426
vt 0.804443 0.510498
vt 0.809082 0.862061
vt 0.348145 0.087402
vt 0.374512 0.024414
vt 0.374268 0.007324
vt 0.653564 0.636475
vt 0.637451 0.709229
vt 0.729248 0.443359
vt 0.163574 0.001953
vt 0.581299 0.415283
vt 0.786865 0.071777
vt 0.795654 0.514648
vt 0.818604 0.864258
vt 0.723633 0.443604
vt 0.778564 0.071289
vt 0.189697 0.552002
vt 0.405762 0.125000
vt 0.997314 0.474854
vt 0.189697 0.570557
vt 0.405518 0.144043
vt 0.988770 0.396484
vt 0.997559 0.373291
vt 0.191406 0.561279
vt 0.405518 0.134277
vt 0.193604 0.552002
vt 0.645264 0.043701
vt 0.993652 0.474854
vt 0.401611 0.125000
vt 0.604248 0.736084
vt 0.997314 0.478760
vt 0.193848 0.561279
vt 0.645508 0.053467
vt 0.402832 0.134277
vt 0.603516 0.745850
vt 0.979248 0.399658
vt 0.195068 0.570801
vt 0.645264 0.063232
vt 0.992432 0.373291
vt 0.604248 0.755371
vt 0.988770 0.401123
vt 0.996094 0.369385
vt 0.006836 0.155762
vt 0.068359 0.219238
vt 0.601074 0.744873
vt 0.648438 0.052734
vt 0.598877 0.736572
vt 0.649902 0.044189
vt 0.992188 0.478760
vt 0.600342 0.754639
vt 0.649414 0.062500
vt 0.992188 0.368652
vt 0.066406 0.209229
vt 0.385498 0.255859
vt 0.297363 0.034668
vt 0.488037 0.123047
vt 0.865967 0.870850
vt 0.488281 0.113281
vt 0.504150 0.501709
vt 0.822021 0.708008
vt 0.855957 0.871338
vt 0.015137 0.945801
vt 0.979248 0.583008
vt 0.979248 0.517090
vt 0.035645 0.435059
vt 0.389893 0.210938
vt 0.016113 0.951416
vt 0.988037 0.840820
vt 0.988525 0.571533
vt 0.015869 0.955811
vt 0.319336 0.670166
vt 0.451172 0.990479
vt 0.015137 0.958984
vt 0.319824 0.673340
vt 0.394775 0.580811
vt 0.631592 0.691162
vt 0.727783 0.462646
vt 0.116699 0.197754
vt 0.204834 0.240234
vt 0.367920 0.192627
vt 0.384277 0.718750
vt 0.419678 0.108887
vt 0.590332 0.423828
vt 0.694824 0.760986
vt 0.790527 0.475342
vt 0.808105 0.196777
vt 0.825928 0.046387
vt 0.015137 0.964355
vt 0.319092 0.678711
vt 0.008057 0.427002
vt 0.660156 0.522949
vt 0.343506 0.544434
vt 0.681641 0.522949
vt 0.299561 0.042236
vt 0.393066 0.208984
vt 0.192871 0.909668
vt 0.590820 0.429932
vt 0.722412 0.463623
vt 0.786865 0.053467
vt 0.393066 0.201416
vt 0.496094 0.502441
vt 0.980225 0.632568
vt 0.988037 0.806396
vt 0.020996 0.942627
vt 0.635254 0.848145
vt 0.984375 0.587402
vt 0.398438 0.574707
vt 0.815186 0.035156
vt 0.273193 0.326416
vt 0.793701 0.035400
vt 0.602539 0.990234
vt 0.984619 0.632080
vt 0.987549 0.802002
vt 0.020996 0.947998
vt 0.983154 0.568848
vt 0.984619 0.514160
vt 0.027588 0.173584
vt 0.808105 0.103760
vt 0.917725 0.129883
vt 0.944336 0.192383
vt 0.020264 0.953369
vt 0.453369 0.985596
vt 0.582764 0.990234
vt 0.985107 0.844238
vt 0.384277 0.811523
vt 0.804199 0.104248
vt 0.948486 0.192383
vt 0.182129 0.982666
vt 0.734375 0.658691
vt 0.979248 0.448486
vt 0.979980 0.674805
vt 0.998535 0.058594
vt 0.313965 0.675049
vt 0.330811 0.871338
vt 0.734375 0.677979
vt 0.997559 0.317871
vt 0.603516 0.988281
vt 0.985596 0.634033
vt 0.997559 0.366211
vt 0.311523 0.661133
vt 0.582764 0.982666
vt 0.641113 0.851562
vt 0.979248 0.840820
vt 0.979248 0.571533
vt 0.988525 0.583008
vt 0.988770 0.517090
vt 0.312256 0.667725
vt 0.451172 0.982666
vt 0.579590 0.988281
vt 0.330811 0.860596
vt 0.732422 0.667480
vt 0.987549 0.451172
vt 0.739990 0.948242
vt 0.979248 0.670898
vt 0.994629 0.058838
vt 0.177979 0.982666
vt 0.372314 0.716064
vt 0.997559 0.062744
vt 0.979248 0.638672
vt 0.982666 0.808838
vt 0.992188 0.065186
vt 0.988281 0.635254
vt 0.996338 0.364014
vt 0.996826 0.620605
vt 0.025879 0.944580
vt 0.636719 0.853760
vt 0.021973 0.968018
vt 0.311768 0.681641
vt 0.890625 0.096680
vt 0.333740 0.860596
vt 0.740723 0.958008
vt 0.988281 0.670898
vt 0.988770 0.448486
vt 0.179199 0.990967
vt 0.370850 0.724854
vt 0.730225 0.667725
vt 0.335449 0.869873
vt 0.740967 0.967773
vt 0.995605 0.322266
vt 0.371582 0.734131
vt 0.729248 0.677490
vt 0.992432 0.317871
vt 0.986084 0.638672
vt 0.993652 0.618408
vt 0.998535 0.065186
vt 0.217773 0.982666
vt 0.288330 0.990967
vt 0.307373 0.661621
vt 0.505615 0.982666
vt 0.641113 0.855957
vt 0.819336 0.989502
vt 0.223633 0.985352
vt 0.307861 0.667969
vt 0.890625 0.082520
vt 0.992188 0.171387
vt 0.368652 0.724854
vt 0.743652 0.958252
vt 0.602539 0.982666
vt 0.980713 0.802002
vt 0.992188 0.620605
vt 0.992188 0.366211
vt 0.998535 0.067383
vt 0.307373 0.675537
vt 0.890137 0.089844
vt 0.366943 0.715088
vt 0.744873 0.948486
vt 0.992188 0.062744
vt 0.979248 0.804932
vt 0.995361 0.068359
vt 0.029053 0.949707
vt 0.285889 0.988281
vt 0.503418 0.986084
vt 0.014648 0.177246
vt 0.042725 0.225830
vt 0.905762 0.133545
vt 0.028076 0.954834
vt 0.221436 0.989258
vt 0.995605 0.174316
vt 0.366943 0.734375
vt 0.744873 0.968018
vt 0.992188 0.322266
vt 0.031250 0.943359
vt 0.635254 0.858887
vt 0.820801 0.982666
vt 0.029785 0.958496
vt 0.885254 0.085693
vt 0.998291 0.171387
vt 0.040771 0.218018
vt 0.359863 0.252930
vt 0.032471 0.953613
vt 0.217773 0.990723
vt 0.505615 0.990479
vt 0.031250 0.961914
vt 0.883789 0.088867
vt 0.174072 0.913574
vt 0.235352 0.865234
vt 0.411621 0.587158
vt 0.730713 0.481445
vt 0.814697 0.015625
vt 0.031494 0.966309
vt 0.883057 0.093262
vt 0.360352 0.239990
vt 0.043701 0.463135
vt 0.362793 0.208984
vt 0.035156 0.949707
vt 0.288330 0.982666
vt 0.814209 0.982666
vt 0.193115 0.885498
vt 0.578369 0.456299
vt 0.820312 0.668213
vt 0.854248 0.833252
vt 0.743164 0.465576
vt 0.979248 0.833984
vt 0.979248 0.453613
vt 0.979980 0.668457
vt 0.997559 0.345947
vt 0.334473 0.018799
vt 0.863525 0.832764
vt 0.743164 0.484863
vt 0.854248 0.711426
vt 0.997559 0.311035
vt 0.223633 0.868652
vt 0.809082 0.002930
vt 0.928223 0.586914
vt 0.741211 0.474121
vt 0.854248 0.700684
vt 0.987549 0.456299
vt 0.015625 0.459717
vt 0.660156 0.490967
vt 0.316895 0.529785
vt 0.681396 0.490967
vt 0.074219 0.068115
vt 0.979248 0.664551
vt 0.993652 0.346680
vt 0.764160 0.210938
vt 0.979736 0.838379
vt 0.997314 0.350342
vt 0.261475 0.356201
vt 0.793213 0.002197
vt 0.929199 0.036865
vt 0.943359 0.583740
vt 0.074951 0.077881
vt 0.857178 0.700684
vt 0.988281 0.664551
vt 0.988770 0.453613
vt 0.739014 0.474365
vt 0.762695 0.220703
vt 0.988037 0.833984
vt 0.075195 0.087646
vt 0.858887 0.709961
vt 0.995605 0.315430
vt 0.738037 0.484131
vt 0.763428 0.229980
vt 0.992432 0.311035
vt 0.337891 0.024414
vt 0.355469 0.214355
vt 0.077881 0.078125
vt 0.760254 0.220459
vt 0.407471 0.795898
vt 0.667480 0.625488
vt 0.813965 0.124756
vt 0.843262 0.377441
vt 0.920410 0.160400
vt 0.947021 0.221436
vt 0.354492 0.206787
vt 0.504150 0.461426
vt 0.812744 0.667725
vt 0.935059 0.035156
vt 0.079102 0.068359
vt 0.758789 0.210938
vt 0.992188 0.350342
vt 0.345215 0.224121
vt 0.348145 0.005859
vt 0.865967 0.814209
vt 0.079102 0.087891
vt 0.758789 0.230225
vt 0.992188 0.315430
vt 0.523193 0.495361
vt 0.601074 0.625732
vt 0.105469 0.821777
vt 0.338623 0.213623
vt 0.822021 0.643555
vt 0.854248 0.808838
vt 0.939697 0.009766
vt 0.656006 0.625488
vt 0.790283 0.030518
vt 0.831299 0.379395
vt 0.553467 0.487549
vt 0.495850 0.123291
vt 0.661133 0.642822
vt 0.681885 0.832764
vt 0.790527 0.048828
vt 0.832764 0.124756
vt 0.334717 0.227295
vt 0.358398 0.002686
vt 0.054443 0.495361
vt 0.095703 0.834717
vt 0.332520 0.202148
vt 0.772949 0.398926
vt 0.193848 0.876465
vt 0.865967 0.349854
vt 0.929199 0.007080
vt 0.943359 0.614746
vt 0.259766 0.387695
vt 0.504150 0.909912
vt 0.520020 0.395020
vt 0.920166 0.010010
vt 0.052734 0.818604
vt 0.161865 0.895752
vt 0.225586 0.841553
vt 0.244629 0.440430
vt 0.502441 0.750000
vt 0.629150 0.792236
vt 0.247803 0.440918
vt 0.632324 0.792725
vt 0.804199 0.557617
vt 0.713135 0.318115
vt 0.979248 0.687744
vt 0.979248 0.246094
vt 0.997559 0.333740
vt 0.314941 0.135254
vt 0.495850 0.749268
vt 0.511230 0.480225
vt 0.506836 0.480713
vt 0.811523 0.557373
vt 0.331055 0.217041
vt 0.935059 0.002686
vt 0.028809 0.487793
vt 0.659912 0.464600
vt 0.755371 0.379883
vt 0.294922 0.508789
vt 0.681396 0.464600
vt 0.736816 0.384766
vt 0.713135 0.336670
vt 0.988770 0.442139
vt 0.997559 0.410889
vt 0.330078 0.223389
vt 0.498047 0.905518
vt 0.858643 0.351318
vt 0.923340 0.002686
vt 0.329102 0.127930
vt 0.979248 0.683838
vt 0.996094 0.330078
vt 0.710938 0.327148
vt 0.979248 0.441162
vt 0.988037 0.248779
vt 0.395020 0.641357
vt 0.494385 0.904785
vt 0.512207 0.403809
vt 0.763428 0.498779
vt 0.915039 0.007568
vt 0.372314 0.158203
vt 0.708252 0.317871
vt 0.992432 0.333740
vt 0.208984 0.366455
vt 0.940186 0.141846
vt 0.329834 0.137939
vt 0.979248 0.438232
vt 0.988281 0.684570
vt 0.989258 0.246094
vt 0.371338 0.167969
vt 0.708496 0.327393
vt 0.208008 0.348145
vt 0.419189 0.983398
vt 0.940186 0.123291
vt 0.002686 0.235352
vt 0.320068 0.256836
vt 0.775635 0.030518
vt 0.831299 0.363525
vt 0.905762 0.172119
vt 0.208252 0.374268
vt 0.942383 0.148926
vt 0.980469 0.641113
vt 0.329102 0.147461
vt 0.988770 0.437256
vt 0.996094 0.415039
vt 0.372314 0.177490
vt 0.708252 0.337158
vt 0.992676 0.410889
vt 0.189453 0.239502
vt 0.253906 0.162842
vt 0.191406 0.248291
vt 0.254639 0.172119
vt 0.979248 0.892090
vt 0.992188 0.503662
vt 0.187988 0.251221
vt 0.802734 0.224854
vt 0.979248 0.941895
vt 0.979248 0.896484
vt 0.109619 0.833984
vt 0.324707 0.213135
vt 0.333740 0.128662
vt 0.367920 0.158447
vt 0.992188 0.329346
vt 0.332764 0.137207
vt 0.368896 0.166992
vt 0.234375 0.990479
vt 0.412598 0.982666
vt 0.944580 0.118408
vt 0.186035 0.240234
vt 0.396484 0.960205
vt 0.802734 0.214111
vt 0.085205 0.856934
vt 0.453125 0.687500
vt 0.763916 0.421387
vt 0.191406 0.232910
vt 0.257324 0.156982
vt 0.810059 0.277588
vt 0.988037 0.552490
vt 0.443604 0.681641
vt 0.949951 0.149414
vt 0.988037 0.641113
vt 0.320068 0.236328
vt 0.512939 0.123047
vt 0.773438 0.051025
vt 0.411133 0.658447
vt 0.761475 0.475586
vt 0.260498 0.420654
vt 0.520020 0.423340
vt 0.750244 0.477295
vt 0.333008 0.147217
vt 0.367920 0.176514
vt 0.992188 0.415527
vt 0.188232 0.231689
vt 0.396973 0.951172
vt 0.988525 0.556152
vt 0.257324 0.164062
vt 0.585449 0.508301
vt 0.988770 0.156250
vt 0.066406 0.990967
vt 0.257568 0.170898
vt 0.583984 0.514160
vt 0.983643 0.141846
vt 0.984131 0.889648
vt 0.997070 0.503662
vt 0.998047 0.218506
vt 0.389893 0.968018
vt 0.588379 0.516846
vt 0.799561 0.223389
vt 0.979492 0.945068
vt 0.241211 0.990723
vt 0.403320 0.553955
vt 0.950928 0.120605
vt 0.202393 0.373535
vt 0.604248 0.639893
vt 0.979248 0.647217
vt 0.393555 0.958984
vt 0.588379 0.508545
vt 0.989502 0.153076
vt 0.093018 0.743164
vt 0.698486 0.605957
vt 0.987793 0.941895
vt 0.987793 0.896484
vt 0.989502 0.138184
vt 0.147217 0.920166
vt 0.200928 0.347656
vt 0.419189 0.990479
vt 0.151123 0.938721
vt 0.200928 0.367188
vt 0.599854 0.635010
vt 0.403564 0.575439
vt 0.443604 0.671143
vt 0.955566 0.140869
vt 0.260010 0.160156
vt 0.808105 0.281738
vt 0.984863 0.154785
vt 0.064453 0.989502
vt 0.260010 0.172119
vt 0.995605 0.500000
vt 0.997803 0.222412
vt 0.998535 0.105469
vt 0.813232 0.281250
vt 0.967041 0.094971
vt 0.982422 0.552002
vt 0.556152 0.984863
vt 0.812744 0.281982
vt 0.980957 0.156250
vt 0.393311 0.951904
vt 0.984131 0.151855
vt 0.755371 0.409668
vt 0.276123 0.482910
vt 0.736816 0.414551
vt 0.142090 0.917236
vt 0.234375 0.982666
vt 0.412598 0.989746
vt 0.492920 0.104736
vt 0.702637 0.832764
vt 0.128174 0.723389
vt 0.985840 0.918945
vt 0.987061 0.403564
vt 0.993164 0.222168
vt 0.994385 0.102783
vt 0.089600 0.732666
vt 0.950684 0.837891
vt 0.979248 0.138184
vt 0.988037 0.916016
vt 0.992188 0.218506
vt 0.059326 0.990967
vt 0.583984 0.521729
vt 0.702637 0.603271
vt 0.986084 0.945557
vt 0.126953 0.718018
vt 0.552979 0.990234
vt 0.810059 0.288330
vt 0.980225 0.918701
vt 0.390869 0.943848
vt 0.676514 0.125977
vt 0.971436 0.092285
vt 0.979248 0.556152
vt 0.128174 0.709961
vt 0.389893 0.947998
vt 0.552979 0.982666
vt 0.679932 0.128418
vt 0.979248 0.152832
vt 0.142578 0.948486
vt 0.451416 0.681641
vt 0.599854 0.648193
vt 0.813232 0.289795
vt 0.951172 0.829102
vt 0.967773 0.103760
vt 0.979248 0.916016
vt 0.988281 0.649170
vt 0.433838 0.682861
vt 0.759766 0.441895
vt 0.263672 0.452393
vt 0.741211 0.446777
vt 0.136719 0.921387
vt 0.241211 0.982910
vt 0.411133 0.553467
vt 0.062500 0.983398
vt 0.125977 0.725586
vt 0.988281 0.045410
vt 0.989014 0.406738
vt 0.992188 0.105469
vt 0.059570 0.982666
vt 0.093018 0.731934
vt 0.698486 0.595459
vt 0.953857 0.839600
vt 0.989746 0.048584
vt 0.737793 0.445068
vt 0.979248 0.427979
vt 0.979248 0.228760
vt 0.997559 0.392578
vt 0.136719 0.942383
vt 0.411133 0.576172
vt 0.450684 0.672363
vt 0.123535 0.716064
vt 0.979248 0.406738
vt 0.121338 0.715332
vt 0.676514 0.136963
vt 0.953857 0.826660
vt 0.971436 0.103027
vt 0.979248 0.048584
vt 0.194824 0.847656
vt 0.863037 0.321533
vt 0.745117 0.126465
vt 0.981445 0.424805
vt 0.993896 0.392822
vt 0.736084 0.455078
vt 0.979492 0.352295
vt 0.989258 0.228760
vt 0.737549 0.464600
vt 0.989014 0.353760
vt 0.992188 0.019531
vt 0.052734 0.790039
vt 0.161865 0.865723
vt 0.587646 0.497314
vt 0.732910 0.446045
vt 0.969727 0.887207
vt 0.996826 0.397217
vt 0.746338 0.135498
vt 0.979248 0.349365
vt 0.988770 0.427979
vt 0.989014 0.225830
vt 0.733643 0.454590
vt 0.969238 0.895752
vt 0.745361 0.145020
vt 0.988770 0.349365
vt 0.994141 0.015625
vt 0.300049 0.237305
vt 0.510254 0.104004
vt 0.750000 0.126221
vt 0.965088 0.886719
vt 0.992188 0.397217
vt 0.602539 0.847900
vt 0.606934 0.742920
vt 0.992188 0.097168
vt 0.748535 0.135742
vt 0.966309 0.896240
vt 0.235352 0.321289
vt 0.599365 0.848389
vt 0.992188 0.100098
vt 0.732910 0.465576
vt 0.969727 0.906494
vt 0.996826 0.019531
vt 0.519043 0.009033
vt 0.653564 0.492432
vt 0.493652 0.083252
vt 0.520752 0.026123
vt 0.802734 0.234375
vt 0.085205 0.881836
vt 0.426758 0.691650
vt 0.750000 0.145752
vt 0.965088 0.906006
vt 0.998779 0.015625
vt 0.369141 0.657471
vt 0.920410 0.034180
vt 0.365479 0.653564
vt 0.504150 0.874023
vt 0.852539 0.319580
vt 0.915039 0.036865
vt 0.546875 0.522949
vt 0.112305 0.863770
vt 0.292969 0.212646
vt 0.437012 0.715332
vt 0.698242 0.277588
vt 0.699219 0.449707
vt 0.732178 0.894043
vt 0.988770 0.464111
vt 0.612793 0.744873
vt 0.630615 0.654785
vt 0.874023 0.204834
vt 0.998535 0.096191
vt 0.229980 0.323242
vt 0.878418 0.205566
vt 0.998535 0.100342
vt 0.370605 0.126221
vt 0.528564 0.984863
vt 0.979248 0.511719
vt 0.528564 0.990234
vt 0.966064 0.047363
vt 0.979248 0.135742
vt 0.979492 0.506592
vt 0.289795 0.243652
vt 0.509277 0.091797
vt 0.792480 0.248535
vt 0.370605 0.145508
vt 0.986572 0.422363
vt 0.996338 0.248291
vt 0.156250 0.894043
vt 0.294189 0.746582
vt 0.498291 0.543945
vt 0.592773 0.569336
vt 0.689941 0.411133
vt 0.875244 0.261719
vt 0.585205 0.582031
vt 0.676514 0.406738
vt 0.369141 0.135986
vt 0.821045 0.844238
vt 0.979248 0.418701
vt 0.988525 0.511719
vt 0.989502 0.135742
vt 0.823975 0.845215
vt 0.967773 0.056152
vt 0.987793 0.133301
vt 0.821045 0.855469
vt 0.966064 0.066650
vt 0.988770 0.418701
vt 0.997803 0.252441
vt 0.281982 0.272949
vt 0.535889 0.008057
vt 0.653320 0.475586
vt 0.284668 0.252686
vt 0.537598 0.026367
vt 0.802734 0.249512
vt 0.244629 0.403564
vt 0.509521 0.715576
vt 0.992188 0.075195
vt 0.317871 0.098633
vt 0.504150 0.716309
vt 0.997559 0.075195
vt 0.365967 0.126465
vt 0.531982 0.982666
vt 0.772705 0.156006
vt 0.532471 0.986816
vt 0.768555 0.155762
vt 0.971436 0.046875
vt 0.366699 0.135986
vt 0.771973 0.164551
vt 0.769775 0.164307
vt 0.970703 0.056396
vt 0.051270 0.414062
vt 0.227051 0.345947
vt 0.241455 0.131836
vt 0.504150 0.546387
vt 0.247803 0.403076
vt 0.797119 0.522461
vt 0.992188 0.078369
vt 0.365967 0.145752
vt 0.772949 0.173584
vt 0.992188 0.248047
vt 0.042236 0.012207
vt 0.697266 0.439453
vt 0.737793 0.885498
vt 0.673828 0.381592
vt 0.702637 0.270264
vt 0.796387 0.988525
vt 0.802734 0.345947
vt 0.979248 0.060547
vt 0.981201 0.467529
vt 0.314941 0.097168
vt 0.506836 0.445557
vt 0.803467 0.522217
vt 0.998535 0.078857
vt 0.768555 0.173828
vt 0.970947 0.066162
vt 0.993164 0.252441
vt 0.734375 0.885010
vt 0.979248 0.464111
vt 0.981445 0.063965
vt 0.692139 0.381836
vt 0.875000 0.232666
vt 0.679688 0.381104
vt 0.799561 0.982666
vt 0.574707 0.588623
vt 0.664307 0.401855
vt 0.785156 0.344971
vt 0.018555 0.324951
vt 0.289307 0.738525
vt 0.494873 0.553223
vt 0.672363 0.381836
vt 0.799561 0.989746
vt 0.799805 0.347412
vt 0.552979 0.343506
vt 0.969727 0.663818
vt 0.996826 0.140625
vt 0.556885 0.342773
vt 0.742676 0.601562
vt 0.998291 0.136719
vt 0.045410 0.762451
vt 0.572998 0.525879
vt 0.287354 0.774902
vt 0.470947 0.982666
vt 0.515381 0.479736
vt 0.670410 0.856934
vt 0.156250 0.884033
vt 0.498779 0.554199
vt 0.666992 0.396729
vt 0.779541 0.346436
vt 0.801025 0.363525
vt 0.553223 0.352783
vt 0.968750 0.673584
vt 0.979248 0.677246
vt 0.555176 0.352539
vt 0.744141 0.611572
vt 0.969727 0.683350
vt 0.987305 0.681396
vt 0.996826 0.254883
vt 0.016113 0.800293
vt 0.193848 0.812256
vt 0.665771 0.904785
vt 0.865967 0.290039
vt 0.387451 0.691406
vt 0.150879 0.884766
vt 0.295166 0.735352
vt 0.736816 0.565918
vt 0.961670 0.753418
vt 0.052734 0.008301
vt 0.500000 0.552490
vt 0.679688 0.368164
vt 0.698242 0.255371
vt 0.699219 0.428711
vt 0.741211 0.569092
vt 0.966064 0.750977
vt 0.556885 0.361816
vt 0.743652 0.621338
vt 0.988281 0.677246
vt 0.997803 0.259033
vt 0.228271 0.957764
vt 0.979248 0.458740
vt 0.989258 0.211670
vt 0.493652 0.737793
vt 0.964844 0.663330
vt 0.992188 0.141113
vt 0.140625 0.641113
vt 0.231934 0.335449
vt 0.500000 0.536133
vt 0.960938 0.328857
vt 0.050537 0.422852
vt 0.228516 0.335693
vt 0.489258 0.738770
vt 0.748291 0.602295
vt 0.993408 0.136719
vt 0.489990 0.746582
vt 0.747803 0.610840
vt 0.491943 0.746826
vt 0.965332 0.673096
vt 0.586182 0.558105
vt 0.619141 0.966064
vt 0.888916 0.259033
vt 0.893311 0.152832
vt 0.175537 0.990967
vt 0.226318 0.961670
vt 0.987793 0.880371
vt 0.225830 0.966797
vt 0.537354 0.827148
vt 0.642578 0.990234
vt 0.226562 0.970215
vt 0.536865 0.830566
vt 0.135986 0.641357
vt 0.181885 0.636230
vt 0.241455 0.120361
vt 0.504150 0.535156
vt 0.055176 0.422852
vt 0.184570 0.637695
vt 0.244141 0.121338
vt 0.989258 0.072266
vt 0.493652 0.756104
vt 0.964844 0.682861
vt 0.992188 0.254883
vt 0.455811 0.982666
vt 0.566406 0.982666
vt 0.979248 0.846680
vt 0.992188 0.340820
vt 0.997559 0.404053
vt 0.459473 0.984863
vt 0.992188 0.326904
vt 0.995605 0.343506
vt 0.222656 0.952881
vt 0.564941 0.362305
vt 0.983643 0.216553
vt 0.172363 0.986572
vt 0.222168 0.958008
vt 0.984131 0.461670
vt 0.225830 0.974121
vt 0.537842 0.834717
vt 0.291016 0.781006
vt 0.672363 0.863525
vt 0.470947 0.990479
vt 0.676270 0.861816
vt 0.980713 0.416260
vt 0.042236 0.001221
vt 0.136963 0.680664
vt 0.513184 0.553467
vt 0.732178 0.875732
vt 0.791504 0.345947
vt 0.989746 0.060547
vt 0.144043 0.684082
vt 0.793457 0.353027
vt 0.489258 0.757080
vt 0.748291 0.621826
vt 0.993652 0.259033
vt 0.222412 0.963379
vt 0.640137 0.986084
vt 0.986084 0.876953
vt 0.473877 0.988525
vt 0.514893 0.486572
vt 0.778320 0.397949
vt 0.979248 0.413086
vt 0.688232 0.356934
vt 0.876709 0.208740
vt 0.955322 0.407471
vt 0.265137 0.521973
vt 0.700195 0.989746
vt 0.965576 0.106934
vt 0.979248 0.001221
vt 0.007080 0.660889
vt 0.695068 0.988037
vt 0.981689 0.005371
vt 0.149414 0.692139
vt 0.777832 0.352539
vt 0.793945 0.362793
vt 0.713867 0.982666
vt 0.982422 0.850830
vt 0.992188 0.404053
vt 0.287598 0.782715
vt 0.518311 0.487061
vt 0.024658 0.315918
vt 0.289307 0.727539
vt 0.676025 0.357178
vt 0.741211 0.557617
vt 0.148193 0.700684
vt 0.562988 0.588379
vt 0.785156 0.356689
vt 0.145996 0.702637
vt 0.535889 0.548828
vt 0.561523 0.591064
vt 0.716064 0.989258
vt 0.994629 0.324707
vt 0.997070 0.399658
vt 0.997803 0.340820
vt 0.217285 0.954346
vt 0.459717 0.989990
vt 0.569092 0.365234
vt 0.719727 0.989746
vt 0.992188 0.463379
vt 0.997803 0.326904
vt 0.218506 0.976807
vt 0.543213 0.837891
vt 0.988037 0.868408
vt 0.195557 0.719971
vt 0.259277 0.212158
vt 0.397461 0.716797
vt 0.065918 0.323730
vt 0.231445 0.157715
vt 0.843994 0.489746
vt 0.930420 0.695068
vt 0.018555 0.312988
vt 0.493652 0.565430
vt 0.984863 0.525635
vt 0.506104 0.559570
vt 0.965820 0.761230
vt 0.619141 0.941406
vt 0.880127 0.741455
vt 0.888184 0.234131
vt 0.998535 0.086426
vt 0.263428 0.530762
vt 0.966797 0.115723
vt 0.006592 0.679199
vt 0.987793 0.904297
vt 0.992676 0.156738
vt 0.719482 0.982666
vt 0.988037 0.850342
vt 0.566406 0.990479
vt 0.719971 0.986084
vt 0.987793 0.846680
vt 0.455811 0.990479
vt 0.567139 0.989746
vt 0.719238 0.986816
vt 0.056885 0.988037
vt 0.196777 0.985840
vt 0.213623 0.958252
vt 0.542969 0.831543
vt 0.004883 0.669678
vt 0.260010 0.531006
vt 0.979248 0.904297
vt 0.989746 0.001221
vt 0.265137 0.541016
vt 0.965576 0.126465
vt 0.987305 0.899170
vt 0.998047 0.156738
vt 0.041748 0.986816
vt 0.212646 0.952881
vt 0.992188 0.458496
vt 0.175537 0.982666
vt 0.564941 0.368652
vt 0.979248 0.880371
vt 0.979248 0.211670
vt 0.988770 0.458740
vt 0.544434 0.823975
vt 0.564941 0.374268
vt 0.642578 0.982666
vt 0.982666 0.875000
vt 0.024658 0.873047
vt 0.212646 0.963379
vt 0.998047 0.205811
vt 0.998047 0.001221
vt 0.338867 0.678467
vt 0.006348 0.800537
vt 0.333740 0.673096
vt 0.656982 0.901855
vt 0.856201 0.287109
vt 0.156006 0.874268
vt 0.501709 0.564941
vt 0.957764 0.765137
vt 0.079102 0.383789
vt 0.606934 0.637451
vt 0.648193 0.989990
vt 0.648193 0.295166
vt 0.602539 0.778809
vt 0.617432 0.676758
vt 0.644775 0.259033
vt 0.075928 0.384033
vt 0.235352 0.214600
vt 0.645020 0.989990
vt 0.025391 0.876465
vt 0.211182 0.966309
vt 0.235596 0.163330
vt 0.926758 0.701660
vt 0.312744 0.982666
vt 0.877441 0.736084
vt 0.992188 0.086426
vt 0.616699 0.949707
vt 0.765869 0.060059
vt 0.993164 0.026123
vt 0.079102 0.421631
vt 0.224121 0.253906
vt 0.599365 0.778809
vt 0.648193 0.258545
vt 0.700195 0.984375
vt 0.967773 0.192383
vt 0.971436 0.106689
vt 0.001221 0.660400
vt 0.695068 0.982666
vt 0.973145 0.192627
vt 0.968994 0.200928
vt 0.970215 0.116455
vt 0.002441 0.669922
vt 0.972412 0.201172
vt 0.036865 0.991211
vt 0.053711 0.982666
vt 0.207520 0.956543
vt 0.036865 0.982666
vt 0.053711 0.991211
vt 0.193604 0.982666
vt 0.569092 0.370117
vt 0.992188 0.205811
vt 0.992188 0.005615
vt 0.997314 0.462402
vt 0.193604 0.990967
vt 0.208984 0.961914
vt 0.997314 0.201904
vt 0.020020 0.873535
vt 0.548096 0.824951
vt 0.569092 0.375977
vt 0.998779 0.005615
vt 0.026367 0.879883
vt 0.209473 0.969482
vt 0.020020 0.880371
vt 0.548096 0.832520
vt 0.982422 0.872559
vt 0.025391 0.883545
vt 0.209961 0.973633
vt 0.979248 0.868408
vt 0.293457 0.789307
vt 0.674316 0.871582
vt 0.843262 0.253906
vt 0.050049 0.433350
vt 0.227051 0.325684
vt 0.960938 0.340332
vt 0.196533 0.890869
vt 0.547363 0.136963
vt 0.743164 0.804443
vt 0.796143 0.127441
vt 0.870117 0.743164
vt 0.888916 0.223389
vt 0.407471 0.749268
vt 0.521973 0.988037
vt 0.964844 0.134277
vt 0.771240 0.060547
vt 0.964355 0.319580
vt 0.998535 0.026855
vt 0.063721 0.330566
vt 0.929688 0.702148
vt 0.231934 0.165039
vt 0.845215 0.497314
vt 0.140625 0.651611
vt 0.681641 0.869873
vt 0.772705 0.406738
vt 0.956055 0.338623
vt 0.964111 0.840576
vt 0.989014 0.413086
vt 0.022461 0.305420
vt 0.132080 0.649658
vt 0.184570 0.626953
vt 0.674072 0.346680
vt 0.969727 0.846680
vt 0.979248 0.531738
vt 0.979248 0.075684
vt 0.105469 0.410156
vt 0.190430 0.764404
vt 0.195312 0.901611
vt 0.624268 0.940918
vt 0.996338 0.081543
vt 0.615723 0.959473
vt 0.766846 0.069824
vt 0.616699 0.968994
vt 0.765869 0.078613
vt 0.971924 0.988037
vt 0.968994 0.210449
vt 0.970459 0.126221
vt 0.996582 0.161133
vt 0.001221 0.679932
vt 0.973145 0.210693
vt 0.992188 0.161377
vt 0.066162 0.331055
vt 0.843018 0.496582
vt 0.056152 0.434570
vt 0.495361 0.572510
vt 0.723633 0.009033
vt 0.905762 0.788574
vt 0.979248 0.066406
vt 0.988525 0.531738
vt 0.197510 0.886719
vt 0.324951 0.140869
vt 0.551514 0.134277
vt 0.801025 0.124512
vt 0.940674 0.070312
vt 0.103271 0.413086
vt 0.308350 0.982666
vt 0.993164 0.082275
vt 0.102295 0.421631
vt 0.308350 0.990723
vt 0.735107 0.787598
vt 0.880127 0.728027
vt 0.526123 0.990234
vt 0.963135 0.581299
vt 0.969727 0.134033
vt 0.136963 0.695068
vt 0.528076 0.559326
vt 0.406494 0.757812
vt 0.965332 0.143066
vt 0.770264 0.069580
vt 0.966064 0.328369
vt 0.406982 0.767334
vt 0.965820 0.151855
vt 0.996582 0.655762
vt 0.996826 0.581055
vt 0.771240 0.079102
vt 0.964355 0.339111
vt 0.971191 0.982666
vt 0.039551 0.737793
vt 0.558350 0.548340
vt 0.547363 0.123291
vt 0.887451 0.210449
vt 0.940674 0.058594
vt 0.966064 0.406982
vt 0.109375 0.990967
vt 0.593750 0.927002
vt 0.713379 0.019287
vt 0.905762 0.802734
vt 0.739990 0.796387
vt 0.872070 0.735107
vt 0.402344 0.748535
vt 0.521973 0.982666
vt 0.656982 0.736084
vt 0.612061 0.950195
vt 0.979248 0.253174
vt 0.979492 0.882812
vt 0.992188 0.022217
vt 0.964111 0.590088
vt 0.967773 0.143066
vt 0.404053 0.758057
vt 0.656250 0.745850
vt 0.613281 0.959717
vt 0.979248 0.335449
vt 0.988770 0.251221
vt 0.136963 0.805664
vt 0.828857 0.490967
vt 0.958008 0.265137
vt 0.239014 0.170410
vt 0.287354 0.792236
vt 0.520020 0.496338
vt 0.836914 0.252441
vt 0.925049 0.709229
vt 0.979248 0.798340
vt 0.068604 0.465332
vt 0.319092 0.147461
vt 0.946045 0.077393
vt 0.612793 0.635986
vt 0.630615 0.755127
vt 0.649414 0.983643
vt 0.623535 0.676270
vt 0.626953 0.714111
vt 0.969727 0.319092
vt 0.979248 0.887207
vt 0.996582 0.022217
vt 0.968994 0.328857
vt 0.979492 0.337646
vt 0.988037 0.887207
vt 0.989258 0.253174
vt 0.402344 0.767578
vt 0.656982 0.755127
vt 0.995361 0.576904
vt 0.963135 0.600830
vt 0.969727 0.152832
vt 0.996582 0.659424
vt 0.833740 0.495117
vt 0.956299 0.271729
vt 0.099609 0.412354
vt 0.735352 0.795654
vt 0.526123 0.984863
vt 0.652588 0.736328
vt 0.968018 0.580811
vt 0.229004 0.213135
vt 0.626221 0.755371
vt 0.645020 0.982666
vt 0.197266 0.770508
vt 0.201660 0.907227
vt 0.218262 0.253662
vt 0.622559 0.714111
vt 0.878418 0.151123
vt 0.653320 0.745850
vt 0.967041 0.590332
vt 0.190430 0.781738
vt 0.632324 0.956299
vt 0.897705 0.138184
vt 0.612061 0.969727
vt 0.975830 0.989258
vt 0.989014 0.333984
vt 0.559082 0.969727
vt 0.679688 0.337646
vt 0.776123 0.173828
vt 0.955566 0.387695
vt 0.072998 0.471924
vt 0.946777 0.068115
vt 0.514648 0.569092
vt 0.966064 0.774658
vt 0.573486 0.551514
vt 0.657227 0.812012
vt 0.902100 0.139648
vt 0.969727 0.338623
vt 0.975830 0.984863
vt 0.989014 0.338379
vt 0.019775 0.768311
vt 0.665771 0.867676
vt 0.243896 0.059082
vt 0.937012 0.326172
vt 0.243896 0.048828
vt 0.671143 0.936279
vt 0.794434 0.700928
vt 0.941650 0.337158
vt 0.099609 0.402588
vt 0.203857 0.898682
vt 0.732910 0.804443
vt 0.198486 0.780029
vt 0.203369 0.916992
vt 0.407471 0.735840
vt 0.893311 0.130371
vt 0.943848 0.356689
vt 0.651855 0.755371
vt 0.967529 0.600342
vt 0.992188 0.657959
vt 0.992188 0.581055
vt 0.232666 0.274902
vt 0.247803 0.733398
vt 0.600830 0.507812
vt 0.136475 0.813477
vt 0.831787 0.497803
vt 0.075439 0.478516
vt 0.206055 0.878418
vt 0.740723 0.527100
vt 0.946777 0.059570
vt 0.069336 0.473145
vt 0.319092 0.137939
vt 0.219482 0.736572
vt 0.234619 0.243896
vt 0.192871 0.759277
vt 0.354248 0.710205
vt 0.134277 0.813232
vt 0.236328 0.888672
vt 0.960693 0.272949
vt 0.837646 0.502686
vt 0.956299 0.280029
vt 0.979248 0.182373
vt 0.231445 0.175781
vt 0.845459 0.508057
vt 0.988037 0.799561
vt 0.247314 0.066650
vt 0.740723 0.514648
vt 0.900879 0.529541
vt 0.933838 0.317383
vt 0.946777 0.048096
vt 0.965088 0.395752
vt 0.247803 0.058350
vt 0.604980 0.820068
vt 0.799316 0.690430
vt 0.908203 0.523682
vt 0.207520 0.892334
vt 0.801025 0.136963
vt 0.038086 0.725830
vt 0.450439 0.865479
vt 0.551025 0.559326
vt 0.514893 0.504150
vt 0.667236 0.335205
vt 0.778320 0.414551
vt 0.925049 0.718506
vt 0.969727 0.832275
vt 0.664795 0.925537
vt 0.941406 0.324951
vt 0.673828 0.883057
vt 0.836914 0.263428
vt 0.850342 0.512451
vt 0.988037 0.793213
vt 0.112549 0.982666
vt 0.190430 0.914307
vt 0.589355 0.934814
vt 0.104980 0.982666
vt 0.197998 0.914795
vt 0.507568 0.577393
vt 0.913574 0.797852
vt 0.068604 0.340820
vt 0.559082 0.945312
vt 0.840088 0.506348
vt 0.956543 0.285400
vt 0.982666 0.178711
vt 0.050049 0.446289
vt 0.577637 0.935303
vt 0.680420 0.884277
vt 0.713379 0.002197
vt 0.958740 0.353027
vt 0.072021 0.041016
vt 0.609619 0.818115
vt 0.668457 0.925537
vt 0.794434 0.689941
vt 0.136963 0.184326
vt 0.455566 0.921143
vt 0.530029 0.393311
vt 0.634277 0.651123
vt 0.063721 0.344238
vt 0.561768 0.950439
vt 0.664307 0.325928
vt 0.932861 0.714600
vt 0.068604 0.483154
vt 0.212646 0.884033
vt 0.319824 0.126221
vt 0.028076 0.734375
vt 0.456787 0.876709
vt 0.198242 0.801514
vt 0.310547 0.697510
vt 0.010986 0.768066
vt 0.195068 0.809082
vt 0.305176 0.692627
vt 0.136963 0.822021
vt 0.239990 0.895752
vt 0.833496 0.506592
vt 0.530518 0.400635
vt 0.634766 0.658447
vt 0.453613 0.928467
vt 0.638428 0.657715
vt 0.177490 0.462158
vt 0.519775 0.576660
vt 0.303955 0.656982
vt 0.531982 0.572266
vt 0.405762 0.745361
vt 0.658691 0.822266
vt 0.902832 0.128174
vt 0.451172 0.937500
vt 0.639404 0.667236
vt 0.662842 0.915039
vt 0.941650 0.314453
vt 0.231445 0.766602
vt 0.087891 0.303467
vt 0.235596 0.896484
vt 0.964355 0.280762
vt 0.839111 0.513428
vt 0.989502 0.182373
vt 0.247803 0.790039
vt 0.407471 0.746582
vt 0.561035 0.552002
vt 0.657227 0.823975
vt 0.948730 0.804932
vt 0.953857 0.352295
vt 0.135742 0.190430
vt 0.527100 0.399658
vt 0.133301 0.189453
vt 0.457520 0.927734
vt 0.530518 0.416260
vt 0.634277 0.674561
vt 0.781738 0.164551
vt 0.940186 0.305420
vt 0.966064 0.382812
vt 0.988037 0.704346
vt 0.068604 0.050781
vt 0.218506 0.875488
vt 0.609619 0.830811
vt 0.750000 0.517334
vt 0.813721 0.127930
vt 0.908203 0.535889
vt 0.950439 0.002441
vt 0.218506 0.895996
vt 0.215820 0.912109
vt 0.943848 0.343506
vt 0.303955 0.689941
vt 0.448486 0.878174
vt 0.564209 0.563721
vt 0.209229 0.779053
vt 0.323242 0.716797
vt 0.079834 0.307861
vt 0.566650 0.947754
vt 0.658691 0.964844
vt 0.963867 0.289795
vt 0.073730 0.050049
vt 0.668457 0.915283
vt 0.175537 0.451172
vt 0.196289 0.923096
vt 0.511719 0.585205
vt 0.303467 0.667236
vt 0.543701 0.573242
vt 0.570312 0.954346
vt 0.652344 0.965576
vt 0.303467 0.680176
vt 0.556152 0.569580
vt 0.295166 0.751953
vt 0.309082 0.949219
vt 0.448975 0.599121
vt 0.592529 0.207275
vt 0.450928 0.606201
vt 0.593750 0.214600
vt 0.305420 0.956299
vt 0.453369 0.606445
vt 0.020996 0.712402
vt 0.136963 0.200195
vt 0.302002 0.963135
vt 0.456787 0.613525
vt 0.525879 0.409424
vt 0.877197 0.497559
vt 0.988037 0.696533
vt 0.185303 0.923828
vt 0.588379 0.946045
vt 0.225586 0.794678
vt 0.224365 0.807617
vt 0.275879 0.157471
vt 0.957275 0.829102
vt 0.019775 0.735107
vt 0.221191 0.815186
vt 0.276855 0.165283
vt 0.456787 0.885254
vt 0.014893 0.709229
vt 0.130859 0.197510
vt 0.458496 0.936279
vt 0.872803 0.496826
vt 0.670410 0.897461
vt 0.843750 0.524170
vt 0.169189 0.465088
vt 0.895020 0.719482
vt 0.448975 0.620117
vt 0.575439 0.961914
vt 0.593750 0.228271
vt 0.776123 0.157471
vt 0.979248 0.701904
vt 0.225830 0.898438
vt 0.238770 0.012207
vt 0.886230 0.716797
vt 0.294189 0.760010
vt 0.590576 0.215332
vt 0.291504 0.759521
vt 0.308594 0.957275
vt 0.226074 0.885498
vt 0.942627 0.011963
vt 0.979248 0.744629
vt 0.983154 0.099121
vt 0.141846 0.953857
vt 0.168457 0.456299
vt 0.201904 0.929443
vt 0.247803 0.003174
vt 0.897705 0.712891
vt 0.233398 0.802246
vt 0.959473 0.817627
vt 0.241943 0.908203
vt 0.832275 0.519531
vt 0.226562 0.911377
vt 0.884033 0.729004
vt 0.114990 0.243164
vt 0.577148 0.957031
vt 0.648438 0.971924
vt 0.813721 0.142334
vt 0.849609 0.502197
vt 0.950439 0.017578
vt 0.988037 0.749023
vt 0.109131 0.227051
vt 0.587646 0.990234
vt 0.979248 0.309326
vt 0.980225 0.274170
vt 0.072266 0.317627
vt 0.112305 0.224609
vt 0.117676 0.236572
vt 0.295166 0.769531
vt 0.352295 0.982666
vt 0.581543 0.962891
vt 0.588867 0.224609
vt 0.602539 0.309814
vt 0.245850 0.911865
vt 0.834473 0.524414
vt 0.073730 0.061523
vt 0.458496 0.950439
vt 0.671143 0.903809
vt 0.825684 0.129639
vt 0.864990 0.506104
vt 0.148682 0.947021
vt 0.231934 0.887939
vt 0.232178 0.054199
vt 0.238770 0.001709
vt 0.989502 0.094482
vt 0.283691 0.168701
vt 0.293213 0.693848
vt 0.449219 0.888916
vt 0.895264 0.764160
vt 0.077393 0.312012
vt 0.107178 0.218994
vt 0.587646 0.982666
vt 0.069336 0.324951
vt 0.115479 0.232178
vt 0.605957 0.306885
vt 0.087158 0.316650
vt 0.235596 0.909180
vt 0.580078 0.954590
vt 0.676270 0.904785
vt 0.753662 0.550781
vt 0.846191 0.533691
vt 0.168457 0.483154
vt 0.292480 0.664795
vt 0.543457 0.582275
vt 0.897705 0.738770
vt 0.075195 0.318604
vt 0.585205 0.988525
vt 0.979248 0.276855
vt 0.047363 0.404785
vt 0.109131 0.236328
vt 0.672852 0.624268
vt 0.904053 0.579590
vt 0.988037 0.306152
vt 0.289307 0.769531
vt 0.309082 0.968018
vt 0.346680 0.982666
vt 0.880127 0.506592
vt 0.014893 0.720215
vt 0.872559 0.507080
vt 0.094971 0.774902
vt 0.823975 0.018555
vt 0.837402 0.529541
vt 0.240723 0.048584
vt 0.854248 0.507812
vt 0.979248 0.750732
vt 0.979248 0.094482
vt 0.284668 0.157471
vt 0.884277 0.760742
vt 0.966064 0.828857
vt 0.081055 0.319336
vt 0.107178 0.252930
vt 0.658691 0.976807
vt 0.915283 0.592285
vt 0.002686 0.271973
vt 0.185303 0.934814
vt 0.394043 0.741211
vt 0.593750 0.955566
vt 0.753662 0.563965
vt 0.769531 0.808350
vt 0.145752 0.960205
vt 0.197754 0.936035
vt 0.231934 0.922363
vt 0.885742 0.741211
vt 0.950684 0.328125
vt 0.969727 0.806396
vt 0.291992 0.680664
vt 0.897705 0.754150
vt 0.885742 0.753174
vt 0.969727 0.819336
vt 0.044434 0.406250
vt 0.074951 0.327637
vt 0.989258 0.309326
vt 0.989258 0.276855
vt 0.401611 0.743164
vt 0.748535 0.558105
vt 0.850098 0.542725
vt 0.950684 0.103516
vt 0.071289 0.335693
vt 0.349365 0.990723
vt 0.605957 0.317871
vt 0.765625 0.364746
vt 0.881836 0.513672
vt 0.672852 0.637695
vt 0.778320 0.366455
vt 0.908203 0.593018
vt 0.098389 0.781494
vt 0.820312 0.025391
vt 0.833252 0.535400
vt 0.823975 0.025879
vt 0.836182 0.536865
vt 0.158203 0.947754
vt 0.240723 0.059814
vt 0.856201 0.517334
vt 0.397217 0.731689
vt 0.399170 0.812256
vt 0.759277 0.807861
vt 0.010498 0.279541
vt 0.186523 0.944580
vt 0.560303 0.223145
vt 0.652588 0.769531
vt 0.971436 0.489990
vt 0.979248 0.598633
vt 0.982422 0.495605
vt 0.093262 0.783447
vt 0.245117 0.923096
vt 0.828857 0.534180
vt 0.830811 0.525391
vt 0.047363 0.417969
vt 0.077393 0.339111
vt 0.666504 0.635498
vt 0.772705 0.369385
vt 0.149658 0.971436
vt 0.194580 0.946777
vt 0.979248 0.589844
vt 0.987061 0.774658
vt 0.303711 0.018799
vt 0.962891 0.489258
vt 0.988281 0.596924
vt 0.872803 0.521240
vt 0.838379 0.544678
vt 0.158203 0.959717
vt 0.377686 0.630859
vt 0.394043 0.722900
vt 0.407471 0.816895
vt 0.850586 0.526123
vt 0.274170 0.990967
vt 0.655273 0.764404
vt 0.986328 0.500000
vt 0.309082 0.023193
vt 0.857910 0.485596
vt 0.987305 0.589844
vt 0.988037 0.767822
vt 0.087891 0.332031
vt 0.235596 0.924072
vt 0.289795 0.961914
vt 0.648193 0.774170
vt 0.823975 0.517822
vt 0.913574 0.607422
vt 0.405762 0.731689
vt 0.630615 0.905273
vt 0.941650 0.673096
vt 0.949707 0.040283
vt 0.962646 0.103516
vt 0.771973 0.374512
vt 0.880615 0.525146
vt 0.823730 0.033447
vt 0.832764 0.543701
vt 0.844971 0.552002
vt 0.954102 0.113770
vt 0.864746 0.527100
vt 0.006348 0.286865
vt 0.761719 0.982666
vt 0.207275 0.077393
vt 0.295166 0.015137
vt 0.968262 0.480713
vt 0.134766 0.828125
vt 0.157471 0.970215
vt 0.370605 0.639160
vt 0.376465 0.730713
vt 0.456787 0.599854
vt 0.963379 0.989258
vt 0.979248 0.775635
vt 0.258057 0.982666
vt 0.379395 0.723877
vt 0.563965 0.231445
vt 0.861816 0.982666
vt 0.966553 0.982666
vt 0.979248 0.753174
vt 0.979248 0.504150
vt 0.170654 0.978516
vt 0.278076 0.988037
vt 0.371338 0.987061
vt 0.988281 0.753174
vt 0.988281 0.504150
vt 0.769043 0.378906
vt 0.875488 0.528564
vt 0.098389 0.792236
vt 0.648193 0.788818
vt 0.739990 0.989746
vt 0.823975 0.532227
vt 0.829102 0.545166
vt 0.836182 0.550049
vt 0.401611 0.720947
vt 0.856445 0.531250
vt 0.960938 0.039307
vt 0.204346 0.074707
vt 0.274170 0.982666
vt 0.375732 0.982666
vt 0.652588 0.757080
vt 0.971436 0.478516
vt 0.175781 0.975098
vt 0.261475 0.984863
vt 0.982422 0.756348
vt 0.207275 0.086182
vt 0.296875 0.022705
vt 0.410156 0.982666
vt 0.302246 0.027100
vt 0.857910 0.493408
vt 0.128906 0.746582
vt 0.734619 0.989746
vt 0.832275 0.549805
vt 0.002686 0.290283
vt 0.377686 0.648193
vt 0.407471 0.800537
vt 0.759277 0.823975
vt 0.992188 0.434326
vt 0.992188 0.361572
vt 0.992188 0.261719
vt 0.373535 0.645508
vt 0.992188 0.031006
vt 0.997559 0.361572
vt 0.457764 0.609131
vt 0.865967 0.488770
vt 0.979248 0.767334
vt 0.281006 0.960205
vt 0.778320 0.382324
vt 0.904053 0.608154
vt 0.008057 0.292725
vt 0.759521 0.988525
vt 0.995361 0.846924
vt 0.998047 0.261719
vt 0.134766 0.833496
vt 0.861084 0.989502
vt 0.968750 0.989258
vt 0.165283 0.976074
vt 0.202881 0.082520
vt 0.375732 0.990723
vt 0.405518 0.983154
vt 0.289795 0.972168
vt 0.642334 0.784668
vt 0.739990 0.982666
vt 0.871826 0.534912
vt 0.422852 0.133789
vt 0.822510 0.510254
vt 0.842041 0.560303
vt 0.955566 0.122803
vt 0.013916 0.982666
vt 0.420654 0.138672
vt 0.827148 0.512939
vt 0.008789 0.293457
vt 0.371826 0.651611
vt 0.376465 0.717529
vt 0.560303 0.237061
vt 0.761719 0.989990
vt 0.994385 0.909668
vt 0.994629 0.849365
vt 0.998779 0.031006
vt 0.276123 0.961670
vt 0.773926 0.384766
vt 0.876221 0.535645
vt 0.865723 0.538574
vt 0.992188 0.911621
vt 0.992188 0.846924
vt 0.996338 0.264160
vt 0.996582 0.432129
vt 0.994385 0.912109
vt 0.994629 0.357422
vt 0.997070 0.029297
vt 0.997559 0.434326
vt 0.123047 0.747070
vt 0.287109 0.978516
vt 0.733643 0.983643
vt 0.135254 0.837891
vt 0.175781 0.968262
vt 0.258057 0.990967
vt 0.865479 0.989502
vt 0.856201 0.541260
vt 0.958252 0.049561
vt 0.010254 0.987549
vt 0.418213 0.133057
vt 0.630127 0.989014
vt 0.156006 0.982666
vt 0.463867 0.613037
vt 0.864746 0.496338
vt 0.157227 0.989990
vt 0.295166 0.029785
vt 0.410156 0.990479
vt 0.859131 0.500732
vt 0.281738 0.970215
vt 0.906494 0.618408
vt 0.278076 0.970215
vt 0.871338 0.541504
vt 0.132324 0.757812
vt 0.423340 0.124756
vt 0.833252 0.560059
vt 0.825195 0.507080
vt 0.394775 0.984131
vt 0.466309 0.604980
vt 0.116943 0.746094
vt 0.280762 0.976074
vt 0.814941 0.635742
vt 0.277588 0.977295
vt 0.811523 0.635498
vt 0.865234 0.544189
vt 0.129150 0.838379
vt 0.397461 0.982666
vt 0.468994 0.602295
vt 0.161865 0.990967
vt 0.164795 0.969238
vt 0.405762 0.990234
vt 0.135254 0.843262
vt 0.161865 0.984375
vt 0.170410 0.965820
vt 0.397461 0.990723
vt 0.468994 0.610107
vt 0.133545 0.763184
vt 0.418213 0.125000
vt 0.625000 0.982666
vt 0.806641 0.983643
vt 0.937256 0.982666
vt 0.822510 0.500488
vt 0.933594 0.698242
vt 0.962646 0.128174
vt 0.013916 0.991455
vt 0.625000 0.989990
vt 0.829102 0.503662
vt 0.932617 0.989258
vt 0.122070 0.756348
vt 0.128906 0.762207
vt 0.802002 0.982666
vt 0.198975 0.569092
vt 0.566162 0.874756
vt 0.849609 0.551270
vt 0.570801 0.872070
vt 0.854980 0.551758
vt 0.957520 0.060547
vt 0.128418 0.765869
vt 0.515381 0.990234
vt 0.802002 0.986572
vt 0.923340 0.984131
vt 0.710205 0.989990
vt 0.806641 0.989746
vt 0.827637 0.496826
vt 0.928467 0.982666
vt 0.930908 0.982666
vt 0.933838 0.704346
vt 0.568115 0.868652
vt 0.621582 0.933594
vt 0.707031 0.982666
vt 0.941650 0.702148
vt 0.989258 0.118408
vt 0.813232 0.646973
vt 0.862793 0.555664
vt 0.123291 0.764160
vt 0.519531 0.986084
vt 0.983887 0.110352
vt 0.343994 0.982666
vt 0.570801 0.862061
vt 0.630127 0.931396
vt 0.949707 0.066650
vt 0.198486 0.563477
vt 0.853271 0.555664
vt 0.515381 0.982666
vt 0.711426 0.982666
vt 0.928467 0.989258
vt 0.986084 0.115234
vt 0.201904 0.561768
vt 0.340820 0.990479
vt 0.563965 0.866943
vt 0.987793 0.964844
vt 0.116943 0.761719
vt 0.816895 0.650146
vt 0.992188 0.168701
vt 0.118408 0.765625
vt 0.979492 0.113281
vt 0.992920 0.164551
vt 0.198486 0.555420
vt 0.811523 0.651611
vt 0.860107 0.560303
vt 0.979248 0.966797
vt 0.998047 0.168701
vt 0.337158 0.982666
vt 0.630615 0.937988
vt 0.979248 0.962646
vt 0.979248 0.118408
vt 0.998047 0.163818
vt 0.148193 0.881836
vt 0.555176 0.944580
vt 0.950684 0.083252
vt 0.114746 0.853271
vt 0.305176 0.950439
vt 0.992188 0.565918
vt 0.992188 0.524170
vt 0.233643 0.840088
vt 0.637695 0.927002
vt 0.191406 0.455078
vt 0.363770 0.937256
vt 0.992188 0.778076
vt 0.992188 0.494385
vt 0.119385 0.837402
vt 0.914551 0.880127
vt 0.949707 0.447754
vt 0.440186 0.713135
vt 0.833740 0.073242
vt 0.989014 0.361816
vt 0.992676 0.738281
vt 0.978516 0.986084
vt 0.994873 0.143555
vt 0.630615 0.172119
vt 0.988281 0.861816
vt 0.993408 0.830566
vt 0.628418 0.171631
vt 0.927490 0.645996
vt 0.995605 0.830566
vt 0.997803 0.297363
vt 0.433838 0.933350
vt 0.940186 0.291016
vt 0.835205 0.268066
vt 0.953857 0.290771
vt 0.010254 0.808838
vt 0.022949 0.508789
vt 0.001221 0.131104
vt 0.097900 0.214355
vt 0.258789 0.354736
vt 0.263916 0.205078
vt 0.950928 0.166992
vt 0.955078 0.084717
vt 0.062744 0.436768
vt 0.635498 0.926270
vt 0.689697 0.353027
vt 0.874756 0.826904
vt 0.208008 0.391357
vt 0.901123 0.794189
vt 0.102295 0.925781
vt 0.238281 0.840332
vt 0.093994 0.813232
vt 0.382324 0.644043
vt 0.474365 0.802734
vt 0.823486 0.639160
vt 0.029785 0.208740
vt 0.053467 0.265137
vt 0.120850 0.100830
vt 0.212646 0.159424
vt 0.240967 0.226562
vt 0.063965 0.188721
vt 0.922119 0.512939
vt 0.996094 0.740234
vt 0.214600 0.435059
vt 0.988770 0.303223
vt 0.989014 0.256348
vt 0.257080 0.451416
vt 0.906738 0.313477
vt 0.266602 0.472412
vt 0.484863 0.718750
vt 0.562012 0.737061
vt 0.979492 0.989258
vt 0.998291 0.143555
vt 0.491211 0.983643
vt 0.845703 0.703857
vt 0.978516 0.982666
vt 0.992188 0.145752
vt 0.404785 0.184570
vt 0.497559 0.982666
vt 0.850830 0.699463
vt 0.994629 0.828613
vt 0.997070 0.299805
vt 0.998047 0.230225
vt 0.486572 0.982666
vt 0.996826 0.298096
vt 0.778809 0.393311
vt 0.987549 0.860352
vt 0.992188 0.829834
vt 0.218994 0.628906
vt 0.479492 0.159180
vt 0.924316 0.453369
vt 0.009766 0.627930
vt 0.560303 0.575684
vt 0.818848 0.273438
vt 0.943359 0.620117
vt 0.953125 0.305664
vt 0.004639 0.636230
vt 0.430908 0.947998
vt 0.943848 0.304443
vt 0.837158 0.989014
vt 0.956299 0.989258
vt 0.997070 0.281250
vt 0.838135 0.986816
vt 0.994629 0.281250
vt 0.837158 0.984131
vt 0.992676 0.279053
vt 0.375244 0.834473
vt 0.942139 0.275391
vt 0.379395 0.823242
vt 0.851562 0.263428
vt 0.953857 0.274902
vt 0.668213 0.311035
vt 0.728027 0.391113
vt 0.671631 0.312744
vt 0.731201 0.389893
vt 0.080811 0.302002
vt 0.577881 0.391846
vt 0.858154 0.480225
vt 0.036865 0.508301
vt 0.215088 0.554443
vt 0.587891 0.905518
vt 0.699219 0.323242
vt 0.179199 0.359131
vt 0.235352 0.857178
vt 0.636719 0.943359
vt 0.992188 0.591553
vt 0.493408 0.286377
vt 0.955566 0.461670
vt 0.997070 0.565918
vt 0.997314 0.524170
vt 0.151123 0.870605
vt 0.270508 0.584717
vt 0.540771 0.982666
vt 0.757080 0.370605
vt 0.950195 0.070801
vt 0.979248 0.166748
vt 0.243896 0.393555
vt 0.308105 0.201172
vt 0.891357 0.829102
vt 0.120850 0.114258
vt 0.212402 0.172852
vt 0.995361 0.781494
vt 0.997314 0.494385
vt 0.231934 0.825928
vt 0.634033 0.914062
vt 0.692139 0.340088
vt 0.762451 0.368652
vt 0.951904 0.153564
vt 0.955566 0.071289
vt 0.925781 0.511230
vt 0.987793 0.363281
vt 0.992188 0.740234
vt 0.070068 0.196289
vt 0.839355 0.062988
vt 0.260010 0.452148
vt 0.484131 0.741211
vt 0.482910 0.719727
vt 0.559814 0.733887
vt 0.842529 0.706055
vt 0.996094 0.146484
vt 0.361816 0.144287
vt 0.844482 0.698730
vt 0.779541 0.394531
vt 0.992188 0.828369
vt 0.997070 0.232422
vt 0.177002 0.347900
vt 0.605713 0.772461
vt 0.266602 0.593506
vt 0.540771 0.990234
vt 0.604248 0.488281
vt 0.989014 0.356201
vt 0.551758 0.945312
vt 0.918701 0.960449
vt 0.952148 0.620117
vt 0.108154 0.941650
vt 0.239014 0.856934
vt 0.992188 0.588379
vt 0.242676 0.391113
vt 0.304932 0.201172
vt 0.894043 0.829102
vt 0.302979 0.947754
vt 0.498291 0.285889
vt 0.993164 0.568848
vt 0.279785 0.019775
vt 0.442627 0.172852
vt 0.918701 0.878662
vt 0.068604 0.953857
vt 0.177490 0.411865
vt 0.385498 0.644775
vt 0.471924 0.800781
vt 0.585938 0.164307
vt 0.493408 0.272217
vt 0.590332 0.971436
vt 0.795654 0.121094
vt 0.953125 0.447754
vt 0.382324 0.627686
vt 0.833740 0.651611
vt 0.993408 0.634766
vt 0.100098 0.802734
vt 0.101562 0.912598
vt 0.238037 0.826660
vt 0.439697 0.978516
vt 0.817139 0.626709
vt 0.827881 0.636963
vt 0.957275 0.323242
vt 0.126465 0.101807
vt 0.245850 0.223877
vt 0.335449 0.135254
vt 0.483398 0.317871
vt 0.559570 0.885254
vt 0.124268 0.096680
vt 0.444336 0.703613
vt 0.834717 0.062256
vt 0.210938 0.415527
vt 0.442871 0.546631
vt 0.988770 0.299316
vt 0.989014 0.260010
vt 0.237549 0.436768
vt 0.355957 0.193115
vt 0.985840 0.303711
vt 0.985840 0.255615
vt 0.253418 0.442627
vt 0.645996 0.156738
vt 0.870361 0.291260
vt 0.912598 0.323242
vt 0.256592 0.442871
vt 0.483398 0.751953
vt 0.643066 0.157959
vt 0.558350 0.739014
vt 0.982422 0.986084
vt 0.357178 0.147461
vt 0.557129 0.731445
vt 0.841553 0.702881
vt 0.630127 0.162842
vt 0.995117 0.844482
vt 0.629150 0.162598
vt 0.924072 0.637451
vt 0.219482 0.620117
vt 0.913818 0.201660
vt 0.931396 0.447754
vt 0.992188 0.841309
vt 0.006836 0.637451
vt 0.210449 0.628906
vt 0.470947 0.157471
vt 0.834229 0.989502
vt 0.959473 0.988770
vt 0.834229 0.982666
vt 0.992188 0.276123
vt 0.992188 0.269287
vt 0.140381 0.915283
vt 0.221924 0.208496
vt 0.265869 0.318848
vt 0.597168 0.484619
vt 0.189453 0.346436
vt 0.511230 0.676025
vt 0.171387 0.350098
vt 0.609863 0.770264
vt 0.191650 0.355225
vt 0.501709 0.677246
vt 0.173584 0.359863
vt 0.215088 0.376953
vt 0.697266 0.747314
vt 0.934326 0.375244
vt 0.962646 0.143799
vt 0.550293 0.959229
vt 0.952148 0.097900
vt 0.995605 0.719482
vt 0.207520 0.380371
vt 0.940430 0.369873
vt 0.013428 0.338379
vt 0.600098 0.487061
vt 0.986816 0.359375
vt 0.954102 0.180908
vt 0.955566 0.098389
vt 0.996094 0.722900
vt 0.015869 0.330322
vt 0.534912 0.982910
vt 0.750977 0.370605
vt 0.979248 0.356201
vt 0.634033 0.940918
vt 0.871582 0.841553
vt 0.996094 0.592041
vt 0.186279 0.387451
vt 0.913818 0.961182
vt 0.947266 0.620117
vt 0.954102 0.166992
vt 0.229736 0.732422
vt 0.282715 0.019287
vt 0.632324 0.003662
vt 0.922363 0.879150
vt 0.936035 0.191406
vt 0.124512 0.114014
vt 0.187012 0.455078
vt 0.339111 0.147461
vt 0.995605 0.497559
vt 0.308105 0.933838
vt 0.498779 0.272705
vt 0.801025 0.120117
vt 0.646973 0.728027
vt 0.792236 0.117676
vt 0.808594 0.607422
vt 0.946777 0.267090
vt 0.276611 0.490723
vt 0.479492 0.699951
vt 0.361572 0.137695
vt 0.840576 0.692627
vt 0.488770 0.985596
vt 0.777832 0.101074
vt 0.993896 0.300293
vt 0.995117 0.230225
vt 0.632324 0.162842
vt 0.783691 0.385498
vt 0.979248 0.861816
vt 0.992432 0.890381
vt 0.630615 0.160400
vt 0.932861 0.449219
vt 0.994385 0.842529
vt 0.628418 0.159912
vt 0.922607 0.635254
vt 0.931396 0.450928
vt 0.479004 0.165039
vt 0.923340 0.460938
vt 0.219482 0.615723
vt 0.415039 0.585449
vt 0.915283 0.205811
vt 0.012207 0.629395
vt 0.210449 0.619141
vt 0.415039 0.575684
vt 0.558350 0.578125
vt 0.831787 0.988525
vt 0.960938 0.986816
vt 0.997559 0.443604
vt 0.998535 0.056152
vt 0.831787 0.983643
vt 0.992188 0.443604
vt 0.992188 0.266602
vt 0.995850 0.051514
vt 0.367920 0.842773
vt 0.429932 0.919189
vt 0.933105 0.276611
vt 0.326172 0.104736
vt 0.539062 0.408936
vt 0.279785 0.035156
vt 0.437012 0.187988
vt 0.996094 0.742676
vt 0.836182 0.649902
vt 0.957275 0.308105
vt 0.992188 0.687500
vt 0.992188 0.632080
vt 0.610107 0.664062
vt 0.832275 0.640625
vt 0.979248 0.693848
vt 0.606689 0.672852
vt 0.828369 0.631104
vt 0.426270 0.168701
vt 0.809082 0.982666
vt 0.823730 0.625488
vt 0.954590 0.333740
vt 0.066162 0.196777
vt 0.919678 0.503174
vt 0.486572 0.304688
vt 0.560547 0.872559
vt 0.843262 0.056885
vt 0.907715 0.864990
vt 0.916016 0.982666
vt 0.236084 0.417480
vt 0.333496 0.196045
vt 0.231934 0.476562
vt 0.242676 0.477295
vt 0.492188 0.988281
vt 0.554688 0.738037
vt 0.983154 0.982666
vt 0.844971 0.686523
vt 0.485107 0.987549
vt 0.921387 0.648193
vt 0.939697 0.982666
vt 0.992188 0.297363
vt 0.187988 0.864502
vt 0.920898 0.637451
vt 0.931641 0.453857
vt 0.631836 0.160156
vt 0.911865 0.204102
vt 0.992188 0.887939
vt 0.995361 0.841309
vt 0.995361 0.445068
vt 0.998291 0.053955
vt 0.234619 0.662354
vt 0.979248 0.053711
vt 0.140381 0.871582
vt 0.231445 0.348389
vt 0.701416 0.781250
vt 0.165771 0.350586
vt 0.614990 0.770264
vt 0.167969 0.362305
vt 0.614014 0.757568
vt 0.199707 0.377930
vt 0.478271 0.683105
vt 0.890625 0.818604
vt 0.948486 0.369873
vt 0.548096 0.956787
vt 0.917480 0.972656
vt 0.992676 0.718994
vt 0.282471 0.034180
vt 0.632324 0.019287
vt 0.996094 0.745850
vt 0.110596 0.938232
vt 0.867432 0.841064
vt 0.996826 0.588379
vt 0.177490 0.426758
vt 0.386475 0.629395
vt 0.996338 0.689941
vt 0.996582 0.632080
vt 0.070312 0.438721
vt 0.107666 0.924316
vt 0.866943 0.826904
vt 0.413818 0.978516
vt 0.649658 0.736084
vt 0.785156 0.119385
vt 0.951172 0.555176
vt 0.510010 0.990234
vt 0.611328 0.665527
vt 0.980713 0.694092
vt 0.114746 0.824219
vt 0.311523 0.921875
vt 0.367188 0.908447
vt 0.913574 0.866211
vt 0.965332 0.427246
vt 0.440186 0.703369
vt 0.923340 0.502930
vt 0.979248 0.361816
vt 0.451416 0.968018
vt 0.646973 0.715820
vt 0.820312 0.608398
vt 0.070312 0.202637
vt 0.840820 0.055664
vt 0.913818 0.983643
vt 0.983643 0.259521
vt 0.982422 0.302734
vt 0.982422 0.256592
vt 0.239258 0.457520
vt 0.376221 0.185303
vt 0.218018 0.457031
vt 0.254150 0.477783
vt 0.906738 0.286377
vt 0.167236 0.700928
vt 0.476562 0.700928
vt 0.983154 0.921387
vt 0.984131 0.534180
vt 0.734863 0.962402
vt 0.979248 0.922852
vt 0.988281 0.535156
vt 0.488770 0.990234
vt 0.776123 0.106201
vt 0.873535 0.982666
vt 0.945312 0.982910
vt 0.187988 0.878418
vt 0.736084 0.951660
vt 0.919434 0.653564
vt 0.941895 0.986816
vt 0.187500 0.871582
vt 0.919434 0.645996
vt 0.180664 0.864014
vt 0.736084 0.935547
vt 0.927734 0.460205
vt 0.006348 0.646240
vt 0.422363 0.950439
vt 0.231689 0.665039
vt 0.981934 0.051025
vt 0.095947 0.394775
vt 0.349121 0.069336
vt 0.213623 0.206055
vt 0.590088 0.485107
vt 0.627197 0.645508
vt 0.913818 0.973145
vt 0.957275 0.178467
vt 0.992188 0.722900
vt 0.125488 0.953857
vt 0.270020 0.595947
vt 0.980469 0.031738
vt 0.989258 0.162354
vt 0.579590 0.846924
vt 0.817627 0.038818
vt 0.926270 0.876465
vt 0.062988 0.449463
vt 0.117920 0.945801
vt 0.143066 0.870605
vt 0.548096 0.933105
vt 0.686523 0.340088
vt 0.948975 0.607666
vt 0.957275 0.155029
vt 0.979248 0.158691
vt 0.261719 0.142334
vt 0.437988 0.173584
vt 0.844971 0.855957
vt 0.063477 0.950439
vt 0.171631 0.413818
vt 0.432129 0.179199
vt 0.952393 0.322998
vt 0.512939 0.982666
vt 0.609619 0.673584
vt 0.979248 0.149414
vt 0.390137 0.982666
vt 0.835205 0.639648
vt 0.979248 0.690674
vt 0.988037 0.975342
vt 0.605957 0.679932
vt 0.811768 0.984131
vt 0.825928 0.623779
vt 0.283203 0.732422
vt 0.392334 0.990479
vt 0.832764 0.630615
vt 0.989502 0.082275
vt 0.126709 0.089600
vt 0.834717 0.054932
vt 0.647949 0.166992
vt 0.868408 0.304688
vt 0.477783 0.764404
vt 0.645020 0.168213
vt 0.986328 0.295166
vt 0.986328 0.264160
vt 0.220947 0.475830
vt 0.246582 0.488281
vt 0.411133 0.187988
vt 0.497559 0.990234
vt 0.549316 0.741211
vt 0.898682 0.363525
vt 0.256104 0.488770
vt 0.552246 0.733154
vt 0.411133 0.174072
vt 0.853760 0.687012
vt 0.893555 0.350830
vt 0.733398 0.964355
vt 0.957031 0.241943
vt 0.979736 0.924805
vt 0.734131 0.957031
vt 0.873535 0.989502
vt 0.945312 0.989258
vt 0.988525 0.540527
vt 0.781738 0.102051
vt 0.784668 0.395508
vt 0.992188 0.232422
vt 0.180176 0.871094
vt 0.733398 0.943848
vt 0.780518 0.453369
vt 0.786865 0.385010
vt 0.910156 0.206299
vt 0.994873 0.887939
vt 0.007812 0.645752
vt 0.470947 0.164795
vt 0.820801 0.283936
vt 0.948486 0.629639
vt 0.204834 0.206055
vt 0.217041 0.233643
vt 0.618408 0.645508
vt 0.746582 0.958252
vt 0.237061 0.662598
vt 0.979492 0.056396
vt 0.009277 0.337158
vt 0.129883 0.952637
vt 0.979248 0.027588
vt 0.635010 0.017578
vt 0.840576 0.867188
vt 0.992920 0.745850
vt 0.434082 0.185059
vt 0.843506 0.867676
vt 0.992188 0.742676
vt 0.256348 0.142334
vt 0.635986 0.005615
vt 0.839844 0.855957
vt 0.939697 0.188965
vt 0.173584 0.426270
vt 0.953369 0.310303
vt 0.996338 0.686523
vt 0.440186 0.161133
vt 0.584229 0.960205
vt 0.919922 0.866943
vt 0.955566 0.436523
vt 0.980713 0.690186
vt 0.986816 0.974854
vt 0.191162 0.437744
vt 0.469482 0.534180
vt 0.252686 0.459473
vt 0.882324 0.279297
vt 0.913574 0.306885
vt 0.210205 0.477539
vt 0.261230 0.494629
vt 0.355957 0.137939
vt 0.549316 0.726074
vt 0.283447 0.502930
vt 0.473633 0.688721
vt 0.955566 0.758789
vt 0.948730 0.511230
vt 0.953857 0.244141
vt 0.984131 0.924805
vt 0.162109 0.940430
vt 0.774902 0.117676
vt 0.979492 0.534180
vt 0.988037 0.921631
vt 0.774902 0.111816
vt 0.877441 0.985596
vt 0.982910 0.539795
vt 0.375000 0.812744
vt 0.853760 0.274414
vt 0.231689 0.668945
vt 0.985596 0.051025
vt 0.345459 0.067871
vt 0.700439 0.030273
vt 0.984131 0.054688
vt 0.294678 0.194092
vt 0.901123 0.839600
vt 0.010498 0.329590
vt 0.129395 0.944824
vt 0.598145 0.686279
vt 0.822021 0.037354
vt 0.930908 0.875732
vt 0.229736 0.720459
vt 0.305908 0.982666
vt 0.575195 0.838867
vt 0.925049 0.867676
vt 0.341797 0.908203
vt 0.361816 0.126465
vt 0.839111 0.681396
vt 0.988281 0.573975
vt 0.211182 0.126465
vt 0.445068 0.895996
vt 0.569092 0.001953
vt 0.730713 0.958496
vt 0.158936 0.930176
vt 0.780518 0.470703
vt 0.780762 0.108643
vt 0.785400 0.402344
vt 0.781006 0.463379
vt 0.786865 0.395020
vt 0.423340 0.586670
vt 0.476318 0.982666
vt 0.794189 0.564941
vt 0.915283 0.213867
vt 0.992188 0.033447
vt 0.423096 0.580078
vt 0.482666 0.983398
vt 0.560303 0.586670
vt 0.946533 0.631104
vt 0.002930 0.654785
vt 0.023926 0.633545
vt 0.140137 0.182373
vt 0.416260 0.946777
vt 0.489990 0.270508
vt 0.838135 0.281982
vt 0.267578 0.605957
vt 0.602051 0.500732
vt 0.995361 0.876465
vt 0.283691 0.723877
vt 0.831543 0.622070
vt 0.982666 0.294189
vt 0.982666 0.265381
vt 0.979248 0.299561
vt 0.979248 0.259766
vt 0.001953 0.337158
vt 0.160645 0.315674
vt 0.855713 0.022705
vt 0.196045 0.458252
vt 0.478760 0.515381
vt 0.199219 0.477783
vt 0.488037 0.496094
vt 0.004883 0.775879
vt 0.005859 0.226562
vt 0.002930 0.771973
vt 0.007080 0.222412
vt 0.237549 0.495850
vt 0.175781 0.691406
vt 0.470703 0.690674
vt 0.911865 0.737305
vt 0.952637 0.760742
vt 0.165039 0.941650
vt 0.946045 0.508545
vt 0.987793 0.924805
vt 0.654785 0.890625
vt 0.352051 0.852051
vt 0.416260 0.930176
vt 0.473145 0.270752
vt 0.183105 0.314453
vt 0.345703 0.126221
vt 0.550049 0.678955
vt 0.605713 0.815186
vt 0.709717 0.001709
vt 0.158203 0.908691
vt 0.597168 0.505859
vt 0.707031 0.820557
vt 0.767578 0.950684
vt 0.814941 0.146240
vt 0.928711 0.241699
vt 0.233643 0.672363
vt 0.989014 0.052979
vt 0.239014 0.666260
vt 0.982910 0.058105
vt 0.003418 0.345947
vt 0.600098 0.500732
vt 0.994873 0.874756
vt 0.577637 0.857178
vt 0.819824 0.049072
vt 0.992188 0.885498
vt 0.992188 0.833008
vt 0.302002 0.990479
vt 0.575439 0.849121
vt 0.955811 0.901855
vt 0.981445 0.519531
vt 0.595703 0.678711
vt 0.930176 0.868164
vt 0.051270 0.982666
vt 0.068604 0.939453
vt 0.198486 0.542725
vt 0.240723 0.337158
vt 0.432129 0.166016
vt 0.593506 0.177979
vt 0.611328 0.683350
vt 0.809082 0.989746
vt 0.989258 0.149170
vt 0.044922 0.990967
vt 0.386963 0.990479
vt 0.508057 0.982666
vt 0.979248 0.975342
vt 0.979248 0.144287
vt 0.987549 0.078125
vt 0.988281 0.690186
vt 0.059082 0.250488
vt 0.063965 0.203857
vt 0.240967 0.210938
vt 0.479980 0.304688
vt 0.916016 0.989502
vt 0.916504 0.495361
vt 0.186279 0.418701
vt 0.462402 0.556152
vt 0.471436 0.775635
vt 0.644775 0.178955
vt 0.158447 0.326172
vt 0.858398 0.033203
vt 0.005371 0.336426
vt 0.163330 0.316406
vt 0.200195 0.279297
vt 0.684570 0.508057
vt 0.656982 0.989990
vt 0.979248 0.369141
vt 0.001953 0.317627
vt 0.175781 0.474609
vt 0.194092 0.258789
vt 0.848633 0.002441
vt 0.003174 0.230225
vt 0.006348 0.780029
vt 0.871338 0.014160
vt 0.244873 0.500488
vt 0.897949 0.351318
vt 0.347900 0.896729
vt 0.844482 0.669434
vt 0.441895 0.895752
vt 0.565918 0.002197
vt 0.960938 0.904541
vt 0.727783 0.961426
vt 0.957275 0.234863
vt 0.778809 0.114014
vt 0.979248 0.540527
vt 0.728271 0.950684
vt 0.035156 0.833740
vt 0.815918 0.153809
vt 0.936279 0.240723
vt 0.595947 0.232666
vt 0.622803 0.768311
vt 0.598389 0.222168
vt 0.622314 0.757568
vt 0.270508 0.605469
vt 0.989502 0.030029
vt 0.992188 0.876953
vt 0.608154 0.692139
vt 0.822021 0.049072
vt 0.992188 0.883057
vt 0.601807 0.684814
vt 0.951416 0.902832
vt 0.979248 0.523193
vt 0.979248 0.444580
vt 0.070068 0.452881
vt 0.093994 0.795166
vt 0.110596 0.908691
vt 0.474365 0.785645
vt 0.590576 0.181641
vt 0.122314 0.086670
vt 0.441162 0.694092
vt 0.923096 0.493408
vt 0.283203 0.711670
vt 0.829346 0.610107
vt 0.850098 0.416504
vt 0.648193 0.178467
vt 0.812744 0.155029
vt 0.868408 0.317871
vt 0.843018 0.037109
vt 0.906006 0.845703
vt 0.913330 0.690430
vt 0.961426 0.292480
vt 0.979248 0.295654
vt 0.979248 0.263672
vt 0.161133 0.326904
vt 0.686035 0.518799
vt 0.787354 0.988770
vt 0.987061 0.982666
vt 0.653809 0.989746
vt 0.670898 0.990234
vt 0.869385 0.989502
vt 0.980225 0.372314
vt 0.658936 0.988281
vt 0.980225 0.366943
vt 0.196533 0.259033
vt 0.684570 0.487793
vt 0.003662 0.225830
vt 0.870361 0.009766
vt 0.007080 0.775146
vt 0.868408 0.010498
vt 0.002686 0.766602
vt 0.007080 0.216797
vt 0.011719 0.573975
vt 0.727051 0.935303
vt 0.927734 0.469727
vt 0.788574 0.454834
vt 0.909668 0.214355
vt 0.992188 0.379883
vt 0.992188 0.038330
vt 0.653564 0.901855
vt 0.655273 0.877686
vt 0.010498 0.714111
vt 0.217041 0.212158
vt 0.591064 0.504883
vt 0.624512 0.662354
vt 0.709473 0.827148
vt 0.001221 0.710693
vt 0.039551 0.958496
vt 0.224854 0.216064
vt 0.765869 0.957275
vt 0.902100 0.300293
vt 0.236084 0.672852
vt 0.989502 0.055420
vt 0.239014 0.670166
vt 0.986572 0.058105
vt 0.001953 0.343994
vt 0.989746 0.027588
vt 0.992188 0.874512
vt 0.575195 0.857178
vt 0.988525 0.523193
vt 0.988770 0.444580
vt 0.994141 0.834229
vt 0.048584 0.249268
vt 0.237061 0.721436
vt 0.260254 0.131104
vt 0.298096 0.982666
vt 0.434082 0.163086
vt 0.590332 0.958496
vt 0.793945 0.107910
vt 0.936035 0.179443
vt 0.957275 0.893311
vt 0.239014 0.805664
vt 0.412109 0.967529
vt 0.439697 0.960205
vt 0.655273 0.726318
vt 0.761230 0.348877
vt 0.253906 0.440674
vt 0.350342 0.177002
vt 0.876709 0.302979
vt 0.787354 0.986328
vt 0.979248 0.823486
vt 0.989258 0.982666
vt 0.188232 0.479248
vt 0.003174 0.222168
vt 0.871338 0.005859
vt 0.006836 0.771973
vt 0.867676 0.007324
vt 0.998535 0.044434
vt 0.264648 0.505859
vt 0.355469 0.126221
vt 0.988281 0.580566
vt 0.853271 0.668945
vt 0.893066 0.332275
vt 0.475586 0.177002
vt 0.925537 0.473145
vt 0.010010 0.658691
vt 0.144043 0.190674
vt 0.023926 0.649902
vt 0.254150 0.811279
vt 0.486084 0.284180
vt 0.505859 0.930176
vt 0.355469 0.982666
vt 0.649902 0.902344
vt 0.339355 0.864258
vt 0.396973 0.143555
vt 0.475098 0.286133
vt 0.527100 0.728516
vt 0.557617 0.681396
vt 0.654541 0.288086
vt 0.702881 0.006348
vt 0.058594 0.321045
vt 0.867676 0.879150
vt 0.761963 0.943115
vt 0.941650 0.518311
vt 0.724121 0.405762
vt 0.765137 0.105713
vt 0.859619 0.071045
vt 0.500977 0.982666
vt 0.980713 0.238281
vt 0.981201 0.169189
vt 0.979248 0.235596
vt 0.979248 0.171387
vt 0.609619 0.689453
vt 0.988037 0.446045
vt 0.994873 0.883545
vt 0.995605 0.833008
vt 0.169922 0.396973
vt 0.461182 0.583252
vt 0.609619 0.189209
vt 0.619141 0.723877
vt 0.027100 0.190918
vt 0.055176 0.247314
vt 0.302979 0.919189
vt 0.801025 0.104736
vt 0.971436 0.420654
vt 0.044189 0.982666
vt 0.235840 0.332275
vt 0.288086 0.722900
vt 0.857666 0.426758
vt 0.979248 0.082275
vt 0.674561 0.038086
vt 0.814453 0.573730
vt 0.946777 0.237061
vt 0.636475 0.982666
vt 0.784668 0.989746
vt 0.895264 0.982666
vt 0.985596 0.985107
vt 0.223145 0.494873
vt 0.461914 0.692139
vt 0.166016 0.934326
vt 0.781738 0.116943
vt 0.159668 0.920898
vt 0.788818 0.463623
vt 0.011963 0.657471
vt 0.187988 0.653564
vt 0.340820 0.961914
vt 0.472168 0.176270
vt 0.355469 0.990723
vt 0.655273 0.908203
vt 0.354736 0.986572
vt 0.647705 0.902100
vt 0.102295 0.427246
vt 0.204590 0.556885
vt 0.493896 0.158447
vt 0.567871 0.883545
vt 0.665527 0.047363
vt 0.029297 0.493652
vt 0.130859 0.847656
vt 0.578613 0.894287
vt 0.771973 0.106201
vt 0.817383 0.825439
vt 0.648193 0.742920
vt 0.730713 0.406250
vt 0.865967 0.072021
vt 0.114014 0.414062
vt 0.327393 0.082275
vt 0.924072 0.689941
vt 0.967285 0.302734
vt 0.130859 0.075928
vt 0.834229 0.040771
vt 0.682129 0.031494
vt 0.823730 0.575439
vt 0.184570 0.462891
vt 0.489990 0.518066
vt 0.846924 0.020264
vt 0.669678 0.987061
vt 0.871094 0.987061
vt 0.210205 0.498047
vt 0.002686 0.217285
vt 0.626465 0.972900
vt 0.869873 0.001465
vt 0.937012 0.658691
vt 0.963623 0.481445
vt 0.992188 0.044434
vt 0.007080 0.765137
vt 0.015869 0.574463
vt 0.624512 0.967529
vt 0.994629 0.049072
vt 0.339355 0.900879
vt 0.544678 0.136963
vt 0.829346 0.395264
vt 0.948486 0.321533
vt 0.980225 0.574951
vt 0.722412 0.941162
vt 0.478516 0.297852
vt 0.497314 0.916504
vt 0.475098 0.302246
vt 0.495850 0.911377
vt 0.995361 0.815918
vt 0.820312 0.293701
vt 0.948486 0.639648
vt 0.645996 0.898438
vt 0.645508 0.889893
vt 0.351318 0.147461
vt 0.590088 0.275391
vt 0.623535 0.811279
vt 0.519287 0.733154
vt 0.566162 0.682861
vt 0.892822 0.955811
vt 0.185303 0.200195
vt 0.230225 0.599609
vt 0.748779 0.975830
vt 0.497070 0.186279
vt 0.572021 0.181885
vt 0.815186 0.277588
vt 0.602051 0.889893
vt 0.752686 0.934570
vt 0.928223 0.517578
vt 0.122803 0.850342
vt 0.585938 0.891357
vt 0.537598 0.842529
vt 0.604248 0.765137
vt 0.832764 0.080566
vt 0.609619 0.750000
vt 0.795410 0.621338
vt 0.832764 0.096680
vt 0.938721 0.958252
vt 0.002686 0.820557
vt 0.022949 0.493164
vt 0.136963 0.849121
vt 0.979492 0.174561
vt 0.979980 0.232666
vt 0.426514 0.978516
vt 0.927490 0.119385
vt 0.935303 0.554932
vt 0.601807 0.677490
vt 0.948730 0.895996
vt 0.024658 0.179932
vt 0.668457 0.040283
vt 0.785156 0.084229
vt 0.940674 0.239014
vt 0.955566 0.524170
vt 0.160645 0.343750
vt 0.860840 0.049316
vt 0.942383 0.755371
vt 0.867920 0.984863
vt 0.984131 0.370117
vt 0.658936 0.984131
vt 0.757080 0.982666
vt 0.984375 0.365723
vt 0.202637 0.500000
vt 0.939697 0.650146
vt 0.961426 0.471680
vt 0.005127 0.206787
vt 0.010986 0.565430
vt 0.257080 0.507568
vt 0.966064 0.471436
vt 0.169922 0.937256
vt 0.946289 0.501709
vt 0.721436 0.957275
vt 0.957275 0.226562
vt 0.794189 0.572266
vt 0.997559 0.379883
vt 0.998291 0.122803
vt 0.998535 0.037598
vt 0.476318 0.990234
vt 0.799316 0.570801
vt 0.947021 0.640381
vt 0.381592 0.151123
vt 0.473145 0.301025
vt 0.992920 0.816406
vt 0.645996 0.874756
vt 0.639648 0.887939
vt 0.955566 0.770264
vt 0.367920 0.804932
vt 0.853271 0.285156
vt 0.062988 0.323242
vt 0.880371 0.494385
vt 0.801025 0.624023
vt 0.859619 0.746582
vt 0.931152 0.958496
vt 0.640137 0.743896
vt 0.809082 0.825684
vt 0.323730 0.080811
vt 0.722900 0.016602
vt 0.500244 0.987061
vt 0.985840 0.169189
vt 0.007812 0.308105
vt 0.420410 0.970703
vt 0.750977 0.348633
vt 0.198486 0.527588
vt 0.437256 0.944824
vt 0.602539 0.191895
vt 0.163330 0.344238
vt 0.690918 0.534912
vt 0.945068 0.757568
vt 0.681396 0.982666
vt 0.784668 0.982666
vt 0.888672 0.982666
vt 0.980469 0.819092
vt 0.268066 0.513672
vt 0.955078 0.740234
vt 0.158936 0.911865
vt 0.793945 0.455811
vt 0.996582 0.382568
vt 0.998535 0.119873
vt 0.212891 0.081299
vt 0.492920 0.910400
vt 0.952881 0.383057
vt 0.995605 0.819092
vt 0.654053 0.865967
vt 0.989014 0.284424
vt 0.098877 0.440918
vt 0.497070 0.168945
vt 0.806641 0.264404
vt 0.973145 0.174316
vt 0.833008 0.906494
vt 0.839600 0.095459
vt 0.945068 0.959229
vt 0.190186 0.173828
vt 0.894043 0.001709
vt 0.949951 0.245117
vt 0.966064 0.495361
vt 0.535645 0.850098
vt 0.609619 0.767578
vt 0.795410 0.637695
vt 0.849854 0.757812
vt 0.339355 0.126465
vt 0.754883 0.547119
vt 0.913574 0.001709
vt 0.954102 0.508057
vt 0.984375 0.172852
vt 0.049805 0.749023
vt 0.150146 0.481445
vt 0.460938 0.786377
vt 0.643066 0.193115
vt 0.813721 0.169922
vt 0.327148 0.175781
vt 0.023438 0.182129
vt 0.351807 0.901123
vt 0.668457 0.037842
vt 0.790527 0.914795
vt 0.364014 0.899170
vt 0.679199 0.029785
vt 0.953857 0.586670
vt 0.637695 0.987061
vt 0.986084 0.989258
vt 0.986572 0.823486
vt 0.984131 0.821533
vt 0.989258 0.988525
vt 0.225586 0.511230
vt 0.455811 0.677734
vt 0.221436 0.133301
vt 0.445557 0.883789
vt 0.635986 0.214355
vt 0.973145 0.641357
vt 0.166992 0.926025
vt 0.378906 0.150391
vt 0.955811 0.382080
vt 0.992188 0.819092
vt 0.639160 0.900391
vt 0.344238 0.147461
vt 0.592041 0.283447
vt 0.655273 0.307373
vt 0.709717 0.020996
vt 0.982178 0.176270
vt 0.982910 0.231445
vt 0.058838 0.260010
vt 0.064941 0.956055
vt 0.932861 0.690430
vt 0.969727 0.311035
vt 0.651855 0.982666
vt 0.670898 0.982666
vt 0.757080 0.989990
vt 0.871094 0.982666
vt 0.987793 0.372314
vt 0.997559 0.424561
vt 0.754883 0.984863
vt 0.987549 0.366943
vt 0.992188 0.424561
vt 0.170166 0.495361
vt 0.197754 0.237793
vt 0.249023 0.509521
vt 0.186279 0.497559
vt 0.231689 0.510254
vt 0.261475 0.514404
vt 0.944336 0.317627
vt 0.979248 0.580566
vt 0.989014 0.320801
vt 0.952637 0.739990
vt 0.082031 0.987305
vt 0.147217 0.198486
vt 0.988037 0.482910
vt 0.995361 0.199463
vt 0.211182 0.149414
vt 0.263428 0.519287
vt 0.569092 0.024170
vt 0.629883 0.231445
vt 0.955566 0.733154
vt 0.984619 0.323975
vt 0.083252 0.982910
vt 0.621338 0.990234
vt 0.996094 0.762207
vt 0.997070 0.507568
vt 0.997559 0.449219
vt 0.998047 0.195312
vt 0.622559 0.987061
vt 0.992676 0.761963
vt 0.996826 0.651855
vt 0.996826 0.585938
vt 0.350342 0.974365
vt 0.851074 0.654297
vt 0.894775 0.317871
vt 0.136230 0.454834
vt 0.442871 0.884277
vt 0.920410 0.165527
vt 0.950928 0.909668
vt 0.346680 0.880371
vt 0.843506 0.652832
vt 0.372070 0.041260
vt 0.570068 0.983154
vt 0.995850 0.771729
vt 0.996582 0.428223
vt 0.993896 0.770752
vt 0.994385 0.428467
vt 0.012207 0.667480
vt 0.035156 0.644531
vt 0.140137 0.198486
vt 0.186035 0.663574
vt 0.256592 0.823486
vt 0.216064 0.086182
vt 0.491211 0.915527
vt 0.650391 0.864014
vt 0.987061 0.287842
vt 0.636230 0.897705
vt 0.351318 0.823486
vt 0.635986 0.480713
vt 0.708252 0.974609
vt 0.001709 0.869873
vt 0.527100 0.746582
vt 0.590820 0.291992
vt 0.647949 0.307373
vt 0.911621 0.955811
vt 0.160889 0.198975
vt 0.209229 0.553955
vt 0.229736 0.623535
vt 0.567139 0.877930
vt 0.100098 0.460938
vt 0.269287 0.531494
vt 0.964600 0.191406
vt 0.533691 0.835205
vt 0.809814 0.959229
vt 0.822021 0.899414
vt 0.841553 0.080811
vt 0.012207 0.519775
vt 0.035156 0.839844
vt 0.559570 0.383789
vt 0.500977 0.990479
vt 0.988525 0.238281
vt 0.989014 0.170410
vt 0.128174 0.433350
vt 0.310059 0.096924
vt 0.189453 0.530518
vt 0.240723 0.323242
vt 0.265869 0.078125
vt 0.442871 0.937500
vt 0.858887 0.415283
vt 0.064941 0.929199
vt 0.123047 0.074463
vt 0.925781 0.481445
vt 0.936279 0.421631
vt 0.485596 0.542725
vt 0.853027 0.043213
vt 0.988770 0.370117
vt 0.995605 0.425781
vt 0.024658 0.263428
vt 0.205078 0.506104
vt 0.267090 0.036865
vt 0.635986 0.974854
vt 0.933594 0.649414
vt 0.015869 0.564941
vt 0.632324 0.965088
vt 0.773926 0.982666
vt 0.996338 0.708740
vt 0.998047 0.245605
vt 0.998047 0.184326
vt 0.012939 0.560791
vt 0.082031 0.991211
vt 0.260010 0.503174
vt 0.988525 0.486084
vt 0.994873 0.188232
vt 0.337646 0.891602
vt 0.452881 0.282715
vt 0.544678 0.128662
vt 0.979248 0.612061
vt 0.992188 0.759766
vt 0.996826 0.583496
vt 0.996826 0.571289
vt 0.621338 0.985840
vt 0.980225 0.609131
vt 0.993408 0.447510
vt 0.995117 0.879639
vt 0.096436 0.990967
vt 0.257080 0.493896
vt 0.273438 0.592041
vt 0.968018 0.457764
vt 0.979492 0.486084
vt 0.986084 0.713623
vt 0.979980 0.607422
vt 0.992188 0.571289
vt 0.994141 0.880615
vt 0.995361 0.864014
vt 0.996582 0.662598
vt 0.622070 0.982666
vt 0.992188 0.879639
vt 0.992676 0.653320
vt 0.994629 0.661865
vt 0.995117 0.753906
vt 0.018066 0.658691
vt 0.373291 0.037842
vt 0.569580 0.986572
vt 0.080811 0.470703
vt 0.373779 0.042236
vt 0.995361 0.856201
vt 0.997559 0.441162
vt 0.997559 0.429688
vt 0.992188 0.856201
vt 0.994141 0.769775
vt 0.994385 0.441162
vt 0.994385 0.440186
vt 0.994385 0.429688
vt 0.992188 0.769043
vt 0.992188 0.441162
vt 0.992188 0.429199
vt 0.560303 0.982666
vt 0.590088 0.982666
vt 0.716309 0.945557
vt 0.465332 0.903564
vt 0.595459 0.846680
vt 0.793945 0.989746
vt 0.992188 0.224854
vt 0.144043 0.968018
vt 0.184570 0.744873
vt 0.344971 0.834473
vt 0.624268 0.481445
vt 0.634277 0.895020
vt 0.950195 0.776367
vt 0.256592 0.319824
vt 0.485107 0.183105
vt 0.583252 0.184570
vt 0.638184 0.043213
vt 0.007324 0.518066
vt 0.554688 0.383545
vt 0.324463 0.634277
vt 0.437256 0.957520
vt 0.597656 0.203857
vt 0.064941 0.938721
vt 0.066650 0.234131
vt 0.916992 0.477295
vt 0.636475 0.990234
vt 0.681396 0.989990
vt 0.892578 0.989502
vt 0.988037 0.820557
vt 0.997314 0.489746
vt 0.678467 0.985596
vt 0.984131 0.816650
vt 0.992188 0.489746
vt 0.200195 0.238281
vt 0.251221 0.508789
vt 0.692871 0.468506
vt 0.957275 0.489990
vt 0.081299 0.903564
vt 0.773926 0.986328
vt 0.996338 0.712646
vt 0.996582 0.645508
vt 0.219727 0.510498
vt 0.461914 0.676758
vt 0.565918 0.024658
vt 0.952637 0.734131
vt 0.960938 0.927246
vt 0.985107 0.601074
vt 0.085449 0.982666
vt 0.983154 0.612305
vt 0.995605 0.759766
vt 0.981689 0.607178
vt 0.992188 0.506104
vt 0.992188 0.449219
vt 0.994385 0.863037
vt 0.994873 0.764648
vt 0.995361 0.663330
vt 0.992188 0.864014
vt 0.992188 0.651855
vt 0.992188 0.584717
vt 0.992920 0.574219
vt 0.996094 0.766602
vt 0.996094 0.752686
vt 0.992188 0.766602
vt 0.992188 0.752686
vt 0.992188 0.663330
vt 0.018799 0.654541
vt 0.373291 0.033447
vt 0.082520 0.469238
vt 0.572510 0.982666
vt 0.993164 0.857178
vt 0.995605 0.769043
vt 0.591553 0.841797
vt 0.793945 0.983398
vt 0.998779 0.008057
vt 0.591064 0.835449
vt 0.992188 0.008057
vt 0.997559 0.385010
vt 0.334961 0.855469
vt 0.396973 0.133789
vt 0.634277 0.903564
vt 0.635254 0.882324
vt 0.950195 0.765137
vt 0.483887 0.170410
vt 0.650635 0.039307
vt 0.035645 0.374023
vt 0.450439 0.216064
vt 0.233887 0.043945
vt 0.458740 0.211426
vt 0.129883 0.706055
vt 0.340088 0.546875
vt 0.814453 0.099854
vt 0.129883 0.684814
vt 0.312500 0.280029
vt 0.793213 0.100098
vt 0.989258 0.235107
vt 0.989258 0.173584
vt 0.224854 0.354736
vt 0.306641 0.094238
vt 0.433838 0.625488
vt 0.741211 0.002197
vt 0.986572 0.176270
vt 0.986816 0.231934
vt 0.136230 0.445312
vt 0.300781 0.106934
vt 0.049805 0.765869
vt 0.146484 0.463867
vt 0.290527 0.126709
vt 0.001953 0.309570
vt 0.062744 0.474365
vt 0.129883 0.925293
vt 0.332031 0.641113
vt 0.424072 0.965820
vt 0.585938 0.203613
vt 0.332031 0.628174
vt 0.415527 0.955566
vt 0.442871 0.949707
vt 0.920654 0.843994
vt 0.960693 0.306885
vt 0.082031 0.894775
vt 0.904297 0.750000
vt 0.944580 0.748047
vt 0.776611 0.986572
vt 0.995361 0.838867
vt 0.995361 0.704834
vt 0.075928 0.904053
vt 0.332031 0.891113
vt 0.152100 0.200195
vt 0.777588 0.983643
vt 0.992432 0.838867
vt 0.994873 0.243652
vt 0.085449 0.987793
vt 0.150391 0.197510
vt 0.988281 0.610840
vt 0.992188 0.245605
vt 0.992188 0.184326
vt 0.939697 0.636475
vt 0.960449 0.457764
vt 0.988037 0.722168
vt 0.355957 0.792236
vt 0.902832 0.930664
vt 0.947266 0.228516
vt 0.957275 0.496582
vt 0.078125 0.467773
vt 0.375732 0.038818
vt 0.595947 0.986328
vt 0.713867 0.951660
vt 0.957275 0.216553
vt 0.985107 0.706787
vt 0.080078 0.466797
vt 0.572021 0.986084
vt 0.019287 0.649170
vt 0.323975 0.985840
vt 0.372070 0.028809
vt 0.987793 0.933350
vt 0.989014 0.374756
vt 0.187988 0.665771
vt 0.254150 0.825684
vt 0.337402 0.973145
vt 0.470703 0.891113
vt 0.499512 0.943359
vt 0.595459 0.832520
vt 0.847168 0.035889
vt 0.992188 0.385010
vt 0.646973 0.858887
vt 0.982178 0.291504
vt 0.634766 0.907715
vt 0.639648 0.862305
vt 0.031494 0.976807
vt 0.245605 0.602295
vt 0.765869 0.976807
vt 0.261963 0.823242
vt 0.460205 0.205322
vt 0.934570 0.040527
vt 0.010254 0.361572
vt 0.660156 0.588135
vt 0.398926 0.552246
vt 0.681396 0.588135
vt 0.052734 0.763916
vt 0.287598 0.126465
vt 0.812744 0.184570
vt 0.987793 0.817627
vt 0.995605 0.491943
vt 0.458740 0.744141
vt 0.458008 0.718262
vt 0.089355 0.901367
vt 0.167236 0.680176
vt 0.457031 0.693604
vt 0.915283 0.750000
vt 0.946777 0.703125
vt 0.994141 0.712646
vt 0.995361 0.837158
vt 0.995361 0.643555
vt 0.996338 0.706299
vt 0.777588 0.989746
vt 0.992188 0.706299
vt 0.992188 0.645508
vt 0.077881 0.885010
vt 0.948975 0.738037
vt 0.988525 0.604736
vt 0.241699 0.517822
vt 0.904785 0.334717
vt 0.227783 0.520508
vt 0.368896 0.797607
vt 0.148682 0.193359
vt 0.986084 0.607178
vt 0.992188 0.510498
vt 0.992188 0.195312
vt 0.229004 0.527344
vt 0.362061 0.794678
vt 0.409180 0.648193
vt 0.899414 0.934570
vt 0.174805 0.930664
vt 0.946045 0.493164
vt 0.019287 0.642578
vt 0.982910 0.378418
vt 0.998535 0.093506
vt 0.344238 0.973145
vt 0.473389 0.187988
vt 0.713623 0.935303
vt 0.850342 0.042969
vt 0.932861 0.481445
vt 0.224854 0.097168
vt 0.491211 0.930420
vt 0.165527 0.911621
vt 0.192627 0.791992
vt 0.164062 0.908691
vt 0.193359 0.788818
vt 0.795410 0.579590
vt 0.992188 0.119873
vt 0.193359 0.785645
vt 0.798584 0.578613
vt 0.943359 0.647705
vt 0.997314 0.484863
vt 0.997559 0.354980
vt 0.818848 0.301758
vt 0.945557 0.648193
vt 0.985352 0.434814
vt 0.997314 0.487305
vt 0.329834 0.926758
vt 0.826904 0.301514
vt 0.979248 0.430664
vt 0.979248 0.284424
vt 0.633057 0.868896
vt 0.629883 0.884521
vt 0.630127 0.879150
vt 0.629639 0.875977
vt 0.127441 0.202148
vt 0.446289 0.263184
vt 0.322266 0.123779
vt 0.533447 0.387939
vt 0.949951 0.270508
vt 0.966064 0.520020
vt 0.235352 0.035889
vt 0.427734 0.120361
vt 0.270508 0.824219
vt 0.427734 0.111572
vt 0.927002 0.043213
vt 0.244141 0.630127
vt 0.258057 0.175781
vt 0.211914 0.361816
vt 0.297363 0.105469
vt 0.611328 0.180908
vt 0.685059 0.018799
vt 0.836182 0.577637
vt 0.847656 0.383545
vt 0.098389 0.910156
vt 0.404297 0.774902
vt 0.937256 0.712158
vt 0.079102 0.918701
vt 0.455078 0.562256
vt 0.073975 0.919678
vt 0.332031 0.905762
vt 0.453369 0.557129
vt 0.154541 0.199707
vt 0.262695 0.025391
vt 0.635986 0.962402
vt 0.992188 0.836670
vt 0.992188 0.709961
vt 0.073975 0.880371
vt 0.326172 0.869873
vt 0.982910 0.603516
vt 0.537354 0.130615
vt 0.753662 0.286377
vt 0.834473 0.386963
vt 0.102539 0.990967
vt 0.146973 0.189209
vt 0.770752 0.583252
vt 0.979248 0.480957
vt 0.099609 0.982666
vt 0.280518 0.585693
vt 0.771973 0.574219
vt 0.409180 0.636475
vt 0.899414 0.919434
vt 0.952637 0.218750
vt 0.988281 0.710938
vt 0.074463 0.463135
vt 0.328857 0.990723
vt 0.377686 0.033203
vt 0.015381 0.654541
vt 0.077881 0.462646
vt 0.572510 0.990234
vt 0.350342 0.961426
vt 0.470703 0.906494
vt 0.558594 0.986816
vt 0.711914 0.944824
vt 0.847168 0.051025
vt 0.853760 0.641357
vt 0.998047 0.224854
vt 0.789795 0.989014
vt 0.849609 0.641113
vt 0.994629 0.227539
vt 0.168701 0.916016
vt 0.192871 0.797607
vt 0.988525 0.084961
vt 0.209961 0.088379
vt 0.952393 0.375244
vt 0.377197 0.143555
vt 0.957764 0.375244
vt 0.627930 0.883057
vt 0.517334 0.701904
vt 0.205811 0.171387
vt 0.514648 0.393311
vt 0.670166 0.811523
vt 0.960938 0.254883
vt 0.507812 0.703857
vt 0.693848 0.433105
vt 0.225342 0.551514
vt 0.370361 0.934570
vt 0.635986 0.233643
vt 0.748047 0.282471
vt 0.829346 0.382568
vt 0.948486 0.308838
vt 0.954590 0.649170
vt 0.979248 0.320801
vt 0.339600 0.876709
vt 0.455078 0.269287
vt 0.347900 0.865234
vt 0.789795 0.982666
vt 0.844238 0.637695
vt 0.979248 0.929932
vt 0.979248 0.374756
vt 0.995361 0.088867
vt 0.998047 0.011963
vt 0.217529 0.180664
vt 0.285156 0.630615
vt 0.070312 0.887451
vt 0.238281 0.319336
vt 0.262207 0.278076
vt 0.289795 0.533936
vt 0.583252 0.166748
vt 0.815186 0.261230
vt 0.964600 0.171875
vt 0.551514 0.574219
vt 0.616699 0.397461
vt 0.992188 0.541748
vt 0.368896 0.038330
vt 0.520996 0.501953
vt 0.613770 0.404541
vt 0.551270 0.580811
vt 0.616943 0.403564
vt 0.433838 0.971436
vt 0.916260 0.118652
vt 0.945068 0.112305
vt 0.057617 0.939209
vt 0.940674 0.914551
vt 0.453857 0.764160
vt 0.016846 0.251221
vt 0.153809 0.194580
vt 0.267090 0.022705
vt 0.144775 0.184082
vt 0.776855 0.580811
vt 0.988281 0.548096
vt 0.992188 0.672119
vt 0.997314 0.519775
vt 0.673340 0.989746
vt 0.994385 0.518066
vt 0.995361 0.851807
vt 0.995361 0.670898
vt 0.014893 0.647949
vt 0.079102 0.456543
vt 0.161621 0.692139
vt 0.219971 0.831055
vt 0.345947 0.035156
vt 0.986816 0.085938
vt 0.196533 0.796387
vt 0.989014 0.088623
vt 0.017334 0.636719
vt 0.231689 0.105469
vt 0.360840 0.986084
vt 0.492188 0.942627
vt 0.992188 0.093506
vt 0.992676 0.013184
vt 0.996582 0.390137
vt 0.196533 0.790039
vt 0.132812 0.971436
vt 0.333984 0.841553
vt 0.532227 0.805420
vt 0.625244 0.886719
vt 0.211670 0.179688
vt 0.291016 0.630371
vt 0.055664 0.972168
vt 0.583496 0.693604
vt 0.771484 0.004150
vt 0.892822 0.974854
vt 0.123291 0.434814
vt 0.187500 0.628906
vt 0.587158 0.873779
vt 0.521729 0.842773
vt 0.793213 0.956787
vt 0.365723 0.029785
vt 0.614014 0.395996
vt 0.731201 0.989746
vt 0.029785 0.982666
vt 0.620117 0.394043
vt 0.915283 0.298340
vt 0.979248 0.935791
vt 0.997070 0.541748
vt 0.118164 0.983154
vt 0.523438 0.511230
vt 0.553467 0.590332
vt 0.614990 0.179199
vt 0.620117 0.411133
vt 0.202637 0.635010
vt 0.298096 0.168213
vt 0.584961 0.008057
vt 0.741699 0.911865
vt 0.857178 0.066650
vt 0.938721 0.773193
vt 0.347412 0.161865
vt 0.890625 0.310059
vt 0.095459 0.922363
vt 0.294678 0.932861
vt 0.407471 0.786865
vt 0.455078 0.583252
vt 0.691895 0.002197
vt 0.407471 0.770508
vt 0.702637 0.016846
vt 0.943115 0.713623
vt 0.145752 0.474121
vt 0.322266 0.868896
vt 0.955078 0.929199
vt 0.979248 0.604736
vt 0.675049 0.989990
vt 0.984375 0.549561
vt 0.996582 0.672119
vt 0.985596 0.546875
vt 0.994141 0.519775
vt 0.194824 0.344238
vt 0.674316 0.986816
vt 0.992188 0.851807
vt 0.074707 0.455078
vt 0.266357 0.656250
vt 0.328857 0.982666
vt 0.340332 0.869873
vt 0.987793 0.927246
vt 0.354248 0.960693
vt 0.408447 0.627686
vt 0.560303 0.990234
vt 0.590088 0.989990
vt 0.979248 0.710938
vt 0.014893 0.641602
vt 0.082520 0.451172
vt 0.191162 0.984863
vt 0.358154 0.990723
vt 0.160156 0.689941
vt 0.435059 0.990479
vt 0.987305 0.088379
vt 0.198730 0.794189
vt 0.446045 0.990479
vt 0.989502 0.091797
vt 0.198730 0.784424
vt 0.992920 0.352783
vt 0.994141 0.775635
vt 0.204590 0.534180
vt 0.665771 0.025391
vt 0.957031 0.028076
vt 0.618652 0.911377
vt 0.937744 0.972900
vt 0.520752 0.850342
vt 0.847900 0.772949
vt 0.553467 0.580566
vt 0.806396 0.411621
vt 0.053223 0.951172
vt 0.604248 0.656006
vt 0.930908 0.845703
vt 0.960693 0.316162
vt 0.207031 0.529297
vt 0.273438 0.580811
vt 0.572754 0.577881
vt 0.701904 0.163330
vt 0.939697 0.626953
vt 0.979248 0.722168
vt 0.242920 0.532715
vt 0.361816 0.974854
vt 0.400635 0.641846
vt 0.904785 0.319824
vt 0.676025 0.987061
vt 0.981445 0.548340
vt 0.998291 0.131348
vt 0.193848 0.342529
vt 0.983887 0.546143
vt 0.992188 0.519775
vt 0.993408 0.853760
vt 0.144287 0.179199
vt 0.191162 0.337891
vt 0.416260 0.140625
vt 0.696533 0.409180
vt 0.778320 0.575684
vt 0.988037 0.542969
vt 0.282715 0.578369
vt 0.658936 0.302246
vt 0.696533 0.397705
vt 0.708008 0.157227
vt 0.770752 0.565918
vt 0.823242 0.989502
vt 0.200195 0.789795
vt 0.446533 0.986084
vt 0.200195 0.786621
vt 0.446045 0.982910
vt 0.995850 0.791992
vt 0.996094 0.774170
vt 0.219971 0.818359
vt 0.338379 0.931396
vt 0.345947 0.021729
vt 0.790527 0.430664
vt 0.878418 0.961426
vt 0.988770 0.430664
vt 0.992188 0.790527
vt 0.992188 0.774170
vt 0.992188 0.486084
vt 0.992188 0.354980
vt 0.223145 0.614746
vt 0.344238 0.811279
vt 0.418213 0.187988
vt 0.721924 0.974854
vt 0.351562 0.794922
vt 0.843506 0.302490
vt 0.554932 0.702148
vt 0.205078 0.179199
vt 0.297363 0.633057
vt 0.003418 0.889404
vt 0.788818 0.002441
vt 0.910156 0.973877
vt 0.117920 0.447021
vt 0.546387 0.730957
vt 0.114746 0.463867
vt 0.269287 0.516357
vt 0.529785 0.726318
vt 0.927490 0.383057
vt 0.611572 0.907959
vt 0.841797 0.897217
vt 0.945068 0.971680
vt 0.625244 0.911621
vt 0.873291 0.748291
vt 0.931152 0.973145
vt 0.618652 0.389404
vt 0.731201 0.982666
vt 0.732178 0.208008
vt 0.917236 0.294189
vt 0.554932 0.575928
vt 0.805420 0.407471
vt 0.995361 0.422119
vt 0.997070 0.555176
vt 0.365479 0.038818
vt 0.809814 0.412109
vt 0.115234 0.982666
vt 0.366455 0.049072
vt 0.520996 0.512939
vt 0.602539 0.974121
vt 0.118652 0.990234
vt 0.621826 0.177246
vt 0.915283 0.319824
vt 0.574951 0.019287
vt 0.743896 0.926025
vt 0.763184 0.002686
vt 0.701660 0.562988
vt 0.746582 0.927734
vt 0.945068 0.785156
vt 0.041260 0.190186
vt 0.927490 0.083984
vt 0.933838 0.524170
vt 0.037598 0.190918
vt 0.771973 0.916992
vt 0.913330 0.677979
vt 0.213135 0.520508
vt 0.930420 0.633301
vt 0.197754 0.340332
vt 0.673340 0.982666
vt 0.964844 0.922119
vt 0.993408 0.134277
vt 0.079346 0.448486
vt 0.188721 0.987549
vt 0.184570 0.982666
vt 0.231934 0.109375
vt 0.358154 0.982666
vt 0.968018 0.410156
vt 0.433838 0.987061
vt 0.448486 0.990234
vt 0.987061 0.092041
vt 0.251221 0.961182
vt 0.560303 0.703369
vt 0.188477 0.178955
vt 0.314453 0.632080
vt 0.248291 0.625488
vt 0.583252 0.869873
vt 0.440186 0.630615
vt 0.772949 0.920898
vt 0.900146 0.579590
vt 0.951416 0.926270
vt 0.961182 0.689697
vt 0.156250 0.679932
vt 0.288086 0.922852
vt 0.440186 0.607422
vt 0.959229 0.713135
vt 0.099121 0.977051
vt 0.948730 0.955566
vt 0.968506 0.576172
vt 0.767578 0.926270
vt 0.835938 0.127197
vt 0.939941 0.501709
vt 0.960693 0.782227
vt 0.363037 0.031250
vt 0.727783 0.989746
vt 0.809082 0.404541
vt 0.997559 0.417969
vt 0.034424 0.988525
vt 0.215332 0.982666
vt 0.617920 0.162354
vt 0.920898 0.303955
vt 0.556885 0.586426
vt 0.614746 0.174316
vt 0.805420 0.418213
vt 0.994141 0.211670
vt 0.613037 0.495361
vt 0.724365 0.759277
vt 0.957275 0.166504
vt 0.049561 0.959229
vt 0.072021 0.268799
vt 0.297607 0.282715
vt 0.765137 0.481445
vt 0.048584 0.228027
vt 0.049805 0.946533
vt 0.609619 0.658447
vt 0.940674 0.927490
vt 0.948730 0.875732
vt 0.056641 0.947510
vt 0.060547 0.223877
vt 0.948486 0.917480
vt 0.290527 0.931396
vt 0.570801 0.891113
vt 0.689941 0.006104
vt 0.818115 0.905029
vt 0.016602 0.244385
vt 0.153320 0.187012
vt 0.356934 0.779053
vt 0.798340 0.198975
vt 0.950439 0.485840
vt 0.988281 0.739502
vt 0.169922 0.990967
vt 0.191162 0.313721
vt 0.870850 0.812500
vt 0.159912 0.682373
vt 0.435059 0.982666
vt 0.448730 0.985840
vt 0.161621 0.679932
vt 0.342773 0.022949
vt 0.448486 0.982666
vt 0.995850 0.789551
vt 0.245850 0.964355
vt 0.566650 0.702881
vt 0.165039 0.181396
vt 0.210693 0.536377
vt 0.962646 0.025146
vt 0.607910 0.871826
vt 0.801025 0.963867
vt 0.928711 0.501221
vt 0.517578 0.973145
vt 0.798584 0.949219
vt 0.727295 0.984375
vt 0.734863 0.211914
vt 0.992188 0.555176
vt 0.992188 0.417969
vt 0.129639 0.245361
vt 0.251953 0.278809
vt 0.979248 0.736572
vt 0.556885 0.572266
vt 0.736084 0.212646
vt 0.979248 0.972412
vt 0.982666 0.939453
vt 0.993408 0.555908
vt 0.995361 0.546143
vt 0.621826 0.169434
vt 0.920166 0.313477
vt 0.616943 0.173340
vt 0.995605 0.512939
vt 0.996582 0.211182
vt 0.115234 0.991211
vt 0.258301 0.839600
vt 0.593018 0.974854
vt 0.916016 0.323242
vt 0.489746 0.711670
vt 0.885742 0.791748
vt 0.281006 0.089600
vt 0.454590 0.952881
vt 0.905273 0.927490
vt 0.921631 0.230225
vt 0.281006 0.049072
vt 0.662354 0.172119
vt 0.855713 0.382812
vt 0.905273 0.889404
vt 0.940674 0.716309
vt 0.351807 0.865723
vt 0.789551 0.881836
vt 0.169189 0.511719
vt 0.249023 0.491943
vt 0.351318 0.056641
vt 0.571533 0.569580
vt 0.701904 0.153809
vt 0.196533 0.335938
vt 0.965088 0.917480
vt 0.180908 0.923584
vt 0.911377 0.989502
vt 0.947266 0.483643
vt 0.985840 0.742188
vt 0.190674 0.320801
vt 0.664062 0.295654
vt 0.826172 0.982666
vt 0.876465 0.812256
vt 0.184570 0.722412
vt 0.635986 0.459961
vt 0.708252 0.956055
vt 0.100098 0.963867
vt 0.258301 0.927490
vt 0.846924 0.261719
vt 0.933838 0.955566
vt 0.129883 0.238770
vt 0.258301 0.278320
vt 0.513428 0.542725
vt 0.029785 0.991211
vt 0.212891 0.986328
vt 0.980469 0.956787
vt 0.985352 0.969238
vt 0.988037 0.935791
vt 0.215332 0.990967
vt 0.617920 0.168945
vt 0.985596 0.956543
vt 0.992188 0.515625
vt 0.992188 0.451660
vt 0.363037 0.046387
vt 0.602539 0.969482
vt 0.809082 0.419922
vt 0.992188 0.208252
vt 0.607666 0.493164
vt 0.889893 0.789795
vt 0.948486 0.400635
vt 0.962646 0.168701
vt 0.431885 0.957275
vt 0.455078 0.962646
vt 0.930664 0.111572
vt 0.932617 0.229248
vt 0.242432 0.944336
vt 0.367188 0.871094
vt 0.818115 0.937988
vt 0.937744 0.564697
vt 0.379395 0.868896
vt 0.570068 0.913818
vt 0.822998 0.927246
vt 0.267334 0.667236
vt 0.332275 0.876465
vt 0.379395 0.923584
vt 0.447021 0.269287
vt 0.539062 0.115234
vt 0.753662 0.268555
vt 0.408203 0.140625
vt 0.968506 0.922363
vt 0.979248 0.542969
vt 0.992188 0.131348
vt 0.363525 0.157227
vt 0.626221 0.337402
vt 0.895020 0.454834
vt 0.190674 0.328613
vt 0.700928 0.400635
vt 0.829346 0.989502
vt 0.444336 0.866699
vt 0.908447 0.178955
vt 0.225342 0.529053
vt 0.446045 0.172363
vt 0.446289 0.865479
vt 0.827393 0.346680
vt 0.973145 0.660400
vt 0.075439 0.444336
vt 0.184570 0.990967
vt 0.256104 0.656250
vt 0.938721 0.162109
vt 0.968018 0.418213
vt 0.661133 0.349609
vt 0.755371 0.511230
vt 0.938721 0.162109
vt 0.178955 0.726318
vt 0.629639 0.459961
vt 0.183594 0.721680
vt 0.442627 0.044434
vt 0.708984 0.955322
vt 0.001465 0.948486
vt 0.083252 0.220459
vt 0.728271 0.786865
vt 0.083252 0.261719
vt 0.729492 0.826172
vt 0.049072 0.976807
vt 0.260010 0.586182
vt 0.867188 0.550293
vt 0.904785 0.281250
vt 0.305664 0.537598
vt 0.649414 0.025391
vt 0.635986 0.765625
vt 0.771729 0.934082
vt 0.953857 0.936035
vt 0.963623 0.557861
vt 0.007080 0.042236
vt 0.068359 0.924805
vt 0.262207 0.314453
vt 0.790283 0.963867
vt 0.928955 0.490234
vt 0.796631 0.965088
vt 0.928711 0.496094
vt 0.838867 0.122070
vt 0.895264 0.684570
vt 0.939453 0.495361
vt 0.964355 0.777344
vt 0.729980 0.218018
vt 0.924072 0.303223
vt 0.255127 0.830322
vt 0.733887 0.230225
vt 0.922363 0.315918
vt 0.046387 0.933838
vt 0.706299 0.933838
vt 0.916748 0.420898
vt 0.314941 0.920410
vt 0.609619 0.884766
vt 0.834473 0.004395
vt 0.123047 0.770508
vt 0.353271 0.859619
vt 0.790527 0.875977
vt 0.251221 0.491455
vt 0.353760 0.057861
vt 0.952637 0.473877
vt 0.186035 0.520508
vt 0.352051 0.038086
vt 0.642822 0.290283
vt 0.989258 0.267822
vt 0.992188 0.533936
vt 0.998291 0.154297
vt 0.001709 0.554688
vt 0.191162 0.524658
vt 0.351318 0.031250
vt 0.363525 0.177490
vt 0.626709 0.357422
vt 0.918945 0.937988
vt 0.196533 0.330322
vt 0.378174 0.990479
vt 0.964844 0.911865
vt 0.164307 0.990479
vt 0.179688 0.916016
vt 0.228271 0.834473
vt 0.871582 0.818604
vt 0.906250 0.984375
vt 0.979248 0.084961
vt 0.179199 0.724365
vt 0.448242 0.044922
vt 0.001221 0.732422
vt 0.730469 0.832764
vt 0.898926 0.278076
vt 0.001709 0.913574
vt 0.073730 0.958496
vt 0.446289 0.627930
vt 0.788818 0.020996
vt 0.895996 0.574463
vt 0.073730 0.976807
vt 0.150391 0.682129
vt 0.446045 0.609863
vt 0.606201 0.700928
vt 0.274902 0.922607
vt 0.933105 0.939209
vt 0.969727 0.713135
vt 0.900146 0.685059
vt 0.940430 0.490723
vt 0.253662 0.285400
vt 0.391846 0.637451
vt 0.979248 0.729492
vt 0.732666 0.219482
vt 0.979248 0.960205
vt 0.987793 0.972412
vt 0.596924 0.967529
vt 0.997314 0.515625
vt 0.997314 0.453613
vt 0.998047 0.208252
vt 0.144531 0.479736
vt 0.198486 0.548096
vt 0.210205 0.154541
vt 0.741699 0.942383
vt 0.776367 0.016846
vt 0.005371 0.622803
vt 0.147461 0.481201
vt 0.706299 0.581543
vt 0.744873 0.943359
vt 0.177734 0.642822
vt 0.268066 0.142334
vt 0.321533 0.158447
vt 0.830811 0.167236
vt 0.886719 0.335449
vt 0.008789 0.560059
vt 0.024658 0.243164
vt 0.071533 0.955566
vt 0.200684 0.524902
vt 0.614746 0.943359
vt 0.543213 0.985840
vt 0.992188 0.531494
vt 0.996338 0.152588
vt 0.996582 0.680420
vt 0.641357 0.284180
vt 0.836182 0.591064
vt 0.983887 0.271729
vt 0.997803 0.292725
vt 0.216553 0.534668
vt 0.366699 0.779053
vt 0.565430 0.570801
vt 0.802734 0.207275
vt 0.086670 0.760742
vt 0.298584 0.931152
vt 0.628906 0.337646
vt 0.897705 0.455078
vt 0.935303 0.166016
vt 0.963867 0.418945
vt 0.200195 0.323730
vt 0.378174 0.982910
vt 0.988281 0.318359
vt 0.199219 0.315430
vt 0.781250 0.438721
vt 0.878418 0.973145
vt 0.979980 0.318359
vt 0.041016 0.822510
vt 0.055908 0.356445
vt 0.665771 0.340332
vt 0.945068 0.154785
vt 0.169922 0.982666
vt 0.195068 0.306396
vt 0.228027 0.824707
vt 0.870117 0.968750
vt 0.117920 0.360840
vt 0.626709 0.780029
vt 0.773193 0.952148
vt 0.937988 0.438721
vt 0.840576 0.145752
vt 0.964355 0.801025
vt 0.258301 0.828857
vt 0.593018 0.963867
vt 0.736084 0.227539
vt 0.987793 0.960205
vt 0.992188 0.456055
vt 0.016357 0.991455
vt 0.876953 0.265869
vt 0.916504 0.796631
vt 0.160156 0.458252
vt 0.437500 0.793945
vt 0.317871 0.929443
vt 0.843262 0.002686
vt 0.923096 0.655518
vt 0.321045 0.913574
vt 0.363525 0.651123
vt 0.439941 0.557861
vt 0.642090 0.294922
vt 0.994873 0.898438
vt 0.997070 0.533936
vt 0.354248 0.037842
vt 0.493164 0.576416
vt 0.640869 0.290527
vt 0.992676 0.647949
vt 0.997559 0.436768
vt 0.292725 0.953369
vt 0.353516 0.031738
vt 0.628906 0.358398
vt 0.998779 0.041992
vt 0.544678 0.985840
vt 0.992188 0.649414
vt 0.996338 0.729980
vt 0.996582 0.437744
vt 0.983398 0.270020
vt 0.992188 0.680420
vt 0.992188 0.154297
vt 0.996826 0.602051
vt 0.640137 0.285400
vt 0.992188 0.729980
vt 0.992188 0.702393
vt 0.992188 0.436768
vt 0.997559 0.294434
vt 0.658936 0.290527
vt 0.707520 0.145752
vt 0.875488 0.821045
vt 0.572754 0.556152
vt 0.705322 0.140137
vt 0.802734 0.191162
vt 0.870850 0.823975
vt 0.911377 0.982666
vt 0.979248 0.739502
vt 0.226318 0.113525
vt 0.913574 0.693604
vt 0.961182 0.410645
vt 0.979248 0.947998
vt 0.343018 0.917969
vt 0.826904 0.317627
vt 0.132812 0.947754
vt 0.173340 0.727783
vt 0.509521 0.815186
vt 0.216553 0.594971
vt 0.439209 0.048584
vt 0.714111 0.956055
vt 0.440186 0.048340
vt 0.684082 0.982666
vt 0.105225 0.328369
vt 0.901123 0.847412
vt 0.581787 0.708740
vt 0.255859 0.300293
vt 0.293945 0.537598
vt 0.638428 0.023438
vt 0.024170 0.852783
vt 0.841553 0.154297
vt 0.132324 0.392822
vt 0.186279 0.172119
vt 0.231445 0.955566
vt 0.318115 0.920654
vt 0.606201 0.884766
vt 0.117432 0.770752
vt 0.358154 0.856689
vt 0.556396 0.918701
vt 0.359131 0.651123
vt 0.439941 0.562256
vt 0.543457 0.990479
vt 0.992188 0.898438
vt 0.997070 0.531494
vt 0.544678 0.982666
vt 0.992920 0.678955
vt 0.993408 0.731201
vt 0.993408 0.700928
vt 0.995605 0.803711
vt 0.996826 0.600342
vt 0.017090 0.234863
vt 0.153564 0.177246
vt 0.605957 0.937744
vt 0.409180 0.134521
vt 0.598877 0.933350
vt 0.970703 0.916748
vt 0.173584 0.725830
vt 0.453125 0.047852
vt 0.508301 0.816406
vt 0.049072 0.348633
vt 0.092529 0.302979
vt 0.873291 0.849609
vt 0.530518 0.971191
vt 0.807373 0.940186
vt 0.827148 0.881836
vt 0.122070 0.245850
vt 0.950928 0.437012
vt 0.986328 0.736816
vt 0.018799 0.989990
vt 0.879150 0.268066
vt 0.874023 0.267822
vt 0.919922 0.798096
vt 0.039551 0.953857
vt 0.682129 0.934570
vt 0.776123 0.481445
vt 0.040283 0.941162
vt 0.696289 0.934570
vt 0.133545 0.041992
vt 0.177490 0.165283
vt 0.606934 0.895996
vt 0.823730 0.008789
vt 0.375000 0.846680
vt 0.558594 0.899170
vt 0.710449 0.485107
vt 0.300293 0.917236
vt 0.339844 0.658691
vt 0.439697 0.582031
vt 0.640137 0.295166
vt 0.994141 0.896729
vt 0.996826 0.647949
vt 0.544678 0.990234
vt 0.992676 0.896973
vt 0.996338 0.649414
vt 0.314697 0.892578
vt 0.235352 0.542725
vt 0.268799 0.676270
vt 0.370361 0.921875
vt 0.839600 0.358398
vt 0.353516 0.161621
vt 0.894287 0.443359
vt 0.936035 0.931885
vt 0.210693 0.105713
vt 0.889160 0.343994
vt 0.951172 0.357422
vt 0.347656 0.929932
vt 0.790527 0.440186
vt 0.053467 0.348633
vt 0.667969 0.117188
vt 0.899414 0.514648
vt 0.274414 0.314209
vt 0.843262 0.114746
vt 0.904785 0.688232
vt 0.941650 0.485352
vt 0.113281 0.875732
vt 0.596191 0.866211
vt 0.129639 0.218994
vt 0.321289 0.983398
vt 0.515381 0.522461
vt 0.122314 0.238281
vt 0.953857 0.430420
vt 0.772217 0.131104
vt 0.818604 0.801514
vt 0.887207 0.646973
vt 0.002930 0.781006
vt 0.144531 0.491943
vt 0.219727 0.143066
vt 0.338867 0.079102
vt 0.562012 0.033936
vt 0.005371 0.783203
vt 0.018799 0.627686
vt 0.129395 0.773193
vt 0.147461 0.493652
vt 0.489990 0.573242
vt 0.574951 0.001709
vt 0.639404 0.170898
vt 0.716553 0.265137
vt 0.745361 0.004395
vt 0.846924 0.070312
vt 0.072021 0.231201
vt 0.297607 0.242920
vt 0.321777 0.935547
vt 0.580566 0.634277
vt 0.930664 0.655762
vt 0.712158 0.507568
vt 0.440186 0.717773
vt 0.541748 0.029785
vt 0.689941 0.029785
vt 0.839111 0.913818
vt 0.946777 0.732422
vt 0.296631 0.917969
vt 0.529785 0.169678
vt 0.557861 0.888428
vt 0.357178 0.036377
vt 0.497070 0.576416
vt 0.706299 0.281250
vt 0.356689 0.029541
vt 0.710205 0.275635
vt 0.995361 0.040771
vt 0.992920 0.866699
vt 0.994141 0.922119
vt 0.996582 0.597168
vt 0.992188 0.867432
vt 0.994141 0.923340
vt 0.994385 0.914795
vt 0.995361 0.869873
vt 0.995605 0.810303
vt 0.992188 0.922119
vt 0.992188 0.914551
vt 0.994385 0.597900
vt 0.994873 0.892822
vt 0.995605 0.821533
vt 0.136230 0.481445
vt 0.309326 0.868896
vt 0.920410 0.191406
vt 0.441895 0.860352
vt 0.449707 0.177979
vt 0.491943 0.528320
vt 0.904297 0.184082
vt 0.259033 0.978516
vt 0.317383 0.861084
vt 0.377197 0.125000
vt 0.875977 0.341309
vt 0.964355 0.357422
vt 0.104736 0.950439
vt 0.333740 0.804932
vt 0.430420 0.187988
vt 0.966064 0.883545
vt 0.263428 0.601807
vt 0.867920 0.566650
vt 0.045410 0.746582
vt 0.258301 0.293457
vt 0.391113 0.628906
vt 0.528809 0.542725
vt 0.764160 0.132568
vt 0.865234 0.046631
vt 0.043945 0.201416
vt 0.915771 0.083984
vt 0.945068 0.079834
vt 0.322510 0.933105
vt 0.544189 0.885254
vt 0.882812 0.205322
vt 0.992188 0.915771
vt 0.994141 0.808594
vt 0.994385 0.894287
vt 0.994629 0.900879
vt 0.979736 0.662109
vt 0.992676 0.806152
vt 0.993164 0.600830
vt 0.993652 0.214355
vt 0.836670 0.596924
vt 0.979248 0.660889
vt 0.979248 0.267822
vt 0.992188 0.602051
vt 0.182617 0.928467
vt 0.920898 0.982666
vt 0.992188 0.803711
vt 0.992188 0.216064
vt 0.993164 0.294922
vt 0.996338 0.702393
vt 0.837891 0.596191
vt 0.918457 0.982666
vt 0.992188 0.292725
vt 0.094971 0.768555
vt 0.465576 0.268799
vt 0.587646 0.443604
vt 0.897217 0.443848
vt 0.384277 0.990479
vt 0.602051 0.928223
vt 0.971436 0.910400
vt 0.914307 0.700195
vt 0.957520 0.417725
vt 0.987793 0.947998
vt 0.002441 0.253662
vt 0.272217 0.960205
vt 0.323242 0.835205
vt 0.532227 0.818848
vt 0.339355 0.782227
vt 0.502686 0.186279
vt 0.838623 0.319824
vt 0.447021 0.051270
vt 0.001465 0.032227
vt 0.096924 0.878662
vt 0.790771 0.974121
vt 0.003906 0.846191
vt 0.136719 0.877441
vt 0.398682 0.639404
vt 0.943115 0.437500
vt 0.988037 0.729492
vt 0.638672 0.768555
vt 0.810547 0.801025
vt 0.879395 0.649902
vt 0.147461 0.421143
vt 0.873291 0.270996
vt 0.921143 0.801025
vt 0.714111 0.519531
vt 0.692627 0.989990
vt 0.993408 0.872070
vt 0.995361 0.867432
vt 0.996826 0.594482
vt 0.086670 0.786865
vt 0.298584 0.957275
vt 0.406738 0.857422
vt 0.455566 0.285156
vt 0.713135 0.273926
vt 0.992188 0.041992
vt 0.334717 0.990723
vt 0.992188 0.900879
vt 0.992188 0.892822
vt 0.993408 0.822021
vt 0.997803 0.287598
vt 0.998535 0.072754
vt 0.623535 0.455322
vt 0.918213 0.710693
vt 0.937012 0.176270
vt 0.959473 0.428711
vt 0.384521 0.982666
vt 0.601318 0.920166
vt 0.989014 0.311768
vt 0.134766 0.982666
vt 0.604248 0.910889
vt 0.782715 0.445068
vt 0.979248 0.311768
vt 0.078369 0.978516
vt 0.311035 0.085449
vt 0.474609 0.855957
vt 0.541016 0.845947
vt 0.626709 0.762939
vt 0.892334 0.938477
vt 0.926270 0.424805
vt 0.973145 0.557861
vt 0.006592 0.031982
vt 0.057861 0.924316
vt 0.315186 0.982666
vt 0.520508 0.518799
vt 0.979248 0.488525
vt 0.979248 0.189453
vt 0.128906 0.877441
vt 0.647217 0.770508
vt 0.873047 0.046875
vt 0.625244 0.239502
vt 0.717041 0.335693
vt 0.627930 0.229004
vt 0.716553 0.324951
vt 0.019531 0.985840
vt 0.880127 0.272217
vt 0.016357 0.985107
vt 0.917725 0.802979
vt 0.361816 0.052734
vt 0.414551 0.040771
vt 0.495605 0.592041
vt 0.700684 0.296875
vt 0.714844 0.455811
vt 0.909668 0.254883
vt 0.957275 0.465088
vt 0.962646 0.429199
vt 0.690918 0.988281
vt 0.992188 0.869873
vt 0.992188 0.810303
vt 0.993164 0.903076
vt 0.997803 0.290283
vt 0.689697 0.989014
vt 0.953857 0.988770
vt 0.998535 0.108643
vt 0.688477 0.989990
vt 0.952393 0.989502
vt 0.992188 0.821533
vt 0.992188 0.594482
vt 0.998535 0.071289
vt 0.020996 0.916504
vt 0.618164 0.460449
vt 0.920410 0.718262
vt 0.982666 0.340820
vt 0.154541 0.168213
vt 0.414795 0.125244
vt 0.609131 0.929199
vt 0.606689 0.924561
vt 0.967041 0.371094
vt 0.985352 0.624268
vt 0.989258 0.223389
vt 0.992188 0.665771
vt 0.998047 0.181885
vt 0.002441 0.762451
vt 0.307129 0.106201
vt 0.879150 0.806396
vt 0.946777 0.453125
vt 0.071533 0.924805
vt 0.618896 0.989990
vt 0.961670 0.083984
vt 0.973145 0.357910
vt 0.052002 0.826904
vt 0.661133 0.330078
vt 0.755371 0.490723
vt 0.874756 0.413330
vt 0.064453 0.823730
vt 0.175781 0.295410
vt 0.870117 0.402344
vt 0.887207 0.814453
vt 0.936279 0.448242
vt 0.618896 0.982666
vt 0.742432 0.982666
vt 0.852539 0.982666
vt 0.966797 0.078613
vt 0.979248 0.478516
vt 0.992188 0.126221
vt 0.511475 0.821533
vt 0.992188 0.148926
vt 0.453125 0.053467
vt 0.510254 0.822021
vt 0.992188 0.306885
vt 0.992676 0.150146
vt 0.126465 0.960938
vt 0.223145 0.593018
vt 0.422852 0.166992
vt 0.439453 0.055908
vt 0.684082 0.989990
vt 0.441406 0.054932
vt 0.686035 0.989014
vt 0.104492 0.880859
vt 0.602783 0.859619
vt 0.798096 0.976807
vt 0.615234 0.893555
vt 0.843262 0.882812
vt 0.979248 0.022461
vt 0.979248 0.010742
vt 0.242432 0.968018
vt 0.559814 0.024658
vt 0.753906 0.930908
vt 0.839600 0.932617
vt 0.704834 0.298828
vt 0.914551 0.254883
vt 0.984131 0.660645
vt 0.992920 0.375732
vt 0.998047 0.214111
vt 0.835938 0.601074
vt 0.983643 0.659668
vt 0.992188 0.697754
vt 0.992188 0.241211
vt 0.075928 0.939453
vt 0.614746 0.928467
vt 0.973145 0.374268
vt 0.983887 0.223389
vt 0.996094 0.668457
vt 0.996826 0.627197
vt 0.611572 0.917969
vt 0.970459 0.364258
vt 0.617676 0.281738
vt 0.725098 0.377686
vt 0.045654 0.724609
vt 0.525879 0.521729
vt 0.983643 0.493164
vt 0.622559 0.895264
vt 0.953857 0.685059
vt 0.628906 0.896484
vt 0.880127 0.759766
vt 0.960449 0.684326
vt 0.243896 0.158203
vt 0.468506 0.250732
vt 0.980713 0.025146
vt 0.980713 0.007812
vt 0.041016 0.638428
vt 0.129395 0.794434
vt 0.979736 0.019287
vt 0.979736 0.013916
vt 0.637695 0.197998
vt 0.717285 0.292725
vt 0.717285 0.532471
vt 0.124756 0.040283
vt 0.570801 0.336426
vt 0.662354 0.936279
vt 0.936279 0.387451
vt 0.234375 0.959961
vt 0.664307 0.152588
vt 0.668457 0.001709
vt 0.764160 0.924316
vt 0.858887 0.360840
vt 0.953857 0.558105
vt 0.993652 0.905762
vt 0.996582 0.697266
vt 0.997803 0.240967
vt 0.988525 0.662109
vt 0.992676 0.906006
vt 0.996582 0.698242
vt 0.997314 0.375977
vt 0.181396 0.934082
vt 0.992188 0.408447
vt 0.992188 0.377197
vt 0.997803 0.216064
vt 0.134766 0.990967
vt 0.431396 0.987305
vt 0.605713 0.919189
vt 0.855225 0.261719
vt 0.992188 0.181885
vt 0.908691 0.701660
vt 0.979248 0.828613
vt 0.987549 0.954102
vt 0.604492 0.715820
vt 0.751953 0.333496
vt 0.156250 0.699219
vt 0.286865 0.903809
vt 0.607910 0.716553
vt 0.748291 0.333740
vt 0.785889 0.937256
vt 0.915283 0.792969
vt 0.289795 0.506592
vt 0.289795 0.274658
vt 0.845459 0.078125
vt 0.929199 0.360107
vt 0.122070 0.219482
vt 0.321289 0.990723
vt 0.953857 0.410889
vt 0.002930 0.804443
vt 0.125732 0.792969
vt 0.546387 0.054443
vt 0.614502 0.002197
vt 0.695557 0.321533
vt 0.019043 0.982666
vt 0.879395 0.275391
vt 0.916504 0.806641
vt 0.873291 0.275391
vt 0.922363 0.805176
vt 0.771729 0.879150
vt 0.913086 0.638916
vt 0.425293 0.051270
vt 0.956299 0.445068
vt 0.992188 0.907227
vt 0.996338 0.406494
vt 0.997559 0.377197
vt 0.406738 0.879883
vt 0.710693 0.297852
vt 0.180176 0.935059
vt 0.837891 0.602539
vt 0.919189 0.989502
vt 0.992432 0.239014
vt 0.331299 0.985352
vt 0.688477 0.982666
vt 0.989014 0.409424
vt 0.992188 0.290039
vt 0.992188 0.107910
vt 0.998047 0.283691
vt 0.199219 0.991211
vt 0.332764 0.985352
vt 0.992188 0.072754
vt 0.996094 0.735596
vt 0.020996 0.923584
vt 0.087891 0.990479
vt 0.979248 0.346924
vt 0.992188 0.117432
vt 0.055908 0.375977
vt 0.175781 0.333740
vt 0.739502 0.511230
vt 0.870117 0.439209
vt 0.945068 0.176514
vt 0.061523 0.185547
vt 0.254150 0.670410
vt 0.446045 0.186279
vt 0.489258 0.536865
vt 0.839600 0.342529
vt 0.283447 0.989502
vt 0.428223 0.982666
vt 0.633301 0.990234
vt 0.988037 0.814209
vt 0.996094 0.629395
vt 0.996582 0.665771
vt 0.996582 0.176758
vt 0.634033 0.984863
vt 0.979248 0.222900
vt 0.992188 0.627197
vt 0.995117 0.624512
vt 0.913330 0.710205
vt 0.988037 0.825928
vt 0.994385 0.918457
vt 0.632568 0.982666
vt 0.992188 0.812744
vt 0.992188 0.624023
vt 0.992188 0.918701
vt 0.139160 0.983154
vt 0.782715 0.449707
vt 0.852539 0.989502
vt 0.855225 0.252686
vt 0.998291 0.128906
vt 0.223145 0.122803
vt 0.864258 0.936035
vt 0.892334 0.367920
vt 0.903320 0.695801
vt 0.922363 0.596680
vt 0.964355 0.926758
vt 0.355225 0.932861
vt 0.748291 0.982666
vt 0.790283 0.448486
vt 0.846924 0.983887
vt 0.445312 0.058105
vt 0.992188 0.273682
vt 0.450439 0.056885
vt 0.996094 0.308594
vt 0.996826 0.271729
vt 0.072021 0.382324
vt 0.279541 0.651611
vt 0.778564 0.860352
vt 0.912354 0.924072
vt 0.618408 0.287354
vt 0.725586 0.383301
vt 0.617676 0.292480
vt 0.728271 0.388184
vt 0.263428 0.623779
vt 0.588379 0.854492
vt 0.867188 0.589355
vt 0.291748 0.086182
vt 0.786377 0.950684
vt 0.926270 0.444336
vt 0.927490 0.797607
vt 0.850586 0.126465
vt 0.895264 0.697510
vt 0.502686 0.823242
vt 0.519287 0.956055
vt 0.793213 0.932129
vt 0.052734 0.746094
vt 0.398682 0.628906
vt 0.937744 0.428467
vt 0.250244 0.653564
vt 0.781738 0.834473
vt 0.035889 0.210449
vt 0.850830 0.488281
vt 0.894775 0.677979
vt 0.939697 0.581543
vt 0.433838 0.749268
vt 0.589355 0.811768
vt 0.939697 0.300537
vt 0.145752 0.219971
vt 0.419922 0.052246
vt 0.182617 0.939697
vt 0.994629 0.907227
vt 0.997559 0.408447
vt 0.998047 0.239014
vt 0.952393 0.983398
vt 0.992676 0.070801
vt 0.996094 0.733643
vt 0.997070 0.563477
vt 0.953125 0.982666
vt 0.988037 0.865479
vt 0.992188 0.109375
vt 0.996826 0.562500
vt 0.997559 0.285156
vt 0.300537 0.866943
vt 0.913818 0.197021
vt 0.016113 0.916748
vt 0.249512 0.657471
vt 0.915771 0.717773
vt 0.282471 0.985107
vt 0.632568 0.985596
vt 0.995850 0.812744
vt 0.994385 0.919678
vt 0.282959 0.982666
vt 0.993164 0.623047
vt 0.993408 0.813477
vt 0.614258 0.986816
vt 0.858398 0.250977
vt 0.967773 0.355713
vt 0.998291 0.125244
vt 0.124756 0.972900
vt 0.451172 0.058838
vt 0.511719 0.827393
vt 0.997803 0.306885
vt 0.998047 0.273682
vt 0.998291 0.148926
vt 0.124756 0.966797
vt 0.444580 0.059814
vt 0.189209 0.609619
vt 0.592041 0.854004
vt 0.003662 0.156494
vt 0.078369 0.955078
vt 0.493408 0.770996
vt 0.844971 0.237549
vt 0.866211 0.938477
vt 0.244629 0.102051
vt 0.924072 0.159912
vt 0.979248 0.394043
vt 0.052734 0.449707
vt 0.243164 0.103760
vt 0.924805 0.515625
vt 0.979248 0.391846
vt 0.876465 0.277588
vt 0.919922 0.808105
vt 0.023438 0.214844
vt 0.685059 0.169678
vt 0.926514 0.581543
vt 0.943359 0.739502
vt 0.430908 0.765381
vt 0.485596 0.912598
vt 0.590576 0.825684
vt 0.929199 0.312744
vt 0.123047 0.786865
vt 0.543213 0.930908
vt 0.773438 0.872314
vt 0.846680 0.465576
vt 0.913574 0.632812
vt 0.093994 0.990967
vt 0.713867 0.443848
vt 0.992432 0.111816
vt 0.199707 0.987305
vt 0.334717 0.982666
vt 0.984131 0.409424
vt 0.983154 0.864258
vt 0.983398 0.410645
vt 0.992188 0.283691
vt 0.280518 0.990967
vt 0.985107 0.218994
vt 0.988281 0.811279
vt 0.988281 0.629395
vt 0.280518 0.985352
vt 0.979736 0.220459
vt 0.996826 0.623047
vt 0.532227 0.209473
vt 0.893555 0.423340
vt 0.936279 0.915283
vt 0.428223 0.990479
vt 0.858887 0.259766
vt 0.965332 0.364502
vt 0.979248 0.811279
vt 0.979248 0.629395
vt 0.353027 0.906494
vt 0.831299 0.332764
vt 0.104736 0.963623
vt 0.786865 0.953857
vt 0.874756 0.960693
vt 0.953613 0.878418
vt 0.315918 0.990723
vt 0.949707 0.406982
vt 0.985352 0.184814
vt 0.985107 0.025146
vt 0.985107 0.007812
vt 0.984375 0.021729
vt 0.983643 0.017822
vt 0.983643 0.015381
vt 0.037842 0.213135
vt 0.931641 0.080811
vt 0.936279 0.195801
vt 0.431641 0.736328
vt 0.591309 0.798096
vt 0.200684 0.986816
vt 0.983643 0.865967
vt 0.992188 0.735352
vt 0.992188 0.563477
vt 0.908936 0.712158
vt 0.988037 0.831543
vt 0.600342 0.459717
vt 0.895752 0.424805
vt 0.525635 0.244141
vt 0.885010 0.832764
vt 0.968018 0.088623
vt 0.988525 0.476074
vt 0.358398 0.919922
vt 0.875977 0.051758
vt 0.012207 0.260010
vt 0.105225 0.974854
vt 0.530518 0.830811
vt 0.625488 0.263184
vt 0.865479 0.966064
vt 0.245850 0.939209
vt 0.279297 0.927246
vt 0.544434 0.721191
vt 0.846680 0.853271
vt 0.056641 0.388672
vt 0.102539 0.257568
vt 0.748291 0.814941
vt 0.759766 0.860840
vt 0.892090 0.534668
vt 0.904785 0.256104
vt 0.260010 0.906250
vt 0.628906 0.022949
vt 0.855469 0.243164
vt 0.131836 0.463867
vt 0.216064 0.611328
vt 0.437500 0.584961
vt 0.529785 0.746582
vt 0.918701 0.365967
vt 0.001709 0.199219
vt 0.498535 0.813721
vt 0.001709 0.203857
vt 0.499268 0.817871
vt 0.520752 0.949951
vt 0.988281 0.651611
vt 0.024170 0.217773
vt 0.921631 0.196777
vt 0.925781 0.903564
vt 0.940674 0.741211
vt 0.019531 0.929199
vt 0.704590 0.989990
vt 0.752441 0.989990
vt 0.992188 0.637207
vt 0.996582 0.676514
vt 0.998291 0.115967
vt 0.015625 0.923340
vt 0.249512 0.664062
vt 0.704590 0.982666
vt 0.199219 0.982666
vt 0.979248 0.865967
vt 0.979248 0.409424
vt 0.360107 0.937988
vt 0.524414 0.054688
vt 0.747070 0.989746
vt 0.780029 0.028076
vt 0.876221 0.068604
vt 0.979248 0.469971
vt 0.024658 0.889160
vt 0.616943 0.311279
vt 0.165527 0.161865
vt 0.335449 0.648438
vt 0.923096 0.941406
vt 0.961426 0.005127
vt 0.052734 0.724365
vt 0.943115 0.407959
vt 0.988525 0.488525
vt 0.989258 0.189453
vt 0.496582 0.842773
vt 0.515625 0.725830
vt 0.693848 0.460205
vt 0.847900 0.824707
vt 0.056885 0.443359
vt 0.066406 0.649902
vt 0.131836 0.819336
vt 0.133545 0.696045
vt 0.540527 0.924561
vt 0.845703 0.458496
vt 0.145752 0.235352
vt 0.253174 0.070312
vt 0.414551 0.063232
vt 0.565674 0.912842
vt 0.723145 0.484863
vt 0.816895 0.871094
vt 0.204834 0.950439
vt 0.677979 0.939697
vt 0.708984 0.312744
vt 0.922363 0.266846
vt 0.001709 0.576172
vt 0.085205 0.944092
vt 0.918945 0.916260
vt 0.056885 0.384766
vt 0.093994 0.982666
vt 0.243896 0.658936
vt 0.415039 0.813232
vt 0.623535 0.467285
vt 0.719971 0.438232
vt 0.804199 0.687988
vt 0.810059 0.292725
vt 0.885254 0.504883
vt 0.912109 0.722168
vt 0.945068 0.186279
vt 0.988770 0.346924
vt 0.851318 0.937988
vt 0.875977 0.089600
vt 0.892334 0.380859
vt 0.024658 0.937256
vt 0.105469 0.228760
vt 0.759766 0.833984
vt 0.876465 0.928955
vt 0.001953 0.194824
vt 0.495605 0.810547
vt 0.068115 0.830811
vt 0.530518 0.955078
vt 0.822021 0.864258
vt 0.496094 0.850098
vt 0.858154 0.791260
vt 0.042480 0.344971
vt 0.480225 0.218750
vt 0.127930 0.816895
vt 0.677490 0.302490
vt 0.987061 0.017822
vt 0.987061 0.015137
vt 0.001465 0.916992
vt 0.621826 0.471436
vt 0.748291 0.759033
vt 0.845215 0.932861
vt 0.907227 0.332520
vt 0.410889 0.892578
vt 0.674072 0.937744
vt 0.713135 0.312744
vt 0.298096 0.877686
vt 0.717041 0.449219
vt 0.996582 0.637207
vt 0.998291 0.111816
vt 0.419189 0.850098
vt 0.465576 0.295166
vt 0.587646 0.470459
vt 0.247803 0.669678
vt 0.702637 0.988281
vt 0.994873 0.674561
vt 0.834961 0.338135
vt 0.992920 0.727539
vt 0.519775 0.180908
vt 0.837158 0.337402
vt 0.992188 0.725342
vt 0.203857 0.956299
vt 0.662109 0.001465
vt 0.927490 0.939697
vt 0.957031 0.002686
vt 0.021240 0.911621
vt 0.614014 0.333740
vt 0.902100 0.557129
vt 0.797607 0.920898
vt 0.899658 0.779541
vt 0.908203 0.558350
vt 0.012207 0.200684
vt 0.067627 0.820801
vt 0.530273 0.882080
vt 0.887451 0.966064
vt 0.979248 0.657227
vt 0.479492 0.239014
vt 0.518799 0.856445
vt 0.025391 0.867432
vt 0.234131 0.016113
vt 0.319092 0.579590
vt 0.548828 0.354004
vt 0.989014 0.022705
vt 0.989014 0.010254
vt 0.001709 0.596680
vt 0.724609 0.556152
vt 0.433838 0.057861
vt 0.506104 0.890625
vt 0.909668 0.279541
vt 0.962646 0.453125
vt 0.302979 0.911621
vt 0.332031 0.061523
vt 0.363037 0.633057
vt 0.243164 0.663818
vt 0.720215 0.443115
vt 0.060791 0.195557
vt 0.292725 0.864258
vt 0.491943 0.546387
vt 0.734375 0.236572
vt 0.907227 0.201904
vt 0.520996 0.061279
vt 0.890625 0.832764
vt 0.987305 0.470459
vt 0.209961 0.123047
vt 0.882568 0.362793
vt 0.012207 0.237061
vt 0.254395 0.960205
vt 0.631348 0.239746
vt 0.866699 0.358154
vt 0.038330 0.887451
vt 0.238281 0.287354
vt 0.419922 0.831299
vt 0.437500 0.545166
vt 0.906494 0.216309
vt 0.069580 0.825928
vt 0.530518 0.949951
vt 0.979248 0.651611
vt 0.157227 0.205322
vt 0.476074 0.265869
vt 0.233398 0.024658
vt 0.797852 0.446045
vt 0.306396 0.566650
vt 0.804199 0.445801
vt 0.099121 0.705811
vt 0.308105 0.541992
vt 0.099121 0.684326
vt 0.337158 0.266846
vt 0.989502 0.019775
vt 0.989502 0.013428
vt 0.611816 0.471436
vt 0.890625 0.767334
vt 0.966064 0.853271
vt 0.175781 0.447510
vt 0.413330 0.634521
vt 0.418701 0.792236
vt 0.488281 0.942139
vt 0.745117 0.860107
vt 0.314453 0.253418
vt 0.580566 0.655273
vt 0.764893 0.446777
vt 0.927490 0.630615
vt 0.337158 0.939697
vt 0.583252 0.653076
vt 0.894287 0.124756
vt 0.901123 0.208984
vt 0.924805 0.627686
vt 0.018799 0.026367
vt 0.270508 0.059814
vt 0.544189 0.840820
vt 0.570801 0.931885
vt 0.329834 0.064453
vt 0.358643 0.633545
vt 0.750732 0.985840
vt 0.994141 0.640869
vt 0.995117 0.609619
vt 0.247070 0.672852
vt 0.751709 0.985596
vt 0.992188 0.676514
vt 0.995117 0.560059
vt 0.528809 0.215820
vt 0.604248 0.465332
vt 0.633789 0.733887
vt 0.897705 0.417725
vt 0.041260 0.844971
vt 0.066650 0.370117
vt 0.415039 0.796875
vt 0.049316 0.188721
vt 0.166260 0.325439
vt 0.309082 0.144043
vt 0.879150 0.844971
vt 0.249268 0.909912
vt 0.780029 0.017578
vt 0.790527 0.695801
vt 0.838135 0.936035
vt 0.879883 0.078125
vt 0.360107 0.905273
vt 0.829590 0.339355
vt 0.883301 0.038574
vt 0.312988 0.655029
vt 0.918701 0.952148
vt 0.955566 0.844238
vt 0.810059 0.767578
vt 0.859375 0.129883
vt 0.004883 0.082520
vt 0.155518 0.216553
vt 0.249512 0.173828
vt 0.483398 0.244873
vt 0.510010 0.856689
vt 0.777100 0.229248
vt 0.778809 0.146729
vt 0.880615 0.631348
vt 0.488037 0.734375
vt 0.574219 0.930908
vt 0.668457 0.456299
vt 0.852051 0.795410
vt 0.883301 0.768066
vt 0.958740 0.857178
vt 0.537598 0.186279
vt 0.540527 0.896484
vt 0.846436 0.427734
vt 0.018799 0.005127
vt 0.159912 0.220947
vt 0.253174 0.049316
vt 0.431396 0.060547
vt 0.509521 0.890625
vt 0.296631 0.886963
vt 0.244873 0.672119
vt 0.720215 0.451416
vt 0.996094 0.641113
vt 0.996826 0.611084
vt 0.997070 0.558350
vt 0.275879 0.019531
vt 0.526855 0.062256
vt 0.781006 0.697510
vt 0.786865 0.026123
vt 0.834473 0.340820
vt 0.886230 0.034180
vt 0.906738 0.430420
vt 0.996338 0.727539
vt 0.521729 0.178223
vt 0.904785 0.430420
vt 0.995605 0.725342
vt 0.007080 0.018799
vt 0.045898 0.930908
vt 0.096680 0.893066
vt 0.152100 0.915771
vt 0.239014 0.140625
vt 0.891846 0.258301
vt 0.899414 0.054688
vt 0.101807 0.893799
vt 0.156250 0.918701
vt 0.812500 0.761475
vt 0.860596 0.123535
vt 0.044678 0.455078
vt 0.829102 0.484131
vt 0.932861 0.163086
vt 0.989014 0.393555
vt 0.019287 0.868896
vt 0.805908 0.791748
vt 0.860107 0.154541
vt 0.020264 0.330566
vt 0.558594 0.339111
vt 0.659912 0.620117
vt 0.426270 0.544922
vt 0.537598 0.338867
vt 0.681396 0.620117
vt 0.290527 0.901855
vt 0.328613 0.808350
vt 0.521484 0.186279
vt 0.846680 0.411621
vt 0.752441 0.982666
vt 0.992188 0.611084
vt 0.992188 0.558350
vt 0.012207 0.751465
vt 0.945801 0.468262
vt 0.525391 0.257568
vt 0.945801 0.468262
vt 0.961670 0.098389
vt 0.087891 0.929443
vt 0.532227 0.223145
vt 0.635986 0.741455
vt 0.929199 0.905029
vt 0.946045 0.589355
vt 0.260010 0.930420
vt 0.634766 0.279297
vt 0.744873 0.370361
vt 0.826904 0.853760
vt 0.110352 0.894287
vt 0.805664 0.784424
vt 0.860840 0.147217
vt 0.245850 0.933838
vt 0.337158 0.908203
vt 0.552246 0.852295
vt 0.570801 0.945068
vt 0.293213 0.899170
vt 0.324707 0.806885
vt 0.340576 0.639893
vt 0.834473 0.112305
vt 0.296143 0.895996
vt 0.321533 0.045654
vt 0.251709 0.737305
vt 0.421631 0.982666
vt 0.434570 0.666748
vt 0.468506 0.990234
vt 0.532227 0.253906
vt 0.817627 0.001709
vt 0.886230 0.844482
vt 0.093018 0.892334
vt 0.874756 0.328613
vt 0.901367 0.715332
vt 0.964355 0.946777
vt 0.059814 0.467041
vt 0.136719 0.720215
vt 0.823486 0.337158
vt 0.056152 0.464600
vt 0.125732 0.837891
vt 0.410889 0.720215
vt 0.658691 0.284424
vt 0.915771 0.779785
vt 0.201904 0.980225
vt 0.246582 0.279785
vt 0.294922 0.514893
vt 0.410400 0.825195
vt 0.638184 0.002686
vt 0.002686 0.862061
vt 0.136963 0.895264
vt 0.676270 0.960938
vt 0.556396 0.926514
vt 0.815674 0.889648
vt 0.292236 0.880371
vt 0.723145 0.248291
vt 0.427002 0.843506
vt 0.594727 0.477051
vt 0.053711 0.847900
vt 0.041016 0.846924
vt 0.868164 0.325195
vt 0.919434 0.612793
vt 0.958496 0.942383
vt 0.888672 0.040039
vt 0.908203 0.424316
vt 0.429443 0.569824
vt 0.805664 0.714844
vt 0.860596 0.078125
vt 0.918701 0.348877
vt 0.486572 0.822266
vt 0.241455 0.173828
vt 0.484619 0.249512
vt 0.772217 0.235596
vt 0.773193 0.151367
vt 0.864502 0.025146
vt 0.629883 0.785400
vt 0.829102 0.557617
vt 0.872314 0.632080
vt 0.212158 0.667480
vt 0.252686 0.104736
vt 0.407471 0.820068
vt 0.779785 0.794678
vt 0.845215 0.898926
vt 0.929199 0.354736
vt 0.418701 0.718994
vt 0.545410 0.008545
vt 0.595459 0.777100
vt 0.190918 0.719238
vt 0.292725 0.887939
vt 0.315918 0.037598
vt 0.719971 0.255615
vt 0.422119 0.873779
vt 0.141602 0.982666
vt 0.419922 0.601562
vt 0.421631 0.990479
vt 0.439209 0.672607
vt 0.260010 0.737305
vt 0.270508 0.028564
vt 0.287598 0.017578
vt 0.468506 0.982666
vt 0.528809 0.070801
vt 0.979248 0.042969
vt 0.517578 0.171631
vt 0.903076 0.422607
vt 0.229004 0.136475
vt 0.821289 0.754639
vt 0.895020 0.064453
vt 0.130127 0.896484
vt 0.676270 0.953125
vt 0.744141 0.337646
vt 0.824219 0.821533
vt 0.568848 0.356689
vt 0.642090 0.933350
vt 0.801025 0.230225
vt 0.924805 0.599365
vt 0.188232 0.727539
vt 0.714600 0.261963
vt 0.191406 0.729248
vt 0.317627 0.047852
vt 0.523438 0.072510
vt 0.822021 0.003906
vt 0.890625 0.844971
vt 0.002441 0.742188
vt 0.295166 0.123779
vt 0.959229 0.593018
vt 0.065674 0.845215
vt 0.932617 0.467041
vt 0.582520 0.838379
vt 0.884033 0.590332
vt 0.938721 0.874756
vt 0.786865 0.152344
vt 0.880615 0.620605
vt 0.910889 0.541992
vt 0.570801 0.358398
vt 0.708008 0.898682
vt 0.915039 0.385742
vt 0.926514 0.597412
vt 0.667236 0.982666
vt 0.887451 0.519531
vt 0.907471 0.736084
vt 0.856445 0.953369
vt 0.915039 0.614014
vt 0.879639 0.380859
vt 0.072021 0.419922
vt 0.894043 0.568848
vt 0.895752 0.952148
vt 0.938721 0.851318
vt 0.521729 0.748291
vt 0.599609 0.732422
vt 0.753662 0.315430
vt 0.766357 0.231934
vt 0.961426 0.259521
vt 0.295654 0.973145
vt 0.478760 0.770996
vt 0.620850 0.007080
vt 0.822021 0.323730
vt 0.855469 0.226562
vt 0.101807 0.902832
vt 0.152100 0.927490
vt 0.822021 0.760498
vt 0.899414 0.066650
vt 0.108154 0.902832
vt 0.666016 0.935791
vt 0.821045 0.766602
vt 0.079102 0.836182
vt 0.611572 0.869629
vt 0.833252 0.857422
vt 0.939941 0.657959
vt 0.191406 0.132812
vt 0.208984 0.343994
vt 0.895264 0.049072
vt 0.204834 0.344238
vt 0.790527 0.581543
vt 0.899658 0.049072
vt 0.247803 0.124268
vt 0.928223 0.536621
vt 0.166016 0.409912
vt 0.449463 0.625488
vt 0.767578 0.889160
vt 0.681396 0.898682
vt 0.776367 0.445312
vt 0.933838 0.622070
vt 0.866455 0.455322
vt 0.894043 0.639893
vt 0.177490 0.802734
vt 0.736572 0.516602
vt 0.122314 0.018555
vt 0.186279 0.141602
vt 0.231445 0.926025
vt 0.556152 0.938965
vt 0.659180 0.915283
vt 0.816406 0.902832
vt 0.188232 0.739502
vt 0.316406 0.057861
vt 0.463867 0.949463
vt 0.595459 0.736816
vt 0.640625 0.787354
vt 0.708252 0.272217
vt 0.839355 0.387939
vt 0.083252 0.888916
vt 0.901367 0.726318
vt 0.939697 0.341797
vt 0.432861 0.836426
vt 0.601562 0.483154
vt 0.633789 0.751953
vt 0.732666 0.198730
vt 0.947266 0.599121
vt 0.145996 0.983154
vt 0.254150 0.744385
vt 0.425781 0.989258
vt 0.254150 0.512939
vt 0.527100 0.219727
vt 0.850830 0.953369
vt 0.890625 0.058350
vt 0.911621 0.405762
vt 0.047607 0.375488
vt 0.119141 0.296387
vt 0.051270 0.374512
vt 0.691895 0.129883
vt 0.288086 0.884521
vt 0.702881 0.941162
vt 0.748291 0.314453
vt 0.966064 0.257080
vt 0.293945 0.067871
vt 0.926514 0.778809
vt 0.478271 0.894043
vt 0.541016 0.883789
vt 0.010254 0.871338
vt 0.664307 0.960938
vt 0.815430 0.793945
vt 0.635742 0.790527
vt 0.822998 0.563965
vt 0.872070 0.023193
vt 0.744873 0.310791
vt 0.823242 0.795410
vt 0.791992 0.239014
vt 0.913574 0.124268
vt 0.930664 0.609131
vt 0.463135 0.910889
vt 0.567627 0.821533
vt 0.735840 0.603027
vt 0.568359 0.801514
vt 0.929199 0.279541
vt 0.189209 0.802490
vt 0.737549 0.504639
vt 0.935303 0.819336
vt 0.324707 0.822021
vt 0.459229 0.964600
vt 0.834473 0.100098
vt 0.836914 0.403320
vt 0.045410 0.856445
vt 0.093018 0.879883
vt 0.426758 0.797119
vt 0.818604 0.309082
vt 0.868164 0.337158
vt 0.933105 0.331787
vt 0.291504 0.027344
vt 0.462158 0.989014
vt 0.818359 0.008301
vt 0.317383 0.787109
vt 0.502686 0.160156
vt 0.769531 0.969238
vt 0.897949 0.404053
vt 0.966064 0.859131
vt 0.136963 0.747803
vt 0.827393 0.359619
vt 0.279297 0.956543
vt 0.512451 0.726807
vt 0.575928 0.734375
vt 0.658691 0.938965
vt 0.334229 0.667480
vt 0.567139 0.832275
vt 0.922607 0.961426
vt 0.954590 0.868164
vt 0.239014 0.098633
vt 0.425537 0.554932
vt 0.822021 0.713379
vt 0.891846 0.212891
vt 0.476318 0.899170
vt 0.540283 0.889648
vt 0.663818 0.952637
vt 0.817383 0.785889
vt 0.254639 0.121826
vt 0.924072 0.180908
vt 0.379395 0.797607
vt 0.879150 0.785400
vt 0.962646 0.657959
vt 0.164062 0.801270
vt 0.738037 0.529541
vt 0.827637 0.463379
vt 0.867676 0.448486
vt 0.894287 0.633789
vt 0.560303 0.002441
vt 0.636719 0.843994
vt 0.747070 0.910889
vt 0.569092 0.856934
vt 0.886719 0.168945
vt 0.534668 0.002441
vt 0.595215 0.764648
vt 0.636719 0.818359
vt 0.315918 0.075439
vt 0.339844 0.629150
vt 0.463867 0.968018
vt 0.837891 0.103516
vt 0.423828 0.894043
vt 0.674316 0.925049
vt 0.804443 0.704346
vt 0.810059 0.309082
vt 0.933350 0.341309
vt 0.042480 0.857422
vt 0.920410 0.624268
vt 0.520996 0.077393
vt 0.820068 0.008789
vt 0.996826 0.613525
vt 0.094971 0.746826
vt 0.249756 0.923584
vt 0.787842 0.710938
vt 0.973145 0.069092
vt 0.257568 0.858887
vt 0.845215 0.953857
vt 0.962158 0.057861
vt 0.251465 0.513672
vt 0.848145 0.954590
vt 0.880371 0.398682
vt 0.892334 0.076904
vt 0.911621 0.385986
vt 0.641113 0.257568
vt 0.859619 0.378418
vt 0.056152 0.489990
vt 0.275635 0.814209
vt 0.428711 0.741943
vt 0.822998 0.358887
vt 0.187500 0.589844
vt 0.313965 0.942627
vt 0.586914 0.834717
vt 0.002197 0.059814
vt 0.081055 0.826904
vt 0.474609 0.906494
vt 0.535889 0.895996
vt 0.085449 0.850342
vt 0.094971 0.816895
vt 0.372070 0.796631
vt 0.955322 0.658447
vt 0.247314 0.130371
vt 0.820068 0.878906
vt 0.929199 0.542480
vt 0.882812 0.606201
vt 0.911621 0.524658
vt 0.694092 0.899658
vt 0.934570 0.607422
vt 0.209717 0.936035
vt 0.677490 0.925049
vt 0.433350 0.851074
vt 0.728516 0.186035
vt 0.049316 0.210693
vt 0.288574 0.144043
vt 0.723145 0.218262
vt 0.959229 0.616699
vt 0.141602 0.990967
vt 0.419189 0.609863
vt 0.854980 0.982666
vt 0.080566 0.853027
vt 0.259277 0.748291
vt 0.411377 0.603027
vt 0.424805 0.613281
vt 0.434570 0.679932
vt 0.532227 0.267090
vt 0.946777 0.479492
vt 0.989502 0.042969
vt 0.288330 0.027588
vt 0.522949 0.079102
vt 0.992188 0.234863
vt 0.996826 0.615967
vt 0.254639 0.923096
vt 0.839600 0.952148
vt 0.243164 0.135986
vt 0.823975 0.884033
vt 0.887207 0.593994
vt 0.910889 0.508301
vt 0.971436 0.001465
vt 0.782959 0.158203
vt 0.859619 0.014160
vt 0.891357 0.630127
vt 0.916992 0.544678
vt 0.823242 0.548828
vt 0.871338 0.620361
vt 0.159912 0.381104
vt 0.474121 0.609863
vt 0.827148 0.457520
vt 0.866211 0.442871
vt 0.570801 0.851318
vt 0.885742 0.163086
vt 0.919189 0.750000
vt 0.035156 0.009766
vt 0.293213 0.812256
vt 0.562012 0.825439
vt 0.919189 0.722656
vt 0.796387 0.704346
vt 0.894043 0.522217
vt 0.933105 0.350830
vt 0.661377 0.982666
vt 0.764160 0.982666
vt 0.902100 0.735840
vt 0.937744 0.351562
vt 0.061768 0.855957
vt 0.090576 0.757080
vt 0.458984 0.045898
vt 0.868164 0.916992
vt 0.973145 0.080811
vt 0.275879 0.035156
vt 0.428711 0.600830
vt 0.781006 0.713135
vt 0.871338 0.905518
vt 0.966553 0.071289
vt 0.980469 0.034180
vt 0.641113 0.279297
vt 0.786865 0.973145
vt 0.863037 0.398682
vt 0.865479 0.942383
vt 0.893799 0.385742
vt 0.212158 0.590820
vt 0.312500 0.968018
vt 0.420654 0.572266
vt 0.477783 0.825439
vt 0.817627 0.376709
vt 0.206299 0.132812
vt 0.671631 0.767090
vt 0.037109 0.605225
vt 0.653564 0.857178
vt 0.685059 0.136475
vt 0.764160 0.897217
vt 0.852051 0.448242
vt 0.927002 0.548584
vt 0.568848 0.846191
vt 0.920166 0.744629
vt 0.005371 0.367188
vt 0.033936 0.001221
vt 0.296875 0.860107
vt 0.302246 0.811035
vt 0.507324 0.875732
vt 0.537354 0.926025
vt 0.918945 0.291504
vt 0.002197 0.365967
vt 0.226562 0.940430
vt 0.922363 0.290771
vt 0.664062 0.989990
vt 0.768555 0.989258
vt 0.886719 0.528564
vt 0.989258 0.279297
vt 0.992188 0.548584
vt 0.043457 0.864014
vt 0.258301 0.023926
vt 0.922363 0.632080
vt 0.145996 0.990234
vt 0.251953 0.751221
vt 0.858643 0.983398
vt 0.254150 0.523926
vt 0.525879 0.230713
vt 0.530518 0.230469
vt 0.855469 0.963379
vt 0.915771 0.624512
vt 0.263184 0.885986
vt 0.305664 0.972900
vt 0.332031 0.052734
vt 0.628906 0.001953
vt 0.704346 0.966064
vt 0.476807 0.820068
vt 0.816162 0.371582
vt 0.476562 0.850342
vt 0.819580 0.401123
vt 0.862549 0.807617
vt 0.434814 0.859619
vt 0.727295 0.175781
vt 0.079590 0.982666
vt 0.257080 0.752930
vt 0.411377 0.608398
vt 0.048828 0.864014
vt 0.256592 0.531250
vt 0.523682 0.238037
vt 0.979248 0.724609
vt 0.289551 0.032715
vt 0.781494 0.989746
vt 0.817627 0.014160
vt 0.997314 0.529053
vt 0.780029 0.989258
vt 0.818848 0.013672
vt 0.992188 0.615479
vt 0.996094 0.236328
vt 0.997314 0.470215
vt 0.256104 0.957275
vt 0.639404 0.312500
vt 0.640137 0.943359
vt 0.633301 0.333252
vt 0.639160 0.966064
vt 0.895996 0.538574
vt 0.966064 0.203857
vt 0.180176 0.956299
vt 0.334717 0.942627
vt 0.568359 0.827148
vt 0.927490 0.964355
vt 0.475098 0.842773
vt 0.818604 0.394043
vt 0.812988 0.494141
vt 0.930908 0.182129
vt 0.253906 0.131592
vt 0.891357 0.583008
vt 0.925293 0.190430
vt 0.505371 0.347412
vt 0.679932 0.767334
vt 0.052734 0.476074
vt 0.816895 0.501709
vt 0.921143 0.541748
vt 0.001709 0.467773
vt 0.533936 0.337158
vt 0.253906 0.868408
vt 0.962646 0.068848
vt 0.094727 0.756104
vt 0.250732 0.933594
vt 0.517334 0.342285
vt 0.892090 0.609863
vt 0.918701 0.524414
vt 0.815918 0.552002
vt 0.865234 0.011230
vt 0.897949 0.630615
vt 0.569824 0.772705
vt 0.722656 0.982666
vt 0.890625 0.529541
vt 0.935303 0.358398
vt 0.949951 0.982666
vt 0.764160 0.989746
vt 0.938965 0.358643
vt 0.992188 0.552734
vt 0.079590 0.989990
vt 0.414551 0.614746
vt 0.574951 0.990234
vt 0.854980 0.989746
vt 0.992188 0.787109
vt 0.068115 0.862549
vt 0.226562 0.158691
vt 0.463867 0.053955
vt 0.254150 0.024170
vt 0.528809 0.238281
vt 0.918457 0.632324
vt 0.249268 0.524170
vt 0.258301 0.869385
vt 0.846191 0.964355
vt 0.287598 0.033447
vt 0.996338 0.472412
vt 0.996582 0.526611
vt 0.998047 0.234863
vt 0.781982 0.987549
vt 0.994629 0.528076
vt 0.780518 0.987061
vt 0.994873 0.470459
vt 0.135986 0.772461
vt 0.826904 0.379150
vt 0.130615 0.716553
vt 0.294678 0.826172
vt 0.822998 0.377686
vt 0.249023 0.140625
vt 0.893311 0.593262
vt 0.917969 0.507812
vt 0.818115 0.512451
vt 0.820068 0.890625
vt 0.921143 0.549805
vt 0.963867 0.004883
vt 0.818604 0.530518
vt 0.874268 0.604004
vt 0.971436 0.015869
vt 0.440674 0.808105
vt 0.597168 0.922363
vt 0.607666 0.448730
vt 0.929199 0.319336
vt 0.958740 0.833740
vt 0.468994 0.784180
vt 0.574219 0.896240
vt 0.746094 0.053955
vt 0.751953 0.294434
vt 0.823242 0.776367
vt 0.656982 0.832520
vt 0.823730 0.431396
vt 0.850830 0.423340
vt 0.573486 0.745361
vt 0.699463 0.250732
vt 0.722656 0.989990
vt 0.885254 0.533936
vt 0.984375 0.281982
vt 0.997070 0.536377
vt 0.439209 0.854492
vt 0.722168 0.183594
vt 0.041260 0.869873
vt 0.257568 0.029785
vt 0.253174 0.757080
vt 0.857666 0.989502
vt 0.992188 0.783936
vt 0.060059 0.864502
vt 0.250000 0.875244
vt 0.250977 0.764648
vt 0.964355 0.076416
vt 0.254639 0.933838
vt 0.838867 0.962646
vt 0.958496 0.068604
vt 0.994629 0.526611
vt 0.994629 0.471924
vt 0.781250 0.985352
vt 0.992920 0.470215
vt 0.995361 0.859619
vt 0.782227 0.984863
vt 0.992188 0.528320
vt 0.995605 0.825684
vt 0.780029 0.982666
vt 0.992188 0.859619
vt 0.992188 0.825684
vt 0.506348 0.748291
vt 0.658691 0.961426
vt 0.771240 0.217773
vt 0.965820 0.224121
vt 0.096436 0.739990
vt 0.155273 0.478516
vt 0.311035 0.053223
vt 0.505859 0.863037
vt 0.180420 0.979004
vt 0.335449 0.965332
vt 0.410400 0.848389
vt 0.417480 0.550049
vt 0.189697 0.860596
vt 0.540039 0.801758
vt 0.939697 0.363525
vt 0.949951 0.989502
vt 0.983154 0.280029
vt 0.995605 0.467773
vt 0.997070 0.552490
vt 0.083008 0.396240
vt 0.723633 0.176025
vt 0.065430 0.863770
vt 0.094971 0.764160
vt 0.249268 0.941162
vt 0.874512 0.687744
vt 0.219727 0.157959
vt 0.433838 0.609863
vt 0.458984 0.059814
vt 0.563477 0.210449
vt 0.860840 0.905518
vt 0.992188 0.526611
vt 0.992188 0.470947
vt 0.995361 0.860596
vt 0.995361 0.824463
vt 0.467285 0.971436
vt 0.899658 0.534912
vt 0.902588 0.755615
vt 0.961182 0.202393
vt 0.157227 0.350098
vt 0.500977 0.593994
vt 0.011230 0.576904
vt 0.139648 0.798828
vt 0.436768 0.904053
vt 0.746338 0.552246
vt 0.168945 0.860596
vt 0.537842 0.820801
vt 0.706299 0.600342
vt 0.724854 0.988037
vt 0.947754 0.988037
vt 0.995605 0.539307
vt 0.997559 0.465820
vt 0.080322 0.866211
vt 0.433838 0.621826
vt 0.563477 0.221436
vt 0.979248 0.107910
vt 0.051025 0.871582
vt 0.253906 0.539307
vt 0.948486 0.682861
vt 0.438477 0.869385
vt 0.724609 0.164307
vt 0.045898 0.870850
vt 0.600098 0.982666
vt 0.986328 0.727051
vt 0.996582 0.682861
vt 0.254883 0.029785
vt 0.530518 0.244141
vt 0.988281 0.724609
vt 0.993652 0.684082
vt 0.249268 0.532471
vt 0.255859 0.876953
vt 0.111084 0.737793
vt 0.156982 0.493408
vt 0.295654 0.958984
vt 0.323975 0.036133
vt 0.805908 0.321533
vt 0.007080 0.047607
vt 0.091309 0.820801
vt 0.106201 0.788330
vt 0.419189 0.657715
vt 0.463135 0.945068
vt 0.664062 0.302979
vt 0.743164 0.633057
vt 0.114014 0.937988
vt 0.142334 0.229980
vt 0.748291 0.488525
vt 0.793457 0.879883
vt 0.940430 0.021484
vt 0.953857 0.819580
vt 0.072266 0.868896
vt 0.226318 0.166992
vt 0.058594 0.870850
vt 0.250000 0.882568
vt 0.075195 0.991211
vt 0.577148 0.986328
vt 0.995605 0.801270
vt 0.041016 0.873291
vt 0.255859 0.032715
vt 0.995117 0.715088
vt 0.074707 0.988770
vt 0.254883 0.760742
vt 0.995361 0.799072
vt 0.996094 0.750244
vt 0.254883 0.031494
vt 0.600098 0.986816
vt 0.992188 0.682861
vt 0.252441 0.760498
vt 0.574951 0.985840
vt 0.994629 0.748291
vt 0.995850 0.784180
vt 0.253174 0.941650
vt 0.878418 0.687988
vt 0.959961 0.076660
vt 0.100830 0.645508
vt 0.157471 0.721436
vt 0.114502 0.781006
vt 0.806641 0.363037
vt 0.002197 0.045410
vt 0.103760 0.783447
vt 0.489014 0.903809
vt 0.808838 0.504150
vt 0.897949 0.582520
vt 0.932617 0.193115
vt 0.003906 0.305664
vt 0.169189 0.833008
vt 0.136963 0.913086
vt 0.187744 0.833740
vt 0.512207 0.805176
vt 0.935303 0.850342
vt 0.979248 0.279297
vt 0.992188 0.536377
vt 0.992188 0.465820
vt 0.084229 0.407715
vt 0.719482 0.166260
vt 0.250244 0.539062
vt 0.254395 0.883545
vt 0.944824 0.682373
vt 0.043213 0.873779
vt 0.598389 0.986328
vt 0.996338 0.716553
vt 0.115967 0.786377
vt 0.806396 0.368408
vt 0.094971 0.827881
vt 0.107422 0.795898
vt 0.809570 0.513428
vt 0.899414 0.591309
vt 0.810547 0.532227
vt 0.899414 0.610107
vt 0.012207 0.461426
vt 0.035156 0.890625
vt 0.347412 0.581543
vt 0.727295 0.628662
vt 0.049805 0.876953
vt 0.948486 0.688477
vt 0.979248 0.979736
vt 0.081787 0.408203
vt 0.316895 0.712646
vt 0.719971 0.164795
vt 0.957275 0.773682
vt 0.221191 0.166504
vt 0.567383 0.218018
vt 0.979980 0.101807
vt 0.316895 0.730713
vt 0.438477 0.885498
vt 0.673340 0.909424
vt 0.724121 0.145752
vt 0.254150 0.035156
vt 0.598877 0.990234
vt 0.992188 0.716553
vt 0.467773 0.946777
vt 0.682129 0.940918
vt 0.766357 0.214600
vt 0.961182 0.226562
vt 0.966064 0.275879
vt 0.117432 0.792480
vt 0.805908 0.374756
vt 0.112793 0.822021
vt 0.379395 0.781494
vt 0.880127 0.801514
vt 0.261230 0.011963
vt 0.344727 0.589355
vt 0.055176 0.877197
vt 0.251953 0.889893
vt 0.066650 0.870361
vt 0.875000 0.693604
vt 0.062500 0.871338
vt 0.252930 0.771729
vt 0.563965 0.990479
vt 0.575684 0.982666
vt 0.992188 0.801270
vt 0.992188 0.750244
vt 0.110840 0.815186
vt 0.372070 0.780518
vt 0.123047 0.819824
vt 0.807861 0.402344
vt 0.873291 0.809814
vt 0.386963 0.873047
vt 0.895996 0.081299
vt 0.901123 0.165039
vt 0.540283 0.775879
vt 0.541748 0.748779
vt 0.699463 0.217529
vt 0.255127 0.889160
vt 0.944824 0.687988
vt 0.204834 0.919189
vt 0.321533 0.730713
vt 0.677979 0.908691
vt 0.758789 0.555176
vt 0.946777 0.791016
vt 0.250977 0.772949
vt 0.877686 0.693359
vt 0.958496 0.082520
vt 0.133545 0.797607
vt 0.133545 0.741943
vt 0.523682 0.287842
vt 0.822998 0.398682
vt 0.130615 0.743164
vt 0.316162 0.839355
vt 0.527100 0.289795
vt 0.123047 0.812256
vt 0.806641 0.395264
vt 0.135254 0.242432
vt 0.793457 0.895020
vt 0.797363 0.192383
vt 0.080811 0.873535
vt 0.985352 0.106201
vt 0.998047 0.192871
vt 0.262939 0.020020
vt 0.795654 0.416504
vt 0.866455 0.131836
vt 0.522705 0.887695
vt 0.762695 0.444336
vt 0.799072 0.256592
vt 0.278076 0.575439
vt 0.802002 0.416260
vt 0.872803 0.131348
vt 0.054443 0.318848
vt 0.507324 0.222168
vt 0.527100 0.888916
vt 0.968018 0.720459
vt 0.048584 0.882568
vt 0.984131 0.977783
vt 0.996582 0.692383
vt 0.075928 0.875488
vt 0.223389 0.173828
vt 0.992188 0.606934
vt 0.065430 0.874023
vt 0.562744 0.986572
vt 0.996094 0.756348
vt 0.152832 0.320801
vt 0.528076 0.583740
vt 0.165039 0.470947
vt 0.301758 0.045898
vt 0.491943 0.971436
vt 0.927490 0.756348
vt 0.014160 0.060547
vt 0.181396 0.223877
vt 0.787598 0.257568
vt 0.829102 0.478760
vt 0.951660 0.210693
vt 0.515137 0.886963
vt 0.793701 0.255615
vt 0.824219 0.483154
vt 0.384521 0.866943
vt 0.900635 0.157959
vt 0.935303 0.753662
vt 0.135254 0.220947
vt 0.711182 0.901855
vt 0.801025 0.167725
vt 0.952148 0.022949
vt 0.312744 0.850342
vt 0.384277 0.816162
vt 0.543701 0.943359
vt 0.084229 0.423340
vt 0.208984 0.235840
vt 0.514404 0.089844
vt 0.712891 0.152588
vt 0.739502 0.896973
vt 0.798828 0.141357
vt 0.957275 0.787842
vt 0.051025 0.883545
vt 0.256348 0.895996
vt 0.995361 0.794434
vt 0.995361 0.694824
vt 0.258301 0.894287
vt 0.946777 0.693848
vt 0.984375 0.979736
vt 0.995850 0.796631
vt 0.220215 0.173096
vt 0.986084 0.101807
vt 0.067627 0.874512
vt 0.876709 0.697510
vt 0.993896 0.757324
vt 0.251221 0.776367
vt 0.563965 0.985107
vt 0.877930 0.696777
vt 0.185059 0.213135
vt 0.503662 0.269287
vt 0.756836 0.259521
vt 0.383545 0.860840
vt 0.936279 0.748047
vt 0.114014 0.903809
vt 0.510986 0.779297
vt 0.711182 0.932861
vt 0.940430 0.052734
vt 0.302246 0.827393
vt 0.312744 0.865967
vt 0.383545 0.831543
vt 0.936279 0.718994
vt 0.005371 0.347900
vt 0.222656 0.921631
vt 0.546387 0.943359
vt 0.758789 0.572754
vt 0.165039 0.495361
vt 0.332031 0.031250
vt 0.490967 0.947510
vt 0.682129 0.964111
vt 0.270508 0.876465
vt 0.368164 0.113281
vt 0.858887 0.159912
vt 0.956787 0.579590
vt 0.642090 0.901367
vt 0.780518 0.205078
vt 0.797119 0.915283
vt 0.207520 0.247314
vt 0.394531 0.808350
vt 0.520020 0.100586
vt 0.537354 0.953857
vt 0.509033 0.754639
vt 0.700928 0.182861
vt 0.737061 0.927979
vt 0.079590 0.878662
vt 0.993408 0.190674
vt 0.996582 0.604492
vt 0.997803 0.338379
vt 0.997803 0.302734
vt 0.563721 0.982666
vt 0.878418 0.699219
vt 0.992188 0.756348
vt 0.180176 0.012207
vt 0.366943 0.123047
vt 0.001953 0.263916
vt 0.139648 0.867676
vt 0.242920 0.798096
vt 0.700195 0.625000
vt 0.987793 0.979492
vt 0.992188 0.796631
vt 0.992188 0.692383
vt 0.220703 0.177490
vt 0.996826 0.606934
vt 0.996826 0.336182
vt 0.997559 0.482422
vt 0.219727 0.176758
vt 0.989502 0.101807
vt 0.992188 0.192871
vt 0.996094 0.304443
vt 0.996582 0.481201
vt 0.175781 0.019043
vt 0.518799 0.219971
vt 0.849121 0.370605
vt 0.261963 0.878418
vt 0.519287 0.212646
vt 0.841797 0.370361
vt 0.964355 0.575684
vt 0.065918 0.705566
vt 0.274658 0.542725
vt 0.065918 0.684082
vt 0.364746 0.259521
vt 0.766113 0.207764
vt 0.912598 0.084473
vt 0.514404 0.103760
vt 0.543457 0.953125
vt 0.767578 0.567139
vt 0.957275 0.801025
vt 0.035156 0.302490
vt 0.385986 0.068604
vt 0.556396 0.307861
vt 0.962891 0.744873
vt 0.451904 0.531494
vt 0.535400 0.307861
vt 0.020752 0.285400
vt 0.140137 0.842773
vt 0.463379 0.649658
vt 0.745117 0.908203
vt 0.006836 0.552979
vt 0.032227 0.300293
vt 0.141113 0.825684
vt 0.461914 0.906738
vt 0.992188 0.482422
vt 0.992188 0.338379
vt 0.992188 0.302734
vt 0.401123 0.864746
vt 0.763916 0.201904
vt 0.913574 0.078857
vt 0.051025 0.404297
vt 0.149170 0.291748
vt 0.054688 0.403320
vt 0.718994 0.141846
vt 0.400879 0.859131
vt 0.765625 0.196777
vt 0.409180 0.055908
vt 0.527100 0.902100
vt 0.804443 0.270508
vt 0.955566 0.720459
vt 0.048340 0.579834
vt 0.436768 0.939697
vt 0.208984 0.273926
vt 0.405762 0.834473
vt 0.780273 0.176270
vt 0.159180 0.789062
vt 0.517578 0.261719
vt 0.294922 0.856201
vt 0.521729 0.263672
vt 0.821045 0.468018
vt 0.954834 0.197266
vt 0.111084 0.626221
vt 0.508789 0.900879
vt 0.813232 0.479980
vt 0.814453 0.471191
vt 0.772949 0.428711
vt 0.794678 0.274902
vt 0.962646 0.195801
vt 0.634766 0.338379
vt 0.724365 0.672607
vt 0.792236 0.142334
vt 0.836182 0.733398
vt 0.899414 0.826416
vt 0.520752 0.306152
vt 0.513428 0.906494
vt 0.780518 0.434570
vt 0.808105 0.484863
vt 0.858643 0.681641
vt 0.085693 0.730469
vt 0.836182 0.750000
vt 0.909424 0.838867
vt 0.002930 0.434326
vt 0.375488 0.587646
vt 0.527832 0.302979
vt 0.871582 0.688721
vt 0.818115 0.458740
vt 0.881836 0.154541
vt 0.951660 0.188721
vt 0.290039 0.005127
vt 0.373779 0.595947
vt 0.464111 0.674561
vt 0.652588 0.348389
vt 0.808105 0.469971
vt 0.811035 0.461182
vt 0.864746 0.670166
vt 0.252441 0.586182
vt 0.663086 0.816162
vt 0.873047 0.103271
vt 0.791016 0.128418
vt 0.903076 0.812500
vt 0.854980 0.890625
vt 0.913574 0.824951
vt 0.290527 0.012695
vt 0.866455 0.102783
vt 0.791748 0.124023
vt 0.904541 0.808350
vt 0.971436 0.227051
vt 0.089111 0.750000
vt 0.861572 0.219482
vt 0.929199 0.839600
vt 0.029053 0.041992
vt 0.203125 0.235352
vt 0.126465 0.730713
vt 0.345459 0.110352
vt 0.857666 0.183838
vt 0.143555 0.636719
vt 0.187500 0.753906
vt 0.780762 0.418945
vt 0.890625 0.154297
vt 0.959473 0.185059
vt 0.258301 0.849365
vt 0.656006 0.650635
vt 0.786865 0.586914
vt 0.075928 0.201904
vt 0.908447 0.806152
vt 0.967041 0.227295
vt 0.389160 0.188232
vt 0.408203 0.040283
vt 0.804199 0.286865
vt 0.122314 0.741211
vt 0.158691 0.002686
vt 0.343018 0.122559
vt 0.850342 0.345703
vt 0.842529 0.346680
vt 0.849609 0.184082
vt 0.956787 0.554932
vt 0.080811 0.201904
vt 0.847168 0.568115
vt 0.912598 0.808105
vt 0.376221 0.060303
vt 0.850342 0.569092
vt 0.854980 0.877686
vt 0.914307 0.811523
vt 0.203857 0.092773
vt 0.669922 0.720459
vt 0.815186 0.615723
vt 0.867920 0.461914
vt 0.020996 0.032715
vt 0.208984 0.224365
vt 0.758301 0.286865
vt 0.788086 0.423828
vt 0.857666 0.669922
vt 0.564941 0.242188
vt 0.687988 0.669678
vt 0.761475 0.075928
vt 0.383057 0.066650
vt 0.822021 0.969727
vt 0.860840 0.885010
vt 0.919189 0.819580
vt 0.979248 0.130859
vt 0.175049 0.961182
vt 0.779541 0.140381
vt 0.823975 0.733154
vt 0.075928 0.728271
vt 0.162109 0.966064
vt 0.320068 0.117676
vt 0.825928 0.746582
vt 0.966064 0.621338
vt 0.816406 0.444092
vt 0.877686 0.139160
vt 0.115967 0.469727
vt 0.195312 0.064941
vt 0.468994 0.853760
vt 0.561279 0.253662
vt 0.745361 0.121094
vt 0.765869 0.086914
vt 0.052490 0.558594
vt 0.075439 0.295898
vt 0.517578 0.634277
vt 0.488037 0.302002
vt 0.656982 0.153320
vt 0.679932 0.718994
vt 0.807861 0.621094
vt 0.065674 0.425781
vt 0.292236 0.573975
vt 0.741211 0.147461
vt 0.001221 0.542725
vt 0.173096 0.648926
vt 0.187988 0.786621
vt 0.515625 0.231689
vt 0.275635 0.878418
vt 0.410889 0.797607
vt 0.518311 0.233887
vt 0.639648 0.201660
vt 0.180420 0.947266
vt 0.779541 0.125732
vt 0.164795 0.953125
vt 0.323242 0.104736
vt 0.964600 0.526855
vt 0.081787 0.753906
vt 0.379395 0.775635
vt 0.870117 0.215332
vt 0.808350 0.444336
vt 0.865967 0.652588
vt 0.033203 0.705811
vt 0.243164 0.549561
vt 0.033203 0.684326
vt 0.392578 0.260010
vt 0.063477 0.428467
vt 0.175781 0.291260
vt 0.258301 0.364990
vt 0.567383 0.600586
vt 0.180908 0.943848
vt 0.780029 0.122559
vt 0.971436 0.238525
vt 0.320068 0.104248
vt 0.953125 0.624268
vt 0.966064 0.529541
vt 0.789062 0.403564
vt 0.886230 0.137451
vt 0.376221 0.169678
vt 0.385986 0.038574
vt 0.555908 0.274658
vt 0.473145 0.510498
vt 0.534668 0.274658
vt 0.075928 0.190918
vt 0.178955 0.939941
vt 0.967041 0.239014
vt 0.162109 0.947510
vt 0.369873 0.918701
vt 0.507568 0.226807
vt 0.811768 0.969727
vt 0.958496 0.526855
vt 0.989258 0.130859
vt 0.068359 0.273926
vt 0.242920 0.864258
vt 0.766357 0.586914
vt 0.079346 0.190674
vt 0.175537 0.938965
vt 0.379639 0.047852
vt 0.850342 0.556885
vt 0.170654 0.941162
vt 0.383057 0.051758
vt 0.988037 0.120850
vt 0.631348 0.386963
vt 0.735352 0.718018
vt 0.506104 0.229248
vt 0.958008 0.529785
vt 0.817627 0.428223
vt 0.875977 0.122803
vt 0.796387 0.407471
vt 0.858643 0.651855
vt 0.389648 0.910400
vt 0.818359 0.949951
vt 0.862793 0.181641
vt 0.929199 0.801758
vt 0.383789 0.885742
vt 0.091309 0.795410
vt 0.727051 0.597168
vt 0.871338 0.284668
vt 0.502686 0.285400
vt 0.650635 0.173828
vt 0.851807 0.704834
vt 0.943359 0.233643
vt 0.515381 0.280273
vt 0.870117 0.661865
vt 0.340820 0.737061
vt 0.368896 0.892090
vt 0.973145 0.950684
vt 0.791992 0.390381
vt 0.884521 0.123535
vt 0.545654 0.629395
vt 0.325439 0.737793
vt 0.374268 0.905762
vt 0.495605 0.233398
vt 0.810059 0.426758
vt 0.865967 0.634033
vt 0.152344 0.700928
vt 0.403076 0.592773
vt 0.874756 0.661621
vt 0.899414 0.312744
vt 0.107910 0.720703
vt 0.678467 0.797607
vt 0.858887 0.205078
vt 0.370850 0.881592
vt 0.962891 0.951172
vt 0.821777 0.416504
vt 0.878418 0.110596
vt 0.194336 0.031006
vt 0.271973 0.726807
vt 0.518311 0.090332
vt 0.563477 0.290527
vt 0.593994 0.299072
vt 0.027344 0.982666
vt 0.255371 0.990479
vt 0.970947 0.169922
vt 0.031738 0.904785
vt 0.387695 0.876709
vt 0.047607 0.027832
vt 0.565430 0.224121
vt 0.658691 0.173828
vt 0.798584 0.639648
vt 0.935303 0.233643
vt 0.103760 0.731201
vt 0.576172 0.556885
vt 0.849609 0.323730
vt 0.119141 0.589111
vt 0.021973 0.982910
vt 0.968262 0.165527
vt 0.979248 0.784668
vt 0.249268 0.990723
vt 0.437500 0.982666
vt 0.626709 0.279297
vt 0.976807 0.170410
vt 0.676270 0.444824
vt 0.805420 0.641113
vt 0.892334 0.459473
vt 0.226318 0.591064
vt 0.617188 0.816650
vt 0.661621 0.843750
vt 0.685059 0.533691
vt 0.797607 0.685059
vt 0.841797 0.323242
vt 0.851562 0.206543
vt 0.567871 0.292236
vt 0.693848 0.714111
vt 0.040283 0.915283
vt 0.375977 0.874023
vt 0.953857 0.951172
vt 0.083984 0.791992
vt 0.379150 0.738037
vt 0.863770 0.281006
vt 0.056641 0.727295
vt 0.802734 0.708008
vt 0.960693 0.643311
vt 0.792236 0.380371
vt 0.886230 0.113770
vt 0.801025 0.391113
vt 0.859619 0.634277
vt 0.318848 0.003418
vt 0.403320 0.600830
vt 0.626221 0.418213
vt 0.743164 0.744873
vt 0.025635 0.903809
vt 0.047363 0.504395
vt 0.393799 0.875732
vt 0.400635 0.891113
vt 0.423584 0.904541
vt 0.861572 0.159424
vt 0.343750 0.775879
vt 0.871338 0.179932
vt 0.288818 0.250732
vt 0.291504 0.048584
vt 0.829102 0.407227
vt 0.884277 0.100830
vt 0.087158 0.470703
vt 0.268799 0.726562
vt 0.667480 0.728027
vt 0.759766 0.116211
vt 0.846680 0.158203
vt 0.969727 0.159424
vt 0.979980 0.790771
vt 0.987061 0.913574
vt 0.132324 0.990967
vt 0.305908 0.807129
vt 0.443604 0.982666
vt 0.630615 0.274658
vt 0.319580 0.010498
vt 0.669189 0.845703
vt 0.703369 0.456787
vt 0.868896 0.073730
vt 0.518799 0.672119
vt 0.661865 0.401367
vt 0.288086 0.811523
vt 0.891113 0.391602
vt 0.897705 0.989502
vt 0.979248 0.778076
vt 0.153564 0.982910
vt 0.298828 0.806152
vt 0.626709 0.268311
vt 0.976562 0.159424
vt 0.987793 0.906738
vt 0.046631 0.495605
vt 0.400635 0.881592
vt 0.426514 0.895996
vt 0.400635 0.569092
vt 0.815186 0.412842
vt 0.864258 0.619385
vt 0.091064 0.815918
vt 0.746826 0.597168
vt 0.834961 0.486572
vt 0.284912 0.047852
vt 0.788818 0.372559
vt 0.890625 0.106689
vt 0.042480 0.017334
vt 0.758057 0.315186
vt 0.409912 0.170898
vt 0.803955 0.316162
vt 0.080811 0.442627
vt 0.254883 0.384521
vt 0.279785 0.592529
vt 0.295654 0.804688
vt 0.403076 0.990479
vt 0.892334 0.402344
vt 0.126709 0.990479
vt 0.301758 0.803223
vt 0.541504 0.960693
vt 0.743896 0.583252
vt 0.633301 0.686768
vt 0.779053 0.631104
vt 0.821289 0.183350
vt 0.671143 0.705078
vt 0.755371 0.117188
vt 0.001221 0.519775
vt 0.179443 0.628174
vt 0.679199 0.857178
vt 0.005371 0.521240
vt 0.527100 0.212891
vt 0.656982 0.188721
vt 0.683350 0.856445
vt 0.285156 0.806641
vt 0.903564 0.989258
vt 0.965576 0.020996
vt 0.243652 0.982666
vt 0.293701 0.802246
vt 0.399902 0.990723
vt 0.148438 0.982666
vt 0.246826 0.982666
vt 0.296631 0.801514
vt 0.027344 0.990967
vt 0.255371 0.982666
vt 0.745605 0.154541
vt 0.028320 0.911621
vt 0.040771 0.509521
vt 0.312500 0.794434
vt 0.542725 0.974854
vt 0.090820 0.326660
vt 0.283691 0.133545
vt 0.738525 0.577637
vt 0.741211 0.809082
vt 0.794922 0.710205
vt 0.953125 0.646484
vt 0.966064 0.551270
vt 0.250977 0.384766
vt 0.573975 0.622803
vt 0.021973 0.991211
vt 0.740479 0.154785
vt 0.987305 0.784668
vt 0.249268 0.982910
vt 0.437500 0.990234
vt 0.750000 0.158936
vt 0.284912 0.089600
vt 0.295166 0.288086
vt 0.762695 0.345703
vt 0.906738 0.518311
vt 0.394531 0.567871
vt 0.800537 0.378662
vt 0.857666 0.622314
vt 0.291504 0.797363
vt 0.965332 0.032959
vt 0.043945 0.451416
vt 0.407471 0.963867
vt 0.733643 0.808838
vt 0.744141 0.572021
vt 0.295166 0.247314
vt 0.400635 0.555420
vt 0.823242 0.402832
vt 0.903809 0.475830
vt 0.015381 0.019287
vt 0.015625 0.223145
vt 0.271973 0.811523
vt 0.628906 0.370605
vt 0.852783 0.623535
vt 0.015869 0.045898
vt 0.371582 0.937988
vt 0.867676 0.599609
vt 0.300049 0.790527
vt 0.964111 0.043945
vt 0.988281 0.566406
vt 0.040771 0.498291
vt 0.312988 0.783447
vt 0.432129 0.893555
vt 0.328125 0.834473
vt 0.757080 0.585449
vt 0.834961 0.471436
vt 0.731201 0.159668
vt 0.897705 0.982666
vt 0.984619 0.782227
vt 0.736084 0.160889
vt 0.885498 0.396484
vt 0.988281 0.778076
vt 0.737061 0.159912
vt 0.979248 0.913574
vt 0.988037 0.790771
vt 0.132324 0.983154
vt 0.443604 0.990234
vt 0.748535 0.165283
vt 0.321777 0.774414
vt 0.432129 0.906494
vt 0.870117 0.157715
vt 0.365234 0.968018
vt 0.509766 0.911377
vt 0.903320 0.071533
vt 0.090820 0.305420
vt 0.727051 0.559326
vt 0.869385 0.246826
vt 0.895996 0.937988
vt 0.902100 0.468506
vt 0.403320 0.964600
vt 0.747070 0.568848
vt 0.507568 0.251465
vt 0.790283 0.716797
vt 0.958008 0.551514
vt 0.727539 0.163818
vt 0.903809 0.983643
vt 0.971191 0.020508
vt 0.153564 0.990967
vt 0.741211 0.165527
vt 0.979980 0.906738
vt 0.328125 0.824219
vt 0.755859 0.575195
vt 0.393799 0.555420
vt 0.795654 0.368408
vt 0.911621 0.475830
vt 0.291504 0.750244
vt 0.398682 0.907715
vt 0.564453 0.325439
vt 0.852783 0.559570
vt 0.010742 0.020020
vt 0.618896 0.450439
vt 0.011475 0.045898
vt 0.595459 0.439453
vt 0.918701 0.252930
vt 0.403076 0.982666
vt 0.738037 0.166748
vt 0.884521 0.402344
vt 0.297852 0.782471
vt 0.883789 0.652344
vt 0.988281 0.558594
vt 0.126709 0.982666
vt 0.533691 0.960205
vt 0.744385 0.168945
vt 0.266602 0.168701
vt 0.398926 0.965088
vt 0.750977 0.566650
vt 0.243652 0.990967
vt 0.399902 0.982666
vt 0.736084 0.168945
vt 0.148438 0.990967
vt 0.246826 0.990967
vt 0.739258 0.170166
vt 0.270508 0.168457
vt 0.329346 0.818359
vt 0.753906 0.568848
vt 0.083008 0.723389
vt 0.576172 0.577881
vt 0.839600 0.726074
vt 0.086182 0.714355
vt 0.681396 0.777588
vt 0.569092 0.326172
vt 0.592529 0.401855
vt 0.697266 0.744385
vt 0.918701 0.216553
vt 0.025635 0.920898
vt 0.087891 0.391113
vt 0.284668 0.784668
vt 0.366943 0.942871
vt 0.491943 0.252930
vt 0.533691 0.973877
vt 0.754639 0.177979
vt 0.340820 0.717285
vt 0.769775 0.706543
vt 0.972656 0.972900
vt 0.326416 0.718994
vt 0.498291 0.254639
vt 0.780273 0.716553
vt 0.081543 0.817139
vt 0.533936 0.129883
vt 0.595215 0.941406
vt 0.816895 0.943359
vt 0.845215 0.483643
vt 0.929932 0.792236
vt 0.945068 0.911621
vt 0.184326 0.668457
vt 0.666260 0.421143
vt 0.861572 0.682861
vt 0.889648 0.432617
vt 0.001465 0.706055
vt 0.179199 0.677979
vt 0.213135 0.562012
vt 0.001465 0.684814
vt 0.179199 0.656738
vt 0.420898 0.267090
vt 0.151611 0.593994
vt 0.733887 0.173828
vt 0.973145 0.032471
vt 0.343750 0.739502
vt 0.862061 0.245605
vt 0.100098 0.323975
vt 0.284668 0.144043
vt 0.451904 0.159912
vt 0.533936 0.110840
vt 0.801514 0.933350
vt 0.921875 0.476074
vt 0.531250 0.117432
vt 0.807861 0.937012
vt 0.254639 0.401855
vt 0.272461 0.609375
vt 0.239014 0.975830
vt 0.871338 0.225098
vt 0.881592 0.921875
vt 0.176270 0.706543
vt 0.511230 0.254639
vt 0.840820 0.737793
vt 0.870117 0.636963
vt 0.883545 0.714600
vt 0.401123 0.150391
vt 0.556396 0.241211
vt 0.491211 0.485107
vt 0.535400 0.241211
vt 0.022949 0.204346
vt 0.615234 0.388184
vt 0.741211 0.181641
vt 0.973145 0.042969
vt 0.979248 0.566162
vt 0.086914 0.403320
vt 0.755127 0.189941
vt 0.759277 0.703857
vt 0.961914 0.974121
vt 0.055908 0.763428
vt 0.801270 0.744385
vt 0.068359 0.016357
vt 0.585938 0.212646
vt 0.688232 0.779053
vt 0.787598 0.666504
vt 0.858154 0.226562
vt 0.782715 0.661621
vt 0.806885 0.208984
vt 0.924072 0.552490
vt 0.546875 0.672119
vt 0.664062 0.429199
vt 0.250732 0.402100
vt 0.576904 0.640869
vt 0.040039 0.440430
vt 0.276855 0.144043
vt 0.526367 0.106689
vt 0.733643 0.820312
vt 0.454590 0.162842
vt 0.802002 0.930176
vt 0.607910 0.944336
vt 0.810059 0.934570
vt 0.584961 0.576172
vt 0.795166 0.663818
vt 0.831299 0.729004
vt 0.848145 0.301025
vt 0.739502 0.189209
vt 0.890625 0.652100
vt 0.980225 0.558594
vt 0.431641 0.588867
vt 0.893799 0.288574
vt 0.343506 0.933105
vt 0.755371 0.810059
vt 0.759521 0.148682
vt 0.824951 0.177979
vt 0.001953 0.001709
vt 0.018311 0.201660
vt 0.641357 0.458008
vt 0.036865 0.937988
vt 0.750977 0.704102
vt 0.953857 0.974854
vt 0.043945 0.438232
vt 0.403320 0.976807
vt 0.522461 0.104004
vt 0.340576 0.833008
vt 0.520996 0.125244
vt 0.846680 0.469971
vt 0.005371 0.073730
vt 0.398682 0.939697
vt 0.561279 0.358398
vt 0.236572 0.966797
vt 0.759521 0.865967
vt 0.880127 0.912109
vt 0.765381 0.717529
vt 0.895996 0.912842
vt 0.905518 0.443359
vt 0.509766 0.945068
vt 0.720215 0.570068
vt 0.903809 0.044434
vt 0.229980 0.978516
vt 0.321533 0.741455
vt 0.862793 0.223389
vt 0.224854 0.722412
vt 0.225830 0.012207
vt 0.572510 0.978516
vt 0.651611 0.462891
vt 0.266602 0.157715
vt 0.398926 0.976562
vt 0.517822 0.105713
vt 0.363525 0.736084
vt 0.463867 0.166016
vt 0.919434 0.465088
vt 0.340576 0.822754
vt 0.517334 0.115479
vt 0.167480 0.723633
vt 0.402344 0.930908
vt 0.625488 0.844971
vt 0.685303 0.562256
vt 0.883057 0.290039
vt 0.663086 0.733398
vt 0.755127 0.149658
vt 0.839600 0.238037
vt 0.001953 0.070557
vt 0.565918 0.356934
vt 0.900635 0.241455
vt 0.270508 0.157471
vt 0.340820 0.817139
vt 0.516113 0.109375
vt 0.057617 0.781494
vt 0.256592 0.855225
vt 0.638916 0.213379
vt 0.875977 0.002686
vt 0.916748 0.884766
vt 0.057617 0.781494
vt 0.801758 0.762695
vt 0.179688 0.045166
vt 0.880615 0.406494
vt 0.698242 0.425781
vt 0.809814 0.674316
vt 0.698242 0.425781
vt 0.433350 0.159424
vt 0.686035 0.893555
vt 0.801514 0.342529
vt 0.115967 0.553711
vt 0.138184 0.287842
vt 0.045654 0.435547
vt 0.370605 0.950439
vt 0.731201 0.848877
vt 0.740479 0.846436
vt 0.094971 0.403076
vt 0.378418 0.949951
vt 0.924072 0.079102
vt 0.028320 0.937012
vt 0.284668 0.801025
vt 0.744141 0.709717
vt 0.215088 0.718506
vt 0.572510 0.967285
vt 0.668213 0.343750
vt 0.780762 0.379395
vt 0.065918 0.005371
vt 0.729004 0.895996
vt 0.756836 0.342041
vt 0.344238 0.001953
vt 0.432861 0.596924
vt 0.711182 0.430908
vt 0.211914 0.210938
vt 0.255127 0.418213
vt 0.266846 0.625488
vt 0.611328 0.005615
vt 0.759033 0.873535
vt 0.883789 0.904785
vt 0.936279 0.124512
vt 0.890381 0.905518
vt 0.902100 0.435547
vt 0.929443 0.125244
vt 0.203125 0.990723
vt 0.225830 0.006104
vt 0.579102 0.978516
vt 0.661621 0.873047
vt 0.692139 0.562500
vt 0.716797 0.433594
vt 0.716797 0.433594
vt 0.089600 0.106445
vt 0.279541 0.798340
vt 0.484131 0.241211
vt 0.743164 0.715332
vt 0.803955 0.678467
vt 0.852051 0.743408
vt 0.940918 0.202393
vt 0.704102 0.429688
vt 0.064453 0.719971
vt 0.835938 0.708252
vt 0.251465 0.419434
vt 0.577881 0.658447
vt 0.735596 0.849121
vt 0.806885 0.251465
vt 0.924072 0.588379
vt 0.229980 0.965820
vt 0.312744 0.732422
vt 0.765869 0.866455
vt 0.086182 0.112793
vt 0.380859 0.942871
vt 0.491943 0.239990
vt 0.442627 0.848389
vt 0.579590 0.966309
vt 0.786865 0.376221
vt 0.184570 0.602051
vt 0.671631 0.831787
vt 0.675049 0.830811
vt 0.680420 0.175781
vt 0.037842 0.412842
vt 0.649902 0.798340
vt 0.755371 0.867676
vt 0.846680 0.228271
vt 0.203125 0.982666
vt 0.442383 0.854004
vt 0.583252 0.971436
vt 0.764404 0.737061
vt 0.064941 0.710693
vt 0.684326 0.757568
vt 0.348145 0.734375
vt 0.496094 0.948242
vt 0.922363 0.449707
vt 0.271729 0.990723
vt 0.274902 0.658203
vt 0.323242 0.803467
vt 0.120361 0.253418
vt 0.744385 0.638916
vt 0.041992 0.411865
vt 0.741211 0.825684
vt 0.786865 0.693115
vt 0.906006 0.571533
vt 0.297852 0.731445
vt 0.883789 0.704346
vt 0.988770 0.389404
vt 0.033936 0.231445
vt 0.233887 0.011230
vt 0.643799 0.466553
vt 0.097168 0.013428
vt 0.020020 0.181885
vt 0.258301 0.433350
vt 0.593994 0.398682
vt 0.596191 0.002686
vt 0.089600 0.119385
vt 0.385986 0.948730
vt 0.741943 0.728271
vt 0.263916 0.990723
vt 0.315674 0.801270
vt 0.967529 0.295166
vt 0.187744 0.036377
vt 0.210693 0.672852
vt 0.892334 0.407227
vt 0.343506 0.960938
vt 0.738037 0.876465
vt 0.765869 0.182617
vt 0.311523 0.720703
vt 0.765869 0.878418
vt 0.933838 0.132324
vt 0.964600 0.616699
vt 0.388184 0.960449
vt 0.533936 0.911133
vt 0.750732 0.736816
vt 0.215088 0.730713
vt 0.639160 0.462891
vt 0.670410 0.355225
vt 0.954834 0.688965
vt 0.271484 0.982666
vt 0.282959 0.657471
vt 0.890625 0.014160
vt 0.201904 0.712891
vt 0.402344 0.895264
vt 0.558350 0.184570
vt 0.792236 0.644287
vt 0.826660 0.709961
vt 0.015625 0.180908
vt 0.254395 0.435547
vt 0.577393 0.674561
vt 0.662842 0.460205
vt 0.186279 0.574463
vt 0.298828 0.723633
vt 0.988037 0.381836
vt 0.505371 0.949463
vt 0.921143 0.440186
vt 0.691895 0.757812
vt 0.784668 0.644531
vt 0.741211 0.873779
vt 0.761719 0.181396
vt 0.827637 0.267090
vt 0.043945 0.233154
vt 0.210449 0.982910
vt 0.235352 0.001221
vt 0.449463 0.855957
vt 0.264893 0.982666
vt 0.884277 0.011719
vt 0.974854 0.294189
vt 0.062256 0.818604
vt 0.599609 0.963623
vt 0.802734 0.799561
vt 0.162354 0.029297
vt 0.086914 0.455322
vt 0.755371 0.241699
vt 0.514404 0.949707
vt 0.915771 0.433838
vt 0.922119 0.137207
vt 0.452881 0.849854
vt 0.661865 0.353027
vt 0.780762 0.368408
vt 0.055908 0.807373
vt 0.411133 0.929932
vt 0.695801 0.356201
vt 0.885254 0.022217
vt 0.937988 0.762939
vt 0.148682 0.676270
vt 0.188232 0.580078
vt 0.604492 0.854736
vt 0.148682 0.655029
vt 0.446777 0.281982
vt 0.185303 0.564453
vt 0.291260 0.716797
vt 0.739746 0.240967
vt 0.890625 0.704102
vt 0.980713 0.389404
vt 0.301514 0.712402
vt 0.964600 0.604004
vt 0.988037 0.758789
vt 0.031250 0.241699
vt 0.640625 0.476074
vt 0.955566 0.700684
vt 0.451904 0.185059
vt 0.789795 0.790039
vt 0.809814 0.910889
vt 0.607910 0.966064
vt 0.793945 0.796875
vt 0.816895 0.915039
vt 0.117920 0.013184
vt 0.585205 0.187988
vt 0.044678 0.721924
vt 0.834473 0.688477
vt 0.463379 0.154053
vt 0.687256 0.862793
vt 0.430176 0.137939
vt 0.558594 0.210449
vt 0.786865 0.803467
vt 0.502197 0.455566
vt 0.537598 0.210449
vt 0.806396 0.803711
vt 0.068848 0.982666
vt 0.296143 0.712891
vt 0.988037 0.857666
vt 0.305664 0.708496
vt 0.363281 0.983154
vt 0.988037 0.764893
vt 0.275146 0.667236
vt 0.317383 0.812256
vt 0.141602 0.019043
vt 0.580566 0.208740
vt 0.097168 0.001709
vt 0.729004 0.864258
vt 0.072266 0.983154
vt 0.124268 0.990479
vt 0.292969 0.711182
vt 0.989014 0.326416
vt 0.989014 0.243652
vt 0.121338 0.991211
vt 0.989014 0.209229
vt 0.989258 0.240723
vt 0.297363 0.708496
vt 0.988037 0.853516
vt 0.988281 0.621826
vt 0.460693 0.586914
vt 0.576416 0.620117
vt 0.899414 0.261963
vt 0.674561 0.140625
vt 0.677246 0.813477
vt 0.695557 0.169922
vt 0.231934 0.990479
vt 0.305664 0.702881
vt 0.368896 0.982666
vt 0.059814 0.314453
vt 0.087646 0.467285
vt 0.697021 0.577881
vt 0.754883 0.253662
vt 0.794189 0.198975
vt 0.936279 0.140625
vt 0.973145 0.615479
vt 0.764648 0.770752
vt 0.594238 0.803467
vt 0.671143 0.368652
vt 0.950684 0.700928
vt 0.638672 0.240479
vt 0.704346 0.356201
vt 0.929932 0.759766
vt 0.945068 0.879639
vt 0.243164 0.874268
vt 0.875977 0.023193
vt 0.043457 0.713135
vt 0.684570 0.736084
vt 0.185791 0.552979
vt 0.285156 0.707031
vt 0.605957 0.989990
vt 0.980957 0.331543
vt 0.177002 0.573975
vt 0.741211 0.249756
vt 0.979248 0.380859
vt 0.040283 0.242188
vt 0.458740 0.861084
vt 0.363037 0.716309
vt 0.461182 0.187988
vt 0.780273 0.790771
vt 0.100098 0.928223
vt 0.309326 0.811035
vt 0.967529 0.283691
vt 0.146484 0.552979
vt 0.167480 0.281982
vt 0.077881 0.221191
vt 0.183594 0.582275
vt 0.201904 0.305664
vt 0.673584 0.811279
vt 0.290771 0.990479
vt 0.294189 0.702393
vt 0.987793 0.614746
vt 0.001221 0.982666
vt 0.226074 0.990723
vt 0.302734 0.697754
vt 0.094971 0.455078
vt 0.706543 0.587402
vt 0.924072 0.037109
vt 0.084473 0.107178
vt 0.172119 0.569092
vt 0.178467 0.311035
vt 0.668213 0.978516
vt 0.236572 0.875732
vt 0.315918 0.256592
vt 0.644775 0.237061
vt 0.284668 0.666992
vt 0.864990 0.139893
vt 0.890625 0.002930
vt 0.228516 0.717529
vt 0.537842 0.169678
vt 0.583008 0.617432
vt 0.687500 0.593994
vt 0.891357 0.261963
vt 0.037354 0.388672
vt 0.250000 0.804199
vt 0.667480 0.815186
vt 0.611816 0.989258
vt 0.886230 0.982666
vt 0.979248 0.326416
vt 0.979248 0.240723
vt 0.979248 0.207764
vt 0.007812 0.983154
vt 0.295654 0.990723
vt 0.296387 0.697998
vt 0.010498 0.954102
vt 0.086182 0.093994
vt 0.161621 0.559326
vt 0.092529 0.926514
vt 0.283203 0.926025
vt 0.869629 0.135010
vt 0.884033 0.001465
vt 0.974609 0.283936
vt 0.168701 0.019043
vt 0.238037 0.676758
vt 0.177002 0.563721
vt 0.732910 0.255615
vt 0.533936 0.944824
vt 0.718994 0.595459
vt 0.750732 0.770264
vt 0.464600 0.857422
vt 0.663574 0.367432
vt 0.792236 0.622559
vt 0.825195 0.688477
vt 0.276855 0.723633
vt 0.489258 0.154541
vt 0.686035 0.837646
vt 0.041504 0.387451
vt 0.763428 0.696533
vt 0.068848 0.990723
vt 0.739258 0.260254
vt 0.980225 0.857910
vt 0.744141 0.261475
vt 0.973145 0.602295
vt 0.979248 0.758789
vt 0.363281 0.990479
vt 0.748779 0.265381
vt 0.980469 0.764648
vt 0.009766 0.741211
vt 0.274902 0.677490
vt 0.317383 0.822510
vt 0.026611 0.726318
vt 0.835693 0.669678
vt 0.692139 0.736084
vt 0.784668 0.622803
vt 0.462646 0.595947
vt 0.711914 0.403564
vt 0.072266 0.991211
vt 0.124268 0.982666
vt 0.736084 0.261475
vt 0.121338 0.983398
vt 0.738281 0.263428
vt 0.989014 0.201172
vt 0.004883 0.951660
vt 0.165039 0.553955
vt 0.979248 0.191895
vt 0.031494 0.255859
vt 0.066650 0.025391
vt 0.595459 0.818604
vt 0.955566 0.714844
vt 0.120361 0.001221
vt 0.288086 0.681152
vt 0.727783 0.841309
vt 0.408936 0.944336
vt 0.698486 0.369873
vt 0.253906 0.721191
vt 0.514404 0.159424
vt 0.179199 0.551758
vt 0.605957 0.983398
vt 0.727539 0.265381
vt 0.739990 0.265137
vt 0.979248 0.853271
vt 0.979248 0.621826
vt 0.231934 0.982666
vt 0.368896 0.990234
vt 0.748779 0.271240
vt 0.765625 0.790283
vt 0.145996 0.008301
vt 0.263428 0.679443
vt 0.015869 0.733154
vt 0.323242 0.831055
vt 0.839600 0.657715
vt 0.719482 0.405273
vt 0.695557 0.594238
vt 0.719482 0.405273
vt 0.815186 0.708008
vt 0.840820 0.772949
vt 0.861572 0.743164
vt 0.719482 0.405273
vt 0.145752 0.240479
vt 0.738281 0.668213
vt 0.736084 0.268311
vt 0.879883 0.988770
vt 0.984131 0.201660
vt 0.172119 0.554443
vt 0.178467 0.297119
vt 0.906738 0.338623
vt 0.980713 0.198730
vt 0.348145 0.714111
vt 0.496094 0.970703
vt 0.768799 0.800537
vt 0.040771 0.252686
vt 0.463867 0.870117
vt 0.611816 0.982666
vt 0.730225 0.270508
vt 0.886230 0.989502
vt 0.290771 0.982666
vt 0.737061 0.270752
vt 0.979492 0.615234
vt 0.001221 0.990723
vt 0.226074 0.982910
vt 0.745605 0.275879
vt 0.053711 0.303711
vt 0.699463 0.591309
vt 0.753174 0.596924
vt 0.706543 0.595459
vt 0.742188 0.779053
vt 0.757080 0.590088
vt 0.008301 0.961182
vt 0.078125 0.093994
vt 0.366455 0.062744
vt 0.676270 0.964355
vt 0.002930 0.736816
vt 0.283203 0.940674
vt 0.283691 0.677979
vt 0.799316 0.547363
vt 0.869629 0.149414
vt 0.411133 0.953125
vt 0.532227 0.853027
vt 0.697510 0.380859
vt 0.022949 0.718506
vt 0.682373 0.714844
vt 0.007812 0.991211
vt 0.295654 0.982910
vt 0.739258 0.275146
vt 0.372314 0.058594
vt 0.667969 0.968262
vt 0.694092 0.138916
vt 0.937988 0.783447
vt 0.062500 0.023438
vt 0.590576 0.818604
vt 0.666504 0.383057
vt 0.830566 0.939941
vt 0.098877 0.940918
vt 0.308838 0.823730
vt 0.248047 0.888672
vt 0.401123 0.945312
vt 0.878174 0.036865
vt 0.184570 0.046631
vt 0.531982 0.864990
vt 0.576416 0.683350
vt 0.695801 0.393799
vt 0.075928 0.240234
vt 0.658447 0.149414
vt 0.683350 0.794678
vt 0.470459 0.867676
vt 0.661865 0.379150
vt 0.824219 0.939209
vt 0.036377 0.265137
vt 0.062744 0.035400
vt 0.939941 0.815186
vt 0.313721 0.272217
vt 0.644775 0.252930
vt 0.666260 0.322266
vt 0.708008 0.368896
vt 0.010010 0.726562
vt 0.678467 0.700195
vt 0.794189 0.560303
vt 0.793945 0.602295
vt 0.827393 0.667725
vt 0.176758 0.438477
vt 0.191406 0.057861
vt 0.340332 0.026855
vt 0.582520 0.673340
vt 0.079102 0.241455
vt 0.199463 0.286621
vt 0.059814 0.300293
vt 0.742432 0.791504
vt 0.757080 0.602539
vt 0.799316 0.212891
vt 0.505615 0.972900
vt 0.759277 0.804443
vt 0.694336 0.149902
vt 0.941162 0.791748
vt 0.043945 0.261475
vt 0.464844 0.879639
vt 0.932373 0.812256
vt 0.090332 0.940430
vt 0.289795 0.937988
vt 0.338135 0.061279
vt 0.486084 0.579590
vt 0.589355 0.642334
vt 0.115967 0.675537
vt 0.432129 0.914795
vt 0.584229 0.160889
vt 0.625488 0.876465
vt 0.115967 0.654053
vt 0.469482 0.302734
vt 0.001465 0.960205
vt 0.442383 0.901123
vt 0.913574 0.347900
vt 0.989258 0.191895
vt 0.010498 0.971436
vt 0.372314 0.072021
vt 0.452881 0.893555
vt 0.932373 0.794189
vt 0.459961 0.886963
vt 0.933594 0.803467
vt 0.064209 0.046143
vt 0.694092 0.163330
vt 0.941650 0.803955
vt 0.241699 0.891357
vt 0.321533 0.272217
vt 0.667480 0.314453
vt 0.100098 0.953857
vt 0.316162 0.836182
vt 0.797607 0.588867
vt 0.832031 0.653809
vt 0.256592 0.900635
vt 0.403076 0.957275
vt 0.524414 0.854736
vt 0.843262 0.564453
vt 0.689941 0.714355
vt 0.787109 0.601318
vt 0.462158 0.129883
vt 0.785156 0.836670
vt 0.508301 0.423340
vt 0.804688 0.836914
vt 0.744385 0.797363
vt 0.794189 0.216064
vt 0.934814 0.157227
vt 0.514648 0.973145
vt 0.750244 0.802246
vt 0.927490 0.158203
vt 0.189697 0.301270
vt 0.664551 0.964355
vt 0.699219 0.136963
vt 0.905273 0.350586
vt 0.524414 0.867676
vt 0.583252 0.688721
vt 0.847656 0.579834
vt 0.338379 0.043701
vt 0.589355 0.658936
vt 0.679443 0.326172
vt 0.705566 0.383301
vt 0.093262 0.955566
vt 0.288086 0.953857
vt 0.685303 0.698486
vt 0.790771 0.586182
vt 0.799316 0.563965
vt 0.184326 0.426270
vt 0.191406 0.042236
vt 0.690430 0.334229
vt 0.704346 0.395264
vt 0.589844 0.677490
vt 0.848389 0.595215
vt 0.596680 0.641602
vt 0.685059 0.623535
vt 0.843750 0.634033
vt 0.015137 0.487305
vt 0.075928 0.262207
vt 0.637695 0.155762
vt 0.066650 0.059814
vt 0.699219 0.149414
vt 0.904541 0.363770
vt 0.056396 0.034912
vt 0.830811 0.952637
vt 0.472656 0.880615
vt 0.824463 0.951904
vt 0.059326 0.047607
vt 0.830566 0.964355
vt 0.907959 0.377686
vt 0.250732 0.904785
vt 0.683105 0.319092
vt 0.836670 0.565918
vt 0.184570 0.438232
vt 0.699219 0.341797
vt 0.018555 0.487061
vt 0.079102 0.263428
vt 0.192383 0.266357
vt 0.456787 0.898926
vt 0.912354 0.363037
vt 0.465576 0.891846
vt 0.824219 0.963623
vt 0.913574 0.374268
vt 0.695068 0.328125
vt 0.840332 0.580566
vt 0.345947 0.063232
vt 0.489990 0.587891
vt 0.712402 0.373779
vt 0.597168 0.661133
vt 0.846436 0.614990
vt 0.015869 0.510498
vt 0.389648 0.033936
vt 0.511719 0.055908
vt 0.614502 0.159912
vt 0.705078 0.337646
vt 0.841553 0.595215
vt 0.184570 0.456787
vt 0.345947 0.044434
vt 0.708252 0.355957
vt 0.691895 0.625488
vt 0.720215 0.373291
vt 0.836670 0.634033
vt 0.019287 0.510498
vt 0.181641 0.245117
vt 0.964355 0.229248
vt 0.010742 0.548096
vt 0.015137 0.533936
vt 0.041504 0.363281
vt 0.268799 0.818604
vt 0.389893 0.154541
vt 0.516357 0.079102
vt 0.960693 0.251221
vt 0.083008 0.675537
vt 0.557617 0.144775
vt 0.083008 0.654297
vt 0.487305 0.328857
vt 0.021729 0.677979
vt 0.495117 0.128418
vt 0.786865 0.869141
vt 0.021729 0.656738
vt 0.507812 0.390625
vt 0.806396 0.869629
vt 0.045654 0.362305
vt 0.170166 0.223145
vt 0.737061 0.700928
vt 0.964355 0.252930
vt 0.715088 0.352051
vt 0.839844 0.614014
vt 0.050537 0.676270
vt 0.526855 0.133545
vt 0.050537 0.655029
vt 0.500732 0.359131
vn -0.912343 -0.152057 0.380143
vn -0.419162 0.499003 -0.758485
vn 0.329293 -0.768350 -0.548821
vn -0.417210 0.479792 -0.771839
vn -0.942809 -0.235702 0.235702
vn 0.503509 -0.755263 -0.419591
vn -0.957965 0.284800 -0.034521
vn -0.017385 -0.567918 0.822902
vn -0.290949 0.650357 -0.701701
vn -0.894427 0.000000 0.447214
vn -0.145479 -0.800132 -0.581914
vn 0.294489 -0.588978 0.752583
vn 0.186132 -0.641120 0.744527
vn -0.918435 0.081038 0.387183
vn 0.210413 -0.497340 0.841653
vn -0.890871 0.445435 0.089087
vn -0.499756 0.374817 -0.780869
vn 0.000000 1.000000 0.000000
vn -0.924129 -0.189565 0.331739
vn -0.224230 0.523205 0.822179
vn -0.400445 -0.500556 0.767520
vn 0.418067 0.612517 -0.670852
vn -0.503509 -0.755263 0.419591
vn -0.228086 -0.760286 0.608229
vn 0.382134 0.665653 -0.640999
vn 0.554700 0.832050 0.000000
vn 0.202806 -0.721087 -0.662498
vn -0.877270 0.370524 -0.305137
vn -0.601787 -0.798410 -0.019861
vn -0.327569 -0.076043 0.941762
vn 0.079682 -0.039841 0.996024
vn -0.297816 0.511466 0.806045
vn -0.775388 0.387694 0.498464
vn -0.437687 0.820663 0.367344
vn -0.446615 -0.890524 -0.086616
vn -0.639602 -0.639602 0.426401
vn 0.255092 0.803067 0.538527
vn 0.114990 0.978520 -0.171103
vn -0.329238 0.804803 -0.493857
vn -0.489435 0.470610 -0.734152
vn -0.938711 -0.018774 0.344194
vn 0.159493 0.150111 -0.975720
vn -0.883762 0.464587 -0.055890
vn 0.286631 0.666475 -0.688225
vn 0.675240 -0.173280 0.716956
vn 0.154900 0.141070 0.977806
vn -0.455965 -0.787575 0.414513
vn -0.391239 -0.592447 0.704229
vn 0.000000 -0.000000 -1.000000
vn -0.785656 0.583630 -0.205233
vn -0.454220 -0.486664 0.746219
vn 0.426401 0.639602 -0.639602
vn -0.421054 -0.593667 0.685764
vn -0.898146 0.437066 -0.048029
vn -0.970142 0.242536 0.000000
vn -0.455965 -0.787575 0.414513
vn 0.554700 0.832050 0.000000
vn -0.197647 -0.496527 0.845220
vn -0.473072 -0.879220 0.056357
vn -0.868552 0.405831 -0.284461
vn -0.963416 0.194848 -0.184023
vn 0.549298 0.804864 -0.224647
vn -0.805941 0.371973 0.460538
vn -0.605044 0.796111 -0.011373
vn 0.767965 -0.157418 0.620845
vn 0.058808 0.993799 -0.094365
vn -0.209597 -0.495035 0.843214
vn -0.417178 -0.907597 0.047218
vn -0.105762 -0.401897 0.909557
vn 0.396761 0.894328 0.206781
vn 0.490933 0.843714 0.217096
vn -0.049502 0.162008 -0.985547
vn 0.040012 0.124483 -0.991415
vn -0.485071 -0.485071 0.727607
vn 0.449884 0.519096 -0.726735
vn -0.408248 -0.816497 0.408248
vn -0.485071 -0.485071 0.727607
vn 0.372500 0.616551 -0.693620
vn 0.554700 0.832050 0.000000
vn -0.899733 0.423913 -0.103815
vn 0.368750 0.709878 -0.600081
vn -0.971408 0.221461 -0.085564
vn 0.515564 0.799497 -0.308217
vn -0.839254 0.466253 -0.279751
vn -0.538866 -0.805568 0.246339
vn -0.640163 -0.619512 0.454309
vn 0.079682 -0.039841 0.996024
vn -0.805941 0.371973 0.460538
vn -0.225805 -0.497508 0.837555
vn -0.427380 -0.904072 0.000000
vn 0.000000 -0.000000 -1.000000
vn -0.427380 -0.904072 0.000000
vn -0.464529 -0.673873 0.574550
vn -0.843047 0.483513 -0.235557
vn -0.971408 0.221461 -0.085564
vn -0.478531 -0.790301 0.382664
vn -0.109421 -0.395685 0.911844
vn -0.494186 -0.854278 -0.161213
vn -0.414562 -0.897424 -0.150894
vn -0.035980 0.173552 -0.984167
vn 0.039839 0.121613 -0.991778
vn 0.130149 -0.082339 0.988070
vn 0.096919 0.960569 0.260603
vn 0.986570 -0.064342 -0.150130
vn 0.938557 -0.344138 0.026071
vn 0.087384 0.996175 0.000000
vn 0.117687 -0.047075 0.991934
vn 0.877433 -0.292478 0.380221
vn 0.948683 -0.316228 0.000000
vn 0.082168 0.993872 -0.073932
vn 0.000000 -0.000000 -1.000000
vn -0.702728 -0.667592 -0.245955
vn -0.890404 0.410956 -0.195693
vn -0.108240 0.252864 0.961428
vn -0.404164 0.914687 0.000000
vn 0.000000 -0.000000 -1.000000
vn -0.464410 0.885620 0.000000
vn 0.128622 -0.021437 0.991462
vn -0.065433 -0.997857 0.000000
vn 0.986394 -0.164399 0.000000
vn 0.098295 0.953458 0.285054
vn -0.132748 0.061179 -0.989260
vn 0.952033 0.043274 -0.302920
vn -0.065433 -0.997857 0.000000
vn -0.135523 0.140117 -0.980816
vn 0.986570 -0.064342 -0.150130
vn -0.676716 -0.676716 -0.290021
vn -0.639981 -0.629490 0.440643
vn -0.832184 0.356650 0.424583
vn -0.890154 0.395624 -0.226071
vn -0.119678 0.264172 0.957022
vn 0.139320 -0.274194 -0.951529
vn -0.131142 0.897090 -0.421937
vn 0.455730 -0.734232 0.503203
vn 0.365155 -0.120479 0.923118
vn 0.824464 -0.564664 0.037583
vn 0.823158 -0.565967 0.045731
vn 0.137041 -0.071454 0.987985
vn 0.095999 -0.235199 -0.967195
vn -0.458986 0.746265 -0.482100
vn -0.158123 0.647551 0.745436
vn -0.019694 0.946890 -0.320953
vn -0.321491 0.566138 0.759033
vn -0.135526 0.903508 -0.406579
vn 0.454760 -0.723408 0.519495
vn -0.472630 0.777144 -0.415534
vn -0.325235 0.572802 0.752409
vn 0.509980 -0.849964 -0.132217
vn 0.698535 0.698535 -0.155230
vn 0.000000 -0.000000 1.000000
vn 0.554701 -0.832050 0.000000
vn 0.698535 0.698535 0.155230
vn 0.446663 0.893325 0.049629
vn 0.000000 -0.000000 -1.000000
vn 0.445976 -0.891953 -0.074329
vn 0.707107 0.707107 0.000000
vn 0.548232 -0.822345 -0.152287
vn -0.446664 -0.893324 -0.049630
vn 0.000000 -0.000000 1.000000
vn 0.698535 0.698535 -0.155230
vn -0.599852 0.799803 -0.022217
vn 0.000000 -0.000000 1.000000
vn 0.535924 -0.842164 -0.059547
vn -0.623421 -0.781249 0.031566
vn 0.705509 0.705509 -0.067191
vn -0.517356 0.853639 0.060358
vn 0.446663 0.893325 0.049629
vn 0.599853 -0.799802 0.022217
vn -0.672215 -0.723922 0.155127
vn -0.141421 0.000000 -0.989950
vn -0.513036 0.845000 0.150893
vn 0.446663 0.893325 0.049629
vn -0.141421 0.000000 -0.989950
vn 0.000000 -0.000000 1.000000
vn -0.351985 -0.534045 0.768702
vn -0.414502 0.906724 0.077719
vn -0.707106 -0.707107 -0.000000
vn -0.554700 0.832050 0.000000
vn -0.563200 -0.820661 -0.096549
vn 0.000000 -0.000000 1.000000
vn -0.472415 0.872151 0.127189
vn -0.667895 -0.728612 0.151795
vn -0.316228 0.000000 -0.948683
vn -0.376169 -0.536503 0.755421
vn -0.577097 -0.812124 0.086099
vn -0.130361 -0.403303 0.905733
vn 0.577306 0.786739 0.218539
vn 0.747635 0.630030 0.210010
vn 0.586802 0.768177 0.256059
vn -0.053691 0.195587 -0.979215
vn -0.030189 0.291830 -0.955994
vn 0.754550 0.603640 0.257435
vn -0.000000 -1.000000 0.000000
vn 0.390360 0.780720 0.487950
vn 0.156174 0.312348 -0.937042
vn -0.363831 -0.481207 0.797538
vn -0.583152 -0.811533 0.036708
vn -0.192450 -0.962250 -0.192450
vn 0.307434 0.888143 -0.341593
vn 0.696311 0.174078 0.696311
vn -0.071167 -0.996335 -0.047445
vn 0.485071 0.873128 0.048507
vn 0.557086 0.371391 0.742781
vn -0.069395 -0.997552 0.008674
vn 0.522976 0.849837 -0.065372
vn -0.168999 0.292042 0.941356
vn 0.076516 -0.243461 -0.966888
vn -0.448228 0.803490 -0.391785
vn -0.002029 -0.000178 0.999998
vn -0.407059 0.913402 0.000000
vn 0.009924 0.043004 0.999026
vn 0.057371 -0.036381 0.997690
vn 0.360635 -0.254403 0.897341
vn 0.024882 0.039359 0.998915
vn -0.036510 -0.208526 0.977335
vn -0.043738 0.310368 0.949610
vn -0.999406 0.034462 0.000000
vn -0.748427 0.280091 0.601171
vn -0.096275 -0.994837 -0.032092
vn 0.367607 0.882258 -0.294086
vn -0.376997 -0.486127 0.788387
vn -0.612824 -0.790220 0.000000
vn 0.000000 -0.000000 -1.000000
vn -0.612824 -0.790220 0.000000
vn -0.134266 -0.401493 0.905967
vn -0.683857 -0.701543 -0.200441
vn -0.105574 0.803801 -0.585455
vn -0.074615 0.845634 -0.528522
vn -0.444105 0.827650 -0.343172
vn -0.313225 0.576618 0.754587
vn -0.684013 -0.714348 -0.147762
vn -0.055334 0.208842 -0.976383
vn 0.184852 0.977073 0.105630
vn -0.000000 -1.000000 0.000000
vn -0.093906 -0.995404 0.018781
vn 0.000000 0.707107 0.707107
vn 0.390360 0.780720 0.487950
vn -0.274048 0.368548 0.888296
vn -0.610151 0.792285 0.000000
vn 0.000000 -0.000000 -1.000000
vn -0.620703 0.784046 0.000000
vn -0.136083 -0.272166 -0.952579
vn 0.444444 0.888889 -0.111111
vn -0.000000 -1.000000 0.000000
vn -0.123051 -0.991246 -0.047853
vn 0.696311 0.174078 0.696311
vn 0.156174 0.312348 -0.937042
vn 0.005369 0.008749 0.999947
vn -0.999406 0.034462 0.000000
vn -0.053068 0.042455 0.997688
vn 0.578017 0.816024 0.000000
vn -0.071363 -0.987186 -0.142726
vn 0.557086 0.371391 0.742781
vn 0.832050 0.554700 0.000000
vn 0.307434 0.888143 -0.341593
vn 0.057371 -0.036381 0.997690
vn -0.999406 0.034462 0.000000
vn 0.578017 0.816024 0.000000
vn 0.696311 0.696311 -0.174078
vn 0.447214 0.894427 0.000000
vn 0.683485 -0.683487 -0.256307
vn 0.513035 -0.845001 -0.150893
vn 0.192450 0.192450 0.962251
vn 0.330047 0.931896 -0.150462
vn 0.554700 -0.832051 -0.000000
vn 0.562565 0.822210 0.086548
vn -0.242535 0.000000 -0.970143
vn -0.136083 -0.272166 -0.952579
vn 0.225527 0.968439 0.106130
vn 0.162221 -0.973329 -0.162221
vn 0.123613 0.988903 0.082409
vn 0.832050 0.554700 0.000000
vn 0.000000 0.707107 0.707107
vn 0.307434 0.888143 -0.341593
vn 0.696311 0.174078 0.696311
vn 0.390360 0.780720 0.487950
vn 0.156174 0.312348 -0.937042
vn 0.294522 0.955402 0.021550
vn 0.557086 0.371391 0.742781
vn 0.832050 0.554700 0.000000
vn 0.705345 -0.705346 0.070534
vn 0.447076 0.894151 0.024838
vn 0.683485 -0.683487 -0.256307
vn -0.446663 -0.893325 -0.049629
vn 0.513035 -0.845001 -0.150893
vn 0.138728 0.194220 0.971099
vn 0.696311 0.696311 -0.174078
vn -0.603682 0.796860 -0.024147
vn 0.138728 0.194220 0.971099
vn 0.192450 0.962250 0.192450
vn -0.000000 -1.000000 0.000000
vn -0.291386 0.874157 0.388514
vn 0.192450 0.962250 -0.192450
vn 0.162221 -0.973329 -0.162221
vn -0.717137 0.358569 -0.597614
vn -0.106347 -0.992572 0.059082
vn 0.091756 0.734045 0.672874
vn -0.062725 -0.997321 -0.037635
vn 0.199007 0.895533 -0.398015
vn -0.169031 0.845154 -0.507093
vn 0.554700 -0.832051 -0.000000
vn -0.588172 -0.808736 0.000000
vn 0.513035 -0.845001 -0.150893
vn 0.683485 -0.683487 -0.256307
vn 0.696311 0.696311 -0.174078
vn -0.586663 0.804567 0.092190
vn 0.540052 0.838803 0.068943
vn 0.436950 -0.898175 -0.048550
vn -0.553650 -0.830474 0.061517
vn -0.141421 0.000000 -0.989950
vn -0.688247 0.688247 0.229416
vn 0.613422 0.782642 0.105762
vn -0.141421 0.000000 -0.989950
vn 0.266123 0.958043 0.106449
vn -0.717137 0.358569 -0.597614
vn -0.481543 0.842701 0.240772
vn -0.588348 0.784465 -0.196116
vn -0.150566 0.401508 -0.903394
vn 0.000000 0.986394 0.164399
vn -0.594737 0.132164 0.792982
vn 0.144421 0.746176 0.649895
vn -0.331294 0.883452 0.331295
vn -0.891953 0.445976 0.074329
vn 0.168476 0.984939 0.038879
vn -0.640494 0.762493 0.091499
vn -0.717137 0.358569 0.597614
vn -0.445976 0.891953 0.074329
vn -0.707107 -0.707106 0.000000
vn -0.136083 -0.272166 -0.952579
vn -0.000000 -1.000000 0.000000
vn -0.717137 0.358569 -0.597614
vn 0.162221 -0.973329 -0.162221
vn -0.857143 0.428571 -0.285714
vn 0.183641 0.973297 -0.137731
vn -0.423678 0.897201 -0.124611
vn -0.554700 0.832050 0.000000
vn -0.552345 -0.828517 -0.092057
vn 0.097590 0.195180 0.975900
vn -0.000000 -1.000000 0.000000
vn -0.481543 0.842701 0.240772
vn -0.046095 -0.998727 -0.020487
vn -0.150566 0.401508 -0.903394
vn -0.594737 0.132164 0.792982
vn 0.000000 -0.000000 1.000000
vn -0.425526 -0.592990 0.683586
vn 0.083144 0.122528 0.988976
vn -0.000000 -0.995495 -0.094809
vn -0.588348 0.784465 -0.196116
vn -0.717137 0.358569 0.597614
vn -0.613617 0.767021 0.187494
vn -0.621337 -0.776670 0.103556
vn 0.000000 -0.000000 -1.000000
vn -0.000000 -1.000000 0.000000
vn 0.240578 0.761831 0.601445
vn -0.331294 0.883452 0.331295
vn -0.069488 -0.995996 -0.056252
vn -0.572598 0.801638 0.171780
vn -0.717137 0.358569 0.597614
vn -0.442782 -0.627946 0.640022
vn -0.638449 -0.754012 0.154430
vn -0.000000 -1.000000 0.000000
vn -0.193247 0.901819 -0.386494
vn -0.594737 0.132164 0.792982
vn -0.000000 -1.000000 0.000000
vn -0.473617 0.857022 0.202979
vn -0.101024 0.744129 -0.660353
vn -0.206397 0.549334 -0.809711
vn -0.331294 0.331294 0.883453
vn -0.373966 0.869219 -0.323430
vn -0.758976 0.649244 0.049379
vn -0.000000 -1.000000 0.000000
vn -0.286491 0.900400 -0.327418
vn -0.661987 -0.748982 0.028257
vn -0.547130 -0.396064 0.737415
vn -0.711287 -0.687613 -0.145808
vn -0.000000 -1.000000 0.000000
vn -0.150566 0.401508 -0.903394
vn -0.331294 0.883452 0.331295
vn -0.098138 0.826480 -0.554347
vn 0.026303 0.977089 -0.211199
vn -0.039034 0.306108 -0.951196
vn 0.823735 0.534729 0.188482
vn 0.447214 0.894427 0.000000
vn 0.672214 0.723923 -0.155126
vn 0.683486 -0.683486 -0.256307
vn 0.513036 -0.845000 -0.150893
vn 0.316228 -0.000000 0.948683
vn -0.119940 -0.416633 0.901128
vn 0.789844 0.557537 0.255538
vn 0.562565 0.822210 0.086548
vn 0.554700 -0.832050 0.000000
vn -0.242536 0.000000 -0.970142
vn -0.178737 0.448644 -0.875655
vn -0.843351 0.516893 0.146906
vn -0.884652 0.442326 0.147442
vn 0.447076 0.894151 0.024838
vn 0.705346 -0.705346 0.070535
vn 0.683486 -0.683486 -0.256307
vn -0.494924 -0.431521 0.754215
vn -0.776114 -0.630593 0.000000
vn 0.000000 -0.000000 -1.000000
vn -0.776114 -0.630593 0.000000
vn -0.446663 -0.893325 -0.049629
vn 0.513036 -0.845000 -0.150893
vn 0.141421 -0.000000 0.989950
vn -0.599852 0.799803 -0.022217
vn 0.672214 0.723923 -0.155126
vn 0.141421 -0.000000 0.989950
vn 0.000000 -0.000000 -1.000000
vn -0.732140 0.680762 0.023120
vn -0.913811 0.406139 0.000000
vn -0.884652 0.442326 0.147442
vn -0.588172 -0.808736 -0.000000
vn 0.554700 -0.832050 0.000000
vn 0.513036 -0.845000 -0.150893
vn 0.683486 -0.683486 -0.256307
vn 0.540052 0.838803 0.068943
vn -0.585811 0.805491 0.089499
vn 0.672214 0.723923 -0.155126
vn -0.553650 -0.830474 0.061517
vn 0.436950 -0.898175 -0.048550
vn -0.141421 0.000000 -0.989950
vn 0.613422 0.782642 0.105762
vn -0.688247 0.688247 0.229416
vn -0.141421 0.000000 -0.989950
vn -0.034694 -0.451021 0.891839
vn -0.827626 -0.558041 -0.060207
vn -0.707107 -0.707107 0.000000
vn -0.445976 0.891953 0.074329
vn 0.057371 -0.036381 0.997690
vn 0.603496 0.795990 -0.046823
vn -0.748427 0.280091 0.601171
vn 0.266399 -0.069495 0.961354
vn 0.083144 0.122528 0.988976
vn 0.578017 0.816024 0.000000
vn -0.824874 -0.563664 -0.043208
vn -0.080575 0.228834 -0.970125
vn -0.039034 0.306108 -0.951196
vn -0.481489 0.180558 -0.857652
vn -0.552345 -0.828517 -0.092058
vn -0.554700 0.832050 -0.000000
vn 0.000000 -0.000000 1.000000
vn -0.661677 -0.740217 -0.119425
vn 0.055706 -0.501356 0.863446
vn 0.862915 0.497357 0.089524
vn -0.621336 -0.776671 0.103556
vn -0.613617 0.767021 0.187494
vn 0.000000 -0.000000 -1.000000
vn 0.023279 0.999668 0.011085
vn 0.116616 -0.029652 0.992734
vn -0.472965 -0.659815 -0.583907
vn -0.705547 -0.646622 -0.289972
vn -0.052979 0.328470 -0.943027
vn 0.811383 0.584503 0.003845
vn -0.481489 0.180558 -0.857652
vn 0.603496 0.795990 -0.046823
vn -0.836323 0.546826 0.039314
vn 0.266399 -0.069495 0.961354
vn 0.002315 0.992833 -0.119490
vn 0.083391 -0.102272 0.991255
vn 0.603496 0.795990 -0.046823
vn -0.036510 -0.208526 0.977335
vn -0.790774 0.611052 -0.035944
vn -0.748427 0.280091 0.601171
vn -0.653553 -0.747807 0.116845
vn 0.123091 -0.492366 0.861640
vn -0.594226 -0.360267 0.719099
vn -0.542631 -0.581536 -0.606108
vn -0.708265 -0.570796 -0.415396
vn -0.721132 -0.171030 0.671355
vn -0.137645 0.292495 -0.946309
vn 0.201801 0.624321 -0.754652
vn -0.888621 0.458643 0.000000
vn -0.884652 0.442326 0.147442
vn 0.000000 -0.000000 -1.000000
vn -0.633750 -0.271607 -0.724286
vn -0.892500 0.307759 -0.329741
vn -0.888621 0.458643 0.000000
vn -0.231156 0.738693 -0.633166
vn -0.098779 0.812960 -0.573880
vn -0.212495 0.555314 -0.804035
vn 0.229039 -0.973417 0.000000
vn 0.127857 -0.081123 0.988469
vn -0.065433 -0.997857 0.000000
vn 0.221669 -0.974422 -0.036945
vn -0.065433 -0.997857 0.000000
vn -0.127651 0.043740 -0.990854
vn 0.535649 0.834982 -0.126035
vn 0.495099 -0.844581 -0.203864
vn 0.666667 -0.666667 -0.333333
vn 0.281718 0.056344 0.957841
vn -0.201389 0.881078 0.427954
vn 0.130052 -0.141875 0.981304
vn -0.017321 0.969997 0.242499
vn 0.021433 0.966122 0.257193
vn -0.118866 -0.017610 -0.992754
vn -0.854706 -0.495482 -0.154838
vn -0.481489 0.180558 -0.857652
vn -0.594077 -0.362888 0.717903
vn -0.851658 -0.524097 0.000000
vn -0.892896 -0.338684 0.296699
vn 0.000000 -0.000000 -1.000000
vn -0.851658 -0.524097 0.000000
vn -0.934998 -0.354654 0.000000
vn 0.552345 0.828517 0.092057
vn 0.554700 -0.832050 0.000000
vn 0.000000 -0.000000 -1.000000
vn -0.797592 -0.602697 -0.024567
vn -0.490767 -0.364117 -0.791560
vn 0.186081 0.595458 -0.781539
vn -0.707107 0.707107 0.000000
vn -0.447214 -0.894427 0.000000
vn 0.495099 -0.844581 -0.203864
vn 0.141365 0.028273 0.989554
vn 0.447214 0.894427 -0.000000
vn 0.704934 -0.704934 0.078326
vn 0.666667 -0.666667 -0.333333
vn -0.383886 -0.126382 -0.914691
vn -0.490767 -0.364117 -0.791560
vn -0.892500 0.307759 -0.329741
vn -0.973638 0.227309 -0.018942
vn -0.519133 -0.439736 -0.732894
vn -0.707107 0.707107 0.000000
vn 0.568179 0.808562 -0.152971
vn 0.141365 0.028273 0.989554
vn 0.516075 0.818602 0.252106
vn 0.877636 -0.464073 -0.119965
vn -0.578614 -0.814950 0.032598
vn 0.554700 -0.832050 0.000000
vn 0.495099 -0.844581 -0.203864
vn 0.666667 -0.666667 -0.333333
vn -0.594709 0.795861 0.113694
vn 0.547393 0.836729 -0.015640
vn 0.562986 0.768400 0.304317
vn 0.381181 0.358759 0.852052
vn 0.872938 -0.470747 -0.127970
vn -0.394191 -0.661438 0.638054
vn -0.624317 -0.768699 0.139034
vn -0.871254 0.477785 0.112420
vn 0.266399 -0.069495 0.961354
vn 0.176090 0.176090 0.968496
vn 0.506874 0.859481 0.066114
vn 0.912871 -0.365148 -0.182574
vn 0.069673 0.418040 -0.905753
vn -0.539784 -0.839664 0.059976
vn 0.446663 -0.893325 -0.049629
vn -0.141421 0.000000 -0.989950
vn -0.647660 0.725379 0.233157
vn 0.596330 0.795107 0.110432
vn -0.141421 0.000000 -0.989950
vn 0.931705 0.346681 0.108338
vn 0.218475 -0.971000 0.097100
vn 0.986394 0.164399 0.000000
vn 0.126428 -0.916602 0.379284
vn 0.762493 -0.457496 -0.457496
vn 0.056344 -0.281718 0.957841
vn 0.994135 0.076472 0.076472
vn 0.226633 0.938910 -0.259010
vn 0.000000 0.707107 -0.707107
vn 0.839510 -0.447739 -0.307820
vn -0.602953 -0.536532 -0.590407
vn -0.728929 -0.679158 -0.086061
vn -0.558092 -0.829166 -0.031891
vn -0.619823 0.783894 0.036460
vn 0.000000 -0.000000 1.000000
vn -0.696526 -0.716427 0.039801
vn -0.404061 0.909137 0.101015
vn -0.257663 -0.579741 0.772988
vn 0.381181 0.358759 0.852052
vn 0.867084 -0.460639 -0.189675
vn 0.964247 0.223205 0.142851
vn -0.346439 0.936667 0.051324
vn 0.226633 0.938910 -0.259010
vn -0.628978 -0.507723 -0.588731
vn -0.512381 -0.378067 -0.771058
vn -0.615978 -0.005923 0.787741
vn 0.892205 0.297402 0.339887
vn 0.235702 -0.942809 -0.235702
vn 0.457496 -0.762493 -0.457496
vn 0.609711 -0.304855 0.731653
vn -0.243779 -0.568815 -0.785507
vn 0.887502 -0.440691 -0.134656
vn 0.139531 0.427893 -0.892994
vn -0.672889 -0.739698 -0.008120
vn 0.084549 -0.140915 0.986405
vn -0.836323 0.546826 0.039314
vn -0.472844 -0.147048 -0.868789
vn -0.974299 0.224479 -0.018707
vn 0.000000 -0.000000 -1.000000
vn -0.892500 0.307759 -0.329741
vn -0.973287 0.229389 -0.009692
vn -0.597022 -0.796030 0.099504
vn -0.568168 0.802120 0.183819
vn -0.316228 0.000000 -0.948683
vn 0.933346 0.215387 0.287183
vn -0.479022 0.851594 0.212899
vn 0.592943 -0.069758 0.802217
vn 0.267734 -0.951943 0.148741
vn -0.943456 -0.314485 0.104828
vn -0.830057 -0.276686 -0.484200
vn -0.557086 0.742781 0.371391
vn 0.156984 -0.922278 0.353213
vn -0.984734 0.036472 0.170201
vn 0.469693 -0.828868 -0.303918
vn 0.839510 -0.447739 -0.307820
vn 0.056344 -0.281718 0.957841
vn 0.702247 -0.117041 0.702247
vn -0.313150 0.939450 -0.139178
vn -0.972806 0.138972 0.185296
vn 0.226633 0.938910 -0.259010
vn -0.106786 0.711906 -0.694108
vn -0.257663 -0.579741 0.772988
vn -0.557653 -0.824791 -0.093499
vn 0.873696 -0.471362 -0.120306
vn 0.525338 0.846377 0.087556
vn -0.721734 0.681638 -0.120289
vn 0.139531 0.427893 -0.892994
vn -0.316228 0.948683 -0.000000
vn -0.987170 -0.155869 -0.034638
vn -0.890348 -0.190789 -0.413376
vn 0.265933 -0.877585 -0.398903
vn -0.729805 -0.075497 -0.679474
vn -0.106786 0.711906 -0.694108
vn 0.862360 -0.440762 -0.249126
vn 0.469693 -0.828868 -0.303918
vn -0.870240 0.465579 0.160995
vn 0.517584 0.804737 0.290698
vn 0.381181 0.358759 0.852052
vn -0.893116 0.433026 0.121789
vn 0.490629 0.848205 0.199578
vn -0.721734 0.681638 -0.120289
vn -0.552106 -0.828157 -0.096618
vn -0.310881 -0.577350 -0.754996
vn 0.874227 -0.471884 -0.114246
vn 0.273805 -0.945871 -0.174239
vn 0.547153 -0.729537 -0.410365
vn -0.900526 -0.157592 -0.405237
vn -0.464991 0.813733 0.348743
vn 0.169031 -0.845154 0.507093
vn 0.056344 -0.281718 0.957841
vn 0.688247 0.229416 0.688247
vn -0.354787 0.768706 0.532181
vn 0.628768 -0.702740 -0.332877
vn 0.348311 -0.803796 0.482277
vn 0.577350 -0.577350 0.577350
vn 0.408248 0.816497 -0.408248
vn 0.911322 -0.390567 -0.130189
vn -0.681621 -0.143499 -0.717496
vn -0.399480 0.891148 0.215105
vn -0.795249 -0.136328 -0.590757
vn -0.931376 -0.243689 0.270472
vn 0.000000 -0.000000 -1.000000
vn -0.982994 -0.183636 0.000000
vn -0.867084 0.460639 0.189675
vn -0.257663 -0.579741 0.772988
vn 0.381181 0.358759 0.852052
vn 0.438944 -0.539039 0.718863
vn -0.036510 -0.208526 0.977335
vn -0.358056 0.930950 -0.071611
vn 0.972306 -0.129641 0.194461
vn -0.068438 0.992360 0.102658
vn 0.702247 -0.117041 0.702247
vn -0.354787 0.768706 0.532181
vn 0.265933 -0.877585 -0.398903
vn -0.000001 -1.000000 0.000000
vn 0.469693 -0.828868 -0.303918
vn 0.955492 -0.195998 0.220498
vn 0.639602 -0.426401 0.639602
vn -0.742999 0.662239 0.096913
vn -0.768221 0.384111 0.512148
vn -0.729805 -0.075497 -0.679474
vn -0.202606 0.709120 -0.675352
vn -0.496903 0.795047 -0.347833
vn 0.408248 0.816497 -0.408248
vn 0.912871 -0.365149 -0.182574
vn 0.955492 -0.195998 0.220498
vn -0.543075 0.814613 0.203653
vn -0.932742 0.349779 0.087445
vn 0.358398 -0.806397 0.470398
vn 0.609711 -0.304855 0.731653
vn -0.712671 0.617649 -0.332580
vn -0.534522 0.801784 0.267261
vn 0.408248 0.816497 -0.408248
vn -0.932742 0.349779 0.087445
vn -0.416107 -0.178331 -0.891657
vn -0.903252 0.413991 0.112907
vn -0.310881 -0.577350 -0.754996
vn -0.721734 0.681638 -0.120289
vn 0.905654 -0.398488 -0.144905
vn 0.000001 -1.000000 0.000001
vn 0.333148 -0.799556 0.499722
vn 0.942809 -0.235702 0.235702
vn 0.185674 0.433237 -0.881947
vn -0.510324 -0.214374 -0.832834
vn -0.996065 0.039636 0.079272
vn 0.000000 -0.000000 -1.000000
vn -0.997785 0.066519 0.000000
vn -0.889310 0.438905 0.128413
vn -0.257664 -0.579741 0.772988
vn -0.562828 -0.821597 -0.090570
vn -0.770800 0.635910 0.038540
vn -0.903540 0.425195 -0.053150
vn -0.980523 0.108947 -0.163420
vn -0.068438 0.992360 0.102658
vn -0.354787 0.768706 0.532181
vn -0.923287 0.213066 -0.319599
vn 0.265933 -0.877585 -0.398903
vn -0.729805 -0.075497 -0.679474
vn -0.000002 -1.000000 -0.000000
vn -0.980523 0.108947 -0.163420
vn 0.535649 0.834982 -0.126035
vn 0.539055 -0.808579 -0.235837
vn 0.603307 -0.745262 -0.283909
vn 0.000000 -0.000000 1.000000
vn -0.903053 0.416408 0.105356
vn -0.557653 -0.824791 -0.093499
vn -0.388923 -0.583383 -0.713024
vn -0.723269 0.653725 -0.222544
vn -0.068438 0.992360 0.102658
vn -0.904013 0.423756 -0.056501
vn -0.932742 0.349779 0.087445
vn -0.000001 -1.000000 0.000000
vn 0.348311 -0.803796 0.482277
vn -0.980523 0.108947 -0.163420
vn -0.193073 0.483413 -0.853835
vn 0.148996 0.724431 -0.673053
vn -0.447215 -0.894426 -0.000000
vn 0.539055 -0.808579 -0.235837
vn 0.141365 0.028273 0.989554
vn 0.437853 0.898751 -0.023045
vn 0.707107 -0.707107 0.000000
vn 0.603307 -0.745262 -0.283909
vn 0.447214 0.894427 0.000000
vn 0.707107 -0.707106 0.000000
vn -0.107833 -0.215665 -0.970495
vn -0.316140 0.763034 -0.563768
vn -0.090560 0.823708 -0.559736
vn -0.071024 0.970659 -0.229731
vn 0.591018 0.788024 -0.172380
vn -0.707107 0.707107 0.000000
vn 0.141365 0.028273 0.989554
vn -0.445930 -0.891859 0.075724
vn 0.707107 -0.707106 0.000000
vn 0.539055 -0.808579 -0.235837
vn 0.603307 -0.745262 -0.283909
vn 0.492639 0.867983 -0.062557
vn -0.690797 0.713824 0.115133
vn -0.442326 -0.884651 0.147443
vn 0.707108 -0.707106 0.000000
vn -0.107833 -0.215665 -0.970495
vn -0.676557 -0.700158 -0.228141
vn 0.178758 -0.167586 0.969516
vn -0.447215 -0.894427 -0.000000
vn -0.707107 0.707107 0.000000
vn 0.267261 0.053452 0.962141
vn 0.906582 0.422030 0.000000
vn 0.198526 -0.056722 0.978453
vn 0.514495 -0.857494 0.000000
vn -0.445976 -0.891953 0.074330
vn -0.702247 0.702247 0.117041
vn -0.046739 0.128532 -0.990603
vn 0.884652 0.442326 -0.147442
vn 0.514495 -0.857494 0.000000
vn 0.447214 0.894427 0.000000
vn -0.657394 0.725402 0.204019
vn -0.107833 -0.215665 -0.970495
vn 0.809392 -0.586043 0.037920
vn 0.136932 -0.093406 0.986167
vn 0.244262 -0.275181 0.929845
vn 0.808995 -0.586911 0.032606
vn 0.763240 -0.528398 0.371835
vn -0.642761 -0.492384 -0.586869
vn -0.654233 -0.269953 -0.706473
vn -0.442326 -0.884651 0.147443
vn -0.669111 0.711821 0.213546
vn -0.107833 -0.215665 -0.970495
vn -0.569401 -0.132621 -0.811292
vn -0.519133 -0.439736 -0.732894
vn -0.746058 -0.335518 -0.575174
vn -0.476231 -0.372326 -0.796604
vn 0.104831 0.710721 -0.695619
vn -0.519133 -0.439736 -0.732894
vn -0.092467 0.995693 -0.006700
vn -0.638789 -0.501773 -0.583242
vn -0.776641 -0.610080 -0.156944
vn -0.748748 -0.406165 -0.523839
vn 0.385208 -0.922165 -0.035020
vn 0.642493 0.333144 0.690085
vn 0.136083 0.952579 0.272166
vn -0.408248 0.408248 -0.816497
vn 0.220756 -0.043137 0.974375
vn -0.871483 -0.439373 0.217874
vn -0.900349 -0.435169 0.000000
vn 0.514495 -0.857494 0.000000
vn -0.069135 0.115225 -0.990931
vn -0.900349 -0.435169 0.000000
vn 0.514495 -0.857494 0.000000
vn 0.445022 0.890042 -0.098894
vn 0.055132 -0.110264 0.992372
vn 0.975270 0.043345 -0.216727
vn 0.097590 -0.195180 0.975900
vn -0.644831 -0.762073 -0.058621
vn 0.970142 -0.000000 -0.242536
vn 0.975270 0.043345 -0.216727
vn -0.834351 -0.525002 -0.168022
vn 0.498628 -0.510180 0.700775
vn 0.763240 -0.528398 0.371835
vn 0.446663 0.893325 0.049629
vn 0.958043 -0.266123 0.106449
vn -0.054944 0.137361 -0.988996
vn -0.258863 0.238951 -0.935891
vn 0.339178 -0.780109 0.525726
vn 0.260351 0.954619 0.144639
vn 0.139311 -0.084749 0.986615
vn 0.972199 0.026839 0.232612
vn 0.357737 -0.883359 0.302821
vn 0.118246 -0.008092 0.992951
vn 0.911870 0.334675 0.237668
vn 0.447076 0.894151 -0.024838
vn 1.000000 -0.000000 0.000000
vn 0.958043 -0.266123 0.106449
vn 0.975270 0.043345 -0.216727
vn 0.970142 -0.000000 -0.242536
vn 1.000000 -0.000000 0.000000
vn -0.706562 -0.706562 0.039253
vn 0.970142 -0.000000 -0.242536
vn 1.000000 -0.000000 0.000000
vn -0.532223 -0.834295 0.143844
vn 0.958043 -0.266123 0.106449
vn -0.106449 0.266123 -0.958043
vn -0.889496 -0.456311 0.024016
vn 0.822899 -0.567403 0.029863
vn 0.171184 -0.042796 0.984309
vn -0.888923 -0.455778 -0.045633
vn 0.822356 -0.568143 0.030710
vn 0.763240 -0.528398 0.371835
vn 0.221669 -0.974422 -0.036945
vn 0.116841 -0.000000 0.993151
vn -0.948683 0.000000 0.316228
vn -0.201389 0.881078 0.427954
vn 0.123327 -0.078719 0.989239
vn -0.896819 -0.081529 0.434821
vn 0.445022 0.890042 -0.098894
vn 0.000000 -0.000000 1.000000
vn -1.000000 0.000000 0.000000
vn 0.055132 -0.110264 0.992372
vn -1.000000 0.000000 0.000000
vn -0.611593 -0.786334 -0.087370
vn 0.447076 0.894151 -0.024838
vn -0.998460 0.000000 0.055470
vn -0.993127 0.082761 0.082761
vn -0.592378 -0.804464 0.043880
vn -0.071714 0.717137 -0.693233
vn 0.301511 0.904534 0.301511
vn 0.094444 -0.944443 -0.314814
vn 0.327483 -0.720462 0.611301
vn 0.214482 -0.974108 -0.071494
vn -0.109491 -0.016845 -0.993845
vn -0.896819 -0.081529 0.434821
vn 0.446663 0.893325 0.049629
vn -0.973329 0.162221 0.162221
vn 0.000000 -0.000000 -1.000000
vn -0.061899 0.866578 0.495188
vn 0.642493 0.333144 0.690085
vn 0.069317 0.953105 0.294596
vn 0.908558 -0.176664 0.378566
vn 0.385208 -0.922165 -0.035020
vn 0.291386 -0.388514 -0.874157
vn 0.161281 0.860165 -0.483843
vn 0.000000 0.554700 -0.832050
vn -0.408248 0.408248 -0.816497
vn -0.201389 0.881078 0.427954
vn -0.216488 0.947136 0.236784
vn -0.108919 -0.018153 -0.993885
vn -0.844782 -0.140797 0.516255
vn -0.953329 0.238332 0.185370
vn -0.401029 -0.896416 0.188719
vn -0.054944 0.137361 -0.988996
vn 0.069317 0.953105 0.294596
vn -0.408248 0.408248 -0.816497
vn 0.000000 0.554700 -0.832050
vn 0.952980 0.051807 0.298573
vn 0.288233 -0.869964 0.400105
vn 0.964623 0.170178 0.201349
vn 0.291386 -0.388514 -0.874157
vn 0.101783 -0.019642 0.994613
vn 0.713024 0.388922 0.583384
vn 0.504827 0.653305 0.564219
vn 0.398120 -0.229685 0.888113
vn 0.411445 -0.780032 0.471448
vn 0.233131 0.965830 0.113235
vn 0.985853 0.095405 -0.137808
vn 0.291386 -0.388514 -0.874157
vn 0.113600 0.968585 -0.221220
vn 0.976187 -0.000000 -0.216930
vn 0.426163 0.899676 -0.094703
vn 0.052111 -0.130277 0.990107
vn 0.976187 -0.000000 -0.216930
vn -0.361741 -0.924448 -0.120580
vn 0.000000 -0.000000 1.000000
vn -0.311245 0.839180 -0.445987
vn -0.100258 0.985740 -0.135148
vn 0.248922 0.954201 0.165948
vn 0.047140 -0.942809 0.329983
vn -0.235702 -0.377124 0.895669
vn 0.657706 0.182696 -0.730784
vn -0.155508 0.223543 -0.962209
vn 0.235856 0.958164 0.162151
vn 0.833909 0.537684 0.124464
vn 0.471672 0.640126 0.606436
vn 0.154939 0.987734 -0.019368
vn 0.981615 -0.000000 -0.190870
vn 0.395614 0.918390 0.007065
vn 0.969790 -0.242448 -0.026939
vn 0.986394 -0.000000 -0.164399
vn -0.316228 -0.948683 0.000000
vn 0.464521 0.880146 0.097794
vn 0.969790 -0.242448 -0.026939
vn -0.054944 0.137361 -0.988996
vn -0.271680 0.787422 -0.553315
vn -0.220737 0.559919 -0.798602
vn -0.117485 0.855965 -0.503509
vn 0.033423 0.764168 -0.644150
vn -0.688307 -0.154400 -0.708798
vn -0.155508 0.223543 -0.962209
vn 0.411445 -0.780032 0.471448
vn 0.752906 -0.129069 0.645348
vn 0.476095 0.532106 -0.700140
vn -0.061899 0.866578 0.495188
vn 0.579831 0.785186 0.217437
vn 0.915650 0.063378 0.396948
vn 0.385208 -0.922165 -0.035020
vn 0.642493 0.333144 0.690085
vn 0.752906 -0.129069 0.645348
vn 0.507093 0.169031 -0.845154
vn 0.993884 -0.000000 -0.110432
vn -0.378517 -0.919255 0.108148
vn 0.969790 -0.242448 -0.026939
vn 0.000000 -0.000000 -1.000000
vn 0.857493 0.514496 0.000000
vn -0.187120 -0.299392 -0.935602
vn -0.441834 -0.706934 0.552292
vn -0.986256 0.154707 0.058015
vn 0.364216 0.924547 -0.112066
vn 0.106449 -0.266123 0.958043
vn 0.042971 -0.575813 0.816451
vn 0.346128 0.890043 0.296681
vn 0.327483 -0.720462 0.611301
vn 0.213041 0.755326 0.619755
vn 0.239043 0.703469 -0.669320
vn 0.346128 0.890043 0.296681
vn -0.971429 0.235498 0.029437
vn -0.368915 -0.922286 -0.115286
vn 0.052111 -0.130277 0.990107
vn -0.982580 0.144232 0.117188
vn -0.372550 -0.927987 -0.006774
vn -0.993884 0.000000 0.110432
vn 0.321251 0.946843 0.016908
vn 0.102335 -0.097564 0.989954
vn -0.196021 -0.956447 0.216299
vn 0.386783 -0.863592 0.323430
vn -0.086775 -0.882207 0.462797
vn 0.161690 -0.565916 0.808452
vn 0.874386 0.411476 -0.257172
vn -0.666667 -0.666667 -0.333333
vn 0.864530 0.500517 -0.045502
vn -0.456387 -0.880175 0.130396
vn -0.000000 -0.707107 0.707107
vn 0.851606 0.487999 -0.191372
vn -0.532952 -0.823653 0.193801
vn 0.160933 -0.724196 0.670552
vn 0.206284 -0.928279 -0.309426
vn 0.094444 -0.944443 -0.314814
vn 0.327483 -0.720462 0.611301
vn 0.172539 0.667152 -0.724665
vn 0.206284 -0.928279 -0.309426
vn 0.094444 -0.944443 -0.314814
vn -0.073324 -0.586588 -0.806559
vn -0.976481 0.134687 0.168359
vn 0.421035 0.898207 0.126310
vn -0.106449 0.266123 -0.958043
vn 0.780869 0.624695 0.000000
vn 0.707107 -0.000000 -0.707107
vn 0.861640 0.492366 -0.123091
vn -0.316228 -0.948683 0.000000
vn -0.722897 -0.562253 0.401610
vn 0.779126 0.623300 -0.066782
vn -0.267261 -0.801784 -0.534523
vn -0.316228 -0.948683 0.000000
vn 0.832050 0.554700 0.000000
vn -0.622799 -0.077850 0.778499
vn -0.441834 -0.706934 0.552292
vn 0.161690 -0.565916 0.808452
vn 0.860456 0.503681 -0.076951
vn -0.187120 -0.299392 -0.935602
vn 0.881838 0.458278 -0.111098
vn -0.682532 -0.700033 -0.210010
vn 0.230599 0.960828 0.153732
vn 0.543075 0.203653 -0.814613
vn 0.047140 -0.942809 0.329983
vn 0.480852 0.198973 -0.853927
vn -0.033981 -0.951479 0.305832
vn -0.061899 0.866578 0.495188
vn 0.738173 0.620066 -0.265742
vn 0.516000 0.845736 0.135922
vn 0.000000 0.948683 0.316228
vn 0.205076 0.888662 -0.410152
vn 0.000000 0.554700 -0.832050
vn 0.729346 0.671766 -0.129555
vn 0.174266 0.977821 -0.116177
vn -0.962250 0.192450 0.192450
vn -0.445436 -0.890871 0.089087
vn -0.054944 0.137361 -0.988996
vn 0.879632 0.454003 -0.141876
vn -0.000000 -0.707107 0.707107
vn -0.410651 -0.903432 -0.123195
vn 0.047140 -0.942809 0.329983
vn -0.197471 -0.368613 0.908367
vn 0.069673 -0.975426 0.209020
vn -0.033981 -0.951479 0.305832
vn 0.861297 0.171365 0.478332
vn 0.236085 -0.835743 0.495780
vn 0.124151 -0.735102 0.666492
vn 0.937042 0.312348 -0.156174
vn 0.196116 -0.000000 0.980581
vn -0.361741 -0.924448 -0.120580
vn 0.936329 -0.000000 -0.351123
vn 0.345790 0.929309 -0.129671
vn 0.196116 -0.000000 0.980581
vn 0.936329 -0.000000 -0.351123
vn 0.792091 0.545961 0.272981
vn 0.426242 0.619987 0.658736
vn 0.335579 0.939618 0.067115
vn -0.930658 -0.248176 0.268857
vn 0.891232 0.426241 -0.154997
vn -0.722897 -0.562253 0.401610
vn 0.097234 0.962618 0.252809
vn -0.154487 -0.448013 0.880578
vn 0.590390 -0.164962 0.790081
vn 0.481259 -0.773452 0.412508
vn 0.830434 0.255518 0.495066
vn 0.752906 -0.129069 0.645348
vn 0.980581 -0.000000 -0.196116
vn 0.196116 -0.000000 0.980581
vn 0.471672 0.640126 0.606436
vn 0.796920 0.358614 0.486121
vn 0.015201 0.998844 0.045603
vn 0.124276 -0.081667 0.988881
vn -0.961454 -0.240363 0.133535
vn -0.267261 -0.801784 -0.534523
vn -0.722897 -0.562253 0.401610
vn -0.316228 -0.948683 0.000000
vn 0.850240 0.518115 0.092995
vn 0.771517 0.617213 -0.154303
vn -0.611593 -0.087370 0.786334
vn -0.957704 -0.239426 -0.159617
vn -0.536656 -0.447214 0.715542
vn -0.267261 -0.801784 -0.534523
vn 0.879571 0.470000 -0.073857
vn -0.737790 -0.546511 -0.396221
vn -0.799086 -0.309324 -0.515539
vn -0.935142 -0.284679 -0.210873
vn -0.872261 -0.472756 -0.125149
vn -0.782749 -0.307451 -0.541089
vn -0.371391 -0.557086 0.742781
vn 0.627572 0.588348 -0.509902
vn -0.182574 0.912871 0.365148
vn 0.212000 -0.953998 0.212000
vn 0.590390 -0.164962 0.790081
vn 0.360831 0.932146 0.030069
vn 0.482297 0.553748 0.678788
vn 0.540773 0.816358 0.202790
vn 0.558061 0.596219 -0.577140
vn -0.161540 -0.966546 0.199232
vn 0.833932 -0.260604 0.486460
vn 0.340241 -0.878631 0.335027
vn 0.298142 -0.596285 -0.745356
vn 0.939450 0.313150 -0.139178
vn -0.316228 -0.948683 0.000000
vn 0.194461 0.972306 0.129641
vn 0.973668 -0.211667 0.084667
vn -0.070750 0.117917 -0.990500
vn -0.942809 -0.235702 0.235702
vn 0.928279 0.309426 -0.206284
vn 0.707107 -0.000000 -0.707107
vn -1.000000 0.000000 0.000000
vn 0.891232 0.426241 -0.154997
vn 0.779126 0.623300 -0.066782
vn 0.707107 -0.000000 -0.707107
vn -0.955153 -0.238788 0.175111
vn -0.316228 0.000000 -0.948683
vn -0.358568 0.597614 0.717137
vn 0.875014 0.478781 -0.071542
vn -0.689726 -0.716253 -0.106112
vn 0.327596 0.944695 -0.015237
vn 0.939450 0.313150 -0.139178
vn 0.973668 -0.211667 0.084667
vn 0.936329 -0.000000 -0.351123
vn 0.941184 0.313728 -0.125491
vn -0.378517 -0.919255 0.108148
vn 0.973668 -0.211667 0.084667
vn -0.131812 0.219687 -0.966625
vn -0.894427 0.000000 0.447214
vn 0.878833 0.470073 0.081752
vn -0.536656 -0.447214 0.715542
vn 0.161690 -0.565916 0.808452
vn -0.847626 -0.304276 0.434680
vn -0.410651 -0.903432 -0.123195
vn -0.441834 -0.706934 0.552292
vn -0.187120 -0.299392 -0.935602
vn -0.737871 -0.674882 0.008998
vn -0.899188 -0.431610 0.071935
vn -0.000000 -0.707107 0.707107
vn -0.000000 -0.986394 0.164399
vn -0.816497 0.408248 0.408248
vn 0.872612 0.458681 -0.167810
vn -0.802369 -0.382080 -0.458496
vn -0.891953 0.445976 -0.074329
vn -0.822437 -0.078235 -0.563450
vn -0.304517 0.795127 -0.524445
vn -0.848294 -0.247926 -0.467899
vn -0.117485 0.855965 -0.503509
vn -0.026969 0.746145 -0.665237
vn -0.056354 0.206630 -0.976795
vn 0.407323 0.908454 -0.093808
vn 0.549370 0.675268 -0.492144
vn 0.999654 -0.026307 0.000000
vn 0.170120 -0.076554 0.982445
vn 0.000000 1.000000 0.000000
vn 0.948388 0.024958 -0.316129
vn 0.884652 0.442326 -0.147442
vn 0.175825 -0.073261 0.981692
vn 0.948388 0.024958 -0.316129
vn 0.999654 -0.026307 0.000000
vn 0.000000 0.078702 -0.996898
vn 0.000000 1.000000 0.000000
vn -0.968496 0.176090 0.176090
vn 0.874781 0.474978 -0.095679
vn 0.585101 0.494451 -0.642787
vn 0.201773 -0.958423 0.201773
vn 0.718699 0.086244 -0.689951
vn 0.606794 -0.445957 0.657969
vn 0.358569 -0.717137 -0.597614
vn 0.445021 0.890043 -0.098894
vn 0.965123 -0.150130 -0.214472
vn 0.048365 -0.120913 0.991484
vn 0.999654 -0.026307 0.000000
vn -0.013621 0.105561 -0.994320
vn 0.846127 0.452240 -0.282042
vn 0.948388 0.024958 -0.316129
vn 0.196116 -0.000000 0.980581
vn -1.000000 0.000000 0.000000
vn -0.386950 -0.916461 -0.101829
vn 0.376462 0.918566 -0.120468
vn 0.196116 -0.000000 0.980581
vn -1.000000 0.000000 0.000000
vn -0.994666 0.000000 0.103151
vn -0.372550 -0.927987 -0.006774
vn 0.446663 0.893325 -0.049629
vn -0.993884 0.000000 0.110432
vn -0.894427 0.000000 0.447214
vn -0.316228 0.000000 -0.948683
vn 0.861550 0.502571 0.071796
vn -0.894427 0.000000 0.447214
vn -0.316228 0.000000 -0.948683
vn -0.358568 0.597614 0.717137
vn -0.851306 -0.322116 0.414149
vn -0.802369 -0.382080 -0.458496
vn -0.891953 0.445976 -0.074329
vn -0.536656 -0.447214 0.715542
vn -0.358568 0.597614 0.717137
vn 0.796117 0.583819 -0.159223
vn -0.802369 -0.382080 -0.458496
vn -0.956597 0.264591 0.122119
vn -0.894427 -0.447214 0.000000
vn -0.899188 -0.431610 0.071935
vn -0.891953 0.445976 -0.074329
vn -0.989675 -0.023564 0.141382
vn 0.848485 0.515151 -0.121212
vn -0.993983 0.077453 0.077453
vn -0.846301 -0.511501 -0.148800
vn -0.799086 -0.309324 -0.515539
vn -1.000000 0.000000 0.000000
vn 0.844441 0.519656 -0.129914
vn -0.799086 -0.309324 -0.515539
vn 0.050492 0.959339 0.277703
vn 0.479350 0.377793 -0.792146
vn 0.267261 0.801784 0.534523
vn 0.357851 0.730611 -0.581507
vn 0.388514 0.874157 0.291386
vn 0.248070 0.744208 0.620174
vn -0.491172 -0.833503 0.253027
vn 0.925881 -0.162435 0.341114
vn -0.707107 0.000001 0.707106
vn -0.305231 -0.682280 -0.664325
vn 0.690617 -0.376700 0.617370
vn 0.239265 -0.836529 0.492922
vn 0.779987 0.614535 -0.118180
vn 0.195179 -0.097590 0.975900
vn 0.861411 -0.430706 -0.269191
vn 0.946895 -0.205847 -0.247016
vn -0.644831 -0.762074 -0.058621
vn 0.084667 -0.211667 0.973668
vn -0.298557 -0.380917 0.875080
vn 0.122921 -0.965804 0.228281
vn 0.599169 0.582525 -0.549237
vn -0.123092 0.910877 0.393893
vn -0.012403 -0.496101 0.868176
vn 0.493478 0.173038 -0.852371
vn 0.069673 -0.975426 0.209020
vn 0.248070 0.744208 0.620174
vn 0.278006 -0.476581 0.834016
vn -0.033981 -0.951479 0.305832
vn 0.784123 -0.074678 0.616096
vn 0.042971 -0.575813 0.816451
vn 0.206284 -0.928279 -0.309426
vn 0.786301 0.285713 0.547813
vn 0.278006 -0.476581 0.834016
vn 0.482297 0.553748 0.678788
vn -0.073324 -0.586588 -0.806559
vn -0.527047 -0.105409 -0.843274
vn -0.889658 -0.369291 0.268575
vn -0.739601 -0.647149 -0.184900
vn -0.026082 -0.991117 0.130410
vn 0.182574 -0.365148 -0.912871
vn 0.447213 0.894427 0.000000
vn 0.966559 -0.226642 -0.119987
vn 0.445021 0.890043 0.098894
vn 0.981169 -0.191968 -0.021330
vn -0.048365 0.120913 -0.991484
vn -0.976187 0.000000 0.216930
vn -0.426163 -0.899676 0.094703
vn -0.070750 0.117917 -0.990500
vn 0.273577 0.957517 0.091192
vn -0.976187 0.000000 0.216930
vn 0.000000 -0.000000 -1.000000
vn -0.341279 -0.551297 0.761315
vn -0.062980 0.923710 0.377881
vn 0.364558 0.695973 -0.618643
vn 0.483899 0.871017 -0.084682
vn 0.703392 0.603745 0.375142
vn 0.363946 -0.737224 -0.569249
vn -0.073324 -0.586588 -0.806559
vn 0.482297 0.553748 0.678788
vn -0.687785 -0.706373 -0.167299
vn -0.316228 0.000000 -0.948683
vn 0.925881 -0.162435 0.341114
vn -0.305231 -0.682280 -0.664325
vn 0.776379 -0.278483 0.565405
vn -0.546406 -0.044605 -0.836332
vn 0.718699 0.086244 -0.689951
vn 0.298142 -0.596285 -0.745356
vn -0.551726 0.103448 -0.827585
vn 0.718699 0.086244 -0.689951
vn -0.799004 -0.449437 0.399499
vn 0.392598 -0.577350 0.715914
vn 0.195179 -0.097590 0.975900
vn -0.772508 -0.626755 -0.102030
vn 0.861411 -0.430706 -0.269191
vn 0.782374 0.610714 0.122143
vn 0.348664 0.927129 0.137352
vn 0.860049 0.507839 -0.049146
vn 0.867770 -0.474990 -0.146151
vn 0.941590 -0.313863 -0.122058
vn -0.706562 -0.706562 0.039254
vn 0.894427 0.447214 0.000000
vn 0.832050 -0.554700 0.000000
vn 0.000000 0.316228 -0.948683
vn 0.000000 -0.000000 -1.000000
vn 0.970142 -0.242536 0.000000
vn -0.625999 -0.772510 0.106553
vn -0.084666 0.211667 -0.973668
vn -0.340636 0.897241 -0.280937
vn -0.061115 0.997708 -0.029030
vn 0.925881 -0.162435 0.341114
vn 0.201218 -0.835829 0.510784
vn 0.562255 -0.401609 0.722897
vn 0.116748 -0.750521 0.650452
vn -0.426066 0.248538 -0.869883
vn 0.372535 0.906500 0.198685
vn 0.703392 0.603745 0.375142
vn 0.363946 -0.737224 -0.569249
vn -0.798534 -0.168795 0.577799
vn 0.412909 -0.542681 0.731439
vn 0.820661 0.563199 -0.096548
vn 0.195179 -0.097591 0.975900
vn -0.832048 0.554704 0.000000
vn 0.445021 0.890043 -0.098894
vn -0.893325 0.446663 -0.049629
vn -0.969790 0.242448 0.026939
vn 0.000000 -0.000000 1.000000
vn -0.707105 -0.707109 -0.000000
vn 0.884652 -0.442326 -0.147442
vn 0.894151 0.447076 -0.024838
vn -0.704931 0.704938 0.078326
vn 0.447214 0.894427 -0.000000
vn -0.857142 0.428571 0.285716
vn -0.893325 0.446663 -0.049629
vn -0.729004 0.560772 0.392540
vn 0.296681 0.890043 -0.346127
vn 0.294484 -0.920263 0.257674
vn 0.562254 0.401609 -0.722897
vn -0.038285 0.937982 0.344565
vn -0.092057 -0.552345 0.828517
vn 0.267261 0.801784 0.534523
vn 0.153777 -0.898058 0.412122
vn 0.792594 0.566138 -0.226455
vn -0.792624 -0.487767 0.365827
vn -0.315245 0.078811 -0.945732
vn 0.784466 -0.196116 0.588347
vn 0.163928 -0.075659 0.983567
vn -0.969975 -0.018653 0.242490
vn 0.000000 1.000000 0.000000
vn 0.187832 -0.064216 0.980100
vn -0.946843 -0.217842 0.236712
vn -0.611593 -0.786334 -0.087370
vn -0.969790 0.242448 0.026939
vn 0.048365 -0.120913 0.991484
vn -0.637174 -0.770211 0.028008
vn -0.921228 0.307076 0.238839
vn -0.969790 0.242448 0.026939
vn -0.893325 0.446663 -0.049629
vn 0.894427 0.447214 0.000000
vn -0.753421 0.627855 0.195332
vn 0.000000 -0.000000 -1.000000
vn -0.684836 -0.713981 0.145710
vn 0.858958 -0.511720 -0.018276
vn 0.000000 0.316228 -0.948683
vn 0.300399 0.901198 -0.312415
vn 0.268387 -0.956128 0.117419
vn -0.554628 -0.016313 -0.831938
vn -0.846307 -0.323587 0.423150
vn 0.195179 -0.097590 0.975900
vn -0.893323 0.446666 0.049630
vn -0.806063 -0.588210 -0.065357
vn -0.005982 0.077762 -0.996954
vn -0.969974 -0.018653 0.242493
vn 0.000000 1.000000 0.000000
vn -0.909016 -0.337050 0.245127
vn -0.520157 -0.853056 -0.041613
vn -0.038821 0.116464 -0.992436
vn -0.928255 -0.290666 0.232067
vn -0.900349 -0.435169 0.000000
vn -0.795730 0.596803 0.103150
vn -0.735750 -0.676893 0.022072
vn -0.909016 -0.337050 0.245127
vn -0.161540 -0.966546 0.199232
vn -0.369130 -0.659960 0.654367
vn 0.445021 0.890043 0.098894
vn 0.000000 -0.000000 -1.000000
vn -0.921228 0.307076 0.238839
vn 0.363762 -0.168408 0.916142
vn 0.824444 0.316896 0.468902
vn 0.044216 -0.906423 0.420051
vn 0.078490 -0.719488 0.690055
vn -0.795401 -0.443589 0.412997
vn 0.677067 -0.288380 0.677065
vn 0.381892 0.922624 -0.054073
vn 0.626557 0.645544 -0.436691
vn 0.088657 -0.084553 0.992467
vn 0.417585 0.357930 0.835170
vn -0.281908 -0.828105 0.484530
vn -0.574467 -0.808511 0.127660
vn -0.048365 0.120913 -0.991484
vn -0.948354 0.237088 0.210747
vn -0.281879 0.878232 -0.386333
vn -0.117485 0.855965 -0.503509
vn 0.826977 0.110264 -0.551318
vn 0.700918 0.034471 0.712408
vn 0.827851 0.100346 -0.551900
vn -0.642294 -0.488143 0.590910
vn -0.631340 -0.183292 -0.753534
vn 0.721995 -0.123771 0.680738
vn -0.539681 -0.114478 -0.834050
vn -0.634603 -0.766812 0.096324
vn -0.778205 -0.068413 0.624272
vn -0.935459 -0.285835 0.207880
vn -0.472522 -0.875041 0.105005
vn 0.164153 -0.930199 0.328305
vn -0.455321 -0.321403 0.830291
vn -0.075099 -0.709270 0.700925
vn -0.787648 0.590740 0.175033
vn -0.673737 -0.723646 0.149719
vn 0.000000 0.316228 -0.948683
vn 0.000000 -0.000000 -1.000000
vn -0.892609 -0.450737 0.009206
vn -0.973584 -0.208466 0.093145
vn 0.114211 -0.085659 0.989757
vn -0.652051 0.573805 0.495558
vn 0.299160 0.897479 -0.324090
vn -0.787390 -0.418825 0.452330
vn -0.654101 -0.754732 0.050315
vn -0.293394 -0.607021 0.738543
vn 0.415682 -0.424718 0.804253
vn -0.800755 -0.463594 0.379305
vn -0.316228 0.000000 -0.948683
vn -0.962985 -0.246717 -0.108585
vn -0.892205 -0.448805 -0.050439
vn -0.946128 -0.260185 -0.192730
vn -0.852277 -0.075030 -0.517682
vn -0.652051 0.573805 0.495558
vn -0.485516 0.685435 0.542636
vn 0.207375 -0.976390 0.060484
vn 0.344010 0.928828 -0.137604
vn 0.207476 -0.973542 0.095758
vn 0.729004 0.392541 -0.560772
vn 0.571092 0.467256 -0.674926
vn 0.376622 0.911425 0.165714
vn 0.792594 0.566138 -0.226455
vn 0.825800 0.122341 -0.550533
vn -0.293394 -0.607021 0.738543
vn 0.418638 0.197006 -0.886527
vn 0.630267 0.143745 0.762955
vn 0.454338 -0.514915 0.726939
vn 0.089303 -0.728525 0.679173
vn 0.826977 0.110264 -0.551318
vn -0.371391 -0.557086 -0.742781
vn -0.631340 -0.183292 -0.753534
vn 0.418638 0.197006 -0.886527
vn -0.665911 -0.745592 -0.025612
vn -0.305231 -0.682280 -0.664325
vn -0.314270 0.864242 -0.392837
vn 0.729642 0.416938 -0.542020
vn 0.271660 0.955841 -0.112114
vn -0.138380 -0.461266 0.876405
vn 0.837798 0.376538 0.395365
vn 0.069673 -0.975426 0.209020
vn 0.208696 -0.751305 0.626088
vn 0.278006 -0.476581 0.834016
vn -0.632630 -0.457323 0.625008
vn 0.656380 0.134957 0.742261
vn 0.473948 0.753455 -0.455719
vn 0.267261 0.801784 0.534523
vn 0.586207 0.777621 -0.227305
vn 0.792594 0.566138 -0.226455
vn -0.426066 0.248538 -0.869883
vn 0.079717 0.358727 -0.930032
vn 0.329691 0.923132 0.197814
vn -0.426066 0.248538 -0.869883
vn 0.152718 0.271499 -0.950245
vn 0.381989 0.887200 -0.258767
vn 0.363946 -0.737224 -0.569249
vn -0.282214 -0.343565 0.895722
vn 0.254385 -0.445174 0.858550
vn 0.193560 0.881771 0.430132
vn 0.382805 -0.836126 0.392879
vn 0.729004 0.392541 -0.560772
vn 0.379559 0.718450 -0.582893
vn 0.453118 0.889757 0.054923
vn 0.536346 0.622265 -0.570193
vn 0.703392 0.603745 0.375142
vn 0.277313 0.734064 0.619877
vn -0.742781 -0.557086 -0.371391
vn -0.371391 -0.557086 -0.742781
vn -0.643679 -0.486043 0.591134
vn -0.631340 -0.183292 -0.753534
vn -0.777778 -0.444444 0.444444
vn -0.083551 -0.835512 -0.543083
vn 0.138380 0.461266 0.876405
vn 0.988903 0.123613 -0.082409
vn -0.264907 -0.264906 0.927173
vn 0.381499 -0.145333 0.912873
vn 0.922509 0.360521 0.137846
vn 0.147442 -0.884652 0.442326
vn -0.795587 -0.428393 0.428393
vn -0.669383 -0.737237 -0.091696
vn -0.315598 -0.063120 -0.946791
vn -0.311251 0.905575 -0.288196
vn 0.590436 0.337392 -0.733179
vn -0.978417 -0.008097 -0.206480
vn -0.887999 -0.151521 -0.434165
vn -0.353638 0.832301 -0.426867
vn -0.976397 -0.085080 -0.198521
vn -0.893165 -0.177157 -0.413365
vn -0.577350 0.577350 0.577350
vn -0.346567 0.669232 0.657282
vn 0.306695 0.948481 -0.079513
vn 0.169300 0.395033 0.902932
vn 0.984623 0.174691 -0.000000
vn -0.128080 -0.603804 -0.786776
vn 0.991811 0.106265 -0.070844
vn -0.496565 0.863431 -0.088937
vn 0.055793 0.998403 -0.008809
vn -0.342931 0.853146 0.393116
vn 0.165603 0.982932 0.080130
vn 0.164153 -0.930199 0.328305
vn 0.417585 0.357930 0.835170
vn -0.505758 -0.480470 0.716490
vn 0.013652 -0.573409 -0.819155
vn 0.982235 0.186625 0.019645
vn -0.608581 -0.426006 0.669439
vn 0.623596 0.120467 0.772409
vn -0.977780 -0.200078 0.062574
vn -0.276398 -0.546367 0.790625
vn -0.358824 0.604336 0.711354
vn 0.303592 -0.917377 0.257394
vn 0.382695 0.902067 0.199548
vn 0.729004 0.392541 -0.560772
vn -0.965194 -0.210370 0.155388
vn 0.164153 -0.930199 0.328305
vn 0.137787 -0.085104 0.986799
vn 0.417585 0.357930 0.835170
vn -0.836889 -0.543978 -0.060865
vn -0.571715 -0.611039 0.547515
vn -0.858876 -0.279134 0.429438
vn 0.291110 0.371973 0.881414
vn -0.832494 -0.391762 0.391762
vn -0.184900 -0.739600 -0.647150
vn 0.322278 0.351575 0.878938
vn 0.971825 0.228665 0.057166
vn 0.044216 -0.906423 0.420051
vn 0.642891 -0.030614 0.765346
vn -0.000000 -0.707106 0.707107
vn 0.810588 -0.015011 0.585425
vn -0.669247 -0.634023 -0.387458
vn -0.663792 -0.746766 0.041487
vn -0.371391 -0.557086 -0.742781
vn -0.293394 -0.607021 0.738543
vn -0.340839 -0.776353 0.530193
vn 0.418638 0.197006 -0.886527
vn 0.816776 -0.053853 -0.574436
vn -0.743235 -0.667879 0.039226
vn -0.655252 -0.738194 0.160357
vn -0.571715 -0.611039 0.547515
vn -0.395934 0.853734 -0.338194
vn 0.467183 0.308517 -0.828588
vn 0.381165 0.899156 -0.215016
vn -0.981053 -0.162692 -0.105195
vn -0.897827 -0.012870 -0.440161
vn -0.053683 -0.805242 0.590511
vn 0.320596 -0.233161 0.918071
vn -0.090528 0.012933 0.995810
vn 0.447556 -0.783223 0.431572
vn -0.669247 -0.634023 -0.387458
vn -0.618127 -0.440580 0.651006
vn -0.403165 0.782615 -0.474312
vn 0.226983 0.389552 -0.892596
vn 0.233839 0.913086 -0.334056
vn -0.418392 0.882353 0.215410
vn 0.288101 0.955849 0.057890
vn 0.339703 -0.156371 0.927443
vn -0.068951 0.043878 0.996655
vn -0.455403 0.888036 -0.063250
vn 0.378741 0.918555 -0.113187
vn -0.920575 -0.276172 0.276172
vn -0.163163 -0.856608 -0.489490
vn 1.000000 -0.000000 0.000000
vn 0.426401 0.639602 0.639602
vn 0.988148 0.143731 0.053899
vn 0.373087 0.470799 0.799471
vn -0.318269 -0.765565 -0.559120
vn 1.000000 -0.000000 0.000000
vn -0.588936 -0.429764 0.684439
vn -0.870563 -0.189253 0.454207
vn -0.410891 -0.758567 -0.505712
vn 0.984205 0.165761 0.062160
vn 0.443760 0.332820 0.832050
vn -0.351123 -0.936329 0.000000
vn 0.810588 -0.015011 0.585425
vn 0.313930 0.390126 -0.865592
vn 0.432579 0.895162 -0.107519
vn -0.992129 -0.111921 -0.056166
vn -0.974683 -0.040341 -0.219922
vn -0.208675 -0.385247 -0.898910
vn -0.268958 -0.879284 -0.393092
vn -0.343525 0.893543 -0.289088
vn -0.976397 -0.085080 -0.198521
vn -0.237730 -0.345789 -0.907697
vn 0.250266 0.208555 -0.945448
vn -0.588936 -0.429764 0.684439
vn -0.873885 -0.238332 0.423702
vn -0.034070 -0.590528 -0.806298
vn -0.701049 -0.650064 -0.293166
vn 0.545507 0.703191 -0.456009
vn 0.451695 0.892168 -0.002805
vn -0.512013 0.855062 0.081922
vn -0.971366 0.179703 0.155419
vn 0.978464 0.193277 0.072479
vn 0.311741 -0.167860 0.935222
vn 0.330678 0.409411 0.850315
vn 0.044216 -0.906423 0.420051
vn 0.810588 -0.015011 0.585425
vn -0.780308 -0.617742 0.097538
vn -0.909137 0.101015 -0.404061
vn -0.984523 0.044992 0.169380
vn -0.877175 -0.227033 0.423108
vn 0.422885 0.543710 0.724947
vn -0.889297 -0.323381 0.323381
vn -0.204583 -0.762535 -0.613748
vn -0.717314 -0.679251 -0.155174
vn 0.816776 -0.053853 -0.574436
vn -0.452767 0.288124 -0.843793
vn -0.221567 -0.354506 -0.908424
vn -0.201218 -0.510785 -0.835829
vn -0.385399 0.809341 -0.443210
vn 0.365452 0.330648 -0.870124
vn -0.909137 0.101015 -0.404061
vn -0.967418 0.026505 -0.251794
vn -0.952687 -0.300550 -0.045366
vn -0.739171 -0.668096 -0.085289
vn -0.175925 0.595748 0.783668
vn 0.287184 0.933346 0.215387
vn -0.763742 -0.604841 0.225534
vn -0.952397 -0.033301 0.303035
vn 0.895783 0.214209 0.389471
vn 0.297347 -0.015650 0.954641
vn -0.048593 0.072889 0.996156
vn -0.340839 -0.776353 0.530193
vn -0.793925 -0.520158 0.314832
vn 0.816776 -0.053853 -0.574436
vn -0.452767 0.288124 -0.843793
vn 0.993749 0.087171 -0.069737
vn -0.639602 0.639602 0.426401
vn -0.551825 0.490511 0.674454
vn -0.523204 0.523204 0.672692
vn -0.765290 -0.618522 -0.178218
vn 1.000000 -0.000000 0.000000
vn 0.948683 -0.000000 0.316228
vn -0.847209 -0.123982 0.516591
vn -0.516359 -0.540947 0.663890
vn 0.507093 0.169031 0.845154
vn 0.355709 0.422405 0.833694
vn -0.167313 -0.864452 -0.474056
vn 0.196350 0.829031 0.523597
vn 0.366286 0.895857 0.251546
vn -0.597023 -0.696526 -0.398015
vn 0.066416 -0.642032 -0.763796
vn -0.602347 -0.435028 0.669274
vn -0.340839 -0.776353 0.530193
vn -0.672233 -0.738379 -0.053840
vn -0.368760 -0.520602 -0.770058
vn -0.803667 -0.558101 -0.206498
vn -0.513056 -0.250827 -0.820889
vn -0.909137 0.101015 -0.404061
vn -0.221567 -0.354506 -0.908424
vn -0.260909 -0.313091 -0.913182
vn -0.379562 0.870762 -0.312581
vn 0.190901 0.229081 -0.954504
vn -0.961075 0.087370 -0.262111
vn -0.740797 -0.642024 -0.197546
vn 0.990044 -0.034139 0.136558
vn -0.639602 0.639602 0.426401
vn -0.777594 -0.628055 0.029908
vn 0.993561 0.110396 -0.025476
vn -0.167313 -0.864452 -0.474056
vn -0.456773 -0.140546 0.878410
vn -0.309611 0.386182 0.868910
vn 0.472224 0.852055 -0.225846
vn 0.540634 0.702122 -0.463401
vn 0.588108 0.720432 -0.367568
vn 0.328863 0.904376 -0.271945
vn -0.537560 0.777283 0.326895
vn -0.431210 0.889372 0.151904
vn -0.194259 0.977562 0.081463
vn -0.967244 0.087188 0.238405
vn -0.741999 -0.635999 -0.212000
vn -0.639602 0.639602 0.426401
vn -0.523204 0.523204 0.672692
vn -0.501280 0.358057 0.787727
vn 0.947233 0.190292 0.257952
vn -0.638304 0.076596 0.765964
vn 0.142695 0.570782 0.808608
vn -0.551825 0.490511 0.674454
vn -0.860493 -0.211814 0.463343
vn -0.357473 -0.736611 -0.574123
vn -0.516359 -0.540947 0.663890
vn -0.582008 -0.805184 0.113776
vn -0.588936 -0.429764 0.684439
vn -0.572645 -0.805378 -0.153114
vn 0.412021 0.618031 0.669534
vn 0.485071 0.727607 -0.485071
vn 0.363003 0.930196 -0.054450
vn -0.513056 -0.250827 -0.820889
vn -0.780586 -0.538335 0.317618
vn -0.452767 0.288124 -0.843793
vn -0.221567 -0.354506 -0.908424
vn -0.237730 -0.345789 -0.907697
vn -0.965401 0.078724 -0.248601
vn -0.541531 -0.812295 -0.216612
vn -0.342534 -0.408564 0.846017
vn 0.847301 0.344832 0.403946
vn -0.068951 0.043878 0.996655
vn 0.137069 0.576832 0.805281
vn 0.130237 0.962304 0.238767
vn 0.661825 0.256190 -0.704524
vn -0.698226 0.251361 -0.670297
vn 0.309219 0.870696 -0.382455
vn 0.588108 0.720432 -0.367568
vn -0.028709 0.574189 0.818219
vn -0.176483 -0.683871 -0.707937
vn 0.553898 0.275942 -0.785528
vn -0.749928 -0.611354 0.252693
vn -0.954378 0.124147 0.271571
vn -0.764071 -0.496646 0.411749
vn -0.813213 -0.581601 -0.020588
vn -0.425018 0.887319 -0.178955
vn -0.991462 0.089680 -0.094662
vn -0.993136 0.114785 0.022458
vn -0.753957 -0.656385 0.026610
vn -0.501280 0.358057 0.787727
vn -0.802421 -0.594000 0.057316
vn -0.551825 0.490511 0.674454
vn -0.523204 0.523204 0.672692
vn -0.640447 0.240960 -0.729222
vn 0.588108 0.720432 -0.367568
vn 0.395951 0.911731 -0.109407
vn -0.115293 -0.390222 -0.913474
vn -0.799556 -0.566352 0.199889
vn -0.516359 -0.540947 0.663890
vn -0.167313 -0.864452 -0.474056
vn -0.606450 -0.441054 0.661581
vn -0.703581 -0.629818 0.329094
vn -0.638304 0.076596 0.765964
vn -0.486786 -0.056603 0.871686
vn -0.083000 0.497998 0.863197
vn 0.068934 0.781248 0.620403
vn 0.340956 0.782193 -0.521462
vn -0.076194 0.990521 -0.114291
vn 0.340956 0.782193 -0.521462
vn 0.312171 0.893455 -0.322935
vn -0.310944 -0.597659 -0.738997
vn -0.513056 -0.250827 -0.820889
vn -0.709673 -0.704512 0.005161
vn -0.564162 0.352193 -0.746781
vn -0.513435 -0.064179 0.855725
vn -0.028709 0.574189 0.818219
vn 0.148746 0.988721 0.017499
vn 0.733333 0.133333 -0.666667
vn -0.020502 -0.266530 -0.963609
vn -0.644160 -0.745870 0.169515
vn 0.714834 0.696268 -0.064985
vn 0.921299 -0.139591 -0.362936
vn -0.072654 0.484359 0.871847
vn 0.068934 0.781248 0.620403
vn -0.215288 0.438264 0.872683
vn 0.251634 0.929110 0.270990
vn -0.516704 0.317972 0.794928
vn -0.501280 0.358057 0.787727
vn -0.835914 -0.507519 0.208979
vn -0.638304 0.076596 0.765964
vn -0.554028 -0.197412 0.808753
vn 0.037139 -0.742781 -0.668503
vn 0.616324 0.042505 -0.786345
vn 0.934416 -0.119797 -0.335432
vn 0.361519 -0.883712 -0.297249
vn 0.503706 0.363788 -0.783543
vn 0.720833 0.667439 -0.186883
vn 0.934416 -0.119797 -0.335432
vn -0.659642 -0.751573 -0.003226
vn 0.352667 0.917974 -0.181520
vn -0.094368 -0.759045 -0.644163
vn -0.882913 -0.371384 0.287297
vn -0.496734 0.511344 -0.701272
vn -0.513435 -0.064179 0.855725
vn -0.669314 -0.695459 -0.261451
vn -0.438728 -0.742464 0.506226
vn -0.644160 -0.745870 0.169515
vn -0.157028 0.523424 0.837478
vn 0.363210 0.080713 -0.928205
vn -0.000000 -0.447214 -0.894427
vn 0.949999 -0.093137 -0.298039
vn 0.385844 -0.852072 -0.353690
vn -0.433351 -0.151673 0.888370
vn -0.370503 0.263628 0.890633
vn -0.452081 0.132316 0.882109
vn -0.174327 0.482755 0.858230
vn -0.516704 0.317972 0.794928
vn -0.250651 0.456883 0.853482
vn -0.525946 0.325023 -0.785965
vn -0.321366 -0.748255 -0.580377
vn 0.599188 0.394587 -0.696617
vn 0.324731 0.324731 -0.888313
vn -0.268701 -0.461830 -0.845289
vn -0.685127 -0.407814 0.603564
vn -0.686390 -0.637362 0.350199
vn 0.194331 0.816188 -0.544125
vn 0.128033 0.979078 -0.158159
vn 0.537957 0.842018 0.040097
vn -0.070667 -0.388666 -0.918665
vn -0.697903 -0.696691 -0.165994
vn 0.124611 0.971967 0.199378
vn 0.436436 0.218218 -0.872872
vn 0.205983 0.944075 -0.257475
vn 0.597350 0.730096 -0.331862
vn 0.714834 0.696268 -0.064985
vn 0.518476 0.829561 0.207390
vn 0.010120 -0.809569 -0.586938
vn -0.901478 -0.418211 0.111523
vn 0.196116 -0.000000 -0.980581
vn -0.430264 -0.888588 0.159011
vn -0.447214 0.000000 0.894427
vn 0.335624 -0.910980 -0.239732
vn -0.423999 0.847998 0.317999
vn 0.196116 -0.000000 -0.980581
vn -0.020502 -0.266530 -0.963609
vn -0.508770 0.063596 0.858550
vn -0.447214 0.000000 0.894427
vn -0.936632 0.203616 0.285062
vn -0.157028 0.523424 0.837478
vn -0.280429 0.218112 0.934766
vn -0.438728 -0.742464 0.506226
vn -0.668991 -0.639902 0.378123
vn -0.936632 0.203616 0.285062
vn -0.253045 0.562322 0.787250
vn -0.659879 -0.467914 0.587892
vn -0.745121 -0.666929 -0.000000
vn -0.188311 0.828568 0.527271
vn -0.174327 0.482755 0.858230
vn -0.693108 0.665385 0.277243
vn -0.516704 0.317972 0.794928
vn -0.044302 0.996805 -0.066454
vn 0.487459 0.867585 0.098386
vn -0.473930 0.460766 -0.750390
vn -0.745487 -0.665756 -0.031893
vn 0.297555 0.163175 -0.940657
vn 0.167543 0.963364 -0.209426
vn -0.438728 -0.742464 0.506226
vn -0.668991 -0.639902 0.378123
vn -0.644160 -0.745870 0.169515
vn 0.663124 0.720788 0.201820
vn -0.227442 0.280512 0.932514
vn -0.423999 0.847998 0.317999
vn -0.936632 0.203616 0.285062
vn 0.232107 0.928413 -0.290130
vn 0.422739 0.393585 -0.816323
vn -0.273946 0.780748 -0.561592
vn 0.277084 0.096979 -0.955939
vn -0.079014 -0.395070 -0.915247
vn -0.059844 0.478756 0.875906
vn -0.660077 0.687583 0.302536
vn 0.282217 0.940721 0.188145
vn 0.088173 0.903777 0.418823
vn -0.863779 -0.302323 0.403097
vn -0.513435 -0.064179 0.855725
vn -0.028709 0.574189 0.818219
vn -0.766261 -0.287348 0.574696
vn -0.729537 -0.410365 0.547153
vn 0.071796 0.861550 0.502571
vn -0.897436 -0.377266 0.228646
vn -0.577350 -0.577350 -0.577350
vn -0.729537 -0.410365 0.547153
vn -0.519122 -0.849473 -0.094386
vn -0.036934 -0.443211 -0.895656
vn 0.361519 -0.883712 -0.297249
vn -0.798228 -0.066519 0.598671
vn -0.596875 -0.268594 0.756041
vn -0.388103 0.388103 0.835914
vn 0.149696 0.860753 0.486513
vn 0.436436 0.218218 -0.872872
vn -0.707107 0.565685 -0.424264
vn 0.071796 0.861550 0.502571
vn 0.534522 0.801784 0.267261
vn -0.508770 0.063596 0.858550
vn -0.447214 0.000000 0.894427
vn -0.278409 0.247475 0.928033
vn 0.205983 0.944075 -0.257475
vn -0.668991 -0.639902 0.378123
vn -0.280606 0.757637 -0.589276
vn -0.687483 0.295497 0.663361
vn -0.174327 0.482755 0.858230
vn -0.660077 0.687583 0.302536
vn -0.773529 -0.595023 -0.218175
vn 0.692033 0.721274 0.029241
vn -0.065638 -0.962683 0.262550
vn 0.583871 0.811721 -0.014240
vn -0.335697 -0.489389 -0.804864
vn 0.034219 0.615947 -0.787044
vn 0.743358 0.655904 -0.131181
vn -0.242536 -0.970142 -0.000000
vn 0.075810 0.985527 -0.151620
vn -0.921787 -0.386556 -0.029735
vn 0.196116 -0.000000 -0.980581
vn -0.020502 -0.266530 -0.963609
vn 0.436436 0.218218 -0.872872
vn -0.912871 0.182574 -0.365148
vn -0.707107 0.565685 -0.424264
vn -0.577350 -0.577350 -0.577350
vn -0.861640 -0.123091 0.492366
vn -0.457496 -0.457496 0.762493
vn -0.751725 -0.632132 -0.187931
vn -0.784775 -0.614955 -0.077191
vn -0.912871 0.182574 -0.365148
vn -0.707107 0.565685 -0.424264
vn 0.071796 0.861550 0.502571
vn -0.766261 -0.287348 0.574696
vn -0.912871 0.182574 -0.365148
vn -0.729537 -0.410365 0.547153
vn -0.577350 -0.577350 -0.577350
vn -0.766261 -0.287348 0.574696
vn -0.247182 0.266196 0.931687
vn -0.838117 0.419058 0.349215
vn -0.626211 0.707894 0.326719
vn 0.512017 0.802160 0.307210
vn -0.183903 0.347373 0.919517
vn -0.423999 0.847998 0.317999
vn -0.508770 0.063596 0.858550
vn -0.652787 -0.733995 0.187403
vn 0.305788 0.135349 -0.942430
vn 0.034219 0.615947 -0.787044
vn 0.707107 0.707107 -0.000000
vn -0.076797 0.870365 -0.486381
vn -0.867748 -0.083976 -0.489858
vn -0.715037 -0.651946 -0.252366
vn -0.127422 -0.361029 -0.923808
vn -0.910208 -0.113776 -0.398216
vn 0.085907 0.128861 -0.987935
vn -0.267260 0.801784 -0.534523
vn -0.180151 -0.270226 -0.945792
vn -0.763152 0.095394 0.639140
vn -0.431889 0.431889 0.791798
vn -0.966458 -0.158672 0.201946
vn -0.740662 -0.613970 -0.272875
vn 0.269836 0.766903 0.582279
vn 0.671156 0.738272 0.067116
vn 0.598183 0.790984 0.128536
vn -0.269879 -0.959568 0.079964
vn -0.916342 -0.398410 -0.039841
vn -0.587177 -0.808655 -0.036055
vn -0.312348 0.156174 0.937042
vn -0.922088 0.261122 0.285602
vn -0.616086 -0.568694 0.545000
vn -0.985579 -0.140797 0.093865
vn -0.594635 -0.668965 0.445976
vn -0.649099 -0.748960 0.133149
vn 0.514765 0.812185 0.274541
vn -0.916342 -0.398410 -0.039841
vn -0.444960 -0.806490 0.389340
vn -0.867748 -0.083976 -0.489858
vn -0.232534 0.284208 0.930136
vn -0.273946 0.780748 -0.561592
vn 0.478669 0.829693 0.287202
vn -0.818013 -0.054534 -0.572609
vn -0.204006 0.340010 0.918028
vn -0.916342 -0.398410 -0.039841
vn -0.824863 -0.515539 -0.231993
vn 0.267261 0.801784 0.534522
vn 0.673266 0.735606 0.074807
vn -0.076797 0.870365 -0.486381
vn -0.069580 0.950920 0.301511
vn 0.303046 0.808122 -0.505076
vn -0.480079 -0.872872 0.087287
vn 0.621218 0.358395 -0.696879
vn -0.482620 -0.517934 -0.706274
vn 0.034219 0.615947 -0.787044
vn -0.076797 0.870365 -0.486381
vn -0.544510 -0.837708 -0.041885
vn 0.303046 0.808122 -0.505076
vn -0.287626 0.294877 0.911218
vn -0.055279 0.530678 0.845769
vn 0.000000 0.894427 0.447214
vn -0.668410 -0.459531 -0.584859
vn 0.854358 0.512614 -0.085435
vn -0.504433 -0.857537 -0.100887
vn 0.944763 0.279135 0.171775
vn -0.557720 -0.816456 0.149492
vn 0.332638 0.384382 -0.861163
vn -0.428795 0.325293 0.842804
vn -0.900353 0.396155 0.180071
vn -0.069580 0.950920 0.301511
vn -0.884492 0.457496 0.091499
vn -0.811107 0.324443 -0.486664
vn -0.116863 0.973862 0.194772
vn -0.707107 -0.707107 0.000000
vn -0.884492 0.457496 0.091499
vn 0.303046 0.808122 -0.505076
vn 0.704524 0.192143 -0.683175
vn 0.853034 0.515787 -0.079352
vn -0.246886 -0.771517 -0.586353
vn -0.811107 0.324443 -0.486664
vn 0.621218 0.358395 -0.696879
vn -0.667424 0.572078 -0.476731
vn -0.614494 -0.548317 0.567226
vn -0.573640 -0.787086 0.226788
vn -0.370188 0.383409 0.846143
vn -0.900353 0.396155 0.180071
vn -0.595726 0.794301 0.119145
vn 0.243482 0.933349 -0.263773
vn 0.851852 0.518518 -0.074074
vn -0.246886 -0.771517 -0.586353
vn 0.330866 0.518357 -0.788565
vn -0.780896 -0.424399 -0.458352
vn -0.545570 -0.837839 -0.019484
vn -0.900353 0.396155 0.180071
vn -0.811107 0.324443 -0.486664
vn -0.884492 0.457496 0.091499
vn -0.687946 0.711668 -0.142334
vn -0.780896 -0.424399 -0.458352
vn 0.243482 0.933349 -0.263773
vn 0.705808 0.655392 -0.268879
vn -0.754732 -0.553470 -0.352208
vn -0.322847 0.206263 0.923702
vn -0.617677 -0.467024 0.632743
vn -0.818182 -0.181818 0.545455
vn -0.335653 0.396681 0.854389
vn -0.660083 0.749284 0.053520
vn -0.832405 -0.175243 0.525730
vn -0.843483 -0.393624 -0.365509
vn -0.602861 -0.463738 0.649234
vn -0.497374 -0.846878 0.188195
vn -0.754732 -0.553470 -0.352208
vn -0.832405 -0.175243 0.525730
vn 0.243482 0.933349 -0.263773
vn 0.055651 -0.816216 -0.575061
vn -0.754732 -0.553470 -0.352208
vn -0.709413 0.659919 -0.247470
vn -0.845154 -0.169031 0.507093
vn 0.683187 -0.136638 -0.717346
vn -0.247066 -0.624167 -0.741198
vn -0.982520 0.171447 0.072535
vn -1.000000 0.000000 0.000000
vn -0.064520 -0.602185 0.795745
vn 0.418040 -0.766406 -0.487713
vn 0.329293 -0.768350 -0.548821
vn -0.972452 0.061989 0.224710
vn -0.911076 -0.126149 -0.392463
vn 0.294489 -0.588978 0.752583
vn -0.960617 -0.213470 0.177892
vn 0.503509 -0.755263 -0.419591
vn 0.384111 -0.768221 -0.512148
vn -0.980894 0.180164 0.073400
vn -0.789697 0.611378 0.050948
vn -0.272008 0.510015 -0.816025
vn 0.342381 -0.733674 0.586939
vn -0.918828 0.026252 0.393784
vn -0.000000 -0.554700 0.832050
vn -0.000000 -0.707107 -0.707107
vn -0.580218 0.803379 -0.133897
vn -0.828517 -0.552345 0.092057
vn -0.905126 0.181025 0.384678
vn -0.666667 0.666667 0.333333
vn -0.801784 0.267261 -0.534523
vn -0.936329 0.000000 0.351123
vn -0.697586 -0.716439 0.009427
vn -0.894427 0.000000 -0.447214
vn -0.577350 -0.577350 -0.577350
vn -0.884901 -0.444635 -0.138744
vn -0.995080 -0.096537 0.022278
vn -0.755550 0.654196 0.034224
vn -0.999992 -0.002785 0.002785
vn 0.000000 -0.000000 -1.000000
vn -0.346723 -0.918637 -0.189446
vn 0.000000 -0.000000 1.000000
vn -0.245584 -0.558145 0.792567
vn -0.990647 0.124188 -0.056536
vn -0.604379 -0.772416 0.195193
vn 0.025906 0.518128 0.854911
vn -0.990586 0.051833 0.126703
vn 0.725744 0.108089 -0.679420
vn -0.762900 -0.168432 -0.624191
vn -0.104982 -0.389932 -0.914840
vn 0.728726 -0.349389 -0.588970
vn -0.996210 0.074815 0.044377
vn -0.946669 -0.018382 -0.321684
vn 0.290238 0.385226 0.875993
vn -0.975806 0.085190 0.201357
vn -0.034936 -0.157213 -0.986947
vn -0.695095 0.044845 -0.717518
vn -0.704873 -0.572709 -0.418519
vn -0.858259 0.096029 0.504152
vn -0.329238 0.804803 -0.493857
vn 0.611354 -0.774383 -0.163027
vn 0.927625 0.256881 -0.271152
vn -0.417210 0.479792 -0.771839
vn 0.732393 -0.315934 -0.603147
vn -0.333333 0.666667 -0.666667
vn 0.845154 -0.169031 -0.507093
vn -0.240772 -0.842701 -0.481543
vn -0.989634 0.110826 0.091334
vn 0.264764 0.945587 0.189117
vn -0.507093 -0.845154 -0.169031
vn -0.980680 0.186078 0.060350
vn -0.430608 0.900363 0.062634
vn -0.953809 0.240330 0.180247
vn -0.910579 -0.395904 -0.118771
vn 0.849837 -0.261488 -0.457604
vn -0.595879 0.681005 -0.425628
vn -0.828517 -0.552345 -0.092058
vn -0.468521 0.624695 -0.624695
vn -0.938318 -0.317817 0.136207
vn -0.436436 0.872872 0.218218
vn -0.801784 -0.534522 0.267261
vn -0.316228 0.948683 0.000000
vn -0.492274 0.601668 -0.629017
vn -0.934605 0.052506 0.351790
vn -0.742781 0.371391 -0.557086
vn -0.174078 -0.696311 -0.696311
vn 0.000000 0.447214 -0.894427
vn -0.293294 -0.073323 -0.953206
vn -0.374634 -0.655610 -0.655610
vn -0.009383 0.994615 0.103215
vn -0.666667 0.666667 0.333333
vn -0.577350 0.577350 -0.577350
vn -0.970339 0.160608 0.180684
vn -0.861941 -0.482687 0.155149
vn -0.711535 0.018245 -0.702413
vn -0.195698 0.065233 -0.978492
vn -0.000000 -0.274721 -0.961524
vn -0.801992 0.595228 -0.050124
vn -0.373383 0.165948 -0.912714
vn -0.998053 0.000000 -0.062378
vn -0.445650 0.083559 -0.891299
vn -0.847800 -0.490832 -0.200795
vn -0.997820 0.005975 -0.065725
vn 0.557086 -0.742781 -0.371391
vn -0.602796 0.219199 -0.767195
vn -0.945611 -0.290957 -0.145479
vn 0.832050 -0.554700 0.000000
vn -0.948683 -0.316228 -0.000000
vn 0.828138 -0.558993 0.041407
vn -0.844441 -0.129914 0.519656
vn 0.710422 -0.129849 0.691694
vn -0.992026 -0.106018 0.068154
vn 0.652192 -0.277411 0.705470
vn -0.744193 0.662156 0.087897
vn -0.998033 -0.011214 0.061676
vn -0.333333 -0.666667 0.666667
vn 0.475010 0.657706 -0.584627
vn -0.249207 -0.783221 0.569615
vn 0.137361 0.824163 -0.549442
vn 0.364790 -0.555871 -0.746951
vn -0.906195 0.308492 -0.289211
vn 0.613965 0.787041 0.060121
vn -0.101430 -0.933157 0.344862
vn -0.639981 -0.629490 0.440643
vn -0.180438 -0.335099 0.924744
vn 0.079682 -0.039841 0.996024
vn -0.998202 -0.054602 0.024742
vn -0.944768 0.222299 0.240823
vn -0.671608 -0.139918 -0.727575
vn 0.755263 0.503509 -0.419591
vn 0.976520 0.059183 -0.207140
vn -0.552859 0.493624 -0.671329
vn 0.418040 -0.766406 -0.487713
vn 0.329293 -0.768350 -0.548821
vn 0.683187 -0.136638 -0.717346
vn -0.331378 0.739229 0.586285
vn -0.945905 -0.166924 -0.278207
vn -0.768700 -0.604511 0.208967
vn -0.984257 -0.058388 0.166823
vn -0.705738 0.678594 0.203578
vn -0.990503 -0.033057 0.133455
vn -0.724847 -0.680635 0.106458
vn -0.936382 -0.085125 -0.340503
vn 0.888582 0.328775 -0.319889
vn -0.324443 0.486664 -0.811107
vn 0.503509 -0.755263 -0.419591
vn 0.384111 -0.768221 -0.512148
vn -0.902813 -0.264360 0.339179
vn -0.912058 -0.220152 -0.345953
vn -0.104982 -0.389932 -0.914840
vn -0.799548 -0.595918 0.074864
vn 0.051199 0.471034 0.880628
vn -0.996825 -0.068276 0.040965
vn 0.849837 -0.261488 -0.457604
vn -0.000000 -0.554700 0.832050
vn -0.145479 -0.800132 -0.581914
vn -0.278663 0.640925 -0.715235
vn -0.889568 0.104098 0.444784
vn -0.937769 -0.312590 -0.151253
vn -0.503579 -0.805976 -0.311144
vn -0.481767 -0.816726 -0.317583
vn 0.870515 -0.257931 -0.419137
vn -0.884652 -0.442326 0.147442
vn -0.828517 -0.552345 0.092057
vn -0.707107 -0.707107 -0.000000
vn -0.955194 -0.197009 0.220889
vn 0.000000 1.000000 0.000000
vn -0.577350 0.577350 -0.577350
vn 0.000000 0.447214 -0.894427
vn -0.991451 -0.039353 -0.124407
vn -0.938760 0.268495 -0.215963
vn -0.332460 0.716068 0.613773
vn -0.945905 -0.166924 -0.278207
vn -0.762219 0.312705 -0.566778
vn -0.973117 -0.147442 -0.176930
vn -0.181397 -0.582380 -0.792419
vn 0.955258 -0.295262 -0.017368
vn 0.938424 0.119436 -0.324183
vn 0.372046 0.372046 0.850390
vn -0.959622 0.214131 0.182408
vn 0.659469 0.549557 -0.512920
vn -0.999310 0.024459 -0.027953
vn -0.482219 -0.805899 0.343498
vn -0.936382 -0.085125 -0.340503
vn -0.026214 -0.594187 0.803900
vn 0.975255 0.065017 -0.211305
vn 0.418040 -0.766406 -0.487713
vn -0.957441 0.053191 -0.283686
vn -0.279189 -0.565188 0.776283
vn -0.881128 0.465884 0.081023
vn 0.699155 0.054836 -0.712864
vn 0.717336 -0.201358 -0.666997
vn -0.605595 0.049639 -0.794223
vn -0.704873 -0.572709 -0.418519
vn 0.848947 0.487359 -0.204376
vn 0.977536 0.054307 -0.203653
vn 0.069673 0.418040 -0.905753
vn 0.680544 -0.612490 -0.402140
vn -0.378846 0.509985 -0.772263
vn -0.605595 0.049639 -0.794223
vn -0.700140 0.140028 0.700140
vn 0.348156 0.870388 -0.348155
vn -0.034936 -0.157213 -0.986947
vn 0.145952 0.376108 0.915009
vn -0.919226 -0.221080 0.325802
vn -0.843333 -0.490213 -0.220181
vn -0.925050 0.013090 0.379620
vn -0.906929 0.030743 0.420159
vn 0.462157 0.181116 0.868106
vn 0.888582 0.328775 -0.319889
vn 0.732393 -0.315934 -0.603147
vn 0.186132 -0.641120 0.744527
vn -0.012554 -0.477054 0.878784
vn 0.210413 -0.497340 0.841653
vn 0.107832 -0.754829 0.646997
vn 0.267261 -0.801784 0.534522
vn -0.861441 0.202175 0.465881
vn -0.996580 0.082522 -0.004343
vn -0.936595 0.343686 -0.068335
vn 0.372307 0.912752 0.168139
vn -0.444750 -0.815374 -0.370625
vn -0.996947 -0.070269 0.034037
vn -0.862644 -0.505561 -0.015952
vn 0.235702 0.942809 0.235702
vn -0.457869 -0.869950 0.183147
vn -0.980581 0.000000 -0.196116
vn -0.948683 0.000000 -0.316228
vn 0.167132 0.985011 -0.042672
vn -0.483843 0.860165 0.161281
vn -0.967742 -0.161290 -0.193548
vn -0.501052 -0.844163 -0.190618
vn -0.948683 0.000000 -0.316228
vn 0.834766 -0.296806 -0.463759
vn -0.510354 0.859545 0.026861
vn -0.725241 -0.644658 0.241747
vn 0.680738 -0.391940 -0.618853
vn -0.888889 -0.444444 0.111111
vn -0.864997 0.254411 0.432499
vn -0.666667 0.666667 0.333333
vn -0.933346 0.000000 0.358979
vn -0.812296 -0.541530 0.216612
vn -0.964555 0.241139 0.107173
vn -0.739600 0.184900 -0.647150
vn -0.808452 0.161691 -0.565916
vn -0.666667 0.666667 -0.333333
vn -0.263407 0.124772 -0.956582
vn -0.964711 0.079291 0.251089
vn -0.809310 -0.553738 0.195938
vn 0.848185 -0.526460 0.058496
vn -0.499756 0.374817 -0.780869
vn 0.798228 -0.598671 -0.066519
vn -0.536895 0.119310 0.835170
vn -0.224230 0.523205 0.822179
vn -0.928958 0.301659 -0.214569
vn -0.563633 -0.820049 0.099180
vn -0.981462 0.173481 -0.081469
vn -0.872872 0.218218 -0.436436
vn -0.989107 -0.047604 -0.139286
vn -0.615575 -0.766049 -0.185032
vn -0.945505 0.323462 0.037323
vn -0.926438 0.318171 -0.201196
vn -0.989840 -0.141163 -0.017008
vn -0.523902 -0.839709 -0.142882
vn -0.881590 0.427682 0.199719
vn -0.994659 0.073164 -0.072798
vn -0.104850 0.886860 -0.449983
vn -0.199668 0.486148 -0.850760
vn -0.146394 0.825128 -0.545649
vn -0.171639 -0.429097 -0.886801
vn -0.960828 0.230599 -0.153733
vn 0.742782 0.557086 -0.371391
vn -0.962855 0.153422 -0.222197
vn -0.312835 0.112060 -0.943174
vn 0.255508 -0.538392 -0.803025
vn -0.719728 0.276819 -0.636682
vn -0.973117 -0.147442 -0.176930
vn 0.065372 0.522976 0.849837
vn -0.964121 0.259571 -0.055622
vn 0.655386 0.573462 -0.491539
vn 0.131798 -0.554326 -0.821798
vn -0.945905 -0.166924 -0.278207
vn -0.761419 -0.643140 0.081317
vn -0.973117 -0.147442 -0.176930
vn -0.316999 -0.211333 -0.924581
vn 0.769700 -0.314573 -0.555523
vn 0.659469 0.549557 -0.512920
vn -0.954871 0.264924 0.134304
vn 0.945883 -0.322003 -0.040250
vn 0.938424 0.119436 -0.324183
vn 0.038473 0.492453 0.869488
vn 0.652548 0.057241 -0.755582
vn -0.944306 0.070321 -0.321466
vn -0.072643 0.544824 -0.835398
vn -0.879458 0.475383 0.023769
vn 0.107908 0.884846 -0.453214
vn 0.808290 0.438786 -0.392598
vn 0.294489 -0.588978 0.752583
vn 0.186132 -0.641120 0.744527
vn 0.384111 -0.768221 -0.512148
vn -0.098722 -0.520535 0.848114
vn 0.976520 0.059183 -0.207140
vn 0.725143 -0.451504 -0.519914
vn -0.072578 0.753696 -0.653203
vn -0.910048 -0.413022 0.035002
vn -0.937932 -0.098156 0.332639
vn -0.898998 -0.437854 -0.009316
vn -0.922943 0.171476 0.344633
vn -0.804511 -0.573651 -0.153906
vn -0.591487 -0.805430 -0.037755
vn -0.901961 -0.274510 0.333333
vn -0.754434 -0.188608 -0.628695
vn -0.439679 0.830504 -0.341972
vn -0.000000 -0.707107 -0.707107
vn 0.000000 0.447214 -0.894427
vn -0.802572 0.401286 0.441415
vn -0.047088 0.988851 0.141264
vn -0.666667 0.666667 0.333333
vn -0.169031 0.845154 0.507093
vn -0.894427 0.000000 0.447214
vn -0.894427 0.000000 -0.447214
vn -0.707107 0.707107 0.000000
vn -0.894427 0.000000 0.447214
vn -0.824164 -0.549442 0.137361
vn -0.797836 0.177297 -0.576215
vn -0.739476 -0.647645 0.183661
vn -0.518067 -0.233638 -0.822812
vn -0.964555 0.241139 0.107173
vn -0.750536 0.598832 0.279455
vn -0.542116 0.439830 -0.716003
vn 0.000000 0.110432 -0.993884
vn -0.970109 0.176871 0.166151
vn -0.745014 0.609557 0.270914
vn -0.000000 -0.274721 -0.961524
vn 0.825307 -0.564684 0.000000
vn -0.345033 0.552052 -0.759072
vn 0.707107 -0.707107 0.000000
vn -0.069673 0.905753 -0.418040
vn 0.894427 -0.447214 0.000000
vn 0.707107 -0.707107 0.000000
vn -0.224230 0.523205 0.822179
vn 0.055385 0.941543 0.332309
vn 0.729281 -0.221955 0.647214
vn -0.885144 -0.465075 -0.015002
vn -0.934414 -0.347068 0.080093
vn 0.219943 -0.022961 0.975242
vn 0.313997 0.946476 -0.074761
vn -0.944306 0.070321 -0.321466
vn -0.292492 -0.604482 0.740979
vn 0.624695 -0.624695 -0.468521
vn -0.831485 0.186851 0.523182
vn 0.428431 0.130392 0.894117
vn 0.659381 0.725318 -0.197814
vn 0.348156 0.870388 -0.348155
vn -0.725379 -0.233157 -0.647660
vn -0.741998 0.212000 0.635999
vn 0.398015 0.696526 -0.597022
vn -0.711896 -0.314072 -0.628143
vn -0.825316 0.126972 0.550211
vn 0.398339 0.345227 0.849791
vn 0.235702 0.942809 -0.235702
vn -0.901109 0.101738 0.421487
vn 0.486102 0.311105 0.816651
vn -0.286675 0.642153 -0.710955
vn 0.715278 -0.206636 -0.667592
vn -0.012554 -0.477054 0.878784
vn 0.210413 -0.497340 0.841653
vn -0.889001 0.025400 0.457201
vn -0.888448 0.449642 0.092095
vn -0.345033 -0.897085 -0.276026
vn -0.996683 -0.061602 0.053178
vn -0.844288 -0.535419 0.022451
vn -0.982517 0.114603 0.146721
vn -0.997896 -0.050987 0.040061
vn -0.492274 0.601668 -0.629017
vn 0.747075 -0.202597 -0.633114
vn -0.381000 0.889001 0.254000
vn -0.929161 0.021044 0.369075
vn -0.754434 -0.188608 -0.628695
vn -0.764316 -0.605083 -0.222925
vn -0.980581 0.000000 -0.196116
vn -0.577350 -0.577350 -0.577350
vn -0.984428 -0.140632 -0.105474
vn -0.714249 -0.693841 0.091832
vn -0.707107 0.000000 -0.707107
vn -0.742781 0.371391 0.557086
vn -0.658281 0.253185 -0.708918
vn -0.169031 0.845154 0.507093
vn -0.707107 0.707107 0.000000
vn 0.707107 -0.707107 0.000000
vn 0.000000 1.000000 0.000000
vn 0.408248 0.408248 -0.816497
vn -0.602595 -0.263635 0.753244
vn -0.928958 0.301659 -0.214569
vn -0.980175 0.165557 -0.108852
vn -0.099428 0.903417 -0.417076
vn -0.926703 0.370681 0.061780
vn -0.710152 0.699500 -0.079892
vn -0.934476 0.307042 0.180220
vn -0.618579 0.764960 0.179435
vn -0.994428 -0.079171 -0.069601
vn -0.448561 -0.852266 -0.269137
vn -0.489084 -0.692868 -0.529841
vn -0.374879 -0.272639 -0.886078
vn -0.000000 -0.447214 -0.894427
vn 0.945883 -0.322003 -0.040250
vn 0.655386 0.573462 -0.491539
vn -0.924500 0.092450 -0.369800
vn 0.141107 0.513116 -0.846641
vn 0.666667 -0.666667 -0.333333
vn 0.310405 0.405914 0.859583
vn 0.842701 -0.240772 -0.481543
vn 0.577350 0.577350 -0.577350
vn 0.745651 -0.188461 -0.639130
vn -0.529256 0.052926 -0.846810
vn 0.659381 0.725318 -0.197814
vn 0.348156 0.870388 -0.348155
vn 0.696989 0.046466 -0.715575
vn 0.178043 0.392503 0.902354
vn 0.769700 -0.314573 -0.555523
vn -0.169031 0.845154 -0.507093
vn -0.065818 0.802979 -0.592362
vn -0.910048 -0.413022 0.035002
vn -0.618797 -0.710781 -0.334485
vn 0.501255 -0.150376 -0.852133
vn -0.795557 -0.238667 -0.556890
vn 0.717137 0.358569 -0.597614
vn -0.854693 0.480765 0.195868
vn -0.141375 -0.488385 0.861100
vn -0.717137 0.358569 0.597614
vn -0.702380 0.711602 -0.016906
vn 0.159493 0.150111 -0.975720
vn 0.267261 -0.801784 0.534522
vn 0.757137 -0.313768 -0.572969
vn -0.000000 -0.554700 0.832050
vn -0.843333 -0.490213 -0.220181
vn -0.077252 0.714584 -0.695271
vn -0.881367 0.076526 0.466192
vn -0.289852 0.652166 -0.700475
vn -0.816913 0.059242 0.573710
vn -0.345033 -0.897085 -0.276026
vn -0.308984 -0.943214 -0.121967
vn 0.329588 0.938827 0.099875
vn -0.261612 -0.915644 0.305215
vn -0.997965 -0.055442 -0.031501
vn -0.855380 -0.512233 0.077084
vn -0.986235 0.103958 0.128580
vn -0.985254 0.149569 0.083094
vn -0.397600 0.917539 0.006117
vn -0.226747 -0.815062 -0.533161
vn -0.427679 -0.841335 -0.330524
vn -0.814613 0.203653 -0.543075
vn -0.904431 0.226108 0.361773
vn -0.762493 -0.640494 -0.091499
vn -0.856706 0.042835 -0.514024
vn -0.949528 0.105503 0.295409
vn -0.918630 -0.229657 -0.321521
vn -0.690792 0.660315 -0.294602
vn -0.912871 0.182574 -0.365148
vn -0.980581 0.000000 -0.196116
vn -0.989950 -0.141421 0.000000
vn -0.794633 -0.548507 -0.260189
vn -0.894427 -0.447214 0.000000
vn -0.980581 0.000000 -0.196116
vn -0.988369 -0.141195 -0.056478
vn -0.689289 -0.721599 -0.064621
vn -0.984428 -0.140632 -0.105474
vn -0.760159 -0.649590 -0.013821
vn -0.588759 -0.149526 -0.794358
vn -0.699982 -0.099997 -0.707125
vn -0.882406 -0.413041 -0.225295
vn 0.474195 0.387977 -0.790325
vn -0.707107 -0.424264 0.565685
vn -0.398076 -0.450483 0.799125
vn -0.864175 0.500312 -0.053752
vn -0.610360 -0.782371 0.123922
vn -0.879802 0.218191 -0.422305
vn -0.939093 0.286945 -0.189123
vn 0.930949 -0.358058 -0.071611
vn 0.038320 0.536481 0.843042
vn 0.577350 0.577350 -0.577350
vn 0.971666 0.224230 0.074744
vn -0.326305 0.710194 0.623819
vn 0.784599 -0.287686 0.549219
vn -0.705738 0.678594 0.203578
vn -0.453374 -0.560050 0.693395
vn -0.786334 -0.087370 -0.611593
vn -0.866921 0.472866 -0.157622
vn 0.701624 0.407265 -0.584687
vn 0.840811 0.517675 -0.158270
vn 0.683187 -0.136638 -0.717346
vn -0.183766 -0.813819 -0.551297
vn -0.104982 -0.389932 -0.914840
vn 0.938424 0.119436 -0.324183
vn 0.083126 0.465504 0.881133
vn -0.705738 0.678594 0.203578
vn 0.811032 -0.546975 -0.207473
vn -0.216398 -0.528266 0.821040
vn 0.990044 -0.034139 0.136558
vn 0.699155 0.054836 -0.712864
vn 0.745651 -0.188461 -0.639130
vn 0.398339 0.345227 0.849791
vn 0.478373 0.206357 0.853567
vn 0.501255 -0.150376 -0.852133
vn -0.705276 -0.260645 -0.659280
vn 0.373383 0.165948 -0.912714
vn 0.557086 0.371391 0.742781
vn -0.821631 0.217035 0.527084
vn 0.485071 0.485071 -0.727607
vn 0.235702 0.235702 0.942809
vn -0.742781 -0.371391 -0.557086
vn 0.235702 0.942809 -0.235702
vn -0.744150 0.190364 0.640315
vn 0.592277 0.518242 0.616955
vn 0.557086 0.371391 0.742781
vn -0.830332 0.027374 0.556596
vn 0.531239 0.464834 0.708318
vn 0.092668 -0.778412 0.620877
vn -0.799517 0.312854 0.512733
vn -0.937425 0.000000 -0.348187
vn 0.228018 0.970402 -0.079541
vn -0.532725 -0.844085 -0.061031
vn -0.920115 0.099228 -0.378871
vn 0.408248 0.816497 0.408248
vn -0.408248 -0.816497 -0.408248
vn -0.961164 0.132058 0.242333
vn -0.978624 0.021910 0.204489
vn -0.316228 0.948683 0.000000
vn -0.510377 0.583288 -0.631895
vn 0.832050 -0.000000 -0.554700
vn -0.242536 0.970142 0.000000
vn -0.952914 0.193367 0.233588
vn 0.682129 -0.290743 -0.670946
vn -0.316228 0.948683 0.000000
vn -0.878392 0.268981 0.395066
vn -0.205795 0.975622 0.076220
vn -0.680414 -0.680414 -0.272165
vn 0.154907 -0.265554 -0.951570
vn -0.888889 0.111111 -0.444444
vn -0.846810 -0.529256 -0.052926
vn -0.912871 0.182574 -0.365148
vn -0.980581 0.000000 -0.196116
vn -0.954504 0.190901 0.229081
vn -0.665615 0.705955 -0.242042
vn -0.036911 0.996588 0.073821
vn 0.000000 0.447214 -0.894427
vn -0.987266 -0.141038 -0.073585
vn -0.685632 -0.672345 -0.279036
vn -0.727524 0.673347 -0.131574
vn -0.010678 0.993021 0.117454
vn -0.504551 0.394866 -0.767795
vn -0.169031 0.845154 0.507093
vn -0.331294 0.331295 -0.883452
vn -0.668943 -0.717495 0.194209
vn -0.692281 0.721126 -0.026922
vn -0.417837 0.181668 -0.890174
vn -0.616409 -0.787107 0.022415
vn -0.962259 0.265655 -0.059034
vn -0.939093 0.286945 -0.189123
vn -0.885238 0.128918 -0.446916
vn 0.390567 0.130189 -0.911322
vn -0.383482 -0.076696 0.920358
vn 0.294329 -0.473030 -0.830430
vn 0.969256 0.226160 0.096926
vn 0.786546 -0.288935 0.545767
vn 0.557086 0.371390 -0.742781
vn 0.990044 -0.034139 0.136558
vn 0.624695 -0.624695 -0.468521
vn -0.297440 -0.605136 0.738471
vn 0.996117 0.062257 0.062257
vn 0.577350 -0.577350 -0.577350
vn 0.811032 -0.546975 -0.207473
vn 0.141107 0.513116 -0.846641
vn 0.979958 -0.089087 0.178174
vn 0.107908 0.884846 -0.453214
vn 0.794792 -0.163634 -0.584406
vn 0.447699 0.118777 0.886261
vn 0.659381 0.725318 -0.197814
vn -0.179244 -0.492922 0.851410
vn 0.069673 0.418040 -0.905753
vn -0.600932 0.795403 0.078839
vn -0.267261 0.534523 -0.801784
vn 0.694631 0.374032 -0.614481
vn 0.235702 0.235702 0.942809
vn -0.953844 0.271242 0.128878
vn -0.823216 0.565269 0.052781
vn -0.982844 -0.131046 -0.129786
vn 0.159844 0.985703 -0.053281
vn -0.430608 0.900363 0.062634
vn -0.975537 0.118483 0.185175
vn -0.864242 0.169876 0.473528
vn -0.627596 -0.777363 -0.042791
vn 0.575435 -0.517892 -0.632979
vn -0.830496 0.163408 0.532517
vn -0.753874 -0.638877 -0.153330
vn -0.000000 -0.554700 0.832050
vn 0.314485 0.104828 -0.943456
vn 0.153069 -0.275525 -0.949029
vn -0.767840 0.269782 -0.581068
vn 0.092450 0.924500 -0.369800
vn -0.408248 0.816497 0.408248
vn -0.737865 0.527046 0.421637
vn -0.647648 0.457164 -0.609552
vn -0.680414 0.680414 -0.272166
vn -0.912871 0.182574 -0.365148
vn -0.869976 0.326241 0.369740
vn 0.593378 -0.433338 0.678322
vn -0.678456 0.728146 0.097468
vn 0.486664 0.324443 -0.811107
vn -0.637999 -0.525411 0.562940
vn -0.843470 0.526035 -0.108835
vn 0.172189 0.582727 -0.794217
vn -0.453604 -0.374716 0.808598
vn -0.675316 -0.688751 0.263762
vn -0.870435 -0.300150 -0.390195
vn 0.157771 -0.567973 -0.807784
vn 0.858738 0.494151 -0.135590
vn 0.441194 0.461715 -0.769524
vn -0.817319 -0.096970 -0.567967
vn -0.876309 0.467365 -0.116841
vn 0.652548 0.057241 -0.755582
vn -0.854670 -0.411508 0.316545
vn -0.451129 -0.551380 0.701757
vn -0.662666 0.717648 0.214137
vn -0.187698 -0.895173 0.404271
vn -0.625474 -0.759504 0.178707
vn -0.851943 -0.397573 0.340777
vn -0.338850 -0.757429 0.558105
vn -0.621407 0.706964 0.337722
vn -0.067031 -0.485973 0.871400
vn -0.615516 -0.240201 -0.750629
vn -0.730937 -0.660485 -0.171726
vn -0.190457 0.959904 -0.205694
vn -0.713466 0.693648 0.099093
vn -0.730417 0.610895 -0.305447
vn -0.070534 0.987484 0.141069
vn -0.707107 0.707107 0.000000
vn -0.010578 0.994333 0.105780
vn -0.758175 0.583212 0.291606
vn -0.304290 0.852013 0.426007
vn -0.218707 0.956841 0.191368
vn -0.518977 0.542568 -0.660517
vn -0.374270 0.686161 -0.623783
vn -0.750536 0.598832 0.279455
vn -0.304290 0.852013 0.426007
vn -0.000000 -0.274721 -0.961524
vn -0.393893 0.123092 -0.910877
vn -0.811271 -0.370866 -0.451994
vn -0.690656 0.060057 -0.720685
vn -0.707107 -0.565685 -0.424264
vn -0.888725 -0.419246 -0.185473
vn -0.965091 -0.256044 -0.055148
vn -0.521458 0.852800 0.028517
vn -0.322886 0.691899 0.645772
vn -0.719728 0.276819 -0.636682
vn 0.545454 0.818182 -0.181818
vn 0.600324 0.478224 0.641024
vn -0.808552 0.038503 0.587163
vn 0.320732 0.941502 0.103462
vn -0.212000 -0.953998 -0.212000
vn 0.164399 0.986394 0.000000
vn -0.070535 -0.987484 0.141069
vn -0.948683 0.316228 0.000000
vn -0.944443 0.314814 -0.094444
vn -0.791155 -0.608580 0.060858
vn -0.978481 0.192236 0.074972
vn -0.828056 0.551640 0.100082
vn -0.959663 0.203470 0.194030
vn -0.900177 0.430707 0.064606
vn -0.446516 0.893033 -0.055815
vn -0.446516 -0.893033 -0.055815
vn -0.574571 0.801377 0.166323
vn -0.506731 -0.861442 0.033782
vn -0.893206 0.204601 0.400403
vn -0.226747 -0.815062 -0.533161
vn -0.768025 -0.624020 -0.144005
vn 0.109042 -0.821454 0.559752
vn -0.058924 -0.554869 0.829848
vn 0.000000 0.948683 -0.316228
vn 0.307698 0.094676 -0.946762
vn -0.447214 0.536656 -0.715542
vn -0.844461 -0.070064 0.531015
vn 0.587238 -0.320209 0.743383
vn -0.883153 -0.459975 -0.091995
vn -0.975067 -0.209594 -0.072902
vn -0.984710 -0.039653 -0.169626
vn -0.851038 0.279446 -0.444572
vn -0.611152 -0.758191 -0.227244
vn -0.938998 0.267225 -0.216502
vn -0.886575 0.319749 -0.334283
vn -0.928958 0.301659 -0.214569
vn -0.879802 0.218191 -0.422305
vn -0.100205 0.925421 -0.365453
vn -0.336500 0.813780 0.473846
vn 0.048995 0.997946 0.041259
vn -0.464395 0.870740 0.161709
vn 0.469640 0.362294 -0.805097
vn -0.401610 -0.562254 0.722897
vn 0.474675 0.361657 -0.802426
vn -0.302804 -0.113552 0.946264
vn 0.279751 -0.466252 -0.839254
vn -0.597110 0.183726 -0.780836
vn 0.534522 0.801784 -0.267261
vn -0.424967 -0.579501 0.695401
vn -0.817319 -0.096970 -0.567967
vn 0.301510 -0.904534 -0.301512
vn 0.267260 -0.801785 -0.534521
vn -0.854670 -0.411508 0.316545
vn -0.436436 -0.567366 0.698297
vn 0.815692 -0.564711 -0.125491
vn 0.926703 0.061780 0.370681
vn 0.463646 0.525985 -0.713002
vn -0.652078 0.755038 0.068640
vn 0.825192 0.101044 -0.555741
vn 0.699155 0.054836 -0.712864
vn 0.764898 -0.045894 -0.642514
vn 0.792370 0.179404 -0.583065
vn 0.398339 0.345227 0.849791
vn 0.884652 0.442326 -0.147442
vn -0.718699 -0.344976 -0.603708
vn 0.235702 0.942809 -0.235702
vn 0.373383 0.165948 -0.912714
vn 0.825192 0.101044 -0.555741
vn 0.557086 0.371391 0.742781
vn 0.501255 -0.150376 -0.852133
vn 0.235702 0.235702 0.942809
vn 0.373383 0.165948 -0.912714
vn 0.531239 0.464834 0.708318
vn 0.767338 0.244153 -0.592943
vn 0.643459 -0.757012 -0.113551
vn -0.284988 0.641223 -0.712471
vn 0.732393 -0.315934 -0.603147
vn -0.012554 -0.477054 0.878784
vn -0.345033 -0.897085 -0.276026
vn 0.746190 -0.335443 -0.575046
vn -0.921888 0.335619 0.193603
vn -0.643667 0.756090 0.118413
vn -0.569151 -0.816818 0.094211
vn -0.812158 0.270719 -0.516828
vn -0.934149 0.311383 -0.174374
vn -0.288496 -0.917418 -0.274071
vn -0.948683 0.316228 0.000000
vn -0.944443 0.314814 -0.094444
vn -0.894427 0.447214 0.000000
vn -0.146209 0.986910 -0.068063
vn -0.000001 -1.000000 0.000000
vn -0.196115 0.980581 0.000000
vn -0.948683 0.316228 0.000000
vn -0.978537 -0.121473 0.166464
vn -0.859668 0.494310 0.128950
vn -0.811268 -0.570892 0.126197
vn -0.444444 -0.888889 0.111111
vn -0.423999 0.847998 -0.317999
vn 0.970142 -0.000000 -0.242536
vn -0.800355 0.112425 0.588890
vn -0.209517 0.971675 0.109313
vn -0.466874 -0.849499 0.245723
vn -0.897122 0.045772 0.439406
vn -0.061899 -0.495188 0.866578
vn -0.615516 -0.240201 -0.750629
vn 0.571057 -0.751391 -0.330612
vn -0.671712 -0.710095 -0.211109
vn 0.170459 -0.313644 -0.934115
vn -0.658742 0.730604 -0.179657
vn -0.615457 0.615457 0.492366
vn -0.678439 -0.678439 -0.281852
vn 0.000000 -0.000000 -1.000000
vn 0.083040 0.996476 0.011863
vn -0.480510 0.870924 -0.102966
vn -0.019754 0.999551 -0.022520
vn -0.566714 0.823915 -0.000000
vn -0.079961 0.981796 0.172288
vn -0.628337 0.754005 0.191493
vn -0.307465 0.691796 0.653363
vn 0.786546 -0.288935 0.545767
vn 0.549442 0.824164 -0.137361
vn 0.581914 0.363696 -0.727393
vn -0.865004 -0.112826 -0.488916
vn 0.301510 -0.904534 -0.301512
vn 0.553470 0.352208 -0.754732
vn 0.801784 -0.534523 -0.267261
vn 0.926703 0.061780 0.370681
vn 0.707107 -0.000000 0.707107
vn 0.711368 0.302831 -0.634231
vn -0.034936 -0.157213 -0.986947
vn 0.087204 0.392419 0.915643
vn -0.704873 -0.572709 -0.418519
vn 0.898160 0.439565 -0.009514
vn -0.128176 -0.747691 0.651559
vn 0.183073 -0.863059 0.470759
vn 0.715450 -0.468743 -0.518085
vn 0.605160 0.449547 0.657030
vn -0.660619 0.329134 0.674725
vn 0.000000 0.707107 0.707107
vn -0.850985 0.189108 -0.489961
vn -0.030614 0.765346 -0.642891
vn 0.230792 0.968322 -0.095327
vn -0.773834 0.107020 0.624281
vn -0.640016 0.758339 -0.123701
vn -0.725297 0.586882 0.359880
vn -0.479822 -0.468917 -0.741544
vn 0.000000 1.000000 0.000000
vn -0.000000 -1.000000 0.000000
vn -0.934149 0.311383 -0.174375
vn -0.186935 0.975012 0.120032
vn -0.000001 -1.000000 0.000001
vn -0.315244 0.945733 -0.078812
vn -0.099286 -0.992855 0.066190
vn -0.123092 -0.861640 0.492367
vn 0.081651 0.816496 -0.571548
vn -0.209019 0.975426 -0.069673
vn -0.000001 -1.000000 0.000001
vn -0.108606 0.977466 0.181012
vn -0.738447 0.665333 0.109671
vn -0.099769 0.992294 -0.073478
vn -0.517207 -0.840461 -0.161627
vn 0.955779 -0.000000 -0.294086
vn -0.473828 0.879967 0.033845
vn 0.961524 -0.000000 -0.274721
vn -0.680414 0.680414 0.272166
vn -0.530833 -0.846014 0.049766
vn -0.418068 0.700878 0.577918
vn -0.654926 -0.755315 -0.023902
vn -0.412710 -0.298556 -0.860543
vn -0.617213 0.771517 -0.154303
vn -0.508822 0.483381 -0.712351
vn -0.248069 0.620174 -0.744208
vn -0.374270 0.686161 -0.623783
vn -0.931801 -0.294253 0.212516
vn -0.865577 0.142157 0.480174
vn -0.221610 0.951914 -0.211537
vn -0.962259 0.265655 -0.059034
vn -0.887919 0.218086 -0.405016
vn -0.939093 0.286945 -0.189123
vn -0.161701 0.947107 -0.277202
vn -0.221610 0.951914 -0.211537
vn -0.087894 0.878938 -0.468767
vn -0.962259 0.265655 -0.059034
vn -0.828298 0.184066 -0.529190
vn -0.078606 0.786062 -0.613129
vn 0.137360 0.549442 -0.824163
vn -0.188311 -0.527270 0.828568
vn 0.408248 0.408248 -0.816497
vn -0.224859 -0.374766 0.899438
vn 0.206372 -0.454019 -0.866763
vn 0.789613 -0.290910 0.540262
vn 0.545454 0.818182 -0.181818
vn -0.358568 -0.597614 0.717137
vn 0.926703 0.061780 0.370681
vn 0.707107 -0.000000 0.707107
vn 0.267260 -0.801785 -0.534521
vn 0.491298 -0.816422 -0.303449
vn 0.652548 0.057241 -0.755582
vn 0.811032 -0.546975 -0.207473
vn -0.854670 -0.411508 0.316545
vn -0.129200 -0.500652 0.855953
vn 0.069673 0.418040 -0.905753
vn 0.624379 -0.722965 -0.295759
vn 0.107908 0.884846 -0.453214
vn 0.599969 -0.749962 -0.278557
vn -0.846810 -0.364049 0.387791
vn -0.169031 0.845154 -0.507093
vn -0.843333 -0.490213 -0.220181
vn -0.072578 0.753696 -0.653203
vn -0.793912 -0.600275 -0.096818
vn -0.967116 -0.148787 -0.206273
vn -0.777764 -0.626478 -0.051075
vn 0.224475 0.969994 -0.093395
vn -0.000001 -1.000000 0.000001
vn -0.199007 0.895534 0.398015
vn -0.312347 0.937043 0.156174
vn -0.968241 0.094897 0.231310
vn -0.554700 -0.832050 -0.000000
vn 0.919145 -0.000000 -0.393919
vn -0.533153 0.841820 0.084182
vn 0.924678 -0.000000 -0.380750
vn 0.933333 0.133333 -0.333333
vn -0.793637 0.178374 0.581656
vn -0.576018 -0.816026 0.048002
vn -0.320543 -0.765167 0.558365
vn -0.886127 0.237679 0.397853
vn -0.196442 0.958502 0.206603
vn -0.543689 -0.825128 0.153512
vn -0.392837 -0.314270 -0.864242
vn -0.721366 -0.201311 -0.662650
vn -0.707107 -0.565685 -0.424264
vn -0.690656 0.060057 -0.720685
vn -0.000000 -0.485643 -0.874157
vn -0.979004 -0.189262 -0.075705
vn -0.609898 0.046030 -0.791142
vn -0.801784 -0.534522 0.267261
vn -0.896194 -0.220118 0.385206
vn 0.328856 -0.564641 0.756990
vn -0.122006 -0.336300 0.933818
vn -0.985752 -0.149952 -0.076205
vn -0.944355 0.258169 -0.203818
vn -0.657801 -0.716776 -0.231364
vn -0.952099 0.294535 -0.082196
vn -0.886575 0.319749 -0.334283
vn 0.002826 -0.859230 -0.511581
vn -0.571472 -0.799210 0.186234
vn -0.310842 0.623953 0.716979
vn -0.511034 0.160611 0.844422
vn -0.470634 0.810536 -0.348618
vn -0.284281 0.535117 0.795509
vn -0.168430 0.926367 -0.336861
vn -0.316228 0.000000 -0.948683
vn 0.254385 0.699559 -0.667761
vn -0.464879 -0.643679 0.607919
vn 0.263880 0.703679 -0.659699
vn -0.445976 -0.594635 0.668965
vn 0.666667 0.333333 -0.666666
vn 0.707107 -0.000000 0.707107
vn 0.301510 -0.904534 -0.301512
vn 0.267260 -0.801785 -0.534521
vn -0.852891 0.471464 0.224273
vn -0.433195 0.779751 0.452029
vn -0.151809 0.965367 0.212181
vn -0.623612 0.748335 0.226060
vn -0.329238 0.804803 -0.493857
vn 0.562351 -0.824782 -0.059119
vn -0.223885 -0.468122 0.854832
vn 0.680544 -0.612490 -0.402140
vn 0.159493 0.150111 -0.975720
vn 0.825192 0.101044 -0.555741
vn 0.792370 0.179404 -0.583065
vn 0.600324 0.478224 0.641024
vn 0.022049 0.661461 0.749655
vn 0.531239 0.464834 0.708318
vn 0.114472 -0.697236 0.707643
vn -0.942459 -0.107098 0.316703
vn -0.898998 -0.437854 -0.009316
vn 0.130189 -0.911322 -0.390567
vn -0.000001 -1.000000 0.000001
vn 0.141069 -0.987484 -0.070535
vn -0.301511 0.904534 -0.301512
vn -0.903674 0.104785 0.415202
vn -0.752359 0.577899 0.316209
vn -0.062095 0.983969 -0.167179
vn -0.541332 0.839065 0.054133
vn -0.096968 0.954162 -0.283146
vn -0.667677 0.740847 -0.073170
vn -0.366870 0.233463 -0.900501
vn 0.000000 0.242536 -0.970142
vn -0.569368 -0.388205 -0.724650
vn -0.406579 -0.903508 0.135526
vn -0.801784 -0.534522 0.267261
vn -0.898146 -0.408248 0.163299
vn -0.801784 -0.534522 0.267261
vn -0.894427 0.000000 0.447214
vn -0.796923 0.510614 -0.322781
vn -0.514472 0.009527 0.857454
vn -0.929345 -0.343576 -0.135177
vn -0.471225 0.401414 0.785375
vn -0.834116 -0.517152 0.191847
vn -0.128301 -0.991735 0.000000
vn 0.305766 -0.922785 0.234467
vn -0.000000 -0.868243 0.496139
vn -0.270633 0.567799 0.777407
vn 0.313634 -0.783062 0.537074
vn 0.171653 -0.313453 -0.933961
vn -0.468123 0.781766 -0.411949
vn -0.173890 0.929224 -0.326044
vn -0.386736 -0.478175 0.788533
vn -0.845140 0.508951 -0.163425
vn -0.666217 0.701405 0.253350
vn -0.488053 -0.494474 -0.719236
vn -0.310705 -0.688729 0.655069
vn -0.702501 -0.126918 0.700274
vn 0.073324 -0.586588 0.806559
vn -0.771391 0.218525 0.597664
vn -0.993886 0.035678 -0.104486
vn -0.894427 0.447214 0.000000
vn -0.574925 -0.810592 -0.111359
vn -0.123092 -0.861640 0.492367
vn 0.115470 0.808290 -0.577350
vn -0.879280 0.038393 0.474755
vn -0.521907 -0.848098 0.091334
vn 0.835865 0.203869 -0.509674
vn 0.894427 -0.000000 -0.447214
vn -0.707922 -0.635314 -0.308581
vn -0.994379 -0.047351 0.094703
vn 0.933333 0.133333 -0.333333
vn -0.617213 0.771517 0.154303
vn -0.523204 0.523205 0.672692
vn 0.844317 0.211079 -0.492518
vn 0.933333 0.133333 -0.333333
vn -0.386501 -0.878410 0.281091
vn 0.338643 -0.812743 -0.474100
vn -0.354792 0.241904 0.903108
vn -0.476998 -0.829561 0.290347
vn -0.320543 -0.765167 0.558365
vn -0.553363 -0.813105 -0.180690
vn -0.989091 -0.143158 -0.034705
vn -0.634000 -0.048239 -0.771827
vn -0.890871 0.089087 0.445436
vn -0.647150 -0.184900 -0.739600
vn -0.649570 -0.714527 0.259828
vn -0.419203 0.902519 -0.098636
vn -0.427527 0.388661 -0.816188
vn -0.825631 -0.143588 0.545634
vn -0.907329 -0.043903 0.418124
vn -0.851038 0.279446 -0.444572
vn 0.000000 0.997969 -0.063700
vn -0.893504 0.406943 -0.189861
vn -0.944355 0.258169 -0.203818
vn -0.624812 -0.695257 -0.355285
vn -0.823245 0.228424 -0.519702
vn -0.735525 -0.676991 -0.026186
vn -0.886433 0.389701 -0.249738
vn -0.828298 0.184066 -0.529190
vn -0.924906 -0.292075 0.243396
vn 0.786593 0.025706 -0.616936
vn 0.098513 0.872547 -0.478494
vn -0.279765 -0.254332 0.925768
vn -0.209517 0.204145 0.956257
vn -0.528477 0.121956 0.840142
vn 0.161370 -0.866618 0.472158
vn -0.147942 -0.548325 0.823075
vn -0.746936 -0.663944 0.035568
vn -0.961524 0.000000 -0.274721
vn -0.908308 -0.048314 0.415502
vn -0.961524 0.000000 -0.274721
vn -0.988840 -0.070631 -0.131173
vn -0.948683 0.000000 0.316228
vn -0.467446 0.868115 0.166945
vn 0.000000 -0.000000 -1.000000
vn -0.129906 -0.974298 -0.184034
vn 0.386494 -0.901819 -0.193247
vn -0.311400 -0.544949 0.778499
vn 0.248069 0.744208 -0.620174
vn -0.308486 0.794805 -0.522611
vn -0.049750 -0.679445 -0.732038
vn -0.659377 -0.680254 -0.320120
vn 0.412307 0.612213 -0.674684
vn 0.625671 -0.728679 -0.278500
vn 0.144928 -0.824977 0.546269
vn 0.063888 -0.766652 0.638877
vn -0.910048 -0.413022 0.035002
vn -0.898998 -0.437854 -0.009316
vn -0.659377 -0.680254 -0.320120
vn -0.924159 0.308053 -0.225906
vn -0.044988 -0.950616 -0.307092
vn -0.793584 0.264528 -0.547951
vn 0.115470 0.808290 -0.577350
vn 0.068276 0.996825 0.040965
vn -0.089039 -0.994258 0.059359
vn 0.065233 -0.978492 0.195698
vn 0.000001 0.970142 0.242536
vn -0.894947 0.194783 0.401410
vn -0.670223 -0.731853 -0.123259
vn -0.932494 -0.265024 0.245393
vn -0.566341 -0.823769 -0.025743
vn -0.282773 0.816899 0.502707
vn 0.081081 0.972973 0.216216
vn -0.973929 -0.101451 0.202902
vn -0.030189 0.966045 -0.256606
vn 0.395805 0.146831 -0.906520
vn -0.621344 -0.740981 -0.254712
vn 0.150376 -0.380954 -0.912284
vn -0.021717 0.988139 0.152021
vn -0.248069 0.620174 -0.744208
vn 0.000000 0.707107 -0.707107
vn -0.374270 0.686161 -0.623783
vn -0.304290 0.852013 0.426007
vn -0.069870 0.978184 0.195637
vn -0.411597 0.308697 -0.857493
vn -0.216910 -0.447378 0.867642
vn -0.984450 -0.169733 0.045262
vn -0.666667 -0.666667 0.333334
vn -0.883592 0.166648 0.437600
vn -0.896893 0.000000 0.442247
vn -0.495901 -0.030994 0.867826
vn 0.693335 -0.325364 0.642981
vn -0.423966 0.901231 0.089639
vn 0.137865 -0.768523 -0.624792
vn 0.580218 0.803379 -0.133897
vn -0.988840 -0.070631 -0.131173
vn 0.000000 -0.000000 -1.000000
vn -0.499432 0.841435 -0.206288
vn 0.201903 -0.336506 -0.919782
vn 0.328926 -0.795330 0.509174
vn -0.855345 0.482503 -0.188615
vn 0.070436 0.538614 -0.839604
vn -0.316228 0.000000 -0.948683
vn -0.298142 -0.745356 0.596285
vn 0.146301 -0.523604 -0.839306
vn -0.249290 0.834925 -0.490667
vn -0.788857 -0.609765 0.076754
vn 0.764898 -0.045894 -0.642514
vn -0.650917 0.277830 -0.706483
vn 0.911393 0.402709 -0.084780
vn -0.924159 0.308053 -0.225906
vn -0.176424 0.950437 0.256014
vn -0.759391 -0.321916 -0.565416
vn -0.048970 -0.979404 -0.195881
vn -0.000001 -1.000000 0.000001
vn 0.141069 -0.987484 -0.070535
vn -0.054453 0.898479 0.435626
vn -0.800927 0.200232 0.564290
vn -0.264107 -0.528214 0.806993
vn -0.080582 0.966988 -0.241747
vn -0.369800 0.924500 -0.092450
vn -0.248069 0.620174 -0.744208
vn 0.000000 0.707107 -0.707107
vn 0.184900 -0.647150 -0.739600
vn -0.620174 -0.248070 -0.744208
vn 0.273576 -0.957518 -0.091192
vn -0.635999 -0.741999 0.212000
vn -0.835731 0.391980 0.384584
vn -0.714527 0.649570 0.259828
vn -0.824298 0.562935 -0.060314
vn -0.951454 -0.296524 0.082511
vn 0.098513 0.872547 -0.478494
vn -0.311891 -0.873296 -0.374270
vn -0.030405 0.066892 0.997297
vn -0.908308 -0.048314 0.415502
vn -0.397464 0.874422 0.278225
vn 0.061934 0.043354 0.997138
vn -0.321458 -0.945947 -0.042998
vn -0.869097 0.477815 0.127919
vn -0.927801 0.372500 0.020694
vn -0.750359 -0.625299 -0.214388
vn -0.961524 0.000000 -0.274721
vn -0.988840 -0.070631 -0.131173
vn 0.000000 -0.000000 -1.000000
vn 0.112407 0.021266 0.993435
vn -0.043738 0.310368 0.949610
vn -0.322534 -0.945100 -0.052506
vn -0.927801 0.372500 0.020694
vn -0.191346 -0.669711 0.717547
vn -0.827915 0.275972 -0.488258
vn -0.343825 -0.766356 0.542663
vn -0.627555 -0.778168 0.025102
vn -0.749419 0.249807 -0.613162
vn -0.052557 0.803377 -0.593147
vn -0.612920 -0.784892 0.090961
vn 0.141816 -0.827259 0.543628
vn -0.888834 -0.189061 0.417408
vn 0.148741 -0.713957 0.684209
vn -0.645669 -0.728981 -0.227373
vn -0.850390 -0.372046 0.372046
vn -0.330628 -0.317078 0.888902
vn -0.333189 0.645553 0.687202
vn 0.130189 -0.911322 -0.390567
vn -0.301511 0.904534 -0.301511
vn 0.104828 0.943456 -0.314485
vn 0.057562 0.964154 0.259026
vn -0.312347 0.937043 -0.156174
vn -0.858715 0.153566 0.488903
vn -0.752359 0.577899 0.316209
vn -0.621407 0.706964 0.337722
vn -0.020231 -0.455196 0.890161
vn -0.287213 0.853434 0.434923
vn -0.617434 0.756357 0.216102
vn -0.028064 0.970230 -0.240553
vn -0.235702 -0.235702 0.942809
vn 0.299131 -0.953479 -0.037391
vn -0.649570 -0.714527 0.259828
vn -0.868367 -0.227111 0.440863
vn -0.851038 0.279446 -0.444572
vn -0.080397 0.996551 -0.020567
vn -0.952099 0.294535 -0.082196
vn -0.886575 0.319749 -0.334283
vn -0.000000 -0.554700 0.832050
vn 0.193548 0.709677 -0.677419
vn -0.204840 0.952507 -0.225324
vn -0.615244 -0.404303 -0.676768
vn -0.593440 0.793726 0.133524
vn -0.591240 -0.526974 -0.610519
vn -0.140798 -0.985579 0.093864
vn -0.123092 -0.861640 0.492367
vn 0.065233 -0.978492 0.195698
vn 0.145479 0.800132 -0.581914
vn 0.436436 0.872872 -0.218218
vn -0.365148 -0.912871 0.182574
vn 0.065233 -0.978492 0.195698
vn 0.279776 0.959233 0.039968
vn -0.365148 -0.912871 0.182574
vn -0.860925 0.008161 0.508667
vn -0.643462 0.748947 0.158228
vn -0.262433 0.892268 0.367406
vn -0.801758 0.162406 0.575160
vn -0.842994 0.058655 0.534715
vn -0.842561 0.280854 0.459579
vn -0.476998 -0.829561 0.290347
vn -0.300676 -0.773166 0.558398
vn -0.268328 0.894427 0.357771
vn -0.076624 -0.552332 0.830095
vn -0.408248 0.408248 -0.816497
vn -0.215387 0.933346 0.287183
vn -0.897033 0.288876 0.334487
vn -0.557086 -0.371390 0.742781
vn -0.621407 0.706964 0.337722
vn -0.941184 0.313728 0.125491
vn -0.615516 -0.240201 -0.750629
vn -0.287213 0.853434 0.434923
vn -0.333333 -0.666667 0.666667
vn -0.268328 0.894427 0.357771
vn -0.348743 0.464991 -0.813733
vn -0.784465 -0.588348 0.196116
vn -0.639602 0.639602 -0.426402
vn -0.707107 -0.707106 -0.000000
vn -0.872872 -0.436435 0.218218
vn -0.557086 -0.371390 0.742781
vn -0.754829 -0.646997 0.107833
vn -0.884652 0.442326 -0.147442
vn -0.666666 0.666667 0.333333
vn -0.816497 0.408248 0.408248
vn -0.447214 0.894427 0.000000
vn -0.873902 0.106363 0.474322
vn -0.218865 0.915253 0.338246
vn 0.286505 -0.839051 -0.462502
vn -0.040062 -0.470730 0.881367
vn 0.575179 -0.808845 0.122225
vn 0.648775 -0.735924 -0.193665
vn -0.626868 -0.746747 0.222276
vn -0.882036 0.069330 0.466054
vn -0.707107 0.000000 -0.707107
vn -0.254000 0.381000 0.889001
vn 0.182574 0.912871 0.365148
vn -0.801784 -0.534522 -0.267261
vn 0.000000 0.970142 0.242536
vn -0.749269 -0.655610 -0.093659
vn -0.215665 0.107833 -0.970495
vn -0.690656 0.060057 -0.720685
vn -0.707107 -0.565685 -0.424264
vn 0.000000 0.242536 -0.970142
vn -0.000000 -0.485643 -0.874157
vn 0.242304 -0.421148 -0.874027
vn -0.632486 -0.096074 -0.768591
vn -0.868298 0.399217 0.294423
vn -0.778679 0.611820 0.139050
vn -0.895027 -0.256536 0.364852
vn 0.657244 -0.287437 0.696713
vn -0.793743 -0.270302 0.544894
vn -0.463427 0.660384 0.590870
vn -0.226129 0.946300 -0.231045
vn -0.944355 0.258169 -0.203818
vn -0.045904 0.994600 0.093084
vn -0.952099 0.294535 -0.082196
vn -0.834394 0.280097 -0.474691
vn -0.765263 -0.643679 0.007152
vn -0.529999 0.000000 0.847998
vn -0.842983 0.441065 -0.307963
vn -0.450597 0.397301 0.799446
vn -0.798714 0.591640 0.109627
vn 0.626600 -0.525577 -0.575449
vn -0.311891 -0.873296 -0.374270
vn -0.679344 -0.622732 0.388196
vn -0.417953 -0.421407 0.804818
vn -0.204463 0.147780 0.967655
vn -0.864856 -0.088250 0.494203
vn 0.167402 0.807466 0.565664
vn 0.016034 -0.124265 0.992120
vn -0.029564 0.994273 -0.102695
vn -0.316228 0.000000 -0.948683
vn 0.205061 0.692080 -0.692080
vn -0.111959 -0.821033 0.559795
vn -0.324555 -0.621846 0.712721
vn -0.862536 0.457191 -0.216812
vn 0.764898 -0.045894 -0.642514
vn 0.792370 0.179404 -0.583065
vn 0.699608 0.663421 0.265369
vn -0.588199 0.460329 -0.664920
vn -0.003387 0.713006 0.701150
vn -0.704361 -0.088045 -0.704361
vn -0.345177 -0.685278 0.641285
vn 0.773166 -0.300676 -0.558398
vn 0.231593 -0.959937 0.157752
vn -0.662520 0.749044 0.000000
vn -0.095042 -0.940912 -0.325042
vn 0.440225 0.880451 -0.176090
vn -0.365148 -0.912871 0.182574
vn 0.612725 0.341986 -0.712471
vn -0.740229 0.129011 0.659861
vn 0.867763 -0.104132 -0.485947
vn 0.734316 0.270228 -0.622701
vn -0.673854 -0.715970 -0.182502
vn -0.383701 0.718210 0.580471
vn 0.687855 0.294795 -0.663289
vn -0.811107 0.486664 0.324443
vn 0.331862 -0.597351 -0.730096
vn -0.784465 0.588348 0.196116
vn -0.884918 0.372598 0.279448
vn -0.242536 0.776114 0.582085
vn -0.408248 0.408248 -0.816497
vn 0.081081 0.972973 0.216216
vn -0.958508 -0.278276 -0.061839
vn -0.884918 0.372598 0.279448
vn -0.572259 -0.798070 0.188691
vn 0.093332 -0.989316 -0.111998
vn 0.359391 -0.814620 -0.455229
vn 0.971666 0.074743 0.224230
vn -0.639602 0.639602 -0.426402
vn -0.816497 0.408248 0.408248
vn 0.937042 -0.156174 -0.312348
vn -0.754829 -0.646997 0.107833
vn 0.937276 0.223161 0.267793
vn -0.872872 -0.436435 0.218218
vn -1.000000 0.000000 0.000000
vn -0.666666 0.666667 0.333333
vn 0.081081 0.972973 0.216216
vn -0.688062 -0.638915 0.344031
vn -0.905339 -0.318092 0.281389
vn -0.897033 0.288876 0.334487
vn -0.654264 -0.507389 0.560798
vn 1.000000 -0.000000 0.000000
vn 0.937042 -0.156174 -0.312348
vn -1.000000 0.000000 0.000000
vn 0.666667 0.333333 -0.666666
vn -0.408250 -0.816496 0.408248
vn -0.707107 -0.707107 0.000000
vn -1.000000 0.000000 0.000000
vn -0.666666 0.666667 0.333333
vn -0.707107 -0.707106 0.000000
vn -0.485071 0.485071 0.727607
vn -0.074743 -0.224230 0.971666
vn -0.460336 0.125546 -0.878823
vn -0.320714 0.267261 0.908688
vn 0.717137 -0.597614 -0.358569
vn -0.554700 0.000000 -0.832050
vn -0.000000 -1.000000 0.000000
vn 1.000000 -0.000000 0.000000
vn -0.744208 -0.620174 -0.248069
vn -0.000000 -1.000000 0.000000
vn 0.136083 0.952579 0.272166
vn 1.000000 -0.000000 0.000000
vn 1.000000 -0.000000 0.000000
vn -0.707107 -0.707107 0.000000
vn 0.000000 1.000000 0.000000
vn 1.000000 -0.000000 0.000000
vn -0.666667 -0.666667 0.333333
vn -0.085126 -0.340502 -0.936382
vn 0.123091 -0.984732 -0.123091
vn -0.547678 -0.777795 -0.308357
vn -0.672214 0.672214 0.310253
vn -0.994833 -0.012593 0.100743
vn -0.000000 -0.514496 -0.857493
vn 0.000000 -0.000000 -1.000000
vn -0.600955 -0.680326 0.419535
vn -0.606925 -0.669402 0.428418
vn 0.689683 -0.201718 0.695447
vn -0.787600 -0.285402 0.546106
vn -0.760286 -0.228086 0.608229
vn -0.495901 -0.030994 0.867826
vn 0.506485 0.220211 -0.833655
vn -0.907659 -0.355171 0.223626
vn 0.786593 0.025706 -0.616936
vn -0.563844 -0.744618 0.357245
vn 0.188263 0.807709 0.558716
vn 0.245596 0.969303 0.011626
vn -0.990694 0.110077 -0.080056
vn -0.697193 0.077466 -0.712686
vn 0.898840 0.436866 0.035150
vn -0.670166 0.209427 -0.712052
vn 0.596284 -0.802691 -0.011467
vn 0.795281 -0.214380 -0.567070
vn 0.130189 -0.911322 -0.390567
vn -0.048970 -0.979404 -0.195881
vn 0.141069 -0.987484 -0.070535
vn 0.150946 0.955994 -0.251577
vn 0.192450 -0.962250 -0.192450
vn -0.048970 -0.979404 -0.195881
vn 0.147442 0.884652 0.442326
vn 0.192450 -0.962250 -0.192450
vn -0.422117 0.904533 0.060303
vn -0.262432 0.892268 0.367405
vn 0.082673 0.996368 0.020400
vn 0.473839 0.758142 -0.447993
vn -0.996887 -0.064970 -0.044667
vn -0.860753 0.411665 0.299392
vn 0.342381 -0.586939 -0.733674
vn 0.447214 -0.000000 -0.894427
vn -0.809806 0.136721 0.570545
vn -0.752359 0.577899 0.316209
vn -0.615516 -0.240201 -0.750629
vn -0.203279 -0.731804 0.650493
vn 0.421637 -0.737865 -0.527046
vn 0.273576 -0.820729 0.501557
vn -0.267261 0.534523 -0.801784
vn 0.928874 0.337772 0.151998
vn -0.358568 0.717137 -0.597615
vn 0.857493 0.411596 0.308697
vn -0.707107 -0.707106 -0.000000
vn -0.872872 -0.436435 0.218218
vn 0.666667 0.333333 -0.666666
vn 1.000000 -0.000000 0.000000
vn -0.707107 -0.707106 0.000000
vn 0.666667 0.333333 -0.666666
vn -0.666666 0.666667 0.333333
vn -0.816497 0.408248 0.408248
vn 0.937042 -0.156174 -0.312348
vn 1.000000 -0.000000 0.000000
vn -0.485071 0.485071 0.727607
vn 1.000000 -0.000000 0.000000
vn -0.485071 0.485071 0.727607
vn -0.784465 -0.588348 -0.196116
vn -0.138343 -0.415029 0.899229
vn -0.597614 0.358569 -0.717137
vn 0.844317 -0.492518 -0.211079
vn -0.254000 0.381000 0.889001
vn -0.000000 -1.000000 0.000000
vn 0.301511 0.904534 0.301511
vn -0.966988 -0.241747 -0.080583
vn -0.000000 -0.514496 -0.857493
vn -0.000000 -0.948683 -0.316228
vn -0.994833 -0.012593 0.100743
vn -0.037609 -0.940222 -0.338480
vn 0.115470 -0.808290 0.577350
vn 0.292376 -0.238295 0.926138
vn -0.057569 -0.088970 0.994369
vn -0.937043 -0.312347 0.156173
vn -0.798634 0.040806 0.600433
vn -0.495901 -0.030994 0.867826
vn -0.941531 -0.313843 0.122566
vn -0.667896 -0.706281 0.234696
vn -0.129632 -0.496101 0.858533
vn -0.270774 -0.962292 0.025999
vn -0.042584 -0.383258 0.922659
vn -0.109021 -0.981186 -0.159338
vn -0.099503 0.995037 0.000000
vn -0.106881 0.311442 0.944235
vn -0.344255 0.938876 0.000000
vn -0.099503 0.995037 0.000000
vn 0.000000 -0.000000 -1.000000
vn -0.344255 0.938876 0.000000
vn 0.485071 0.485071 -0.727607
vn -0.000000 -0.707107 0.707107
vn 0.004027 0.773592 -0.633671
vn -0.864680 0.453430 -0.216170
vn -0.401013 0.136011 -0.905919
vn 0.153139 0.623201 -0.766922
vn 0.141333 -0.565332 0.812665
vn 0.133333 0.666667 -0.733333
vn -0.399495 -0.741024 0.539710
vn -0.850939 0.463170 -0.247742
vn -0.827915 0.275972 -0.488258
vn -0.338453 -0.794628 0.504000
vn -0.882360 0.399820 -0.248164
vn 0.132520 -0.539217 -0.831675
vn 0.657401 0.517399 -0.547834
vn 0.752004 0.613241 -0.241715
vn -0.990694 0.110077 -0.080056
vn -0.426584 0.722762 -0.543729
vn 0.881626 0.456013 0.121604
vn -0.990694 0.110077 -0.080056
vn -0.447175 0.723371 -0.526088
vn -0.613820 0.437279 -0.657276
vn -0.511252 0.851550 -0.116121
vn -0.552053 -0.507401 -0.661651
vn -0.983630 0.122954 -0.131736
vn 0.109042 -0.821454 0.559752
vn -0.107357 -0.509942 0.853483
vn -0.897085 0.345033 0.276026
vn 0.681005 0.595880 0.425628
vn 0.707107 -0.000000 0.707107
vn -0.981796 -0.008250 0.189759
vn -0.388413 -0.147049 0.909677
vn 0.465690 0.853766 0.232845
vn -0.847998 0.423999 0.317999
vn 0.577350 0.577350 0.577350
vn -0.784465 0.588348 0.196116
vn -0.368166 0.447059 -0.815225
vn 0.439219 0.878438 0.188237
vn 0.928211 0.341972 -0.146559
vn -0.784465 0.588348 0.196116
vn -0.884918 0.372598 0.279448
vn -0.605128 -0.781623 0.151282
vn -0.870072 -0.407268 0.277683
vn -0.654264 -0.507389 0.560798
vn -0.667117 0.736609 -0.111186
vn -0.953944 -0.254385 -0.158991
vn 0.159992 -0.313175 -0.936122
vn 0.368364 0.159293 -0.915933
vn 0.887848 -0.443924 -0.121070
vn -0.559885 0.152696 -0.814378
vn 0.123091 -0.984732 -0.123091
vn -0.558404 -0.767805 -0.314102
vn 0.096674 -0.483368 -0.870063
vn 0.577350 -0.577351 -0.577350
vn 0.917170 -0.393073 -0.065512
vn -0.301511 0.301511 0.904534
vn -0.299745 -0.689414 0.659440
vn -0.492068 0.639688 -0.590482
vn -0.577350 0.577350 -0.577350
vn -0.491969 0.586579 -0.643344
vn -0.930039 0.366379 -0.028183
vn 0.000000 0.242536 -0.970142
vn -0.000000 -0.485643 -0.874157
vn -0.569368 -0.388205 -0.724650
vn -0.672214 0.672214 0.310253
vn -0.638943 0.117275 -0.760262
vn -0.979958 0.089088 0.178174
vn -0.990451 0.107657 -0.086126
vn 0.115470 -0.808290 0.577350
vn -0.855725 0.449256 0.256718
vn -0.816026 0.576019 0.048001
vn -0.851197 -0.335999 0.403198
vn -0.875447 0.328293 0.354707
vn -0.087894 0.878938 -0.468767
vn -0.578243 0.743629 -0.335636
vn -0.750621 0.243708 -0.614145
vn 0.000000 0.124035 -0.992278
vn -0.108607 -0.977466 -0.181012
vn 0.039684 0.119051 -0.992095
vn -0.092798 -0.496111 0.863286
vn -0.211753 -0.977323 0.000000
vn 0.000000 -0.000000 -1.000000
vn -0.211753 -0.977323 0.000000
vn -0.827915 0.275972 -0.488258
vn -0.506451 0.783546 -0.359948
vn -0.073379 0.836518 -0.543003
vn 0.192450 0.962250 0.192450
vn 0.192450 -0.962250 -0.192450
vn -0.414111 -0.877258 -0.242755
vn -0.402278 -0.860269 -0.313224
vn -0.983656 -0.131535 -0.122957
vn -0.226747 -0.815062 -0.533161
vn -0.372725 -0.876438 -0.304848
vn 0.109042 -0.821454 0.559752
vn -0.739027 0.504143 -0.446854
vn 0.371391 -0.557086 -0.742781
vn 0.784464 0.588349 0.196116
vn 0.447214 -0.000000 -0.894427
vn 0.707107 -0.000000 0.707107
vn -0.889001 0.381000 0.254000
vn 0.707107 -0.000000 0.707107
vn 0.447214 -0.000000 -0.894427
vn -0.985377 0.068294 0.156100
vn -0.000000 -0.600000 0.800000
vn 0.238620 -0.715860 0.656205
vn -0.859358 -0.050675 0.508858
vn -0.189639 0.967435 0.167652
vn -0.902555 0.063001 0.425940
vn -0.684338 0.721836 0.103119
vn 0.143965 0.985609 0.088594
vn 0.920358 0.383482 0.076697
vn -0.707107 -0.707106 -0.000000
vn -0.557086 -0.371390 0.742781
vn -0.938385 -0.342119 -0.048874
vn -0.668180 0.742422 -0.048419
vn -0.894427 -0.357771 -0.268328
vn -0.953944 -0.254385 -0.158991
vn 0.029071 0.988411 -0.148989
vn 0.411054 0.234888 -0.880830
vn -0.328634 -0.775578 0.538961
vn -0.930039 0.366379 -0.028183
vn -0.850686 0.406850 0.332877
vn -0.569368 -0.388205 -0.724650
vn -0.178568 -0.982125 0.059523
vn -0.382684 -0.918442 -0.100087
vn -0.990451 0.107657 -0.086126
vn -0.329161 -0.305650 -0.893438
vn 0.248797 -0.284339 -0.925879
vn -0.636640 0.037334 -0.770257
vn -0.078884 0.970280 -0.228765
vn -0.403603 0.874475 -0.269069
vn -0.104828 0.943456 -0.314486
vn -0.358151 0.920960 -0.153493
vn 0.141421 0.989950 0.000000
vn 0.000000 0.707107 -0.707107
vn -0.490281 0.857992 -0.153213
vn 0.105720 0.986717 0.123340
vn -0.357930 0.417585 -0.835170
vn 0.089087 0.445435 -0.890871
vn -0.178174 -0.089087 0.979958
vn -0.254000 0.889001 -0.381000
vn -0.359675 0.431610 -0.827253
vn 0.180800 0.903997 -0.387428
vn 0.089087 0.445435 -0.890871
vn -0.551825 0.490512 -0.674453
vn -0.436575 0.899496 -0.017563
vn 0.180800 0.903997 -0.387428
vn -0.778679 0.611820 0.139050
vn -0.851181 0.184828 0.491253
vn -0.882588 -0.129159 0.452058
vn -0.893472 -0.140022 0.426733
vn -0.873128 0.048507 0.485071
vn -0.127365 -0.491656 0.861425
vn -0.305953 -0.951137 0.041599
vn 0.112407 0.021266 0.993435
vn 0.247431 0.968507 0.027791
vn -0.869097 0.477815 0.127919
vn -0.927801 0.372500 0.020694
vn -0.042627 -0.390987 0.919408
vn 0.101007 0.965181 0.241295
vn 0.000000 0.124035 -0.992278
vn 0.101964 0.968326 0.227920
vn 0.039839 0.121613 -0.991778
vn 0.298585 -0.941589 0.155745
vn -0.587537 -0.794902 0.151432
vn 0.004027 0.773592 -0.633671
vn -0.574217 0.707085 -0.412681
vn -0.527165 0.082249 -0.845773
vn -0.430152 -0.202041 0.879857
vn -0.624780 0.355218 0.695320
vn 0.000000 0.707872 0.706340
vn -0.966391 -0.241598 0.087854
vn 0.228665 0.057166 -0.971825
vn -0.724708 0.524258 -0.447161
vn -0.977716 -0.144911 -0.151895
vn -0.655477 -0.747119 0.110282
vn -0.983618 -0.168250 0.064712
vn -0.323127 -0.155580 0.933479
vn -0.461944 -0.874392 -0.148482
vn 0.507092 0.845154 0.169031
vn 0.867763 -0.104132 -0.485947
vn 0.125908 0.402906 -0.906539
vn 0.681005 0.595880 0.425628
vn 0.342381 -0.586939 -0.733674
vn -0.980159 0.054453 0.190587
vn -0.527046 -0.105409 0.843274
vn 0.273576 -0.820729 0.501557
vn 0.359391 -0.814620 -0.455229
vn -0.865202 0.022769 0.500906
vn -0.354792 0.241904 0.903108
vn -0.666666 0.666667 0.333333
vn -0.094890 0.989563 -0.108445
vn -0.926367 0.336861 0.168430
vn -0.604707 0.604708 0.518321
vn -0.666666 0.666667 0.333333
vn -0.772744 -0.596504 0.216911
vn -0.747992 0.341475 0.569124
vn -0.858116 -0.476731 -0.190692
vn -0.953944 -0.254385 -0.158991
vn 0.130189 -0.390567 -0.911322
vn 0.577350 -0.577351 -0.577350
vn 0.913107 -0.394296 -0.103762
vn -0.492068 0.639688 -0.590482
vn -0.658145 0.365636 -0.658145
vn -0.228582 -0.495261 0.838133
vn 0.912735 -0.393420 -0.110158
vn -0.365149 0.182574 0.912871
vn -0.531891 0.842160 0.088649
vn -0.672214 0.672214 0.310253
vn -0.085126 -0.340502 -0.936382
vn -0.235703 -0.942809 -0.235702
vn -0.990451 0.107657 -0.086126
vn -0.910366 0.000000 0.413803
vn 0.000000 -0.000000 -1.000000
vn -0.000000 -0.514496 -0.857493
vn -0.906712 0.049278 0.418862
vn 0.000000 -0.000000 -1.000000
vn 0.012763 0.940213 -0.340349
vn -0.662111 0.738509 -0.127329
vn 0.000000 0.640184 -0.768221
vn 0.267261 -0.534522 -0.801784
vn 0.521988 -0.852826 -0.014704
vn -0.149756 -0.426067 0.892211
vn 0.578535 -0.808160 -0.110339
vn -0.838343 -0.186298 0.512322
vn -0.311102 -0.926406 -0.212101
vn 0.042903 0.018618 0.998906
vn 0.227122 0.960616 0.160103
vn 0.260697 0.697144 0.667853
vn -0.869097 0.477815 0.127919
vn -0.385705 -0.917242 -0.099493
vn 0.059141 -0.940484 -0.334651
vn -0.097044 0.994700 0.033965
vn 0.018126 -0.987893 0.154075
vn -0.287213 0.853434 0.434923
vn -0.865202 0.022769 0.500906
vn -0.354792 0.241904 0.903108
vn -0.476998 -0.829561 0.290347
vn -0.617434 0.756357 0.216102
vn -0.268328 0.894427 0.357771
vn -0.492436 -0.867117 0.074936
vn 0.093332 -0.989316 -0.111998
vn -0.711921 -0.620649 0.328579
vn -0.000000 -0.514496 -0.857493
vn -0.905753 0.069673 0.418040
vn -0.491969 0.586579 -0.643344
vn -0.930039 0.366379 -0.028183
vn -0.850686 0.406850 0.332877
vn -0.037609 -0.940222 -0.338480
vn -0.580485 -0.807174 0.107272
vn 0.250335 -0.949666 0.188326
vn -0.493550 -0.839105 0.228718
vn 0.414260 0.180113 -0.892159
vn -0.662699 0.647613 -0.376068
vn 0.621456 -0.559906 -0.547993
vn 0.786593 0.025706 -0.616936
vn 0.098513 0.872547 -0.478494
vn -0.311891 -0.873296 -0.374270
vn -0.426831 0.882122 -0.199189
vn -0.972175 -0.112174 0.205652
vn 0.000001 0.447213 -0.894427
vn 0.250546 -0.952086 0.175384
vn -0.745263 -0.603306 -0.283909
vn -0.995574 -0.089156 0.029719
vn -0.483028 0.864369 -0.139824
vn -0.997785 0.000000 -0.066519
vn -0.388922 0.713024 -0.583383
vn -0.075589 -0.694835 -0.715186
vn 0.712194 -0.124842 -0.690792
vn -0.726852 -0.147447 -0.670780
vn -0.862250 0.504733 -0.042061
vn -0.427158 -0.900527 0.081160
vn 0.637182 0.417824 -0.647628
vn 0.339182 0.939272 0.052182
vn 0.867763 -0.104132 -0.485947
vn 0.182246 0.971975 -0.148496
vn -0.856926 0.389512 0.337577
vn 0.942809 -0.235702 -0.235702
vn -0.784465 0.196116 -0.588348
vn -0.784465 -0.196116 0.588348
vn -0.784465 0.588348 -0.196116
vn -0.762001 -0.127000 0.635001
vn -0.666667 -0.333333 0.666667
vn -0.784465 0.196116 -0.588348
vn -0.329881 -0.761264 0.558261
vn 0.936450 -0.348874 -0.036724
vn 0.843274 -0.527047 -0.105409
vn 0.365994 0.903177 -0.224319
vn 0.730189 -0.681509 0.048679
vn 0.053683 0.590511 -0.805242
vn -0.857493 0.514496 0.000000
vn 0.241121 0.434019 -0.868037
vn -0.332580 -0.617649 0.712672
vn 0.261978 -0.245605 -0.933298
vn 0.457496 -0.457496 0.762493
vn -0.752055 0.086302 -0.653425
vn -0.850686 0.406850 0.332877
vn -0.071611 -0.930949 -0.358057
vn 0.115470 -0.808290 0.577350
vn -0.683795 0.722648 -0.101015
vn -0.600955 -0.680326 0.419535
vn 0.250636 -0.089811 0.963906
vn 0.149902 -0.974366 0.167748
vn -0.801784 -0.267261 0.534523
vn -0.592402 -0.804546 0.042028
vn 0.316776 -0.914241 0.252619
vn -0.947982 0.018693 -0.317774
vn -0.746335 -0.605035 -0.277339
vn -0.962833 0.148551 -0.225578
vn -0.806792 0.171523 -0.565390
vn -0.622870 0.679852 -0.387083
vn -0.131624 0.969972 -0.204524
vn -0.375521 0.462447 0.803198
vn -0.435705 -0.896487 0.080454
vn -0.595687 -0.607367 0.525606
vn 0.112191 -0.934947 0.336581
vn -0.925309 -0.095722 0.366933
vn 0.254455 -0.593733 0.763370
vn -0.801784 -0.106904 -0.587975
vn -0.894427 0.000000 0.447214
vn -0.637575 0.701335 0.318789
vn -0.486665 -0.746218 -0.454220
vn 0.000001 0.447213 -0.894427
vn -0.755182 -0.158986 -0.635943
vn -0.745263 -0.603306 -0.283909
vn -0.513656 0.856096 -0.057073
vn -0.760087 0.475055 0.443385
vn -0.993884 0.000000 -0.110432
vn 0.280793 -0.947677 0.151865
vn -0.619484 -0.760450 0.194821
vn -0.000000 -0.832050 -0.554700
vn -0.986394 0.000000 -0.164399
vn -0.000000 -0.961524 -0.274721
vn -0.759391 -0.321916 -0.565416
vn -0.285310 -0.957932 0.031044
vn 0.225096 0.970194 -0.089754
vn -0.984936 -0.156274 -0.074024
vn -0.408942 -0.524512 -0.746762
vn 0.228665 0.057166 -0.971825
vn -0.764937 -0.643821 -0.019123
vn -0.576018 0.048002 -0.816026
vn 0.228665 0.057166 -0.971825
vn -0.749215 -0.017423 -0.662097
vn -0.739027 0.504143 -0.446854
vn 0.286505 -0.839051 -0.462502
vn -0.426680 -0.140318 0.893451
vn 0.571057 -0.751391 -0.330612
vn 0.316228 -0.948683 0.000000
vn -0.784465 0.588348 -0.196116
vn 0.918630 -0.229658 -0.321521
vn -0.784465 0.196116 -0.588348
vn 0.904534 -0.301511 -0.301511
vn -0.762001 -0.127000 0.635001
vn -0.847998 -0.423999 0.317999
vn -0.604708 0.777482 0.172774
vn -0.666667 -0.333333 0.666667
vn 0.883320 -0.468028 -0.026368
vn 0.700693 -0.671898 0.239963
vn -0.492068 0.639688 -0.590482
vn -0.560528 -0.811432 0.165489
vn -0.491969 0.586579 -0.643344
vn -0.447214 0.894427 0.000000
vn -0.754732 -0.654101 -0.050315
vn -0.085126 -0.340502 -0.936382
vn 0.123091 -0.984732 -0.123091
vn 0.577350 -0.577351 -0.577350
vn -0.331042 -0.744845 0.579324
vn 0.894427 -0.447214 0.000000
vn 0.873698 -0.379869 0.303895
vn 0.457496 -0.457496 0.762493
vn 0.904534 -0.301513 -0.301511
vn 0.707107 -0.707107 0.000000
vn 0.366508 0.366508 -0.855186
vn -0.863220 0.503545 0.035967
vn 0.423999 0.847998 -0.317999
vn 0.298142 0.596285 -0.745356
vn -0.636146 0.751810 -0.173495
vn -0.178174 -0.089087 0.979958
vn 0.742781 0.371391 0.557086
vn -0.529999 0.000000 0.847998
vn -0.521096 -0.839213 0.155498
vn -0.226156 -0.241753 0.943615
vn 0.254863 0.955733 0.147036
vn -0.498390 0.866765 0.018058
vn -0.580914 -0.805784 -0.115112
vn 0.000000 -0.000000 -1.000000
vn -0.443242 0.886484 -0.132973
vn 0.946792 0.315596 0.063120
vn -0.679643 -0.355701 -0.641532
vn 0.525924 0.364101 -0.768658
vn -0.451416 0.888726 0.079938
vn -0.650600 -0.520480 -0.553010
vn -0.857388 -0.474626 0.199037
vn -0.772744 -0.596504 0.216911
vn -0.843274 -0.527046 -0.105409
vn -0.910975 -0.409938 0.045549
vn -0.483398 -0.771134 0.414341
vn -0.654264 -0.507389 0.560798
vn -0.958314 -0.193067 0.210618
vn -0.418895 0.907605 -0.027926
vn -0.858116 -0.476731 -0.190692
vn -0.189927 0.943303 0.272228
vn -0.674453 0.735767 0.061314
vn 0.768658 -0.202278 -0.606835
vn -0.169300 0.902932 0.395033
vn -0.959235 -0.099231 0.264616
vn 0.719583 -0.197885 -0.665614
vn -0.707107 0.000000 0.707107
vn -0.666667 -0.333333 0.666667
vn 0.305135 0.867225 0.393463
vn -0.828793 -0.088405 0.552528
vn 0.279924 0.193794 -0.940259
vn -0.450288 0.234933 0.861421
vn -0.581061 0.314741 0.750537
vn 0.640257 -0.150649 -0.753244
vn -0.848185 -0.526460 0.058496
vn -0.801784 -0.534522 0.267261
vn -0.450288 0.234933 0.861421
vn -0.865277 -0.458088 0.203595
vn -0.495260 0.228582 0.838133
vn -0.698846 0.602454 0.385570
vn -0.831398 0.554265 0.039590
vn 0.443243 0.886484 -0.132973
vn -0.809859 0.584897 -0.044992
vn 0.447214 0.894427 0.000000
vn 0.267261 0.534522 0.801784
vn 0.742781 0.371391 0.557086
vn 0.395965 0.873153 -0.284282
vn -0.416323 0.441555 -0.794798
vn 0.730189 -0.681509 0.048679
vn -0.023925 0.933078 0.358876
vn -0.807781 -0.186411 -0.559233
vn 0.180800 0.903997 -0.387428
vn 0.267261 0.534522 0.801784
vn 0.742781 0.371391 0.557086
vn 0.089087 0.445435 -0.890871
vn -0.178174 -0.089087 0.979958
vn 0.092417 0.874410 0.476305
vn 0.636292 -0.336063 0.694401
vn 0.012385 0.846306 0.532553
vn -0.473966 0.655032 0.588464
vn 0.669414 -0.161155 0.725199
vn -0.470800 0.881371 0.039150
vn -0.336653 -0.920526 -0.198232
vn -0.543080 -0.831022 0.120279
vn 0.106584 -0.932175 0.345962
vn -0.285373 0.950466 -0.123194
vn -0.962833 0.148551 -0.225578
vn -0.823245 0.228424 -0.519702
vn -0.756401 0.633016 -0.164768
vn -0.084562 0.988724 0.123590
vn -0.775057 0.627012 0.078377
vn 0.632765 -0.461167 -0.622040
vn -0.084562 0.988724 0.123590
vn 0.090338 -0.985113 -0.146261
vn 0.276303 0.859608 0.429804
vn -0.102541 0.218080 0.970529
vn -0.420454 0.835377 0.354067
vn 0.263415 0.954877 -0.137196
vn 0.000000 -0.000000 -1.000000
vn -0.491269 0.842177 -0.222242
vn -0.894427 0.000000 0.447214
vn 0.578740 -0.462993 0.671340
vn 0.894427 -0.000000 0.447214
vn -0.522643 0.768595 0.368926
vn -0.426776 0.876018 -0.224620
vn 0.950090 0.194890 -0.243613
vn 0.909137 -0.101015 -0.404061
vn -0.577350 -0.577350 0.577350
vn 0.315686 -0.947061 0.058461
vn 0.948988 0.300312 0.096100
vn -0.653364 -0.307465 -0.691796
vn 0.316227 -0.948684 0.000000
vn -0.745263 -0.603306 -0.283909
vn 0.753541 -0.477242 -0.452124
vn -0.832050 0.000000 -0.554700
vn -0.861411 0.269191 0.430706
vn -0.518922 0.747248 -0.415138
vn -0.000000 -0.832050 -0.554700
vn -0.973841 0.000000 -0.227230
vn -0.611729 -0.752349 -0.244454
vn -0.093029 0.945318 0.312602
vn -0.970383 0.033232 -0.239273
vn -0.707422 -0.458330 -0.538040
vn 0.256421 -0.804231 0.536154
vn -0.025004 -0.663984 -0.747329
vn -0.687129 -0.657383 -0.309357
vn 0.316385 -0.771672 0.551745
vn -0.608998 -0.756228 -0.239249
vn 0.367099 -0.652620 -0.662817
vn -0.808853 0.182296 0.559040
vn -0.621708 -0.779768 0.073762
vn -0.880545 -0.149880 0.449640
vn -0.408248 0.816497 0.408248
vn 0.197814 0.329690 0.923133
vn -0.169300 0.902932 0.395033
vn 0.817266 -0.576105 0.013398
vn 0.846947 -0.415170 0.332136
vn 0.846947 -0.415170 0.332136
vn 0.264906 -0.264907 -0.927173
vn 0.457496 -0.457496 0.762493
vn -0.624464 -0.771396 0.122444
vn 0.707107 -0.707107 0.000000
vn 0.423999 0.847998 -0.317999
vn 0.346844 0.520266 -0.780399
vn 0.355861 -0.858253 -0.369817
vn -0.572034 -0.802464 -0.169791
vn -0.574475 -0.814810 0.077864
vn 0.048823 -0.928806 0.367337
vn -0.570515 0.750678 -0.333158
vn -0.310743 0.594851 0.741344
vn -0.718498 -0.031582 0.694811
vn -0.475518 0.879045 0.034101
vn -0.448028 0.440168 0.778154
vn -0.969501 -0.036356 -0.242375
vn -0.949298 0.014275 -0.314053
vn -0.523803 -0.426802 0.737204
vn -0.679895 -0.704330 -0.204112
vn -0.708899 -0.036122 0.704384
vn -0.949298 0.014275 -0.314053
vn 0.786785 0.078425 -0.612225
vn -0.981658 -0.086617 0.169837
vn 0.174260 0.888724 -0.424032
vn -0.316595 0.823148 0.471375
vn 0.036001 0.991223 0.127203
vn -0.654544 0.163636 0.738103
vn -0.334739 0.942229 0.012398
vn 0.203613 -0.936633 0.285062
vn 0.578740 -0.462993 0.671340
vn 0.973013 0.144150 -0.180187
vn 0.909137 -0.101015 -0.404061
vn -0.801784 -0.106904 -0.587975
vn -0.894427 -0.447214 0.000000
vn -0.933060 -0.353919 -0.064349
vn -0.462460 0.858856 0.220220
vn -0.495714 0.867503 -0.041310
vn -0.732589 0.503656 0.457869
vn 0.850295 0.361375 0.382632
vn 0.577350 0.115470 0.808290
vn 0.236555 0.429534 -0.871517
vn 0.079066 0.894291 -0.440445
vn -0.146394 0.825128 -0.545649
vn -0.677682 -0.324574 -0.659848
vn -0.204840 0.952507 -0.225324
vn -0.273153 0.939647 -0.206036
vn 0.313363 0.671492 -0.671492
vn 0.525361 -0.847805 -0.072272
vn -0.690682 -0.350171 -0.632723
vn 0.484797 0.512766 -0.708550
vn -0.862250 0.504733 -0.042061
vn 0.497467 -0.792477 -0.352855
vn -0.557006 0.506370 -0.658281
vn 0.543778 -0.837914 0.046963
vn -0.862250 0.504733 -0.042061
vn -0.297816 -0.413633 -0.860356
vn -0.897253 -0.441272 -0.014709
vn -0.749215 -0.017423 -0.662097
vn -0.933491 0.351262 -0.072177
vn 0.639688 0.590481 -0.492068
vn 0.136047 0.970075 -0.201113
vn -0.653534 0.746200 -0.126805
vn -0.199593 0.969452 0.142567
vn 0.368370 0.265569 -0.890941
vn 0.808290 0.115470 -0.577350
vn -0.730991 -0.664537 0.155059
vn -0.839031 0.351851 0.415004
vn -0.845983 -0.359253 -0.394019
vn 0.843274 -0.527047 -0.105409
vn 0.707107 -0.707107 0.000000
vn 0.434474 0.868948 -0.236986
vn 0.780869 -0.624695 0.000000
vn 0.730189 -0.681509 0.048679
vn 0.447214 0.894427 0.000000
vn 0.267261 0.534522 0.801784
vn 0.355861 -0.858253 -0.369817
vn -0.580542 -0.792004 -0.188945
vn -0.604507 -0.793920 0.065287
vn -0.544339 -0.008924 0.838818
vn -0.238449 -0.283159 0.928958
vn -0.267056 -0.566718 0.779431
vn -0.437816 -0.796030 0.417915
vn -0.560073 0.150534 0.814652
vn -0.567202 0.025097 0.823196
vn -0.487490 -0.475242 0.732460
vn 0.834812 -0.263625 0.483312
vn 0.907163 -0.041869 0.418691
vn -0.577350 -0.577350 0.577350
vn 0.909137 -0.101015 -0.404061
vn -0.427001 -0.901446 0.071167
vn -0.884652 0.442326 0.147442
vn -0.492805 0.028989 -0.869657
vn -0.358056 0.930950 -0.071613
vn 0.933008 -0.254457 0.254457
vn 0.844061 -0.522514 -0.120580
vn -0.486665 -0.746218 -0.454220
vn -0.577350 -0.577350 0.577350
vn 0.000001 0.447213 -0.894427
vn -0.963029 -0.177400 0.202743
vn -0.462299 0.873231 -0.154100
vn -0.914510 0.066510 0.399059
vn 0.217643 -0.725476 0.652929
vn 0.412393 0.082479 0.907265
vn -0.755182 -0.158986 -0.635943
vn 0.809345 0.311286 -0.498058
vn 0.854670 -0.316544 -0.411508
vn -0.410802 0.746914 -0.522840
vn -0.408764 -0.901605 -0.141495
vn -0.192878 -0.486513 -0.852117
vn 0.699608 0.663421 0.265369
vn -0.587775 0.514303 -0.624511
vn 0.548157 0.776555 0.310622
vn 0.851473 0.442766 -0.280986
vn 0.699608 0.663421 0.265369
vn 0.613652 0.756838 0.225006
vn 0.005171 0.697991 0.716087
vn 0.548157 0.776555 0.310622
vn 0.601589 -0.217241 0.768698
vn -0.902318 -0.053896 0.427688
vn -0.597458 -0.770613 -0.221811
vn -0.719650 0.129605 0.682133
vn -0.262432 0.892268 0.367405
vn 0.118906 0.422776 0.898399
vn -0.825189 -0.561982 -0.056910
vn -0.912281 -0.298245 0.280702
vn -0.802571 -0.118899 0.584588
vn 0.078685 0.511453 0.855701
vn 0.081923 0.983078 -0.163846
vn 0.783930 0.542720 -0.301511
vn 0.408248 0.408248 -0.816497
vn 0.808290 0.115470 -0.577350
vn -0.940391 0.289351 0.178717
vn -0.801784 -0.534522 0.267261
vn -0.698846 0.602454 0.385570
vn -0.843589 -0.371179 -0.388051
vn -0.000000 -0.316228 0.948683
vn -0.787600 -0.285402 0.546106
vn -0.470186 0.652449 0.594336
vn 0.781717 0.067389 -0.619982
vn -0.601170 -0.780242 0.172676
vn 0.608846 0.758034 -0.233862
vn -0.981681 -0.130312 0.138999
vn -0.502310 -0.844401 0.186201
vn -0.847099 0.489435 0.207068
vn -0.838095 0.509973 0.193711
vn -0.801784 -0.106904 -0.587975
vn -0.894427 -0.447214 0.000000
vn 0.713691 -0.692064 0.108135
vn 0.844061 -0.522514 -0.120580
vn -0.486665 -0.746218 -0.454220
vn -0.894427 -0.447214 0.000000
vn -0.961074 -0.262111 0.087371
vn 0.554700 -0.832050 0.000000
vn 0.217643 -0.725476 0.652929
vn 0.675926 -0.386244 0.627646
vn 0.316228 -0.948683 0.000000
vn 0.711287 -0.400099 -0.577920
vn 0.816497 0.408248 0.408248
vn 0.412393 0.082479 0.907265
vn 0.248852 0.711006 -0.657680
vn -0.397566 -0.711691 -0.579170
vn -0.312835 0.112060 -0.943174
vn -0.146394 0.825128 -0.545649
vn -0.447112 0.702605 -0.553567
vn -0.577350 0.577350 -0.577350
vn 0.754392 0.006837 -0.656389
vn 0.870940 0.366204 -0.327657
vn -0.680218 0.401440 -0.613311
vn -0.903912 -0.165902 0.394232
vn -0.786334 0.436852 -0.436852
vn -0.333189 0.645553 0.687202
vn -0.968737 -0.188365 0.161456
vn -0.909557 -0.401897 -0.105762
vn -0.870417 0.418598 -0.259132
vn 0.209944 -0.935449 0.284355
vn 0.061314 -0.981023 -0.183942
vn 0.018126 -0.987893 0.154075
vn 0.093332 -0.989316 -0.111998
vn 0.370624 -0.815374 -0.444750
vn -0.865202 0.022769 0.500906
vn 0.321486 0.085730 -0.943026
vn 0.146560 0.341972 0.928211
vn 0.647150 -0.184900 -0.739600
vn -0.169300 0.902932 0.395033
vn -0.872574 -0.373268 0.315096
vn -0.473222 0.596671 -0.648108
vn 0.036286 0.272143 0.961572
vn -0.928931 0.017202 0.369852
vn -0.450288 0.234933 0.861421
vn -0.698846 0.602454 0.385570
vn -0.035284 -0.446935 0.893870
vn 0.437118 -0.898409 0.042302
vn -0.097044 0.994700 0.033965
vn -0.046176 0.554109 0.831163
vn -0.066932 -0.446211 0.892421
vn -0.322581 0.945496 -0.044494
vn -0.617434 0.756357 0.216102
vn 0.805425 -0.592224 0.023689
vn 0.824600 -0.441750 0.353400
vn 0.270469 -0.906642 0.323801
vn -0.577246 -0.375881 -0.724914
vn -0.839302 -0.407661 -0.359701
vn 0.712695 -0.554319 0.429880
vn 0.381385 -0.517357 0.766086
vn -0.288253 0.670356 -0.683764
vn -0.567204 -0.643853 0.513549
vn -0.776187 -0.311997 0.547897
vn -0.301512 -0.301511 0.904534
vn 0.252580 -0.059431 0.965749
vn 0.000000 0.242535 0.970143
vn 0.649906 0.624419 -0.433271
vn 0.689122 0.678396 -0.254734
vn 0.027144 0.920412 -0.390005
vn 0.686990 0.679642 -0.257162
vn -0.056549 0.951498 -0.302414
vn -0.087894 0.878938 -0.468767
vn -0.369252 0.884668 -0.284632
vn 0.383264 0.923071 0.032388
vn 0.472464 0.639708 -0.606260
vn -0.160064 -0.804322 0.572229
vn -0.281898 -0.935427 0.213328
vn -0.450212 -0.796027 -0.404538
vn -0.591145 0.800989 0.094686
vn -0.998628 -0.050606 0.013495
vn 0.174260 0.888724 -0.424032
vn -0.577350 -0.577350 0.577350
vn -0.567727 -0.804985 0.172295
vn -0.772659 0.573263 -0.272703
vn -0.656845 -0.753878 0.014928
vn -0.942204 0.169597 0.288943
vn -0.468715 -0.815912 0.338517
vn -0.951124 0.047856 0.305078
vn -0.235321 0.971651 0.022773
vn -0.335909 0.873364 -0.352705
vn -0.970839 0.082877 0.224951
vn -0.334739 0.942229 0.012398
vn 0.921214 0.294005 0.254804
vn -0.408669 0.908153 0.090815
vn 0.809345 0.311286 -0.498058
vn 0.733632 0.677199 -0.056433
vn -0.520927 0.801426 -0.293856
vn -0.726305 -0.151646 -0.670436
vn 0.509953 -0.775128 -0.372994
vn 0.161947 -0.970126 0.180633
vn 0.272681 0.506408 0.818044
vn 0.310013 0.197281 0.930039
vn -0.730100 0.041471 0.682081
vn -0.159194 -0.830082 0.534436
vn -0.873929 -0.022848 0.485516
vn -0.522758 -0.842813 -0.128022
vn -0.262432 0.892269 0.367405
vn 0.260546 0.436016 0.861398
vn 0.473839 0.758142 -0.447993
vn -0.758706 0.225098 0.611307
vn 0.084359 0.472410 0.877333
vn -0.000000 -0.997459 -0.071247
vn -0.707106 0.707108 -0.000000
vn -0.801783 0.534524 -0.267261
vn -0.911684 0.341883 0.227921
vn -0.400562 -0.145031 0.904719
vn -0.762001 0.083188 0.642211
vn 0.363697 0.581914 0.727393
vn -0.872574 -0.373268 0.315096
vn -0.338297 0.654043 -0.676596
vn -0.654098 -0.670052 0.350979
vn -0.966290 0.163417 0.198942
vn -0.021872 0.940523 0.339026
vn 0.030472 0.609428 0.792256
vn -0.730991 -0.664537 0.155059
vn 0.071896 0.966994 -0.244445
vn 0.321498 0.936536 -0.139782
vn -0.867473 -0.289157 -0.404820
vn 0.783930 0.542720 -0.301511
vn 0.000000 0.800000 -0.600000
vn -0.324443 -0.486664 0.811107
vn 0.229684 -0.214372 0.949363
vn -0.221610 0.951914 -0.211537
vn 0.184999 0.982255 0.030833
vn 0.472464 0.639708 -0.606260
vn -0.341496 0.932193 -0.119985
vn -0.947982 0.018693 -0.317774
vn -0.708899 -0.036122 0.704384
vn -0.962833 0.148551 -0.225578
vn -0.452485 0.448296 0.770901
vn -0.947982 0.018693 -0.317774
vn -0.523803 -0.426802 0.737204
vn -0.695856 -0.042173 0.716942
vn -0.754111 -0.647109 -0.112098
vn -0.698509 -0.713860 -0.049893
vn -0.996137 -0.073066 0.048711
vn -0.949298 0.014275 -0.314053
vn -0.301511 0.904534 -0.301511
vn -0.849821 0.266804 0.454555
vn -0.847099 0.489435 0.207068
vn -0.079857 0.566259 -0.820350
vn -0.534522 0.267261 -0.801784
vn 0.950903 0.060696 0.303480
vn 0.792162 -0.585511 0.172209
vn 0.844061 -0.522514 -0.120580
vn 0.830730 -0.334005 -0.445340
vn 0.217643 -0.725476 0.652929
vn 0.675926 -0.386244 0.627646
vn 0.315597 0.063119 0.946792
vn -0.955558 0.093225 -0.279675
vn -0.518047 0.008968 -0.855305
vn -0.284071 -0.723333 -0.629359
vn -0.963837 0.043811 -0.262865
vn -0.668179 -0.734521 -0.118388
vn -0.344439 0.814395 0.467036
vn -0.955558 0.093226 -0.279675
vn -0.030934 0.961333 0.273647
vn -0.962376 0.085926 -0.257779
vn 0.261695 -0.956584 0.128307
vn -0.469903 0.835259 -0.285540
vn -0.275385 -0.947118 0.164716
vn -0.052557 0.803377 -0.593147
vn 0.201028 0.977340 -0.066296
vn -0.400562 -0.145031 0.904719
vn 0.634080 0.463961 -0.618614
vn 0.183920 0.965581 0.183920
vn -0.660244 -0.155014 0.734880
vn 0.843912 0.340526 -0.414553
vn 0.693105 0.693102 0.198030
vn -0.801783 0.534524 -0.267261
vn -0.911684 0.341883 0.227921
vn 0.617215 0.771516 -0.154304
vn -0.280386 -0.953313 0.112154
vn -0.390566 0.650945 0.650945
vn -0.635000 0.762002 0.126999
vn 0.107833 -0.646997 0.754829
vn -0.912281 0.070176 0.403509
vn -0.667979 0.743599 -0.029408
vn -0.825189 -0.561982 -0.056910
vn -0.199593 0.969452 0.142567
vn 0.881328 0.413278 -0.229046
vn 0.647807 0.542186 -0.535145
vn -0.576551 0.539354 -0.613748
vn 0.229081 0.419982 0.878144
vn -0.657133 -0.084791 -0.748990
vn -0.491473 -0.835504 0.245737
vn -0.942809 0.235703 0.235702
vn 0.044755 0.962231 0.268530
vn 0.127000 0.635001 0.762001
vn -0.882343 0.303481 0.359681
vn 0.044800 0.940796 0.335999
vn -0.807781 -0.186411 -0.559233
vn 0.116643 0.641533 0.758175
vn -0.406164 0.315906 -0.857458
vn -0.210605 0.716058 -0.665513
vn 0.712695 -0.554319 0.429880
vn -0.288253 0.670356 -0.683764
vn -0.730991 -0.664537 0.155059
vn -0.764471 0.203859 0.611576
vn 0.365994 0.903177 -0.224319
vn -0.807781 -0.186411 -0.559233
vn -0.317582 -0.540645 0.779003
vn -0.450212 -0.796027 -0.404538
vn -0.586154 0.765537 0.265285
vn 0.604204 -0.472034 -0.641967
vn -0.087320 0.995972 -0.020353
vn -0.334739 0.942229 0.012398
vn 0.809345 0.311286 -0.498058
vn 0.917575 -0.024799 -0.396789
vn 0.799840 0.599880 -0.019996
vn 0.713691 -0.692064 0.108135
vn 0.675926 -0.386244 0.627646
vn -0.201802 0.941742 0.269069
vn 0.039968 -0.799361 -0.599521
vn -0.226455 0.566139 0.792594
vn -0.343870 -0.770247 0.537097
vn -0.413004 -0.888502 0.199981
vn 0.409598 0.508895 0.757136
vn -0.732063 0.521902 0.437837
vn -0.693300 0.652518 0.305868
vn -0.219541 -0.206134 0.953578
vn 0.281467 -0.956987 0.070367
vn -0.459504 -0.880715 -0.114876
vn -0.000000 -0.970142 -0.242536
vn 0.169031 0.507092 -0.845154
vn -0.801783 0.534524 -0.267261
vn 0.237390 0.439171 0.866473
vn 0.479351 0.308154 0.821744
vn -0.196116 -0.980581 0.000000
vn 0.870388 -0.348157 0.348155
vn 1.000000 -0.000000 0.000000
vn 0.647807 0.542186 -0.535145
vn 0.365954 0.533683 0.762404
vn -0.473222 0.596671 -0.648108
vn 0.534523 0.801784 0.267261
vn 0.673190 0.673188 0.305995
vn 0.870388 -0.348156 0.348156
vn 0.588348 -0.784465 -0.196116
vn 1.000000 -0.000000 0.000000
vn -0.635000 0.762002 0.126999
vn 0.617215 0.771516 -0.154304
vn -0.911684 0.341883 0.227921
vn -0.163846 0.655386 -0.737309
vn -0.707107 -0.707107 0.000000
vn 0.588348 -0.784465 -0.196116
vn 0.324443 -0.811107 -0.486664
vn 1.000000 -0.000000 0.000000
vn -0.000000 -0.554700 0.832050
vn -0.801784 -0.534522 0.267261
vn -0.883116 -0.220779 0.413961
vn -0.855544 -0.333211 -0.396252
vn -0.811077 -0.584453 -0.023855
vn -0.845949 0.274362 0.457270
vn -0.199593 0.969452 0.142567
vn -0.883541 -0.240966 -0.401610
vn 0.783930 0.542720 -0.301511
vn 0.808290 0.115470 -0.577350
vn 0.295716 -0.263291 -0.918276
vn 0.272796 -0.760957 0.588665
vn -0.354701 -0.817784 0.453229
vn 0.436852 -0.436852 0.786334
vn -0.445427 0.410764 -0.795530
vn -0.602730 0.796652 0.045423
vn -0.600955 -0.680326 0.419535
vn -0.564763 -0.666733 0.486323
vn 0.174697 -0.968113 0.179550
vn 0.092417 0.874410 0.476305
vn 0.406138 -0.000000 0.913812
vn -0.484614 0.635011 0.601590
vn 0.316000 0.037920 0.948001
vn 0.285714 0.428571 0.857143
vn -0.275966 -0.694852 0.664096
vn -0.453056 -0.772319 0.445269
vn -0.243630 -0.969001 -0.040999
vn 0.393411 0.188153 -0.899904
vn -0.160064 -0.804322 0.572229
vn -0.557086 -0.742781 0.371391
vn 0.000000 -0.000000 -1.000000
vn 0.013815 0.996625 -0.080914
vn -0.282099 -0.467565 0.837737
vn -0.319740 0.141281 0.936913
vn -0.544781 -0.610356 0.575047
vn -0.382404 0.676997 0.628842
vn 0.310013 0.197281 0.930039
vn -0.159194 -0.830082 0.534436
vn -0.960563 -0.168024 0.221554
vn -0.349541 -0.835266 0.424443
vn 0.054228 -0.904629 0.422735
vn -0.526474 -0.830602 0.181454
vn 0.624696 0.624694 0.468522
vn 0.301511 0.301511 -0.904534
vn -0.801783 0.534524 -0.267261
vn 0.688248 0.688246 -0.229416
vn 0.617215 0.771516 -0.154304
vn 0.588348 -0.784465 -0.196116
vn 0.324443 -0.811107 -0.486664
vn 0.512147 -0.384111 -0.768221
vn -0.154303 0.617214 -0.771517
vn 0.615257 0.585959 -0.527363
vn 0.310415 0.936505 0.163099
vn 0.843459 0.339574 -0.416252
vn 0.279924 0.193794 -0.940259
vn 0.848758 0.492827 -0.191655
vn 0.073596 0.496774 0.864754
vn -0.226455 -0.566138 0.792594
vn 0.328366 -0.312729 0.891278
vn 0.343559 -0.744378 0.572599
vn 0.062838 -0.879738 -0.471288
vn -0.253337 -0.833957 0.490241
vn -0.483466 -0.785717 0.385889
vn -0.565689 0.009588 0.824563
vn -0.263585 -0.217745 0.939739
vn -0.182641 0.340671 0.922272
vn -0.501849 -0.864889 0.010678
vn 0.835672 -0.514259 -0.192847
vn -0.411054 -0.234888 -0.880830
vn -0.215387 0.933346 0.287183
vn 0.125491 -0.815693 -0.564710
vn 0.267261 -0.534522 -0.801784
vn -0.237732 0.577350 0.781121
vn -0.656875 -0.314158 -0.685434
vn 0.675084 -0.176834 -0.716234
vn 0.305957 0.684231 -0.661980
vn -0.699379 -0.348296 -0.624147
vn 0.598786 -0.605402 -0.524351
vn -0.317517 -0.694661 0.645468
vn -0.319740 0.141281 0.936913
vn 0.310013 0.197281 0.930039
vn -0.659976 -0.173539 0.730969
vn -0.971382 -0.186427 0.147179
vn -0.663746 -0.721270 0.198018
vn 0.040806 0.998505 0.036381
vn -0.086737 -0.815329 -0.572465
vn -0.033236 -0.913991 0.404372
vn -0.672584 -0.726045 0.143140
vn -0.000000 -0.970142 -0.242536
vn 0.000000 0.707107 -0.707107
vn 0.870388 -0.348158 0.348154
vn 0.624695 0.624695 0.468522
vn 0.169031 0.507092 -0.845154
vn 0.870388 -0.348157 0.348155
vn -0.207435 -0.180056 0.961535
vn -0.097044 0.994700 0.033965
vn 0.068741 -0.979561 0.189038
vn 0.018126 -0.987893 0.154075
vn -0.322581 0.945496 -0.044494
vn -0.872574 -0.373268 0.315096
vn -0.008527 0.196109 0.980545
vn -0.780717 -0.610215 0.134606
vn 0.285379 -0.295993 -0.911563
vn 0.683789 -0.711457 -0.162054
vn 0.602370 -0.788973 -0.121129
vn -0.368715 0.234637 -0.899441
vn 0.177343 0.918012 0.354687
vn 0.028349 -0.878840 -0.476274
vn 0.350418 0.705970 -0.615478
vn 0.515244 0.794764 -0.320739
vn -0.923421 0.380727 -0.048380
vn -0.027696 0.916498 -0.399080
vn -0.271152 0.927625 -0.256881
vn -0.666667 0.333333 0.666667
vn 0.262396 -0.918907 0.294548
vn -0.157564 -0.677034 0.718887
vn -0.418610 -0.852171 0.313958
vn 0.092723 -0.417253 0.904048
vn -0.843286 0.507692 0.176402
vn -0.445779 -0.856780 0.259247
vn 0.844895 -0.504212 -0.178670
vn -0.242713 0.470392 0.848423
vn 0.110160 -0.876037 0.469493
vn -0.249924 -0.913784 0.320215
vn -0.959939 0.088611 -0.265829
vn -0.955558 0.093226 -0.279675
vn -0.284071 -0.723333 -0.629359
vn -0.432948 0.247675 -0.866725
vn -0.225362 -0.624375 -0.747909
vn -0.959939 0.088611 -0.265829
vn -0.334501 0.779490 0.529627
vn -0.925259 -0.058561 -0.374788
vn -0.955558 0.093226 -0.279675
vn -0.476145 0.857061 0.196807
vn -0.000000 -0.832050 -0.554700
vn -0.156662 0.974030 0.163473
vn 0.674951 0.685837 0.272157
vn -0.585042 -0.805069 -0.097931
vn -0.024620 -0.950347 -0.310217
vn -0.204840 0.952507 -0.225324
vn -0.273153 0.939647 -0.206036
vn 0.504902 0.574543 0.644185
vn 0.443818 0.745614 0.497076
vn -0.611966 0.771957 0.171991
vn -0.005800 0.999982 0.001547
vn -0.360415 -0.866036 -0.346530
vn 0.238687 0.916440 -0.321196
vn -0.781506 -0.031682 -0.623093
vn -0.888662 0.410152 -0.205076
vn -0.747279 0.492110 -0.446545
vn -0.045118 -0.726398 -0.685792
vn -0.112676 -0.812879 0.571430
vn -0.599694 -0.771035 0.214176
vn 0.460547 0.509025 0.727179
vn 0.479351 0.308154 0.821744
vn -0.906325 0.288186 0.309070
vn 0.384456 0.576683 0.720854
vn -0.757916 0.286006 0.586313
vn 0.534523 0.801784 0.267261
vn -0.447214 0.000002 -0.894427
vn -1.000000 0.000004 0.000000
vn -0.447214 0.894427 0.000000
vn -0.447214 0.000002 -0.894427
vn -1.000000 0.000004 0.000000
vn -0.666668 -0.666665 0.333334
vn 0.424264 -0.707107 -0.565685
vn 0.365148 -0.912871 -0.182574
vn -1.000000 0.000004 0.000000
vn -0.666668 -0.666665 0.333334
vn -0.513657 0.856095 -0.057073
vn -0.301512 -0.301511 0.904534
vn -0.577350 0.577350 0.577350
vn 0.286505 -0.839051 -0.462502
vn -0.295576 -0.209887 0.931978
vn 0.486641 -0.870055 0.078649
vn -0.218218 -0.436436 0.872872
vn -0.046176 0.554109 0.831163
vn 0.637282 -0.354045 0.684488
vn 0.333076 -0.942131 -0.038066
vn -0.370838 0.014834 0.928579
vn 0.000000 -0.000000 1.000000
vn -0.097845 -0.299405 0.949096
vn 0.692233 -0.706807 -0.145733
vn 0.582846 -0.795201 -0.167173
vn 0.767972 0.589285 0.250922
vn 0.308636 -0.097912 0.946127
vn 0.012385 0.846306 0.532553
vn -0.000000 -0.099504 0.995037
vn -0.356095 0.864580 -0.354540
vn 0.509682 0.859820 -0.030571
vn 0.492787 0.866746 -0.076889
vn -0.820824 0.516815 0.243207
vn 0.015553 0.264401 -0.964287
vn -0.837868 0.510576 0.193102
vn -0.280260 0.397219 0.873883
vn -0.053209 0.953827 -0.295607
vn 0.446180 -0.735462 0.509920
vn -0.049750 -0.679445 -0.732038
vn 0.651267 -0.262451 -0.712019
vn -0.305859 0.701040 0.644199
vn -0.755977 0.314517 0.574088
vn -0.155380 0.984076 -0.086322
vn -0.666668 -0.666665 0.333334
vn 0.365148 -0.912871 -0.182574
vn -0.301512 -0.301511 0.904534
vn 0.577350 -0.577351 0.577350
vn -0.685994 0.514496 -0.514496
vn 0.512147 -0.384111 -0.768221
vn -0.163846 0.655386 -0.737309
vn -0.358569 -0.597614 -0.717137
vn -0.088045 0.704361 0.704361
vn -0.685994 0.514496 -0.514496
vn -0.486664 0.811108 0.324442
vn -0.174078 0.696311 -0.696311
vn 0.639602 -0.639602 0.426402
vn 0.627060 -0.348368 0.696733
vn 0.512147 -0.384111 -0.768221
vn -0.408248 -0.408248 -0.816497
vn -0.111111 -0.444444 0.888889
vn 0.324443 -0.811107 -0.486664
vn 0.135526 0.722806 0.677631
vn 0.627060 -0.348368 0.696733
vn -0.000000 -0.554700 0.832050
vn 0.881328 0.413278 -0.229046
vn 0.665070 0.634136 -0.394402
vn 0.890070 0.439920 0.119358
vn -0.038025 0.199629 0.979133
vn -0.084781 0.911393 0.402709
vn 0.904720 0.421517 -0.061685
vn 0.032237 0.612505 0.789809
vn 0.391558 -0.804871 0.445942
vn -0.374481 -0.864187 0.336073
vn 0.436852 -0.436852 0.786334
vn -0.204189 0.181502 0.961958
vn -0.370838 0.014834 0.928579
vn 0.000000 -0.000000 1.000000
vn 0.400368 -0.905833 0.138461
vn 0.258006 -0.055570 0.964544
vn 0.168738 0.323579 0.931034
vn -0.660294 0.750650 0.023168
vn 0.361090 -0.131305 0.923241
vn -0.215587 -0.754555 0.619813
vn 0.138539 -0.989566 0.039583
vn -0.748265 -0.628008 -0.213790
vn 0.000000 -0.000000 -1.000000
vn 0.345932 -0.902698 -0.255867
vn -0.149232 0.758599 -0.634238
vn 0.838143 -0.511208 -0.190217
vn -0.492805 0.028989 -0.869657
vn 0.226874 -0.358036 -0.905725
vn 0.139362 -0.895137 0.423448
vn -0.241754 -0.918666 0.312421
vn -0.270647 -0.642710 0.716710
vn 0.102365 -0.773427 -0.625566
vn -0.115470 0.577350 0.808290
vn 0.008403 0.985932 0.166936
vn 0.904534 0.301511 -0.301511
vn 0.424264 -0.707107 -0.565685
vn -0.447214 0.000002 -0.894427
vn -0.513657 0.856095 -0.057073
vn 0.881328 0.413278 -0.229046
vn 0.647807 0.542186 -0.535145
vn -0.212000 0.212000 0.953998
vn 0.665070 0.634136 -0.394402
vn -0.551825 0.245256 0.797081
vn 0.534523 0.801784 0.267261
vn -0.727607 -0.485071 0.485071
vn 0.577350 -0.577351 0.577350
vn -0.301512 -0.301511 0.904534
vn -0.577350 0.577350 0.577350
vn -0.772049 -0.631676 -0.070187
vn 0.057166 0.400163 0.914659
vn -0.367588 0.879016 -0.303660
vn 0.093392 -0.952606 0.289517
vn -0.670166 0.209427 -0.712052
vn -0.327489 -0.913522 0.241308
vn -0.021872 0.940523 0.339026
vn 0.816471 0.536858 0.212506
vn 0.116643 0.641533 0.758175
vn 0.475499 0.660415 0.581165
vn 0.670552 0.482797 0.563264
vn 0.364134 0.865678 0.343523
vn 0.107833 0.646997 0.754829
vn 0.789752 0.085050 -0.607502
vn 0.226411 -0.387282 -0.893728
vn 0.089066 0.977785 0.189748
vn -0.268345 0.961991 -0.050631
vn -0.450212 -0.796027 -0.404538
vn -0.933970 -0.220536 -0.281183
vn 0.604204 -0.472034 -0.641967
vn 0.174260 0.888724 -0.424032
vn -0.215587 -0.754555 0.619813
vn -0.379024 -0.901234 0.210042
vn 0.048026 -0.432232 0.900483
vn -0.866578 0.495188 0.061898
vn 0.395092 0.543251 0.740797
vn 0.477359 0.303774 0.824530
vn 0.334523 -0.939469 0.074116
vn 0.276048 -0.354140 -0.893523
vn 0.073640 0.967274 -0.242814
vn -0.034462 0.999406 -0.000574
vn 0.777538 0.628536 -0.019412
vn -0.034189 0.991486 0.125645
vn 0.739815 0.672307 0.026007
vn -0.177822 0.933564 0.311188
vn 0.196116 -0.784465 -0.588348
vn -0.187418 0.937089 0.294514
vn -0.042178 0.632674 0.773269
vn 0.272342 0.435747 0.857878
vn -0.952018 -0.022776 -0.305193
vn 0.479351 0.308154 0.821744
vn -0.959264 0.260372 0.109631
vn 0.159278 0.974686 0.156901
vn -0.875007 0.481254 0.052501
vn 0.473839 0.758142 -0.447993
vn -0.714730 0.575755 0.397072
vn 0.870388 0.348155 -0.348155
vn 0.424264 -0.707107 -0.565685
vn 0.365148 -0.912871 -0.182574
vn 0.577350 -0.577351 0.577350
vn -0.772049 -0.631676 -0.070187
vn 0.878459 0.337868 -0.337868
vn 0.727607 0.485071 -0.485071
vn 0.235702 -0.235702 -0.942809
vn 0.904534 0.301511 -0.301511
vn 0.616316 0.352180 -0.704360
vn -0.577350 0.577350 0.577350
vn -0.535303 0.841191 -0.076472
vn -0.123092 0.123092 0.984732
vn -0.233075 -0.599334 0.765816
vn -0.367588 0.879016 -0.303660
vn 0.095345 -0.953463 0.286039
vn -0.254000 0.381000 -0.889001
vn 0.321872 0.841819 0.433289
vn 0.257692 0.246955 -0.934135
vn 0.944924 0.301354 -0.127692
vn 0.922942 0.384559 -0.017092
vn 0.437413 -0.300722 -0.847488
vn 0.182860 -0.571438 -0.800013
vn -0.221404 0.044281 -0.974176
vn -0.412393 0.082479 0.907265
vn -0.776713 0.480822 0.406850
vn 0.517817 0.502880 0.692082
vn 0.167297 -0.090252 0.981767
vn 0.902281 0.239159 0.358738
vn -0.526143 -0.471715 -0.707572
vn 0.365747 0.821744 0.436997
vn 0.447214 -0.894427 0.000000
vn -0.454498 0.786353 -0.418427
vn 0.879182 -0.392250 -0.270517
vn -0.543820 0.199364 -0.815177
vn 0.712695 -0.554319 0.429880
vn 0.381385 -0.517357 0.766086
vn 0.975446 -0.018290 0.219476
vn -0.496217 0.072100 -0.865199
vn -0.152184 -0.453381 0.878229
vn 0.975446 -0.018290 0.219476
vn 0.902281 0.239159 0.358738
vn -0.512046 -0.490308 -0.705271
vn 0.447214 -0.894427 0.000000
vn 0.449148 0.617578 -0.645650
vn 0.751182 -0.606724 -0.260024
vn -0.554700 0.832050 0.000000
vn 0.139591 0.753790 0.642117
vn 0.707107 -0.000000 0.707107
vn 0.610758 -0.783992 0.111047
vn 0.662266 -0.529813 0.529813
vn 0.389640 -0.354218 0.850124
vn 0.390567 -0.650945 0.650945
vn 0.666667 -0.666667 0.333333
vn 0.662266 -0.529813 0.529813
vn 0.760959 0.598656 0.250105
vn 0.092417 0.874410 0.476305
vn 0.012385 0.846306 0.532553
vn 0.602796 0.219199 0.767195
vn 0.285714 0.428571 0.857143
vn 0.474312 0.071146 0.877477
vn 0.285714 0.428571 0.857143
vn 0.213230 -0.972228 0.096461
vn -0.432254 -0.751746 0.498031
vn -0.610076 -0.782007 0.127561
vn 0.394737 0.772312 0.497712
vn 0.046614 0.542053 0.839050
vn -0.272166 0.680413 0.680414
vn 0.140029 -0.700139 -0.700141
vn -0.680218 0.401440 -0.613311
vn 0.234766 0.918852 -0.317167
vn 0.154303 0.617213 -0.771517
vn -0.789950 0.460473 -0.404899
vn -0.887894 0.348328 0.300518
vn -0.861810 0.505845 -0.037469
vn -0.771389 0.449977 -0.449977
vn -0.661693 -0.735215 -0.147043
vn -0.267261 -0.801784 -0.534522
vn 0.374270 0.686161 0.623783
vn -0.816497 0.408248 -0.408248
vn -0.980581 0.000000 -0.196116
vn 0.445435 0.890871 0.089087
vn 0.322246 0.878672 0.352269
vn 0.895720 0.310057 -0.318670
vn 0.971764 -0.231372 -0.046275
vn -0.204054 0.166953 -0.964618
vn -0.412393 0.082479 0.907265
vn -0.447214 0.000000 0.894427
vn 0.985851 0.166154 0.022154
vn 0.734535 -0.454712 -0.503681
vn -0.022210 0.998659 -0.046757
vn 0.793431 0.607384 0.039398
vn 0.440999 0.896459 -0.043377
vn -0.840242 0.509350 0.185894
vn 0.395092 0.543251 0.740797
vn 0.339549 0.895983 0.286217
vn 0.682436 0.723742 0.102365
vn 0.271260 0.949410 -0.158235
vn 0.000000 -0.000000 -1.000000
vn 0.690819 0.704746 -0.161562
vn -0.044282 -0.602242 0.797085
vn -0.261946 -0.963998 0.045744
vn -0.237732 0.781120 0.577352
vn 0.093861 -0.710657 -0.697250
vn -0.390714 0.627254 0.673717
vn -0.896933 -0.053434 -0.438925
vn -0.237732 0.577350 0.781121
vn 0.184900 -0.647150 -0.739600
vn -0.112076 0.976109 0.186147
vn 0.700793 0.705119 0.108147
vn 0.020817 0.946176 0.322981
vn -0.278129 -0.717158 0.639006
vn 0.625979 -0.075118 0.776214
vn 0.156851 -0.980984 0.114315
vn 0.161947 -0.970126 0.180633
vn -0.680218 0.401440 -0.613311
vn 0.561797 0.795651 0.226546
vn -0.492205 -0.148385 0.857739
vn 0.171980 0.578478 -0.797362
vn 0.026126 0.659666 0.751105
vn -0.333189 0.645553 0.687202
vn 0.000000 -0.000000 -1.000000
vn -0.980581 0.000000 -0.196116
vn 0.240008 0.960031 0.144005
vn -0.942809 0.235702 -0.235702
vn 0.000000 -0.000000 -1.000000
vn -0.980581 0.000000 -0.196116
vn -0.696311 -0.696311 -0.174078
vn 0.696311 -0.696311 0.174078
vn 0.880451 -0.440225 0.176090
vn -0.635001 -0.762001 -0.127000
vn -0.358569 -0.597614 -0.717137
vn 0.475499 0.660415 0.581165
vn 0.627482 0.406017 0.664392
vn 0.721411 0.615838 0.316717
vn 0.704058 0.557378 0.440036
vn -0.776713 0.480822 0.406850
vn 0.331951 -0.798024 0.502957
vn 0.766621 -0.464008 0.443834
vn 0.436852 -0.436852 0.786334
vn -0.600686 -0.776428 -0.190620
vn -0.321173 -0.695874 0.642345
vn -0.523803 -0.426802 0.737204
vn -0.333298 -0.936516 -0.108862
vn -0.742781 -0.557086 0.371391
vn -0.337822 -0.783134 0.522089
vn -0.528032 0.838511 0.134468
vn -0.036112 0.978829 0.201468
vn 0.626600 -0.525577 -0.575449
vn -0.772659 0.573263 -0.272703
vn 0.161511 0.893286 -0.419469
vn -0.117184 -0.968720 -0.218743
vn -0.333654 -0.884572 0.325895
vn 0.048026 -0.432232 0.900483
vn 0.848179 -0.492797 -0.194276
vn -0.959939 0.088611 -0.265829
vn -0.913737 -0.034699 -0.404821
vn -0.225362 -0.624375 -0.747909
vn -0.302591 0.040155 -0.952274
vn -0.060068 -0.420477 -0.905313
vn -0.104828 0.943456 0.314485
vn 0.113552 -0.757011 -0.643459
vn 0.154303 0.771517 0.617213
vn -0.000000 -0.707107 -0.707107
vn 0.066519 0.598671 0.798228
vn -0.566874 -0.791433 -0.228667
vn 0.259390 -0.713321 -0.651068
vn -0.731020 -0.009747 -0.682286
vn -0.714730 0.575755 0.397072
vn 0.000000 -0.000000 -1.000000
vn 0.880451 -0.440225 0.176090
vn -0.661693 -0.735215 -0.147043
vn -0.306319 0.184252 0.933927
vn -0.812264 0.314425 0.491289
vn 0.696311 -0.696311 0.174078
vn 0.352180 0.704361 0.616316
vn 0.627060 -0.348368 0.696733
vn 0.240008 0.960031 0.144005
vn -0.727607 -0.485071 0.485071
vn 0.855186 0.366508 -0.366508
vn -0.870388 0.348155 0.348155
vn -0.772049 -0.631676 -0.070187
vn 0.235702 -0.235702 -0.942809
vn 0.680414 -0.680414 -0.272166
vn 0.000000 1.000000 0.000000
vn -0.727607 -0.485071 0.485071
vn 0.196116 0.588348 0.784465
vn -0.408248 0.816497 0.408248
vn -0.290670 -0.659599 0.693138
vn -0.854357 0.512615 0.085437
vn -0.254000 0.381000 -0.889001
vn -0.704664 -0.293610 -0.645943
vn -0.195188 0.707919 -0.678787
vn -0.152184 -0.453381 0.878229
vn 0.381385 -0.517357 0.766086
vn 0.975446 -0.018290 0.219476
vn -0.548521 0.307413 -0.777574
vn 0.452698 -0.799446 0.394907
vn 0.020426 -0.960028 0.279157
vn -0.046176 0.554109 0.831163
vn 0.637282 -0.354045 0.684488
vn -0.322581 0.945496 -0.044494
vn 0.579324 -0.331042 0.744845
vn 0.627482 0.406017 0.664392
vn -0.707107 0.000000 0.707107
vn 0.741261 0.390137 0.546192
vn -0.447214 0.000000 0.894427
vn -0.412393 0.082479 0.907265
vn -0.776713 0.480822 0.406850
vn -0.777482 -0.172774 0.604708
vn -0.268328 0.357771 -0.894427
vn -0.447214 0.000000 0.894427
vn 0.329293 0.768350 -0.548821
vn 0.447853 -0.804839 0.389438
vn 0.766621 -0.464008 0.443834
vn -0.666667 -0.666667 -0.333333
vn -0.816497 -0.408248 0.408248
vn -0.408248 -0.408248 0.816497
vn 0.577350 0.577350 -0.577350
vn -0.666667 -0.666667 -0.333333
vn 0.475499 0.660415 0.581165
vn 0.487308 0.802625 0.343982
vn 0.751182 -0.606724 -0.260024
vn 0.816497 0.408248 0.408248
vn 0.707107 -0.000000 0.707107
vn 0.278177 -0.408572 -0.869302
vn 0.531564 -0.166114 0.830569
vn 0.427326 -0.272605 -0.862020
vn 0.325637 -0.752334 0.572673
vn 0.476731 -0.667424 0.572078
vn 0.512914 -0.598400 0.615497
vn -0.337858 0.006033 -0.941178
vn 0.449148 0.617578 -0.645650
vn 0.465778 0.807348 0.362272
vn 0.751182 -0.606724 -0.260024
vn 0.567050 -0.013502 0.823573
vn 0.894427 -0.000000 0.447214
vn 0.455760 -0.170910 0.873540
vn 0.666667 -0.666667 0.333333
vn 0.894427 -0.000000 0.447214
vn 0.914351 -0.067410 0.399272
vn 0.229228 -0.945453 0.231458
vn 0.982156 -0.187834 -0.009345
vn 0.903470 -0.246009 0.351030
vn -0.070181 0.997423 -0.014887
vn 0.826977 0.551318 0.110263
vn 0.394487 0.881107 0.260828
vn 0.889799 0.423714 -0.169485
vn -0.286740 0.898636 -0.332015
vn 0.000000 0.813400 0.581704
vn 0.440225 0.880451 -0.176090
vn 0.298765 -0.485494 -0.821605
vn -0.590651 0.761149 0.267924
vn 0.604204 -0.472034 -0.641967
vn -0.051041 0.923377 0.380487
vn -0.067285 0.997335 0.028216
vn -0.301511 0.904534 -0.301511
vn -0.364093 -0.915100 0.173285
vn -0.666025 0.124880 0.735402
vn -0.624020 -0.576018 0.528017
vn 0.538968 0.835400 -0.107794
vn -0.079857 0.566259 -0.820350
vn 0.843475 -0.507949 -0.174753
vn 0.293734 -0.942244 0.160925
vn 0.962981 -0.222913 -0.151580
vn 0.512489 -0.699745 0.497706
vn 0.836413 -0.026923 -0.547438
vn 0.251860 -0.676684 -0.691856
vn 0.824197 0.377477 -0.422150
vn -0.308209 -0.948033 -0.079003
vn 0.689149 -0.645161 -0.329912
vn 0.599451 -0.794994 0.092963
vn -0.761630 0.553913 -0.336304
vn -0.843162 0.068462 -0.533282
vn 0.707107 -0.707107 0.000000
vn 0.000000 -0.000000 -1.000000
vn 0.880451 -0.440225 0.176090
vn 0.000000 0.980581 0.196116
vn 0.242536 -0.000000 -0.970142
vn 0.057166 0.400163 0.914659
vn -0.408248 0.816497 0.408248
vn 0.894427 -0.000000 -0.447214
vn 0.616316 0.352180 -0.704360
vn 0.534522 -0.801784 -0.267261
vn 0.235702 -0.235702 -0.942809
vn 0.894427 -0.000000 -0.447214
vn 0.680414 -0.680414 -0.272166
vn -0.267572 -0.559470 0.784474
vn 0.313481 -0.949151 -0.029026
vn -0.326991 -0.572234 0.752080
vn 0.589732 0.031038 0.807002
vn 0.481867 -0.803113 0.350449
vn 0.775653 -0.221615 0.590973
vn -0.777482 -0.172774 0.604708
vn -0.408248 -0.408248 0.816497
vn -0.666667 -0.666667 -0.333333
vn 0.872872 -0.218218 0.436436
vn 0.329293 0.768350 -0.548821
vn -0.408248 -0.408248 0.816497
vn 0.447214 -0.894427 0.000000
vn 0.919007 0.191460 0.344628
vn 0.624395 -0.584540 -0.518115
vn 0.707107 -0.000000 0.707107
vn 0.993829 -0.018236 0.109412
vn 0.754828 -0.107833 0.646998
vn 0.711531 -0.701510 0.040086
vn 0.666667 -0.666667 0.333333
vn 0.894427 -0.000000 0.447214
vn 0.662266 -0.529813 0.529813
vn 0.968342 0.207327 0.139031
vn 0.700140 0.140027 0.700141
vn 0.226694 0.955302 -0.189757
vn -0.112673 0.754422 0.646647
vn -0.993395 0.090309 -0.070782
vn 0.786785 0.078425 -0.612225
vn -0.357064 -0.881639 -0.308574
vn 0.429466 0.849001 -0.307825
vn -0.933970 -0.220536 -0.281183
vn -0.587880 0.723545 0.361773
vn 0.150302 -0.184987 0.971179
vn -0.487950 -0.780720 -0.390360
vn -0.200198 -0.320316 -0.925915
vn -0.596285 0.745356 0.298142
vn -0.375744 0.048708 -0.925443
vn -0.487950 -0.780720 -0.390360
vn -0.000000 -0.707107 -0.707107
vn 0.140028 0.700140 0.700140
vn 0.724946 -0.543710 0.422885
vn 0.561797 0.795651 0.226546
vn 0.824197 0.377477 -0.422150
vn 0.601589 -0.217241 0.768698
vn -0.290367 -0.933219 0.211636
vn 0.549971 -0.709362 0.440838
vn 0.734160 -0.675607 -0.067561
vn 0.599451 -0.794994 0.092963
vn -0.159194 -0.830082 0.534436
vn -0.394728 -0.853714 0.339650
vn -0.522393 -0.844616 -0.117172
vn 0.391507 -0.919191 -0.042555
vn 0.286454 -0.876211 -0.387555
vn -0.854357 0.512615 0.085437
vn 0.290949 0.650357 -0.701701
vn -0.614413 -0.280875 -0.737296
vn 0.000000 0.989950 -0.141421
vn -0.727607 -0.485071 0.485071
vn -0.870388 0.348156 0.348156
vn 0.627060 -0.766406 -0.139347
vn -0.870388 0.348156 0.348156
vn 0.680414 -0.680414 -0.272166
vn 0.752773 -0.221404 0.619930
vn -0.185846 0.116153 -0.975689
vn 0.741261 0.390137 0.546192
vn 0.182860 -0.571438 -0.800013
vn 0.887214 -0.126745 0.443607
vn -0.189737 0.252982 -0.948683
vn 0.169031 0.845154 -0.507093
vn -0.298142 -0.596285 0.745356
vn 0.218906 0.346602 0.912111
vn -0.830737 -0.543174 -0.121815
vn 0.627482 0.406017 0.664392
vn 0.816497 0.408248 0.408248
vn 0.534523 -0.481070 -0.694879
vn 0.741261 0.390137 0.546192
vn 0.182860 -0.571438 -0.800013
vn -0.440365 0.472327 -0.763535
vn -0.670207 0.740756 -0.045856
vn 0.878671 0.433956 0.199046
vn -0.335968 0.159143 0.928331
vn -0.297163 -0.113205 0.948092
vn -0.000000 -0.099504 0.995037
vn -0.000000 -0.447214 0.894427
vn 0.830337 -0.490654 -0.264197
vn 0.477359 0.303774 0.824530
vn -0.069172 0.830056 0.553373
vn 0.111111 -0.444444 -0.888889
vn -0.065384 0.681855 0.728559
vn 0.000000 0.554700 0.832050
vn 0.044151 -0.706417 -0.706418
vn 0.705482 -0.593638 0.387155
vn 0.712194 -0.124842 -0.690792
vn 0.880559 0.308091 -0.360134
vn -0.311029 -0.880425 -0.357930
vn 0.557580 -0.595311 -0.578541
vn 0.000000 0.989950 -0.141421
vn 0.627060 -0.766406 -0.139347
vn -0.408248 0.816497 0.408248
vn 0.894427 -0.000000 -0.447214
vn 0.346151 -0.860939 0.372778
vn 0.766621 -0.464008 0.443834
vn 0.826611 0.556697 0.082474
vn 0.058110 0.242126 0.968503
vn -0.712470 0.284988 -0.641224
vn 0.161966 0.907009 0.388718
vn -0.454498 0.786353 -0.418427
vn 0.045458 0.754608 0.654600
vn -0.437824 0.302064 -0.846798
vn 0.406509 0.126761 -0.904811
vn -0.204189 0.181502 0.961958
vn 0.994604 0.047664 0.092152
vn 0.735797 -0.674987 0.054729
vn -0.474045 0.122744 0.871903
vn -0.297163 -0.113205 0.948092
vn 0.355861 -0.858253 -0.369817
vn 0.829710 -0.388769 0.400550
vn 0.023226 -0.997246 -0.070429
vn 0.921653 -0.363552 -0.135595
vn 0.914351 -0.067410 0.399272
vn 0.689122 0.678396 -0.254734
vn 0.544767 0.833658 0.090794
vn 0.983768 -0.178321 -0.020036
vn 0.508351 0.861118 -0.007488
vn 0.821334 0.353908 -0.447393
vn -0.513647 -0.853964 -0.083142
vn 0.348482 0.735683 -0.580803
vn 0.429466 0.849001 -0.307825
vn -0.368696 0.834631 -0.409212
vn 0.153413 0.971261 -0.181979
vn -0.144413 -0.852722 -0.502006
vn -0.084562 0.988724 0.123590
vn -0.117184 -0.968720 -0.218743
vn -0.912871 0.182574 0.365148
vn -0.702729 -0.685378 -0.190865
vn -0.952579 0.272166 0.136083
vn -0.663311 -0.746821 0.047720
vn -0.801784 0.267261 0.534522
vn -0.882696 0.462365 -0.084066
vn 0.738614 -0.530880 0.415471
vn 0.870940 0.366204 -0.327657
vn 0.548157 0.776555 0.310622
vn 0.601589 -0.217241 0.768698
vn -0.203653 -0.814613 0.543076
vn 0.137360 -0.824163 0.549443
vn -0.242536 -0.970142 0.000000
vn -0.311891 -0.374270 -0.873296
vn -0.137361 -0.549442 0.824163
vn -0.614413 -0.280875 -0.737296
vn -0.318306 -0.686872 0.653367
vn 0.778803 -0.072689 0.623043
vn 0.137360 -0.824163 0.549443
vn 0.000000 0.970142 -0.242536
vn 0.707107 -0.707107 -0.000001
vn -0.870388 0.348156 0.348156
vn -0.417969 0.028826 -0.908004
vn 0.756169 0.176439 0.630141
vn 0.449148 0.617578 -0.645650
vn 0.727013 0.323117 0.605844
vn 0.418790 0.087315 -0.903875
vn 0.045458 0.754608 0.654600
vn -0.256384 0.958502 -0.124664
vn 0.404698 0.886107 0.225906
vn -0.189914 -0.973916 0.124175
vn 0.383994 -0.881218 0.275688
vn 0.281625 -0.172104 0.943964
vn -0.258725 -0.354044 0.898729
vn 0.492787 0.866746 -0.076889
vn 0.846472 -0.501328 -0.179321
vn 0.395092 0.543251 0.740797
vn 0.477359 0.303774 0.824530
vn -0.460929 -0.887178 0.021438
vn 0.093868 -0.975786 -0.197559
vn 0.059141 -0.940484 -0.334651
vn 0.928036 -0.331158 -0.170537
vn -0.962683 0.065638 -0.262550
vn -0.409979 0.609388 0.678648
vn -0.891866 -0.113510 -0.437825
vn -0.524105 0.715756 0.461526
vn -0.354368 -0.836755 0.417450
vn 0.467098 -0.858719 0.210763
vn -0.761630 0.553913 -0.336304
vn -0.977504 0.192010 0.087277
vn -0.959545 0.028016 -0.280159
vn -0.919493 0.022427 -0.392466
vn 0.157776 0.986794 -0.036676
vn -0.230155 -0.850572 -0.472818
vn -0.267261 0.801784 0.534522
vn -0.151947 0.987658 0.037987
vn -0.851594 0.479022 0.212898
vn -0.724517 0.672526 0.150941
vn -0.400562 -0.145031 0.904719
vn 0.288342 0.913082 0.288342
vn -0.781336 -0.618459 0.083799
vn -0.160327 0.688465 -0.707327
vn -0.854357 0.512615 0.085437
vn 0.707107 -0.000000 0.707107
vn -0.558359 0.632104 -0.537289
vn -0.367588 0.879016 -0.303660
vn 0.216789 0.758761 -0.614235
vn -0.517449 0.619482 -0.590329
vn -0.515382 0.612887 -0.598958
vn -0.539164 0.539164 -0.646997
vn 0.220477 -0.890496 0.398003
vn -0.663124 0.201820 -0.720788
vn -0.254000 0.381000 -0.889001
vn 0.556135 -0.215171 0.802755
vn 0.513362 0.014667 -0.858047
vn 0.540843 -0.195588 -0.818067
vn 0.649906 0.624419 -0.433271
vn 0.691690 0.676879 -0.251793
vn 0.970496 -0.211261 -0.116221
vn 0.973259 0.173320 -0.150758
vn -0.995829 0.090530 -0.011316
vn -0.524448 -0.806495 -0.272985
vn -0.035281 0.887913 0.458657
vn -0.600565 0.053782 0.797765
vn 0.009154 0.602316 0.798206
vn -0.367951 -0.919877 -0.135791
vn 0.000000 -0.000000 -1.000000
vn -0.030612 -0.496755 0.867351
vn -0.072673 -0.992267 -0.100624
vn -0.895867 -0.080775 -0.436919
vn 0.140508 -0.620711 -0.771347
vn 0.166378 0.457540 0.873485
vn -0.089713 -0.583129 -0.807411
vn 0.649906 0.624419 -0.433271
vn 0.433728 0.196718 -0.879308
vn 0.522984 0.777771 -0.348656
vn 0.973259 0.173320 -0.150758
vn 0.650083 -0.180208 -0.738185
vn -0.299898 0.185044 0.935853
vn -0.150564 0.978664 0.139809
vn -0.843330 0.425397 0.328377
vn -0.114016 -0.338162 0.934156
vn 0.435214 0.507750 -0.743491
vn -0.128861 -0.300676 -0.944981
vn -0.466085 -0.254228 -0.847427
vn -0.170530 0.181069 0.968573
vn 0.665070 0.634136 -0.394402
vn 0.848299 0.519925 0.100336
vn 0.740680 -0.162949 0.651798
vn 0.137360 -0.824163 0.549443
vn -0.137361 -0.549442 0.824163
vn -0.423121 0.761619 -0.490821
vn 0.000000 1.000000 0.000000
vn 0.176493 0.358679 0.916624
vn -0.707106 0.707107 0.000000
vn 0.000000 1.000000 0.000000
vn 0.718414 -0.603347 0.346199
vn -0.181101 -0.958082 0.221995
vn 0.245464 -0.117823 0.962219
vn -0.238449 -0.283159 0.928958
vn -0.311297 0.947527 -0.072712
vn 0.438453 0.897784 0.041757
vn -0.117647 0.534452 0.836971
vn -0.423380 0.898659 0.114722
vn 0.313608 0.948521 0.044251
vn -0.290441 0.485037 0.824853
vn -0.994229 0.107261 0.002063
vn -0.131492 0.976795 0.169061
vn -0.309025 0.949413 -0.055848
vn -0.933970 -0.220536 -0.281183
vn -0.882696 0.462365 -0.084066
vn -0.196884 -0.978985 -0.053147
vn -0.261736 -0.778182 -0.570901
vn 0.016034 -0.124265 0.992120
vn -0.046075 0.653623 0.755417
vn -0.337445 -0.694740 0.635191
vn -0.122858 0.952152 0.279843
vn 0.107279 0.786717 0.607920
vn 0.038155 -0.674079 -0.737673
vn -0.207187 0.824266 0.526933
vn 0.008175 0.953767 0.300437
vn -0.283761 0.272411 -0.919387
vn -0.078206 0.664753 -0.742959
vn -0.685043 0.716025 0.134255
vn -0.714730 0.575755 0.397072
vn -0.139471 -0.182862 0.973195
vn 0.798910 -0.328963 0.503514
vn 0.225458 -0.958198 0.176139
vn 0.778066 -0.144498 0.611337
vn 0.367469 0.600200 -0.710441
vn 0.708803 -0.644367 0.287036
vn -0.173156 -0.568943 0.803941
vn 0.637282 -0.354045 0.684488
vn 0.615940 -0.242954 0.749394
vn 0.433419 -0.900832 0.025495
vn 0.762137 0.180506 0.621743
vn 0.307705 0.852782 0.421995
vn -0.127329 0.738509 0.662112
vn 0.325045 -0.280382 -0.903179
vn 0.767551 -0.552472 -0.325024
vn -0.204189 0.181502 0.961958
vn -0.370838 0.014834 0.928579
vn -0.478283 0.111030 0.871159
vn 0.772317 -0.624357 -0.117067
vn -0.333630 -0.917323 0.217278
vn 0.342544 0.173303 -0.923380
vn -0.128582 0.047623 -0.990555
vn -0.007550 -0.256715 -0.966458
vn 0.751096 -0.647000 0.131322
vn -0.083169 0.942588 0.323437
vn -0.801784 0.267261 0.534523
vn -0.882696 0.462365 -0.084066
vn -0.044976 -0.654648 0.754595
vn -0.127506 -0.980083 0.152246
vn -0.085168 0.646197 0.758403
vn -0.004310 0.902320 -0.431045
vn -0.087317 0.353425 0.931379
vn 0.019872 0.894251 -0.447125
vn 0.032591 0.999469 0.000000
vn 0.007970 0.440101 0.897913
vn -0.032949 0.999457 0.000000
vn 0.000000 -0.000000 -1.000000
vn 0.115470 0.577350 0.808291
vn 0.248068 -0.620173 -0.744209
vn 0.406737 0.314209 -0.857810
vn -0.028467 -0.341605 -0.939412
vn 0.559607 -0.171308 -0.810860
vn -0.192723 -0.792307 0.578884
vn 0.401632 -0.617896 0.675941
vn -0.272618 -0.926902 0.257939
vn 0.503186 -0.774132 0.384089
vn 0.318151 -0.709505 0.628794
vn -0.273153 0.939647 -0.206036
vn 0.443818 0.745614 0.497076
vn 0.320757 0.658395 -0.680905
vn 0.683380 0.607449 0.404966
vn 0.530033 0.576123 0.622212
vn 0.443818 0.745614 0.497076
vn 0.715464 0.402448 -0.571093
vn -0.159725 0.983484 -0.085133
vn 0.698435 0.442910 0.562155
vn -0.671254 0.719662 0.177495
vn -0.977504 0.192010 0.087277
vn -0.799519 0.477596 0.364242
vn -0.925249 0.008336 -0.379269
vn 0.765559 -0.381644 0.517945
vn 0.277078 -0.811444 0.514574
vn -0.447214 -0.894427 0.000000
vn -0.128861 -0.300676 -0.944981
vn 0.534522 -0.267261 -0.801784
vn 0.549442 0.137361 0.824163
vn -0.447214 -0.894427 0.000000
vn -0.137361 -0.549442 0.824163
vn 0.000000 0.447214 0.894427
vn -0.298142 -0.596285 0.745356
vn 0.789881 0.610780 0.055108
vn 0.487769 -0.365826 0.792624
vn 0.182574 0.365148 0.912871
vn -0.558309 0.140478 -0.817653
vn -0.195188 0.707919 -0.678787
vn -0.558359 0.632104 -0.537289
vn 0.708803 -0.644367 0.287036
vn -0.152184 -0.453381 0.878229
vn 0.557319 -0.188749 0.808560
vn 0.902281 0.239159 0.358738
vn 0.678381 0.457169 0.575149
vn 0.727013 0.323117 0.605844
vn 0.694603 0.297687 0.654911
vn 0.534522 -0.267261 0.801784
vn 0.503828 0.105641 -0.857320
vn -0.456504 0.466879 -0.757382
vn -0.340068 0.740148 -0.580116
vn 0.511842 0.233206 -0.826821
vn 0.204914 -0.916574 0.343369
vn 0.903470 -0.246009 0.351030
vn 0.912867 -0.255879 0.318120
vn 0.750804 0.651373 0.109577
vn 0.174624 0.974512 0.140826
vn 0.004163 0.008788 0.999953
vn -0.100146 -0.574063 0.812664
vn -0.044282 -0.602242 0.797085
vn -0.773136 -0.537834 -0.336146
vn -0.291659 -0.667857 -0.684764
vn 0.381300 -0.744001 0.548701
vn -0.358429 0.406621 0.840350
vn -0.322669 -0.912275 0.252269
vn -0.076279 -0.986175 -0.147109
vn 0.711918 0.122043 -0.691577
vn 0.059141 -0.940484 -0.334651
vn 0.913435 -0.214549 -0.345840
vn 0.077711 -0.133218 -0.988035
vn 0.559607 -0.171308 -0.810860
vn -0.112676 -0.812879 0.571430
vn -0.341622 -0.851393 0.398026
vn 0.626497 -0.691248 0.360108
vn -0.649235 0.717816 0.251464
vn -0.761630 0.553913 -0.336304
vn -0.977504 0.192010 0.087277
vn -0.470756 0.342368 -0.813125
vn -0.078206 0.664753 -0.742959
vn -0.052804 -0.188584 0.980636
vn 0.550533 -0.122341 0.825800
vn 0.540261 0.457144 -0.706496
vn 0.240772 -0.120386 -0.963087
vn 0.534522 -0.267261 -0.801784
vn 0.000000 0.447214 0.894427
vn 0.548821 0.768350 0.329293
vn 0.832614 0.034124 0.552801
vn 0.665638 0.361346 0.652959
vn 0.727013 0.323117 0.605844
vn -0.186411 0.807781 -0.559233
vn 0.664753 0.508340 -0.547443
vn 0.857493 0.514496 0.000000
vn 0.000000 1.000000 0.000000
vn 0.279751 0.466252 0.839254
vn 0.844653 0.533465 -0.044455
vn 0.000000 1.000000 0.000000
vn 0.073324 -0.806559 0.586588
vn -0.043156 -0.988839 0.142603
vn 0.195881 -0.979404 -0.048970
vn 0.743358 -0.655904 -0.131181
vn 0.913344 -0.407062 -0.010176
vn 0.751096 -0.647000 0.131322
vn 0.850686 -0.332877 0.406850
vn 0.519994 -0.852213 0.057777
vn 0.743358 -0.655904 -0.131181
vn 0.895897 0.419891 -0.145124
vn 0.167574 0.915159 -0.366611
vn -0.200198 -0.320316 -0.925915
vn 0.696311 -0.696311 -0.174078
vn 0.176000 -0.196308 0.964618
vn -0.487950 -0.780720 -0.390360
vn 0.000000 -0.000000 -1.000000
vn 0.676716 0.676716 -0.290021
vn -0.132993 0.971870 -0.194374
vn 0.005622 -0.505988 0.862522
vn 0.096324 -0.995350 0.000000
vn -0.096324 -0.995350 0.000000
vn 0.000000 -0.000000 -1.000000
vn 0.096324 -0.995350 0.000000
vn -0.096324 -0.995350 0.000000
vn 0.316033 -0.737410 -0.596951
vn 0.784723 -0.362180 -0.503027
vn -0.112676 -0.812879 0.571430
vn 0.750279 -0.569177 0.336332
vn -0.707107 -0.707107 0.000000
vn 0.534522 -0.267261 -0.801784
vn 0.000000 0.447214 0.894427
vn 0.517817 0.502880 0.692082
vn -0.512046 -0.490308 -0.705271
vn -0.647921 0.293398 -0.702934
vn -0.402617 -0.496082 -0.769287
vn -0.367344 0.703201 -0.608742
vn 0.376396 0.826373 0.418847
vn -0.298142 -0.596285 0.745356
vn 0.487769 -0.365826 0.792624
vn -0.765851 -0.634562 -0.103937
vn 0.788685 0.468011 0.398676
vn 0.873989 -0.314951 0.370067
vn 0.585705 0.734084 0.343614
vn 0.785580 0.618549 -0.016164
vn 0.919517 -0.367473 -0.139473
vn 0.417615 -0.884992 0.205880
vn 0.769885 0.638156 0.005855
vn -0.089591 0.994935 -0.045581
vn -0.544781 -0.610356 0.575047
vn -0.517699 0.658308 0.546460
vn -0.782688 0.355471 0.510921
vn -0.894427 0.000000 -0.447214
vn 0.281766 -0.798338 -0.532225
vn 0.784723 -0.362180 -0.503027
vn 0.155936 -0.855250 0.494198
vn 0.286842 -0.132389 -0.948786
vn -0.094228 -0.141342 0.985466
vn 0.682323 -0.262432 0.682323
vn 0.708372 0.259161 0.656540
vn 0.419570 0.874104 0.244749
vn -0.700044 -0.651203 -0.293042
vn 0.019854 -0.119122 -0.992681
vn -0.647921 0.293398 -0.702934
vn -0.121212 0.515151 0.848485
vn 0.307705 0.852782 0.421995
vn 0.810596 -0.244867 0.531953
vn 0.861500 -0.402033 0.310140
vn 0.203698 -0.879977 0.429125
vn 0.512914 -0.598400 0.615497
vn -0.962806 0.065531 -0.262125
vn -0.512983 0.746158 0.424377
vn -0.925490 -0.143765 -0.350428
vn -0.962806 0.065531 -0.262125
vn -0.917015 -0.135468 -0.375142
vn 0.510285 -0.777433 -0.367705
vn 0.298019 -0.715683 -0.631650
vn 0.298336 0.933200 0.200332
vn 0.728720 -0.578572 0.366362
vn 0.312730 0.217551 -0.924593
vn -0.160064 -0.804322 0.572229
vn -0.128582 0.047623 -0.990555
vn -0.222477 -0.939569 0.260219
vn 0.000000 -0.000000 -1.000000
vn 0.291212 -0.931878 -0.216329
vn 0.902990 -0.377199 -0.205745
vn -0.905056 0.009111 -0.425194
vn -0.174711 -0.764893 -0.620011
vn -0.080677 -0.484060 0.871308
vn 0.783584 -0.228990 0.577546
vn 0.072718 0.436308 0.896854
vn 0.772078 0.632940 0.057292
vn -0.639448 0.183854 -0.746528
vn -0.755263 -0.419591 -0.503509
vn 0.861500 -0.402033 0.310140
vn 0.477349 -0.746279 0.463903
vn 0.512914 -0.598400 0.615497
vn 0.666667 0.333333 -0.666667
vn 0.931164 0.347339 -0.110853
vn -0.271293 -0.654076 -0.706105
vn 0.932846 0.316432 -0.172247
vn 0.393391 0.852347 -0.344598
vn -0.399414 -0.865396 -0.302586
vn -0.492680 -0.869663 0.030853
vn -0.044282 -0.602242 0.797085
vn -0.100620 -0.972164 0.211597
vn 0.232492 -0.939146 0.252887
vn -0.423562 0.427005 0.798913
vn 0.302018 0.944123 -0.131974
vn 0.332881 -0.344986 -0.877596
vn 0.494351 -0.393234 -0.775232
vn -0.443016 -0.882774 0.156358
vn 0.265426 -0.953439 0.143190
vn -0.527597 0.797636 -0.292264
vn -0.595286 0.302473 -0.744409
vn 0.935735 -0.239020 -0.259362
vn 0.973259 0.173320 -0.150758
vn 0.650083 -0.180208 -0.738185
vn -0.332852 -0.852426 -0.403211
vn 0.321962 0.904803 -0.278695
vn 0.749911 -0.419682 -0.511371
vn 0.992855 0.066190 0.099286
vn -0.017917 -0.214998 0.976450
vn 0.688247 -0.229416 0.688247
vn 0.830928 -0.193239 0.521745
vn -0.189033 0.134390 0.972731
vn -0.062592 0.657213 0.751101
vn -0.338341 -0.184550 -0.922749
vn 0.419570 0.874104 0.244749
vn -0.700044 -0.651203 -0.293042
vn 0.753893 0.210389 0.622400
vn 0.548821 0.768350 0.329293
vn -0.388666 0.070667 -0.918665
vn 0.019854 -0.119122 -0.992681
vn 0.778499 -0.311400 0.544949
vn 0.485389 0.679544 0.550107
vn 0.173411 0.329671 0.928033
vn 0.963424 0.255365 -0.081253
vn 0.913344 -0.407062 -0.010176
vn 0.928465 0.336360 -0.157524
vn 0.850686 -0.332877 0.406850
vn 0.458574 -0.888229 0.027542
vn 0.940237 -0.339436 -0.027155
vn 0.752537 0.658260 -0.019525
vn 0.917751 -0.368696 -0.147638
vn 0.625979 -0.075118 0.776214
vn 0.156642 -0.981015 0.114337
vn 0.606807 -0.604073 -0.516606
vn 0.849668 0.124951 0.512300
vn 0.986435 0.091056 0.136583
vn 0.797590 -0.232973 0.556394
vn 0.986435 0.091056 0.136583
vn 0.758071 -0.335540 0.559233
vn 0.806399 -0.056448 0.588671
vn -0.125546 0.460336 0.878823
vn 0.465686 0.763725 0.447058
vn 0.517817 0.502880 0.692082
vn 0.557319 -0.188749 0.808560
vn 0.935773 0.208878 0.284074
vn -0.647159 0.158074 -0.745787
vn -0.467463 -0.501038 -0.728313
vn 0.332168 0.504114 0.797204
vn 0.511043 0.857342 -0.061639
vn 0.982192 0.184349 -0.036266
vn -0.502400 0.476636 0.721396
vn -0.691336 -0.714056 -0.110354
vn -0.614751 0.472563 0.631479
vn 0.625979 -0.075118 0.776214
vn 0.551256 -0.728265 -0.407120
vn 0.101224 -0.974644 0.199556
vn 0.836030 0.154820 0.526389
vn -0.023499 -0.869446 0.493469
vn -0.502519 0.502519 -0.703526
vn 0.128814 -0.925116 0.357165
vn 0.609113 -0.098775 0.786908
vn 0.499866 -0.679064 0.537593
vn 0.841108 -0.274569 -0.465993
vn 0.914351 -0.067410 0.399272
vn 0.557007 0.830446 -0.010127
vn 0.903470 -0.246009 0.351030
vn 0.982781 -0.068154 0.171748
vn 0.740777 -0.671722 -0.006278
vn -0.028829 -0.999400 0.019219
vn -0.303704 -0.619090 0.724218
vn 0.063119 -0.315597 0.946792
vn 0.221907 -0.548929 0.805875
vn -0.125546 0.460336 -0.878823
vn -0.137712 -0.963985 -0.227525
vn 0.348482 0.735683 -0.580803
vn 0.600388 -0.794659 -0.089734
vn 0.130189 0.911322 -0.390567
vn 0.759256 -0.650792 0.000000
vn 0.743358 -0.655904 -0.131181
vn 0.747085 0.663411 0.041837
vn 0.850686 -0.332877 0.406850
vn 0.813813 -0.560115 0.154855
vn 0.933943 -0.347296 0.084477
vn 0.732767 0.674611 0.089173
vn 0.454869 0.853401 0.254560
vn 0.446516 0.747915 0.491168
vn 0.249683 0.642934 0.724081
vn 0.670418 0.715956 0.194801
vn 0.004800 0.002083 0.999986
vn -0.407059 0.913402 0.000000
vn -0.316228 -0.948683 0.000000
vn -0.407059 0.913402 0.000000
vn -0.127796 0.376288 0.917647
vn -0.321458 -0.945947 -0.042998
vn -0.609678 0.741501 0.280123
vn -0.403494 -0.026899 -0.914587
vn -0.137497 -0.687484 0.713065
vn 0.248685 -0.428948 0.868423
vn 0.318151 -0.709505 0.628794
vn 0.692833 -0.006516 -0.721068
vn 0.313363 0.671492 -0.671492
vn 0.743669 0.411674 0.526765
vn 0.852325 -0.047351 -0.520865
vn 0.151488 -0.728205 -0.668407
vn 0.880258 0.454279 0.137028
vn 0.278395 0.936051 0.215184
vn -0.259682 -0.706578 0.658265
vn -0.319740 0.141281 0.936913
vn -0.544781 -0.610356 0.575047
vn -0.840408 0.011058 -0.541842
vn 0.156642 -0.981015 0.114337
vn -0.074052 -0.467453 -0.880911
vn 0.979428 0.111935 0.167902
vn 0.736015 -0.383056 0.558167
vn 0.981303 0.188195 -0.040328
vn 0.909468 -0.412938 0.048483
vn 0.949100 0.305671 0.075996
vn 0.781560 -0.146839 0.606302
vn 0.674826 -0.604205 0.423728
vn 0.810596 -0.244867 0.531953
vn 0.142798 -0.917477 0.371275
vn 0.938412 -0.066597 0.339039
vn 0.156263 0.410191 0.898513
vn 0.845257 0.525208 0.098477
vn 0.487769 -0.365826 0.792624
vn 0.735083 -0.095881 0.671163
vn 0.935773 0.208878 0.284074
vn 0.017163 0.635012 0.772312
vn 0.725145 0.121987 0.677705
vn 0.419570 0.874104 0.244749
vn 0.632557 -0.607254 0.480743
vn 0.872871 0.218218 0.436436
vn 0.670560 -0.112804 0.733229
vn 0.439283 0.115666 -0.890871
vn 0.982260 0.171138 -0.076656
vn 0.195289 -0.816030 -0.544020
vn -0.161569 -0.794143 0.585861
vn 0.153640 -0.851700 -0.501000
vn 0.227128 0.626450 -0.745636
vn -0.191845 -0.973260 -0.126337
vn 0.643410 -0.760002 0.091762
vn -0.321173 -0.695874 0.642345
vn 0.221907 -0.548929 0.805875
vn 0.194399 -0.384169 -0.902565
vn 0.101856 0.911433 0.398642
vn 0.237718 0.957061 0.165907
vn -0.284909 0.958532 -0.006626
vn 0.000000 -0.000000 -1.000000
vn 0.888889 -0.444445 -0.111111
vn 0.745311 0.640598 -0.184788
vn 0.347338 -0.324182 -0.879922
vn 0.616516 -0.324202 -0.717497
vn 0.414486 0.908212 -0.057906
vn 0.718851 0.695158 -0.002843
vn 0.920635 -0.263594 -0.288011
vn 0.735794 -0.344103 -0.583267
vn 0.607337 0.519091 -0.601404
vn 0.777970 0.316317 0.542869
vn 0.588490 -0.643489 0.489492
vn 0.892551 -0.449611 -0.034688
vn 0.869449 -0.310683 0.384103
vn 0.851261 -0.421749 -0.312222
vn 0.599451 -0.794994 0.092963
vn 0.903892 0.425544 -0.043486
vn 0.232584 0.972155 -0.028614
vn 0.712165 0.434698 -0.551234
vn 0.784723 -0.362180 -0.503027
vn 0.981303 0.188195 -0.040328
vn 0.286842 -0.132389 -0.948786
vn 0.687078 -0.600897 0.408469
vn -0.729231 -0.096770 -0.677390
vn 0.810596 -0.244867 0.531953
vn -0.558359 0.632104 -0.537289
vn -0.515382 0.612887 -0.598958
vn 0.861500 -0.402033 0.310140
vn 0.943392 -0.172955 0.283017
vn -0.348743 0.116248 -0.929981
vn 0.019854 -0.119122 -0.992681
vn -0.123613 0.659268 0.741677
vn -0.024163 -0.044298 0.998726
vn 0.171796 0.314960 0.933427
vn -0.335968 0.159143 0.928331
vn 0.984661 0.151086 -0.087265
vn -0.000000 -0.099504 0.995037
vn -0.504393 0.792918 0.341862
vn -0.939070 -0.076320 -0.335145
vn 0.873989 -0.314951 0.370067
vn 0.740777 -0.671722 -0.006278
vn 0.027857 -0.998566 0.045714
vn 0.929335 -0.247377 0.274120
vn 0.731653 -0.670682 0.121942
vn 0.407694 0.361100 0.838685
vn 0.320819 -0.232317 0.918207
vn 0.982781 -0.068154 0.171748
vn 0.913344 -0.407062 -0.010176
vn -0.169557 -0.370602 -0.913184
vn 0.943441 0.292173 -0.156696
vn 0.751096 -0.647000 0.131322
vn 0.579661 0.809110 0.096610
vn -0.418040 0.905753 -0.069673
vn 0.929949 -0.364686 -0.046888
vn 0.759036 0.643577 0.098354
vn -0.600928 0.740680 0.300464
vn 0.241353 -0.123550 0.962540
vn 0.633236 0.748369 -0.197372
vn 0.000000 -0.000000 -1.000000
vn 0.693103 0.693103 -0.198030
vn 0.804666 0.402985 0.436024
vn 0.190621 0.890022 0.414155
vn 0.406944 -0.913257 -0.018928
vn 0.922706 -0.161196 -0.350184
vn 0.286454 -0.876211 -0.387555
vn 0.382995 0.890685 -0.244939
vn 0.939665 0.325445 -0.105426
vn 0.171980 0.578478 -0.797362
vn -0.769716 0.322470 0.550954
vn -0.150609 0.987481 -0.046888
vn 0.644731 0.758507 -0.094813
vn 0.936107 -0.332277 -0.115308
vn 0.942335 0.333883 0.022960
vn 0.741261 -0.390137 0.546192
vn 0.622044 -0.606230 0.495527
vn 0.981303 0.188195 -0.040328
vn 0.286842 -0.132389 -0.948786
vn -0.206363 0.195406 0.958765
vn 0.227479 0.898540 0.375339
vn -0.517449 0.619482 -0.590329
vn -0.515382 0.612887 -0.598958
vn 0.935252 -0.151879 0.319744
vn -0.793633 -0.413350 -0.446418
vn 0.359477 -0.903552 0.233174
vn 0.581914 -0.363696 0.727393
vn -0.122536 0.539157 0.833243
vn 0.476731 -0.667424 0.572078
vn -0.304212 0.861934 -0.405616
vn 0.729165 0.483900 0.483900
vn 0.735093 0.189024 0.651082
vn 0.955994 -0.150946 0.251577
vn 0.811107 0.324443 0.486664
vn 0.663961 -0.260013 0.701106
vn 0.684678 -0.661069 0.306925
vn 0.624695 -0.624695 0.468522
vn 0.621899 -0.162235 0.766108
vn 0.935904 -0.139042 -0.323652
vn 0.457516 0.073049 -0.886196
vn 0.987091 0.126128 -0.098709
vn -0.474045 0.122744 0.871903
vn 0.935554 -0.322076 -0.144934
vn -0.962911 0.065441 -0.261762
vn 0.544975 -0.803838 -0.238426
vn 0.510285 -0.777433 -0.367705
vn -0.925598 -0.143875 -0.350097
vn 0.378389 0.903178 -0.202708
vn 0.967476 0.250265 0.036836
vn 0.243654 0.646945 0.722562
vn 0.681500 0.622239 -0.385196
vn 0.272319 0.904489 0.328242
vn 0.590608 0.794266 -0.142561
vn -0.416969 0.856477 -0.304275
vn 0.575338 0.797802 0.180273
vn 0.641772 0.758458 0.113445
vn 0.633236 0.748369 -0.197372
vn 0.691210 0.722200 0.025600
vn -0.633664 0.711058 0.304739
vn -0.757603 -0.524495 -0.388514
vn -0.699976 -0.399986 -0.591646
vn -0.715047 -0.600737 -0.357524
vn -0.691195 0.426386 0.583476
vn 0.670549 -0.362313 -0.647374
vn 0.863754 0.191096 0.466274
vn 0.146762 0.769542 0.621504
vn 0.237000 0.914143 0.328898
vn 0.023244 0.194666 0.980594
vn 0.193291 -0.169129 0.966454
vn 0.795799 -0.559100 0.232618
vn 0.857790 -0.254248 0.446716
vn 0.792220 -0.186037 0.581186
vn 0.971473 0.083269 0.222051
vn 0.017163 0.635012 0.772312
vn -0.505702 -0.173185 -0.845146
vn 0.533358 0.685745 0.495261
vn -0.811700 -0.127289 -0.570035
vn 0.748583 -0.025813 0.662539
vn -0.448061 -0.175328 -0.876642
vn 0.636524 0.636524 0.435516
vn -0.700044 -0.651203 -0.293042
vn -0.574417 0.299696 -0.761727
vn -0.402617 -0.496082 -0.769287
vn 0.485389 0.679544 0.550107
vn -0.280926 0.093642 -0.955150
vn 0.698297 -0.436436 0.567367
vn 0.358568 -0.597614 0.717137
vn 0.476731 -0.667424 0.572078
vn 0.720188 0.445831 0.531567
vn 0.585778 -0.323720 0.743014
vn -0.688247 0.688247 0.229416
vn -0.757603 -0.524495 -0.388514
vn -0.685328 -0.545147 -0.482845
vn -0.699595 0.472454 0.536054
vn -0.749268 -0.468293 -0.468293
vn -0.485071 0.485071 0.727607
vn 0.575007 0.816510 0.051751
vn 0.666667 0.666667 0.333333
vn -0.549972 0.549972 0.628539
vn 0.679844 -0.324185 -0.657812
vn -0.703223 -0.676586 -0.218425
vn -0.132230 -0.473902 0.870593
vn 0.241013 -0.388949 0.889175
vn 0.568956 -0.765056 0.301626
vn 0.973299 -0.124601 -0.192779
vn -0.811111 0.308451 0.496948
vn -0.083840 0.970147 0.227565
vn 0.076299 0.610389 0.788419
vn -0.649235 0.717816 0.251464
vn 0.028656 0.895488 0.444162
vn -0.798550 0.476849 0.367333
vn -0.029079 0.753158 0.657196
vn -0.517449 0.619482 -0.590329
vn -0.455352 0.505329 -0.733005
vn 0.911528 0.060266 0.406797
vn -0.023499 -0.869446 0.493469
vn -0.408248 -0.816497 0.408248
vn 0.038713 -0.929110 0.367773
vn 0.858754 0.245358 0.449823
vn -0.772308 0.063580 -0.632058
vn -0.372151 0.873123 -0.314897
vn 0.882121 -0.426833 0.199189
vn 0.808122 -0.303046 0.505076
vn 0.955994 -0.150946 0.251577
vn 0.548821 0.768350 0.329293
vn 0.619586 0.619585 0.481900
vn 0.694603 0.297687 0.654911
vn 0.808122 -0.303046 0.505076
vn 0.955994 -0.150946 0.251577
vn 0.485389 0.679544 0.550107
vn -0.469809 0.134231 0.872503
vn -0.335968 0.159143 0.928331
vn 0.987878 -0.109764 -0.109764
vn -0.297163 -0.113205 0.948092
vn 0.981769 0.144082 -0.123978
vn 0.404236 0.898303 -0.172175
vn 0.965097 0.261421 0.015724
vn -0.217749 -0.587923 -0.779058
vn -0.212438 -0.973676 0.082615
vn 0.395475 -0.913408 0.096359
vn 0.010761 -0.004139 0.999934
vn 0.273185 0.692258 0.667944
vn -0.230691 0.671448 0.704229
vn 0.946027 0.276421 -0.169189
vn 0.525711 0.819804 0.227046
vn 0.181502 0.556605 -0.810708
vn 0.914070 -0.078994 -0.397790
vn 0.824197 0.377477 -0.422150
vn -0.800644 0.453474 0.391575
vn -0.061630 0.738485 0.671448
vn 0.547068 0.794131 -0.264710
vn -0.581493 0.696261 0.420817
vn 0.158407 0.656256 0.737723
vn 0.028656 0.895488 0.444162
vn -0.078206 0.664753 -0.742959
vn 0.577350 0.577350 -0.577350
vn -0.261612 0.915644 -0.305215
vn 0.547068 0.794131 -0.264710
vn 0.034588 0.810903 0.584158
vn -0.452249 0.873092 0.182156
vn -0.023499 -0.869446 0.493469
vn -0.408248 -0.816497 0.408248
vn -0.313363 0.456615 -0.832650
vn -0.498273 -0.830454 0.249137
vn -0.457496 -0.762492 0.457496
vn -0.684158 0.043857 -0.728014
vn -0.138823 -0.786666 0.601568
vn 0.249523 -0.962446 0.106939
vn 0.112907 0.602168 0.790346
vn 0.675882 -0.233063 0.699189
vn 0.514981 0.702247 0.491573
vn 0.679094 -0.650799 0.339547
vn 0.906101 0.289952 0.308074
vn 0.890438 0.203529 0.407057
vn 0.797056 -0.038881 0.602652
vn 0.451346 -0.817532 0.357670
vn -0.164766 -0.982007 -0.092269
vn -0.125546 0.460336 -0.878823
vn 0.087204 0.392419 -0.915643
vn 0.348482 0.735683 -0.580803
vn 0.634178 -0.769928 0.070914
vn -0.350655 -0.900547 -0.257014
vn 0.565194 -0.820792 -0.082799
vn -0.464203 -0.876827 -0.125261
vn 0.439219 -0.878438 -0.188237
vn 0.000000 -0.000000 -1.000000
vn -0.122677 0.051654 0.991102
vn 0.000000 -0.000000 1.000000
vn -0.268328 -0.357771 -0.894427
vn 0.684133 -0.252832 0.684133
vn -0.627102 -0.159849 -0.762359
vn -0.691415 0.121710 -0.712132
vn 0.660925 -0.685105 0.306282
vn 0.858596 0.495343 0.132092
vn 0.635092 0.244266 0.732798
vn -0.156893 0.117670 -0.980581
vn -0.577350 0.577350 0.577350
vn -0.140028 0.700140 0.700140
vn 0.285714 0.428571 -0.857143
vn -0.577350 0.577350 0.577350
vn -0.133333 0.666667 0.733333
vn 0.476731 -0.667424 0.572078
vn 0.358568 -0.597614 0.717137
vn 0.218217 -0.872872 0.436436
vn 0.906692 -0.248349 0.340928
vn 0.585014 0.748714 0.311747
vn 0.982423 -0.062318 0.175956
vn 0.528416 0.832225 0.167864
vn 0.986776 0.152989 0.053546
vn 0.099504 0.597022 0.796030
vn 0.316084 0.030103 0.948253
vn 0.707320 -0.627397 0.325687
vn 0.969635 0.236378 0.062713
vn 0.420558 0.365940 0.830192
vn 0.281625 -0.172104 0.943964
vn -0.403149 -0.914839 -0.023259
vn 0.447213 -0.894427 -0.000000
vn 0.686688 -0.705247 -0.176312
vn 0.392783 0.028345 0.919194
vn -0.604587 0.720535 0.339563
vn 0.612385 0.574110 0.543491
vn 0.525854 0.244411 0.814703
vn 0.291192 0.939418 0.180836
vn 0.256142 0.662222 0.704169
vn -0.200198 -0.320316 -0.925915
vn 0.703101 -0.678575 -0.212566
vn -0.552704 -0.164209 -0.817040
vn 0.193498 0.786362 0.586679
vn 0.253186 0.966632 0.038984
vn 0.849636 0.350365 0.394161
vn 0.653049 -0.722312 0.227578
vn -0.372151 0.873123 -0.314897
vn 0.737998 0.596910 0.314734
vn 0.282318 0.953567 0.104909
vn 0.622727 0.633914 0.458655
vn -0.656756 0.473475 0.586935
vn 0.731113 -0.315588 -0.604878
vn 0.621511 0.782644 0.034528
vn 0.725241 0.644658 0.241747
vn 0.924799 -0.289892 -0.246392
vn 0.000000 0.447213 -0.894427
vn -0.180187 0.468487 -0.864900
vn 0.839723 0.275319 0.468043
vn 0.622799 0.077850 0.778499
vn -0.408248 -0.816497 0.408248
vn 0.850628 0.291644 0.437466
vn -0.457496 -0.762492 0.457496
vn -0.279448 -0.372597 -0.884918
vn -0.636043 -0.164900 -0.753828
vn 0.242536 0.970142 0.000000
vn 0.514981 0.702247 0.491573
vn 0.000000 0.707107 0.707107
vn -0.805768 -0.132290 -0.577267
vn 0.821744 -0.479351 0.308154
vn 0.882121 -0.426833 0.199189
vn -0.056077 -0.785081 0.616849
vn 0.893631 0.392324 0.217959
vn 0.324845 -0.923246 0.205165
vn 0.664751 -0.613617 0.426123
vn 0.839329 0.319744 0.439649
vn 0.800000 -0.000000 0.600000
vn 0.000000 -0.000000 -1.000000
vn 0.285714 -0.857143 0.428571
vn 0.267261 0.534522 -0.801784
vn 0.358568 -0.597614 0.717137
vn -0.715542 0.447214 0.536656
vn 0.457496 0.457496 -0.762493
vn -0.685994 0.514496 0.514496
vn 0.317999 -0.847998 0.423999
vn -0.536406 0.820147 0.199069
vn -0.946283 0.078421 -0.313685
vn -0.943339 0.184066 -0.276099
vn 0.548798 -0.813018 -0.194483
vn -0.944773 0.003486 -0.327707
vn -0.654858 0.691751 0.304371
vn 0.642643 0.557826 0.525205
vn -0.699595 0.472454 0.536054
vn 0.775036 -0.503490 -0.381861
vn -0.757603 -0.524495 -0.388514
vn -0.786211 -0.449263 -0.424305
vn -0.749268 -0.468293 -0.468293
vn 0.743256 -0.379012 -0.551290
vn -0.677571 -0.618651 -0.397705
vn -0.749268 -0.468293 -0.468293
vn -0.612310 0.218258 -0.759894
vn 0.711918 0.122043 -0.691577
vn 0.628928 0.116468 -0.768690
vn 0.650083 -0.180208 -0.738185
vn 0.559607 -0.171308 -0.810860
vn -0.624274 0.135762 -0.769319
vn 0.711918 0.122043 -0.691577
vn -0.650275 -0.751107 -0.113933
vn 0.683054 0.715710 0.145591
vn 0.842809 -0.160535 -0.513713
vn 0.947296 0.318735 -0.032216
vn 0.665667 -0.637630 0.387705
vn 0.980577 -0.115362 -0.158623
vn 0.956576 -0.287905 -0.045534
vn 0.803046 -0.203333 0.560154
vn 0.000000 0.447213 -0.894427
vn -0.127920 0.426401 -0.895443
vn -0.534523 -0.801783 0.267262
vn 0.549442 -0.137360 -0.824163
vn 0.232670 0.387783 0.891902
vn 0.807513 -0.143646 0.572092
vn -0.398015 0.199007 -0.895533
vn -0.045361 -0.771136 0.635053
vn 0.577719 -0.288859 0.763414
vn 0.485071 0.727607 0.485071
vn 0.000000 0.707107 0.707107
vn -0.676732 0.235586 -0.697519
vn 0.879648 0.376992 0.289994
vn 0.441836 -0.568075 0.694314
vn 0.496977 -0.860152 0.114687
vn 0.758596 0.526555 0.383760
vn 0.754154 -0.368308 0.543692
vn 0.687582 -0.660078 0.302536
vn 0.441129 0.514650 -0.735215
vn 0.285714 -0.857143 0.428571
vn -0.952579 0.136083 0.272166
vn 0.218218 -0.872872 0.436436
vn -0.000000 -1.000000 0.000000
vn -0.980581 0.000000 0.196116
vn 0.577350 0.577350 -0.577350
vn 0.688247 0.688247 0.229416
vn -1.000000 0.000000 0.000000
vn -0.000000 -1.000000 0.000000
vn 0.688247 0.688247 0.229416
vn 0.740777 -0.671722 -0.006278
vn 0.982423 -0.062318 0.175956
vn 0.063119 -0.315597 0.946792
vn 0.187574 -0.022067 0.982003
vn 0.987639 0.135457 0.078874
vn -0.107242 -0.011594 -0.994165
vn 0.148972 -0.338454 -0.929116
vn 0.223507 0.962501 0.153742
vn 0.718414 -0.603347 0.346199
vn 0.967476 0.250265 0.036836
vn -0.128582 0.047623 -0.990555
vn -0.064399 -0.361349 -0.930204
vn 0.995799 -0.090703 0.012544
vn 0.951284 -0.258332 -0.168294
vn 0.901263 0.240337 0.360505
vn 0.622799 0.077850 0.778499
vn -0.534523 -0.801783 0.267262
vn 0.000000 0.447213 0.894427
vn -0.457496 -0.762492 0.457496
vn 0.878144 -0.419982 -0.229081
vn 0.725747 -0.118188 0.677733
vn -0.595686 0.201927 -0.777421
vn -0.451613 0.870968 -0.193548
vn 0.737410 0.596951 0.316033
vn 0.517357 0.560470 0.646696
vn 0.782946 -0.535178 0.317143
vn 0.636524 0.636524 0.435516
vn 0.882121 -0.426833 0.199189
vn 0.548821 0.724444 0.417104
vn 0.808122 -0.303046 0.505076
vn 0.577350 0.577350 -0.577350
vn -0.000000 -0.894427 0.447214
vn -0.000000 -1.000000 0.000000
vn 0.688247 0.688247 0.229416
vn 0.939267 0.129423 0.317847
vn 0.081211 0.548174 0.832412
vn 0.392012 0.904732 0.166691
vn 0.416806 0.072488 0.906100
vn -0.189047 -0.568034 0.800999
vn 0.305649 -0.450602 0.838771
vn 0.044251 0.787167 0.615150
vn 0.710526 0.483157 0.511578
vn 0.582443 0.381860 0.717596
vn 0.136294 0.909658 0.392361
vn 0.943143 -0.137826 0.302464
vn 0.933700 -0.357980 -0.007381
vn 0.860026 -0.366424 0.355091
vn 0.000000 0.447213 -0.894427
vn 0.622799 0.077850 0.778499
vn 0.549442 -0.137360 -0.824163
vn 0.000000 0.447213 0.894427
vn -0.687762 -0.085970 -0.720828
vn 0.650945 0.650944 0.390567
vn 0.548821 0.724444 0.417104
vn 0.401610 0.722897 0.562254
vn -0.801112 0.172547 -0.573103
vn 0.663914 -0.594028 0.454257
vn 0.506370 -0.557007 0.658281
vn -0.107412 0.068561 0.991848
vn 0.537641 -0.056927 0.841250
vn -0.411953 0.149801 -0.898807
vn 0.617213 0.154303 0.771517
vn 0.635092 0.244266 0.732798
vn 0.784465 0.196116 0.588348
vn 0.054152 -0.758143 0.649836
vn 0.822179 0.523204 0.224231
vn 0.635092 0.244266 0.732798
vn 0.784465 0.196116 0.588348
vn 0.676136 -0.683566 0.274913
vn 0.875917 0.376739 0.301391
vn 0.995435 0.077401 0.055846
vn 0.016347 0.073561 -0.997157
vn -0.125546 0.460336 -0.878823
vn 0.087204 0.392419 -0.915643
vn 0.611139 -0.787147 -0.083115
vn 0.681500 0.622239 -0.385196
vn 0.585466 0.762210 0.276163
vn 0.978565 0.180568 0.099021
vn 0.549041 -0.517487 0.656325
vn 0.549971 -0.709362 0.440838
vn 0.793210 0.307898 0.525373
vn 0.879927 -0.176156 0.441246
vn 0.943348 0.219352 -0.248958
vn 0.372561 -0.860745 -0.346867
vn 0.140464 0.975719 -0.168054
vn -0.198627 -0.839906 -0.505079
vn 0.816388 0.156895 -0.555782
vn 0.712165 0.434698 -0.551234
vn -0.705160 -0.101219 -0.701786
vn 0.719071 -0.578222 0.385481
vn -0.831669 0.100808 -0.546045
vn 0.871857 0.379680 0.309369
vn -0.317999 -0.423999 -0.847998
vn 0.141421 0.989950 0.000000
vn 0.512147 -0.384111 -0.768221
vn -0.272165 0.136083 -0.952579
vn -0.390567 -0.650944 0.650944
vn 0.312348 -0.156174 -0.937042
vn -0.279448 -0.372597 -0.884918
vn 0.481543 -0.240772 0.842701
vn 0.512147 -0.384111 -0.768221
vn -0.000000 -0.447214 0.894427
vn -0.256308 -0.683486 0.683486
vn 0.556890 0.238667 0.795557
vn 0.784465 0.196116 0.588348
vn 0.408248 -0.408248 0.816497
vn 0.141421 0.989950 0.000000
vn -0.000000 -0.447214 0.894427
vn 0.000000 0.707107 0.707107
vn 0.737410 0.596951 0.316033
vn 0.511834 0.565711 0.646527
vn 0.575961 -0.796542 0.183817
vn -0.420782 0.703023 0.573325
vn -0.505080 0.762431 0.404465
vn 0.999014 -0.000000 0.044401
vn 0.593263 -0.800773 -0.082472
vn 0.681500 0.622239 -0.385196
vn 0.995634 0.079401 0.049068
vn 0.493565 0.865854 0.081791
vn 0.667946 -0.690462 -0.277686
vn 0.576018 0.624020 0.528017
vn 0.528525 0.243934 0.813116
vn 0.901609 -0.148617 0.406219
vn 0.949215 0.080637 0.304118
vn 0.943348 0.219352 -0.248958
vn 0.959296 0.273111 0.071839
vn 0.954077 -0.086994 -0.286651
vn 0.712165 0.434698 -0.551234
vn -0.596285 -0.745355 0.298143
vn 0.549442 -0.137360 -0.824163
vn 0.000000 0.447213 0.894427
vn 0.860453 -0.470814 -0.194819
vn 0.839876 -0.078634 0.537052
vn 0.647880 -0.661377 0.377930
vn 0.877268 0.350907 0.327513
vn 0.506370 -0.557007 0.658281
vn -0.272166 0.136083 -0.952579
vn 0.556890 0.238667 0.795557
vn 0.312348 -0.156174 -0.937042
vn 0.988949 0.141278 0.044952
vn 0.408373 -0.912458 0.025523
vn 0.577473 0.791662 0.199490
vn 0.852018 0.502423 0.147097
vn 0.760543 -0.552502 -0.341051
vn 0.631124 0.566393 0.529982
vn 0.753740 -0.423530 -0.502493
vn 0.658815 0.623203 0.421404
vn 0.202589 0.780628 0.591251
vn 0.016034 -0.124265 0.992120
vn -0.379578 -0.666614 0.641518
vn 0.857152 -0.306434 0.413990
vn -0.755377 0.051039 -0.653299
vn 0.384111 -0.512147 0.768221
vn 0.107833 -0.754829 0.646997
vn 0.860453 -0.470814 -0.194819
vn 0.898175 -0.048550 0.436950
vn 0.692868 -0.073363 0.717322
vn 0.871228 -0.040211 0.489228
vn 0.591667 -0.664328 0.456726
vn 0.548821 0.724444 0.417104
vn 0.424264 0.707107 0.565685
vn 0.898175 -0.048550 0.436950
vn -0.137608 0.135821 0.981130
vn 0.489004 0.760673 0.426909
vn 0.691431 -0.079780 0.718024
vn -0.727607 -0.485071 0.485071
vn 0.486664 0.324443 0.811107
vn 0.312348 -0.156174 -0.937042
vn 0.944230 0.164214 0.285419
vn 0.653447 -0.748116 0.115450
vn 0.063119 -0.315597 0.946792
vn 0.316084 0.030103 0.948253
vn 0.221907 -0.548929 0.805875
vn 0.984226 0.111422 0.137420
vn 0.349622 -0.933529 0.079296
vn 0.985965 0.089633 -0.140852
vn 0.633236 0.748369 -0.197372
vn 0.000000 -0.000000 -1.000000
vn 0.181486 0.646751 0.740794
vn -0.368819 -0.682909 0.630561
vn -0.725953 0.000000 -0.687745
vn 0.839546 0.522384 0.149253
vn -0.485643 0.000000 -0.874157
vn 0.419413 0.579190 0.699022
vn -0.478565 0.125938 -0.868974
vn 0.436436 -0.567366 0.698297
vn 0.588349 -0.784464 0.196116
vn 0.000000 1.000000 0.000000
vn 0.512147 -0.384111 -0.768221
vn -0.000000 -0.447214 0.894427
vn 0.922796 0.375011 0.088396
vn 0.633236 0.748369 -0.197372
vn 0.986993 0.098699 -0.126899
vn 0.439219 -0.878438 -0.188237
vn 0.000000 -0.000000 -1.000000
vn 0.696596 0.677769 -0.235337
vn 0.611070 0.529037 -0.588824
vn -0.153436 0.987204 -0.043425
vn 0.967417 -0.191253 -0.165911
vn 0.981752 -0.189001 -0.021000
vn 0.819645 -0.188808 0.540864
vn 0.854358 0.461353 0.239220
vn 0.426557 -0.528930 0.733677
vn 0.352648 0.658034 0.665305
vn 0.898175 -0.048550 0.436950
vn 0.484915 0.760137 0.432492
vn 0.774970 0.344431 0.529894
vn 0.863344 -0.052643 0.501863
vn 0.436436 -0.567366 0.698297
vn 0.371391 0.557086 0.742781
vn 0.436436 -0.872872 0.218218
vn -0.560337 0.825952 0.061855
vn -0.943339 0.184066 -0.276099
vn 0.503171 0.601192 -0.620796
vn -0.940145 0.082650 -0.330600
vn -0.943339 0.184066 -0.276099
vn 0.560014 -0.822947 -0.095612
vn 0.604118 0.442038 -0.663057
vn 0.996286 0.086067 0.002608
vn 0.402736 -0.912582 0.070693
vn 0.372561 -0.860745 -0.346867
vn -0.103406 -0.597817 -0.794935
vn 0.776454 -0.514074 -0.364482
vn -0.449674 -0.073416 -0.890171
vn 0.421178 0.701962 0.574333
vn 0.507093 0.845154 0.169031
vn 0.139575 0.641073 0.754682
vn 0.353919 0.836536 -0.418268
vn 0.453702 0.781375 -0.428496
vn -0.151647 -0.866320 -0.475912
vn 0.176240 0.383952 -0.906378
vn 0.287970 -0.927906 -0.236776
vn 0.089565 0.447529 0.889773
vn 0.353919 0.836536 -0.418268
vn 0.464827 0.791927 -0.395964
vn 0.034388 -0.507221 0.861130
vn 0.035489 -0.993683 -0.106466
vn -0.091353 -0.890687 -0.445344
vn 0.190000 -0.473273 0.860182
vn -0.624074 -0.044577 -0.780093
vn 0.067115 -0.738272 0.671156
vn -0.000000 -0.447214 -0.894427
vn -0.445435 -0.089087 -0.890871
vn 0.447039 -0.698498 0.558799
vn -0.096674 -0.483368 -0.870063
vn -0.436436 0.218218 -0.872872
vn 0.534523 -0.801784 0.267261
vn 0.436436 -0.218218 -0.872872
vn -0.083764 -0.734634 0.673273
vn 0.319653 -0.516446 0.794421
vn -0.173495 -0.057831 -0.983135
vn 0.082251 -0.370132 -0.925331
vn 0.932592 0.096220 0.347871
vn 0.347923 0.891636 0.289715
vn -0.000778 0.006480 0.999979
vn 0.078113 -0.650945 0.755096
vn 0.215581 -0.968541 0.124313
vn -0.103645 -0.627630 0.771582
vn 0.000000 0.832050 0.554700
vn -0.233572 -0.766924 -0.597723
vn 0.390371 -0.731946 0.558449
vn -0.196865 -0.765587 0.612471
vn 0.785360 0.615968 -0.061597
vn -0.082479 0.973248 0.214444
vn -0.036173 0.747585 0.663180
vn 0.372561 -0.860745 -0.346867
vn 0.998284 0.055676 -0.018127
vn 0.804357 -0.577674 -0.138934
vn 0.816388 0.156895 -0.555782
vn 0.158407 0.656256 0.737723
vn 0.958531 0.139024 0.248779
vn 0.704036 0.428543 -0.566290
vn 0.845154 -0.507093 -0.169031
vn 0.421637 0.737865 0.527046
vn 0.840668 -0.521794 -0.144943
vn 0.812400 -0.120996 0.570408
vn 0.997681 0.068023 0.002519
vn 0.835557 -0.549027 -0.020334
vn 0.863344 -0.052643 0.501863
vn -0.644831 -0.058621 -0.762073
vn 0.823842 0.506979 0.253490
vn 0.408248 0.816497 0.408248
vn -0.000000 -0.447214 -0.894427
vn 0.831656 0.523635 0.184812
vn 0.251577 -0.452839 0.855363
vn 0.067115 -0.738272 0.671156
vn 0.408248 0.816497 0.408248
vn 0.403604 -0.739940 0.538138
vn 0.438633 0.682318 0.584844
vn -0.287019 0.047836 -0.956730
vn 0.000000 0.707107 0.707107
vn 0.436436 -0.218218 -0.872872
vn 0.424264 -0.565685 0.707107
vn 0.534523 -0.801784 0.267261
vn 0.060858 0.608581 0.791155
vn 0.067312 -0.636408 0.768410
vn -0.000000 -0.970143 0.242535
vn 0.186989 -0.981334 0.044936
vn 0.870358 0.400589 0.286365
vn -0.104940 0.744483 0.659343
vn 0.943348 0.219352 -0.248958
vn 0.977989 -0.117024 -0.172750
vn 0.998294 0.042594 -0.039932
vn 0.816388 0.156895 -0.555782
vn 0.028656 0.895488 0.444162
vn 0.158407 0.656256 0.737723
vn 0.887099 0.286649 0.361785
vn -0.067187 0.736417 0.673183
vn 0.547068 0.794131 -0.264710
vn 0.325599 0.709912 0.624509
vn 0.632301 0.346466 -0.692933
vn 0.774970 0.344431 0.529894
vn -0.107242 -0.011594 -0.994165
vn 0.087204 0.392419 -0.915643
vn 0.939267 0.129423 0.317847
vn 0.643410 -0.760002 0.091762
vn 0.000000 0.124035 -0.992278
vn -0.027933 0.966697 0.254394
vn -0.035911 -0.562602 -0.825948
vn 0.058470 0.138202 -0.988677
vn 0.156485 -0.981038 0.114354
vn 0.803579 -0.319292 -0.502308
vn -0.061777 -0.455602 -0.888038
vn 0.421637 0.737865 0.527046
vn 0.897988 0.193653 0.395115
vn 0.840668 -0.521794 -0.144943
vn 0.643463 0.218777 -0.733548
vn 0.989178 -0.144152 -0.027339
vn 0.826625 -0.131462 0.547183
vn 0.998284 0.055676 -0.018127
vn -0.483368 -0.096674 -0.870063
vn 0.507093 0.845154 0.169031
vn -0.096674 -0.483368 -0.870063
vn 0.507093 -0.169031 -0.845154
vn -0.329293 0.768350 0.548821
vn 0.408248 -0.816497 0.408248
vn -0.333333 0.666667 0.666667
vn 0.436436 -0.218218 -0.872872
vn 0.004856 -0.393329 0.919385
vn -0.007395 0.973724 0.227613
vn 0.747769 -0.207566 0.630681
vn 0.913927 -0.175805 0.365829
vn 0.808507 -0.582803 -0.081593
vn 0.852259 -0.268159 0.449161
vn -0.000000 -0.707107 0.707107
vn 0.408248 0.816497 0.408248
vn -0.000000 -0.447214 -0.894427
vn 0.333333 -0.666667 0.666667
vn -0.096674 -0.483368 -0.870063
vn 0.507093 -0.169031 -0.845154
vn -0.000000 -0.707107 0.707107
vn 0.358569 -0.717137 0.597614
vn 0.407307 0.678844 0.610960
vn 0.507093 0.845154 0.169031
vn -0.329293 0.768350 0.548821
vn -0.000000 -0.707107 0.707107
vn -0.003698 -0.392019 0.919950
vn 0.002318 -0.989947 -0.141421
vn 0.276952 -0.958442 0.068460
vn 0.000000 0.124035 -0.992278
vn 0.001256 -0.988385 -0.151963
vn 0.231390 -0.963083 -0.137583
vn 0.058470 0.138202 -0.988677
vn 0.211753 0.977323 0.000000
vn 0.096218 0.444081 0.890805
vn 0.211753 0.977323 0.000000
vn 0.000000 -0.000000 -1.000000
vn 0.799400 -0.129393 -0.586700
vn 0.469994 0.657108 -0.589334
vn 0.840668 -0.521794 -0.144943
vn 0.517511 0.230005 -0.824185
vn 0.774970 0.344431 0.529894
vn 0.854305 -0.066282 0.515529
vn 0.050322 -0.519997 0.852684
vn 0.179128 -0.472248 0.863073
vn 0.227229 -0.973841 0.000000
vn 0.190000 -0.473273 0.860182
vn 0.000000 -0.000000 -1.000000
vn 0.227229 -0.973841 0.000000
vn 0.784393 -0.192105 0.589766
vn 0.908785 -0.155827 0.387075
vn 0.472207 -0.367124 0.801399
vn 0.318151 -0.709505 0.628794
vn 0.445102 0.435764 0.782300
vn 0.788203 -0.067042 0.611753
vn 0.720951 0.382545 0.577831
vn 0.582443 0.381860 0.717596
vn -0.000000 -0.707107 0.707107
vn 0.507093 -0.169031 -0.845154
vn -0.329293 0.768350 0.548821
vn 0.812010 0.583632 0.003625
vn 0.874544 -0.182197 -0.449419
vn 0.646359 0.657130 -0.387814
vn 0.287451 -0.804136 -0.520323
vn 0.032444 -0.751944 0.658428
vn 0.251036 -0.805406 -0.536937
vn 0.082481 0.530162 -0.843875
vn 0.874992 0.360291 0.323388
vn 0.893397 -0.205182 -0.399678
vn 0.154455 -0.509501 0.846494
vn 0.183185 -0.879292 -0.439646
vn 0.276586 -0.932674 -0.231560
vn 0.190000 -0.473273 0.860182
vn 0.146187 0.514869 0.844713
vn 0.582443 0.381860 0.717596
vn 0.421637 0.737865 0.527046
vn 0.880764 0.274304 0.386020
vn 0.840090 -0.468133 -0.274043
vn -0.550268 0.818175 0.166719
vn 0.261557 0.754778 -0.601580
vn 0.551577 -0.820768 -0.148671
vn 0.394164 0.659543 -0.640030
vn -0.312961 -0.465964 0.827607
vn -0.133262 0.854091 0.502763
vn -0.157573 0.606410 0.779383
vn -0.103418 -0.879049 -0.465379
vn 0.101274 -0.962102 -0.253185
vn -0.357761 -0.579705 0.732085
vn 0.470869 0.390069 -0.791283
vn 0.268593 -0.963027 -0.020906
vn -0.186739 0.861285 0.472564
vn 0.842066 0.307736 0.442971
vn 0.826595 -0.274607 0.491256
vn -0.296453 -0.928029 0.225563
vn -0.404755 -0.689349 -0.600809
vn -0.863821 0.407189 0.296666
vn 0.326460 0.943825 0.051178
vn -0.148250 -0.904324 -0.400275
vn 0.396034 0.407569 -0.822827
vn 0.101274 -0.962102 -0.253185
vn 0.164015 -0.948944 -0.269453
vn 0.000000 -0.000000 -1.000000
vn -0.436148 -0.654221 -0.617876
vn -0.915877 0.328111 0.231330
vn 0.285064 0.726454 0.625302
vn -0.266051 -0.637249 0.723278
vn 0.328135 0.850377 0.411324
vn 0.340396 0.761839 0.551118
vn -0.692702 -0.473542 0.543987
vn -0.385447 0.869144 0.309869
vn -0.285342 0.861850 0.419279
vn 0.269558 0.624883 0.732707
vn -0.332609 -0.678887 0.654587
vn 0.626671 -0.330592 0.705686
vn 0.842408 0.372016 0.389811
vn 0.101274 -0.962102 -0.253185
vn -0.686713 -0.536494 0.490509
vn 0.190476 -0.952381 -0.238095
vn 0.220574 0.411185 0.884463
vn 0.301355 0.874900 -0.379124
vn 0.400929 0.801858 -0.443035
vn -0.317729 -0.916726 0.242203
vn -0.872761 0.360957 0.328632
vn -0.729506 0.617274 0.294608
vn -0.874307 0.362018 0.323311
vn 0.276442 0.632578 0.723481
vn 0.370181 0.804741 -0.464067
vn -0.301511 -0.904534 0.301511
vn -0.901819 0.386494 0.193247
vn -0.044455 -0.533465 0.844653
vn 0.000000 -0.000000 -1.000000
vn 0.000000 0.981780 0.190022
vn -0.830321 0.377662 0.409803
vn 0.017114 -0.029808 0.999409
vn 0.134399 -0.610905 0.780213
vn -0.359591 0.854029 0.375936
vn -0.078933 0.932166 0.353321
vn 0.081650 -0.533863 -0.841620
vn -0.036916 0.705018 0.708228
vn -0.495438 0.782792 0.376533
vn 0.734165 0.378358 -0.563779
vn -0.380585 0.871434 0.309448
vn -0.275067 0.865950 0.417694
vn 0.808507 -0.582803 -0.081593
vn 0.818809 -0.138118 0.557203
vn 0.658137 -0.698208 0.281712
vn 0.276282 0.310817 0.909429
vn -0.873296 0.374269 0.311892
vn -0.044455 -0.533465 0.844653
vn 0.269604 -0.497730 0.824366
vn 0.101874 -0.583458 0.805728
vn 0.461363 -0.885471 -0.055550
vn -0.359591 0.854029 0.375936
vn 0.056826 -0.386414 0.920573
vn -0.058562 0.953731 0.294904
vn 0.361391 -0.902422 0.234587
vn 0.318572 -0.938950 0.129944
vn 0.131478 -0.530155 -0.837645
vn 0.058470 0.138202 -0.988677
vn 0.275518 0.373917 0.885594
vn 0.426469 0.752591 0.501728
vn -0.906425 0.367469 0.208233
vn 0.404158 0.745166 0.530457
vn 0.426469 0.752591 0.501728
vn -0.729506 0.617274 0.294608
vn -0.894615 0.327440 0.304052
vn 0.000000 -0.000000 1.000000
vn 0.253942 0.646398 0.719502
vn 0.584569 0.344746 0.734459
vn 0.356289 0.502108 0.788001
vn 0.295682 -0.523130 0.799317
vn 0.112756 -0.586335 0.802183
vn 0.371487 -0.928131 -0.023879
vn 0.704464 0.353582 -0.615394
vn 0.249703 -0.937121 -0.243828
vn 0.764016 0.630065 0.138912
vn 0.833159 -0.231702 0.502156
vn 0.352407 -0.933651 0.064074
vn 0.404821 0.751809 0.520483
vn -0.273034 -0.777098 0.567072
vn -0.729506 0.617274 0.294608
vn -0.763465 0.429202 0.482605
vn 0.581663 0.765346 0.275525
vn 0.877457 -0.371232 -0.303735
vn -0.320716 -0.922472 0.214913
vn -0.369413 -0.725634 -0.580507
vn 0.000000 -0.000000 -1.000000
vn 0.878934 -0.372430 -0.297944
vn -0.842561 -0.280854 0.459579
vn -0.404755 -0.689349 -0.600809
vn -0.394815 -0.882528 0.255469
vn -0.639969 -0.579404 0.504708
vn -0.450959 0.861273 0.234189
vn -0.648968 -0.334382 -0.683396
vn -0.573040 0.707799 -0.413093
vn -0.612310 0.218258 -0.759894
vn 0.809147 0.552228 0.200810
vn -0.674856 -0.737921 0.006468
vn 0.438381 -0.879871 0.183436
vn 0.377539 0.337431 0.862325
vn 0.635399 -0.004428 0.772171
vn 0.460389 -0.304144 0.833989
vn 0.332570 0.918525 0.213795
vn -0.517853 0.820494 -0.242113
vn 0.226612 0.609019 0.760094
vn 0.587476 0.321449 0.742659
vn 0.345045 -0.788114 -0.509726
vn -0.274412 0.308381 -0.910823
vn 0.034071 0.526555 -0.849458
vn 0.312971 0.849493 -0.424747
vn -0.174300 0.847866 0.500743
vn -0.510731 0.804409 0.303447
vn 0.229457 0.809850 -0.539900
vn 0.543748 -0.807804 -0.227575
vn 0.510285 -0.777433 -0.367705
vn 0.228598 0.776446 -0.587261
vn 0.256669 -0.674897 -0.691834
vn 0.884033 -0.365807 -0.290983
vn -0.339574 -0.909183 0.240988
vn 0.878008 -0.373359 -0.299508
vn -0.842561 -0.280854 0.459579
vn -0.559233 -0.186411 0.807781
vn 0.000000 -0.000000 -1.000000
vn -0.804251 0.341197 0.486585
vn 0.021792 0.982453 0.185231
vn -0.625093 -0.587885 0.513469
vn 0.353980 -0.921606 -0.159186
vn 0.421111 0.907009 0.000000
vn 0.179817 0.438156 0.880730
vn 0.421111 0.907009 0.000000
vn 0.000000 -0.000000 -1.000000
vn 0.358057 -0.787727 -0.501280
vn 0.197486 -0.700882 0.685393
vn 0.481371 -0.815657 -0.320914
vn 0.342079 -0.507491 0.790844
vn 0.888662 -0.410152 -0.205076
vn -0.304561 -0.889319 0.341108
vn -0.044455 -0.533465 0.844653
vn -0.842561 -0.280854 0.459579
vn -0.389206 -0.896354 0.212294
vn -0.175049 -0.525149 0.832812
vn 0.727574 0.457799 -0.510937
vn -0.436436 0.872872 0.218218
vn 0.285890 -0.502773 0.815773
vn 0.154455 -0.509501 0.846494
vn 0.434299 -0.900769 0.000000
vn 0.000000 -0.000000 -1.000000
vn 0.434299 -0.900769 0.000000
vn 0.275241 0.220193 0.935819
vn 0.874157 -0.388514 -0.291386
vn -0.044455 -0.533465 0.844653
vn 0.857143 -0.428571 -0.285714
vn -0.824799 -0.366062 0.430934
vn -0.745194 -0.605471 0.279447
vn -0.273034 -0.777098 0.567072
vn -0.569177 -0.181102 0.802022
vn 0.581663 0.765346 0.275525
vn 0.710665 -0.073729 0.699657
vn 0.808507 -0.582803 -0.081593
vn 0.606184 -0.749942 0.264816
vn 0.276282 0.310817 0.909429
vn 0.892871 -0.378794 -0.243510
vn 0.402739 0.732252 0.549189
vn 0.426469 0.752591 0.501728
vn 0.881863 -0.373096 -0.288301
vn 0.404158 0.745166 0.530457
vn 0.581663 0.765346 0.275525
vn 0.858943 0.438669 0.264172
vn 0.847484 -0.179690 0.499482
vn -0.470704 -0.879820 0.065986
vn -0.105785 -0.568214 0.816053
vn -0.460699 -0.556964 0.691048
vn -0.641695 0.765230 0.051473
vn 0.735233 0.414605 -0.536223
vn 0.396155 -0.900353 -0.180071
vn -0.974905 -0.023184 0.221411
vn -0.273034 -0.777098 0.567072
vn 0.022538 0.988276 0.151002
vn -0.769771 0.421949 0.478969
vn -0.980367 0.016707 0.196474
vn 0.000000 -0.000000 -1.000000
vn -0.865259 0.297473 0.403529
vn -0.698262 -0.698262 0.157672
vn 0.362895 0.930568 0.048477
vn -0.517853 0.820494 -0.242113
vn -0.262479 0.529732 -0.806529
vn -0.069882 0.805485 -0.588482
vn 0.451580 0.892147 -0.012238
vn 0.455842 0.683763 0.569803
vn -0.497344 -0.550822 -0.670256
vn -0.996265 -0.084953 -0.015446
vn -0.452175 -0.854894 -0.254349
vn 0.649581 0.395081 -0.649581
vn -0.574778 0.811075 0.108569
vn 0.492155 -0.395025 0.775718
vn -0.514496 -0.514496 -0.685994
vn -0.985761 -0.161823 0.045706
vn -0.468270 -0.882602 0.041678
vn -0.513928 -0.593220 0.619651
vn 0.546858 -0.829848 0.110901
vn 0.570867 0.605403 0.554615
vn -0.061627 -0.556263 0.828718
vn 0.455842 0.683763 0.569803
vn -0.586778 -0.526684 -0.615057
vn -0.522546 0.784922 0.332930
vn 0.051469 0.235288 -0.970562
vn 0.251001 -0.495455 -0.831578
vn -0.930041 -0.307483 0.201192
vn -0.412605 -0.909524 -0.050230
vn -0.311883 -0.252665 0.915909
vn -0.832286 0.512176 -0.212073
vn -0.564734 0.655820 -0.500974
vn -0.856634 0.237854 -0.457825
vn -0.515025 0.116597 -0.849208
vn 0.861199 0.430600 0.270037
vn -0.864190 -0.368449 0.342668
vn -0.383482 -0.920358 0.076696
vn -0.362701 -0.612058 -0.702733
vn -0.897123 0.403705 0.179425
vn -0.143464 -0.502124 0.852813
vn -0.895545 0.031150 0.443879
vn 0.053930 -0.074129 0.995789
vn 0.024882 0.039359 0.998915
vn -0.517853 0.820494 -0.242113
vn 0.643475 0.293871 0.706810
vn -0.069882 0.805485 -0.588482
vn -0.545784 0.750714 0.372220
vn 0.193536 -0.304966 0.932491
vn 0.405327 -0.895097 0.185775
vn 0.246972 0.453912 0.856136
vn -0.383482 -0.920358 0.076696
vn -0.884443 0.414583 0.214201
vn -0.112651 -0.540727 0.833621
vn -0.362701 -0.612058 -0.702733
vn -0.044281 0.221404 -0.974176
vn -0.861640 0.492366 0.123092
vn -0.891673 0.413664 0.183850
vn 0.616719 0.699871 0.360330
vn 0.641507 0.299907 0.706062
vn 0.401015 0.684173 0.609175
vn 0.302517 0.322764 0.896832
vn 0.340519 -0.063430 0.938096
vn 0.344579 0.853243 -0.391460
vn 0.367490 0.811541 -0.454259
vn 0.543251 -0.740797 -0.395093
vn 0.402671 -0.891156 0.209037
vn 0.272621 -0.495973 -0.824432
vn 0.830908 0.510577 0.221142
vn 0.829857 -0.224238 0.510936
vn -0.123853 -0.619264 0.775353
vn -0.873191 -0.350989 0.338148
vn -0.380309 -0.913797 0.142616
vn 0.000000 -0.000000 -1.000000
vn -0.809958 0.336444 0.480389
vn -0.684768 -0.712555 0.152832
vn 0.000000 -0.000000 -1.000000
vn 0.710868 -0.379130 -0.592391
vn -0.403198 -0.851197 0.335999
vn 0.475029 0.230317 -0.849295
vn -0.770337 0.626715 -0.117509
vn 0.658908 0.377718 -0.650515
vn 0.482713 -0.875779 -0.000000
vn 0.419348 0.594365 0.686206
vn -0.137011 -0.627700 0.766304
vn 0.957183 0.240407 0.161259
vn 0.872439 -0.201023 0.445466
vn -0.148477 -0.519668 0.841368
vn 0.632845 0.035158 0.773480
vn -0.847998 0.318000 0.423999
vn -0.844123 0.338485 0.415793
vn 0.137361 0.824163 0.549442
vn 0.023696 0.995216 0.094782
vn -0.820317 0.338919 0.460667
vn 0.036779 0.988435 0.147116
vn -0.080891 0.165828 0.982831
vn -0.963844 0.087057 -0.251844
vn -0.244704 -0.171293 0.954347
vn -0.879284 0.393092 -0.268958
vn -0.518047 0.008968 -0.855305
vn -0.595311 0.636040 0.490978
vn -0.749016 0.605162 0.269730
vn 0.583892 -0.713181 0.387871
vn -0.821560 -0.093511 -0.562401
vn -0.857480 0.414910 0.304266
vn -0.112651 -0.540727 0.833621
vn 0.342613 0.544151 0.765843
vn 0.217643 0.725476 -0.652929
vn -0.895443 0.426402 0.127921
vn -0.044281 0.221404 -0.974176
vn -0.861640 0.492366 0.123092
vn 0.473380 0.585708 0.657919
vn 0.344579 0.853243 -0.391460
vn 0.632186 0.602082 0.487686
vn 0.298552 0.832803 -0.466160
vn 0.617712 -0.196127 0.761555
vn 0.836671 0.448424 0.314479
vn -0.932055 0.310685 0.186411
vn -0.657970 -0.483407 -0.577402
vn -0.154303 -0.617213 0.771517
vn -0.338341 -0.922749 -0.184550
vn -0.053149 -0.425195 0.903540
vn -0.901869 0.416248 0.115625
vn -0.861640 0.492366 0.123092
vn -0.881992 0.416497 0.220498
vn 0.342614 0.544151 0.765843
vn 0.398078 -0.008654 0.917311
vn -0.825918 0.313512 0.468582
vn 0.357747 0.694450 0.624304
vn 0.852603 -0.375145 0.363777
vn -0.357619 -0.379971 0.853071
vn 0.625694 -0.757419 0.186610
vn 0.000000 -0.000000 -1.000000
vn -0.886418 0.405084 0.223987
vn 0.237786 0.792619 -0.561438
vn -0.963844 0.087057 -0.251844
vn 0.299121 0.044645 -0.953170
vn -0.879418 0.394222 -0.266858
vn 0.328769 -0.526030 0.784349
vn 0.530662 -0.846532 -0.042212
vn 0.309298 -0.488004 0.816203
vn 0.589145 -0.806631 -0.047483
vn 0.388625 -0.764714 -0.513988
vn 0.532181 -0.768706 -0.354787
vn -0.361982 0.194700 -0.911625
vn -0.938562 0.301681 0.167600
vn 0.173749 0.651558 -0.738433
vn -0.527046 -0.421637 -0.737865
vn 0.217643 0.725476 -0.652929
vn -0.930892 0.330044 0.156559
vn -0.378124 -0.668989 -0.639903
vn -0.897035 0.321801 0.302941
vn 0.800658 -0.152472 0.579395
vn 0.597910 -0.769903 0.223056
vn 0.906748 0.018102 0.421284
vn 0.796852 -0.151941 0.584757
vn 0.511629 -0.815463 0.270657
vn 0.312971 0.849493 -0.424747
vn -0.003680 0.727947 0.685624
vn 0.464368 0.768953 -0.439402
vn 0.312971 0.849493 -0.424747
vn 0.330634 0.785255 -0.523503
vn 0.198646 -0.656601 -0.727609
vn 0.467275 0.790774 -0.395387
vn -0.920662 0.331025 0.206890
vn -0.207390 -0.518476 0.829561
vn 0.204450 0.511124 0.834837
vn -0.411693 -0.864557 -0.288185
vn -0.924026 0.331521 0.190448
vn 0.173749 0.651558 -0.738433
vn -0.053149 -0.425195 0.903540
vn -0.411693 -0.864557 -0.288185
vn -0.928955 0.341907 0.141924
vn -0.383482 -0.920358 0.076696
vn -0.362701 -0.612058 -0.702733
vn 0.897123 -0.403705 -0.179425
vn -0.141818 -0.498511 0.855204
vn 0.398078 -0.008654 0.917311
vn -0.937426 0.294835 0.185217
vn -0.396184 -0.669414 -0.628429
vn 0.424828 0.697932 0.576552
vn -0.147442 -0.884652 0.442326
vn -0.865185 0.198993 0.460279
vn -0.196116 -0.784465 0.588348
vn 0.773487 -0.384400 -0.503939
vn -0.394815 -0.882528 0.255469
vn -0.070332 -0.588235 0.805626
vn 0.550727 -0.749600 -0.367151
vn 0.516585 -0.429726 0.740591
vn -0.383482 -0.920358 0.076696
vn 0.884443 -0.414583 -0.214201
vn -0.112651 -0.540727 0.833621
vn -0.362701 -0.612058 -0.702733
vn -0.044281 0.221404 -0.974176
vn 0.884453 -0.435526 -0.167510
vn -0.963844 0.087057 -0.251844
vn -0.080891 0.165828 0.982831
vn 0.281873 0.027500 -0.959057
vn 0.915472 0.089314 0.392345
vn 0.852133 -0.375611 0.364399
vn 0.457189 0.206971 -0.864952
vn 0.619585 -0.757271 0.206528
vn -0.920648 0.344242 0.184130
vn 0.319937 0.577664 0.750963
vn -0.282497 -0.887848 0.363210
vn -0.284157 -0.699464 0.655748
vn -0.196116 -0.784465 0.588348
vn -0.912501 0.238654 0.332244
vn -0.080891 0.165828 0.982831
vn 0.852133 -0.375611 0.364399
vn -0.252873 -0.160920 0.954023
vn 0.915472 0.089314 0.392345
vn 0.717248 -0.072694 -0.693016
vn 0.783054 0.103778 -0.613235
vn -0.856634 0.237854 -0.457825
vn -0.926074 -0.311423 0.213079
vn -0.996204 0.016439 0.085483
vn 0.700521 -0.198431 -0.685489
vn -0.845693 0.405933 -0.346442
vn -0.996204 0.016439 0.085483
vn -0.932601 0.310191 0.184493
vn 0.310643 0.663103 0.681025
vn -0.089274 -0.238064 0.967138
vn 0.159051 -0.047715 0.986117
vn -0.904979 0.356401 0.232360
vn 0.547739 0.521020 0.654615
vn 0.368393 0.903439 0.219281
vn -0.914047 0.324915 0.242794
vn 0.209544 0.792336 -0.572970
vn 0.938473 -0.345185 0.010787
vn -0.110222 -0.688886 0.716441
vn -0.338341 -0.922749 -0.184550
vn 0.916569 -0.392815 -0.074822
vn -0.527046 -0.421637 -0.737865
vn -0.338341 -0.922749 -0.184550
vn 0.857480 -0.414910 -0.304267
vn 0.342614 0.544151 0.765843
vn -0.112651 -0.540727 0.833621
vn 0.217643 0.725476 -0.652929
vn -0.044281 0.221404 -0.974176
vn 0.874573 -0.468521 -0.124939
vn -0.854436 0.350743 0.383299
vn 0.357747 0.694450 0.624304
vn 0.023696 0.995216 0.094782
vn 0.403567 0.605350 0.686064
vn 0.190207 -0.078706 0.978584
vn 0.239019 -0.098904 -0.965965
vn 0.424828 0.697932 0.576552
vn -0.852210 0.227609 0.471097
vn -0.688697 -0.715185 0.119197
vn -0.852405 0.387736 0.350809
vn -0.552763 0.825531 0.113804
vn -0.220648 -0.595749 0.772268
vn -0.832872 0.358451 0.421707
vn -0.450119 -0.892520 0.028293
vn 0.811438 -0.388227 -0.436862
vn -0.070333 -0.588235 0.805626
vn 0.925777 -0.376097 0.038574
vn -0.154303 -0.617213 0.771517
vn 0.282961 0.517611 0.807473
vn -0.053149 -0.425195 0.903540
vn 0.883724 -0.432151 -0.179658
vn 0.342614 0.544151 0.765843
vn 0.378383 0.881965 0.281005
vn -0.878095 0.322179 0.353765
vn 0.851674 -0.376064 0.365003
vn 0.284254 0.036848 -0.958041
vn 0.915472 0.089314 0.392345
vn -0.856634 0.237854 -0.457825
vn -0.845693 0.405933 -0.346442
vn 0.838390 0.506719 0.200845
vn -0.996204 0.016439 0.085483
vn 0.711792 -0.095757 -0.695832
vn 0.937607 0.243736 0.247962
vn 0.665827 -0.258933 -0.699735
vn 0.960922 -0.138388 0.239743
vn 0.835829 -0.417915 0.356001
vn 0.173749 0.651558 -0.738433
vn 0.917170 -0.393073 -0.065512
vn -0.249357 -0.272026 -0.929421
vn -0.907429 0.357999 0.220020
vn 0.000000 -0.000000 1.000000
vn -0.096561 -0.241402 0.965609
vn 0.217643 0.725476 -0.652929
vn -0.396184 -0.669414 -0.628429
vn 0.913382 -0.389710 -0.117725
vn 0.341972 0.439679 0.830504
vn -0.031537 -0.378444 0.925087
vn -0.872872 0.436436 0.218218
vn -0.411693 -0.864557 -0.288185
vn 0.173749 0.651558 -0.738433
vn 0.923529 -0.383352 -0.011617
vn -0.053149 -0.425195 0.903540
vn -0.411693 -0.864557 -0.288185
vn 0.912793 -0.391197 -0.117359
vn 0.341972 0.439679 0.830504
vn 0.407245 0.845818 0.344592
vn -0.796432 0.398216 0.455104
vn -0.682799 0.689510 0.241580
vn 0.193536 -0.304966 0.932491
vn -0.035393 -0.411846 0.910566
vn -0.655561 0.740332 0.148820
vn 0.145154 0.256439 -0.955599
vn 0.850038 0.479509 0.217958
vn 0.949037 -0.255216 0.184917
vn 0.870491 -0.191211 0.453523
vn 0.835829 -0.417915 0.356001
vn -0.106516 -0.550842 0.827785
vn 0.247269 -0.067437 0.966597
vn 0.262976 -0.289273 0.920416
vn 0.062801 0.167468 0.983875
vn 0.106371 -0.563766 0.819056
vn -0.412021 -0.669534 -0.618031
vn 0.936335 -0.321125 -0.141971
vn -0.478600 -0.587373 -0.652637
vn 0.740050 -0.465515 -0.485409
vn -0.458079 -0.858898 -0.229039
vn -0.497344 -0.550822 -0.670256
vn -0.464805 -0.885344 0.011067
vn 0.789360 -0.347736 -0.505955
vn -0.015991 -0.003598 -0.999866
vn 0.867315 -0.418704 -0.269167
vn 0.349752 0.899009 0.263545
vn -0.287293 0.861880 0.417881
vn 0.209544 0.792336 -0.572970
vn 0.397452 0.480436 -0.781801
vn -0.173962 -0.039142 0.983974
vn 0.769990 0.630274 0.099354
vn 0.612461 0.703792 0.359955
vn -0.312833 -0.941935 -0.122039
vn 0.366691 0.476818 0.798863
vn 0.509802 0.860292 0.000000
vn 0.707107 0.707107 0.000000
vn 0.281337 0.361049 0.889097
vn 0.509802 0.860292 0.000000
vn 0.707107 0.707107 0.000000
vn 0.000000 -0.000000 -1.000000
vn 0.236686 0.539737 0.807876
vn 0.906935 -0.413690 -0.079556
vn 0.320128 0.616543 0.719300
vn -0.834364 0.340622 0.433374
vn -0.678834 -0.725118 0.115710
vn 0.424828 0.697932 0.576552
vn -0.147442 -0.884652 0.442326
vn -0.227921 0.911685 0.341882
vn 0.930199 -0.164153 -0.328305
vn -0.348028 0.491333 0.798416
vn -0.371258 0.825560 0.424992
vn 0.869510 -0.374339 -0.322216
vn -0.250801 0.752403 0.609088
vn 0.603955 -0.687838 -0.402637
vn -0.470917 0.025004 -0.881823
vn -0.453413 -0.654930 0.604551
vn -0.693989 -0.716743 0.068261
vn -0.843740 0.387076 0.371854
vn 0.723495 0.598347 0.344292
vn 0.556488 0.821194 -0.126338
vn -0.216012 0.482260 -0.848978
vn 0.561169 0.593235 0.577202
vn -0.312833 -0.941935 -0.122039
vn 0.379442 -0.474019 0.794563
vn 0.620703 -0.784046 0.000000
vn 0.000000 -0.000000 -1.000000
vn 0.620703 -0.784046 0.000000
vn 0.774372 0.142648 -0.616441
vn -0.864190 -0.368449 0.342668
vn 0.937974 -0.318377 -0.137264
vn 0.243774 0.650065 0.719715
vn -0.096561 -0.241402 0.965609
vn 0.238065 -0.089274 0.967138
vn 0.925062 -0.349789 -0.148010
vn 0.766165 -0.472942 -0.435106
vn -0.436042 -0.882384 -0.176820
vn 0.000000 -0.000000 -1.000000
vn 0.811903 -0.371140 -0.450631
vn 0.047613 -0.072689 0.996218
vn 0.024882 0.039359 0.998915
vn 0.110077 0.278862 -0.954002
vn 0.620705 -0.690891 -0.370669
vn 0.312460 -0.472014 -0.824362
vn 0.609876 -0.782095 0.127979
vn 0.946130 0.044996 0.320646
vn 0.900020 -0.238751 0.364638
vn 0.699855 -0.181525 0.690834
vn 0.837447 0.533984 0.116374
vn 0.654939 -0.660585 -0.366991
vn 0.672185 -0.260537 0.693028
vn -0.282497 -0.887848 0.363210
vn -0.147442 -0.884652 0.442326
vn 0.876510 -0.327056 -0.353220
vn -0.196116 -0.784465 0.588348
vn 0.315244 0.945732 0.078811
vn 0.319606 0.476556 0.818991
vn 0.374775 0.906713 0.193432
vn 0.143278 0.622235 0.769607
vn 0.193536 -0.304966 0.932491
vn 0.602933 -0.698480 -0.385483
vn -0.019161 -0.459859 0.887785
vn 0.428537 -0.883858 0.187485
vn 0.925126 -0.350175 -0.146695
vn 0.000000 -0.000000 1.000000
vn -0.105134 -0.245312 0.963727
vn -0.142401 -0.400655 0.905095
vn -0.553371 -0.553370 -0.622544
vn -0.899878 -0.234451 -0.367766
vn -0.986009 0.165552 0.019477
vn 0.594647 -0.745795 0.300307
vn -0.821560 -0.093511 -0.562401
vn 0.707107 -0.000000 -0.707107
vn 0.769809 0.153962 -0.619427
vn 0.836918 0.541988 0.076268
vn -0.142300 -0.777176 0.612984
vn 0.836536 -0.418268 -0.353919
vn -0.380602 -0.920261 0.090890
vn -0.282497 -0.887848 0.363210
vn -0.116680 -0.495888 0.860512
vn 0.852544 -0.392745 -0.344849
vn 0.368393 0.903439 0.219281
vn 0.859194 -0.417439 -0.295855
vn 0.181619 0.791341 -0.583776
vn 0.645284 -0.315777 -0.695625
vn -0.845693 0.405933 -0.346442
vn 0.772497 0.625355 0.110357
vn -0.296399 -0.691598 0.658665
vn 0.272639 -0.374879 0.886078
vn -0.839108 0.364675 0.403621
vn 0.840028 -0.375127 -0.391960
vn -0.847326 0.379959 0.371040
vn -0.593488 0.803201 0.051380
vn 0.190207 -0.078706 0.978584
vn -0.136001 -0.714005 0.686805
vn 0.243209 -0.098598 -0.964950
vn -0.296399 -0.691598 0.658665
vn -0.871541 0.356851 0.336264
vn -0.693189 -0.717618 0.067181
vn -0.520771 -0.790136 -0.323237
vn -0.020089 0.381683 -0.924075
vn -0.850798 0.355788 0.386726
vn -0.218218 -0.436436 -0.872872
vn 0.341972 0.439679 0.830504
vn 0.079745 -0.279108 0.956943
vn 0.898146 -0.408248 -0.163300
vn 0.039648 0.766533 -0.640980
vn 0.305216 0.951858 0.028452
vn -0.606323 0.792786 0.062154
vn 0.373536 0.878909 0.296632
vn 0.848362 -0.393664 -0.353993
vn 0.630029 0.551657 0.546569
vn 0.265658 0.491882 0.829143
vn 0.248925 0.024246 0.968219
vn 0.526932 0.691598 -0.493999
vn -0.571046 -0.568563 -0.592151
vn 0.820838 -0.145357 0.552356
vn 0.617535 -0.721744 0.312627
vn 0.940153 0.086502 0.329590
vn 0.618853 -0.309426 -0.721995
vn 0.817512 0.555008 0.153752
vn 0.835829 -0.417915 0.356001
vn 0.341972 0.439679 0.830504
vn 0.391676 0.836077 0.384143
vn 0.841038 -0.410739 -0.352062
vn -0.059679 -0.013428 -0.998127
vn 0.472921 -0.657978 0.586012
vn -0.432638 0.152008 0.888661
vn 0.278136 -0.203635 -0.938708
vn -0.173962 -0.039142 0.983974
vn 0.000000 -0.000000 -1.000000
vn 0.831015 -0.321276 -0.454088
vn 0.009566 0.005011 0.999942
vn 0.331295 0.331295 0.883452
vn 0.612461 0.703792 0.359955
vn 0.659404 0.295592 0.691239
vn 0.612923 0.696031 0.373987
vn 0.465942 -0.415016 0.781447
vn 0.875936 -0.479948 -0.048843
vn 0.667248 -0.741791 -0.067270
vn 0.381157 0.338806 0.860192
vn 0.671219 -0.046356 0.739808
vn 0.838042 0.020194 -0.545232
vn -0.899878 -0.234451 -0.367766
vn 0.725463 0.211986 -0.654801
vn -0.986009 0.165552 0.019477
vn 0.237096 -0.091552 0.967163
vn 0.342134 0.517133 0.784549
vn 0.243209 -0.098598 -0.964950
vn -0.114900 -0.674410 0.729362
vn 0.262976 -0.289273 0.920416
vn 0.884652 -0.351592 -0.306226
vn -0.520771 -0.790136 -0.323237
vn -0.868085 0.340000 0.361702
vn 0.116248 -0.929981 0.348743
vn 0.125491 -0.564710 0.815693
vn 0.436577 -0.397444 0.807118
vn 0.879211 -0.473421 -0.053476
vn 0.645860 -0.761737 -0.051202
vn 0.583614 0.504030 0.636670
vn -0.174952 -0.428691 0.886350
vn 0.592926 0.632658 0.498180
vn 0.004027 0.773592 -0.633671
vn 0.714183 -0.608812 -0.345384
vn -0.483461 -0.002139 -0.875363
vn -0.581912 -0.111808 -0.805529
vn 0.451866 -0.621316 0.640144
vn -0.835864 0.342918 0.428648
vn 0.154304 0.617213 0.771517
vn -0.854832 0.346003 0.386710
vn -0.381000 0.889001 0.254000
vn 0.140799 0.592836 0.792919
vn 0.263031 0.958179 -0.112727
vn 0.267261 0.534522 -0.801784
vn -0.863527 0.350981 0.362124
vn 0.383983 0.831210 -0.402053
vn 0.480031 0.601705 -0.638374
vn 0.606886 0.655945 0.448805
vn 0.667151 0.733865 0.127870
vn 0.816497 -0.408248 0.408248
vn 0.262976 -0.289273 0.920416
vn 0.106371 -0.563766 0.819056
vn 0.887649 -0.349561 -0.299811
vn 0.663603 0.293818 0.687969
vn -0.216012 0.482260 -0.848978
vn -0.069882 0.805485 -0.588482
vn 0.667151 0.733865 0.127870
vn -0.685999 0.718186 0.116680
vn -0.183262 -0.467421 0.864831
vn 0.783446 -0.554703 -0.280210
vn 0.714537 -0.174644 0.677449
vn 0.715918 0.237540 -0.656533
vn 0.954129 0.128167 0.270574
vn 0.900020 -0.238751 0.364638
vn -0.120332 -0.708622 0.695252
vn -0.900090 0.371631 0.227438
vn 0.112187 -0.154258 0.981641
vn 0.816497 -0.408248 0.408248
vn 0.155199 0.204581 0.966468
vn 0.106371 -0.563766 0.819056
vn 0.552052 0.345032 0.759072
vn -0.870388 0.348155 0.348155
vn 0.125491 -0.564710 0.815693
vn 0.184572 0.615485 0.766232
vn 0.578623 0.696156 -0.424926
vn 0.501949 0.745081 -0.439206
vn -0.010825 -0.477182 -0.878738
vn 0.746383 -0.203890 -0.633515
vn -0.749016 0.605162 0.269730
vn -0.986009 0.165552 0.019477
vn -0.821560 -0.093511 -0.562401
vn 0.263031 0.958179 -0.112727
vn 0.530836 0.325952 0.782284
vn -0.847381 0.387373 0.363163
vn 0.838372 -0.355151 -0.413521
vn -0.707400 0.701505 0.086460
vn 0.330144 0.330143 -0.884313
vn 0.066827 0.775196 -0.628176
vn 0.218921 0.910513 -0.350771
vn -0.662997 0.748545 -0.010694
vn -0.860584 0.392044 0.325110
vn 0.000000 -0.000000 -1.000000
vn -0.406096 -0.913715 -0.014503
vn 0.640909 -0.024734 0.767218
vn 0.580159 -0.777941 0.241293
vn 0.775708 -0.145446 -0.614103
vn 0.721606 0.118620 -0.682066
vn 0.646878 -0.741617 0.177632
vn 0.900020 -0.238751 0.364638
vn -0.904315 0.365858 0.219915
vn 0.000000 -0.000000 1.000000
vn 0.051284 0.119662 0.991489
vn -0.398087 0.875792 -0.272974
vn 0.267261 0.534522 -0.801784
vn -0.413869 -0.475950 -0.776005
vn 0.029796 -0.036482 0.998890
vn 0.760684 0.184408 -0.622377
vn 0.807232 -0.520795 -0.277757
vn -0.805920 -0.404573 0.432220
vn -0.527165 0.082249 -0.845773
vn 0.816497 -0.408248 0.408248
vn 0.368208 0.513957 0.774772
vn 0.860879 -0.391561 -0.324912
vn -0.859063 0.411634 0.304251
vn -0.388048 -0.921613 0.006930
vn 0.051819 0.123071 0.991044
vn 0.477328 0.249512 0.842556
vn 0.860125 0.506575 0.059717
vn 0.412011 0.350210 0.841190
vn -0.899878 -0.234451 -0.367766
vn 0.709127 0.295470 -0.640184
vn 0.538855 -0.821113 0.188172
vn -0.882825 0.418581 0.213096
vn 0.272639 -0.374879 0.886078
vn 0.245957 0.551283 0.797240
vn 0.183266 0.784756 -0.592091
vn 0.397117 0.611351 0.684505
vn 0.190207 -0.078706 0.978584
vn 0.861693 -0.368662 -0.348675
vn -0.520771 -0.790136 -0.323237
vn -0.413869 -0.475950 -0.776005
vn 0.271983 -0.944591 0.183773
vn -0.591357 -0.443518 -0.673490
vn -0.861459 0.369197 0.348686
vn 0.000000 -0.000000 -1.000000
vn 0.341972 0.928211 0.146560
vn 0.816391 0.555834 0.156697
vn 0.265658 0.491882 0.829143
vn 0.538276 0.191245 0.820783
vn 0.706297 -0.631352 -0.320218
vn -0.109879 -0.451953 0.885248
vn 0.758541 0.180605 -0.626097
vn 0.838775 -0.493397 -0.230252
vn 0.796613 -0.091917 0.597460
vn 0.687613 0.724950 0.040448
vn -0.256748 -0.744569 0.616195
vn -0.881048 0.421014 0.215641
vn 0.124586 0.147946 0.981117
vn 0.341432 0.938937 0.042679
vn -0.484872 0.842565 0.234487
vn 0.258174 0.308374 -0.915561
vn 0.746188 -0.604592 -0.278697
vn 0.691598 0.296399 -0.658665
vn 0.594625 -0.772608 0.222479
vn 0.905952 0.229301 0.355910
vn -0.382360 0.841191 -0.382360
vn 0.263031 0.958179 -0.112727
vn 0.432709 0.598156 -0.674516
vn 0.610487 0.296994 0.734234
vn -0.860584 0.392044 0.325110
vn 0.406080 0.913681 0.016920
vn 0.052879 0.118979 0.991488
vn 0.000000 -0.000000 -1.000000
vn 0.306958 0.877024 0.369603
vn 0.818044 -0.272681 -0.506408
vn 0.046290 0.018937 0.998749
vn 0.235042 -0.096367 0.967196
vn 0.904389 -0.397413 -0.155380
vn 0.383796 0.892066 0.238576
vn -0.382692 0.861057 0.334855
vn 0.333866 0.545196 0.768957
vn 0.631571 0.291203 0.718554
vn 0.251032 -0.924011 0.288420
vn 0.125491 -0.564710 0.815693
vn -0.059679 -0.013428 -0.998127
vn -0.493156 -0.392698 -0.776264
vn -0.301032 0.911821 -0.279218
vn -0.027112 -0.410073 -0.911650
vn 0.397452 0.480436 -0.781801
vn 0.776114 0.630592 0.000000
vn 0.314649 0.314649 0.895540
vn 0.248925 0.024246 0.968219
vn 0.776114 0.630592 0.000000
vn 0.000000 -0.000000 -1.000000
vn -0.229564 -0.571660 0.787721
vn -0.894826 0.424271 0.138852
vn 0.913352 -0.379673 -0.147092
vn 0.000000 -0.000000 1.000000
vn 0.124586 0.147946 0.981117
vn -0.887811 0.404350 0.219755
vn 0.206529 0.757271 -0.619586
vn -0.323778 -0.627320 -0.708264
vn -0.540668 0.840650 -0.031393
vn -0.542442 -0.489948 -0.682427
vn -0.505901 -0.379426 -0.774661
vn 0.327450 0.944773 0.013420
vn 0.826073 -0.316589 -0.466234
vn 0.399190 0.361172 0.842735
vn 0.349752 0.899009 0.263545
vn 0.806777 -0.261598 -0.529791
vn 0.380361 0.458848 0.802984
vn 0.091533 -0.010025 0.995752
vn 0.009924 0.043004 0.999026
vn -0.759054 0.649436 0.045502
vn -0.267261 -0.534522 0.801784
vn 0.547062 -0.300939 0.781126
vn 0.918821 -0.390823 -0.055000
vn 0.515165 -0.376262 0.770086
vn 0.723356 -0.690476 0.000000
vn 0.836970 -0.547249 0.000000
vn 0.000000 -0.000000 -1.000000
vn 0.723356 -0.690476 0.000000
vn 0.836970 -0.547249 0.000000
vn 0.314270 0.864242 -0.392837
vn -0.883769 0.415891 0.214444
vn 0.216437 0.185518 0.958508
vn -0.912608 0.375780 0.161049
vn -0.120913 0.048365 -0.991484
vn -0.347621 -0.640926 -0.684378
vn -0.164509 0.082254 -0.982940
vn -0.411552 -0.910964 0.027745
vn 0.086688 0.010705 0.996178
vn 0.009924 0.043004 0.999026
vn 0.545369 -0.282740 0.789070
vn 0.891080 -0.451461 -0.046478
vn 0.314270 0.864242 -0.392837
vn -0.374634 -0.655610 -0.655610
vn -0.909137 0.404061 0.101015
vn -0.880347 0.472382 0.042944
vn -0.904534 0.301511 0.301511
vn -0.374634 -0.655610 -0.655610
vn 0.000000 0.707107 -0.707107
vn -0.904534 0.301511 0.301511
vn -0.909591 0.369673 0.189701
vn 0.196020 0.168017 0.966099
vn -0.077469 -0.484183 0.871530
vn -0.351959 -0.258493 0.899614
vn -0.714477 -0.477895 -0.511017
vn -0.561939 -0.590609 -0.579142
vn -0.234951 -0.172297 -0.956615
vn 0.689655 0.619282 -0.375322
vn -0.175114 -0.276924 -0.944801
vn 0.120913 0.556198 -0.822206
vn -0.913904 0.365562 0.176478
vn -0.120913 0.048365 -0.991484
vn 0.379462 0.281536 0.881332
vn 0.227552 -0.113776 0.967096
vn -0.049796 -0.159348 0.985966
vn 0.882121 -0.426833 -0.199189
vn 0.362500 0.217500 0.906249
vn 0.343426 0.479559 0.807516
vn 0.161690 0.808452 -0.565916
vn 0.849209 -0.344483 -0.400220
vn -0.294957 -0.393275 -0.870824
vn 0.443351 -0.882709 -0.155772
vn -0.505901 -0.379426 -0.774661
vn -0.143257 0.269661 0.952240
vn -0.301713 0.868567 -0.393141
vn 0.397452 0.480436 -0.781801
vn -0.173962 -0.039142 0.983974
vn 0.467319 -0.739340 0.484757
vn -0.027112 -0.410073 -0.911650
vn -0.776896 0.629410 0.016618
vn 0.425797 0.425797 -0.798369
vn -0.177394 -0.532181 0.827837
vn -0.914168 0.397464 0.079493
vn 0.177394 0.532181 0.827837
vn -0.880347 0.472382 0.042944
vn -0.223128 -0.786821 0.575436
vn 0.882456 -0.441228 -0.163063
vn 0.185017 0.170785 0.967782
vn -0.465235 0.864562 -0.189971
vn 0.647851 0.223397 0.728274
vn 0.066827 0.775196 -0.628176
vn 0.293214 0.955661 -0.027150
vn 0.823153 -0.310019 -0.475718
vn 0.541017 -0.034533 0.840303
vn -0.426476 -0.902639 0.057968
vn 0.050800 0.127000 0.990601
vn 0.438856 0.367888 0.819795
vn 0.739256 0.031887 0.672669
vn 0.768350 0.548821 -0.329293
vn 0.419231 0.408905 0.810582
vn 0.555441 0.334277 0.761409
vn 0.709828 0.608424 -0.354914
vn 0.285133 0.370673 0.883912
vn -0.887848 0.363210 0.282497
vn -0.079556 -0.477334 0.875113
vn 0.402709 0.911393 0.084781
vn 0.120913 0.556198 -0.822206
vn -0.928279 0.309426 0.206284
vn 0.234344 -0.097998 0.967202
vn -0.095895 -0.600299 0.794006
vn 0.245986 -0.098394 -0.964266
vn -0.559065 -0.735612 -0.382518
vn -0.849889 0.424945 0.311626
vn 0.246546 0.904004 -0.349274
vn 0.037925 -0.549917 -0.834358
vn 0.478038 -0.657302 0.582609
vn 0.638478 0.072969 0.766173
vn -0.143257 0.269661 0.952240
vn -0.345994 0.147147 -0.926626
vn 0.652045 0.745194 0.139724
vn 0.277317 0.924391 0.261911
vn 0.937566 0.346709 0.027626
vn 0.578575 0.113876 0.807640
vn -0.723503 -0.477785 -0.498262
vn 0.512738 0.379085 -0.770321
vn -0.608812 -0.600584 -0.518312
vn 0.630991 -0.381916 -0.675271
vn -0.595311 0.636040 0.490978
vn -0.749016 0.605162 0.269730
vn 0.177394 0.532181 0.827837
vn 0.296681 0.890043 -0.346128
vn -0.880347 0.472382 0.042944
vn -0.904534 0.301511 0.301511
vn -0.027826 0.820871 -0.570436
vn 0.402709 0.911393 0.084781
vn 0.285133 0.370673 0.883912
vn -0.909140 0.365088 0.200440
vn 0.126638 -0.613708 0.779311
vn -0.559065 -0.735612 -0.382518
vn -0.857490 0.410104 0.310685
vn 0.557001 -0.021019 0.830246
vn 0.447214 0.894427 -0.000000
vn 0.652045 0.745194 0.139724
vn 0.341972 0.928211 0.146560
vn 0.051819 0.123071 0.991044
vn 0.518016 0.150150 0.842089
vn 0.962795 0.270216 0.003098
vn -0.243896 -0.664405 0.706456
vn 0.924621 -0.377947 -0.047243
vn 0.190207 -0.078706 0.978584
vn -0.129345 -0.713982 0.688113
vn 0.875287 -0.336048 -0.347770
vn 0.660230 0.128501 0.739989
vn 0.397478 -0.917544 0.011144
vn 0.829732 -0.527372 -0.182822
vn -0.295268 -0.529608 0.795193
vn 0.997235 -0.060165 -0.043620
vn 0.588614 -0.166889 0.791000
vn 0.954469 -0.286945 -0.081553
vn 0.630991 -0.381916 -0.675271
vn 0.574538 -0.810170 0.116324
vn 0.314270 0.864242 -0.392837
vn 0.909009 -0.404696 -0.099617
vn 0.196020 0.168017 0.966099
vn 0.902389 -0.395859 -0.170262
vn 0.183266 0.784756 -0.592091
vn -0.347621 -0.640926 -0.684378
vn -0.120913 0.048365 -0.991484
vn 0.908688 -0.320713 -0.267261
vn -0.374634 -0.655610 -0.655610
vn -0.816497 0.408248 -0.408248
vn -0.512483 0.217953 -0.830577
vn -0.509663 -0.849439 0.136739
vn -0.813042 0.579692 -0.054039
vn -0.382954 -0.583079 0.716495
vn 0.451332 0.414453 -0.790271
vn 0.832338 -0.515094 -0.204673
vn -0.389330 -0.245081 0.887895
vn 0.654139 0.640112 0.402939
vn 0.314270 0.864242 -0.392837
vn -0.374634 -0.655610 -0.655610
vn 0.931027 -0.364788 -0.010889
vn -0.374634 -0.655610 -0.655610
vn 0.904534 -0.301511 -0.301511
vn 0.053149 0.425195 -0.903540
vn 0.127252 -0.654437 0.745331
vn -0.849889 0.424945 0.311626
vn 0.505543 0.245112 0.827252
vn -0.715596 0.694020 0.079111
vn -0.059702 -0.079603 -0.995037
vn -0.294957 -0.393275 -0.870824
vn -0.418610 -0.313958 -0.852171
vn 0.598870 -0.152094 0.786271
vn 0.997768 -0.039911 -0.053539
vn 0.942847 -0.327465 -0.061696
vn -0.597437 -0.437410 -0.672117
vn -0.453582 0.888265 0.072447
vn 0.996426 0.082804 -0.016700
vn 0.604488 -0.027030 0.796155
vn -0.196250 -0.510251 0.837335
vn 0.177394 0.532181 0.827837
vn 0.926703 -0.370681 0.061780
vn 0.923043 -0.320844 -0.212251
vn 0.179017 0.153443 0.971807
vn -0.075485 -0.490653 0.868079
vn 0.120913 0.556198 -0.822206
vn -0.120913 0.048365 -0.991484
vn 0.922202 -0.311641 -0.228961
vn 0.869560 -0.331985 -0.365583
vn 0.572944 0.025129 0.819209
vn 0.999390 0.013556 -0.032195
vn -0.818862 0.489350 -0.300003
vn -0.534522 -0.801784 0.267261
vn -0.493943 -0.673979 0.549339
vn 0.623783 0.686161 0.374270
vn 0.421778 0.320820 -0.848043
vn 0.678146 0.647618 0.347432
vn 0.647670 0.308199 0.696805
vn -0.163196 0.426417 -0.889683
vn -0.312833 -0.941935 -0.122039
vn 0.667151 0.733865 0.127870
vn 0.766523 -0.046262 0.640548
vn 0.568915 -0.810913 0.136952
vn 0.942083 -0.314027 -0.117760
vn 0.296681 0.890043 -0.346128
vn 0.000000 0.707107 -0.707107
vn -0.843338 0.437287 0.312348
vn 0.246546 0.904004 -0.349274
vn 0.786387 0.481222 0.387325
vn 0.505543 0.245112 0.827252
vn 0.094532 0.783265 -0.614458
vn 0.218938 0.905607 -0.363238
vn 0.857722 -0.181941 -0.480844
vn -0.655045 0.754186 0.046030
vn 0.606496 -0.005097 0.795070
vn 0.177394 0.532181 0.827837
vn 0.930523 -0.365563 0.022155
vn 0.296681 0.890043 -0.346128
vn 0.285133 0.370673 0.883912
vn 0.944981 -0.300676 -0.128861
vn -0.077469 -0.484183 0.871530
vn 0.402709 0.911393 0.084781
vn 0.120913 0.556198 -0.822207
vn 0.928279 -0.309426 -0.206284
vn 0.379462 0.281536 0.881332
vn -0.000000 -0.242536 0.970142
vn 0.734786 -0.267195 0.623455
vn -0.035039 -0.609675 0.791877
vn 0.895291 -0.302161 -0.327341
vn 0.734786 -0.267195 0.623455
vn 0.188725 -0.617645 0.763478
vn -0.559065 -0.735612 -0.382518
vn -0.877069 -0.258623 -0.404801
vn -0.082099 -0.697845 -0.711528
vn -0.798585 0.420308 -0.430816
vn 0.565979 0.814587 -0.126949
vn -0.551645 0.199531 -0.809861
vn 0.660839 0.719842 -0.212412
vn 0.652045 0.745194 0.139724
vn -0.758658 -0.453224 -0.468003
vn -0.791792 -0.457480 -0.404694
vn -0.500370 0.768245 0.399285
vn -0.811637 0.572920 -0.114054
vn 0.555241 0.472600 -0.684366
vn 0.402709 0.911393 0.084781
vn 0.285133 0.370673 0.883912
vn 0.934784 -0.294420 -0.198734
vn -0.877069 -0.258623 -0.404801
vn 0.037925 -0.549917 -0.834358
vn -0.149771 0.715574 -0.682292
vn -0.947345 -0.308685 -0.085155
vn -0.131876 -0.065938 -0.989071
vn -0.294957 -0.393275 -0.870824
vn 0.508777 -0.831416 -0.223367
vn 0.701615 -0.674629 -0.229374
vn 0.699284 -0.110778 0.706208
vn -0.508263 -0.836516 0.204717
vn 0.568387 -0.822572 -0.017652
vn -0.678822 -0.440582 -0.587442
vn -0.492366 -0.615457 -0.615458
vn -0.577350 0.577350 0.577350
vn -0.789697 -0.458534 -0.407585
vn -0.761939 -0.304776 -0.571454
vn -0.536968 0.694900 0.478308
vn 0.802926 0.456710 -0.383047
vn -0.276921 -0.061997 -0.958891
vn 0.747900 0.548459 -0.373950
vn 0.548752 -0.098494 0.830163
vn 0.510735 -0.832984 -0.212807
vn 0.701615 -0.674629 -0.229375
vn -0.790123 0.604938 0.098765
vn -0.137683 0.068842 -0.988081
vn -0.977647 0.171088 0.122206
vn 0.638478 0.072969 0.766173
vn 0.433351 0.411684 0.801700
vn 0.889711 0.218934 0.400603
vn -0.400952 0.905854 -0.136621
vn -0.800791 0.511617 -0.311419
vn 0.650220 0.546562 -0.527715
vn 0.660839 0.719842 -0.212412
vn 0.893265 -0.448117 0.035612
vn -0.462150 -0.618903 0.635119
vn -0.467257 0.571092 0.674926
vn -0.577350 0.577350 0.577350
vn -0.532647 0.503055 0.680604
vn -0.776159 -0.238664 -0.583624
vn 0.811497 0.427356 -0.398546
vn 0.653285 0.254482 0.713062
vn 0.379462 0.281536 0.881332
vn 0.882630 -0.373070 -0.285977
vn 0.734786 -0.267195 0.623455
vn 0.362500 0.217500 0.906249
vn 0.284292 0.944131 -0.166715
vn 0.883541 -0.240966 -0.401610
vn -0.129967 0.639006 -0.758143
vn -0.988090 -0.153703 -0.007319
vn -0.791933 0.601623 0.104363
vn 0.431005 -0.183177 0.883561
vn -0.985966 0.146562 0.079943
vn 0.813931 -0.174188 0.554233
vn 0.565979 0.814587 -0.126949
vn -0.528284 0.139022 0.837609
vn -0.409627 -0.219748 0.885391
vn -0.752715 -0.424065 -0.503577
vn 0.897668 0.440673 0.000000
vn 0.265658 0.491882 0.829143
vn 0.537464 0.185332 0.822669
vn 0.160488 0.104934 0.981444
vn 0.897668 0.440673 0.000000
vn 0.000000 -0.000000 -1.000000
vn 0.169117 -0.629815 0.758111
vn 0.327715 -0.632022 0.702247
vn 0.857622 0.384088 0.341996
vn 0.505543 0.245112 0.827252
vn 0.231399 -0.650808 0.723120
vn -0.877069 -0.258623 -0.404801
vn 0.318677 -0.581932 0.748198
vn -0.980581 -0.196116 -0.000000
vn 0.411932 -0.459463 0.786896
vn -0.999283 -0.020066 0.032105
vn -0.181453 0.379402 -0.907265
vn -0.094026 0.470129 -0.877575
vn -0.997602 0.056316 0.040226
vn 0.547143 -0.795844 0.259360
vn 0.638478 0.072969 0.766173
vn 0.893305 0.197558 0.403705
vn 0.883541 -0.240966 0.401610
vn -0.473029 -0.840941 0.262794
vn 0.893752 -0.427446 0.136006
vn -0.515863 -0.670622 0.533059
vn 0.584746 -0.789920 -0.184657
vn -0.785383 -0.433597 -0.441778
vn -0.789697 -0.458534 -0.407585
vn 0.639602 -0.639602 -0.426401
vn 0.617778 0.497030 -0.609353
vn 0.885402 -0.459779 -0.068310
vn 0.563125 -0.254038 0.786355
vn 0.897668 -0.440673 0.000000
vn 0.000000 -0.000000 -1.000000
vn 0.897668 -0.440673 0.000000
vn 0.878747 -0.378909 -0.290228
vn 0.362500 0.217500 0.906249
vn 0.367206 0.549469 0.750495
vn 0.383796 0.892066 0.238576
vn 0.898620 -0.298232 -0.321777
vn 0.417620 0.642493 0.642493
vn 0.246546 0.904004 -0.349274
vn 0.263067 -0.184147 -0.947041
vn -0.146366 0.715565 -0.683040
vn 0.892383 0.393805 0.220386
vn -0.787733 -0.459511 -0.410277
vn -0.773613 -0.303111 -0.556459
vn 0.678467 -0.584885 -0.444513
vn -0.537613 0.328541 0.776552
vn -0.799107 -0.228660 -0.556005
vn 0.893795 0.266570 0.360654
vn -0.538476 0.763829 0.355821
vn 0.894049 -0.227895 0.385668
vn 0.649063 0.725423 -0.229081
vn 0.649095 0.547094 -0.528549
vn 0.907794 -0.408267 0.096063
vn 0.660839 0.719842 -0.212412
vn -0.431030 0.689649 0.581891
vn -0.577350 0.577350 0.577350
vn 0.899467 0.262193 0.349591
vn -0.562962 0.671922 0.481242
vn -0.776316 -0.243771 -0.581299
vn 0.651196 -0.511654 -0.560494
vn -0.777908 -0.354835 -0.518605
vn 0.522869 0.293447 -0.800310
vn 0.645214 -0.097532 -0.757751
vn 0.841526 0.256117 -0.475645
vn 0.824942 0.371224 -0.426220
vn -0.326586 0.129025 -0.936320
vn -0.171429 0.485714 -0.857143
vn -0.119900 0.599501 -0.791342
vn 0.960356 0.246949 -0.129354
vn -0.144032 0.061728 -0.987646
vn 0.897895 -0.384812 -0.213785
vn 0.375780 -0.161048 0.912608
vn 0.897895 -0.384812 -0.213785
vn -0.153419 0.301724 -0.940970
vn 0.983524 -0.053163 -0.172781
vn 0.977546 0.160862 -0.136114
vn 0.620714 -0.772107 -0.136254
vn 0.897045 0.252447 0.362740
vn 0.665310 -0.614908 -0.423379
vn -0.467257 0.571092 0.674926
vn 0.891810 0.124609 0.434910
vn 0.841526 0.256117 -0.475645
vn 0.824942 0.371224 -0.426220
vn 0.766677 0.047609 0.640265
vn 0.363186 -0.572019 0.735452
vn 0.953718 0.298492 0.036401
vn 0.427796 -0.342237 0.836579
vn 0.983524 -0.053163 -0.172781
vn 0.971025 0.162843 -0.174905
vn 0.895373 0.231305 0.380533
vn 0.678345 -0.565287 -0.469360
vn -0.534224 0.133556 0.834726
vn -0.411150 -0.220110 0.884595
vn 0.868018 0.387868 0.310006
vn -0.778634 -0.217559 -0.588555
vn 0.639924 -0.217679 -0.736962
vn 0.841947 0.250965 -0.477643
vn -0.225362 -0.624375 -0.747909
vn -0.432948 0.247675 -0.866725
vn -0.338590 0.213459 -0.916402
vn 0.884212 0.143252 0.444576
vn 0.649677 -0.525474 -0.549360
vn -0.485071 0.485071 0.727607
vn -0.538971 0.259861 0.801238
vn 0.910653 0.119823 0.395415
vn 0.499424 0.266683 -0.824291
vn 0.889001 0.381000 0.254000
vn 0.639356 -0.097212 -0.762741
vn 0.842146 0.248403 -0.478630
vn 0.800423 -0.058068 0.596617
vn 0.872872 0.218218 -0.436436
vn -0.484704 0.072028 -0.871707
vn 0.842701 0.240772 -0.481543
vn 0.583405 -0.440305 -0.682473
vn -0.595311 0.636040 0.490978
vn -0.284071 -0.723333 -0.629359
vn -0.432948 0.247675 -0.866725
vn 0.872872 0.218218 -0.436436
vn 0.973841 0.227230 0.000000
vn 0.559590 0.152895 0.814544
vn 0.973841 0.227230 0.000000
vn 0.000000 -0.000000 -1.000000
vn 0.995037 -0.099504 0.000000
vn 0.602199 -0.117134 0.789707
vn 0.945373 -0.325991 0.000000
vn 0.995037 -0.099504 0.000000
vn 0.000000 -0.000000 -1.000000
vn 0.945373 -0.325991 0.000000
vn 0.583405 -0.440305 -0.682473
vn 0.831952 -0.098128 0.546102
vn 0.433490 -0.893656 0.116042
vn 0.872872 0.218218 -0.436436
vn 0.915642 0.142217 0.375998
vn 0.645122 -0.347163 -0.680658
vn 0.999866 0.016391 0.000000
vn 0.603850 0.027232 0.796633
vn 0.999866 0.016391 0.000000
vn 0.000000 -0.000000 -1.000000
f 1930/1930/1930 1858/1858/1858 1826/1826/1826
f 1930/1930/1930 1826/1826/1826 1907/1907/1907
f 1824/1824/1824 1856/1856/1856 1783/1783/1783
f 1783/1783/1783 1856/1856/1856 1816/1816/1816
f 1906/1906/1906 1825/1825/1825 1827/1827/1827
f 1827/1827/1827 1825/1825/1825 1746/1746/1746
f 1827/1827/1827 1746/1746/1746 1759/1759/1759
f 1746/1746/1746 1825/1825/1825 1784/1784/1784
f 1818/1818/1818 1857/1857/1857 1802/1802/1802
f 1800/1800/1800 1855/1855/1855 1929/1929/1929
f 1800/1800/1800 1929/1929/1929 1821/1821/1821
f 1821/1821/1821 1929/1929/1929 1894/1894/1894
f 1894/1894/1894 1929/1929/1929 1933/1933/1933
f 1817/1817/1817 1801/1801/1801 1756/1756/1756
f 1785/1785/1785 1820/1820/1820 1731/1731/1731
f 1785/1785/1785 1731/1731/1731 1747/1747/1747
f 1730/1730/1730 1819/1819/1819 1757/1757/1757
f 1758/1758/1758 1804/1804/1804 1799/1799/1799
f 1758/1758/1758 1799/1799/1799 1733/1733/1733
f 1798/1798/1798 1803/1803/1803 1823/1823/1823
f 1761/1761/1761 1748/1748/1748 1744/1744/1744
f 1744/1744/1744 1748/1748/1748 1732/1732/1732
f 1828/1828/1828 1760/1760/1760 1843/1843/1843
f 1828/1828/1828 1843/1843/1843 1904/1904/1904
f 1828/1828/1828 1904/1904/1904 1908/1908/1908
f 1844/1844/1844 1762/1762/1762 1745/1745/1745
f 1844/1844/1844 1745/1745/1745 1792/1792/1792
f 1905/1905/1905 1902/1902/1902 1928/1928/1928
f 1928/1928/1928 1902/1902/1902 1932/1932/1932
f 1822/1822/1822 1895/1895/1895 1793/1793/1793
f 1903/1903/1903 1842/1842/1842 1918/1918/1918
f 1903/1903/1903 1918/1918/1918 1935/1935/1935
f 1918/1918/1918 1842/1842/1842 1790/1790/1790
f 1918/1918/1918 1790/1790/1790 1927/1927/1927
f 1934/1934/1934 1917/1917/1917 1926/1926/1926
f 1931/1931/1931 1925/1925/1925 1893/1893/1893
f 1893/1893/1893 1925/1925/1925 1852/1852/1852
f 1852/1852/1852 1925/1925/1925 1786/1786/1786
f 1896/1896/1896 1853/1853/1853 1796/1796/1796
f 1854/1854/1854 1791/1791/1791 1797/1797/1797
f 1787/1787/1787 1742/1742/1742 1690/1690/1690
f 1787/1787/1787 1690/1690/1690 1751/1751/1751
f 1751/1751/1751 1690/1690/1690 1721/1721/1721
f 1721/1721/1721 1690/1690/1690 1631/1631/1631
f 1631/1631/1631 1690/1690/1690 1594/1594/1594
f 1794/1794/1794 1789/1789/1789 1872/1872/1872
f 1691/1691/1691 1743/1743/1743 1728/1728/1728
f 1691/1691/1691 1728/1728/1728 1685/1685/1685
f 1691/1691/1691 1685/1685/1685 1560/1560/1560
f 1691/1691/1691 1560/1560/1560 1537/1537/1537
f 1691/1691/1691 1537/1537/1537 1596/1596/1596
f 1537/1537/1537 1560/1560/1560 1437/1437/1437
f 1537/1537/1537 1437/1437/1437 1440/1440/1440
f 1795/1795/1795 1873/1873/1873 1729/1729/1729
f 1727/1727/1727 1870/1870/1870 1781/1781/1781
f 1727/1727/1727 1781/1781/1781 1684/1684/1684
f 1684/1684/1684 1781/1781/1781 1832/1832/1832
f 1832/1832/1832 1781/1781/1781 1848/1848/1848
f 1782/1782/1782 1874/1874/1874 1849/1849/1849
f 1850/1850/1850 1876/1876/1876 1883/1883/1883
f 1838/1838/1838 1851/1851/1851 1884/1884/1884
f 1882/1882/1882 1875/1875/1875 1886/1886/1886
f 1885/1885/1885 1889/1889/1889 1836/1836/1836
f 1888/1888/1888 1877/1877/1877 1840/1840/1840
f 1887/1887/1887 1841/1841/1841 1837/1837/1837
f 1839/1839/1839 1871/1871/1871 1788/1788/1788
f 1839/1839/1839 1788/1788/1788 1752/1752/1752
f 1839/1839/1839 1752/1752/1752 1833/1833/1833
f 1726/1726/1726 1689/1689/1689 1835/1835/1835
f 1725/1725/1725 1834/1834/1834 1754/1754/1754
f 1686/1686/1686 1724/1724/1724 1704/1704/1704
f 1704/1704/1704 1724/1724/1724 1769/1769/1769
f 1769/1769/1769 1724/1724/1724 1813/1813/1813
f 1813/1813/1813 1724/1724/1724 1753/1753/1753
f 1814/1814/1814 1755/1755/1755 1780/1780/1780
f 1780/1780/1780 1755/1755/1755 1723/1723/1723
f 1814/1814/1814 1780/1780/1780 1881/1881/1881
f 1814/1814/1814 1881/1881/1881 1897/1897/1897
f 1897/1897/1897 1881/1881/1881 1924/1924/1924
f 1897/1897/1897 1924/1924/1924 1973/1973/1973
f 1897/1897/1897 1973/1973/1973 1955/1955/1955
f 1924/1924/1924 1881/1881/1881 1912/1912/1912
f 1955/1955/1955 1973/1973/1973 1999/1999/1999
f 1955/1955/1955 1999/1999/1999 1982/1982/1982
f 1955/1955/1955 1982/1982/1982 1953/1953/1953
f 1912/1912/1912 1881/1881/1881 1862/1862/1862
f 1912/1912/1912 1862/1862/1862 1880/1880/1880
f 1862/1862/1862 1881/1881/1881 1780/1780/1780
f 1880/1880/1880 1862/1862/1862 1806/1806/1806
f 1806/1806/1806 1862/1862/1862 1780/1780/1780
f 1806/1806/1806 1780/1780/1780 1749/1749/1749
f 1806/1806/1806 1749/1749/1749 1775/1775/1775
f 1775/1775/1775 1749/1749/1749 1712/1712/1712
f 1712/1712/1712 1749/1749/1749 1667/1667/1667
f 1667/1667/1667 1749/1749/1749 1669/1669/1669
f 1667/1667/1667 1669/1669/1669 1558/1558/1558
f 1749/1749/1749 1780/1780/1780 1630/1630/1630
f 1749/1749/1749 1630/1630/1630 1669/1669/1669
f 1669/1669/1669 1630/1630/1630 1573/1573/1573
f 1630/1630/1630 1780/1780/1780 1723/1723/1723
f 1630/1630/1630 1723/1723/1723 1674/1674/1674
f 1630/1630/1630 1674/1674/1674 1609/1609/1609
f 1688/1688/1688 1705/1705/1705 1650/1650/1650
f 1687/1687/1687 1648/1648/1648 1561/1561/1561
f 1561/1561/1561 1648/1648/1648 1449/1449/1449
f 1561/1561/1561 1449/1449/1449 1438/1438/1438
f 1438/1438/1438 1449/1449/1449 1280/1280/1280
f 1439/1439/1439 1436/1436/1436 1279/1279/1279
f 1442/1442/1442 1282/1282/1282 1242/1242/1242
f 1241/1241/1241 1281/1281/1281 1451/1451/1451
f 1538/1538/1538 1441/1441/1441 1358/1358/1358
f 1538/1538/1538 1358/1358/1358 1483/1483/1483
f 1654/1654/1654 1483/1483/1483 1485/1485/1485
f 1485/1485/1485 1483/1483/1483 1358/1358/1358
f 1485/1485/1485 1358/1358/1358 1261/1261/1261
f 1485/1485/1485 1261/1261/1261 1540/1540/1540
f 1261/1261/1261 1358/1358/1358 1005/1005/1005
f 1005/1005/1005 1358/1358/1358 1072/1072/1072
f 1005/1005/1005 1072/1072/1072 930/930/930
f 1125/1125/1125 1358/1358/1358 1441/1441/1441
f 1125/1125/1125 1441/1441/1441 1240/1240/1240
f 1125/1125/1125 1240/1240/1240 1070/1070/1070
f 1125/1125/1125 1070/1070/1070 891/891/891
f 1125/1125/1125 891/891/891 908/908/908
f 908/908/908 891/891/891 813/813/813
f 1047/1047/1047 1540/1540/1540 1261/1261/1261
f 1540/1540/1540 1047/1047/1047 1424/1424/1424
f 1540/1540/1540 1424/1424/1424 1544/1544/1544
f 1544/1544/1544 1424/1424/1424 1527/1527/1527
f 1424/1424/1424 1047/1047/1047 1274/1274/1274
f 1274/1274/1274 1047/1047/1047 783/783/783
f 1274/1274/1274 783/783/783 902/902/902
f 783/783/783 1047/1047/1047 449/449/449
f 902/902/902 783/783/783 459/459/459
f 459/459/459 783/783/783 449/449/449
f 902/902/902 459/459/459 738/738/738
f 459/459/459 449/449/449 110/110/110
f 110/110/110 449/449/449 106/106/106
f 738/738/738 459/459/459 380/380/380
f 380/380/380 459/459/459 110/110/110
f 380/380/380 110/110/110 66/66/66
f 380/380/380 66/66/66 38/38/38
f 38/38/38 66/66/66 2346/2346/2346
f 380/380/380 38/38/38 142/142/142
f 380/380/380 142/142/142 228/228/228
f 142/142/142 38/38/38 3255/3255/3255
f 142/142/142 3255/3255/3255 5199/5199/5199
f 38/38/38 2346/2346/2346 3582/3582/3582
f 38/38/38 3582/3582/3582 3351/3351/3351
f 3351/3351/3351 3582/3582/3582 5886/5886/5886
f 5886/5886/5886 3582/3582/3582 5891/5891/5891
f 5891/5891/5891 3582/3582/3582 3654/3654/3654
f 5891/5891/5891 3654/3654/3654 5880/5880/5880
f 5891/5891/5891 5880/5880/5880 6518/6518/6518
f 5891/5891/5891 6518/6518/6518 6599/6599/6599
f 5886/5886/5886 5891/5891/5891 6412/6412/6412
f 6412/6412/6412 5891/5891/5891 6599/6599/6599
f 5886/5886/5886 6412/6412/6412 6422/6422/6422
f 6422/6422/6422 6412/6412/6412 6603/6603/6603
f 6603/6603/6603 6412/6412/6412 6599/6599/6599
f 6603/6603/6603 6599/6599/6599 6951/6951/6951
f 1482/1482/1482 1595/1595/1595 1536/1536/1536
f 1595/1595/1595 1482/1482/1482 1576/1576/1576
f 1576/1576/1576 1482/1482/1482 1652/1652/1652
f 1598/1598/1598 1577/1577/1577 1585/1585/1585
f 1585/1585/1585 1577/1577/1577 1655/1655/1655
f 1585/1585/1585 1655/1655/1655 1604/1604/1604
f 1604/1604/1604 1655/1655/1655 1693/1693/1693
f 1693/1693/1693 1655/1655/1655 1698/1698/1698
f 1698/1698/1698 1655/1655/1655 1697/1697/1697
f 1698/1698/1698 1697/1697/1697 1678/1678/1678
f 1678/1678/1678 1697/1697/1697 1639/1639/1639
f 1597/1597/1597 1584/1584/1584 1634/1634/1634
f 1632/1632/1632 1583/1583/1583 1522/1522/1522
f 1522/1522/1522 1583/1583/1583 1603/1603/1603
f 1632/1632/1632 1522/1522/1522 1590/1590/1590
f 1692/1692/1692 1523/1523/1523 1603/1603/1603
f 1603/1603/1603 1523/1523/1523 1522/1522/1522
f 1590/1590/1590 1522/1522/1522 1466/1466/1466
f 1590/1590/1590 1466/1466/1466 1516/1516/1516
f 1516/1516/1516 1466/1466/1466 1392/1392/1392
f 1466/1466/1466 1522/1522/1522 1420/1420/1420
f 1466/1466/1466 1420/1420/1420 1245/1245/1245
f 1420/1420/1420 1522/1522/1522 1375/1375/1375
f 1375/1375/1375 1522/1522/1522 1523/1523/1523
f 1420/1420/1420 1375/1375/1375 1192/1192/1192
f 1375/1375/1375 1523/1523/1523 1340/1340/1340
f 1375/1375/1375 1340/1340/1340 1223/1223/1223
f 1340/1340/1340 1523/1523/1523 1378/1378/1378
f 1653/1653/1653 1484/1484/1484 1539/1539/1539
f 1653/1653/1653 1539/1539/1539 1543/1543/1543
f 1653/1653/1653 1543/1543/1543 1696/1696/1696
f 1696/1696/1696 1543/1543/1543 1525/1525/1525
f 1696/1696/1696 1525/1525/1525 1637/1637/1637
f 1073/1073/1073 1359/1359/1359 1126/1126/1126
f 1073/1073/1073 1126/1126/1126 928/928/928
f 1073/1073/1073 928/928/928 935/935/935
f 1260/1260/1260 1004/1004/1004 1009/1009/1009
f 1260/1260/1260 1009/1009/1009 1031/1031/1031
f 1260/1260/1260 1031/1031/1031 1046/1046/1046
f 1046/1046/1046 1031/1031/1031 1043/1043/1043
f 1033/1033/1033 1010/1010/1010 911/911/911
f 911/911/911 1010/1010/1010 894/894/894
f 894/894/894 1010/1010/1010 1007/1007/1007
f 894/894/894 1007/1007/1007 869/869/869
f 1045/1045/1045 1032/1032/1032 910/910/910
f 1045/1045/1045 910/910/910 888/888/888
f 1044/1044/1044 886/886/886 1048/1048/1048
f 1048/1048/1048 886/886/886 450/450/450
f 450/450/450 886/886/886 817/817/817
f 450/450/450 817/817/817 138/138/138
f 450/450/450 138/138/138 107/107/107
f 138/138/138 817/817/817 814/814/814
f 138/138/138 814/814/814 768/768/768
f 768/768/768 814/814/814 959/959/959
f 768/768/768 959/959/959 1388/1388/1388
f 768/768/768 1388/1388/1388 833/833/833
f 1388/1388/1388 959/959/959 1360/1360/1360
f 1388/1388/1388 1360/1360/1360 1501/1501/1501
f 909/909/909 892/892/892 884/884/884
f 887/887/887 909/909/909 818/818/818
f 818/818/818 909/909/909 884/884/884
f 818/818/818 884/884/884 815/815/815
f 815/815/815 884/884/884 882/882/882
f 882/882/882 884/884/884 931/931/931
f 931/931/931 884/884/884 866/866/866
f 882/882/882 931/931/931 1021/1021/1021
f 1021/1021/1021 931/931/931 1041/1041/1041
f 1021/1021/1021 1041/1041/1041 1217/1217/1217
f 1021/1021/1021 1217/1217/1217 1353/1353/1353
f 1353/1353/1353 1217/1217/1217 1426/1426/1426
f 1353/1353/1353 1426/1426/1426 1463/1463/1463
f 885/885/885 893/893/893 868/868/868
f 870/870/870 1008/1008/1008 881/881/881
f 871/871/871 880/880/880 790/790/790
f 879/879/879 1006/1006/1006 865/865/865
f 879/879/879 865/865/865 789/789/789
f 863/863/863 1003/1003/1003 929/929/929
f 864/864/864 933/933/933 788/788/788
f 787/787/787 932/932/932 867/867/867
f 925/925/925 1124/1124/1124 907/907/907
f 925/925/925 907/907/907 811/811/811
f 934/934/934 927/927/927 1042/1042/1042
f 812/812/812 890/890/890 926/926/926
f 926/926/926 890/890/890 1040/1040/1040
f 889/889/889 1069/1069/1069 1039/1039/1039
f 1039/1039/1039 1069/1069/1069 1214/1214/1214
f 1219/1219/1219 1071/1071/1071 1244/1244/1244
f 1220/1220/1220 1243/1243/1243 978/978/978
f 1216/1216/1216 976/976/976 972/972/972
f 973/973/973 977/977/977 855/855/855
f 975/975/975 1239/1239/1239 950/950/950
f 975/975/975 950/950/950 853/853/853
f 950/950/950 1239/1239/1239 1189/1189/1189
f 1189/1189/1189 1239/1239/1239 1448/1448/1448
f 974/974/974 856/856/856 948/948/948
f 947/947/947 854/854/854 951/951/951
f 947/947/947 951/951/951 1190/1190/1190
f 971/971/971 946/946/946 1215/1215/1215
f 1215/1215/1215 946/946/946 1208/1208/1208
f 949/949/949 1191/1191/1191 1211/1211/1211
f 1211/1211/1211 1191/1191/1191 1452/1452/1452
f 1218/1218/1218 1212/1212/1212 1429/1429/1429
f 1209/1209/1209 1450/1450/1450 1187/1187/1187
f 1209/1209/1209 1187/1187/1187 1001/1001/1001
f 1001/1001/1001 1187/1187/1187 999/999/999
f 1001/1001/1001 999/999/999 906/906/906
f 1187/1187/1187 1450/1450/1450 1432/1432/1432
f 1432/1432/1432 1450/1450/1450 1574/1574/1574
f 1574/1574/1574 1450/1450/1450 1649/1649/1649
f 1427/1427/1427 1210/1210/1210 1019/1019/1019
f 1020/1020/1020 1213/1213/1213 1002/1002/1002
f 1017/1017/1017 1000/1000/1000 904/904/904
f 1018/1018/1018 905/905/905 1038/1038/1038
f 1018/1018/1018 1038/1038/1038 1425/1425/1425
f 1425/1425/1425 1038/1038/1038 1304/1304/1304
f 1037/1037/1037 903/903/903 998/998/998
f 1037/1037/1037 998/998/998 1186/1186/1186
f 1037/1037/1037 1186/1186/1186 1303/1303/1303
f 1428/1428/1428 1306/1306/1306 1464/1464/1464
f 1464/1464/1464 1306/1306/1306 1205/1205/1205
f 1205/1205/1205 1306/1306/1306 1140/1140/1140
f 1205/1205/1205 1140/1140/1140 1068/1068/1068
f 1305/1305/1305 1188/1188/1188 1433/1433/1433
f 1307/1307/1307 1435/1435/1435 1409/1409/1409
f 1408/1408/1408 1434/1434/1434 1575/1575/1575
f 1408/1408/1408 1575/1575/1575 1497/1497/1497
f 1408/1408/1408 1497/1497/1497 1445/1445/1445
f 1408/1408/1408 1445/1445/1445 1238/1238/1238
f 1408/1408/1408 1238/1238/1238 1207/1207/1207
f 1207/1207/1207 1238/1238/1238 1067/1067/1067
f 1497/1497/1497 1575/1575/1575 1625/1625/1625
f 1497/1497/1497 1625/1625/1625 1602/1602/1602
f 1497/1497/1497 1602/1602/1602 1477/1477/1477
f 1625/1625/1625 1575/1575/1575 1672/1672/1672
f 1625/1625/1625 1672/1672/1672 1736/1736/1736
f 1672/1672/1672 1575/1575/1575 1651/1651/1651
f 1497/1497/1497 1477/1477/1477 1404/1404/1404
f 1404/1404/1404 1477/1477/1477 1329/1329/1329
f 1329/1329/1329 1477/1477/1477 1390/1390/1390
f 1329/1329/1329 1390/1390/1390 1300/1300/1300
f 1672/1672/1672 1651/1651/1651 1720/1720/1720
f 1720/1720/1720 1651/1651/1651 1750/1750/1750
f 1750/1750/1750 1651/1651/1651 1706/1706/1706
f 1750/1750/1750 1706/1706/1706 1778/1778/1778
f 1720/1720/1720 1750/1750/1750 1777/1777/1777
f 1811/1811/1811 1718/1718/1718 1777/1777/1777
f 1811/1811/1811 1777/1777/1777 1831/1831/1831
f 1777/1777/1777 1750/1750/1750 1812/1812/1812
f 1777/1777/1777 1812/1812/1812 1831/1831/1831
f 1812/1812/1812 1750/1750/1750 1778/1778/1778
f 1831/1831/1831 1812/1812/1812 1915/1915/1915
f 1915/1915/1915 1812/1812/1812 1778/1778/1778
f 1915/1915/1915 1778/1778/1778 1865/1865/1865
f 1302/1302/1302 1407/1407/1407 1139/1139/1139
f 1139/1139/1139 1407/1407/1407 1206/1206/1206
f 1139/1139/1139 1206/1206/1206 1066/1066/1066
f 1065/1065/1065 1237/1237/1237 1204/1204/1204
f 1204/1204/1204 1237/1237/1237 1443/1443/1443
f 1204/1204/1204 1443/1443/1443 1461/1461/1461
f 1462/1462/1462 1444/1444/1444 1531/1531/1531
f 1462/1462/1462 1531/1531/1531 1541/1541/1541
f 1462/1462/1462 1541/1541/1541 1352/1352/1352
f 1352/1352/1352 1541/1541/1541 1579/1579/1579
f 1579/1579/1579 1541/1541/1541 1606/1606/1606
f 1579/1579/1579 1606/1606/1606 1621/1621/1621
f 1601/1601/1601 1624/1624/1624 1735/1735/1735
f 1601/1601/1601 1735/1735/1735 1647/1647/1647
f 1647/1647/1647 1735/1735/1735 1764/1764/1764
f 1601/1601/1601 1647/1647/1647 1495/1495/1495
f 1601/1601/1601 1495/1495/1495 1476/1476/1476
f 1476/1476/1476 1495/1495/1495 1402/1402/1402
f 1406/1406/1406 1447/1447/1447 1498/1498/1498
f 1446/1446/1446 1405/1405/1405 1496/1496/1496
f 1446/1446/1446 1496/1496/1496 1533/1533/1533
f 1496/1496/1496 1405/1405/1405 1403/1403/1403
f 1403/1403/1403 1405/1405/1405 1330/1330/1330
f 1403/1403/1403 1330/1330/1330 1301/1301/1301
f 1682/1682/1682 1542/1542/1542 1532/1532/1532
f 1542/1542/1542 1682/1682/1682 1607/1607/1607
f 1680/1680/1680 1530/1530/1530 1494/1494/1494
f 1680/1680/1680 1494/1494/1494 1646/1646/1646
f 1680/1680/1680 1646/1646/1646 1763/1763/1763
f 1475/1475/1475 1401/1401/1401 1389/1389/1389
f 1389/1389/1389 1401/1401/1401 1299/1299/1299
f 1605/1605/1605 1681/1681/1681 1660/1660/1660
f 1605/1605/1605 1660/1660/1660 1618/1618/1618
f 1618/1618/1618 1660/1660/1660 1644/1644/1644
f 1644/1644/1644 1660/1660/1660 1612/1612/1612
f 1644/1644/1644 1612/1612/1612 1617/1617/1617
f 1617/1617/1617 1612/1612/1612 1641/1641/1641
f 1354/1354/1354 1581/1581/1581 1511/1511/1511
f 1662/1662/1662 1683/1683/1683 1715/1715/1715
f 1715/1715/1715 1683/1683/1683 1768/1768/1768
f 1715/1715/1715 1768/1768/1768 1847/1847/1847
f 1847/1847/1847 1768/1768/1768 1910/1910/1910
f 1355/1355/1355 1513/1513/1513 1415/1415/1415
f 1355/1355/1355 1415/1415/1415 1023/1023/1023
f 1023/1023/1023 1415/1415/1415 1278/1278/1278
f 1514/1514/1514 1582/1582/1582 1559/1559/1559
f 1556/1556/1556 1578/1578/1578 1549/1549/1549
f 1556/1556/1556 1549/1549/1549 1552/1552/1552
f 1552/1552/1552 1549/1549/1549 1547/1547/1547
f 1550/1550/1550 1580/1580/1580 1622/1622/1622
f 1550/1550/1550 1622/1622/1622 1587/1587/1587
f 1550/1550/1550 1587/1587/1587 1548/1548/1548
f 1509/1509/1509 1557/1557/1557 1506/1506/1506
f 1509/1509/1509 1506/1506/1506 1478/1478/1478
f 1478/1478/1478 1506/1506/1506 1459/1459/1459
f 1551/1551/1551 1546/1546/1546 1589/1589/1589
f 1551/1551/1551 1589/1589/1589 1665/1665/1665
f 1551/1551/1551 1665/1665/1665 1555/1555/1555
f 1545/1545/1545 1586/1586/1586 1588/1588/1588
f 1588/1588/1588 1586/1586/1586 1664/1664/1664
f 1664/1664/1664 1586/1586/1586 1619/1619/1619
f 1666/1666/1666 1620/1620/1620 1709/1709/1709
f 1553/1553/1553 1668/1668/1668 1570/1570/1570
f 1554/1554/1554 1571/1571/1571 1505/1505/1505
f 1505/1505/1505 1571/1571/1571 1507/1507/1507
f 1505/1505/1505 1507/1507/1507 1457/1457/1457
f 1508/1508/1508 1572/1572/1572 1480/1480/1480
f 1508/1508/1508 1480/1480/1480 1458/1458/1458
f 1480/1480/1480 1572/1572/1572 1489/1489/1489
f 1489/1489/1489 1572/1572/1572 1627/1627/1627
f 1479/1479/1479 1460/1460/1460 1481/1481/1481
f 1479/1479/1479 1481/1481/1481 1490/1490/1490
f 1479/1479/1479 1490/1490/1490 1510/1510/1510
f 1512/1512/1512 1492/1492/1492 1413/1413/1413
f 1413/1413/1413 1492/1492/1492 1431/1431/1431
f 1413/1413/1413 1431/1431/1431 1369/1369/1369
f 1369/1369/1369 1431/1431/1431 1373/1373/1373
f 1491/1491/1491 1628/1628/1628 1535/1535/1535
f 1491/1491/1491 1535/1535/1535 1430/1430/1430
f 1430/1430/1430 1535/1535/1535 1455/1455/1455
f 1430/1430/1430 1455/1455/1455 1371/1371/1371
f 1368/1368/1368 1370/1370/1370 1416/1416/1416
f 1368/1368/1368 1416/1416/1416 1410/1410/1410
f 1418/1418/1418 1372/1372/1372 1456/1456/1456
f 1453/1453/1453 1534/1534/1534 1515/1515/1515
f 1515/1515/1515 1534/1534/1534 1626/1626/1626
f 1454/1454/1454 1517/1517/1517 1417/1417/1417
f 1419/1419/1419 1520/1520/1520 1412/1412/1412
f 1411/1411/1411 1518/1518/1518 1393/1393/1393
f 1414/1414/1414 1394/1394/1394 1277/1277/1277
f 1277/1277/1277 1394/1394/1394 1357/1357/1357
f 1277/1277/1277 1357/1357/1357 1249/1249/1249
f 1249/1249/1249 1357/1357/1357 1310/1310/1310
f 1356/1356/1356 1391/1391/1391 1465/1465/1465
f 1356/1356/1356 1465/1465/1465 1395/1395/1395
f 1356/1356/1356 1395/1395/1395 1308/1308/1308
f 1022/1022/1022 1276/1276/1276 1197/1197/1197
f 1022/1022/1022 1197/1197/1197 883/883/883
f 883/883/883 1197/1197/1197 1076/1076/1076
f 883/883/883 1076/1076/1076 816/816/816
f 816/816/816 1076/1076/1076 961/961/961
f 1275/1275/1275 1247/1247/1247 1193/1193/1193
f 1309/1309/1309 1396/1396/1396 1246/1246/1246
f 1246/1246/1246 1396/1396/1396 1467/1467/1467
f 1248/1248/1248 1421/1421/1421 1195/1195/1195
f 1591/1591/1591 1521/1521/1521 1610/1610/1610
f 1608/1608/1608 1519/1519/1519 1629/1629/1629
f 1592/1592/1592 1611/1611/1611 1675/1675/1675
f 1593/1593/1593 1676/1676/1676 1635/1635/1635
f 1633/1633/1633 1673/1673/1673 1722/1722/1722
f 1805/1805/1805 1774/1774/1774 1846/1846/1846
f 1805/1805/1805 1846/1846/1846 1879/1879/1879
f 1846/1846/1846 1774/1774/1774 1741/1741/1741
f 1846/1846/1846 1741/1741/1741 1714/1714/1714
f 1741/1741/1741 1774/1774/1774 1711/1711/1711
f 1911/1911/1911 1878/1878/1878 1909/1909/1909
f 1909/1909/1909 1878/1878/1878 1845/1845/1845
f 1911/1911/1911 1909/1909/1909 1920/1920/1920
f 1911/1911/1911 1920/1920/1920 1922/1922/1922
f 1920/1920/1920 1909/1909/1909 1859/1859/1859
f 1920/1920/1920 1859/1859/1859 1891/1891/1891
f 1859/1859/1859 1909/1909/1909 1765/1765/1765
f 1713/1713/1713 1740/1740/1740 1661/1661/1661
f 1659/1659/1659 1738/1738/1738 1700/1700/1700
f 1701/1701/1701 1739/1739/1739 1708/1708/1708
f 1701/1701/1701 1708/1708/1708 1643/1643/1643
f 1701/1701/1701 1643/1643/1643 1616/1616/1616
f 1701/1701/1701 1616/1616/1616 1656/1656/1656
f 1656/1656/1656 1616/1616/1616 1640/1640/1640
f 1860/1860/1860 1766/1766/1766 1808/1808/1808
f 1810/1810/1810 1767/1767/1767 1737/1737/1737
f 1807/1807/1807 1734/1734/1734 1716/1716/1716
f 1716/1716/1716 1734/1734/1734 1670/1670/1670
f 1861/1861/1861 1809/1809/1809 1830/1830/1830
f 1861/1861/1861 1830/1830/1830 1892/1892/1892
f 1717/1717/1717 1671/1671/1671 1719/1719/1719
f 1717/1717/1717 1719/1719/1719 1776/1776/1776
f 1779/1779/1779 1707/1707/1707 1773/1773/1773
f 1779/1779/1779 1773/1773/1773 1866/1866/1866
f 1866/1866/1866 1773/1773/1773 1943/1943/1943
f 1948/1948/1948 1890/1890/1890 1829/1829/1829
f 1890/1890/1890 1948/1948/1948 1919/1919/1919
f 1919/1919/1919 1948/1948/1948 1991/1991/1991
f 1991/1991/1991 1948/1948/1948 1994/1994/1994
f 1994/1994/1994 1948/1948/1948 1974/1974/1974
f 1974/1974/1974 1948/1948/1948 1957/1957/1957
f 1957/1957/1957 1948/1948/1948 1949/1949/1949
f 1949/1949/1949 1948/1948/1948 1829/1829/1829
f 1949/1949/1949 1829/1829/1829 1913/1913/1913
f 1949/1949/1949 1913/1913/1913 1936/1936/1936
f 1937/1937/1937 1914/1914/1914 1863/1863/1863
f 1937/1937/1937 1863/1863/1863 1900/1900/1900
f 1900/1900/1900 1863/1863/1863 1868/1868/1868
f 1959/1959/1959 1950/1950/1950 1939/1939/1939
f 1959/1959/1959 1939/1939/1939 1962/1962/1962
f 1938/1938/1938 1901/1901/1901 1945/1945/1945
f 1944/1944/1944 1899/1899/1899 1867/1867/1867
f 1869/1869/1869 1864/1864/1864 1916/1916/1916
f 1916/1916/1916 1864/1864/1864 1941/1941/1941
f 1869/1869/1869 1916/1916/1916 1946/1946/1946
f 1946/1946/1946 1916/1916/1916 1941/1941/1941
f 1946/1946/1946 1941/1941/1941 1963/1963/1963
f 1940/1940/1940 1947/1947/1947 1965/1965/1965
f 1966/1966/1966 1942/1942/1942 1970/1970/1970
f 1970/1970/1970 1942/1942/1942 1771/1771/1771
f 1960/1960/1960 1964/1964/1964 1985/1985/1985
f 1984/1984/1984 1961/1961/1961 1969/1969/1969
f 1958/1958/1958 1983/1983/1983 1975/1975/1975
f 1976/1976/1976 1986/1986/1986 1995/1995/1995
f 1995/1995/1995 1986/1986/1986 2005/2005/2005
f 2005/2005/2005 1986/1986/1986 1971/1971/1971
f 1968/1968/1968 1770/1770/1770 1979/1979/1979
f 1968/1968/1968 1979/1979/1979 2003/2003/2003
f 1996/1996/1996 2006/2006/2006 2001/2001/2001
f 1996/1996/1996 2001/2001/2001 1993/1993/1993
f 2002/2002/2002 1977/1977/1977 1988/1988/1988
f 2004/2004/2004 1990/1990/1990 2000/2000/2000
f 1989/1989/1989 1978/1978/1978 1967/1967/1967
f 1967/1967/1967 1978/1978/1978 1954/1954/1954
f 1989/1989/1989 1967/1967/1967 1952/1952/1952
f 1952/1952/1952 1967/1967/1967 1954/1954/1954
f 1997/1997/1997 1987/1987/1987 1981/1981/1981
f 1981/1981/1981 1987/1987/1987 1951/1951/1951
f 1956/1956/1956 1980/1980/1980 1772/1772/1772
f 1956/1956/1956 1772/1772/1772 1898/1898/1898
f 1898/1898/1898 1772/1772/1772 1815/1815/1815
f 1972/1972/1972 1992/1992/1992 1998/1998/1998
f 1992/1992/1992 1972/1972/1972 1921/1921/1921
f 1921/1921/1921 1972/1972/1972 1923/1923/1923
f 1566/1566/1566 1366/1366/1366 1472/1472/1472
f 1472/1472/1472 1366/1366/1366 1120/1120/1120
f 1366/1366/1366 1566/1566/1566 1468/1468/1468
f 1366/1366/1366 1468/1468/1468 1273/1273/1273
f 1273/1273/1273 1468/1468/1468 1422/1422/1422
f 1366/1366/1366 1273/1273/1273 901/901/901
f 1366/1366/1366 901/901/901 920/920/920
f 920/920/920 901/901/901 736/736/736
f 920/920/920 736/736/736 479/479/479
f 1567/1567/1567 1473/1473/1473 1470/1470/1470
f 1567/1567/1567 1470/1470/1470 1563/1563/1563
f 1563/1563/1563 1470/1470/1470 1562/1562/1562
f 1563/1563/1563 1562/1562/1562 1599/1599/1599
f 1562/1562/1562 1470/1470/1470 1528/1528/1528
f 1599/1599/1599 1562/1562/1562 1499/1499/1499
f 1499/1499/1499 1562/1562/1562 1493/1493/1493
f 1493/1493/1493 1562/1562/1562 1528/1528/1528
f 1499/1499/1499 1493/1493/1493 1387/1387/1387
f 1387/1387/1387 1493/1493/1493 1397/1397/1397
f 1397/1397/1397 1493/1493/1493 1528/1528/1528
f 1397/1397/1397 1528/1528/1528 1399/1399/1399
f 1397/1397/1397 1399/1399/1399 1062/1062/1062
f 1474/1474/1474 1121/1121/1121 1471/1471/1471
f 1471/1471/1471 1121/1121/1121 1119/1119/1119
f 1119/1119/1119 1121/1121/1121 779/779/779
f 1471/1471/1471 1119/1119/1119 1529/1529/1529
f 1119/1119/1119 779/779/779 777/777/777
f 1529/1529/1529 1119/1119/1119 1400/1400/1400
f 1400/1400/1400 1119/1119/1119 924/924/924
f 924/924/924 1119/1119/1119 777/777/777
f 1400/1400/1400 924/924/924 1064/1064/1064
f 924/924/924 777/777/777 587/587/587
f 587/587/587 777/777/777 518/518/518
f 1064/1064/1064 924/924/924 773/773/773
f 773/773/773 924/924/924 587/587/587
f 1064/1064/1064 773/773/773 786/786/786
f 773/773/773 587/587/587 694/694/694
f 773/773/773 694/694/694 575/575/575
f 1122/1122/1122 1367/1367/1367 922/922/922
f 1123/1123/1123 923/923/923 781/781/781
f 781/781/781 923/923/923 726/726/726
f 781/781/781 726/726/726 472/472/472
f 781/781/781 472/472/472 510/510/510
f 1565/1565/1565 1600/1600/1600 1679/1679/1679
f 1679/1679/1679 1600/1600/1600 1699/1699/1699
f 1699/1699/1699 1600/1600/1600 1695/1695/1695
f 1695/1695/1695 1600/1600/1600 1503/1503/1503
f 1564/1564/1564 1677/1677/1677 1568/1568/1568
f 1568/1568/1568 1677/1677/1677 1636/1636/1636
f 1638/1638/1638 1526/1526/1526 1569/1569/1569
f 1569/1569/1569 1526/1526/1526 1469/1469/1469
f 1469/1469/1469 1526/1526/1526 1423/1423/1423
f 1524/1524/1524 1694/1694/1694 1504/1504/1504
f 1524/1524/1524 1504/1504/1504 1381/1381/1381
f 480/480/480 737/737/737 379/379/379
f 480/480/480 379/379/379 227/227/227
f 480/480/480 227/227/227 366/366/366
f 105/105/105 137/137/137 136/136/136
f 105/105/105 136/136/136 109/109/109
f 136/136/136 137/137/137 767/767/767
f 136/136/136 767/767/767 770/770/770
f 770/770/770 767/767/767 835/835/835
f 835/835/835 767/767/767 832/832/832
f 108/108/108 135/135/135 65/65/65
f 65/65/65 135/135/135 45/45/45
f 65/65/65 45/45/45 2345/2345/2345
f 2345/2345/2345 45/45/45 3126/3126/3126
f 2345/2345/2345 3126/3126/3126 3581/3581/3581
f 45/45/45 135/135/135 213/213/213
f 213/213/213 135/135/135 769/769/769
f 213/213/213 769/769/769 657/657/657
f 657/657/657 769/769/769 806/806/806
f 657/657/657 806/806/806 752/752/752
f 657/657/657 752/752/752 460/460/460
f 460/460/460 752/752/752 585/585/585
f 46/46/46 216/216/216 3127/3127/3127
f 3127/3127/3127 216/216/216 5545/5545/5545
f 3128/3128/3128 5546/5546/5546 3119/3119/3119
f 3119/3119/3119 5546/5546/5546 5543/5543/5543
f 3129/3129/3129 3121/3121/3121 3584/3584/3584
f 5542/5542/5542 5544/5544/5544 210/210/210
f 3583/3583/3583 3120/3120/3120 3656/3656/3656
f 3653/3653/3653 3118/3118/3118 5541/5541/5541
f 3653/3653/3653 5541/5541/5541 5798/5798/5798
f 5798/5798/5798 5541/5541/5541 6482/6482/6482
f 6482/6482/6482 5541/5541/5541 7063/7063/7063
f 7063/7063/7063 5541/5541/5541 209/209/209
f 7063/7063/7063 209/209/209 7226/7226/7226
f 7063/7063/7063 7226/7226/7226 7177/7177/7177
f 7177/7177/7177 7226/7226/7226 7389/7389/7389
f 7389/7389/7389 7226/7226/7226 7282/7282/7282
f 7282/7282/7282 7226/7226/7226 209/209/209
f 7389/7389/7389 7282/7282/7282 7453/7453/7453
f 7453/7453/7453 7282/7282/7282 7262/7262/7262
f 7453/7453/7453 7262/7262/7262 7436/7436/7436
f 7436/7436/7436 7262/7262/7262 7166/7166/7166
f 7166/7166/7166 7262/7262/7262 209/209/209
f 7436/7436/7436 7166/7166/7166 7284/7284/7284
f 7284/7284/7284 7166/7166/7166 6970/6970/6970
f 6970/6970/6970 7166/7166/7166 209/209/209
f 7284/7284/7284 6970/6970/6970 7087/7087/7087
f 7087/7087/7087 6970/6970/6970 6637/6637/6637
f 7087/7087/7087 6637/6637/6637 6733/6733/6733
f 6733/6733/6733 6637/6637/6637 6449/6449/6449
f 6449/6449/6449 6637/6637/6637 209/209/209
f 6733/6733/6733 6449/6449/6449 6486/6486/6486
f 6449/6449/6449 209/209/209 6240/6240/6240
f 6240/6240/6240 209/209/209 5301/5301/5301
f 5301/5301/5301 209/209/209 248/248/248
f 5301/5301/5301 248/248/248 2042/2042/2042
f 2042/2042/2042 248/248/248 174/174/174
f 174/174/174 248/248/248 344/344/344
f 3655/3655/3655 5799/5799/5799 5881/5881/5881
f 5881/5881/5881 5799/5799/5799 6483/6483/6483
f 5881/5881/5881 6483/6483/6483 6520/6520/6520
f 3253/3253/3253 37/37/37 3350/3350/3350
f 3253/3253/3253 3350/3350/3350 5885/5885/5885
f 3253/3253/3253 5885/5885/5885 6133/6133/6133
f 6133/6133/6133 5885/5885/5885 6420/6420/6420
f 3254/3254/3254 6134/6134/6134 5196/5196/5196
f 5198/5198/5198 6135/6135/6135 6165/6165/6165
f 6165/6165/6165 6135/6135/6135 6428/6428/6428
f 6428/6428/6428 6135/6135/6135 6421/6421/6421
f 6428/6428/6428 6421/6421/6421 6679/6679/6679
f 6679/6679/6679 6421/6421/6421 6617/6617/6617
f 6679/6679/6679 6617/6617/6617 7091/7091/7091
f 7091/7091/7091 6617/6617/6617 6997/6997/6997
f 7091/7091/7091 6997/6997/6997 7297/7297/7297
f 7091/7091/7091 7297/7297/7297 7421/7421/7421
f 7421/7421/7421 7297/7297/7297 7566/7566/7566
f 7421/7421/7421 7566/7566/7566 7664/7664/7664
f 5197/5197/5197 6164/6164/6164 6212/6212/6212
f 5197/5197/5197 6212/6212/6212 5237/5237/5237
f 5197/5197/5197 5237/5237/5237 141/141/141
f 6212/6212/6212 6164/6164/6164 6441/6441/6441
f 6441/6441/6441 6164/6164/6164 6427/6427/6427
f 6441/6441/6441 6427/6427/6427 6678/6678/6678
f 6441/6441/6441 6678/6678/6678 6706/6706/6706
f 6706/6706/6706 6678/6678/6678 7090/7090/7090
f 6423/6423/6423 6604/6604/6604 6618/6618/6618
f 6618/6618/6618 6604/6604/6604 6953/6953/6953
f 6214/6214/6214 6442/6442/6442 6436/6436/6436
f 6436/6436/6436 6442/6442/6442 6709/6709/6709
f 6214/6214/6214 6436/6436/6436 6220/6220/6220
f 6998/6998/6998 6619/6619/6619 7046/7046/7046
f 6998/6998/6998 7046/7046/7046 7299/7299/7299
f 7299/7299/7299 7046/7046/7046 7369/7369/7369
f 7042/7042/7042 6616/6616/6616 6950/6950/6950
f 7042/7042/7042 6950/6950/6950 7197/7197/7197
f 7197/7197/7197 6950/6950/6950 6922/6922/6922
f 7197/7197/7197 6922/6922/6922 7178/7178/7178
f 7197/7197/7197 7178/7178/7178 7365/7365/7365
f 7365/7365/7365 7178/7178/7178 7390/7390/7390
f 7365/7365/7365 7390/7390/7390 7441/7441/7441
f 7441/7441/7441 7390/7390/7390 7454/7454/7454
f 7441/7441/7441 7454/7454/7454 7400/7400/7400
f 7400/7400/7400 7454/7454/7454 7437/7437/7437
f 6708/6708/6708 7092/7092/7092 7108/7108/7108
f 7108/7108/7108 7092/7092/7092 7422/7422/7422
f 7108/7108/7108 7422/7422/7422 7458/7458/7458
f 7117/7117/7117 7464/7464/7464 7109/7109/7109
f 7067/7067/7067 7422/7422/7422 7460/7460/7460
f 6923/6923/6923 7460/7460/7460 7065/7065/7065
f 6923/6923/6923 7065/7065/7065 6653/6653/6653
f 7460/7460/7460 7422/7422/7422 7665/7665/7665
f 7460/7460/7460 7665/7665/7665 7678/7678/7678
f 7678/7678/7678 7665/7665/7665 7704/7704/7704
f 7704/7704/7704 7665/7665/7665 7676/7676/7676
f 7704/7704/7704 7676/7676/7676 7652/7652/7652
f 7704/7704/7704 7652/7652/7652 7672/7672/7672
f 7672/7672/7672 7652/7652/7652 7661/7661/7661
f 7661/7661/7661 7652/7652/7652 7628/7628/7628
f 7661/7661/7661 7628/7628/7628 7649/7649/7649
f 7649/7649/7649 7628/7628/7628 7619/7619/7619
f 7649/7649/7649 7619/7619/7619 7539/7539/7539
f 7649/7649/7649 7539/7539/7539 7589/7589/7589
f 6707/6707/6707 7106/7106/7106 6658/6658/6658
f 6707/6707/6707 6658/6658/6658 6435/6435/6435
f 6659/6659/6659 7107/7107/7107 7045/7045/7045
f 7045/7045/7045 7107/7107/7107 7368/7368/7368
f 7368/7368/7368 7107/7107/7107 7459/7459/7459
f 7368/7368/7368 7459/7459/7459 7677/7677/7677
f 7368/7368/7368 7677/7677/7677 7633/7633/7633
f 6434/6434/6434 6656/6656/6656 6928/6928/6928
f 6928/6928/6928 6656/6656/6656 7241/7241/7241
f 6434/6434/6434 6928/6928/6928 6544/6544/6544
f 6434/6434/6434 6544/6544/6544 6218/6218/6218
f 6218/6218/6218 6544/6544/6544 6350/6350/6350
f 6218/6218/6218 6350/6350/6350 5242/5242/5242
f 6218/6218/6218 5242/5242/5242 5239/5239/5239
f 5239/5239/5239 5242/5242/5242 3422/3422/3422
f 5239/5239/5239 3422/3422/3422 131/131/131
f 131/131/131 3422/3422/3422 114/114/114
f 131/131/131 114/114/114 206/206/206
f 206/206/206 114/114/114 238/238/238
f 206/206/206 238/238/238 368/368/368
f 7242/7242/7242 6657/6657/6657 7044/7044/7044
f 7242/7242/7242 7044/7044/7044 7571/7571/7571
f 6543/6543/6543 6926/6926/6926 6929/6929/6929
f 6543/6543/6543 6929/6929/6929 6545/6545/6545
f 6543/6543/6543 6545/6545/6545 6351/6351/6351
f 6543/6543/6543 6351/6351/6351 6349/6349/6349
f 6349/6349/6349 6351/6351/6351 5241/5241/5241
f 5241/5241/5241 6351/6351/6351 5243/5243/5243
f 5241/5241/5241 5243/5243/5243 3421/3421/3421
f 3421/3421/3421 5243/5243/5243 3424/3424/3424
f 6930/6930/6930 6927/6927/6927 7240/7240/7240
f 6930/6930/6930 7240/7240/7240 7243/7243/7243
f 7243/7243/7243 7240/7240/7240 7572/7572/7572
f 7572/7572/7572 7240/7240/7240 7568/7568/7568
f 7572/7572/7572 7568/7568/7568 7690/7690/7690
f 7572/7572/7572 7690/7690/7690 7692/7692/7692
f 7692/7692/7692 7690/7690/7690 7708/7708/7708
f 7708/7708/7708 7690/7690/7690 7706/7706/7706
f 7708/7708/7708 7706/7706/7706 7694/7694/7694
f 7708/7708/7708 7694/7694/7694 7697/7697/7697
f 6546/6546/6546 6931/6931/6931 3425/3425/3425
f 3425/3425/3425 6931/6931/6931 7244/7244/7244
f 6546/6546/6546 3425/3425/3425 6352/6352/6352
f 6352/6352/6352 3425/3425/3425 5244/5244/5244
f 3425/3425/3425 7244/7244/7244 7573/7573/7573
f 3425/3425/3425 7573/7573/7573 7693/7693/7693
f 3425/3425/3425 7693/7693/7693 7709/7709/7709
f 3425/3425/3425 7709/7709/7709 7698/7698/7698
f 3425/3425/3425 7698/7698/7698 7602/7602/7602
f 3425/3425/3425 7602/7602/7602 7271/7271/7271
f 3425/3425/3425 7271/7271/7271 6957/6957/6957
f 3425/3425/3425 6957/6957/6957 6562/6562/6562
f 3425/3425/3425 6562/6562/6562 6363/6363/6363
f 3425/3425/3425 6363/6363/6363 5361/5361/5361
f 3425/3425/3425 5361/5361/5361 3508/3508/3508
f 3425/3425/3425 3508/3508/3508 91/91/91
f 3425/3425/3425 91/91/91 223/223/223
f 3425/3425/3425 223/223/223 401/401/401
f 3425/3425/3425 401/401/401 502/502/502
f 3425/3425/3425 502/502/502 652/652/652
f 3425/3425/3425 652/652/652 696/696/696
f 3425/3425/3425 696/696/696 589/589/589
f 3425/3425/3425 589/589/589 475/475/475
f 3425/3425/3425 475/475/475 409/409/409
f 3425/3425/3425 409/409/409 240/240/240
f 3425/3425/3425 240/240/240 116/116/116
f 7569/7569/7569 7043/7043/7043 7198/7198/7198
f 6219/6219/6219 5240/5240/5240 5238/5238/5238
f 6219/6219/6219 5238/5238/5238 6213/6213/6213
f 5238/5238/5238 5240/5240/5240 133/133/133
f 5238/5238/5238 133/133/133 144/144/144
f 115/115/115 3423/3423/3423 3426/3426/3426
f 115/115/115 3426/3426/3426 117/117/117
f 115/115/115 117/117/117 239/239/239
f 239/239/239 117/117/117 241/241/241
f 239/239/239 241/241/241 410/410/410
f 239/239/239 410/410/410 370/370/370
f 370/370/370 410/410/410 394/394/394
f 132/132/132 207/207/207 139/139/139
f 132/132/132 139/139/139 2960/2960/2960
f 132/132/132 2960/2960/2960 3080/3080/3080
f 3080/3080/3080 2960/2960/2960 4576/4576/4576
f 4576/4576/4576 2960/2960/2960 4625/4625/4625
f 4576/4576/4576 4625/4625/4625 5448/5448/5448
f 5448/5448/5448 4625/4625/4625 5603/5603/5603
f 140/140/140 208/208/208 146/146/146
f 140/140/140 146/146/146 2961/2961/2961
f 2961/2961/2961 146/146/146 2903/2903/2903
f 146/146/146 208/208/208 229/229/229
f 229/229/229 208/208/208 369/369/369
f 367/367/367 393/393/393 481/481/481
f 481/481/481 393/393/393 725/725/725
f 725/725/725 393/393/393 471/471/471
f 481/481/481 725/725/725 921/921/921
f 230/230/230 143/143/143 147/147/147
f 147/147/147 143/143/143 2904/2904/2904
f 2904/2904/2904 143/143/143 2958/2958/2958
f 2904/2904/2904 2958/2958/2958 4448/4448/4448
f 2904/2904/2904 4448/4448/4448 4521/4521/4521
f 4521/4521/4521 4448/4448/4448 5307/5307/5307
f 4521/4521/4521 5307/5307/5307 5446/5446/5446
f 5446/5446/5446 5307/5307/5307 5503/5503/5503
f 5446/5446/5446 5503/5503/5503 5753/5753/5753
f 474/474/474 395/395/395 412/412/412
f 473/473/473 411/411/411 478/478/478
f 473/473/473 478/478/478 511/511/511
f 780/780/780 509/509/509 519/519/519
f 519/519/519 509/509/509 476/476/476
f 782/782/782 522/522/522 778/778/778
f 520/520/520 477/477/477 590/590/590
f 521/521/521 591/591/591 588/588/588
f 588/588/588 591/591/591 695/695/695
f 695/695/695 591/591/591 697/697/697
f 695/695/695 697/697/697 653/653/653
f 695/695/695 653/653/653 651/651/651
f 651/651/651 653/653/653 504/504/504
f 695/695/695 651/651/651 576/576/576
f 651/651/651 504/504/504 501/501/501
f 576/576/576 651/651/651 470/470/470
f 470/470/470 651/651/651 501/501/501
f 784/784/784 772/772/772 574/574/574
f 784/784/784 574/574/574 561/561/561
f 561/561/561 574/574/574 468/468/468
f 561/561/561 468/468/468 451/451/451
f 467/467/467 499/499/499 374/374/374
f 374/374/374 499/499/499 399/399/399
f 374/374/374 399/399/399 196/196/196
f 196/196/196 399/399/399 221/221/221
f 196/196/196 221/221/221 89/89/89
f 196/196/196 89/89/89 67/67/67
f 67/67/67 89/89/89 3417/3417/3417
f 3417/3417/3417 89/89/89 3506/3506/3506
f 3417/3417/3417 3506/3506/3506 5150/5150/5150
f 5150/5150/5150 3506/3506/3506 5358/5358/5358
f 5150/5150/5150 5358/5358/5358 6221/6221/6221
f 6221/6221/6221 5358/5358/5358 6359/6359/6359
f 500/500/500 503/503/503 400/400/400
f 400/400/400 503/503/503 402/402/402
f 400/400/400 402/402/402 224/224/224
f 400/400/400 224/224/224 222/222/222
f 222/222/222 224/224/224 90/90/90
f 90/90/90 224/224/224 92/92/92
f 90/90/90 92/92/92 3509/3509/3509
f 90/90/90 3509/3509/3509 3507/3507/3507
f 3507/3507/3507 3509/3509/3509 5360/5360/5360
f 5360/5360/5360 3509/3509/3509 5363/5363/5363
f 452/452/452 469/469/469 375/375/375
f 452/452/452 375/375/375 443/443/443
f 443/443/443 375/375/375 373/373/373
f 373/373/373 375/375/375 197/197/197
f 443/443/443 373/373/373 465/465/465
f 373/373/373 197/197/197 185/185/185
f 185/185/185 197/197/197 59/59/59
f 373/373/373 185/185/185 360/360/360
f 373/373/373 360/360/360 465/465/465
f 59/59/59 197/197/197 68/68/68
f 59/59/59 68/68/68 3580/3580/3580
f 3580/3580/3580 68/68/68 3418/3418/3418
f 3580/3580/3580 3418/3418/3418 4744/4744/4744
f 3580/3580/3580 4744/4744/4744 5236/5236/5236
f 5236/5236/5236 4744/4744/4744 5444/5444/5444
f 5236/5236/5236 5444/5444/5444 6282/6282/6282
f 4744/4744/4744 3418/3418/3418 5194/5194/5194
f 4744/4744/4744 5194/5194/5194 5304/5304/5304
f 5194/5194/5194 3418/3418/3418 5151/5151/5151
f 5194/5194/5194 5151/5151/5151 6222/6222/6222
f 584/584/584 465/465/465 360/360/360
f 584/584/584 360/360/360 538/538/538
f 465/465/465 584/584/584 508/508/508
f 465/465/465 508/508/508 427/427/427
f 508/508/508 584/584/584 562/562/562
f 427/427/427 508/508/508 497/497/497
f 497/497/497 508/508/508 562/562/562
f 497/497/497 562/562/562 452/452/452
f 427/427/427 497/497/497 436/436/436
f 562/562/562 584/584/584 785/785/785
f 427/427/427 436/436/436 231/231/231
f 785/785/785 584/584/584 751/751/751
f 427/427/427 231/231/231 226/226/226
f 785/785/785 751/751/751 805/805/805
f 226/226/226 231/231/231 98/98/98
f 785/785/785 805/805/805 1063/1063/1063
f 98/98/98 231/231/231 99/99/99
f 1063/1063/1063 805/805/805 834/834/834
f 98/98/98 99/99/99 3420/3420/3420
f 1063/1063/1063 834/834/834 1398/1398/1398
f 1398/1398/1398 834/834/834 1386/1386/1386
f 1386/1386/1386 834/834/834 831/831/831
f 3420/3420/3420 99/99/99 3504/3504/3504
f 3420/3420/3420 3504/3504/3504 6346/6346/6346
f 3420/3420/3420 6346/6346/6346 6343/6343/6343
f 498/498/498 455/455/455 439/439/439
f 438/438/438 453/453/453 381/381/381
f 438/438/438 381/381/381 191/191/191
f 382/382/382 454/454/454 445/445/445
f 382/382/382 445/445/445 389/389/389
f 382/382/382 389/389/389 192/192/192
f 192/192/192 389/389/389 188/188/188
f 388/388/388 444/444/444 426/426/426
f 426/426/426 444/444/444 466/466/466
f 388/388/388 426/426/426 225/225/225
f 388/388/388 225/225/225 186/186/186
f 186/186/186 225/225/225 97/97/97
f 186/186/186 97/97/97 69/69/69
f 69/69/69 97/97/97 3585/3585/3585
f 3585/3585/3585 97/97/97 3419/3419/3419
f 3585/3585/3585 3419/3419/3419 6342/6342/6342
f 3585/3585/3585 6342/6342/6342 6324/6324/6324
f 6324/6324/6324 6342/6342/6342 6469/6469/6469
f 232/232/232 437/437/437 190/190/190
f 232/232/232 190/190/190 100/100/100
f 100/100/100 190/190/190 72/72/72
f 189/189/189 187/187/187 71/71/71
f 71/71/71 187/187/187 70/70/70
f 71/71/71 70/70/70 3588/3588/3588
f 3588/3588/3588 70/70/70 3586/3586/3586
f 3588/3588/3588 3586/3586/3586 6325/6325/6325
f 3588/3588/3588 6325/6325/6325 6303/6303/6303
f 6303/6303/6303 6325/6325/6325 6470/6470/6470
f 6303/6303/6303 6470/6470/6470 6452/6452/6452
f 73/73/73 3589/3589/3589 101/101/101
f 101/101/101 3589/3589/3589 3505/3505/3505
f 6345/6345/6345 3503/3503/3503 3587/3587/3587
f 6345/6345/6345 3587/3587/3587 6302/6302/6302
f 6472/6472/6472 6344/6344/6344 6347/6347/6347
f 6344/6344/6344 6472/6472/6472 6471/6471/6471
f 6471/6471/6471 6472/6472/6472 6661/6661/6661
f 6471/6471/6471 6661/6661/6661 6644/6644/6644
f 6644/6644/6644 6661/6661/6661 6993/6993/6993
f 6474/6474/6474 6348/6348/6348 6305/6305/6305
f 6473/6473/6473 6304/6304/6304 6453/6453/6453
f 6473/6473/6473 6453/6453/6453 6622/6622/6622
f 6473/6473/6473 6622/6622/6622 6662/6662/6662
f 6662/6662/6662 6622/6622/6622 6974/6974/6974
f 6620/6620/6620 6451/6451/6451 6468/6468/6468
f 6620/6620/6620 6468/6468/6468 6642/6642/6642
f 6620/6620/6620 6642/6642/6642 6893/6893/6893
f 6620/6620/6620 6893/6893/6893 6896/6896/6896
f 6896/6896/6896 6893/6893/6893 7118/7118/7118
f 6896/6896/6896 7118/7118/7118 7146/7146/7146
f 7146/7146/7146 7118/7118/7118 7264/7264/7264
f 7146/7146/7146 7264/7264/7264 7323/7323/7323
f 7323/7323/7323 7264/7264/7264 7417/7417/7417
f 7323/7323/7323 7417/7417/7417 7506/7506/7506
f 7506/7506/7506 7417/7417/7417 7455/7455/7455
f 7506/7506/7506 7455/7455/7455 7541/7541/7541
f 7541/7541/7541 7455/7455/7455 7498/7498/7498
f 7498/7498/7498 7455/7455/7455 7414/7414/7414
f 6660/6660/6660 6973/6973/6973 6991/6991/6991
f 6991/6991/6991 6973/6973/6973 7200/7200/7200
f 7200/7200/7200 6973/6973/6973 7212/7212/7212
f 7200/7200/7200 7212/7212/7212 7398/7398/7398
f 7398/7398/7398 7212/7212/7212 7420/7420/7420
f 7398/7398/7398 7420/7420/7420 7599/7599/7599
f 7398/7398/7398 7599/7599/7599 7544/7544/7544
f 7544/7544/7544 7599/7599/7599 7624/7624/7624
f 7544/7544/7544 7624/7624/7624 7592/7592/7592
f 6894/6894/6894 6643/6643/6643 6990/6990/6990
f 6972/6972/6972 6621/6621/6621 6897/6897/6897
f 6972/6972/6972 6897/6897/6897 7211/7211/7211
f 7211/7211/7211 6897/6897/6897 7147/7147/7147
f 7211/7211/7211 7147/7147/7147 7419/7419/7419
f 7419/7419/7419 7147/7147/7147 7324/7324/7324
f 7419/7419/7419 7324/7324/7324 7507/7507/7507
f 7419/7419/7419 7507/7507/7507 7598/7598/7598
f 7598/7598/7598 7507/7507/7507 7542/7542/7542
f 7598/7598/7598 7542/7542/7542 7623/7623/7623
f 6992/6992/6992 7201/7201/7201 6895/6895/6895
f 6895/6895/6895 7201/7201/7201 7119/7119/7119
f 7119/7119/7119 7201/7201/7201 7399/7399/7399
f 7119/7119/7119 7399/7399/7399 7265/7265/7265
f 7265/7265/7265 7399/7399/7399 7418/7418/7418
f 7418/7418/7418 7399/7399/7399 7545/7545/7545
f 7418/7418/7418 7545/7545/7545 7457/7457/7457
f 7457/7457/7457 7545/7545/7545 7593/7593/7593
f 7625/7625/7625 7543/7543/7543 7501/7501/7501
f 7590/7590/7590 7621/7621/7621 7563/7563/7563
f 7590/7590/7590 7563/7563/7563 7519/7519/7519
f 7519/7519/7519 7563/7563/7563 7384/7384/7384
f 7519/7519/7519 7384/7384/7384 7337/7337/7337
f 7564/7564/7564 7622/7622/7622 7499/7499/7499
f 7564/7564/7564 7499/7499/7499 7385/7385/7385
f 7591/7591/7591 7520/7520/7520 7456/7456/7456
f 7456/7456/7456 7520/7520/7520 7416/7416/7416
f 7416/7416/7416 7520/7520/7520 7338/7338/7338
f 7416/7416/7416 7338/7338/7338 7281/7281/7281
f 7281/7281/7281 7338/7338/7338 7175/7175/7175
f 7281/7281/7281 7175/7175/7175 7153/7153/7153
f 7500/7500/7500 7415/7415/7415 7362/7362/7362
f 7362/7362/7362 7415/7415/7415 7280/7280/7280
f 7362/7362/7362 7280/7280/7280 7195/7195/7195
f 7195/7195/7195 7280/7280/7280 7152/7152/7152
f 7502/7502/7502 7363/7363/7363 7386/7386/7386
f 7387/7387/7387 7364/7364/7364 7196/7196/7196
f 7387/7387/7387 7196/7196/7196 7221/7221/7221
f 7339/7339/7339 7388/7388/7388 7176/7176/7176
f 7176/7176/7176 7388/7388/7388 7222/7222/7222
f 7194/7194/7194 7151/7151/7151 7220/7220/7220
f 7220/7220/7220 7151/7151/7151 7174/7174/7174
f 1379/1379/1379 1500/1500/1500 1486/1486/1486
f 1487/1487/1487 1502/1502/1502 1361/1361/1361
f 1380/1380/1380 1488/1488/1488 1348/1348/1348
f 1348/1348/1348 1488/1488/1488 1362/1362/1362
f 1348/1348/1348 1362/1362/1362 962/962/962
f 1377/1377/1377 1346/1346/1346 1339/1339/1339
f 1339/1339/1339 1346/1346/1346 1222/1222/1222
f 1224/1224/1224 1347/1347/1347 1074/1074/1074
f 1074/1074/1074 1347/1347/1347 960/960/960
f 836/836/836 807/807/807 771/771/771
f 658/658/658 462/462/462 215/215/215
f 463/463/463 586/586/586 457/457/457
f 457/457/457 586/586/586 539/539/539
f 461/461/461 456/456/456 431/431/431
f 464/464/464 432/432/432 218/218/218
f 458/458/458 540/540/540 433/433/433
f 537/537/537 359/359/359 345/345/345
f 345/345/345 359/359/359 184/184/184
f 345/345/345 184/184/184 175/175/175
f 175/175/175 184/184/184 2043/2043/2043
f 2043/2043/2043 184/184/184 58/58/58
f 2043/2043/2043 58/58/58 5302/5302/5302
f 5302/5302/5302 58/58/58 3579/3579/3579
f 5302/5302/5302 3579/3579/3579 5235/5235/5235
f 5302/5302/5302 5235/5235/5235 6281/6281/6281
f 5302/5302/5302 6281/6281/6281 6241/6241/6241
f 6241/6241/6241 6281/6281/6281 6450/6450/6450
f 6450/6450/6450 6281/6281/6281 6487/6487/6487
f 541/541/541 346/346/346 434/434/434
f 434/434/434 346/346/346 250/250/250
f 435/435/435 251/251/251 258/258/258
f 430/430/430 256/256/256 212/212/212
f 217/217/217 257/257/257 249/249/249
f 5443/5443/5443 4743/4743/4743 5303/5303/5303
f 5445/5445/5445 5306/5306/5306 6246/6246/6246
f 5445/5445/5445 6246/6246/6246 6242/6242/6242
f 5445/5445/5445 6242/6242/6242 6283/6283/6283
f 6283/6283/6283 6242/6242/6242 6405/6405/6405
f 6283/6283/6283 6405/6405/6405 6488/6488/6488
f 6488/6488/6488 6405/6405/6405 6467/6467/6467
f 6488/6488/6488 6467/6467/6467 6734/6734/6734
f 6467/6467/6467 6405/6405/6405 6387/6387/6387
f 6387/6387/6387 6405/6405/6405 6217/6217/6217
f 6734/6734/6734 6467/6467/6467 6736/6736/6736
f 6734/6734/6734 6736/6736/6736 7089/7089/7089
f 7089/7089/7089 6736/6736/6736 7070/7070/7070
f 6245/6245/6245 5305/5305/5305 5195/5195/5195
f 6245/6245/6245 5195/5195/5195 6215/6215/6215
f 6215/6215/6215 5195/5195/5195 6223/6223/6223
f 6215/6215/6215 6223/6223/6223 6386/6386/6386
f 6245/6245/6245 6215/6215/6215 6401/6401/6401
f 6401/6401/6401 6215/6215/6215 6413/6413/6413
f 6243/6243/6243 6247/6247/6247 6403/6403/6403
f 6243/6243/6243 6403/6403/6403 6398/6398/6398
f 6398/6398/6398 6403/6403/6403 6424/6424/6424
f 6424/6424/6424 6403/6403/6403 6432/6432/6432
f 6424/6424/6424 6432/6432/6432 6507/6507/6507
f 6507/6507/6507 6432/6432/6432 6541/6541/6541
f 6507/6507/6507 6541/6541/6541 6614/6614/6614
f 6507/6507/6507 6614/6614/6614 6587/6587/6587
f 6587/6587/6587 6614/6614/6614 6725/6725/6725
f 6587/6587/6587 6725/6725/6725 6625/6625/6625
f 6625/6625/6625 6725/6725/6725 6805/6805/6805
f 6625/6625/6625 6805/6805/6805 6692/6692/6692
f 6406/6406/6406 6244/6244/6244 6399/6399/6399
f 6406/6406/6406 6399/6399/6399 6426/6426/6426
f 6406/6406/6406 6426/6426/6426 6458/6458/6458
f 6402/6402/6402 6415/6415/6415 6431/6431/6431
f 6414/6414/6414 6216/6216/6216 6404/6404/6404
f 6414/6414/6414 6404/6404/6404 6489/6489/6489
f 6489/6489/6489 6404/6404/6404 6456/6456/6456
f 6489/6489/6489 6456/6456/6456 6589/6589/6589
f 6589/6589/6589 6456/6456/6456 6557/6557/6557
f 6589/6589/6589 6557/6557/6557 6608/6608/6608
f 6589/6589/6589 6608/6608/6608 6676/6676/6676
f 6676/6676/6676 6608/6608/6608 6795/6795/6795
f 6795/6795/6795 6608/6608/6608 6674/6674/6674
f 6795/6795/6795 6674/6674/6674 6731/6731/6731
f 6795/6795/6795 6731/6731/6731 6861/6861/6861
f 6861/6861/6861 6731/6731/6731 6792/6792/6792
f 6433/6433/6433 6416/6416/6416 6490/6490/6490
f 6433/6433/6433 6490/6490/6490 6542/6542/6542
f 6542/6542/6542 6490/6490/6490 6590/6590/6590
f 6542/6542/6542 6590/6590/6590 6677/6677/6677
f 6542/6542/6542 6677/6677/6677 6615/6615/6615
f 6615/6615/6615 6677/6677/6677 6796/6796/6796
f 6615/6615/6615 6796/6796/6796 6726/6726/6726
f 6425/6425/6425 6508/6508/6508 6457/6457/6457
f 6457/6457/6457 6508/6508/6508 6558/6558/6558
f 6558/6558/6558 6508/6508/6508 6609/6609/6609
f 6609/6609/6609 6508/6508/6508 6588/6588/6588
f 6609/6609/6609 6588/6588/6588 6675/6675/6675
f 6675/6675/6675 6588/6588/6588 6626/6626/6626
f 6675/6675/6675 6626/6626/6626 6732/6732/6732
f 6732/6732/6732 6626/6626/6626 6693/6693/6693
f 6804/6804/6804 6724/6724/6724 6794/6794/6794
f 6804/6804/6804 6794/6794/6794 6860/6860/6860
f 6690/6690/6690 6803/6803/6803 6791/6791/6791
f 6691/6691/6691 6790/6790/6790 6730/6730/6730
f 6793/6793/6793 6806/6806/6806 6862/6862/6862
f 1382/1382/1382 1344/1344/1344 1324/1324/1324
f 1324/1324/1324 1344/1344/1344 1295/1295/1295
f 1295/1295/1295 1344/1344/1344 1287/1287/1287
f 1287/1287/1287 1344/1344/1344 1334/1334/1334
f 1385/1385/1385 1325/1325/1325 1269/1269/1269
f 1384/1384/1384 1268/1268/1268 1328/1328/1328
f 1383/1383/1383 1326/1326/1326 1345/1345/1345
f 1345/1345/1345 1326/1326/1326 1292/1292/1292
f 1345/1345/1345 1292/1292/1292 1258/1258/1258
f 1345/1345/1345 1258/1258/1258 1335/1335/1335
f 1266/1266/1266 1323/1323/1323 1262/1262/1262
f 1262/1262/1262 1323/1323/1323 1294/1294/1294
f 1262/1262/1262 1294/1294/1294 1285/1285/1285
f 1262/1262/1262 1285/1285/1285 1198/1198/1198
f 1267/1267/1267 1263/1263/1263 1327/1327/1327
f 1327/1327/1327 1263/1263/1263 1293/1293/1293
f 1293/1293/1293 1263/1263/1263 1259/1259/1259
f 1259/1259/1259 1263/1263/1263 1200/1200/1200
f 1199/1199/1199 1286/1286/1286 1333/1333/1333
f 1199/1199/1199 1333/1333/1333 1257/1257/1257
f 1351/1351/1351 1365/1365/1365 1320/1320/1320
f 1351/1351/1351 1320/1320/1320 1297/1297/1297
f 1364/1364/1364 1350/1350/1350 1230/1230/1230
f 1364/1364/1364 1230/1230/1230 1272/1272/1272
f 1363/1363/1363 1271/1271/1271 1319/1319/1319
f 1319/1319/1319 1271/1271/1271 1265/1265/1265
f 1319/1319/1319 1265/1265/1265 1202/1202/1202
f 1319/1319/1319 1202/1202/1202 1316/1316/1316
f 1228/1228/1228 1349/1349/1349 1226/1226/1226
f 1226/1226/1226 1349/1349/1349 1296/1296/1296
f 1226/1226/1226 1296/1296/1296 1288/1288/1288
f 1226/1226/1226 1288/1288/1288 1144/1144/1144
f 1229/1229/1229 1227/1227/1227 1270/1270/1270
f 1270/1270/1270 1227/1227/1227 1264/1264/1264
f 1264/1264/1264 1227/1227/1227 1201/1201/1201
f 1201/1201/1201 1227/1227/1227 1145/1145/1145
f 1289/1289/1289 1298/1298/1298 1322/1322/1322
f 1321/1321/1321 1317/1317/1317 1290/1290/1290
f 1318/1318/1318 1203/1203/1203 1146/1146/1146
f 1318/1318/1318 1146/1146/1146 1291/1291/1291
f 1645/1645/1645 1710/1710/1710 1623/1623/1623
f 1614/1614/1614 1663/1663/1663 1702/1702/1702
f 1615/1615/1615 1703/1703/1703 1658/1658/1658
f 1613/1613/1613 1657/1657/1657 1642/1642/1642
f 1250/1250/1250 1331/1331/1331 1374/1374/1374
f 1331/1331/1331 1250/1250/1250 1253/1253/1253
f 1250/1250/1250 1374/1374/1374 1221/1221/1221
f 1252/1252/1252 1225/1225/1225 1077/1077/1077
f 1252/1252/1252 1077/1077/1077 1143/1143/1143
f 1376/1376/1376 1332/1332/1332 1283/1283/1283
f 1283/1283/1283 1332/1332/1332 1255/1255/1255
f 1376/1376/1376 1283/1283/1283 1194/1194/1194
f 1251/1251/1251 1141/1141/1141 1254/1254/1254
f 1142/1142/1142 1075/1075/1075 1196/1196/1196
f 1142/1142/1142 1196/1196/1196 1284/1284/1284
f 1142/1142/1142 1284/1284/1284 1256/1256/1256
f 1148/1148/1148 1341/1341/1341 1336/1336/1336
f 1148/1148/1148 1336/1336/1336 1135/1135/1135
f 1341/1341/1341 1148/1148/1148 761/761/761
f 1341/1341/1341 761/761/761 795/795/795
f 1136/1136/1136 1338/1338/1338 1313/1313/1313
f 1136/1136/1136 1313/1313/1313 1129/1129/1129
f 1147/1147/1147 1134/1134/1134 1127/1127/1127
f 1312/1312/1312 1337/1337/1337 1315/1315/1315
f 1315/1315/1315 1337/1337/1337 1342/1342/1342
f 1315/1315/1315 1342/1342/1342 792/792/792
f 1311/1311/1311 1314/1314/1314 1128/1128/1128
f 1128/1128/1128 1314/1314/1314 1132/1132/1132
f 1132/1132/1132 1314/1314/1314 757/757/757
f 757/757/757 1314/1314/1314 791/791/791
f 1150/1150/1150 1130/1130/1130 1133/1133/1133
f 762/762/762 1149/1149/1149 1131/1131/1131
f 762/762/762 1131/1131/1131 756/756/756
f 1343/1343/1343 796/796/796 793/793/793
f 763/763/763 758/758/758 797/797/797
f 797/797/797 758/758/758 794/794/794
f 747/747/747 765/765/765 775/775/775
f 747/747/747 775/775/775 760/760/760
f 747/747/747 760/760/760 754/754/754
f 747/747/747 754/754/754 740/740/740
f 776/776/776 766/766/766 750/750/750
f 750/750/750 766/766/766 735/735/735
f 733/733/733 764/764/764 746/746/746
f 733/733/733 746/746/746 730/730/730
f 730/730/730 746/746/746 711/711/711
f 711/711/711 746/746/746 739/739/739
f 774/774/774 748/748/748 742/742/742
f 774/774/774 742/742/742 759/759/759
f 759/759/759 742/742/742 753/753/753
f 753/753/753 742/742/742 727/727/727
f 743/743/743 749/749/749 734/734/734
f 743/743/743 734/734/734 731/731/731
f 732/732/732 713/713/713 745/745/745
f 744/744/744 712/712/712 728/728/728
f 729/729/729 714/714/714 741/741/741
f 729/729/729 741/741/741 755/755/755
f 548/548/548 593/593/593 532/532/532
f 532/532/532 593/593/593 567/567/567
f 532/532/532 567/567/567 564/564/564
f 532/532/532 564/564/564 523/523/523
f 594/594/594 550/550/550 547/547/547
f 547/547/547 550/550/550 507/507/507
f 505/505/505 549/549/549 533/533/533
f 505/505/505 533/533/533 515/515/515
f 515/515/515 533/533/533 488/488/488
f 488/488/488 533/533/533 524/524/524
f 592/592/592 545/545/545 528/528/528
f 592/592/592 528/528/528 566/566/566
f 566/566/566 528/528/528 563/563/563
f 563/563/563 528/528/528 512/512/512
f 529/529/529 546/546/546 506/506/506
f 529/529/529 506/506/506 516/516/516
f 565/565/565 514/514/514 525/525/525
f 525/525/525 514/514/514 491/491/491
f 531/531/531 517/517/517 490/490/490
f 530/530/530 489/489/489 513/513/513
f 122/122/122 487/487/487 496/496/496
f 487/487/487 122/122/122 125/125/125
f 496/496/496 487/487/487 858/858/858
f 496/496/496 858/858/858 874/874/874
f 126/126/126 123/123/123 104/104/104
f 126/126/126 104/104/104 120/120/120
f 103/103/103 121/121/121 495/495/495
f 103/103/103 495/495/495 494/494/494
f 494/494/494 495/495/495 873/873/873
f 124/124/124 119/119/119 484/484/484
f 124/124/124 484/484/484 486/486/486
f 483/483/483 118/118/118 102/102/102
f 483/483/483 102/102/102 493/493/493
f 483/483/483 493/493/493 841/841/841
f 483/483/483 841/841/841 838/838/838
f 485/485/485 482/482/482 837/837/837
f 485/485/485 837/837/837 857/857/857
f 839/839/839 842/842/842 859/859/859
f 859/859/859 842/842/842 875/875/875
f 872/872/872 840/840/840 492/492/492
f 2959/2959/2959 145/145/145 3081/3081/3081
f 3081/3081/3081 145/145/145 134/134/134
f 2959/2959/2959 3081/3081/3081 4449/4449/4449
f 4449/4449/4449 3081/3081/3081 4577/4577/4577
f 4522/4522/4522 2962/2962/2962 2905/2905/2905
f 2962/2962/2962 4522/4522/4522 4626/4626/4626
f 4626/4626/4626 4522/4522/4522 5447/5447/5447
f 4626/4626/4626 5447/5447/5447 5605/5605/5605
f 5605/5605/5605 5447/5447/5447 5754/5754/5754
f 5605/5605/5605 5754/5754/5754 5895/5895/5895
f 4450/4450/4450 4578/4578/4578 5308/5308/5308
f 5308/5308/5308 4578/4578/4578 5450/5450/5450
f 5308/5308/5308 5450/5450/5450 5504/5504/5504
f 5504/5504/5504 5450/5450/5450 5758/5758/5758
f 5504/5504/5504 5758/5758/5758 5719/5719/5719
f 5719/5719/5719 5758/5758/5758 5940/5940/5940
f 5719/5719/5719 5940/5940/5940 5750/5750/5750
f 5449/5449/5449 5604/5604/5604 5757/5757/5757
f 5757/5757/5757 5604/5604/5604 5894/5894/5894
f 5757/5757/5757 5894/5894/5894 5939/5939/5939
f 5939/5939/5939 5894/5894/5894 6131/6131/6131
f 5939/5939/5939 6131/6131/6131 5935/5935/5935
f 5935/5935/5935 6131/6131/6131 6129/6129/6129
f 5935/5935/5935 6129/6129/6129 5883/5883/5883
f 5883/5883/5883 6129/6129/6129 6105/6105/6105
f 5883/5883/5883 6105/6105/6105 5875/5875/5875
f 5883/5883/5883 5875/5875/5875 5352/5352/5352
f 5756/5756/5756 5505/5505/5505 5893/5893/5893
f 5893/5893/5893 5505/5505/5505 5720/5720/5720
f 5893/5893/5893 5720/5720/5720 5751/5751/5751
f 5893/5893/5893 5751/5751/5751 5934/5934/5934
f 5896/5896/5896 5755/5755/5755 6132/6132/6132
f 6132/6132/6132 5755/5755/5755 5892/5892/5892
f 6132/6132/6132 5892/5892/5892 5933/5933/5933
f 6132/6132/6132 5933/5933/5933 6130/6130/6130
f 6130/6130/6130 5933/5933/5933 5878/5878/5878
f 6130/6130/6130 5878/5878/5878 6106/6106/6106
f 5941/5941/5941 5938/5938/5938 5752/5752/5752
f 5932/5932/5932 5748/5748/5748 5716/5716/5716
f 5932/5932/5932 5716/5716/5716 5877/5877/5877
f 5877/5877/5877 5716/5716/5716 5655/5655/5655
f 5655/5655/5655 5716/5716/5716 5547/5547/5547
f 5655/5655/5655 5547/5547/5547 4965/4965/4965
f 5655/5655/5655 4965/4965/4965 4961/4961/4961
f 5717/5717/5717 5749/5749/5749 5936/5936/5936
f 5937/5937/5937 5884/5884/5884 5718/5718/5718
f 5718/5718/5718 5884/5884/5884 5548/5548/5548
f 5548/5548/5548 5884/5884/5884 4966/4966/4966
f 6107/6107/6107 5879/5879/5879 5876/5876/5876
f 5876/5876/5876 5879/5879/5879 5656/5656/5656
f 5876/5876/5876 5656/5656/5656 5353/5353/5353
f 5353/5353/5353 5656/5656/5656 4962/4962/4962
f 4964/4964/4964 5882/5882/5882 5351/5351/5351
f 4963/4963/4963 4967/4967/4967 5354/5354/5354
f 278/278/278 264/264/264 334/334/334
f 278/278/278 334/334/334 324/324/324
f 278/278/278 324/324/324 271/271/271
f 271/271/271 324/324/324 319/319/319
f 264/264/264 278/278/278 202/202/202
f 334/334/334 264/264/264 299/299/299
f 264/264/264 202/202/202 205/205/205
f 299/299/299 264/264/264 220/220/220
f 220/220/220 264/264/264 205/205/205
f 204/204/204 201/201/201 356/356/356
f 204/204/204 356/356/356 219/219/219
f 219/219/219 356/356/356 298/298/298
f 298/298/298 356/356/356 364/364/364
f 298/298/298 364/364/364 371/371/371
f 356/356/356 201/201/201 252/252/252
f 356/356/356 252/252/252 347/347/347
f 347/347/347 252/252/252 341/341/341
f 347/347/347 341/341/341 361/361/361
f 341/341/341 252/252/252 245/245/245
f 245/245/245 252/252/252 198/198/198
f 353/353/353 376/376/376 341/341/341
f 353/353/353 341/341/341 296/296/296
f 296/296/296 341/341/341 245/245/245
f 296/296/296 245/245/245 235/235/235
f 235/235/235 245/245/245 193/193/193
f 253/253/253 203/203/203 279/279/279
f 335/335/335 300/300/300 372/372/372
f 335/335/335 372/372/372 365/365/365
f 335/335/335 365/365/365 357/357/357
f 335/335/335 357/357/357 325/325/325
f 280/280/280 272/272/272 254/254/254
f 326/326/326 358/358/358 349/349/349
f 323/323/323 348/348/348 317/317/317
f 317/317/317 348/348/348 362/362/362
f 320/320/320 363/363/363 343/343/343
f 318/318/318 342/342/342 377/377/377
f 322/322/322 378/378/378 355/355/355
f 321/321/321 354/354/354 297/297/297
f 321/321/321 297/297/297 273/273/273
f 273/273/273 297/297/297 236/236/236
f 199/199/199 255/255/255 274/274/274
f 246/246/246 200/200/200 275/275/275
f 247/247/247 277/277/277 195/195/195
f 237/237/237 194/194/194 276/276/276
f 331/331/331 315/315/315 295/295/295
f 293/293/293 314/314/314 269/269/269
f 269/269/269 314/314/314 290/290/290
f 269/269/269 290/290/290 233/233/233
f 269/269/269 233/233/233 243/243/243
f 294/294/294 270/270/270 332/332/332
f 316/316/316 333/333/333 340/340/340
f 316/316/316 340/340/340 292/292/292
f 291/291/291 339/339/339 330/330/330
f 291/291/291 330/330/330 234/234/234
f 234/234/234 330/330/330 244/244/244
f 268/268/268 242/242/242 329/329/329
f 424/424/424 447/447/447 418/418/418
f 418/418/418 447/447/447 429/429/429
f 418/418/418 429/429/429 441/441/441
f 418/418/418 441/441/441 406/406/406
f 448/448/448 425/425/425 422/422/422
f 422/422/422 425/425/425 392/392/392
f 390/390/390 423/423/423 417/417/417
f 390/390/390 417/417/417 396/396/396
f 396/396/396 417/417/417 383/383/383
f 446/446/446 420/420/420 413/413/413
f 446/446/446 413/413/413 428/428/428
f 428/428/428 413/413/413 440/440/440
f 440/440/440 413/413/413 403/403/403
f 414/414/414 421/421/421 391/391/391
f 414/414/414 391/391/391 397/397/397
f 398/398/398 385/385/385 416/416/416
f 384/384/384 419/419/419 407/407/407
f 415/415/415 386/386/386 404/404/404
f 405/405/405 387/387/387 408/408/408
f 405/405/405 408/408/408 442/442/442
f 306/306/306 311/311/311 350/350/350
f 306/306/306 350/350/350 327/327/327
f 306/306/306 327/327/327 336/336/336
f 306/306/306 336/336/336 288/288/288
f 352/352/352 313/313/313 310/310/310
f 310/310/310 313/313/313 267/267/267
f 266/266/266 312/312/312 307/307/307
f 266/266/266 307/307/307 282/282/282
f 282/282/282 307/307/307 260/260/260
f 351/351/351 309/309/309 302/302/302
f 351/351/351 302/302/302 328/328/328
f 328/328/328 302/302/302 337/337/337
f 337/337/337 302/302/302 284/284/284
f 301/301/301 308/308/308 265/265/265
f 301/301/301 265/265/265 281/281/281
f 283/283/283 261/261/261 304/304/304
f 259/259/259 305/305/305 287/287/287
f 303/303/303 262/262/262 285/285/285
f 286/286/286 263/263/263 289/289/289
f 286/286/286 289/289/289 338/338/338
f 166/166/166 171/171/171 181/181/181
f 166/166/166 181/181/181 176/176/176
f 166/166/166 176/176/176 178/178/178
f 166/166/166 178/178/178 161/161/161
f 183/183/183 173/173/173 170/170/170
f 170/170/170 173/173/173 154/154/154
f 153/153/153 172/172/172 167/167/167
f 182/182/182 169/169/169 164/164/164
f 182/182/182 164/164/164 177/177/177
f 177/177/177 164/164/164 179/179/179
f 179/179/179 164/164/164 158/158/158
f 163/163/163 168/168/168 151/151/151
f 163/163/163 151/151/151 155/155/155
f 163/163/163 155/155/155 148/148/148
f 163/163/163 148/148/148 157/157/157
f 152/152/152 165/165/165 156/156/156
f 156/156/156 165/165/165 149/149/149
f 149/149/149 165/165/165 160/160/160
f 159/159/159 150/150/150 162/162/162
f 159/159/159 162/162/162 180/180/180
f 1173/1173/1173 1117/1117/1117 1168/1168/1168
f 1171/1171/1171 1166/1166/1166 1092/1092/1092
f 1172/1172/1172 1093/1093/1093 1116/1116/1116
f 1163/1163/1163 1104/1104/1104 1093/1093/1093
f 1093/1093/1093 1104/1104/1104 1053/1053/1053
f 1116/1116/1116 1093/1093/1093 1014/1014/1014
f 1093/1093/1093 1053/1053/1053 994/994/994
f 1093/1093/1093 994/994/994 1014/1014/1014
f 994/994/994 1053/1053/1053 990/990/990
f 994/994/994 990/990/990 940/940/940
f 1014/1014/1014 994/994/994 964/964/964
f 1116/1116/1116 1014/1014/1014 1138/1138/1138
f 1138/1138/1138 1014/1014/1014 966/966/966
f 1138/1138/1138 966/966/966 969/969/969
f 1138/1138/1138 969/969/969 996/996/996
f 1138/1138/1138 996/996/996 1059/1059/1059
f 1138/1138/1138 1059/1059/1059 1179/1179/1179
f 1179/1179/1179 1059/1059/1059 1184/1184/1184
f 1091/1091/1091 1165/1165/1165 1162/1162/1162
f 1161/1161/1161 1164/1164/1164 1103/1103/1103
f 1105/1105/1105 1170/1170/1170 1057/1057/1057
f 1177/1177/1177 1169/1169/1169 1118/1118/1118
f 1055/1055/1055 1167/1167/1167 1107/1107/1107
f 1055/1055/1055 1107/1107/1107 991/991/991
f 1107/1107/1107 1167/1167/1167 1176/1176/1176
f 1107/1107/1107 1176/1176/1176 1112/1112/1112
f 1174/1174/1174 1115/1115/1115 1137/1137/1137
f 1174/1174/1174 1137/1137/1137 1180/1180/1180
f 1180/1180/1180 1137/1137/1137 1178/1178/1178
f 1180/1180/1180 1178/1178/1178 1183/1183/1183
f 1108/1108/1108 1114/1114/1114 1016/1016/1016
f 1108/1108/1108 1016/1016/1016 965/965/965
f 1111/1111/1111 1175/1175/1175 1181/1181/1181
f 1111/1111/1111 1181/1181/1181 1094/1094/1094
f 1111/1111/1111 1094/1094/1094 967/967/967
f 1094/1094/1094 1181/1181/1181 1060/1060/1060
f 967/967/967 1094/1094/1094 970/970/970
f 1094/1094/1094 1060/1060/1060 997/997/997
f 1094/1094/1094 997/997/997 970/970/970
f 1015/1015/1015 1113/1113/1113 968/968/968
f 1182/1182/1182 1185/1185/1185 1061/1061/1061
f 963/963/963 993/993/993 1106/1106/1106
f 1110/1110/1110 995/995/995 941/941/941
f 942/942/942 992/992/992 1109/1109/1109
f 987/987/987 1054/1054/1054 1088/1088/1088
f 987/987/987 1088/1088/1088 982/982/982
f 1058/1058/1058 988/988/988 1050/1050/1050
f 1056/1056/1056 1049/1049/1049 1090/1090/1090
f 1090/1090/1090 1049/1049/1049 1034/1034/1034
f 1090/1090/1090 1034/1034/1034 1083/1083/1083
f 1090/1090/1090 1083/1083/1083 1086/1086/1086
f 1052/1052/1052 989/989/989 985/985/985
f 1051/1051/1051 986/986/986 1036/1036/1036
f 1035/1035/1035 984/984/984 1087/1087/1087
f 1035/1035/1035 1087/1087/1087 1084/1084/1084
f 1085/1085/1085 983/983/983 1089/1089/1089
f 1235/1235/1235 1231/1231/1231 1157/1157/1157
f 1235/1235/1235 1157/1157/1157 1160/1160/1160
f 1160/1160/1160 1157/1157/1157 1156/1156/1156
f 1156/1156/1156 1157/1157/1157 1152/1152/1152
f 1233/1233/1233 1236/1236/1236 1082/1082/1082
f 1233/1233/1233 1082/1082/1082 1102/1102/1102
f 1232/1232/1232 1100/1100/1100 1158/1158/1158
f 1158/1158/1158 1100/1100/1100 1079/1079/1079
f 1158/1158/1158 1079/1079/1079 1026/1026/1026
f 1158/1158/1158 1026/1026/1026 1153/1153/1153
f 1080/1080/1080 1234/1234/1234 1095/1095/1095
f 1095/1095/1095 1234/1234/1234 1159/1159/1159
f 1095/1095/1095 1159/1159/1159 1154/1154/1154
f 1095/1095/1095 1154/1154/1154 1028/1028/1028
f 1081/1081/1081 1097/1097/1097 1101/1101/1101
f 1078/1078/1078 1099/1099/1099 1096/1096/1096
f 1078/1078/1078 1096/1096/1096 1024/1024/1024
f 1155/1155/1155 1151/1151/1151 1029/1029/1029
f 1029/1029/1029 1151/1151/1151 1025/1025/1025
f 1098/1098/1098 1030/1030/1030 1027/1027/1027
f 979/979/979 1011/1011/1011 955/955/955
f 979/979/979 955/955/955 957/957/957
f 957/957/957 955/955/955 943/943/943
f 943/943/943 955/955/955 952/952/952
f 1013/1013/1013 981/981/981 919/919/919
f 1013/1013/1013 919/919/919 939/939/939
f 1012/1012/1012 937/937/937 956/956/956
f 956/956/956 937/937/937 916/916/916
f 956/956/956 916/916/916 899/899/899
f 956/956/956 899/899/899 953/953/953
f 917/917/917 980/980/980 913/913/913
f 913/913/913 980/980/980 958/958/958
f 913/913/913 958/958/958 944/944/944
f 913/913/913 944/944/944 896/896/896
f 918/918/918 914/914/914 938/938/938
f 915/915/915 936/936/936 912/912/912
f 915/915/915 912/912/912 898/898/898
f 898/898/898 912/912/912 895/895/895
f 945/945/945 954/954/954 897/897/897
f 897/897/897 954/954/954 900/900/900
f 6485/6485/6485 7064/7064/7064 6925/6925/6925
f 6925/6925/6925 7064/7064/7064 7179/7179/7179
f 6485/6485/6485 6925/6925/6925 6655/6655/6655
f 6484/6484/6484 6654/6654/6654 6521/6521/6521
f 6521/6521/6521 6654/6654/6654 6640/6640/6640
f 6640/6640/6640 6654/6654/6654 7114/7114/7114
f 7114/7114/7114 6654/6654/6654 7066/7066/7066
f 7114/7114/7114 7066/7066/7066 7461/7461/7461
f 6519/6519/6519 6639/6639/6639 6600/6600/6600
f 6602/6602/6602 6641/6641/6641 7116/7116/7116
f 6601/6601/6601 7115/7115/7115 6952/6952/6952
f 6952/6952/6952 7115/7115/7115 7462/7462/7462
f 7463/7463/7463 6924/6924/6924 6954/6954/6954
f 7199/7199/7199 7366/7366/7366 7691/7691/7691
f 7199/7199/7199 7691/7691/7691 7570/7570/7570
f 7691/7691/7691 7366/7366/7366 7707/7707/7707
f 7707/7707/7707 7366/7366/7366 7442/7442/7442
f 7707/7707/7707 7442/7442/7442 7695/7695/7695
f 7695/7695/7695 7442/7442/7442 7401/7401/7401
f 7695/7695/7695 7401/7401/7401 7600/7600/7600
f 7600/7600/7600 7401/7401/7401 7266/7266/7266
f 7600/7600/7600 7266/7266/7266 7268/7268/7268
f 7268/7268/7268 7266/7266/7266 7068/7068/7068
f 7268/7268/7268 7068/7068/7068 6955/6955/6955
f 6955/6955/6955 7068/7068/7068 6735/6735/6735
f 6955/6955/6955 6735/6735/6735 6559/6559/6559
f 6559/6559/6559 6735/6735/6735 6465/6465/6465
f 7699/7699/7699 7696/7696/7696 7603/7603/7603
f 7603/7603/7603 7696/7696/7696 7601/7601/7601
f 7603/7603/7603 7601/7601/7601 7270/7270/7270
f 7603/7603/7603 7270/7270/7270 7273/7273/7273
f 7263/7263/7263 7283/7283/7283 211/211/211
f 7267/7267/7267 7402/7402/7402 7438/7438/7438
f 7267/7267/7267 7438/7438/7438 7285/7285/7285
f 7267/7267/7267 7285/7285/7285 7069/7069/7069
f 7069/7069/7069 7285/7285/7285 7088/7088/7088
f 6971/6971/6971 214/214/214 6638/6638/6638
f 6560/6560/6560 6466/6466/6466 6385/6385/6385
f 6560/6560/6560 6385/6385/6385 6360/6360/6360
f 7269/7269/7269 6956/6956/6956 6958/6958/6958
f 7269/7269/7269 6958/6958/6958 7272/7272/7272
f 6958/6958/6958 6956/6956/6956 6561/6561/6561
f 6958/6958/6958 6561/6561/6561 6563/6563/6563
f 6563/6563/6563 6561/6561/6561 6364/6364/6364
f 6364/6364/6364 6561/6561/6561 6361/6361/6361
f 6364/6364/6364 6361/6361/6361 5359/5359/5359
f 6364/6364/6364 5359/5359/5359 5362/5362/5362
f 6362/6362/6362 6388/6388/6388 6224/6224/6224
f 7/7/7 2020/2020/2020 2010/2010/2010
f 2010/2010/2010 2020/2020/2020 1/1/1
f 2020/2020/2020 7/7/7 2427/2427/2427
f 8/8/8 2011/2011/2011 2185/2185/2185
f 8/8/8 2185/2185/2185 2300/2300/2300
f 8/8/8 2300/2300/2300 2428/2428/2428
f 2428/2428/2428 2300/2300/2300 2921/2921/2921
f 2187/2187/2187 2012/2012/2012 2133/2133/2133
f 2134/2134/2134 2013/2013/2013 3/3/3
f 2/2/2 2022/2022/2022 2199/2199/2199
f 2199/2199/2199 2022/2022/2022 2581/2581/2581
f 2/2/2 2199/2199/2199 2132/2132/2132
f 2186/2186/2186 2131/2131/2131 2301/2301/2301
f 2301/2301/2301 2131/2131/2131 2196/2196/2196
f 2580/2580/2580 2021/2021/2021 2430/2430/2430
f 2368/2368/2368 2430/2430/2430 16/16/16
f 2430/2430/2430 2368/2368/2368 2798/2798/2798
f 2430/2430/2430 2798/2798/2798 3449/3449/3449
f 2430/2430/2430 3449/3449/3449 2580/2580/2580
f 2580/2580/2580 3449/3449/3449 3817/3817/3817
f 2580/2580/2580 3817/3817/3817 2623/2623/2623
f 2580/2580/2580 2623/2623/2623 2190/2190/2190
f 2190/2190/2190 2623/2623/2623 2294/2294/2294
f 2623/2623/2623 3817/3817/3817 2712/2712/2712
f 2623/2623/2623 2712/2712/2712 2487/2487/2487
f 2487/2487/2487 2712/2712/2712 2619/2619/2619
f 2302/2302/2302 2198/2198/2198 2922/2922/2922
f 2922/2922/2922 2198/2198/2198 2857/2857/2857
f 2197/2197/2197 2579/2579/2579 2856/2856/2856
f 2431/2431/2431 2923/2923/2923 42/42/42
f 2429/2429/2429 41/41/41 14/14/14
f 14/14/14 41/41/41 2017/2017/2017
f 2017/2017/2017 41/41/41 5/5/5
f 12/12/12 2016/2016/2016 2297/2297/2297
f 4/4/4 40/40/40 2063/2063/2063
f 4/4/4 2063/2063/2063 2145/2145/2145
f 2060/2060/2060 39/39/39 2919/2919/2919
f 2018/2018/2018 6/6/6 2146/2146/2146
f 2019/2019/2019 2147/2147/2147 2299/2299/2299
f 13/13/13 2298/2298/2298 2212/2212/2212
f 2210/2210/2210 2296/2296/2296 2144/2144/2144
f 2210/2210/2210 2144/2144/2144 2062/2062/2062
f 15/15/15 2214/2214/2214 2366/2366/2366
f 2211/2211/2211 2064/2064/2064 2731/2731/2731
f 2213/2213/2213 2732/2732/2732 2365/2365/2365
f 2729/2729/2729 2061/2061/2061 2920/2920/2920
f 2729/2729/2729 2920/2920/2920 3356/3356/3356
f 3356/3356/3356 2920/2920/2920 3979/3979/3979
f 3979/3979/3979 2920/2920/2920 3973/3973/3973
f 3973/3973/3973 2920/2920/2920 2851/2851/2851
f 2369/2369/2369 2733/2733/2733 2440/2440/2440
f 2367/2367/2367 2439/2439/2439 2797/2797/2797
f 2797/2797/2797 2439/2439/2439 2968/2968/2968
f 2968/2968/2968 2439/2439/2439 2518/2518/2518
f 2518/2518/2518 2439/2439/2439 2217/2217/2217
f 2797/2797/2797 2968/2968/2968 4172/4172/4172
f 2797/2797/2797 4172/4172/4172 4298/4298/4298
f 4172/4172/4172 2968/2968/2968 4408/4408/4408
f 2217/2217/2217 2439/2439/2439 2158/2158/2158
f 2217/2217/2217 2158/2158/2158 2024/2024/2024
f 2024/2024/2024 2158/2158/2158 10/10/10
f 3355/3355/3355 3978/3978/3978 3696/3696/3696
f 3355/3355/3355 3696/3696/3696 3266/3266/3266
f 3266/3266/3266 3696/3696/3696 4167/4167/4167
f 4167/4167/4167 3696/3696/3696 4403/4403/4403
f 4403/4403/4403 3696/3696/3696 3974/3974/3974
f 4403/4403/4403 3974/3974/3974 4400/4400/4400
f 4400/4400/4400 3974/3974/3974 3969/3969/3969
f 3969/3969/3969 3974/3974/3974 3815/3815/3815
f 3969/3969/3969 3815/3815/3815 3167/3167/3167
f 3697/3697/3697 3980/3980/3980 3976/3976/3976
f 3357/3357/3357 3268/3268/3268 2734/2734/2734
f 2734/2734/2734 3268/3268/3268 2790/2790/2790
f 2734/2734/2734 2790/2790/2790 2433/2433/2433
f 2734/2734/2734 2433/2433/2433 2364/2364/2364
f 2364/2364/2364 2433/2433/2433 2066/2066/2066
f 2066/2066/2066 2433/2433/2433 2154/2154/2154
f 4168/4168/4168 4404/4404/4404 5507/5507/5507
f 5507/5507/5507 4404/4404/4404 5721/5721/5721
f 5721/5721/5721 4404/4404/4404 4401/4401/4401
f 5721/5721/5721 4401/4401/4401 5552/5552/5552
f 4169/4169/4169 5508/5508/5508 4757/4757/4757
f 4169/4169/4169 4757/4757/4757 3269/3269/3269
f 4755/4755/4755 5506/5506/5506 5484/5484/5484
f 5487/5487/5487 5509/5509/5509 5722/5722/5722
f 5487/5487/5487 5722/5722/5722 5610/5610/5610
f 5610/5610/5610 5722/5722/5722 5554/5554/5554
f 5610/5610/5610 5554/5554/5554 5263/5263/5263
f 5263/5263/5263 5554/5554/5554 5258/5258/5258
f 5553/5553/5553 4402/4402/4402 3972/3972/3972
f 5553/5553/5553 3972/3972/3972 5257/5257/5257
f 5255/5255/5255 3971/3971/3971 4467/4467/4467
f 5256/5256/5256 4469/4469/4469 5260/5260/5260
f 5609/5609/5609 5261/5261/5261 6182/6182/6182
f 5609/5609/5609 6182/6182/6182 6354/6354/6354
f 6354/6354/6354 6182/6182/6182 6378/6378/6378
f 5608/5608/5608 6353/6353/6353 6307/6307/6307
f 5608/5608/5608 6307/6307/6307 5486/5486/5486
f 6307/6307/6307 6353/6353/6353 6377/6377/6377
f 6307/6307/6307 6377/6377/6377 6384/6384/6384
f 6307/6307/6307 6384/6384/6384 6393/6393/6393
f 6307/6307/6307 6393/6393/6393 6208/6208/6208
f 6208/6208/6208 6393/6393/6393 6253/6253/6253
f 6253/6253/6253 6393/6393/6393 6263/6263/6263
f 6183/6183/6183 5262/5262/5262 5669/5669/5669
f 5669/5669/5669 5262/5262/5262 4528/4528/4528
f 6183/6183/6183 5669/5669/5669 6249/6249/6249
f 6249/6249/6249 5669/5669/5669 5764/5764/5764
f 6376/6376/6376 6181/6181/6181 6248/6248/6248
f 6376/6376/6376 6248/6248/6248 6284/6284/6284
f 6376/6376/6376 6284/6284/6284 6383/6383/6383
f 6383/6383/6383 6284/6284/6284 6292/6292/6292
f 6383/6383/6383 6292/6292/6292 6392/6392/6392
f 6392/6392/6392 6292/6292/6292 6310/6310/6310
f 6310/6310/6310 6292/6292/6292 6256/6256/6256
f 4526/4526/4526 5259/5259/5259 4468/4468/4468
f 4526/4526/4526 4468/4468/4468 4297/4297/4297
f 4526/4526/4526 4297/4297/4297 4362/4362/4362
f 4526/4526/4526 4362/4362/4362 5389/5389/5389
f 4362/4362/4362 4297/4297/4297 4170/4170/4170
f 5668/5668/5668 4527/4527/4527 5390/5390/5390
f 5668/5668/5668 5390/5390/5390 5763/5763/5763
f 5763/5763/5763 5390/5390/5390 5806/5806/5806
f 5806/5806/5806 5390/5390/5390 5266/5266/5266
f 5806/5806/5806 5266/5266/5266 5768/5768/5768
f 6250/6250/6250 5765/5765/5765 5807/5807/5807
f 6250/6250/6250 5807/5807/5807 6285/6285/6285
f 6285/6285/6285 5807/5807/5807 6293/6293/6293
f 6293/6293/6293 5807/5807/5807 5769/5769/5769
f 6308/6308/6308 6207/6207/6207 5564/5564/5564
f 5564/5564/5564 6207/6207/6207 5426/5426/5426
f 5426/5426/5426 6207/6207/6207 6071/6071/6071
f 5426/5426/5426 6071/6071/6071 5116/5116/5116
f 6306/6306/6306 5563/5563/5563 5485/5485/5485
f 5485/5485/5485 5563/5563/5563 4756/4756/4756
f 4754/4754/4754 5559/5559/5559 4405/4405/4405
f 4754/4754/4754 4405/4405/4405 3267/3267/3267
f 3267/3267/3267 4405/4405/4405 2967/2967/2967
f 3267/3267/3267 2967/2967/2967 2788/2788/2788
f 2788/2788/2788 2967/2967/2967 2517/2517/2517
f 2788/2788/2788 2517/2517/2517 2215/2215/2215
f 6206/6206/6206 6251/6251/6251 6069/6069/6069
f 5562/5562/5562 5425/5425/5425 5391/5391/5391
f 5391/5391/5391 5425/5425/5425 5267/5267/5267
f 5267/5267/5267 5425/5425/5425 5114/5114/5114
f 4360/4360/4360 4406/4406/4406 5560/5560/5560
f 4361/4361/4361 5561/5561/5561 5388/5388/5388
f 4407/4407/4407 4363/4363/4363 4171/4171/4171
f 4299/4299/4299 4470/4470/4470 2965/2965/2965
f 2965/2965/2965 4470/4470/4470 3168/3168/3168
f 4299/4299/4299 2965/2965/2965 2799/2799/2799
f 2800/2800/2800 2966/2966/2966 3450/3450/3450
f 3450/3450/3450 2966/2966/2966 3169/3169/3169
f 3450/3450/3450 3169/3169/3169 3818/3818/3818
f 3166/3166/3166 4466/4466/4466 3970/3970/3970
f 2157/2157/2157 2438/2438/2438 2730/2730/2730
f 2157/2157/2157 2730/2730/2730 2363/2363/2363
f 2157/2157/2157 2363/2363/2363 9/9/9
f 9/9/9 2363/2363/2363 2065/2065/2065
f 2789/2789/2789 2216/2216/2216 2432/2432/2432
f 2432/2432/2432 2216/2216/2216 2023/2023/2023
f 2434/2434/2434 2025/2025/2025 2155/2155/2155
f 2156/2156/2156 2026/2026/2026 11/11/11
f 2156/2156/2156 11/11/11 2067/2067/2067
f 2711/2711/2711 3816/3816/3816 3975/3975/3975
f 2711/2711/2711 3975/3975/3975 3034/3034/3034
f 2711/2711/2711 3034/3034/3034 2617/2617/2617
f 2617/2617/2617 3034/3034/3034 2779/2779/2779
f 2617/2617/2617 2779/2779/2779 2776/2776/2776
f 2776/2776/2776 2779/2779/2779 2911/2911/2911
f 3035/3035/3035 3977/3977/3977 2859/2859/2859
f 3035/3035/3035 2859/2859/2859 2709/2709/2709
f 3035/3035/3035 2709/2709/2709 2780/2780/2780
f 2486/2486/2486 2618/2618/2618 2704/2704/2704
f 2704/2704/2704 2618/2618/2618 2777/2777/2777
f 2778/2778/2778 2913/2913/2913 2705/2705/2705
f 2912/2912/2912 2782/2782/2782 2849/2849/2849
f 2914/2914/2914 2850/2850/2850 2706/2706/2706
f 2781/2781/2781 2710/2710/2710 2848/2848/2848
f 2847/2847/2847 2708/2708/2708 2703/2703/2703
f 2703/2703/2703 2708/2708/2708 2485/2485/2485
f 2485/2485/2485 2708/2708/2708 2622/2622/2622
f 2707/2707/2707 2854/2854/2854 2621/2621/2621
f 2620/2620/2620 2852/2852/2852 2291/2291/2291
f 2497/2497/2497 2855/2855/2855 2578/2578/2578
f 2497/2497/2497 2578/2578/2578 2189/2189/2189
f 2497/2497/2497 2189/2189/2189 2568/2568/2568
f 2568/2568/2568 2189/2189/2189 2348/2348/2348
f 2853/2853/2853 2496/2496/2496 2571/2571/2571
f 2858/2858/2858 2574/2574/2574 2295/2295/2295
f 2293/2293/2293 2572/2572/2572 2408/2408/2408
f 2408/2408/2408 2572/2572/2572 2565/2565/2565
f 2573/2573/2573 2498/2498/2498 2566/2566/2566
f 2566/2566/2566 2498/2498/2498 2569/2569/2569
f 2570/2570/2570 2349/2349/2349 2567/2567/2567
f 2567/2567/2567 2349/2349/2349 2409/2409/2409
f 2347/2347/2347 2188/2188/2188 2292/2292/2292
f 2347/2347/2347 2292/2292/2292 2407/2407/2407
f 2335/2335/2335 2250/2250/2250 17/17/17
f 17/17/17 2250/2250/2250 2105/2105/2105
f 2104/2104/2104 2249/2249/2249 2107/2107/2107
f 2107/2107/2107 2249/2249/2249 2109/2109/2109
f 2109/2109/2109 2249/2249/2249 2334/2334/2334
f 2109/2109/2109 2334/2334/2334 2251/2251/2251
f 2251/2251/2251 2334/2334/2334 2338/2338/2338
f 2106/2106/2106 2108/2108/2108 19/19/19
f 19/19/19 2108/2108/2108 2110/2110/2110
f 19/19/19 2110/2110/2110 2252/2252/2252
f 20/20/20 2253/2253/2253 2340/2340/2340
f 2390/2390/2390 2337/2337/2337 18/18/18
f 2390/2390/2390 18/18/18 2341/2341/2341
f 2336/2336/2336 2389/2389/2389 2339/2339/2339
f 5931/5931/5931 5704/5704/5704 5638/5638/5638
f 5638/5638/5638 5704/5704/5704 5411/5411/5411
f 5931/5931/5931 5638/5638/5638 5928/5928/5928
f 5931/5931/5931 5928/5928/5928 6200/6200/6200
f 5702/5702/5702 5930/5930/5930 6529/6529/6529
f 6529/6529/6529 5930/5930/5930 6396/6396/6396
f 6396/6396/6396 5930/5930/5930 6202/6202/6202
f 5409/5409/5409 5701/5701/5701 5412/5412/5412
f 5409/5409/5409 5412/5412/5412 5105/5105/5105
f 5414/5414/5414 5703/5703/5703 6530/6530/6530
f 5637/5637/5637 5410/5410/5410 6099/6099/6099
f 6099/6099/6099 5410/5410/5410 5108/5108/5108
f 5637/5637/5637 6099/6099/6099 6455/6455/6455
f 5637/5637/5637 6455/6455/6455 6527/6527/6527
f 5637/5637/5637 6527/6527/6527 5927/5927/5927
f 5927/5927/5927 6527/6527/6527 6394/6394/6394
f 5927/5927/5927 6394/6394/6394 6197/6197/6197
f 6098/6098/6098 5106/5106/5106 6400/6400/6400
f 6098/6098/6098 6400/6400/6400 6454/6454/6454
f 6400/6400/6400 5106/5106/5106 5800/5800/5800
f 5800/5800/5800 5106/5106/5106 4747/4747/4747
f 5800/5800/5800 4747/4747/4747 4457/4457/4457
f 5800/5800/5800 4457/4457/4457 5202/5202/5202
f 5202/5202/5202 4457/4457/4457 4234/4234/4234
f 5800/5800/5800 5202/5202/5202 6026/6026/6026
f 5800/5800/5800 6026/6026/6026 6389/6389/6389
f 5800/5800/5800 6389/6389/6389 6400/6400/6400
f 6400/6400/6400 6389/6389/6389 6645/6645/6645
f 6400/6400/6400 6645/6645/6645 6454/6454/6454
f 6515/6515/6515 6389/6389/6389 6369/6369/6369
f 6389/6389/6389 6515/6515/6515 6645/6645/6645
f 6645/6645/6645 6515/6515/6515 7071/7071/7071
f 6645/6645/6645 7071/7071/7071 7340/7340/7340
f 6645/6645/6645 7340/7340/7340 6932/6932/6932
f 6645/6645/6645 6932/6932/6932 6454/6454/6454
f 6932/6932/6932 7340/7340/7340 7343/7343/7343
f 6932/6932/6932 7343/7343/7343 7134/7134/7134
f 6932/6932/6932 7134/7134/7134 6753/6753/6753
f 6932/6932/6932 6753/6753/6753 6454/6454/6454
f 6454/6454/6454 6753/6753/6753 6526/6526/6526
f 5107/5107/5107 5413/5413/5413 5152/5152/5152
f 5107/5107/5107 5152/5152/5152 4748/4748/4748
f 4748/4748/4748 5152/5152/5152 4799/4799/4799
f 4748/4748/4748 4799/4799/4799 4458/4458/4458
f 6757/6757/6757 5153/5153/5153 5415/5415/5415
f 6757/6757/6757 5415/5415/5415 6532/6532/6532
f 5153/5153/5153 6757/6757/6757 7137/7137/7137
f 5153/5153/5153 7137/7137/7137 4802/4802/4802
f 4802/4802/4802 7137/7137/7137 7302/7302/7302
f 6756/6756/6756 6531/6531/6531 6528/6528/6528
f 6528/6528/6528 6531/6531/6531 6395/6395/6395
f 6395/6395/6395 6531/6531/6531 6397/6397/6397
f 6395/6395/6395 6397/6397/6397 6199/6199/6199
f 6199/6199/6199 6397/6397/6397 6203/6203/6203
f 7136/7136/7136 6758/6758/6758 6754/6754/6754
f 7136/7136/7136 6754/6754/6754 7135/7135/7135
f 7136/7136/7136 7135/7135/7135 7301/7301/7301
f 7301/7301/7301 7135/7135/7135 7345/7345/7345
f 7301/7301/7301 7345/7345/7345 7530/7530/7530
f 6752/6752/6752 6755/6755/6755 6525/6525/6525
f 7300/7300/7300 7529/7529/7529 4801/4801/4801
f 4801/4801/4801 7529/7529/7529 7637/7637/7637
f 4801/4801/4801 7637/7637/7637 7671/7671/7671
f 7528/7528/7528 7342/7342/7342 7550/7550/7550
f 7528/7528/7528 7550/7550/7550 7636/7636/7636
f 7636/7636/7636 7550/7550/7550 7654/7654/7654
f 7551/7551/7551 7344/7344/7344 7341/7341/7341
f 7551/7551/7551 7341/7341/7341 7655/7655/7655
f 7655/7655/7655 7341/7341/7341 7681/7681/7681
f 7681/7681/7681 7341/7341/7341 7465/7465/7465
f 7681/7681/7681 7465/7465/7465 7701/7701/7701
f 7465/7465/7465 7341/7341/7341 7072/7072/7072
f 7465/7465/7465 7072/7072/7072 7154/7154/7154
f 7154/7154/7154 7072/7072/7072 6516/6516/6516
f 7154/7154/7154 6516/6516/6516 6573/6573/6573
f 6573/6573/6573 6516/6516/6516 6370/6370/6370
f 6573/6573/6573 6370/6370/6370 6365/6365/6365
f 6365/6365/6365 6370/6370/6370 6108/6108/6108
f 6573/6573/6573 6365/6365/6365 6326/6326/6326
f 7668/7668/7668 7635/7635/7635 7653/7653/7653
f 7668/7668/7668 7653/7653/7653 7680/7680/7680
f 7668/7668/7668 7680/7680/7680 7684/7684/7684
f 4800/4800/4800 7669/7669/7669 4455/4455/4455
f 6372/6372/6372 6390/6390/6390 6028/6028/6028
f 7155/7155/7155 6575/6575/6575 6748/6748/6748
f 6748/6748/6748 6575/6575/6575 6461/6461/6461
f 7155/7155/7155 6748/6748/6748 7466/7466/7466
f 7466/7466/7466 6748/6748/6748 6975/6975/6975
f 7466/7466/7466 6975/6975/6975 7404/7404/7404
f 7466/7466/7466 7404/7404/7404 7702/7702/7702
f 7404/7404/7404 6975/6975/6975 7158/7158/7158
f 7682/7682/7682 7703/7703/7703 7689/7689/7689
f 7700/7700/7700 7403/7403/7403 7685/7685/7685
f 7685/7685/7685 7403/7403/7403 7370/7370/7370
f 7370/7370/7370 7403/7403/7403 7138/7138/7138
f 7138/7138/7138 7403/7403/7403 7156/7156/7156
f 7138/7138/7138 7156/7156/7156 7073/7073/7073
f 7670/7670/7670 7688/7688/7688 4454/4454/4454
f 6459/6459/6459 6574/6574/6574 6328/6328/6328
f 6747/6747/6747 6460/6460/6460 6750/6750/6750
f 6747/6747/6747 6750/6750/6750 7047/7047/7047
f 6750/6750/6750 6460/6460/6460 6492/6492/6492
f 6492/6492/6492 6460/6460/6460 6329/6329/6329
f 6492/6492/6492 6329/6329/6329 6408/6408/6408
f 6492/6492/6492 6408/6408/6408 6664/6664/6664
f 6664/6664/6664 6408/6408/6408 6584/6584/6584
f 6664/6664/6664 6584/6584/6584 6900/6900/6900
f 6900/6900/6900 6584/6584/6584 6681/6681/6681
f 6408/6408/6408 6329/6329/6329 6136/6136/6136
f 6408/6408/6408 6136/6136/6136 6067/6067/6067
f 6136/6136/6136 6329/6329/6329 6032/6032/6032
f 6067/6067/6067 6136/6136/6136 5613/5613/5613
f 5613/5613/5613 6136/6136/6136 6032/6032/6032
f 6976/6976/6976 6749/6749/6749 7049/7049/7049
f 6976/6976/6976 7049/7049/7049 7123/7123/7123
f 7123/7123/7123 7049/7049/7049 7215/7215/7215
f 7372/7372/7372 7139/7139/7139 6696/6696/6696
f 7371/7371/7371 6695/6695/6695 7686/7686/7686
f 6977/6977/6977 7124/7124/7124 7159/7159/7159
f 7075/7075/7075 7157/7157/7157 7122/7122/7122
f 7075/7075/7075 7122/7122/7122 7181/7181/7181
f 7181/7181/7181 7122/7122/7122 7213/7213/7213
f 7214/7214/7214 7048/7048/7048 7001/7001/7001
f 7214/7214/7214 7001/7001/7001 7182/7182/7182
f 7001/7001/7001 7048/7048/7048 6751/6751/6751
f 7001/7001/7001 6751/6751/6751 6697/6697/6697
f 6697/6697/6697 6751/6751/6751 6514/6514/6514
f 6514/6514/6514 6751/6751/6751 6493/6493/6493
f 7140/7140/7140 7076/7076/7076 7000/7000/7000
f 7180/7180/7180 6999/6999/6999 7074/7074/7074
f 7141/7141/7141 7002/7002/7002 6698/6698/6698
f 4230/4230/4230 7683/7683/7683 6694/6694/6694
f 4230/4230/4230 6694/6694/6694 6509/6509/6509
f 7687/7687/7687 4231/4231/4231 4453/4453/4453
f 6512/6512/6512 6491/6491/6491 6663/6663/6663
f 6512/6512/6512 6663/6663/6663 6630/6630/6630
f 6630/6630/6630 6663/6663/6663 6865/6865/6865
f 6865/6865/6865 6663/6663/6663 6898/6898/6898
f 6865/6865/6865 6898/6898/6898 7051/7051/7051
f 6865/6865/6865 7051/7051/7051 7017/7017/7017
f 4452/4452/4452 4229/4229/4229 4235/4235/4235
f 4452/4452/4452 4235/4235/4235 4459/4459/4459
f 4451/4451/4451 4456/4456/4456 4798/4798/4798
f 3909/3909/3909 4237/4237/4237 4232/4232/4232
f 3909/3909/3909 4232/4232/4232 3906/3906/3906
f 3909/3909/3909 3906/3906/3906 3758/3758/3758
f 4236/4236/4236 3908/3908/3908 5203/5203/5203
f 5203/5203/5203 3908/3908/3908 4753/4753/4753
f 5203/5203/5203 4753/4753/4753 6029/6029/6029
f 6029/6029/6029 4753/4753/4753 5661/5661/5661
f 4753/4753/4753 3908/3908/3908 3093/3093/3093
f 5661/5661/5661 4753/4753/4753 5558/5558/5558
f 4753/4753/4753 3093/3093/3093 4582/4582/4582
f 4753/4753/4753 4582/4582/4582 5558/5558/5558
f 4582/4582/4582 3093/3093/3093 2804/2804/2804
f 5558/5558/5558 4582/4582/4582 5617/5617/5617
f 4582/4582/4582 2804/2804/2804 4471/4471/4471
f 4582/4582/4582 4471/4471/4471 5617/5617/5617
f 4471/4471/4471 2804/2804/2804 2744/2744/2744
f 4471/4471/4471 2744/2744/2744 2814/2814/2814
f 5617/5617/5617 4471/4471/4471 5115/5115/5115
f 5617/5617/5617 5115/5115/5115 6070/6070/6070
f 4471/4471/4471 2814/2814/2814 4411/4411/4411
f 4471/4471/4471 4411/4411/4411 5115/5115/5115
f 4411/4411/4411 2814/2814/2814 3368/3368/3368
f 5115/5115/5115 4411/4411/4411 4639/4639/4639
f 4639/4639/4639 4411/4411/4411 3368/3368/3368
f 6027/6027/6027 5660/5660/5660 6371/6371/6371
f 6371/6371/6371 5660/5660/5660 6109/6109/6109
f 6109/6109/6109 5660/5660/5660 6111/6111/6111
f 6111/6111/6111 5660/5660/5660 5557/5557/5557
f 6111/6111/6111 5557/5557/5557 5616/5616/5616
f 6109/6109/6109 6111/6111/6111 5998/5998/5998
f 6109/6109/6109 5998/5998/5998 6030/6030/6030
f 6109/6109/6109 6030/6030/6030 6366/6366/6366
f 6366/6366/6366 6030/6030/6030 6327/6327/6327
f 6031/6031/6031 5999/5999/5999 5612/5612/5612
f 5612/5612/5612 5999/5999/5999 5614/5614/5614
f 5612/5612/5612 5614/5614/5614 4976/4976/4976
f 5025/5025/5025 4913/4913/4913 5614/5614/5614
f 5025/5025/5025 5614/5614/5614 5459/5459/5459
f 5614/5614/5614 5999/5999/5999 6184/6184/6184
f 6184/6184/6184 5999/5999/5999 6112/6112/6112
f 5459/5459/5459 5614/5614/5614 5897/5897/5897
f 5897/5897/5897 5614/5614/5614 6184/6184/6184
f 5459/5459/5459 5897/5897/5897 5671/5671/5671
f 6184/6184/6184 6112/6112/6112 6287/6287/6287
f 6184/6184/6184 6287/6287/6287 6313/6313/6313
f 6184/6184/6184 6313/6313/6313 6185/6185/6185
f 6184/6184/6184 6185/6185/6185 5955/5955/5955
f 6184/6184/6184 5955/5955/5955 5897/5897/5897
f 5897/5897/5897 5955/5955/5955 5671/5671/5671
f 5671/5671/5671 5955/5955/5955 5568/5568/5568
f 6065/6065/6065 5611/5611/5611 4975/4975/4975
f 6065/6065/6065 4975/4975/4975 5253/5253/5253
f 6407/6407/6407 6066/6066/6066 6430/6430/6430
f 6407/6407/6407 6430/6430/6430 6583/6583/6583
f 6583/6583/6583 6430/6430/6430 6711/6711/6711
f 6583/6583/6583 6711/6711/6711 6979/6979/6979
f 6583/6583/6583 6979/6979/6979 6680/6680/6680
f 6680/6680/6680 6979/6979/6979 7005/7005/7005
f 7005/7005/7005 6979/6979/6979 7205/7205/7205
f 6680/6680/6680 7005/7005/7005 6868/6868/6868
f 6680/6680/6680 6868/6868/6868 6870/6870/6870
f 6680/6680/6680 6870/6870/6870 6899/6899/6899
f 6429/6429/6429 6064/6064/6064 6367/6367/6367
f 6367/6367/6367 6064/6064/6064 5251/5251/5251
f 6429/6429/6429 6367/6367/6367 6710/6710/6710
f 6710/6710/6710 6367/6367/6367 6517/6517/6517
f 6710/6710/6710 6517/6517/6517 6978/6978/6978
f 6517/6517/6517 6367/6367/6367 5760/5760/5760
f 5760/5760/5760 6367/6367/6367 5550/5550/5550
f 6517/6517/6517 5760/5760/5760 6025/6025/6025
f 6517/6517/6517 6025/6025/6025 6610/6610/6610
f 6517/6517/6517 6610/6610/6610 6978/6978/6978
f 6610/6610/6610 6025/6025/6025 6235/6235/6235
f 6610/6610/6610 6235/6235/6235 6550/6550/6550
f 6610/6610/6610 6550/6550/6550 6783/6783/6783
f 6610/6610/6610 6783/6783/6783 6981/6981/6981
f 6610/6610/6610 6981/6981/6981 7121/7121/7121
f 6610/6610/6610 7121/7121/7121 6978/6978/6978
f 6978/6978/6978 7121/7121/7121 7204/7204/7204
f 6368/6368/6368 5254/5254/5254 5551/5551/5551
f 5549/5549/5549 5250/5250/5250 4579/4579/4579
f 5549/5549/5549 4579/4579/4579 5759/5759/5759
f 4579/4579/4579 5250/5250/5250 4295/4295/4295
f 3132/3132/3132 3438/3438/3438 4295/4295/4295
f 4295/4295/4295 3438/3438/3438 3435/3435/3435
f 4295/4295/4295 3435/3435/3435 4579/4579/4579
f 4579/4579/4579 3435/3435/3435 3259/3259/3259
f 4579/4579/4579 3259/3259/3259 2963/2963/2963
f 5759/5759/5759 4579/4579/4579 4359/4359/4359
f 4359/4359/4359 4579/4579/4579 2963/2963/2963
f 5759/5759/5759 4359/4359/4359 6024/6024/6024
f 4359/4359/4359 2963/2963/2963 2473/2473/2473
f 4359/4359/4359 2473/2473/2473 4281/4281/4281
f 4359/4359/4359 4281/4281/4281 6024/6024/6024
f 4281/4281/4281 2473/2473/2473 53/53/53
f 6024/6024/6024 4281/4281/4281 4351/4351/4351
f 4351/4351/4351 4281/4281/4281 53/53/53
f 4351/4351/4351 53/53/53 93/93/93
f 6024/6024/6024 4351/4351/4351 6234/6234/6234
f 6234/6234/6234 4351/4351/4351 5589/5589/5589
f 5589/5589/5589 4351/4351/4351 4388/4388/4388
f 6234/6234/6234 5589/5589/5589 6380/6380/6380
f 6234/6234/6234 6380/6380/6380 6548/6548/6548
f 5252/5252/5252 4974/4974/4974 4296/4296/4296
f 4296/4296/4296 4974/4974/4974 3698/3698/3698
f 3698/3698/3698 4974/4974/4974 4912/4912/4912
f 4296/4296/4296 3698/3698/3698 2737/2737/2737
f 4296/4296/4296 2737/2737/2737 3133/3133/3133
f 2737/2737/2737 3698/3698/3698 2521/2521/2521
f 3698/3698/3698 4912/4912/4912 3515/3515/3515
f 3698/3698/3698 3515/3515/3515 2521/2521/2521
f 2521/2521/2521 3515/3515/3515 2231/2231/2231
f 3515/3515/3515 4912/4912/4912 5024/5024/5024
f 2231/2231/2231 3515/3515/3515 2160/2160/2160
f 3515/3515/3515 5024/5024/5024 4472/4472/4472
f 4472/4472/4472 5024/5024/5024 5457/5457/5457
f 2160/2160/2160 3515/3515/3515 2161/2161/2161
f 2160/2160/2160 2161/2161/2161 2074/2074/2074
f 3515/3515/3515 4472/4472/4472 3516/3516/3516
f 3515/3515/3515 3516/3516/3516 2161/2161/2161
f 3516/3516/3516 4472/4472/4472 3519/3519/3519
f 2074/2074/2074 2161/2161/2161 2308/2308/2308
f 3516/3516/3516 3519/3519/3519 2450/2450/2450
f 3516/3516/3516 2450/2450/2450 2161/2161/2161
f 2161/2161/2161 2450/2450/2450 2308/2308/2308
f 2308/2308/2308 2450/2450/2450 2594/2594/2594
f 2594/2594/2594 2450/2450/2450 2675/2675/2675
f 2474/2474/2474 2964/2964/2964 2610/2610/2610
f 2610/2610/2610 2964/2964/2964 3082/3082/3082
f 2474/2474/2474 2610/2610/2610 43/43/43
f 2474/2474/2474 43/43/43 54/54/54
f 54/54/54 43/43/43 80/80/80
f 3082/3082/3082 2964/2964/2964 3260/3260/3260
f 3082/3082/3082 3260/3260/3260 3430/3430/3430
f 3430/3430/3430 3260/3260/3260 3436/3436/3436
f 3430/3430/3430 3436/3436/3436 3593/3593/3593
f 3593/3593/3593 3436/3436/3436 3439/3439/3439
f 3593/3593/3593 3439/3439/3439 3511/3511/3511
f 3593/3593/3593 3511/3511/3511 5452/5452/5452
f 5452/5452/5452 3511/3511/3511 4239/4239/4239
f 3593/3593/3593 5452/5452/5452 6510/6510/6510
f 3593/3593/3593 6510/6510/6510 6627/6627/6627
f 55/55/55 82/82/82 95/95/95
f 95/95/95 82/82/82 61/61/61
f 81/81/81 44/44/44 4435/4435/4435
f 4435/4435/4435 44/44/44 5591/5591/5591
f 5591/5591/5591 44/44/44 2611/2611/2611
f 5591/5591/5591 2611/2611/2611 6382/6382/6382
f 6382/6382/6382 2611/2611/2611 3083/3083/3083
f 6382/6382/6382 3083/3083/3083 6524/6524/6524
f 6524/6524/6524 3083/3083/3083 3432/3432/3432
f 62/62/62 83/83/83 4436/4436/4436
f 62/62/62 4436/4436/4436 3076/3076/3076
f 62/62/62 3076/3076/3076 2122/2122/2122
f 4352/4352/4352 96/96/96 4389/4389/4389
f 4389/4389/4389 96/96/96 85/85/85
f 4389/4389/4389 85/85/85 2900/2900/2900
f 2900/2900/2900 85/85/85 29/29/29
f 4434/4434/4434 5590/5590/5590 4387/4387/4387
f 4387/4387/4387 5590/5590/5590 5588/5588/5588
f 4434/4434/4434 4387/4387/4387 2899/2899/2899
f 5588/5588/5588 5590/5590/5590 6381/6381/6381
f 4434/4434/4434 2899/2899/2899 3075/3075/3075
f 3075/3075/3075 2899/2899/2899 27/27/27
f 3075/3075/3075 27/27/27 2120/2120/2120
f 5588/5588/5588 6381/6381/6381 6379/6379/6379
f 6379/6379/6379 6381/6381/6381 6522/6522/6522
f 6379/6379/6379 6522/6522/6522 6547/6547/6547
f 6547/6547/6547 6522/6522/6522 6737/6737/6737
f 84/84/84 94/94/94 60/60/60
f 84/84/84 60/60/60 28/28/28
f 28/28/28 60/60/60 2121/2121/2121
f 6739/6739/6739 6523/6523/6523 3431/3431/3431
f 6739/6739/6739 3431/3431/3431 6946/6946/6946
f 6946/6946/6946 3431/3431/3431 7095/7095/7095
f 6782/6782/6782 6549/6549/6549 6738/6738/6738
f 6782/6782/6782 6738/6738/6738 6945/6945/6945
f 6782/6782/6782 6945/6945/6945 6980/6980/6980
f 6980/6980/6980 6945/6945/6945 7094/7094/7094
f 6980/6980/6980 7094/7094/7094 7120/7120/7120
f 7120/7120/7120 7094/7094/7094 7168/7168/7168
f 7120/7120/7120 7168/7168/7168 7203/7203/7203
f 7093/7093/7093 3429/3429/3429 3592/3592/3592
f 7170/7170/7170 7096/7096/7096 3594/3594/3594
f 7170/7170/7170 3594/3594/3594 6629/6629/6629
f 7004/7004/7004 7202/7202/7202 7167/7167/7167
f 7004/7004/7004 7167/7167/7167 6959/6959/6959
f 7004/7004/7004 6959/6959/6959 6808/6808/6808
f 6960/6960/6960 7169/7169/7169 6631/6631/6631
f 6960/6960/6960 6631/6631/6631 6810/6810/6810
f 6867/6867/6867 7003/7003/7003 6807/6807/6807
f 6867/6867/6867 6807/6807/6807 6812/6812/6812
f 6867/6867/6867 6812/6812/6812 6869/6869/6869
f 6869/6869/6869 6812/6812/6812 7015/7015/7015
f 6869/6869/6869 7015/7015/7015 7050/7050/7050
f 6814/6814/6814 6811/6811/6811 6866/6866/6866
f 6863/6863/6863 6809/6809/6809 6628/6628/6628
f 7016/7016/7016 6813/6813/6813 6864/6864/6864
f 6871/6871/6871 7052/7052/7052 6901/6901/6901
f 3510/3510/3510 3437/3437/3437 3131/3131/3131
f 3512/3512/3512 3135/3135/3135 4241/4241/4241
f 4241/4241/4241 3135/3135/3135 2795/2795/2795
f 3134/3134/3134 2738/2738/2738 2794/2794/2794
f 2794/2794/2794 2738/2738/2738 2522/2522/2522
f 2794/2794/2794 2522/2522/2522 2519/2519/2519
f 2519/2519/2519 2522/2522/2522 2232/2232/2232
f 2519/2519/2519 2232/2232/2232 2227/2227/2227
f 4914/4914/4914 4977/4977/4977 5615/5615/5615
f 3762/3762/3762 4242/4242/4242 2796/2796/2796
f 3762/3762/3762 2796/2796/2796 2867/2867/2867
f 2867/2867/2867 2796/2796/2796 2520/2520/2520
f 2867/2867/2867 2520/2520/2520 2228/2228/2228
f 2867/2867/2867 2228/2228/2228 2587/2587/2587
f 4240/4240/4240 3761/3761/3761 3136/3136/3136
f 3136/3136/3136 3761/3761/3761 2866/2866/2866
f 4240/4240/4240 3136/3136/3136 3756/3756/3756
f 2223/2223/2223 2866/2866/2866 2445/2445/2445
f 2866/2866/2866 2223/2223/2223 2371/2371/2371
f 2866/2866/2866 2371/2371/2371 3136/3136/3136
f 3136/3136/3136 2371/2371/2371 2142/2142/2142
f 3136/3136/3136 2142/2142/2142 3756/3756/3756
f 3756/3756/3756 2142/2142/2142 2613/2613/2613
f 3756/3756/3756 2613/2613/2613 2045/2045/2045
f 2045/2045/2045 2613/2613/2613 2183/2183/2183
f 3756/3756/3756 2045/2045/2045 3591/3591/3591
f 3591/3591/3591 2045/2045/2045 3676/3676/3676
f 3676/3676/3676 2045/2045/2045 2255/2255/2255
f 3676/3676/3676 2255/2255/2255 2475/2475/2475
f 3676/3676/3676 2475/2475/2475 3731/3731/3731
f 3731/3731/3731 2475/2475/2475 2556/2556/2556
f 3731/3731/3731 2556/2556/2556 3871/3871/3871
f 3871/3871/3871 2556/2556/2556 3934/3934/3934
f 3934/3934/3934 2556/2556/2556 3008/3008/3008
f 3934/3934/3934 3008/3008/3008 4003/4003/4003
f 3934/3934/3934 4003/4003/4003 5093/5093/5093
f 4003/4003/4003 3008/3008/3008 3242/3242/3242
f 4238/4238/4238 3755/3755/3755 5451/5451/5451
f 5451/5451/5451 3755/3755/3755 4906/4906/4906
f 4906/4906/4906 3755/3755/3755 3590/3590/3590
f 4906/4906/4906 3590/3590/3590 4884/4884/4884
f 4884/4884/4884 3590/3590/3590 3677/3677/3677
f 4884/4884/4884 3677/3677/3677 3732/3732/3732
f 4884/4884/4884 3732/3732/3732 3872/3872/3872
f 4884/4884/4884 3872/3872/3872 5296/5296/5296
f 5296/5296/5296 3872/3872/3872 3935/3935/3935
f 5296/5296/5296 3935/3935/3935 5094/5094/5094
f 5296/5296/5296 5094/5094/5094 5643/5643/5643
f 2226/2226/2226 2230/2230/2230 2071/2071/2071
f 2071/2071/2071 2230/2230/2230 2159/2159/2159
f 2071/2071/2071 2159/2159/2159 2073/2073/2073
f 2071/2071/2071 2073/2073/2073 2447/2447/2447
f 2447/2447/2447 2073/2073/2073 2531/2531/2531
f 2531/2531/2531 2073/2073/2073 2307/2307/2307
f 2531/2531/2531 2307/2307/2307 2590/2590/2590
f 2590/2590/2590 2307/2307/2307 2593/2593/2593
f 2590/2590/2590 2593/2593/2593 2877/2877/2877
f 2877/2877/2877 2593/2593/2593 3099/3099/3099
f 2877/2877/2877 3099/3099/3099 3184/3184/3184
f 3184/3184/3184 3099/3099/3099 3194/3194/3194
f 2447/2447/2447 2531/2531/2531 2526/2526/2526
f 2447/2447/2447 2526/2526/2526 2373/2373/2373
f 2447/2447/2447 2373/2373/2373 2586/2586/2586
f 2373/2373/2373 2526/2526/2526 2673/2673/2673
f 2673/2673/2673 2526/2526/2526 2754/2754/2754
f 2586/2586/2586 2373/2373/2373 2444/2444/2444
f 2586/2586/2586 2444/2444/2444 2865/2865/2865
f 2373/2373/2373 2673/2673/2673 2372/2372/2372
f 2373/2373/2373 2372/2372/2372 2444/2444/2444
f 2673/2673/2673 2754/2754/2754 3183/3183/3183
f 3183/3183/3183 2754/2754/2754 3532/3532/3532
f 2372/2372/2372 2673/2673/2673 2936/2936/2936
f 2936/2936/2936 2673/2673/2673 3183/3183/3183
f 2444/2444/2444 2372/2372/2372 2446/2446/2446
f 2444/2444/2444 2446/2446/2446 2222/2222/2222
f 2372/2372/2372 2936/2936/2936 2525/2525/2525
f 2372/2372/2372 2525/2525/2525 2446/2446/2446
f 2936/2936/2936 3183/3183/3183 3149/3149/3149
f 3183/3183/3183 3532/3532/3532 3534/3534/3534
f 3183/3183/3183 3534/3534/3534 3149/3149/3149
f 3534/3534/3534 3532/3532/3532 3825/3825/3825
f 3534/3534/3534 3825/3825/3825 3540/3540/3540
f 3149/3149/3149 3534/3534/3534 3917/3917/3917
f 3917/3917/3917 3534/3534/3534 4256/4256/4256
f 3917/3917/3917 4256/4256/4256 3819/3819/3819
f 3149/3149/3149 3917/3917/3917 3374/3374/3374
f 3374/3374/3374 3917/3917/3917 2976/2976/2976
f 3374/3374/3374 2976/2976/2976 2936/2936/2936
f 2976/2976/2976 3917/3917/3917 3275/3275/3275
f 2589/2589/2589 2525/2525/2525 2936/2936/2936
f 2589/2589/2589 2936/2936/2936 2976/2976/2976
f 2525/2525/2525 2589/2589/2589 2446/2446/2446
f 2446/2446/2446 2589/2589/2589 2665/2665/2665
f 2446/2446/2446 2665/2665/2665 2584/2584/2584
f 2665/2665/2665 2589/2589/2589 2667/2667/2667
f 2667/2667/2667 2589/2589/2589 2976/2976/2976
f 2446/2446/2446 2584/2584/2584 2068/2068/2068
f 2446/2446/2446 2068/2068/2068 2222/2222/2222
f 2068/2068/2068 2584/2584/2584 2218/2218/2218
f 2068/2068/2068 2218/2218/2218 2222/2222/2222
f 2222/2222/2222 2218/2218/2218 2370/2370/2370
f 2370/2370/2370 2218/2218/2218 2052/2052/2052
f 2370/2370/2370 2052/2052/2052 2141/2141/2141
f 2052/2052/2052 2218/2218/2218 2735/2735/2735
f 3049/3049/3049 2667/2667/2667 2976/2976/2976
f 3049/3049/3049 2976/2976/2976 3275/3275/3275
f 2667/2667/2667 3049/3049/3049 2871/2871/2871
f 2667/2667/2667 2871/2871/2871 2971/2971/2971
f 2971/2971/2971 2871/2871/2871 2748/2748/2748
f 2748/2748/2748 2871/2871/2871 3179/3179/3179
f 2871/2871/2871 3049/3049/3049 3182/3182/3182
f 2871/2871/2871 3182/3182/3182 3179/3179/3179
f 3182/3182/3182 3049/3049/3049 3275/3275/3275
f 3179/3179/3179 3182/3182/3182 4046/4046/4046
f 4046/4046/4046 3182/3182/3182 4179/4179/4179
f 4179/4179/4179 3182/3182/3182 3275/3275/3275
f 4179/4179/4179 3275/3275/3275 4186/4186/4186
f 4186/4186/4186 3275/3275/3275 4246/4246/4246
f 2400/2400/2400 2272/2272/2272 2052/2052/2052
f 2052/2052/2052 2272/2272/2272 2265/2265/2265
f 2052/2052/2052 2265/2265/2265 2182/2182/2182
f 2182/2182/2182 2265/2265/2265 2044/2044/2044
f 2044/2044/2044 2265/2265/2265 2394/2394/2394
f 2044/2044/2044 2394/2394/2394 2256/2256/2256
f 2400/2400/2400 2052/2052/2052 2287/2287/2287
f 2287/2287/2287 2052/2052/2052 2735/2735/2735
f 2287/2287/2287 2735/2735/2735 2915/2915/2915
f 2400/2400/2400 2287/2287/2287 2127/2127/2127
f 2287/2287/2287 2915/2915/2915 2264/2264/2264
f 2287/2287/2287 2264/2264/2264 2127/2127/2127
f 2264/2264/2264 2915/2915/2915 2398/2398/2398
f 2400/2400/2400 2127/2127/2127 2262/2262/2262
f 2264/2264/2264 2398/2398/2398 2260/2260/2260
f 2264/2264/2264 2260/2260/2260 2127/2127/2127
f 2260/2260/2260 2398/2398/2398 2396/2396/2396
f 2127/2127/2127 2260/2260/2260 2170/2170/2170
f 2127/2127/2127 2170/2170/2170 2262/2262/2262
f 2262/2262/2262 2170/2170/2170 2258/2258/2258
f 2258/2258/2258 2170/2170/2170 2685/2685/2685
f 2229/2229/2229 2072/2072/2072 2588/2588/2588
f 2588/2588/2588 2072/2072/2072 2448/2448/2448
f 2674/2674/2674 2449/2449/2449 3518/3518/3518
f 2595/2595/2595 2677/2677/2677 3188/3188/3188
f 3188/3188/3188 2677/2677/2677 3453/3453/3453
f 3188/3188/3188 3453/3453/3453 3530/3530/3530
f 2595/2595/2595 3188/3188/3188 3100/3100/3100
f 3188/3188/3188 3530/3530/3530 3377/3377/3377
f 3188/3188/3188 3377/3377/3377 3100/3100/3100
f 3100/3100/3100 3377/3377/3377 3197/3197/3197
f 2676/2676/2676 3520/3520/3520 3452/3452/3452
f 3529/3529/3529 3451/3451/3451 3370/3370/3370
f 3370/3370/3370 3451/3451/3451 3517/3517/3517
f 3529/3529/3529 3370/3370/3370 3457/3457/3457
f 3529/3529/3529 3457/3457/3457 3611/3611/3611
f 3457/3457/3457 3370/3370/3370 3603/3603/3603
f 3603/3603/3603 3370/3370/3370 3601/3601/3601
f 3601/3601/3601 3370/3370/3370 3517/3517/3517
f 3601/3601/3601 3517/3517/3517 3763/3763/3763
f 3763/3763/3763 3517/3517/3517 3598/3598/3598
f 3379/3379/3379 3531/3531/3531 3613/3613/3613
f 3379/3379/3379 3613/3613/3613 3774/3774/3774
f 3772/3772/3772 3612/3612/3612 3458/3458/3458
f 3772/3772/3772 3458/3458/3458 4500/4500/4500
f 4500/4500/4500 3458/3458/3458 4421/4421/4421
f 4421/4421/4421 3458/3458/3458 3604/3604/3604
f 4421/4421/4421 3604/3604/3604 4300/4300/4300
f 4421/4421/4421 4300/4300/4300 5208/5208/5208
f 4421/4421/4421 5208/5208/5208 5396/5396/5396
f 4421/4421/4421 5396/5396/5396 5323/5323/5323
f 5323/5323/5323 5396/5396/5396 5461/5461/5461
f 4500/4500/4500 4421/4421/4421 5164/5164/5164
f 5164/5164/5164 4421/4421/4421 5323/5323/5323
f 5164/5164/5164 5323/5323/5323 5461/5461/5461
f 4500/4500/4500 5164/5164/5164 4930/4930/4930
f 5164/5164/5164 5461/5461/5461 5427/5427/5427
f 4930/4930/4930 5164/5164/5164 5214/5214/5214
f 5214/5214/5214 5164/5164/5164 5427/5427/5427
f 3378/3378/3378 3773/3773/3773 2760/2760/2760
f 2760/2760/2760 3773/3773/3773 3215/3215/3215
f 3212/3212/3212 3771/3771/3771 4499/4499/4499
f 2758/2758/2758 3213/3213/3213 2629/2629/2629
f 2629/2629/2629 3213/3213/3213 3152/3152/3152
f 3152/3152/3152 3213/3213/3213 4116/4116/4116
f 3152/3152/3152 4116/4116/4116 4120/4120/4120
f 4120/4120/4120 4116/4116/4116 4502/4502/4502
f 2759/2759/2759 2630/2630/2630 3376/3376/3376
f 3376/3376/3376 2630/2630/2630 3195/3195/3195
f 2628/2628/2628 3151/3151/3151 3193/3193/3193
f 4117/4117/4117 3214/3214/3214 4501/4501/4501
f 4117/4117/4117 4501/4501/4501 4931/4931/4931
f 4117/4117/4117 4931/4931/4931 4505/4505/4505
f 4505/4505/4505 4931/4931/4931 5217/5217/5217
f 3196/3196/3196 3153/3153/3153 3661/3661/3661
f 3198/3198/3198 3666/3666/3666 3187/3187/3187
f 3154/3154/3154 4122/4122/4122 3665/3665/3665
f 2879/2879/2879 3186/3186/3186 2991/2991/2991
f 2879/2879/2879 2991/2991/2991 2627/2627/2627
f 2990/2990/2990 3185/3185/3185 3664/3664/3664
f 3659/3659/3659 4118/4118/4118 4422/4422/4422
f 2989/2989/2989 3663/3663/3663 3616/3616/3616
f 3660/3660/3660 4424/4424/4424 4102/4102/4102
f 3662/3662/3662 4105/4105/4105 3615/3615/3615
f 4425/4425/4425 4121/4121/4121 4844/4844/4844
f 4842/4842/4842 4119/4119/4119 4503/4503/4503
f 4423/4423/4423 4841/4841/4841 4100/4100/4100
f 4100/4100/4100 4841/4841/4841 4125/4125/4125
f 4100/4100/4100 4125/4125/4125 3784/3784/3784
f 4504/4504/4504 5215/5215/5215 4843/4843/4843
f 4302/4302/4302 3605/3605/3605 4368/4368/4368
f 4368/4368/4368 3605/3605/3605 3602/3602/3602
f 4368/4368/4368 3602/3602/3602 4414/4414/4414
f 4414/4414/4414 3602/3602/3602 3766/3766/3766
f 4301/4301/4301 4367/4367/4367 5210/5210/5210
f 5210/5210/5210 4367/4367/4367 5269/5269/5269
f 5269/5269/5269 4367/4367/4367 5394/5394/5394
f 5269/5269/5269 5394/5394/5394 5674/5674/5674
f 5394/5394/5394 4367/4367/4367 4413/4413/4413
f 5397/5397/5397 5209/5209/5209 5491/5491/5491
f 5397/5397/5397 5491/5491/5491 5462/5462/5462
f 5491/5491/5491 5209/5209/5209 5268/5268/5268
f 5491/5491/5491 5268/5268/5268 5566/5566/5566
f 5566/5566/5566 5268/5268/5268 5673/5673/5673
f 5460/5460/5460 5490/5490/5490 5488/5488/5488
f 5488/5488/5488 5490/5490/5490 5565/5565/5565
f 5463/5463/5463 5489/5489/5489 5956/5956/5956
f 5956/5956/5956 5489/5489/5489 5570/5570/5570
f 5463/5463/5463 5956/5956/5956 5428/5428/5428
f 5428/5428/5428 5956/5956/5956 6186/6186/6186
f 5428/5428/5428 6186/6186/6186 5729/5729/5729
f 5428/5428/5428 5729/5729/5729 5216/5216/5216
f 5729/5729/5729 6186/6186/6186 5962/5962/5962
f 5729/5729/5729 5962/5962/5962 5578/5578/5578
f 5962/5962/5962 6186/6186/6186 6314/6314/6314
f 6261/6261/6261 6118/6118/6118 6314/6314/6314
f 6314/6314/6314 6118/6118/6118 6006/6006/6006
f 6314/6314/6314 6006/6006/6006 5962/5962/5962
f 5962/5962/5962 6006/6006/6006 5726/5726/5726
f 5726/5726/5726 6006/6006/6006 5845/5845/5845
f 5845/5845/5845 6006/6006/6006 6045/6045/6045
f 6045/6045/6045 6006/6006/6006 6142/6142/6142
f 6045/6045/6045 6142/6142/6142 6150/6150/6150
f 5567/5567/5567 5675/5675/5675 5620/5620/5620
f 5621/5621/5621 5676/5676/5676 5395/5395/5395
f 5392/5392/5392 4412/4412/4412 4477/4477/4477
f 5392/5392/5392 4477/4477/4477 5364/5364/5364
f 4477/4477/4477 4412/4412/4412 3764/3764/3764
f 4477/4477/4477 3764/3764/3764 3981/3981/3981
f 5619/5619/5619 5393/5393/5393 5365/5365/5365
f 5622/5622/5622 5367/5367/5367 5317/5317/5317
f 5622/5622/5622 5317/5317/5317 5953/5953/5953
f 5622/5622/5622 5953/5953/5953 5571/5571/5571
f 5953/5953/5953 5317/5317/5317 5761/5761/5761
f 5761/5761/5761 5317/5317/5317 5110/5110/5110
f 5761/5761/5761 5110/5110/5110 5662/5662/5662
f 5662/5662/5662 5110/5110/5110 4981/4981/4981
f 5315/5315/5315 5366/5366/5366 4478/4478/4478
f 5569/5569/5569 5952/5952/5952 5672/5672/5672
f 5672/5672/5672 5952/5952/5952 5666/5666/5666
f 5666/5666/5666 5952/5952/5952 5801/5801/5801
f 5316/5316/5316 4479/4479/4479 4410/4410/4410
f 4410/4410/4410 4479/4479/4479 3982/3982/3982
f 4410/4410/4410 3982/3982/3982 4098/4098/4098
f 5316/5316/5316 4410/4410/4410 4366/4366/4366
f 5316/5316/5316 4366/4366/4366 5109/5109/5109
f 5109/5109/5109 4366/4366/4366 4979/4979/4979
f 4409/4409/4409 4097/4097/4097 4365/4365/4365
f 4365/4365/4365 4097/4097/4097 4094/4094/4094
f 4365/4365/4365 4094/4094/4094 4174/4174/4174
f 4174/4174/4174 4094/4094/4094 4044/4044/4044
f 4044/4044/4044 4094/4094/4094 3138/3138/3138
f 3138/3138/3138 4094/4094/4094 3141/3141/3141
f 3983/3983/3983 3767/3767/3767 3769/3769/3769
f 3983/3983/3983 3769/3769/3769 4474/4474/4474
f 3768/3768/3768 3765/3765/3765 3599/3599/3599
f 3600/3600/3600 3521/3521/3521 3770/3770/3770
f 3770/3770/3770 3521/3521/3521 4476/4476/4476
f 3984/3984/3984 4475/4475/4475 4099/4099/4099
f 4099/4099/4099 4475/4475/4475 4715/4715/4715
f 4099/4099/4099 4715/4715/4715 4095/4095/4095
f 4713/4713/4713 4473/4473/4473 5458/5458/5458
f 4713/4713/4713 5458/5458/5458 5665/5665/5665
f 5665/5665/5665 5458/5458/5458 5670/5670/5670
f 4714/4714/4714 5667/5667/5667 4761/4761/4761
f 4761/4761/4761 5667/5667/5667 5803/5803/5803
f 4712/4712/4712 4758/4758/4758 4093/4093/4093
f 6286/6286/6286 6110/6110/6110 6068/6068/6068
f 6289/6289/6289 6072/6072/6072 6254/6254/6254
f 6288/6288/6288 6252/6252/6252 6315/6315/6315
f 6315/6315/6315 6252/6252/6252 6262/6262/6262
f 6073/6073/6073 6113/6113/6113 5618/5618/5618
f 6117/6117/6117 6258/6258/6258 6140/6140/6140
f 6117/6117/6117 6140/6140/6140 6005/6005/6005
f 6143/6143/6143 6264/6264/6264 6193/6193/6193
f 6193/6193/6193 6264/6264/6264 6358/6358/6358
f 6355/6355/6355 6260/6260/6260 6311/6311/6311
f 6309/6309/6309 6259/6259/6259 6391/6391/6391
f 6192/6192/6192 6357/6357/6357 6297/6297/6297
f 6296/6296/6296 6356/6356/6356 6312/6312/6312
f 6296/6296/6296 6312/6312/6312 6257/6257/6257
f 6296/6296/6296 6257/6257/6257 5813/5813/5813
f 6255/6255/6255 6291/6291/6291 5810/5810/5810
f 6189/6189/6189 6295/6295/6295 5723/5723/5723
f 5723/5723/5723 6295/6295/6295 5816/5816/5816
f 5723/5723/5723 5816/5816/5816 5117/5117/5117
f 6147/6147/6147 6141/6141/6141 6190/6190/6190
f 6149/6149/6149 6191/6191/6191 5724/5724/5724
f 6149/6149/6149 5724/5724/5724 5678/5678/5678
f 5678/5678/5678 5724/5724/5724 5162/5162/5162
f 5162/5162/5162 5724/5724/5724 5118/5118/5118
f 6044/6044/6044 6148/6148/6148 5464/5464/5464
f 5464/5464/5464 6148/6148/6148 5677/5677/5677
f 6044/6044/6044 5464/5464/5464 5844/5844/5844
f 5464/5464/5464 5677/5677/5677 5161/5161/5161
f 5464/5464/5464 5161/5161/5161 4815/4815/4815
f 5464/5464/5464 4815/4815/4815 5168/5168/5168
f 5168/5168/5168 4815/4815/4815 4589/4589/4589
f 5844/5844/5844 5464/5464/5464 5725/5725/5725
f 5725/5725/5725 5464/5464/5464 5168/5168/5168
f 5725/5725/5725 5168/5168/5168 5429/5429/5429
f 5725/5725/5725 5429/5429/5429 5575/5575/5575
f 5725/5725/5725 5575/5575/5575 5961/5961/5961
f 5815/5815/5815 6294/6294/6294 5808/5808/5808
f 5163/5163/5163 5119/5119/5119 4716/4716/4716
f 5163/5163/5163 4716/4716/4716 4816/4816/4816
f 4816/4816/4816 4716/4716/4716 4482/4482/4482
f 4482/4482/4482 4716/4716/4716 4638/4638/4638
f 4816/4816/4816 4482/4482/4482 4484/4484/4484
f 4816/4816/4816 4484/4484/4484 4591/4591/4591
f 5120/5120/5120 5817/5817/5817 5206/5206/5206
f 5206/5206/5206 5817/5817/5817 5814/5814/5814
f 5120/5120/5120 5206/5206/5206 4640/4640/4640
f 5120/5120/5120 4640/4640/4640 4717/4717/4717
f 4483/4483/4483 4480/4480/4480 4312/4312/4312
f 4312/4312/4312 4480/4480/4480 4306/4306/4306
f 4312/4312/4312 4306/4306/4306 4180/4180/4180
f 4312/4312/4312 4180/4180/4180 4187/4187/4187
f 4180/4180/4180 4306/4306/4306 4048/4048/4048
f 4048/4048/4048 4306/4306/4306 4177/4177/4177
f 4177/4177/4177 4306/4306/4306 4635/4635/4635
f 4485/4485/4485 4314/4314/4314 4592/4592/4592
f 4588/4588/4588 4311/4311/4311 4261/4261/4261
f 5169/5169/5169 4590/4590/4590 4551/4551/4551
f 4550/4550/4550 4587/4587/4587 4260/4260/4260
f 4553/4553/4553 4263/4263/4263 4112/4112/4112
f 4553/4553/4553 4112/4112/4112 4427/4427/4427
f 4553/4553/4553 4427/4427/4427 5033/5033/5033
f 5033/5033/5033 4427/4427/4427 5000/5000/5000
f 5033/5033/5033 5000/5000/5000 5280/5280/5280
f 4111/4111/4111 4262/4262/4262 4313/4313/4313
f 4111/4111/4111 4313/4313/4313 4189/4189/4189
f 4307/4307/4307 4481/4481/4481 4637/4637/4637
f 4426/4426/4426 4110/4110/4110 4188/4188/4188
f 4552/4552/4552 5032/5032/5032 5170/5170/5170
f 5170/5170/5170 5032/5032/5032 5430/5430/5430
f 5430/5430/5430 5032/5032/5032 5278/5278/5278
f 5430/5430/5430 5278/5278/5278 5576/5576/5576
f 5277/5277/5277 4999/4999/4999 5377/5377/5377
f 5279/5279/5279 5378/5378/5378 5577/5577/5577
f 5001/5001/5001 4428/4428/4428 5123/5123/5123
f 5123/5123/5123 4428/4428/4428 4190/4190/4190
f 5001/5001/5001 5123/5123/5123 5379/5379/5379
f 5730/5730/5730 5579/5579/5579 5497/5497/5497
f 5497/5497/5497 5579/5579/5579 5380/5380/5380
f 5728/5728/5728 5496/5496/5496 5286/5286/5286
f 5286/5286/5286 5496/5496/5496 4670/4670/4670
f 5727/5727/5727 5284/5284/5284 5213/5213/5213
f 5213/5213/5213 5284/5284/5284 4840/4840/4840
f 4243/4243/4243 5121/5121/5121 4185/4185/4185
f 4725/4725/4725 5376/5376/5376 5122/5122/5122
f 5376/5376/5376 4725/4725/4725 4673/4673/4673
f 4725/4725/4725 5122/5122/5122 4245/4245/4245
f 4726/4726/4726 4247/4247/4247 4380/4380/4380
f 4726/4726/4726 4380/4380/4380 4662/4662/4662
f 4726/4726/4726 4662/4662/4662 4731/4731/4731
f 4731/4731/4731 4662/4662/4662 4663/4663/4663
f 4663/4663/4663 4662/4662/4662 4555/4555/4555
f 4555/4555/4555 4662/4662/4662 4382/4382/4382
f 4663/4663/4663 4555/4555/4555 4604/4604/4604
f 4663/4663/4663 4604/4604/4604 4777/4777/4777
f 4777/4777/4777 4604/4604/4604 4607/4607/4607
f 4378/4378/4378 4244/4244/4244 3985/3985/3985
f 3985/3985/3985 4244/4244/4244 3699/3699/3699
f 3699/3699/3699 4244/4244/4244 3274/3274/3274
f 4379/4379/4379 3986/3986/3986 3702/3702/3702
f 4379/4379/4379 3702/3702/3702 3836/3836/3836
f 4379/4379/4379 3836/3836/3836 4660/4660/4660
f 3702/3702/3702 3986/3986/3986 3618/3618/3618
f 3618/3618/3618 3986/3986/3986 3536/3536/3536
f 3618/3618/3618 3536/3536/3536 3190/3190/3190
f 3536/3536/3536 3986/3986/3986 3700/3700/3700
f 3536/3536/3536 3700/3700/3700 3464/3464/3464
f 3464/3464/3464 3700/3700/3700 3459/3459/3459
f 3459/3459/3459 3700/3700/3700 3606/3606/3606
f 3607/3607/3607 3701/3701/3701 3276/3276/3276
f 3192/3192/3192 3539/3539/3539 3204/3204/3204
f 3189/3189/3189 3199/3199/3199 3463/3463/3463
f 3463/3463/3463 3199/3199/3199 3380/3380/3380
f 3189/3189/3189 3463/3463/3463 3286/3286/3286
f 3202/3202/3202 3538/3538/3538 3384/3384/3384
f 3383/3383/3383 3537/3537/3537 3381/3381/3381
f 3381/3381/3381 3537/3537/3537 3465/3465/3465
f 3383/3383/3383 3381/3381/3381 3298/3298/3298
f 3298/3298/3298 3381/3381/3381 3293/3293/3293
f 3298/3298/3298 3293/3293/3293 3307/3307/3307
f 3385/3385/3385 3299/3299/3299 3203/3203/3203
f 3382/3382/3382 3201/3201/3201 3294/3294/3294
f 3294/3294/3294 3201/3201/3201 3206/3206/3206
f 3205/3205/3205 3200/3200/3200 3297/3297/3297
f 3205/3205/3205 3297/3297/3297 3312/3312/3312
f 3313/3313/3313 3300/3300/3300 3309/3309/3309
f 3295/3295/3295 3208/3208/3208 3391/3391/3391
f 3296/3296/3296 3392/3392/3392 3308/3308/3308
f 3390/3390/3390 3207/3207/3207 3314/3314/3314
f 3310/3310/3310 3389/3389/3389 3386/3386/3386
f 3311/3311/3311 3388/3388/3388 3315/3315/3315
f 3315/3315/3315 3388/3388/3388 3397/3397/3397
f 3387/3387/3387 3393/3393/3393 3395/3395/3395
f 3316/3316/3316 3396/3396/3396 3394/3394/3394
f 3191/3191/3191 3288/3288/3288 3305/3305/3305
f 3191/3191/3191 3305/3305/3305 3620/3620/3620
f 3289/3289/3289 3467/3467/3467 3284/3284/3284
f 3283/3283/3283 3466/3466/3466 3462/3462/3462
f 3285/3285/3285 3279/3279/3279 3053/3053/3053
f 3053/3053/3053 3279/3279/3279 2821/2821/2821
f 2821/2821/2821 3279/3279/3279 2984/2984/2984
f 3287/3287/3287 3054/3054/3054 3302/3302/3302
f 3617/3617/3617 3301/3301/3301 3621/3621/3621
f 3619/3619/3619 3623/3623/3623 3703/3703/3703
f 3703/3703/3703 3623/3623/3623 3840/3840/3840
f 3840/3840/3840 3623/3623/3623 3846/3846/3846
f 3622/3622/3622 3303/3303/3303 3820/3820/3820
f 3622/3622/3622 3820/3820/3820 3842/3842/3842
f 3824/3824/3824 3306/3306/3306 3470/3470/3470
f 3304/3304/3304 3055/3055/3055 3051/3051/3051
f 3051/3051/3051 3055/3055/3055 2981/2981/2981
f 3304/3304/3304 3051/3051/3051 3469/3469/3469
f 3468/3468/3468 3050/3050/3050 3918/3918/3918
f 3468/3468/3468 3918/3918/3918 3823/3823/3823
f 3918/3918/3918 3050/3050/3050 3278/3278/3278
f 3278/3278/3278 3050/3050/3050 2980/2980/2980
f 2977/2977/2977 3052/3052/3052 2820/2820/2820
f 2977/2977/2977 2820/2820/2820 2672/2672/2672
f 2977/2977/2977 2672/2672/2672 2872/2872/2872
f 2872/2872/2872 2672/2672/2672 2815/2815/2815
f 2815/2815/2815 2672/2672/2672 2670/2670/2670
f 2815/2815/2815 2670/2670/2670 2751/2751/2751
f 2819/2819/2819 2983/2983/2983 2671/2671/2671
f 2671/2671/2671 2983/2983/2983 2874/2874/2874
f 2671/2671/2671 2874/2874/2874 2817/2817/2817
f 2671/2671/2671 2817/2817/2817 2669/2669/2669
f 2669/2669/2669 2817/2817/2817 2752/2752/2752
f 2985/2985/2985 3280/3280/3280 3277/3277/3277
f 3277/3277/3277 3280/3280/3280 3608/3608/3608
f 2985/2985/2985 3277/3277/3277 2978/2978/2978
f 2986/2986/2986 2982/2982/2982 2876/2876/2876
f 2875/2875/2875 2979/2979/2979 2873/2873/2873
f 2875/2875/2875 2873/2873/2873 2816/2816/2816
f 2875/2875/2875 2816/2816/2816 2818/2818/2818
f 2818/2818/2818 2816/2816/2816 2753/2753/2753
f 3610/3610/3610 3282/3282/3282 3372/3372/3372
f 3610/3610/3610 3372/3372/3372 3522/3522/3522
f 3371/3371/3371 3281/3281/3281 3460/3460/3460
f 3371/3371/3371 3460/3460/3460 3454/3454/3454
f 3371/3371/3371 3454/3454/3454 3526/3526/3526
f 3455/3455/3455 3461/3461/3461 3609/3609/3609
f 3455/3455/3455 3609/3609/3609 3523/3523/3523
f 3524/3524/3524 3373/3373/3373 3528/3528/3528
f 3527/3527/3527 3456/3456/3456 3525/3525/3525
f 4047/4047/4047 4176/4176/4176 3367/3367/3367
f 4047/4047/4047 3367/3367/3367 3181/3181/3181
f 3369/3369/3369 4178/4178/4178 4641/4641/4641
f 3180/3180/3180 3366/3366/3366 2813/2813/2813
f 3180/3180/3180 2813/2813/2813 2749/2749/2749
f 2749/2749/2749 2813/2813/2813 2743/2743/2743
f 2747/2747/2747 2741/2741/2741 2662/2662/2662
f 2663/2663/2663 2742/2742/2742 2803/2803/2803
f 2663/2663/2663 2803/2803/2803 2739/2739/2739
f 2739/2739/2739 2803/2803/2803 3041/3041/3041
f 3041/3041/3041 2803/2803/2803 3092/3092/3092
f 2750/2750/2750 2664/2664/2664 2973/2973/2973
f 2973/2973/2973 2664/2664/2664 2740/2740/2740
f 2973/2973/2973 2740/2740/2740 3271/3271/3271
f 3271/3271/3271 2740/2740/2740 3042/3042/3042
f 3271/3271/3271 3042/3042/3042 4465/4465/4465
f 4465/4465/4465 3042/3042/3042 3759/3759/3759
f 3043/3043/3043 3094/3094/3094 3760/3760/3760
f 3760/3760/3760 3094/3094/3094 3910/3910/3910
f 3757/3757/3757 3905/3905/3905 4461/4461/4461
f 3907/3907/3907 4233/4233/4233 5949/5949/5949
f 5949/5949/5949 4233/4233/4233 6513/6513/6513
f 3907/3907/3907 5949/5949/5949 4464/4464/4464
f 3270/3270/3270 4460/4460/4460 2736/2736/2736
f 2736/2736/2736 4460/4460/4460 2916/2916/2916
f 3270/3270/3270 2736/2736/2736 2585/2585/2585
f 2585/2585/2585 2736/2736/2736 2219/2219/2219
f 3270/3270/3270 2585/2585/2585 2666/2666/2666
f 3270/3270/3270 2666/2666/2666 2972/2972/2972
f 2972/2972/2972 2666/2666/2666 2668/2668/2668
f 5947/5947/5947 6511/6511/6511 5942/5942/5942
f 5942/5942/5942 6511/6511/6511 5453/5453/5453
f 5948/5948/5948 5943/5943/5943 5310/5310/5310
f 5945/5945/5945 5456/5456/5456 5160/5160/5160
f 4463/4463/4463 5950/5950/5950 4752/4752/4752
f 4752/4752/4752 5950/5950/5950 5606/5606/5606
f 4752/4752/4752 5606/5606/5606 4630/4630/4630
f 4630/4630/4630 5606/5606/5606 5482/5482/5482
f 4630/4630/4630 5482/5482/5482 4628/4628/4628
f 4628/4628/4628 5482/5482/5482 5383/5383/5383
f 4628/4628/4628 5383/5383/5383 4734/4734/4734
f 4734/4734/4734 5383/5383/5383 4888/4888/4888
f 4888/4888/4888 5383/5383/5383 4890/4890/4890
f 5314/5314/5314 5946/5946/5946 5249/5249/5249
f 5247/5247/5247 5944/5944/5944 5157/5157/5157
f 5247/5247/5247 5157/5157/5157 3966/3966/3966
f 5247/5247/5247 3966/3966/3966 4085/4085/4085
f 5951/5951/5951 5312/5312/5312 5607/5607/5607
f 5607/5607/5607 5312/5312/5312 5104/5104/5104
f 5607/5607/5607 5104/5104/5104 5483/5483/5483
f 5483/5483/5483 5104/5104/5104 5384/5384/5384
f 5384/5384/5384 5104/5104/5104 5048/5048/5048
f 4462/4462/4462 4751/4751/4751 2917/2917/2917
f 2917/2917/2917 4751/4751/4751 2771/2771/2771
f 2771/2771/2771 4751/4751/4751 4629/4629/4629
f 2771/2771/2771 4629/4629/4629 4627/4627/4627
f 2771/2771/2771 4627/4627/4627 2769/2769/2769
f 2769/2769/2769 4627/4627/4627 4733/4733/4733
f 2769/2769/2769 4733/4733/4733 3003/3003/3003
f 3003/3003/3003 4733/4733/4733 3161/3161/3161
f 3161/3161/3161 4733/4733/4733 4887/4887/4887
f 3161/3161/3161 4887/4887/4887 3239/3239/3239
f 3239/3239/3239 4887/4887/4887 4889/4889/4889
f 3239/3239/3239 4889/4889/4889 5092/5092/5092
f 5092/5092/5092 4889/4889/4889 5863/5863/5863
f 5863/5863/5863 4889/4889/4889 5382/5382/5382
f 5092/5092/5092 5863/5863/5863 5865/5865/5865
f 5092/5092/5092 5865/5865/5865 5184/5184/5184
f 2399/2399/2399 2918/2918/2918 2772/2772/2772
f 2399/2399/2399 2772/2772/2772 2770/2770/2770
f 2399/2399/2399 2770/2770/2770 2397/2397/2397
f 2397/2397/2397 2770/2770/2770 3004/3004/3004
f 2397/2397/2397 3004/3004/3004 2261/2261/2261
f 2261/2261/2261 3004/3004/3004 2171/2171/2171
f 2171/2171/2171 3004/3004/3004 2688/2688/2688
f 2401/2401/2401 2263/2263/2263 4033/4033/4033
f 4033/4033/4033 2263/2263/2263 3657/3657/3657
f 4033/4033/4033 3657/3657/3657 5309/5309/5309
f 3657/3657/3657 2263/2263/2263 2259/2259/2259
f 3657/3657/3657 2259/2259/2259 3652/3652/3652
f 3657/3657/3657 3652/3652/3652 5102/5102/5102
f 3652/3652/3652 2259/2259/2259 2687/2687/2687
f 5102/5102/5102 3652/3652/3652 5047/5047/5047
f 3652/3652/3652 2687/2687/2687 3870/3870/3870
f 3652/3652/3652 3870/3870/3870 5047/5047/5047
f 3870/3870/3870 2687/2687/2687 2896/2896/2896
f 3870/3870/3870 2896/2896/2896 3933/3933/3933
f 3870/3870/3870 3933/3933/3933 5047/5047/5047
f 3933/3933/3933 2896/2896/2896 3006/3006/3006
f 3933/3933/3933 3006/3006/3006 4002/4002/4002
f 4002/4002/4002 3006/3006/3006 3734/3734/3734
f 4353/4353/4353 5047/5047/5047 4002/4002/4002
f 4353/4353/4353 4002/4002/4002 3734/3734/3734
f 5047/5047/5047 4353/4353/4353 5641/5641/5641
f 5641/5641/5641 4353/4353/4353 5521/5521/5521
f 5521/5521/5521 4353/4353/4353 4783/4783/4783
f 4783/4783/4783 4353/4353/4353 3734/3734/3734
f 4783/4783/4783 3734/3734/3734 4213/4213/4213
f 4783/4783/4783 4213/4213/4213 4787/4787/4787
f 5311/5311/5311 3658/3658/3658 5103/5103/5103
f 4034/4034/4034 5313/5313/5313 5248/5248/5248
f 4034/4034/4034 5248/5248/5248 4086/4086/4086
f 4034/4034/4034 4086/4086/4086 2402/2402/2402
f 2403/2403/2403 4087/4087/4087 2273/2273/2273
f 2273/2273/2273 4087/4087/4087 2267/2267/2267
f 2268/2268/2268 4088/4088/4088 3968/3968/3968
f 3967/3967/3967 5158/5158/5158 4138/4138/4138
f 3967/3967/3967 4138/4138/4138 2395/2395/2395
f 3967/3967/3967 2395/2395/2395 2266/2266/2266
f 2395/2395/2395 4138/4138/4138 2692/2692/2692
f 2692/2692/2692 4138/4138/4138 4140/4140/4140
f 2692/2692/2692 4140/4140/4140 2834/2834/2834
f 2834/2834/2834 4140/4140/4140 4203/4203/4203
f 4203/4203/4203 4140/4140/4140 5051/5051/5051
f 2053/2053/2053 2184/2184/2184 2143/2143/2143
f 2143/2143/2143 2184/2184/2184 2614/2614/2614
f 3375/3375/3375 2937/2937/2937 3150/3150/3150
f 3533/3533/3533 2755/2755/2755 2881/2881/2881
f 3533/3533/3533 2881/2881/2881 3828/3828/3828
f 3828/3828/3828 2881/2881/2881 3211/3211/3211
f 2881/2881/2881 2755/2755/2755 2535/2535/2535
f 2535/2535/2535 2755/2755/2755 2530/2530/2530
f 2533/2533/2533 2527/2527/2527 2082/2082/2082
f 2880/2880/2880 2534/2534/2534 2377/2377/2377
f 2377/2377/2377 2534/2534/2534 2084/2084/2084
f 2880/2880/2880 2377/2377/2377 2757/2757/2757
f 2880/2880/2880 2757/2757/2757 3210/3210/3210
f 2757/2757/2757 2377/2377/2377 2626/2626/2626
f 2626/2626/2626 2377/2377/2377 2310/2310/2310
f 3210/3210/3210 2757/2757/2757 3217/3217/3217
f 2310/2310/2310 2377/2377/2377 2166/2166/2166
f 2166/2166/2166 2377/2377/2377 2084/2084/2084
f 2166/2166/2166 2084/2084/2084 2079/2079/2079
f 2166/2166/2166 2079/2079/2079 2237/2237/2237
f 2237/2237/2237 2079/2079/2079 2163/2163/2163
f 3210/3210/3210 3217/3217/3217 3642/3642/3642
f 3642/3642/3642 3217/3217/3217 3671/3671/3671
f 3210/3210/3210 3642/3642/3642 3639/3639/3639
f 2083/2083/2083 2528/2528/2528 2374/2374/2374
f 2083/2083/2083 2374/2374/2374 2078/2078/2078
f 2375/2375/2375 2529/2529/2529 2532/2532/2532
f 2375/2375/2375 2532/2532/2532 2236/2236/2236
f 2236/2236/2236 2532/2532/2532 2592/2592/2592
f 2375/2375/2375 2236/2236/2236 2233/2233/2233
f 2233/2233/2233 2236/2236/2236 2162/2162/2162
f 2233/2233/2233 2162/2162/2162 2075/2075/2075
f 2235/2235/2235 2591/2591/2591 2165/2165/2165
f 2165/2165/2165 2591/2591/2591 2309/2309/2309
f 2309/2309/2309 2591/2591/2591 2878/2878/2878
f 2309/2309/2309 2878/2878/2878 2625/2625/2625
f 2756/2756/2756 2624/2624/2624 2987/2987/2987
f 2756/2756/2756 2987/2987/2987 3290/3290/3290
f 2756/2756/2756 3290/3290/3290 3216/3216/3216
f 3216/3216/3216 3290/3290/3290 3667/3667/3667
f 3216/3216/3216 3667/3667/3667 3786/3786/3786
f 3216/3216/3216 3786/3786/3786 3669/3669/3669
f 3786/3786/3786 3667/3667/3667 4101/4101/4101
f 3292/3292/3292 2988/2988/2988 3614/3614/3614
f 3292/3292/3292 3614/3614/3614 4104/4104/4104
f 3291/3291/3291 4103/4103/4103 3668/3668/3668
f 3826/3826/3826 3209/3209/3209 3788/3788/3788
f 3788/3788/3788 3209/3209/3209 3634/3634/3634
f 3641/3641/3641 3670/3670/3670 3405/3405/3405
f 3641/3641/3641 3405/3405/3405 3338/3338/3338
f 3643/3643/3643 3339/3339/3339 3640/3640/3640
f 3337/3337/3337 3404/3404/3404 3407/3407/3407
f 3337/3337/3337 3407/3407/3407 3493/3493/3493
f 3408/3408/3408 3406/3406/3406 3675/3675/3675
f 3408/3408/3408 3675/3675/3675 3724/3724/3724
f 3635/3635/3635 3336/3336/3336 3491/3491/3491
f 3409/3409/3409 3725/3725/3725 3495/3495/3495
f 3333/3333/3333 3790/3790/3790 3636/3636/3636
f 3791/3791/3791 3334/3334/3334 3477/3477/3477
f 3792/3792/3792 3480/3480/3480 3627/3627/3627
f 3789/3789/3789 3624/3624/3624 3827/3827/3827
f 3827/3827/3827 3624/3624/3624 3542/3542/3542
f 3626/3626/3626 3479/3479/3479 3059/3059/3059
f 3626/3626/3626 3059/3059/3059 3473/3473/3473
f 3473/3473/3473 3059/3059/3059 2762/2762/2762
f 3473/3473/3473 2762/2762/2762 2537/2537/2537
f 3473/3473/3473 2537/2537/2537 2597/2597/2597
f 3058/3058/3058 3478/3478/3478 3335/3335/3335
f 3551/3551/3551 3335/3335/3335 3637/3637/3637
f 3335/3335/3335 3551/3551/3551 2992/2992/2992
f 2992/2992/2992 3551/3551/3551 2822/2822/2822
f 2992/2992/2992 2822/2822/2822 2547/2547/2547
f 2992/2992/2992 2547/2547/2547 3335/3335/3335
f 2547/2547/2547 2822/2822/2822 2467/2467/2467
f 3335/3335/3335 2547/2547/2547 2765/2765/2765
f 3335/3335/3335 2765/2765/2765 3058/3058/3058
f 2765/2765/2765 2547/2547/2547 2461/2461/2461
f 3058/3058/3058 2765/2765/2765 2631/2631/2631
f 2631/2631/2631 2765/2765/2765 2461/2461/2461
f 3058/3058/3058 2631/2631/2631 2761/2761/2761
f 2631/2631/2631 2461/2461/2461 2539/2539/2539
f 2761/2761/2761 2631/2631/2631 2536/2536/2536
f 2631/2631/2631 2539/2539/2539 2453/2453/2453
f 2631/2631/2631 2453/2453/2453 2536/2536/2536
f 3535/3535/3535 3541/3541/3541 4257/4257/4257
f 4257/4257/4257 3541/3541/3541 3987/3987/3987
f 3987/3987/3987 3541/3541/3541 3471/3471/3471
f 3543/3543/3543 3625/3625/3625 3472/3472/3472
f 4259/4259/4259 3988/3988/3988 4333/4333/4333
f 4336/4336/4336 3990/3990/3990 4056/4056/4056
f 4055/4055/4055 3989/3989/3989 3545/3545/3545
f 3545/3545/3545 3989/3989/3989 3474/3474/3474
f 3545/3545/3545 3474/3474/3474 3057/3057/3057
f 3057/3057/3057 3474/3474/3474 2679/2679/2679
f 2679/2679/2679 3474/3474/3474 2596/2596/2596
f 4335/4335/4335 4054/4054/4054 4198/4198/4198
f 4195/4195/4195 4053/4053/4053 3544/3544/3544
f 4195/4195/4195 3544/3544/3544 3155/3155/3155
f 4195/4195/4195 3155/3155/3155 3644/3644/3644
f 3644/3644/3644 3155/3155/3155 2940/2940/2940
f 3644/3644/3644 2940/2940/2940 3556/3556/3556
f 3556/3556/3556 2940/2940/2940 3101/3101/3101
f 3556/3556/3556 3101/3101/3101 3558/3558/3558
f 2940/2940/2940 3155/3155/3155 2632/2632/2632
f 2632/2632/2632 3155/3155/3155 2938/2938/2938
f 2938/2938/2938 3155/3155/3155 3544/3544/3544
f 2938/2938/2938 3544/3544/3544 3056/3056/3056
f 2938/2938/2938 3056/3056/3056 2678/2678/2678
f 2938/2938/2938 2678/2678/2678 2599/2599/2599
f 4049/4049/4049 4258/4258/4258 4331/4331/4331
f 4258/4258/4258 4049/4049/4049 3821/3821/3821
f 3822/3822/3822 4050/4050/4050 3845/3845/3845
f 3845/3845/3845 4050/4050/4050 4329/4329/4329
f 4329/4329/4329 4050/4050/4050 4332/4332/4332
f 4330/4330/4330 4334/4334/4334 4197/4197/4197
f 4330/4330/4330 4197/4197/4197 3993/3993/3993
f 4330/4330/4330 3993/3993/3993 4060/4060/4060
f 3843/3843/3843 4328/4328/4328 4058/4058/4058
f 2680/2680/2680 2598/2598/2598 2602/2602/2602
f 2602/2602/2602 2598/2598/2598 2451/2451/2451
f 2451/2451/2451 2598/2598/2598 2454/2454/2454
f 2454/2454/2454 2598/2598/2598 2538/2538/2538
f 2601/2601/2601 2452/2452/2452 2605/2605/2605
f 2601/2601/2601 2605/2605/2605 2764/2764/2764
f 2605/2605/2605 2452/2452/2452 2455/2455/2455
f 2605/2605/2605 2455/2455/2455 2542/2542/2542
f 2939/2939/2939 2600/2600/2600 2763/2763/2763
f 2939/2939/2939 2763/2763/2763 2634/2634/2634
f 2634/2634/2634 2763/2763/2763 2457/2457/2457
f 2457/2457/2457 2763/2763/2763 2603/2603/2603
f 2634/2634/2634 2457/2457/2457 2543/2543/2543
f 2543/2543/2543 2457/2457/2457 2312/2312/2312
f 2458/2458/2458 2604/2604/2604 2540/2540/2540
f 2541/2541/2541 2463/2463/2463 2459/2459/2459
f 2459/2459/2459 2463/2463/2463 2380/2380/2380
f 3552/3552/3552 3638/3638/3638 3494/3494/3494
f 2464/2464/2464 2460/2460/2460 2546/2546/2546
f 2464/2464/2464 2546/2546/2546 2382/2382/2382
f 2382/2382/2382 2546/2546/2546 2466/2466/2466
f 2462/2462/2462 2465/2465/2465 2379/2379/2379
f 2379/2379/2379 2465/2465/2465 2033/2033/2033
f 2033/2033/2033 2465/2465/2465 2383/2383/2383
f 2033/2033/2033 2383/2383/2383 2241/2241/2241
f 2241/2241/2241 2383/2383/2383 2323/2323/2323
f 2883/2883/2883 2823/2823/2823 3553/3553/3553
f 2823/2823/2823 2883/2883/2883 2326/2326/2326
f 2823/2823/2823 2326/2326/2326 2468/2468/2468
f 2468/2468/2468 2326/2326/2326 2095/2095/2095
f 2468/2468/2468 2095/2095/2095 2384/2384/2384
f 2384/2384/2384 2095/2095/2095 2324/2324/2324
f 2324/2324/2324 2095/2095/2095 2244/2244/2244
f 2324/2324/2324 2244/2244/2244 2320/2320/2320
f 2381/2381/2381 2035/2035/2035 2089/2089/2089
f 2089/2089/2089 2035/2035/2035 2086/2086/2086
f 2089/2089/2089 2086/2086/2086 2313/2313/2313
f 2882/2882/2882 3550/3550/3550 2945/2945/2945
f 2882/2882/2882 2945/2945/2945 2553/2553/2553
f 2882/2882/2882 2553/2553/2553 2325/2325/2325
f 2325/2325/2325 2553/2553/2553 2248/2248/2248
f 2325/2325/2325 2248/2248/2248 2094/2094/2094
f 2944/2944/2944 3549/3549/3549 3490/3490/3490
f 2552/2552/2552 2942/2942/2942 2469/2469/2469
f 2552/2552/2552 2469/2469/2469 2246/2246/2246
f 2469/2469/2469 2942/2942/2942 2884/2884/2884
f 2884/2884/2884 2942/2942/2942 3224/3224/3224
f 2469/2469/2469 2884/2884/2884 2647/2647/2647
f 2246/2246/2246 2469/2469/2469 2101/2101/2101
f 2246/2246/2246 2101/2101/2101 2096/2096/2096
f 2246/2246/2246 2096/2096/2096 2330/2330/2330
f 3227/3227/3227 2943/2943/2943 3488/3488/3488
f 2649/2649/2649 2885/2885/2885 3226/3226/3226
f 3228/3228/3228 3489/3489/3489 2887/2887/2887
f 3225/3225/3225 2886/2886/2886 2648/2648/2648
f 2889/2889/2889 3492/3492/3492 3555/3555/3555
f 3555/3555/3555 3492/3492/3492 3722/3722/3722
f 2889/2889/2889 3555/3555/3555 2994/2994/2994
f 2994/2994/2994 3555/3555/3555 3230/3230/3230
f 2994/2994/2994 3230/3230/3230 2996/2996/2996
f 2996/2996/2996 3230/3230/3230 3106/3106/3106
f 2470/2470/2470 2650/2650/2650 2036/2036/2036
f 2470/2470/2470 2036/2036/2036 2102/2102/2102
f 2036/2036/2036 2650/2650/2650 2683/2683/2683
f 2036/2036/2036 2683/2683/2683 2343/2343/2343
f 2651/2651/2651 2888/2888/2888 2684/2684/2684
f 2684/2684/2684 2888/2888/2888 2894/2894/2894
f 2894/2894/2894 2888/2888/2888 2993/2993/2993
f 2894/2894/2894 2993/2993/2993 3068/3068/3068
f 3068/3068/3068 2993/2993/2993 2995/2995/2995
f 2103/2103/2103 2037/2037/2037 2039/2039/2039
f 2103/2103/2103 2039/2039/2039 2100/2100/2100
f 2039/2039/2039 2037/2037/2037 2112/2112/2112
f 2039/2039/2039 2112/2112/2112 2115/2115/2115
f 2112/2112/2112 2037/2037/2037 2344/2344/2344
f 2247/2247/2247 2331/2331/2331 2093/2093/2093
f 2093/2093/2093 2331/2331/2331 2242/2242/2242
f 2242/2242/2242 2331/2331/2331 2327/2327/2327
f 2333/2333/2333 2097/2097/2097 2645/2645/2645
f 2646/2646/2646 2099/2099/2099 2555/2555/2555
f 2646/2646/2646 2555/2555/2555 3066/3066/3066
f 3066/3066/3066 2555/2555/2555 2999/2999/2999
f 3066/3066/3066 2999/2999/2999 3568/3568/3568
f 3066/3066/3066 3568/3568/3568 3564/3564/3564
f 2554/2554/2554 2098/2098/2098 2038/2038/2038
f 2554/2554/2554 2038/2038/2038 2652/2652/2652
f 2554/2554/2554 2652/2652/2652 2998/2998/2998
f 2607/2607/2607 2038/2038/2038 2114/2114/2114
f 2038/2038/2038 2607/2607/2607 2652/2652/2652
f 2652/2652/2652 2607/2607/2607 3074/3074/3074
f 2652/2652/2652 3074/3074/3074 3869/3869/3869
f 2998/2998/2998 2652/2652/2652 3572/3572/3572
f 3572/3572/3572 2652/2652/2652 3869/3869/3869
f 2998/2998/2998 3572/3572/3572 3567/3567/3567
f 3572/3572/3572 3869/3869/3869 4342/4342/4342
f 4342/4342/4342 3869/3869/3869 4566/4566/4566
f 4342/4342/4342 4566/4566/4566 5008/5008/5008
f 5008/5008/5008 4566/4566/4566 5177/5177/5177
f 5008/5008/5008 5177/5177/5177 5174/5174/5174
f 5008/5008/5008 5174/5174/5174 5294/5294/5294
f 5294/5294/5294 5174/5174/5174 5333/5333/5333
f 2332/2332/2332 2643/2643/2643 2328/2328/2328
f 2328/2328/2328 2643/2643/2643 2638/2638/2638
f 2322/2322/2322 2319/2319/2319 2238/2238/2238
f 2322/2322/2322 2238/2238/2238 2240/2240/2240
f 2240/2240/2240 2238/2238/2238 2029/2029/2029
f 2240/2240/2240 2029/2029/2029 2032/2032/2032
f 2029/2029/2029 2238/2238/2238 2315/2315/2315
f 2315/2315/2315 2238/2238/2238 2385/2385/2385
f 2321/2321/2321 2245/2245/2245 2388/2388/2388
f 2321/2321/2321 2388/2388/2388 2239/2239/2239
f 2386/2386/2386 2243/2243/2243 2329/2329/2329
f 2386/2386/2386 2329/2329/2329 2550/2550/2550
f 2550/2550/2550 2329/2329/2329 2825/2825/2825
f 2825/2825/2825 2329/2329/2329 2641/2641/2641
f 2387/2387/2387 2551/2551/2551 2318/2318/2318
f 2030/2030/2030 2317/2317/2317 2091/2091/2091
f 2090/2090/2090 2316/2316/2316 2549/2549/2549
f 2090/2090/2090 2549/2549/2549 2637/2637/2637
f 2090/2090/2090 2637/2637/2637 2544/2544/2544
f 2090/2090/2090 2544/2544/2544 2167/2167/2167
f 2544/2544/2544 2637/2637/2637 2635/2635/2635
f 2034/2034/2034 2031/2031/2031 2085/2085/2085
f 2085/2085/2085 2031/2031/2031 2092/2092/2092
f 2085/2085/2085 2092/2092/2092 2168/2168/2168
f 2314/2314/2314 2087/2087/2087 2169/2169/2169
f 2314/2314/2314 2169/2169/2169 2545/2545/2545
f 2088/2088/2088 2311/2311/2311 2378/2378/2378
f 2378/2378/2378 2311/2311/2311 2456/2456/2456
f 2633/2633/2633 2636/2636/2636 2941/2941/2941
f 2941/2941/2941 2636/2636/2636 2548/2548/2548
f 2941/2941/2941 2548/2548/2548 2824/2824/2824
f 2941/2941/2941 2824/2824/2824 3102/3102/3102
f 2639/2639/2639 2644/2644/2644 3064/3064/3064
f 2827/2827/2827 2642/2642/2642 3063/3063/3063
f 3060/3060/3060 2640/2640/2640 3065/3065/3065
f 3060/3060/3060 3065/3065/3065 3563/3563/3563
f 3060/3060/3060 3563/3563/3563 3560/3560/3560
f 3103/3103/3103 2826/2826/2826 3061/3061/3061
f 3104/3104/3104 3062/3062/3062 3561/3561/3561
f 3557/3557/3557 3559/3559/3559 3726/3726/3726
f 3726/3726/3726 3559/3559/3559 3562/3562/3562
f 3557/3557/3557 3726/3726/3726 3645/3645/3645
f 3726/3726/3726 3562/3562/3562 3803/3803/3803
f 3645/3645/3645 3726/3726/3726 3717/3717/3717
f 3726/3726/3726 3803/3803/3803 3850/3850/3850
f 3717/3717/3717 3726/3726/3726 3800/3800/3800
f 3726/3726/3726 3850/3850/3850 3848/3848/3848
f 3726/3726/3726 3848/3848/3848 3800/3800/3800
f 3565/3565/3565 3570/3570/3570 3862/3862/3862
f 3859/3859/3859 3569/3569/3569 3573/3573/3573
f 3804/3804/3804 3566/3566/3566 3863/3863/3863
f 3073/3073/3073 2606/2606/2606 3865/3865/3865
f 3073/3073/3073 3865/3865/3865 3868/3868/3868
f 3865/3865/3865 2606/2606/2606 3234/3234/3234
f 3868/3868/3868 3865/3865/3865 4512/4512/4512
f 3868/3868/3868 4512/4512/4512 4564/4564/4564
f 4564/4564/4564 4512/4512/4512 5632/5632/5632
f 3234/3234/3234 2606/2606/2606 2113/2113/2113
f 3234/3234/3234 2113/2113/2113 2111/2111/2111
f 3234/3234/3234 2111/2111/2111 3342/3342/3342
f 3342/3342/3342 2111/2111/2111 2342/2342/2342
f 3342/3342/3342 2342/2342/2342 2682/2682/2682
f 3342/3342/3342 2682/2682/2682 3728/3728/3728
f 3728/3728/3728 2682/2682/2682 3410/3410/3410
f 3410/3410/3410 2682/2682/2682 2892/2892/2892
f 3728/3728/3728 3410/3410/3410 4507/4507/4507
f 3728/3728/3728 4507/4507/4507 4562/4562/4562
f 4063/4063/4063 3867/3867/3867 3236/3236/3236
f 3867/3867/3867 4063/4063/4063 4348/4348/4348
f 4348/4348/4348 4063/4063/4063 4135/4135/4135
f 4062/4062/4062 3235/3235/3235 3343/3343/3343
f 4062/4062/4062 3343/3343/3343 4132/4132/4132
f 3864/3864/3864 4346/4346/4346 4699/4699/4699
f 4133/4133/4133 4061/4061/4061 4131/4131/4131
f 4133/4133/4133 4131/4131/4131 4200/4200/4200
f 4200/4200/4200 4131/4131/4131 4344/4344/4344
f 4200/4200/4200 4344/4344/4344 4384/4384/4384
f 4344/4344/4344 4131/4131/4131 3341/3341/3341
f 4347/4347/4347 4134/4134/4134 4349/4349/4349
f 4347/4347/4347 4349/4349/4349 4701/4701/4701
f 4349/4349/4349 4134/4134/4134 4567/4567/4567
f 4567/4567/4567 4134/4134/4134 4201/4201/4201
f 4567/4567/4567 4201/4201/4201 4385/4385/4385
f 4567/4567/4567 4385/4385/4385 4694/4694/4694
f 4567/4567/4567 4694/4694/4694 4880/4880/4880
f 4349/4349/4349 4567/4567/4567 4703/4703/4703
f 4567/4567/4567 4880/4880/4880 4878/4878/4878
f 4567/4567/4567 4878/4878/4878 4703/4703/4703
f 4953/4953/4953 4701/4701/4701 4703/4703/4703
f 4953/4953/4953 4703/4703/4703 4878/4878/4878
f 4953/4953/4953 4878/4878/4878 4947/4947/4947
f 4702/4702/4702 4350/4350/4350 4704/4704/4704
f 4513/4513/4513 3866/3866/3866 4700/4700/4700
f 4511/4511/4511 4698/4698/4698 5009/5009/5009
f 5009/5009/5009 4698/4698/4698 4952/4952/4952
f 5009/5009/5009 4952/4952/4952 5041/5041/5041
f 5041/5041/5041 4952/4952/4952 4946/4946/4946
f 4950/4950/4950 4879/4879/4879 4882/4882/4882
f 4881/4881/4881 4696/4696/4696 4949/4949/4949
f 4951/4951/4951 4697/4697/4697 4693/4693/4693
f 4692/4692/4692 4695/4695/4695 4386/4386/4386
f 4692/4692/4692 4386/4386/4386 4345/4345/4345
f 4692/4692/4692 4345/4345/4345 4563/4563/4563
f 4563/4563/4563 4345/4345/4345 3729/3729/3729
f 4692/4692/4692 4563/4563/4563 5042/5042/5042
f 4692/4692/4692 5042/5042/5042 4948/4948/4948
f 3727/3727/3727 4343/4343/4343 3340/3340/3340
f 4508/4508/4508 3411/3411/3411 2893/2893/2893
f 4508/4508/4508 2893/2893/2893 3649/3649/3649
f 3649/3649/3649 2893/2893/2893 3067/3067/3067
f 3649/3649/3649 3067/3067/3067 3156/3156/3156
f 4561/4561/4561 4506/4506/4506 5224/5224/5224
f 4560/4560/4560 5223/5223/5223 5040/5040/5040
f 4510/4510/4510 3650/3650/3650 4431/4431/4431
f 4431/4431/4431 3650/3650/3650 3648/3648/3648
f 3648/3648/3648 3650/3650/3650 3157/3157/3157
f 3648/3648/3648 3157/3157/3157 3107/3107/3107
f 3158/3158/3158 3069/3069/3069 2997/2997/2997
f 3158/3158/3158 2997/2997/2997 3108/3108/3108
f 3105/3105/3105 3229/3229/3229 3647/3647/3647
f 3647/3647/3647 3229/3229/3229 4429/4429/4429
f 4429/4429/4429 3229/3229/3229 3554/3554/3554
f 4429/4429/4429 3554/3554/3554 4337/4337/4337
f 4337/4337/4337 3554/3554/3554 3720/3720/3720
f 4337/4337/4337 3720/3720/3720 3926/3926/3926
f 4429/4429/4429 4337/4337/4337 5221/5221/5221
f 5221/5221/5221 4337/4337/4337 4868/4868/4868
f 5222/5222/5222 4509/4509/4509 4430/4430/4430
f 4509/4509/4509 5222/5222/5222 5226/5226/5226
f 5226/5226/5226 5222/5222/5222 5700/5700/5700
f 5700/5700/5700 5222/5222/5222 5515/5515/5515
f 5515/5515/5515 5222/5222/5222 5138/5138/5138
f 5138/5138/5138 5222/5222/5222 4870/4870/4870
f 5515/5515/5515 5138/5138/5138 5696/5696/5696
f 5515/5515/5515 5696/5696/5696 5700/5700/5700
f 5700/5700/5700 5696/5696/5696 5790/5790/5790
f 5225/5225/5225 5699/5699/5699 5043/5043/5043
f 5043/5043/5043 5699/5699/5699 5788/5788/5788
f 5044/5044/5044 5791/5791/5791 5011/5011/5011
f 5010/5010/5010 5789/5789/5789 5634/5634/5634
f 5635/5635/5635 5792/5792/5792 5698/5698/5698
f 5635/5635/5635 5698/5698/5698 5587/5587/5587
f 5635/5635/5635 5587/5587/5587 5476/5476/5476
f 5476/5476/5476 5587/5587/5587 5437/5437/5437
f 5476/5476/5476 5437/5437/5437 5338/5338/5338
f 5338/5338/5338 5437/5437/5437 5335/5335/5335
f 5012/5012/5012 5636/5636/5636 4514/4514/4514
f 4565/4565/4565 5633/5633/5633 5475/5475/5475
f 4565/4565/4565 5475/5475/5475 5176/5176/5176
f 5176/5176/5176 5475/5475/5475 5337/5337/5337
f 3571/3571/3571 4341/4341/4341 3855/3855/3855
f 3855/3855/3855 4341/4341/4341 4432/4432/4432
f 4432/4432/4432 4341/4341/4341 5038/5038/5038
f 5038/5038/5038 4341/4341/4341 5007/5007/5007
f 5038/5038/5038 5007/5007/5007 5293/5293/5293
f 4432/4432/4432 5038/5038/5038 4874/4874/4874
f 4874/4874/4874 5038/5038/5038 5085/5085/5085
f 5175/5175/5175 5178/5178/5178 5339/5339/5339
f 5175/5175/5175 5339/5339/5339 5336/5336/5336
f 5295/5295/5295 5334/5334/5334 5436/5436/5436
f 5295/5295/5295 5436/5436/5436 5586/5586/5586
f 5295/5295/5295 5586/5586/5586 5039/5039/5039
f 5039/5039/5039 5586/5586/5586 5089/5089/5089
f 5089/5089/5089 5586/5586/5586 5697/5697/5697
f 5089/5089/5089 5697/5697/5697 5292/5292/5292
f 5292/5292/5292 5697/5697/5697 5137/5137/5137
f 4433/4433/4433 4876/4876/4876 4608/4608/4608
f 4608/4608/4608 4876/4876/4876 4864/4864/4864
f 4433/4433/4433 4608/4608/4608 4270/4270/4270
f 4433/4433/4433 4270/4270/4270 3857/3857/3857
f 4875/4875/4875 5087/5087/5087 4687/4687/4687
f 4877/4877/4877 4688/4688/4688 4865/4865/4865
f 4690/4690/4690 5090/5090/5090 5037/5037/5037
f 5037/5037/5037 5090/5090/5090 5220/5220/5220
f 4867/4867/4867 4691/4691/4691 4945/4945/4945
f 4942/4942/4942 4686/4686/4686 4674/4674/4674
f 4675/4675/4675 4689/4689/4689 5036/5036/5036
f 4675/4675/4675 5036/5036/5036 5375/5375/5375
f 4866/4866/4866 4943/4943/4943 5003/5003/5003
f 4866/4866/4866 5003/5003/5003 4778/4778/4778
f 4606/4606/4606 4863/4863/4863 4775/4775/4775
f 4609/4609/4609 4605/4605/4605 4272/4272/4272
f 4272/4272/4272 4605/4605/4605 4268/4268/4268
f 5218/5218/5218 5086/5086/5086 5330/5330/5330
f 5218/5218/5218 5330/5330/5330 5492/5492/5492
f 5492/5492/5492 5330/5330/5330 5473/5473/5473
f 5492/5492/5492 5473/5473/5473 5684/5684/5684
f 5684/5684/5684 5473/5473/5473 5743/5743/5743
f 5332/5332/5332 5088/5088/5088 5289/5289/5289
f 5035/5035/5035 5219/5219/5219 5404/5404/5404
f 5404/5404/5404 5219/5219/5219 5494/5494/5494
f 5331/5331/5331 5290/5290/5290 5784/5784/5784
f 5784/5784/5784 5290/5290/5290 5689/5689/5689
f 5470/5470/5470 5329/5329/5329 5782/5782/5782
f 5493/5493/5493 5685/5685/5685 5403/5403/5403
f 5403/5403/5403 5685/5685/5685 5631/5631/5631
f 5631/5631/5631 5685/5685/5685 5858/5858/5858
f 5631/5631/5631 5858/5858/5858 5855/5855/5855
f 5034/5034/5034 5402/5402/5402 5373/5373/5373
f 5373/5373/5373 5402/5402/5402 5739/5739/5739
f 4676/4676/4676 4727/4727/4727 4732/4732/4732
f 4676/4676/4676 4732/4732/4732 4944/4944/4944
f 4944/4944/4944 4732/4732/4732 5004/5004/5004
f 5004/5004/5004 4732/4732/4732 4664/4664/4664
f 4381/4381/4381 4661/4661/4661 3838/3838/3838
f 4381/4381/4381 3838/3838/3838 4106/4106/4106
f 4556/4556/4556 4383/4383/4383 4052/4052/4052
f 4556/4556/4556 4052/4052/4052 4193/4193/4193
f 4052/4052/4052 4383/4383/4383 4107/4107/4107
f 4052/4052/4052 4107/4107/4107 3921/3921/3921
f 4603/4603/4603 4554/4554/4554 4192/4192/4192
f 4603/4603/4603 4192/4192/4192 4267/4267/4267
f 4668/4668/4668 4779/4779/4779 4851/4851/4851
f 4846/4846/4846 4776/4776/4776 5002/5002/5002
f 4266/4266/4266 4191/4191/4191 4057/4057/4057
f 4266/4266/4266 4057/4057/4057 4269/4269/4269
f 4269/4269/4269 4057/4057/4057 3992/3992/3992
f 4269/4269/4269 3992/3992/3992 4278/4278/4278
f 4057/4057/4057 4191/4191/4191 4113/4113/4113
f 4113/4113/4113 4191/4191/4191 4051/4051/4051
f 4113/4113/4113 4051/4051/4051 3837/3837/3837
f 3837/3837/3837 4051/4051/4051 3919/3919/3919
f 3837/3837/3837 3919/3919/3919 3832/3832/3832
f 3832/3832/3832 3919/3919/3919 3780/3780/3780
f 4059/4059/4059 4115/4115/4115 3847/3847/3847
f 3844/3844/3844 4114/4114/4114 3839/3839/3839
f 4277/4277/4277 3991/3991/3991 4194/4194/4194
f 4271/4271/4271 4280/4280/4280 3858/3858/3858
f 4279/4279/4279 4196/4196/4196 3714/3714/3714
f 4279/4279/4279 3714/3714/3714 3854/3854/3854
f 3716/3716/3716 4199/4199/4199 3646/3646/3646
f 3716/3716/3716 3646/3646/3646 3718/3718/3718
f 3716/3716/3716 3718/3718/3718 3799/3799/3799
f 3799/3799/3799 3718/3718/3718 3931/3931/3931
f 3931/3931/3931 3718/3718/3718 3802/3802/3802
f 3833/3833/3833 4108/4108/4108 3841/3841/3841
f 4108/4108/4108 3833/3833/3833 3830/3830/3830
f 3830/3830/3830 3833/3833/3833 3776/3776/3776
f 3776/3776/3776 3833/3833/3833 3778/3778/3778
f 3776/3776/3776 3778/3778/3778 3704/3704/3704
f 3922/3922/3922 4109/4109/4109 3831/3831/3831
f 3920/3920/3920 3829/3829/3829 3781/3781/3781
f 3781/3781/3781 3829/3829/3829 3707/3707/3707
f 3707/3707/3707 3829/3829/3829 3775/3775/3775
f 3782/3782/3782 3709/3709/3709 3835/3835/3835
f 3834/3834/3834 3708/3708/3708 3779/3779/3779
f 3779/3779/3779 3708/3708/3708 3706/3706/3706
f 3705/3705/3705 3710/3710/3710 3777/3777/3777
f 3713/3713/3713 3797/3797/3797 3994/3994/3994
f 3713/3713/3713 3994/3994/3994 3997/3997/3997
f 3995/3995/3995 3798/3798/3798 3929/3929/3929
f 3930/3930/3930 3801/3801/3801 3996/3996/3996
f 3996/3996/3996 3801/3801/3801 3849/3849/3849
f 3996/3996/3996 3849/3849/3849 3999/3999/3999
f 3999/3999/3999 3849/3849/3849 3851/3851/3851
f 3715/3715/3715 3998/3998/3998 3856/3856/3856
f 4000/4000/4000 3852/3852/3852 3860/3860/3860
f 3853/3853/3853 3805/3805/3805 3861/3861/3861
f 5929/5929/5929 6198/6198/6198 6201/6201/6201
f 3750/3750/3750 3902/3902/3902 4029/4029/4029
f 3750/3750/3750 4029/4029/4029 3898/3898/3898
f 3903/3903/3903 3753/3753/3753 3963/3963/3963
f 3903/3903/3903 3963/3963/3963 4026/4026/4026
f 3903/3903/3903 4026/4026/4026 4024/4024/4024
f 4024/4024/4024 4026/4026/4026 4077/4077/4077
f 4024/4024/4024 4077/4077/4077 3960/3960/3960
f 4032/4032/4032 3904/3904/3904 4166/4166/4166
f 4166/4166/4166 3904/3904/3904 4025/4025/4025
f 4166/4166/4166 4025/4025/4025 4163/4163/4163
f 4163/4163/4163 4025/4025/4025 3961/3961/3961
f 4163/4163/4163 3961/3961/3961 3891/3891/3891
f 3891/3891/3891 3961/3961/3961 3747/3747/3747
f 4030/4030/4030 4164/4164/4164 4287/4287/4287
f 4165/4165/4165 4162/4162/4162 4289/4289/4289
f 4289/4289/4289 4162/4162/4162 4222/4222/4222
f 4222/4222/4222 4162/4162/4162 4012/4012/4012
f 4012/4012/4012 4162/4162/4162 3890/3890/3890
f 4222/4222/4222 4012/4012/4012 4019/4019/4019
f 4079/4079/4079 4027/4027/4027 4226/4226/4226
f 4031/4031/4031 4288/4288/4288 4225/4225/4225
f 4031/4031/4031 4225/4225/4225 3901/3901/3901
f 3901/3901/3901 4225/4225/4225 4082/4082/4082
f 4227/4227/4227 4291/4291/4291 4080/4080/4080
f 4228/4228/4228 4028/4028/4028 4084/4084/4084
f 4084/4084/4084 4028/4028/4028 3965/3965/3965
f 3899/3899/3899 4081/4081/4081 3896/3896/3896
f 3899/3899/3899 3896/3896/3896 3688/3688/3688
f 3688/3688/3688 3896/3896/3896 3954/3954/3954
f 3688/3688/3688 3954/3954/3954 3742/3742/3742
f 3897/3897/3897 4083/4083/4083 3964/3964/3964
f 3897/3897/3897 3964/3964/3964 3814/3814/3814
f 3897/3897/3897 3814/3814/3814 3893/3893/3893
f 3897/3897/3897 3893/3893/3893 3956/3956/3956
f 4078/4078/4078 4290/4290/4290 4073/4073/4073
f 4073/4073/4073 4290/4290/4290 4223/4223/4223
f 4076/4076/4076 4072/4072/4072 3959/3959/3959
f 3958/3958/3958 4071/4071/4071 3745/3745/3745
f 3748/3748/3748 4075/4075/4075 4021/4021/4021
f 4020/4020/4020 4074/4074/4074 4224/4224/4224
f 3888/3888/3888 3746/3746/3746 3743/3743/3743
f 3743/3743/3743 3746/3746/3746 3686/3686/3686
f 3743/3743/3743 3686/3686/3686 3690/3690/3690
f 3690/3690/3690 3686/3686/3686 3692/3692/3692
f 3690/3690/3690 3692/3692/3692 3754/3754/3754
f 4011/4011/4011 3889/3889/3889 3955/3955/3955
f 3955/3955/3955 3889/3889/3889 3744/3744/3744
f 4014/4014/4014 3957/3957/3957 3894/3894/3894
f 4013/4013/4013 3895/3895/3895 4022/4022/4022
f 3687/3687/3687 3749/3749/3749 4023/4023/4023
f 3685/3685/3685 4018/4018/4018 3892/3892/3892
f 3685/3685/3685 3892/3892/3892 3691/3691/3691
f 3691/3691/3691 3892/3892/3892 3813/3813/3813
f 3691/3691/3691 3813/3813/3813 3962/3962/3962
f 3691/3691/3691 3962/3962/3962 3752/3752/3752
f 3900/3900/3900 3689/3689/3689 3751/3751/3751
f 4393/4393/4393 4068/4068/4068 4015/4015/4015
f 4068/4068/4068 4393/4393/4393 4446/4446/4446
f 4068/4068/4068 4446/4446/4446 4443/4443/4443
f 4443/4443/4443 4446/4446/4446 4795/4795/4795
f 4395/4395/4395 4017/4017/4017 4575/4575/4575
f 4575/4575/4575 4017/4017/4017 4221/4221/4221
f 4394/4394/4394 4574/4574/4574 4447/4447/4447
f 4447/4447/4447 4574/4574/4574 4905/4905/4905
f 4447/4447/4447 4905/4905/4905 5098/5098/5098
f 4447/4447/4447 5098/5098/5098 4797/4797/4797
f 4797/4797/4797 5098/5098/5098 5014/5014/5014
f 4219/4219/4219 4016/4016/4016 4069/4069/4069
f 4219/4219/4219 4069/4069/4069 4518/4518/4518
f 4573/4573/4573 4220/4220/4220 4904/4904/4904
f 4904/4904/4904 4220/4220/4220 4519/4519/4519
f 5097/5097/5097 4903/4903/4903 4517/4517/4517
f 5097/5097/5097 4517/4517/4517 4735/4735/4735
f 4520/4520/4520 4070/4070/4070 4736/4736/4736
f 4736/4736/4736 4070/4070/4070 4445/4445/4445
f 4736/4736/4736 4445/4445/4445 4621/4621/4621
f 5099/5099/5099 4737/4737/4737 4622/4622/4622
f 5100/5100/5100 4623/4623/4623 5015/5015/5015
f 4444/4444/4444 4796/4796/4796 4620/4620/4620
f 4620/4620/4620 4796/4796/4796 5013/5013/5013
f 3079/3079/3079 3810/3810/3810 3887/3887/3887
f 3810/3810/3810 3079/3079/3079 3025/3025/3025
f 3810/3810/3810 3025/3025/3025 3884/3884/3884
f 3884/3884/3884 3025/3025/3025 3117/3117/3117
f 3078/3078/3078 3886/3886/3886 3125/3125/3125
f 3125/3125/3125 3886/3886/3886 3812/3812/3812
f 3812/3812/3812 3886/3886/3886 4741/4741/4741
f 3812/3812/3812 4741/4741/4741 5149/5149/5149
f 5149/5149/5149 4741/4741/4741 5658/5658/5658
f 5149/5149/5149 5658/5658/5658 6163/6163/6163
f 5149/5149/5149 6163/6163/6163 5843/5843/5843
f 5843/5843/5843 6163/6163/6163 6180/6180/6180
f 3077/3077/3077 3124/3124/3124 3023/3023/3023
f 3885/3885/3885 3809/3809/3809 4738/4738/4738
f 3885/3885/3885 4738/4738/4738 4740/4740/4740
f 4738/4738/4738 3809/3809/3809 3882/3882/3882
f 4738/4738/4738 3882/3882/3882 4708/4708/4708
f 4738/4738/4738 4708/4708/4708 5538/5538/5538
f 3022/3022/3022 3123/3123/3123 3020/3020/3020
f 3116/3116/3116 3024/3024/3024 3021/3021/3021
f 3116/3116/3116 3021/3021/3021 3252/3252/3252
f 3883/3883/3883 3115/3115/3115 3251/3251/3251
f 3883/3883/3883 3251/3251/3251 4392/4392/4392
f 3883/3883/3883 4392/4392/4392 4709/4709/4709
f 4709/4709/4709 4392/4392/4392 5147/5147/5147
f 4709/4709/4709 5147/5147/5147 5539/5539/5539
f 3122/3122/3122 3811/3811/3811 3019/3019/3019
f 3019/3019/3019 3811/3811/3811 3740/3740/3740
f 3019/3019/3019 3740/3740/3740 3249/3249/3249
f 3740/3740/3740 3811/3811/3811 5148/5148/5148
f 3740/3740/3740 5148/5148/5148 5101/5101/5101
f 3740/3740/3740 5101/5101/5101 4900/4900/4900
f 5101/5101/5101 5148/5148/5148 5841/5841/5841
f 4900/4900/4900 5101/5101/5101 5066/5066/5066
f 5101/5101/5101 5841/5841/5841 5873/5873/5873
f 5066/5066/5066 5101/5101/5101 5442/5442/5442
f 5442/5442/5442 5101/5101/5101 5873/5873/5873
f 5066/5066/5066 5442/5442/5442 5064/5064/5064
f 5442/5442/5442 5873/5873/5873 5796/5796/5796
f 5064/5064/5064 5442/5442/5442 5144/5144/5144
f 5442/5442/5442 5796/5796/5796 5839/5839/5839
f 5442/5442/5442 5839/5839/5839 5144/5144/5144
f 5144/5144/5144 5839/5839/5839 4958/4958/4958
f 4958/4958/4958 5839/5839/5839 5526/5526/5526
f 4742/4742/4742 4739/4739/4739 5715/5715/5715
f 5715/5715/5715 4739/4739/4739 5540/5540/5540
f 4742/4742/4742 5715/5715/5715 5659/5659/5659
f 3250/3250/3250 3741/3741/3741 4010/4010/4010
f 4010/4010/4010 3741/3741/3741 4902/4902/4902
f 3250/3250/3250 4010/4010/4010 4391/4391/4391
f 5146/5146/5146 4390/4390/4390 4009/4009/4009
f 5146/5146/5146 4009/4009/4009 4901/4901/4901
f 5146/5146/5146 4901/4901/4901 5233/5233/5233
f 5233/5233/5233 4901/4901/4901 5067/5067/5067
f 5537/5537/5537 5145/5145/5145 5709/5709/5709
f 5709/5709/5709 5145/5145/5145 5232/5232/5232
f 5709/5709/5709 5232/5232/5232 5190/5190/5190
f 5537/5537/5537 5709/5709/5709 6127/6127/6127
f 5537/5537/5537 6127/6127/6127 5712/5712/5712
f 6127/6127/6127 5709/5709/5709 6062/6062/6062
f 5234/5234/5234 5068/5068/5068 5193/5193/5193
f 5189/5189/5189 5065/5065/5065 5063/5063/5063
f 5189/5189/5189 5063/5063/5063 5143/5143/5143
f 5189/5189/5189 5143/5143/5143 4956/4956/4956
f 5652/5652/5652 5711/5711/5711 5191/5191/5191
f 5652/5652/5652 5191/5191/5191 5599/5599/5599
f 5599/5599/5599 5191/5191/5191 4613/4613/4613
f 5710/5710/5710 5651/5651/5651 6104/6104/6104
f 6104/6104/6104 5651/5651/5651 5598/5598/5598
f 6104/6104/6104 5598/5598/5598 5993/5993/5993
f 5993/5993/5993 5598/5598/5598 4612/4612/4612
f 4615/4615/4615 5192/5192/5192 4960/4960/4960
f 5874/5874/5874 5842/5842/5842 6179/6179/6179
f 5874/5874/5874 6179/6179/6179 6205/6205/6205
f 5874/5874/5874 6205/6205/6205 5797/5797/5797
f 5797/5797/5797 6205/6205/6205 6160/6160/6160
f 5797/5797/5797 6160/6160/6160 6126/6126/6126
f 5797/5797/5797 6126/6126/6126 5840/5840/5840
f 5840/5840/5840 6126/6126/6126 6101/6101/6101
f 5840/5840/5840 6101/6101/6101 5528/5528/5528
f 5528/5528/5528 6101/6101/6101 6060/6060/6060
f 6204/6204/6204 6178/6178/6178 6161/6161/6161
f 6204/6204/6204 6161/6161/6161 6176/6176/6176
f 6204/6204/6204 6176/6176/6176 6159/6159/6159
f 6159/6159/6159 6176/6176/6176 6128/6128/6128
f 6128/6128/6128 6176/6176/6176 5713/5713/5713
f 6159/6159/6159 6128/6128/6128 6063/6063/6063
f 6159/6159/6159 6063/6063/6063 6125/6125/6125
f 6125/6125/6125 6063/6063/6063 6103/6103/6103
f 6125/6125/6125 6103/6103/6103 6100/6100/6100
f 6100/6100/6100 6103/6103/6103 6056/6056/6056
f 6056/6056/6056 6103/6103/6103 5990/5990/5990
f 6162/6162/6162 5657/5657/5657 6177/6177/6177
f 6177/6177/6177 5657/5657/5657 5714/5714/5714
f 6061/6061/6061 5708/5708/5708 6102/6102/6102
f 4959/4959/4959 5529/5529/5529 5057/5057/5057
f 4959/4959/4959 5057/5057/5057 4066/4066/4066
f 5525/5525/5525 6058/6058/6058 5835/5835/5835
f 5527/5527/5527 5837/5837/5837 5056/5056/5056
f 6057/6057/6057 5991/5991/5991 6298/6298/6298
f 6298/6298/6298 5991/5991/5991 6236/6236/6236
f 6059/6059/6059 6299/6299/6299 5836/5836/5836
f 4957/4957/4957 4064/4064/4064 3947/3947/3947
f 4957/4957/4957 3947/3947/3947 4610/4610/4610
f 4065/4065/4065 5055/5055/5055 4214/4214/4214
f 4214/4214/4214 5055/5055/5055 3944/3944/3944
f 3944/3944/3944 5055/5055/5055 4786/4786/4786
f 4786/4786/4786 5055/5055/5055 5834/5834/5834
f 4786/4786/4786 5834/5834/5834 5592/5592/5592
f 4067/4067/4067 4215/4215/4215 3948/3948/3948
f 3948/3948/3948 4215/4215/4215 4149/4149/4149
f 4149/4149/4149 4215/4215/4215 3941/3941/3941
f 3949/3949/3949 4150/4150/4150 4617/4617/4617
f 3942/3942/3942 4216/4216/4216 3946/3946/3946
f 4614/4614/4614 4147/4147/4147 4282/4282/4282
f 4283/4283/4283 4148/4148/4148 4789/4789/4789
f 4283/4283/4283 4789/4789/4789 4895/4895/4895
f 4789/4789/4789 4148/4148/4148 3939/3939/3939
f 4789/4789/4789 3939/3939/3939 5186/5186/5186
f 4616/4616/4616 4284/4284/4284 4896/4896/4896
f 4611/4611/4611 4894/4894/4894 5596/5596/5596
f 4611/4611/4611 5596/5596/5596 5992/5992/5992
f 5992/5992/5992 5596/5596/5596 6237/6237/6237
f 5597/5597/5597 4897/4897/4897 4790/4790/4790
f 5597/5597/5597 4790/4790/4790 5416/5416/5416
f 5416/5416/5416 4790/4790/4790 5187/5187/5187
f 5597/5597/5597 5416/5416/5416 6239/6239/6239
f 5416/5416/5416 5187/5187/5187 6022/6022/6022
f 5416/5416/5416 6022/6022/6022 6239/6239/6239
f 6300/6300/6300 6238/6238/6238 6020/6020/6020
f 6300/6300/6300 6020/6020/6020 6154/6154/6154
f 5188/5188/5188 3940/3940/3940 4209/4209/4209
f 5188/5188/5188 4209/4209/4209 5185/5185/5185
f 5188/5188/5188 5185/5185/5185 6021/6021/6021
f 6021/6021/6021 5185/5185/5185 5867/5867/5867
f 4207/4207/4207 3938/3938/3938 3945/3945/3945
f 4207/4207/4207 3945/3945/3945 4212/4212/4212
f 4211/4211/4211 3943/3943/3943 4785/4785/4785
f 4206/4206/4206 4210/4210/4210 3733/3733/3733
f 4784/4784/4784 4788/4788/4788 5594/5594/5594
f 4784/4784/4784 5594/5594/5594 5522/5522/5522
f 5593/5593/5593 5838/5838/5838 6301/6301/6301
f 5593/5593/5593 6301/6301/6301 6155/6155/6155
f 3873/3873/3873 5183/5183/5183 4205/4205/4205
f 5183/5183/5183 3873/3873/3873 5091/5091/5091
f 5091/5091/5091 3873/3873/3873 3237/3237/3237
f 3874/3874/3874 4208/4208/4208 3735/3735/3735
f 5524/5524/5524 5595/5595/5595 6158/6158/6158
f 6157/6157/6157 6023/6023/6023 5868/5868/5868
f 6157/6157/6157 5868/5868/5868 5989/5989/5989
f 5523/5523/5523 6156/6156/6156 5988/5988/5988
f 5640/5640/5640 5520/5520/5520 5986/5986/5986
f 5987/5987/5987 5866/5866/5866 5864/5864/5864
f 5987/5987/5987 5864/5864/5864 5642/5642/5642
f 5862/5862/5862 5381/5381/5381 5639/5639/5639
f 5639/5639/5639 5381/5381/5381 5046/5046/5046
f 3002/3002/3002 3160/3160/3160 2686/2686/2686
f 3162/3162/3162 3240/3240/3240 2897/2897/2897
f 3163/3163/3163 2898/2898/2898 2689/2689/2689
f 2895/2895/2895 3238/3238/3238 3005/3005/3005
f 3007/3007/3007 3241/3241/3241 3875/3875/3875
f 3007/3007/3007 3875/3875/3875 3736/3736/3736
f 5045/5045/5045 3932/3932/3932 4001/4001/4001
f 7367/7367/7367 7632/7632/7632 7567/7567/7567
f 7367/7367/7367 7567/7567/7567 7298/7298/7298
f 7567/7567/7567 7632/7632/7632 7618/7618/7618
f 7618/7618/7618 7632/7632/7632 7666/7666/7666
f 7618/7618/7618 7666/7666/7666 7549/7549/7549
f 7549/7549/7549 7666/7666/7666 7630/7630/7630
f 7549/7549/7549 7630/7630/7630 7615/7615/7615
f 7549/7549/7549 7615/7615/7615 7526/7526/7526
f 7663/7663/7663 7565/7565/7565 7675/7675/7675
f 7675/7675/7675 7565/7565/7565 7617/7617/7617
f 7675/7675/7675 7617/7617/7617 7548/7548/7548
f 7667/7667/7667 7634/7634/7634 7679/7679/7679
f 7667/7667/7667 7679/7679/7679 7705/7705/7705
f 7667/7667/7667 7705/7705/7705 7631/7631/7631
f 7631/7631/7631 7705/7705/7705 7673/7673/7673
f 7631/7631/7631 7673/7673/7673 7662/7662/7662
f 7631/7631/7631 7662/7662/7662 7616/7616/7616
f 7616/7616/7616 7662/7662/7662 7650/7650/7650
f 7616/7616/7616 7650/7650/7650 7597/7597/7597
f 7651/7651/7651 7674/7674/7674 7546/7546/7546
f 7651/7651/7651 7546/7546/7546 7626/7626/7626
f 7627/7627/7627 7547/7547/7547 7524/7524/7524
f 7629/7629/7629 7527/7527/7527 7620/7620/7620
f 7620/7620/7620 7527/7527/7527 7505/7505/7505
f 7620/7620/7620 7505/7505/7505 7440/7440/7440
f 7620/7620/7620 7440/7440/7440 7540/7540/7540
f 7540/7540/7540 7440/7440/7440 7237/7237/7237
f 7540/7540/7540 7237/7237/7237 7318/7318/7318
f 7525/7525/7525 7614/7614/7614 7596/7596/7596
f 7525/7525/7525 7596/7596/7596 7504/7504/7504
f 7594/7594/7594 7648/7648/7648 7521/7521/7521
f 7521/7521/7521 7648/7648/7648 7587/7587/7587
f 7521/7521/7521 7587/7587/7587 7321/7321/7321
f 7321/7321/7321 7587/7587/7587 7359/7359/7359
f 7321/7321/7321 7359/7359/7359 7057/7057/7057
f 7595/7595/7595 7522/7522/7522 7503/7503/7503
f 7503/7503/7503 7522/7522/7522 7439/7439/7439
f 7439/7439/7439 7522/7522/7522 7236/7236/7236
f 7523/7523/7523 7322/7322/7322 7238/7238/7238
f 7238/7238/7238 7322/7322/7322 7059/7059/7059
f 7588/7588/7588 7537/7537/7537 7360/7360/7360
f 7538/7538/7538 7317/7317/7317 7361/7361/7361
f 7361/7361/7361 7317/7317/7317 7058/7058/7058
f 7319/7319/7319 7239/7239/7239 6920/6920/6920
f 6915/6915/6915 7235/7235/7235 7056/7056/7056
f 7223/7223/7223 7061/7061/7061 6915/6915/6915
f 6727/6727/6727 6915/6915/6915 6596/6596/6596
f 6596/6596/6596 6915/6915/6915 6668/6668/6668
f 6668/6668/6668 6915/6915/6915 7061/7061/7061
f 6668/6668/6668 7061/7061/7061 6538/6538/6538
f 6538/6538/6538 7061/7061/7061 6968/6968/6968
f 6538/6538/6538 6968/6968/6968 6502/6502/6502
f 6502/6502/6502 6968/6968/6968 6671/6671/6671
f 6538/6538/6538 6502/6502/6502 6417/6417/6417
f 6538/6538/6538 6417/6417/6417 6446/6446/6446
f 6921/6921/6921 7060/7060/7060 7320/7320/7320
f 7062/7062/7062 7225/7225/7225 7260/7260/7260
f 7062/7062/7062 7260/7260/7260 7257/7257/7257
f 7062/7062/7062 7257/7257/7257 7313/7313/7313
f 7313/7313/7313 7257/7257/7257 7336/7336/7336
f 7062/7062/7062 7313/7313/7313 7145/7145/7145
f 7062/7062/7062 7145/7145/7145 6969/6969/6969
f 6672/6672/6672 6969/6969/6969 6779/6779/6779
f 6779/6779/6779 6969/6969/6969 6850/6850/6850
f 6850/6850/6850 6969/6969/6969 7145/7145/7145
f 6850/6850/6850 7145/7145/7145 6914/6914/6914
f 7313/7313/7313 7336/7336/7336 7452/7452/7452
f 7452/7452/7452 7336/7336/7336 7476/7476/7476
f 7452/7452/7452 7476/7476/7476 7557/7557/7557
f 7452/7452/7452 7557/7557/7557 7608/7608/7608
f 7452/7452/7452 7608/7608/7608 7604/7604/7604
f 7452/7452/7452 7604/7604/7604 7553/7553/7553
f 7452/7452/7452 7553/7553/7553 7313/7313/7313
f 7313/7313/7313 7553/7553/7553 7492/7492/7492
f 7313/7313/7313 7492/7492/7492 7395/7395/7395
f 7313/7313/7313 7395/7395/7395 7189/7189/7189
f 7313/7313/7313 7189/7189/7189 7145/7145/7145
f 7145/7145/7145 7189/7189/7189 7173/7173/7173
f 7145/7145/7145 7173/7173/7173 7113/7113/7113
f 7145/7145/7145 7113/7113/7113 7021/7021/7021
f 7145/7145/7145 7021/7021/7021 6914/6914/6914
f 7021/7021/7021 7113/7113/7113 7082/7082/7082
f 6914/6914/6914 7021/7021/7021 6910/6910/6910
f 7021/7021/7021 7082/7082/7082 7007/7007/7007
f 6910/6910/6910 7021/7021/7021 6966/6966/6966
f 6966/6966/6966 7021/7021/7021 7007/7007/7007
f 7259/7259/7259 7224/7224/7224 6917/6917/6917
f 7259/7259/7259 6917/6917/6917 6988/6988/6988
f 7261/7261/7261 6989/6989/6989 6987/6987/6987
f 7261/7261/7261 6987/6987/6987 7258/7258/7258
f 6987/6987/6987 6989/6989/6989 6941/6941/6941
f 6941/6941/6941 6989/6989/6989 6944/6944/6944
f 6944/6944/6944 6989/6989/6989 6918/6918/6918
f 7256/7256/7256 6986/6986/6986 7038/7038/7038
f 7038/7038/7038 6986/6986/6986 6939/6939/6939
f 7256/7256/7256 7038/7038/7038 7335/7335/7335
f 6940/6940/6940 6943/6943/6943 6984/6984/6984
f 6984/6984/6984 6943/6943/6943 7041/7041/7041
f 6984/6984/6984 7041/7041/7041 7011/7011/7011
f 7041/7041/7041 6943/6943/6943 7013/7013/7013
f 7013/7013/7013 6943/6943/6943 6916/6916/6916
f 7011/7011/7011 7041/7041/7041 7055/7055/7055
f 7011/7011/7011 7055/7055/7055 7036/7036/7036
f 7040/7040/7040 7012/7012/7012 6858/6858/6858
f 6858/6858/6858 7012/7012/7012 6821/6821/6821
f 7040/7040/7040 6858/6858/6858 7054/7054/7054
f 7054/7054/7054 6858/6858/6858 6891/6891/6891
f 6823/6823/6823 7014/7014/7014 6919/6919/6919
f 6823/6823/6823 6919/6919/6919 6729/6729/6729
f 6822/6822/6822 6728/6728/6728 6746/6746/6746
f 6746/6746/6746 6728/6728/6728 6597/6597/6597
f 6822/6822/6822 6746/6746/6746 6859/6859/6859
f 6746/6746/6746 6597/6597/6597 6777/6777/6777
f 6777/6777/6777 6597/6597/6597 6843/6843/6843
f 6746/6746/6746 6777/6777/6777 6802/6802/6802
f 6746/6746/6746 6802/6802/6802 6859/6859/6859
f 6859/6859/6859 6802/6802/6802 6848/6848/6848
f 6859/6859/6859 6848/6848/6848 6892/6892/6892
f 6892/6892/6892 6848/6848/6848 6883/6883/6883
f 6938/6938/6938 6983/6983/6983 6776/6776/6776
f 6801/6801/6801 6778/6778/6778 6985/6985/6985
f 6799/6799/6799 6982/6982/6982 7009/7009/7009
f 6775/6775/6775 6842/6842/6842 6937/6937/6937
f 6844/6844/6844 6598/6598/6598 6670/6670/6670
f 6844/6844/6844 6670/6670/6670 6936/6936/6936
f 6844/6844/6844 6936/6936/6936 7029/7029/7029
f 6844/6844/6844 7029/7029/7029 6948/6948/6948
f 6942/6942/6942 6846/6846/6846 7039/7039/7039
f 7039/7039/7039 6846/6846/6846 7023/7023/7023
f 7039/7039/7039 7023/7023/7023 7150/7150/7150
f 7150/7150/7150 7023/7023/7023 7210/7210/7210
f 7210/7210/7210 7023/7023/7023 7230/7230/7230
f 7230/7230/7230 7023/7023/7023 7101/7101/7101
f 6847/6847/6847 6800/6800/6800 7010/7010/7010
f 6847/6847/6847 7010/7010/7010 6882/6882/6882
f 6882/6882/6882 7010/7010/7010 7035/7035/7035
f 6881/6881/6881 7034/7034/7034 6890/6890/6890
f 6890/6890/6890 7034/7034/7034 7053/7053/7053
f 7022/7022/7022 6845/6845/6845 6949/6949/6949
f 7022/7022/7022 6949/6949/6949 7020/7020/7020
f 7022/7022/7022 7020/7020/7020 7100/7100/7100
f 7100/7100/7100 7020/7020/7020 7098/7098/7098
f 7018/7018/7018 6947/6947/6947 7027/7027/7027
f 7018/7018/7018 7027/7027/7027 7125/7125/7125
f 6935/6935/6935 6669/6669/6669 6688/6688/6688
f 6688/6688/6688 6669/6669/6669 6539/6539/6539
f 6935/6935/6935 6688/6688/6688 6836/6836/6836
f 6935/6935/6935 6836/6836/6836 7028/7028/7028
f 7028/7028/7028 6836/6836/6836 6819/6819/6819
f 7028/7028/7028 6819/6819/6819 7126/7126/7126
f 7126/7126/7126 6819/6819/6819 7160/7160/7160
f 7160/7160/7160 6819/6819/6819 6875/6875/6875
f 7126/7126/7126 7160/7160/7160 7207/7207/7207
f 7126/7126/7126 7207/7207/7207 7183/7183/7183
f 6875/6875/6875 6819/6819/6819 6815/6815/6815
f 6815/6815/6815 6819/6819/6819 6773/6773/6773
f 7183/7183/7183 7207/7207/7207 7250/7250/7250
f 6815/6815/6815 6773/6773/6773 6744/6744/6744
f 7250/7250/7250 7207/7207/7207 7275/7275/7275
f 7275/7275/7275 7207/7207/7207 7246/7246/7246
f 7275/7275/7275 7246/7246/7246 7288/7288/7288
f 7288/7288/7288 7246/7246/7246 7326/7326/7326
f 7250/7250/7250 7275/7275/7275 7294/7294/7294
f 7250/7250/7250 7294/7294/7294 7277/7277/7277
f 7277/7277/7277 7294/7294/7294 7304/7304/7304
f 7304/7304/7304 7294/7294/7294 7380/7380/7380
f 7304/7304/7304 7380/7380/7380 7351/7351/7351
f 7380/7380/7380 7294/7294/7294 7347/7347/7347
f 6767/6767/6767 6815/6815/6815 6744/6744/6744
f 6815/6815/6815 6767/6767/6767 6797/6797/6797
f 6767/6767/6767 6744/6744/6744 6717/6717/6717
f 6717/6717/6717 6744/6744/6744 6703/6703/6703
f 6797/6797/6797 6767/6767/6767 6763/6763/6763
f 6797/6797/6797 6763/6763/6763 6759/6759/6759
f 6759/6759/6759 6763/6763/6763 6712/6712/6712
f 6712/6712/6712 6763/6763/6763 6740/6740/6740
f 6838/6838/6838 6689/6689/6689 6593/6593/6593
f 6838/6838/6838 6593/6593/6593 6687/6687/6687
f 6593/6593/6593 6689/6689/6689 6540/6540/6540
f 6593/6593/6593 6540/6540/6540 6447/6447/6447
f 6448/6448/6448 6419/6419/6419 6440/6440/6440
f 6440/6440/6440 6419/6419/6419 6411/6411/6411
f 6448/6448/6448 6440/6440/6440 6497/6497/6497
f 6448/6448/6448 6497/6497/6497 6594/6594/6594
f 6440/6440/6440 6411/6411/6411 6438/6438/6438
f 6440/6440/6440 6438/6438/6438 6481/6481/6481
f 6481/6481/6481 6438/6438/6438 6477/6477/6477
f 6477/6477/6477 6438/6438/6438 6444/6444/6444
f 6477/6477/6477 6444/6444/6444 6463/6463/6463
f 6418/6418/6418 6505/6505/6505 6410/6410/6410
f 6410/6410/6410 6505/6505/6505 6501/6501/6501
f 6496/6496/6496 6439/6439/6439 6480/6480/6480
f 6494/6494/6494 6478/6478/6478 6581/6581/6581
f 6581/6581/6581 6478/6478/6478 6578/6578/6578
f 6437/6437/6437 6409/6409/6409 6500/6500/6500
f 6437/6437/6437 6500/6500/6500 6534/6534/6534
f 6437/6437/6437 6534/6534/6534 6552/6552/6552
f 6437/6437/6437 6552/6552/6552 6443/6443/6443
f 6592/6592/6592 6495/6495/6495 6570/6570/6570
f 6572/6572/6572 6498/6498/6498 6582/6582/6582
f 6591/6591/6591 6568/6568/6568 6612/6612/6612
f 6591/6591/6591 6612/6612/6612 6595/6595/6595
f 6591/6591/6591 6595/6595/6595 6685/6685/6685
f 6595/6595/6595 6612/6612/6612 6606/6606/6606
f 6595/6595/6595 6606/6606/6606 6623/6623/6623
f 6595/6595/6595 6623/6623/6623 6666/6666/6666
f 6685/6685/6685 6595/6595/6595 6722/6722/6722
f 6595/6595/6595 6666/6666/6666 6636/6636/6636
f 6595/6595/6595 6636/6636/6636 6722/6722/6722
f 6722/6722/6722 6636/6636/6636 6684/6684/6684
f 6579/6579/6579 6479/6479/6479 6476/6476/6476
f 6576/6576/6576 6475/6475/6475 6462/6462/6462
f 6576/6576/6576 6462/6462/6462 6564/6564/6564
f 6566/6566/6566 6464/6464/6464 6445/6445/6445
f 6566/6566/6566 6445/6445/6445 6553/6553/6553
f 6565/6565/6565 6551/6551/6551 6577/6577/6577
f 6577/6577/6577 6551/6551/6551 6533/6533/6533
f 6577/6577/6577 6533/6533/6533 6580/6580/6580
f 6580/6580/6580 6533/6533/6533 6535/6535/6535
f 6580/6580/6580 6535/6535/6535 6567/6567/6567
f 6535/6535/6535 6533/6533/6533 6499/6499/6499
f 6535/6535/6535 6499/6499/6499 6503/6503/6503
f 6571/6571/6571 6537/6537/6537 6556/6556/6556
f 6571/6571/6571 6556/6556/6556 6586/6586/6586
f 6586/6586/6586 6556/6556/6556 6781/6781/6781
f 6586/6586/6586 6781/6781/6781 6851/6851/6851
f 6554/6554/6554 6536/6536/6536 6504/6504/6504
f 6569/6569/6569 6585/6585/6585 6613/6613/6613
f 6613/6613/6613 6585/6585/6585 6849/6849/6849
f 6613/6613/6613 6849/6849/6849 6913/6913/6913
f 6555/6555/6555 6506/6506/6506 6780/6780/6780
f 6780/6780/6780 6506/6506/6506 6673/6673/6673
f 6611/6611/6611 6912/6912/6912 6605/6605/6605
f 6605/6605/6605 6912/6912/6912 6909/6909/6909
f 6607/6607/6607 6911/6911/6911 6967/6967/6967
f 6607/6607/6607 6967/6967/6967 6624/6624/6624
f 6624/6624/6624 6967/6967/6967 7008/7008/7008
f 6624/6624/6624 7008/7008/7008 6667/6667/6667
f 6686/6686/6686 6723/6723/6723 6837/6837/6837
f 6837/6837/6837 6723/6723/6723 6820/6820/6820
f 7006/7006/7006 7080/7080/7080 6665/6665/6665
f 6665/6665/6665 7080/7080/7080 6902/6902/6902
f 6665/6665/6665 6902/6902/6902 6771/6771/6771
f 6665/6665/6665 6771/6771/6771 6635/6635/6635
f 6635/6635/6635 6771/6771/6771 6682/6682/6682
f 6904/6904/6904 7081/7081/7081 7111/7111/7111
f 6683/6683/6683 6772/6772/6772 6721/6721/6721
f 6721/6721/6721 6772/6772/6772 6818/6818/6818
f 7110/7110/7110 7171/7171/7171 7128/7128/7128
f 7112/7112/7112 7130/7130/7130 6906/6906/6906
f 7129/7129/7129 7172/7172/7172 7078/7078/7078
f 7129/7129/7129 7078/7078/7078 6905/6905/6905
f 7078/7078/7078 7172/7172/7172 7187/7187/7187
f 7078/7078/7078 7187/7187/7187 6839/6839/6839
f 7334/7334/7334 7037/7037/7037 7148/7148/7148
f 7334/7334/7334 7148/7148/7148 7474/7474/7474
f 7475/7475/7475 7149/7149/7149 7556/7556/7556
f 7556/7556/7556 7149/7149/7149 7209/7209/7209
f 7556/7556/7556 7209/7209/7209 7607/7607/7607
f 7607/7607/7607 7209/7209/7209 7229/7229/7229
f 7606/7606/7606 7609/7609/7609 7231/7231/7231
f 7606/7606/7606 7231/7231/7231 7311/7311/7311
f 7311/7311/7311 7231/7231/7231 7185/7185/7185
f 7185/7185/7185 7231/7231/7231 7102/7102/7102
f 7185/7185/7185 7102/7102/7102 7099/7099/7099
f 7605/7605/7605 7310/7310/7310 7555/7555/7555
f 7184/7184/7184 7097/7097/7097 7019/7019/7019
f 7184/7184/7184 7019/7019/7019 7127/7127/7127
f 7493/7493/7493 7554/7554/7554 7490/7490/7490
f 7488/7488/7488 7552/7552/7552 7306/7306/7306
f 7491/7491/7491 7489/7489/7489 7353/7353/7353
f 7353/7353/7353 7489/7489/7489 7308/7308/7308
f 7491/7491/7491 7353/7353/7353 7394/7394/7394
f 7394/7394/7394 7353/7353/7353 7025/7025/7025
f 7188/7188/7188 7393/7393/7393 6840/6840/6840
f 6840/6840/6840 7393/7393/7393 7024/7024/7024
f 7026/7026/7026 7354/7354/7354 7079/7079/7079
f 7026/7026/7026 7079/7079/7079 6841/6841/6841
f 7352/7352/7352 7307/7307/7307 7227/7227/7227
f 7352/7352/7352 7227/7227/7227 7077/7077/7077
f 7077/7077/7077 7227/7227/7227 6964/6964/6964
f 7077/7077/7077 6964/6964/6964 6903/6903/6903
f 7228/7228/7228 7309/7309/7309 7330/7330/7330
f 7330/7330/7330 7309/7309/7309 7408/7408/7408
f 7228/7228/7228 7330/7330/7330 7247/7247/7247
f 7228/7228/7228 7247/7247/7247 6965/6965/6965
f 6965/6965/6965 7247/7247/7247 6994/6994/6994
f 6965/6965/6965 6994/6994/6994 6961/6961/6961
f 6965/6965/6965 6961/6961/6961 6908/6908/6908
f 6908/6908/6908 6961/6961/6961 6880/6880/6880
f 7330/7330/7330 7408/7408/7408 7406/7406/7406
f 7330/7330/7330 7406/7406/7406 7392/7392/7392
f 6880/6880/6880 6961/6961/6961 6889/6889/6889
f 6889/6889/6889 6961/6961/6961 6933/6933/6933
f 6880/6880/6880 6889/6889/6889 6856/6856/6856
f 6880/6880/6880 6856/6856/6856 6835/6835/6835
f 6889/6889/6889 6933/6933/6933 6886/6886/6886
f 6886/6886/6886 6933/6933/6933 6852/6852/6852
f 6886/6886/6886 6852/6852/6852 6824/6824/6824
f 6886/6886/6886 6824/6824/6824 6827/6827/6827
f 6886/6886/6886 6827/6827/6827 6873/6873/6873
f 6835/6835/6835 6856/6856/6856 6789/6789/6789
f 6789/6789/6789 6856/6856/6856 6785/6785/6785
f 6789/6789/6789 6785/6785/6785 6770/6770/6770
f 6785/6785/6785 6856/6856/6856 6830/6830/6830
f 7425/7425/7425 7392/7392/7392 7406/7406/7406
f 7392/7392/7392 7425/7425/7425 7445/7445/7445
f 7445/7445/7445 7425/7425/7425 7480/7480/7480
f 7480/7480/7480 7425/7425/7425 7467/7467/7467
f 7467/7467/7467 7425/7425/7425 7427/7427/7427
f 7446/7446/7446 7406/7406/7406 7408/7408/7408
f 7446/7446/7446 7408/7408/7408 7412/7412/7412
f 7446/7446/7446 7412/7412/7412 7451/7451/7451
f 7446/7446/7446 7451/7451/7451 7510/7510/7510
f 7446/7446/7446 7510/7510/7510 7483/7483/7483
f 7510/7510/7510 7451/7451/7451 7487/7487/7487
f 6879/6879/6879 6774/6774/6774 6907/6907/6907
f 6774/6774/6774 6879/6879/6879 6745/6745/6745
f 6995/6995/6995 7248/7248/7248 7161/7161/7161
f 6995/6995/6995 7161/7161/7161 6876/6876/6876
f 6963/6963/6963 6996/6996/6996 6877/6877/6877
f 6963/6963/6963 6877/6877/6877 6817/6817/6817
f 7208/7208/7208 7162/7162/7162 7249/7249/7249
f 7208/7208/7208 7249/7249/7249 7331/7331/7331
f 6743/6743/6743 6878/6878/6878 6702/6702/6702
f 6702/6702/6702 6878/6878/6878 6833/6833/6833
f 6704/6704/6704 6834/6834/6834 6650/6650/6650
f 6650/6650/6650 6834/6834/6834 6788/6788/6788
f 6705/6705/6705 6651/6651/6651 6718/6718/6718
f 6649/6649/6649 6787/6787/6787 6633/6633/6633
f 6633/6633/6633 6787/6787/6787 6769/6769/6769
f 6652/6652/6652 6634/6634/6634 6647/6647/6647
f 6652/6652/6652 6647/6647/6647 6719/6719/6719
f 6719/6719/6719 6647/6647/6647 6699/6699/6699
f 6646/6646/6646 6632/6632/6632 6768/6768/6768
f 6646/6646/6646 6768/6768/6768 6784/6784/6784
f 6648/6648/6648 6786/6786/6786 6700/6700/6700
f 6700/6700/6700 6786/6786/6786 6832/6832/6832
f 6701/6701/6701 6831/6831/6831 6720/6720/6720
f 6720/6720/6720 6831/6831/6831 6857/6857/6857
f 6716/6716/6716 6855/6855/6855 6887/6887/6887
f 6716/6716/6716 6887/6887/6887 6765/6765/6765
f 6934/6934/6934 6962/6962/6962 6816/6816/6816
f 6934/6934/6934 6816/6816/6816 6798/6798/6798
f 6934/6934/6934 6798/6798/6798 6854/6854/6854
f 6854/6854/6854 6798/6798/6798 6761/6761/6761
f 6766/6766/6766 6888/6888/6888 6884/6884/6884
f 6766/6766/6766 6884/6884/6884 6762/6762/6762
f 6853/6853/6853 6760/6760/6760 6714/6714/6714
f 6853/6853/6853 6714/6714/6714 6825/6825/6825
f 6872/6872/6872 6764/6764/6764 6885/6885/6885
f 6764/6764/6764 6872/6872/6872 6741/6741/6741
f 6826/6826/6826 6715/6715/6715 6829/6829/6829
f 6828/6828/6828 6713/6713/6713 6742/6742/6742
f 6828/6828/6828 6742/6742/6742 6874/6874/6874
f 4746/4746/4746 5017/5017/5017 5201/5201/5201
f 4746/4746/4746 5201/5201/5201 5020/5020/5020
f 4746/4746/4746 5020/5020/5020 4711/4711/4711
f 4711/4711/4711 5020/5020/5020 4750/4750/4750
f 5020/5020/5020 5201/5201/5201 5155/5155/5155
f 5155/5155/5155 5201/5201/5201 5246/5246/5246
f 5016/5016/5016 4745/4745/4745 5018/5018/5018
f 5018/5018/5018 4745/4745/4745 4710/4710/4710
f 5016/5016/5016 5018/5018/5018 5200/5200/5200
f 5018/5018/5018 4710/4710/4710 4749/4749/4749
f 5200/5200/5200 5018/5018/5018 5245/5245/5245
f 5018/5018/5018 4749/4749/4749 5019/5019/5019
f 5245/5245/5245 5018/5018/5018 5154/5154/5154
f 5154/5154/5154 5018/5018/5018 5019/5019/5019
f 4396/4396/4396 4292/4292/4292 4633/4633/4633
f 4396/4396/4396 4633/4633/4633 4631/4631/4631
f 4631/4631/4631 4633/4633/4633 4803/4803/4803
f 4634/4634/4634 4294/4294/4294 4399/4399/4399
f 4634/4634/4634 4399/4399/4399 4581/4581/4581
f 4634/4634/4634 4581/4581/4581 4807/4807/4807
f 4634/4634/4634 4807/4807/4807 4969/4969/4969
f 4634/4634/4634 4969/4969/4969 4805/4805/4805
f 4398/4398/4398 4293/4293/4293 4580/4580/4580
f 4580/4580/4580 4293/4293/4293 4397/4397/4397
f 4580/4580/4580 4397/4397/4397 4804/4804/4804
f 4804/4804/4804 4397/4397/4397 4632/4632/4632
f 4580/4580/4580 4804/4804/4804 4806/4806/4806
f 4806/4806/4806 4804/4804/4804 4968/4968/4968
f 6290/6290/6290 5767/5767/5767 5811/5811/5811
f 5766/5766/5766 5264/5264/5264 5318/5318/5318
f 5766/5766/5766 5318/5318/5318 5809/5809/5809
f 5320/5320/5320 5265/5265/5265 5112/5112/5112
f 5812/5812/5812 5322/5322/5322 5205/5205/5205
f 5319/5319/5319 5111/5111/5111 4915/4915/4915
f 5321/5321/5321 4916/4916/4916 5204/5204/5204
f 5204/5204/5204 4916/4916/4916 4810/4810/4810
f 4810/4810/4810 4916/4916/4916 4636/4636/4636
f 4636/4636/4636 4916/4916/4916 5113/5113/5113
f 4811/4811/4811 4642/4642/4642 5207/5207/5207
f 2935/2935/2935 2806/2806/2806 3148/3148/3148
f 3148/3148/3148 2806/2806/2806 2870/2870/2870
f 2935/2935/2935 3148/3148/3148 3145/3145/3145
f 2868/2868/2868 2805/2805/2805 3096/3096/3096
f 3096/3096/3096 2805/2805/2805 2933/2933/2933
f 2869/2869/2869 3098/3098/3098 3147/3147/3147
f 3147/3147/3147 3098/3098/3098 3364/3364/3364
f 3147/3147/3147 3364/3364/3364 3513/3513/3513
f 3147/3147/3147 3513/3513/3513 3361/3361/3361
f 3147/3147/3147 3361/3361/3361 3146/3146/3146
f 2932/2932/2932 3144/3144/3144 3358/3358/3358
f 2934/2934/2934 3360/3360/3360 3097/3097/3097
f 3095/3095/3095 3359/3359/3359 3363/3363/3363
f 3514/3514/3514 3365/3365/3365 3362/3362/3362
f 3044/3044/3044 2975/2975/2975 2809/2809/2809
f 2975/2975/2975 3044/3044/3044 3173/3173/3173
f 2808/2808/2808 2974/2974/2974 3171/3171/3171
f 3045/3045/3045 2810/2810/2810 2746/2746/2746
f 3045/3045/3045 2746/2746/2746 2812/2812/2812
f 3045/3045/3045 2812/2812/2812 3048/3048/3048
f 3045/3045/3045 3048/3048/3048 3177/3177/3177
f 3045/3045/3045 3177/3177/3177 3272/3272/3272
f 3045/3045/3045 3272/3272/3272 3174/3174/3174
f 2807/2807/2807 3170/3170/3170 3046/3046/3046
f 2807/2807/2807 3046/3046/3046 2745/2745/2745
f 2745/2745/2745 3046/3046/3046 2811/2811/2811
f 3176/3176/3176 3047/3047/3047 3172/3172/3172
f 3175/3175/3175 3273/3273/3273 3178/3178/3178
f 5731/5731/5731 5465/5465/5465 5580/5580/5580
f 5731/5731/5731 5580/5580/5580 5826/5826/5826
f 5582/5582/5582 5467/5467/5467 5399/5399/5399
f 5466/5466/5466 5732/5732/5732 5736/5736/5736
f 5736/5736/5736 5732/5732/5732 5848/5848/5848
f 5848/5848/5848 5732/5732/5732 5906/5906/5906
f 5468/5468/5468 5738/5738/5738 5400/5400/5400
f 5827/5827/5827 5581/5581/5581 5735/5735/5735
f 5735/5735/5735 5581/5581/5581 5469/5469/5469
f 5469/5469/5469 5581/5581/5581 5398/5398/5398
f 5827/5827/5827 5735/5735/5735 5847/5847/5847
f 5827/5827/5827 5847/5847/5847 5965/5965/5965
f 5965/5965/5965 5847/5847/5847 6085/6085/6085
f 5965/5965/5965 6085/6085/6085 6091/6091/6091
f 5733/5733/5733 5828/5828/5828 5908/5908/5908
f 5908/5908/5908 5828/5828/5828 5966/5966/5966
f 5472/5472/5472 5401/5401/5401 5630/5630/5630
f 5742/5742/5742 5471/5471/5471 5629/5629/5629
f 5742/5742/5742 5629/5629/5629 5853/5853/5853
f 5742/5742/5742 5853/5853/5853 5919/5919/5919
f 5859/5859/5859 5686/5686/5686 5745/5745/5745
f 5741/5741/5741 5474/5474/5474 5787/5787/5787
f 5744/5744/5744 5922/5922/5922 5860/5860/5860
f 5921/5921/5921 5856/5856/5856 5975/5975/5975
f 5975/5975/5975 5856/5856/5856 5924/5924/5924
f 5975/5975/5975 5924/5924/5924 5981/5981/5981
f 5975/5975/5975 5981/5981/5981 6016/6016/6016
f 5861/5861/5861 5920/5920/5920 5926/5926/5926
f 5926/5926/5926 5920/5920/5920 5976/5976/5976
f 5926/5926/5926 5976/5976/5976 5978/5978/5978
f 5978/5978/5978 5976/5976/5976 6017/6017/6017
f 5854/5854/5854 5857/5857/5857 5923/5923/5923
f 5923/5923/5923 5857/5857/5857 5925/5925/5925
f 5923/5923/5923 5925/5925/5925 5977/5977/5977
f 5923/5923/5923 5977/5977/5977 5980/5980/5980
f 5980/5980/5980 5977/5977/5977 5983/5983/5983
f 5984/5984/5984 5979/5979/5979 6018/6018/6018
f 5985/5985/5985 6019/6019/6019 5982/5982/5982
f 6012/6012/6012 5737/5737/5737 5783/5783/5783
f 5737/5737/5737 6012/6012/6012 6038/6038/6038
f 6015/6015/6015 5785/5785/5785 5780/5780/5780
f 5781/5781/5781 5786/5786/5786 5690/5690/5690
f 6013/6013/6013 5779/5779/5779 5912/5912/5912
f 5910/5910/5910 5777/5777/5777 5734/5734/5734
f 5910/5910/5910 5734/5734/5734 6074/6074/6074
f 6074/6074/6074 5734/5734/5734 6037/6037/6037
f 6074/6074/6074 6037/6037/6037 6209/6209/6209
f 6074/6074/6074 6209/6209/6209 6228/6228/6228
f 6228/6228/6228 6209/6209/6209 6316/6316/6316
f 5734/5734/5734 5777/5777/5777 5498/5498/5498
f 5498/5498/5498 5777/5777/5777 5431/5431/5431
f 4681/4681/4681 5498/5498/5498 4677/4677/4677
f 4677/4677/4677 5498/5498/5498 5431/5431/5431
f 5281/5281/5281 4273/4273/4273 4677/4677/4677
f 5281/5281/5281 4677/4677/4677 5431/5431/5431
f 5281/5281/5281 5431/5431/5431 5623/5623/5623
f 5682/5682/5682 5432/5432/5432 5623/5623/5623
f 5682/5682/5682 5623/5623/5623 5823/5823/5823
f 5623/5623/5623 5431/5431/5431 5849/5849/5849
f 5623/5623/5623 5849/5849/5849 5823/5823/5823
f 5823/5823/5823 5849/5849/5849 6046/6046/6046
f 5823/5823/5823 6046/6046/6046 5963/5963/5963
f 5963/5963/5963 6046/6046/6046 6081/6081/6081
f 6081/6081/6081 6046/6046/6046 6122/6122/6122
f 5849/5849/5849 5431/5431/5431 5968/5968/5968
f 5968/5968/5968 5431/5431/5431 5777/5777/5777
f 5849/5849/5849 5968/5968/5968 6041/6041/6041
f 5968/5968/5968 5777/5777/5777 6007/6007/6007
f 6041/6041/6041 5968/5968/5968 6076/6076/6076
f 6041/6041/6041 6076/6076/6076 6137/6137/6137
f 5968/5968/5968 6007/6007/6007 6170/6170/6170
f 6137/6137/6137 6076/6076/6076 6166/6166/6166
f 6137/6137/6137 6166/6166/6166 6225/6225/6225
f 6225/6225/6225 6166/6166/6166 6265/6265/6265
f 6170/6170/6170 6007/6007/6007 6168/6168/6168
f 6170/6170/6170 6168/6168/6168 6275/6275/6275
f 6170/6170/6170 6275/6275/6275 6231/6231/6231
f 6011/6011/6011 5911/5911/5911 6075/6075/6075
f 6011/6011/6011 6075/6075/6075 6144/6144/6144
f 6144/6144/6144 6075/6075/6075 6229/6229/6229
f 6144/6144/6144 6229/6229/6229 6273/6273/6273
f 6273/6273/6273 6229/6229/6229 6337/6337/6337
f 6337/6337/6337 6229/6229/6229 6333/6333/6333
f 6039/6039/6039 6014/6014/6014 6145/6145/6145
f 6210/6210/6210 6040/6040/6040 6146/6146/6146
f 6210/6210/6210 6146/6146/6146 6274/6274/6274
f 6210/6210/6210 6274/6274/6274 6338/6338/6338
f 6317/6317/6317 6211/6211/6211 6339/6339/6339
f 6230/6230/6230 6318/6318/6318 6334/6334/6334
f 6335/6335/6335 6319/6319/6319 6374/6374/6374
f 6336/6336/6336 6373/6373/6373 6341/6341/6341
f 6340/6340/6340 6375/6375/6375 6320/6320/6320
f 6084/6084/6084 5846/5846/5846 5905/5905/5905
f 6084/6084/6084 5905/5905/5905 6078/6078/6078
f 5909/5909/5909 5967/5967/5967 6094/6094/6094
f 5907/5907/5907 6092/6092/6092 6079/6079/6079
f 6079/6079/6079 6092/6092/6092 6173/6173/6173
f 6175/6175/6175 6093/6093/6093 6087/6087/6087
f 6174/6174/6174 6086/6086/6086 6080/6080/6080
f 5499/5499/5499 5374/5374/5374 5740/5740/5740
f 5372/5372/5372 5499/5499/5499 4685/4685/4685
f 5372/5372/5372 4685/4685/4685 4672/4672/4672
f 5495/5495/5495 5371/5371/5371 4669/4669/4669
f 4671/4671/4671 4684/4684/4684 5287/5287/5287
f 5285/5285/5285 4682/4682/4682 4836/4836/4836
f 4838/4838/4838 4683/4683/4683 4680/4680/4680
f 4274/4274/4274 5282/5282/5282 4835/4835/4835
f 4835/4835/4835 5282/5282/5282 5124/5124/5124
f 4678/4678/4678 4275/4275/4275 4128/4128/4128
f 4130/4130/4130 4276/4276/4276 4839/4839/4839
f 4126/4126/4126 4839/4839/4839 4264/4264/4264
f 4264/4264/4264 4839/4839/4839 4601/4601/4601
f 4601/4601/4601 4839/4839/4839 5134/5134/5134
f 4129/4129/4129 4837/4837/4837 4679/4679/4679
f 5127/5127/5127 5283/5283/5283 5625/5625/5625
f 3783/3783/3783 4123/4123/4123 3923/3923/3923
f 3783/3783/3783 3923/3923/3923 3794/3794/3794
f 3783/3783/3783 3794/3794/3794 3712/3712/3712
f 3783/3783/3783 3712/3712/3712 3632/3632/3632
f 3783/3783/3783 3632/3632/3632 3628/3628/3628
f 3628/3628/3628 3632/3632/3632 3481/3481/3481
f 3628/3628/3628 3481/3481/3481 3475/3475/3475
f 3475/3475/3475 3481/3481/3481 3400/3400/3400
f 3475/3475/3475 3400/3400/3400 3320/3320/3320
f 4127/4127/4127 4265/4265/4265 3928/3928/3928
f 3928/3928/3928 4265/4265/4265 4339/4339/4339
f 4339/4339/4339 4265/4265/4265 4558/4558/4558
f 4558/4558/4558 4265/4265/4265 4602/4602/4602
f 4124/4124/4124 3925/3925/3925 3924/3924/3924
f 3924/3924/3924 3925/3925/3925 3795/3795/3795
f 3796/3796/3796 3927/3927/3927 3721/3721/3721
f 4340/4340/4340 4559/4559/4559 4782/4782/4782
f 4557/4557/4557 4600/4600/4600 4856/4856/4856
f 4557/4557/4557 4856/4856/4856 4780/4780/4780
f 4856/4856/4856 4600/4600/4600 4934/4934/4934
f 4934/4934/4934 4600/4600/4600 4658/4658/4658
f 4856/4856/4856 4934/4934/4934 5030/5030/5030
f 5030/5030/5030 4934/4934/4934 5133/5133/5133
f 5407/5407/5407 4780/4780/4780 5030/5030/5030
f 5407/5407/5407 5030/5030/5030 5133/5133/5133
f 4780/4780/4780 5407/5407/5407 4871/4871/4871
f 4780/4780/4780 4871/4871/4871 4338/4338/4338
f 5407/5407/5407 5133/5133/5133 5573/5573/5573
f 5573/5573/5573 5133/5133/5133 5512/5512/5512
f 5573/5573/5573 5512/5512/5512 5775/5775/5775
f 3546/3546/3546 3793/3793/3793 3719/3719/3719
f 3793/3793/3793 3546/3546/3546 3711/3711/3711
f 3711/3711/3711 3546/3546/3546 3483/3483/3483
f 3711/3711/3711 3483/3483/3483 3631/3631/3631
f 3631/3631/3631 3483/3483/3483 3398/3398/3398
f 3631/3631/3631 3398/3398/3398 3317/3317/3317
f 3548/3548/3548 3723/3723/3723 3674/3674/3674
f 3547/3547/3547 3673/3673/3673 3487/3487/3487
f 3486/3486/3486 3672/3672/3672 3787/3787/3787
f 3484/3484/3484 3785/3785/3785 3629/3629/3629
f 3399/3399/3399 3485/3485/3485 3630/3630/3630
f 3399/3399/3399 3630/3630/3630 3476/3476/3476
f 3399/3399/3399 3476/3476/3476 3318/3318/3318
f 3318/3318/3318 3476/3476/3476 3321/3321/3321
f 3318/3318/3318 3321/3321/3321 3218/3218/3218
f 3633/3633/3633 3319/3319/3319 3482/3482/3482
f 3482/3482/3482 3319/3319/3319 3219/3219/3219
f 3482/3482/3482 3219/3219/3219 3401/3401/3401
f 3403/3403/3403 3220/3220/3220 3326/3326/3326
f 3326/3326/3326 3220/3220/3220 3222/3222/3222
f 3326/3326/3326 3222/3222/3222 3330/3330/3330
f 3402/3402/3402 3325/3325/3325 3322/3322/3322
f 3221/3221/3221 3324/3324/3324 3223/3223/3223
f 3223/3223/3223 3324/3324/3324 3329/3329/3329
f 3223/3223/3223 3329/3329/3329 3332/3332/3332
f 3328/3328/3328 3323/3323/3323 3327/3327/3327
f 3328/3328/3328 3327/3327/3327 3331/3331/3331
f 4940/4940/4940 4855/4855/4855 4861/4861/4861
f 4855/4855/4855 4940/4940/4940 4998/4998/4998
f 4862/4862/4862 4858/4858/4858 4938/4938/4938
f 4941/4941/4941 4860/4860/4860 4937/4937/4937
f 4936/4936/4936 4859/4859/4859 4852/4852/4852
f 4936/4936/4936 4852/4852/4852 4847/4847/4847
f 4996/4996/4996 4939/4939/4939 4935/4935/4935
f 4996/4996/4996 4935/4935/4935 4992/4992/4992
f 4992/4992/4992 4935/4935/4935 4845/4845/4845
f 4853/4853/4853 4997/4997/4997 4728/4728/4728
f 4728/4728/4728 4997/4997/4997 4993/4993/4993
f 4728/4728/4728 4993/4993/4993 4666/4666/4666
f 4854/4854/4854 4730/4730/4730 4849/4849/4849
f 4850/4850/4850 4729/4729/4729 4667/4667/4667
f 4994/4994/4994 4848/4848/4848 5005/5005/5005
f 4995/4995/4995 5006/5006/5006 4665/4665/4665
f 611/611/611 623/623/623 672/672/672
f 623/623/623 611/611/611 559/559/559
f 609/609/609 670/670/670 603/603/603
f 609/609/609 603/603/603 619/619/619
f 619/619/619 603/603/603 599/599/599
f 671/671/671 622/622/622 708/708/708
f 558/558/558 610/610/610 573/573/573
f 707/707/707 621/621/621 664/664/664
f 624/624/624 560/560/560 605/605/605
f 605/605/605 560/560/560 555/555/555
f 625/625/625 604/604/604 666/666/666
f 553/553/553 557/557/557 571/571/571
f 553/553/553 571/571/571 551/551/551
f 551/551/551 571/571/571 577/577/577
f 577/577/577 571/571/571 595/595/595
f 606/606/606 556/556/556 640/640/640
f 669/669/669 638/638/638 601/601/601
f 638/638/638 669/669/669 701/701/701
f 701/701/701 669/669/669 706/706/706
f 602/602/602 639/639/639 554/554/554
f 602/602/602 554/554/554 552/552/552
f 602/602/602 552/552/552 598/598/598
f 598/598/598 552/552/552 635/635/635
f 635/635/635 552/552/552 578/578/578
f 607/607/607 641/641/641 662/662/662
f 607/607/607 662/662/662 668/668/668
f 663/663/663 642/642/642 705/705/705
f 608/608/608 618/618/618 572/572/572
f 572/572/572 618/618/618 649/649/649
f 572/572/572 649/649/649 596/596/596
f 596/596/596 649/649/649 682/682/682
f 596/596/596 682/682/682 677/677/677
f 600/600/600 637/637/637 620/620/620
f 620/620/620 637/637/637 650/650/650
f 650/650/650 637/637/637 648/648/648
f 650/650/650 648/648/648 685/685/685
f 580/580/580 597/597/597 680/680/680
f 580/580/580 680/680/680 645/645/645
f 643/643/643 636/636/636 579/579/579
f 636/636/636 643/643/643 647/647/647
f 647/647/647 643/643/643 689/689/689
f 647/647/647 689/689/689 675/675/675
f 644/644/644 679/679/679 723/723/723
f 644/644/644 723/723/723 691/691/691
f 721/721/721 678/678/678 684/684/684
f 683/683/683 646/646/646 674/674/674
f 681/681/681 673/673/673 718/718/718
f 718/718/718 673/673/673 659/659/659
f 681/681/681 718/718/718 720/720/720
f 720/720/720 718/718/718 702/702/702
f 719/719/719 661/661/661 704/704/704
f 660/660/660 676/676/676 667/667/667
f 667/667/667 676/676/676 692/692/692
f 724/724/724 703/703/703 710/710/710
f 722/722/722 709/709/709 665/665/665
f 722/722/722 665/665/665 690/690/690
f 631/631/631 616/616/616 688/688/688
f 693/693/693 617/617/617 583/583/583
f 583/583/583 617/617/617 544/544/544
f 542/542/542 615/615/615 630/630/630
f 542/542/542 630/630/630 526/526/526
f 526/526/526 630/630/630 627/627/627
f 526/526/526 627/627/627 534/534/534
f 582/582/582 543/543/543 527/527/527
f 582/582/582 527/527/527 634/634/634
f 634/634/634 527/527/527 614/614/614
f 614/614/614 527/527/527 536/536/536
f 614/614/614 536/536/536 570/570/570
f 687/687/687 581/581/581 633/633/633
f 687/687/687 633/633/633 717/717/717
f 686/686/686 715/715/715 629/629/629
f 629/629/629 715/715/715 698/698/698
f 629/629/629 698/698/698 626/626/626
f 626/626/626 698/698/698 654/654/654
f 632/632/632 613/613/613 716/716/716
f 716/716/716 613/613/613 700/700/700
f 699/699/699 612/612/612 655/655/655
f 655/655/655 612/612/612 568/568/568
f 535/535/535 628/628/628 656/656/656
f 535/535/535 656/656/656 569/569/569
f 819/819/819 808/808/808 860/860/860
f 819/819/819 860/860/860 849/849/849
f 819/819/819 849/849/849 843/843/843
f 819/819/819 843/843/843 798/798/798
f 862/862/862 810/810/810 878/878/878
f 878/878/878 810/810/810 830/830/830
f 829/829/829 809/809/809 821/821/821
f 861/861/861 876/876/876 851/851/851
f 861/861/861 851/851/851 850/850/850
f 850/850/850 851/851/851 845/845/845
f 845/845/845 851/851/851 847/847/847
f 852/852/852 877/877/877 828/828/828
f 852/852/852 828/828/828 825/825/825
f 852/852/852 825/825/825 802/802/802
f 852/852/852 802/802/802 848/848/848
f 827/827/827 820/820/820 824/824/824
f 844/844/844 846/846/846 799/799/799
f 799/799/799 846/846/846 801/801/801
f 803/803/803 826/826/826 823/823/823
f 804/804/804 822/822/822 800/800/800
f 130/130/130 64/64/64 50/50/50
f 130/130/130 50/50/50 113/113/113
f 50/50/50 64/64/64 2768/2768/2768
f 2768/2768/2768 64/64/64 2695/2695/2695
f 2695/2695/2695 64/64/64 34/34/34
f 63/63/63 129/129/129 88/88/88
f 63/63/63 88/88/88 33/33/33
f 111/111/111 49/49/49 2040/2040/2040
f 2040/2040/2040 49/49/49 2766/2766/2766
f 2040/2040/2040 2766/2766/2766 3026/3026/3026
f 3026/3026/3026 2766/2766/2766 4357/4357/4357
f 3026/3026/3026 4357/4357/4357 4571/4571/4571
f 4571/4571/4571 4357/4357/4357 5422/5422/5422
f 5422/5422/5422 4357/4357/4357 5355/5355/5355
f 5422/5422/5422 5355/5355/5355 5600/5600/5600
f 112/112/112 2041/2041/2041 35/35/35
f 112/112/112 35/35/35 127/127/127
f 35/35/35 2041/2041/2041 2955/2955/2955
f 35/35/35 2955/2955/2955 2123/2123/2123
f 2955/2955/2955 2041/2041/2041 3027/3027/3027
f 86/86/86 128/128/128 2124/2124/2124
f 2124/2124/2124 128/128/128 36/36/36
f 31/31/31 87/87/87 2126/2126/2126
f 4358/4358/4358 2767/2767/2767 2694/2694/2694
f 4358/4358/4358 2694/2694/2694 4285/4285/4285
f 4285/4285/4285 2694/2694/2694 3951/3951/3951
f 4358/4358/4358 4285/4285/4285 5357/5357/5357
f 5357/5357/5357 4285/4285/4285 5387/5387/5387
f 5387/5387/5387 4285/4285/4285 4898/4898/4898
f 4898/4898/4898 4285/4285/4285 4158/4158/4158
f 5387/5387/5387 4898/4898/4898 5300/5300/5300
f 5300/5300/5300 4898/4898/4898 5350/5350/5350
f 5350/5350/5350 4898/4898/4898 4438/4438/4438
f 5350/5350/5350 4438/4438/4438 4793/4793/4793
f 5350/5350/5350 4793/4793/4793 5440/5440/5440
f 3014/3014/3014 30/30/30 2125/2125/2125
f 3014/3014/3014 2125/2125/2125 3018/3018/3018
f 3018/3018/3018 2125/2125/2125 2957/2957/2957
f 3014/3014/3014 3018/3018/3018 4006/4006/4006
f 4006/4006/4006 3018/3018/3018 4442/4442/4442
f 4006/4006/4006 4442/4442/4442 4706/4706/4706
f 2901/2901/2901 2693/2693/2693 32/32/32
f 2693/2693/2693 2901/2901/2901 3950/3950/3950
f 2901/2901/2901 32/32/32 3015/3015/3015
f 2902/2902/2902 3016/3016/3016 4008/4008/4008
f 2902/2902/2902 4008/4008/4008 3952/3952/3952
f 3952/3952/3952 4008/4008/4008 4157/4157/4157
f 3952/3952/3952 4157/4157/4157 4160/4160/4160
f 4160/4160/4160 4157/4157/4157 4155/4155/4155
f 4160/4160/4160 4155/4155/4155 4218/4218/4218
f 4218/4218/4218 4155/4155/4155 4440/4440/4440
f 4441/4441/4441 3017/3017/3017 2956/2956/2956
f 4441/4441/4441 2956/2956/2956 4624/4624/4624
f 4624/4624/4624 2956/2956/2956 3028/3028/3028
f 4624/4624/4624 3028/3028/3028 4572/4572/4572
f 4624/4624/4624 4572/4572/4572 5480/5480/5480
f 5480/5480/5480 4572/4572/4572 5423/5423/5423
f 4441/4441/4441 4624/4624/4624 5385/5385/5385
f 5385/5385/5385 4624/4624/4624 5480/5480/5480
f 4441/4441/4441 5385/5385/5385 4705/4705/4705
f 5385/5385/5385 5480/5480/5480 5534/5534/5534
f 5385/5385/5385 5534/5534/5534 5347/5347/5347
f 5385/5385/5385 5347/5347/5347 4705/4705/4705
f 5347/5347/5347 5534/5534/5534 5530/5530/5530
f 4705/4705/4705 5347/5347/5347 5342/5342/5342
f 4705/4705/4705 5342/5342/5342 4569/4569/4569
f 5481/5481/5481 5424/5424/5424 5653/5653/5653
f 5653/5653/5653 5424/5424/5424 5601/5601/5601
f 5481/5481/5481 5653/5653/5653 5535/5535/5535
f 5602/5602/5602 5356/5356/5356 5386/5386/5386
f 5602/5602/5602 5386/5386/5386 5654/5654/5654
f 5654/5654/5654 5386/5386/5386 5299/5299/5299
f 5654/5654/5654 5299/5299/5299 5536/5536/5536
f 5536/5536/5536 5299/5299/5299 5532/5532/5532
f 5532/5532/5532 5299/5299/5299 5349/5349/5349
f 5532/5532/5532 5349/5349/5349 5478/5478/5478
f 5478/5478/5478 5349/5349/5349 5439/5439/5439
f 5478/5478/5478 5439/5439/5439 5649/5649/5649
f 5348/5348/5348 5531/5531/5531 5343/5343/5343
f 5533/5533/5533 5479/5479/5479 5346/5346/5346
f 4439/4439/4439 4899/4899/4899 4217/4217/4217
f 4217/4217/4217 4899/4899/4899 4159/4159/4159
f 4161/4161/4161 4286/4286/4286 3953/3953/3953
f 4792/4792/4792 4437/4437/4437 4153/4153/4153
f 4792/4792/4792 4153/4153/4153 3680/3680/3680
f 4156/4156/4156 4007/4007/4007 4707/4707/4707
f 4156/4156/4156 4707/4707/4707 4154/4154/4154
f 4154/4154/4154 4707/4707/4707 4570/4570/4570
f 4151/4151/4151 4568/4568/4568 4618/4618/4618
f 4618/4618/4618 4568/4568/4568 5340/5340/5340
f 4152/4152/4152 4619/4619/4619 3678/3678/3678
f 3678/3678/3678 4619/4619/4619 5227/5227/5227
f 5227/5227/5227 4619/4619/4619 5341/5341/5341
f 5231/5231/5231 5345/5345/5345 5650/5650/5650
f 5647/5647/5647 5344/5344/5344 5477/5477/5477
f 5230/5230/5230 5648/5648/5648 5997/5997/5997
f 5997/5997/5997 5648/5648/5648 5795/5795/5795
f 5795/5795/5795 5648/5648/5648 5438/5438/5438
f 5795/5795/5795 5438/5438/5438 5060/5060/5060
f 5441/5441/5441 4794/4794/4794 5062/5062/5062
f 5062/5062/5062 4794/4794/4794 3881/3881/3881
f 3879/3879/3879 4791/4791/4791 3247/3247/3247
f 3247/3247/3247 4791/4791/4791 3681/3681/3681
f 5061/5061/5061 3880/3880/3880 3877/3877/3877
f 3876/3876/3876 3878/3878/3878 3246/3246/3246
f 3876/3876/3876 3246/3246/3246 3111/3111/3111
f 3876/3876/3876 3111/3111/3111 2950/2950/2950
f 3876/3876/3876 2950/2950/2950 3737/3737/3737
f 3876/3876/3876 3737/3737/3737 5058/5058/5058
f 5793/5793/5793 5059/5059/5059 4954/4954/4954
f 4954/4954/4954 5059/5059/5059 3738/3738/3738
f 5793/5793/5793 4954/4954/4954 5705/5705/5705
f 3114/3114/3114 3248/3248/3248 3684/3684/3684
f 3113/3113/3113 3683/3683/3683 3013/3013/3013
f 2952/2952/2952 3112/3112/3112 3415/3415/3415
f 3415/3415/3415 3112/3112/3112 3011/3011/3011
f 3415/3415/3415 3011/3011/3011 3347/3347/3347
f 3012/3012/3012 3682/3682/3682 3348/3348/3348
f 3346/3346/3346 3679/3679/3679 4354/4354/4354
f 4354/4354/4354 3679/3679/3679 5228/5228/5228
f 4354/4354/4354 5228/5228/5228 5418/5418/5418
f 3349/3349/3349 4356/4356/4356 3416/3416/3416
f 3416/3416/3416 4356/4356/4356 4146/4146/4146
f 3416/3416/3416 4146/4146/4146 3807/3807/3807
f 3416/3416/3416 3807/3807/3807 2954/2954/2954
f 3807/3807/3807 4146/4146/4146 5180/5180/5180
f 5180/5180/5180 4146/4146/4146 5421/5421/5421
f 3245/3245/3245 3739/3739/3739 2953/2953/2953
f 3739/3739/3739 3245/3245/3245 3937/3937/3937
f 3739/3739/3739 3937/3937/3937 4955/4955/4955
f 4955/4955/4955 3937/3937/3937 4892/4892/4892
f 4955/4955/4955 4892/4892/4892 5707/5707/5707
f 5707/5707/5707 4892/4892/4892 5500/5500/5500
f 5707/5707/5707 5500/5500/5500 5871/5871/5871
f 5871/5871/5871 5500/5500/5500 5644/5644/5644
f 5420/5420/5420 5229/5229/5229 5996/5996/5996
f 4145/4145/4145 4355/4355/4355 5419/5419/5419
f 2951/2951/2951 3806/3806/3806 3243/3243/3243
f 3243/3243/3243 3806/3806/3806 4004/4004/4004
f 5179/5179/5179 5417/5417/5417 5994/5994/5994
f 5179/5179/5179 5994/5994/5994 5869/5869/5869
f 3808/3808/3808 5182/5182/5182 4005/4005/4005
f 4005/4005/4005 5182/5182/5182 5096/5096/5096
f 5095/5095/5095 5181/5181/5181 5872/5872/5872
f 5095/5095/5095 5872/5872/5872 5645/5645/5645
f 5870/5870/5870 5995/5995/5995 5706/5706/5706
f 5706/5706/5706 5995/5995/5995 5794/5794/5794
f 4891/4891/4891 3936/3936/3936 3501/3501/3501
f 3501/3501/3501 3936/3936/3936 3244/3244/3244
f 3501/3501/3501 3244/3244/3244 3009/3009/3009
f 4891/4891/4891 3501/3501/3501 4515/4515/4515
f 4515/4515/4515 3501/3501/3501 4142/4142/4142
f 5501/5501/5501 4893/4893/4893 4516/4516/4516
f 5501/5501/5501 4516/4516/4516 5517/5517/5517
f 5517/5517/5517 4516/4516/4516 5053/5053/5053
f 5053/5053/5053 4516/4516/4516 4143/4143/4143
f 5502/5502/5502 5519/5519/5519 5646/5646/5646
f 5646/5646/5646 5519/5519/5519 5298/5298/5298
f 3502/3502/3502 3010/3010/3010 2838/2838/2838
f 2838/2838/2838 3010/3010/3010 2559/2559/2559
f 3500/3500/3500 2836/2836/2836 4141/4141/4141
f 4886/4886/4886 5297/5297/5297 5518/5518/5518
f 5516/5516/5516 5049/5049/5049 4883/4883/4883
f 4204/4204/4204 4144/4144/4144 2839/2839/2839
f 4144/4144/4144 4204/4204/4204 5054/5054/5054
f 2831/2831/2831 2837/2837/2837 2557/2557/2557
f 2835/2835/2835 2830/2830/2830 4202/4202/4202
f 2558/2558/2558 2477/2477/2477 2833/2833/2833
f 2832/2832/2832 2476/2476/2476 2691/2691/2691
f 2691/2691/2691 2476/2476/2476 2257/2257/2257
f 2690/2690/2690 2254/2254/2254 2393/2393/2393
f 4139/4139/4139 4137/4137/4137 5050/5050/5050
f 5050/5050/5050 4137/4137/4137 5140/5140/5140
f 5052/5052/5052 5141/5141/5141 4885/4885/4885
f 4885/4885/4885 5141/5141/5141 4907/4907/4907
f 4907/4907/4907 5141/5141/5141 5454/5454/5454
f 5139/5139/5139 4136/4136/4136 5156/5156/5156
f 5142/5142/5142 5159/5159/5159 5455/5455/5455
f 74/74/74 77/77/77 48/48/48
f 74/74/74 48/48/48 51/51/51
f 51/51/51 48/48/48 21/21/21
f 21/21/21 48/48/48 2116/2116/2116
f 2116/2116/2116 48/48/48 2118/2118/2118
f 2118/2118/2118 48/48/48 24/24/24
f 75/75/75 52/52/52 22/22/22
f 75/75/75 22/22/22 78/78/78
f 78/78/78 22/22/22 25/25/25
f 25/25/25 22/22/22 2117/2117/2117
f 25/25/25 2117/2117/2117 2119/2119/2119
f 47/47/47 76/76/76 56/56/56
f 47/47/47 56/56/56 23/23/23
f 57/57/57 79/79/79 26/26/26
f 2472/2472/2472 2609/2609/2609 2612/2612/2612
f 2612/2612/2612 2609/2609/2609 2697/2697/2697
f 2472/2472/2472 2612/2612/2612 2392/2392/2392
f 2612/2612/2612 2697/2697/2697 2841/2841/2841
f 2392/2392/2392 2612/2612/2612 2561/2561/2561
f 2612/2612/2612 2841/2841/2841 2843/2843/2843
f 2561/2561/2561 2612/2612/2612 2699/2699/2699
f 2699/2699/2699 2612/2612/2612 2843/2843/2843
f 2608/2608/2608 2471/2471/2471 2696/2696/2696
f 2696/2696/2696 2471/2471/2471 2698/2698/2698
f 2698/2698/2698 2471/2471/2471 2391/2391/2391
f 2698/2698/2698 2391/2391/2391 2560/2560/2560
f 2696/2696/2696 2698/2698/2698 2842/2842/2842
f 2696/2696/2696 2842/2842/2842 2840/2840/2840
f 7357/7357/7357 7471/7471/7471 7610/7610/7610
f 7470/7470/7470 7356/7356/7356 7430/7430/7430
f 7430/7430/7430 7356/7356/7356 7383/7383/7383
f 7473/7473/7473 7431/7431/7431 7577/7577/7577
f 7472/7472/7472 7576/7576/7576 7613/7613/7613
f 7613/7613/7613 7576/7576/7576 7657/7657/7657
f 7613/7613/7613 7657/7657/7657 7640/7640/7640
f 7640/7640/7640 7657/7657/7657 7660/7660/7660
f 7640/7640/7640 7660/7660/7660 7647/7647/7647
f 7429/7429/7429 7381/7381/7381 7574/7574/7574
f 7574/7574/7574 7381/7381/7381 7494/7494/7494
f 7574/7574/7574 7494/7494/7494 7578/7578/7578
f 7382/7382/7382 7355/7355/7355 7495/7495/7495
f 7497/7497/7497 7358/7358/7358 7512/7512/7512
f 7512/7512/7512 7358/7358/7358 7611/7611/7611
f 7579/7579/7579 7496/7496/7496 7511/7511/7511
f 7656/7656/7656 7575/7575/7575 7580/7580/7580
f 7656/7656/7656 7580/7580/7580 7582/7582/7582
f 7656/7656/7656 7582/7582/7582 7658/7658/7658
f 7658/7658/7658 7582/7582/7582 7561/7561/7561
f 7658/7658/7658 7561/7561/7561 7643/7643/7643
f 7643/7643/7643 7561/7561/7561 7531/7531/7531
f 7531/7531/7531 7561/7561/7561 7478/7478/7478
f 7531/7531/7531 7478/7478/7478 7396/7396/7396
f 7396/7396/7396 7478/7478/7478 7333/7333/7333
f 7396/7396/7396 7333/7333/7333 7232/7232/7232
f 7232/7232/7232 7333/7333/7333 7219/7219/7219
f 7232/7232/7232 7219/7219/7219 7143/7143/7143
f 7232/7232/7232 7143/7143/7143 7131/7131/7131
f 7513/7513/7513 7612/7612/7612 7558/7558/7558
f 7558/7558/7558 7612/7612/7612 7639/7639/7639
f 7558/7558/7558 7639/7639/7639 7585/7585/7585
f 7514/7514/7514 7559/7559/7559 7581/7581/7581
f 7581/7581/7581 7559/7559/7559 7583/7583/7583
f 7583/7583/7583 7559/7559/7559 7586/7586/7586
f 7583/7583/7583 7586/7586/7586 7562/7562/7562
f 7562/7562/7562 7586/7586/7586 7536/7536/7536
f 7584/7584/7584 7638/7638/7638 7645/7645/7645
f 7584/7584/7584 7645/7645/7645 7535/7535/7535
f 7535/7535/7535 7645/7645/7645 7641/7641/7641
f 7535/7535/7535 7641/7641/7641 7515/7515/7515
f 7535/7535/7535 7515/7515/7515 7433/7433/7433
f 7646/7646/7646 7659/7659/7659 7644/7644/7644
f 7646/7646/7646 7644/7644/7644 7642/7642/7642
f 7642/7642/7642 7644/7644/7644 7518/7518/7518
f 7518/7518/7518 7644/7644/7644 7533/7533/7533
f 7560/7560/7560 7534/7534/7534 7432/7432/7432
f 7560/7560/7560 7432/7432/7432 7477/7477/7477
f 7477/7477/7477 7432/7432/7432 7253/7253/7253
f 7477/7477/7477 7253/7253/7253 7332/7332/7332
f 7332/7332/7332 7253/7253/7253 7163/7163/7163
f 7332/7332/7332 7163/7163/7163 7216/7216/7216
f 7517/7517/7517 7532/7532/7532 7315/7315/7315
f 7315/7315/7315 7532/7532/7532 7397/7397/7397
f 7315/7315/7315 7397/7397/7397 7192/7192/7192
f 7192/7192/7192 7397/7397/7397 7233/7233/7233
f 7192/7192/7192 7233/7233/7233 7085/7085/7085
f 7516/7516/7516 7314/7314/7314 7434/7434/7434
f 7255/7255/7255 7435/7435/7435 7316/7316/7316
f 7255/7255/7255 7316/7316/7316 7193/7193/7193
f 7165/7165/7165 7254/7254/7254 7191/7191/7191
f 7165/7165/7165 7191/7191/7191 7033/7033/7033
f 7218/7218/7218 7164/7164/7164 7104/7104/7104
f 7104/7104/7104 7164/7164/7164 7031/7031/7031
f 7217/7217/7217 7103/7103/7103 7142/7142/7142
f 7132/7132/7132 7144/7144/7144 7105/7105/7105
f 7132/7132/7132 7105/7105/7105 7084/7084/7084
f 7084/7084/7084 7105/7105/7105 7032/7032/7032
f 7086/7086/7086 7234/7234/7234 7133/7133/7133
f 7190/7190/7190 7083/7083/7083 7030/7030/7030
f 7349/7349/7349 7378/7378/7378 7485/7485/7485
f 7485/7485/7485 7378/7378/7378 7508/7508/7508
f 7350/7350/7350 7486/7486/7486 7449/7449/7449
f 7350/7350/7350 7449/7449/7449 7303/7303/7303
f 7509/7509/7509 7379/7379/7379 7346/7346/7346
f 7509/7509/7509 7346/7346/7346 7482/7482/7482
f 7348/7348/7348 7296/7296/7296 7484/7484/7484
f 7484/7484/7484 7296/7296/7296 7448/7448/7448
f 7411/7411/7411 7305/7305/7305 7450/7450/7450
f 7305/7305/7305 7411/7411/7411 7278/7278/7278
f 7413/7413/7413 7410/7410/7410 7279/7279/7279
f 7279/7279/7279 7410/7410/7410 7252/7252/7252
f 7447/7447/7447 7295/7295/7295 7407/7407/7407
f 7407/7407/7407 7295/7295/7295 7276/7276/7276
f 7251/7251/7251 7409/7409/7409 7186/7186/7186
f 7186/7186/7186 7409/7409/7409 7312/7312/7312
f 7391/7391/7391 7206/7206/7206 7329/7329/7329
f 7206/7206/7206 7391/7391/7391 7245/7245/7245
f 7245/7245/7245 7391/7391/7391 7443/7443/7443
f 7245/7245/7245 7443/7443/7443 7325/7325/7325
f 7423/7423/7423 7405/7405/7405 7274/7274/7274
f 7423/7423/7423 7274/7274/7274 7286/7286/7286
f 7327/7327/7327 7444/7444/7444 7373/7373/7373
f 7373/7373/7373 7444/7444/7444 7479/7479/7479
f 7328/7328/7328 7375/7375/7375 7289/7289/7289
f 7426/7426/7426 7424/7424/7424 7287/7287/7287
f 7426/7426/7426 7287/7287/7287 7291/7291/7291
f 7290/7290/7290 7376/7376/7376 7293/7293/7293
f 7374/7374/7374 7481/7481/7481 7468/7468/7468
f 7377/7377/7377 7469/7469/7469 7292/7292/7292
f 7292/7292/7292 7469/7469/7469 7428/7428/7428
f 2286/2286/2286 2130/2130/2130 2181/2181/2181
f 2286/2286/2286 2181/2181/2181 2412/2412/2412
f 2129/2129/2129 2284/2284/2284 2049/2049/2049
f 2129/2129/2129 2049/2049/2049 2015/2015/2015
f 2015/2015/2015 2049/2049/2049 2149/2149/2149
f 2285/2285/2285 2411/2411/2411 2419/2419/2419
f 2285/2285/2285 2419/2419/2419 2051/2051/2051
f 2418/2418/2418 2410/2410/2410 2054/2054/2054
f 2054/2054/2054 2410/2410/2410 2179/2179/2179
f 2418/2418/2418 2054/2054/2054 2204/2204/2204
f 2418/2418/2418 2204/2204/2204 2785/2785/2785
f 2180/2180/2180 2128/2128/2128 2014/2014/2014
f 2180/2180/2180 2014/2014/2014 2055/2055/2055
f 2055/2055/2055 2014/2014/2014 2205/2205/2205
f 2205/2205/2205 2014/2014/2014 2148/2148/2148
f 2205/2205/2205 2148/2148/2148 2860/2860/2860
f 2783/2783/2783 2048/2048/2048 2417/2417/2417
f 2048/2048/2048 2783/2783/2783 2488/2488/2488
f 2488/2488/2488 2783/2783/2783 3441/3441/3441
f 2150/2150/2150 2050/2050/2050 2492/2492/2492
f 3445/3445/3445 2787/2787/2787 3354/3354/3354
f 3354/3354/3354 2787/2787/2787 3091/3091/3091
f 3091/3091/3091 2787/2787/2787 2718/2718/2718
f 2718/2718/2718 2787/2787/2787 2195/2195/2195
f 3353/3353/3353 3090/3090/3090 3448/3448/3448
f 3448/3448/3448 3090/3090/3090 3264/3264/3264
f 3448/3448/3448 3264/3264/3264 4036/4036/4036
f 3448/3448/3448 4036/4036/4036 4090/4090/4090
f 3352/3352/3352 3446/3446/3446 3443/3443/3443
f 3261/3261/3261 3089/3089/3089 2715/2715/2715
f 3444/3444/3444 3447/3447/3447 4089/4089/4089
f 3444/3444/3444 4089/4089/4089 3693/3693/3693
f 3444/3444/3444 3693/3693/3693 3031/3031/3031
f 3444/3444/3444 3031/3031/3031 3087/3087/3087
f 3087/3087/3087 3031/3031/3031 2420/2420/2420
f 3087/3087/3087 2420/2420/2420 2861/2861/2861
f 4092/4092/4092 4038/4038/4038 5070/5070/5070
f 4092/4092/4092 5070/5070/5070 5023/5023/5023
f 5071/5071/5071 4037/4037/4037 4042/4042/4042
f 4039/4039/4039 4035/4035/4035 3263/3263/3263
f 5072/5072/5072 4043/4043/4043 4973/4973/4973
f 5069/5069/5069 4970/4970/4970 5021/5021/5021
f 5021/5021/5021 4970/4970/4970 4908/4908/4908
f 5021/5021/5021 4908/4908/4908 4523/4523/4523
f 4523/4523/4523 4908/4908/4908 3914/3914/3914
f 4523/4523/4523 3914/3914/3914 3911/3911/3911
f 3911/3911/3911 3914/3914/3914 3036/3036/3036
f 3036/3036/3036 3914/3914/3914 3137/3137/3137
f 4091/4091/4091 5022/5022/5022 3695/3695/3695
f 3695/3695/3695 5022/5022/5022 4525/4525/4525
f 3694/3694/3694 4524/4524/4524 3032/3032/3032
f 3032/3032/3032 4524/4524/4524 3912/3912/3912
f 3033/3033/3033 3913/3913/3913 3040/3040/3040
f 3033/3033/3033 3040/3040/3040 2423/2423/2423
f 5805/5805/5805 4911/4911/4911 4972/4972/4972
f 4909/4909/4909 5804/5804/5804 5555/5555/5555
f 5555/5555/5555 5804/5804/5804 5663/5663/5663
f 5663/5663/5663 5804/5804/5804 5762/5762/5762
f 5762/5762/5762 5804/5804/5804 5954/5954/5954
f 2422/2422/2422 3038/3038/3038 2304/2304/2304
f 4910/4910/4910 5556/5556/5556 4809/4809/4809
f 4910/4910/4910 4809/4809/4809 3916/3916/3916
f 4809/4809/4809 5556/5556/5556 5664/5664/5664
f 4809/4809/4809 5664/5664/5664 4982/4982/4982
f 2421/2421/2421 2303/2303/2303 2863/2863/2863
f 2863/2863/2863 2303/2303/2303 2436/2436/2436
f 2306/2306/2306 3039/3039/3039 2931/2931/2931
f 3037/3037/3037 3139/3139/3139 2929/2929/2929
f 2929/2929/2929 3139/3139/3139 3142/3142/3142
f 2929/2929/2929 3142/3142/3142 2969/2969/2969
f 2969/2969/2969 3142/3142/3142 3595/3595/3595
f 3595/3595/3595 3142/3142/3142 4760/4760/4760
f 3140/3140/3140 3915/3915/3915 4045/4045/4045
f 4045/4045/4045 3915/3915/3915 4808/4808/4808
f 4045/4045/4045 4808/4808/4808 4980/4980/4980
f 4045/4045/4045 4980/4980/4980 4175/4175/4175
f 2437/2437/2437 2305/2305/2305 2930/2930/2930
f 2437/2437/2437 2930/2930/2930 2970/2970/2970
f 2437/2437/2437 2970/2970/2970 2792/2792/2792
f 2792/2792/2792 2970/2970/2970 3596/3596/3596
f 2437/2437/2437 2792/2792/2792 2512/2512/2512
f 2512/2512/2512 2792/2792/2792 2657/2657/2657
f 2512/2512/2512 2657/2657/2657 2515/2515/2515
f 2437/2437/2437 2512/2512/2512 2361/2361/2361
f 2512/2512/2512 2515/2515/2515 2358/2358/2358
f 2358/2358/2358 2515/2515/2515 2507/2507/2507
f 2358/2358/2358 2507/2507/2507 2355/2355/2355
f 2437/2437/2437 2361/2361/2361 2207/2207/2207
f 2207/2207/2207 2361/2361/2361 2208/2208/2208
f 2207/2207/2207 2208/2208/2208 2059/2059/2059
f 2059/2059/2059 2208/2208/2208 2350/2350/2350
f 2059/2059/2059 2350/2350/2350 2201/2201/2201
f 4173/4173/4173 4978/4978/4978 4364/4364/4364
f 3143/3143/3143 4096/4096/4096 4763/4763/4763
f 4759/4759/4759 5802/5802/5802 4971/4971/4971
f 4759/4759/4759 4971/4971/4971 4040/4040/4040
f 4762/4762/4762 4041/4041/4041 3597/3597/3597
f 3597/3597/3597 4041/4041/4041 3265/3265/3265
f 3597/3597/3597 3265/3265/3265 2793/2793/2793
f 2793/2793/2793 3265/3265/3265 2927/2927/2927
f 2791/2791/2791 2926/2926/2926 2656/2656/2656
f 2656/2656/2656 2926/2926/2926 2513/2513/2513
f 2925/2925/2925 3262/3262/3262 2716/2716/2716
f 2516/2516/2516 2928/2928/2928 2727/2727/2727
f 2722/2722/2722 2924/2924/2924 2713/2713/2713
f 2510/2510/2510 2357/2357/2357 2719/2719/2719
f 2719/2719/2719 2357/2357/2357 2504/2504/2504
f 2504/2504/2504 2357/2357/2357 2354/2354/2354
f 2504/2504/2504 2354/2354/2354 2425/2425/2425
f 2506/2506/2506 2514/2514/2514 2723/2723/2723
f 2509/2509/2509 2725/2725/2725 2583/2583/2583
f 2356/2356/2356 2508/2508/2508 2582/2582/2582
f 2356/2356/2356 2582/2582/2582 2426/2426/2426
f 2426/2426/2426 2582/2582/2582 2728/2728/2728
f 2424/2424/2424 2724/2724/2724 2503/2503/2503
f 2505/2505/2505 2726/2726/2726 2721/2721/2721
f 2360/2360/2360 2511/2511/2511 2720/2720/2720
f 2435/2435/2435 2206/2206/2206 2862/2862/2862
f 2359/2359/2359 2717/2717/2717 2501/2501/2501
f 2209/2209/2209 2362/2362/2362 2502/2502/2502
f 2209/2209/2209 2502/2502/2502 2576/2576/2576
f 2209/2209/2209 2576/2576/2576 2351/2351/2351
f 2203/2203/2203 2056/2056/2056 2784/2784/2784
f 2194/2194/2194 2786/2786/2786 2058/2058/2058
f 2714/2714/2714 2191/2191/2191 2499/2499/2499
f 2193/2193/2193 2057/2057/2057 2200/2200/2200
f 2193/2193/2193 2200/2200/2200 2414/2414/2414
f 2500/2500/2500 2192/2192/2192 2413/2413/2413
f 2500/2500/2500 2413/2413/2413 2575/2575/2575
f 2202/2202/2202 2353/2353/2353 2416/2416/2416
f 2415/2415/2415 2352/2352/2352 2577/2577/2577
f 3088/3088/3088 2864/2864/2864 2151/2151/2151
f 3088/3088/3088 2151/2151/2151 2138/2138/2138
f 3088/3088/3088 2138/2138/2138 2282/2282/2282
f 3086/3086/3086 2280/2280/2280 3440/3440/3440
f 3440/3440/3440 2280/2280/2280 2615/2615/2615
f 2615/2615/2615 2280/2280/2280 2274/2274/2274
f 2615/2615/2615 2274/2274/2274 2562/2562/2562
f 2562/2562/2562 2274/2274/2274 2700/2700/2700
f 2562/2562/2562 2700/2700/2700 2844/2844/2844
f 3442/3442/3442 2616/2616/2616 2489/2489/2489
f 2489/2489/2489 2616/2616/2616 2481/2481/2481
f 2481/2481/2481 2616/2616/2616 2563/2563/2563
f 2281/2281/2281 2137/2137/2137 2173/2173/2173
f 2283/2283/2283 2175/2175/2175 2276/2276/2276
f 2275/2275/2275 2174/2174/2174 2654/2654/2654
f 2275/2275/2275 2654/2654/2654 2701/2701/2701
f 2846/2846/2846 2702/2702/2702 2655/2655/2655
f 2846/2846/2846 2655/2655/2655 2775/2775/2775
f 2564/2564/2564 2845/2845/2845 2774/2774/2774
f 2564/2564/2564 2774/2774/2774 2483/2483/2483
f 2482/2482/2482 2773/2773/2773 2653/2653/2653
f 2482/2482/2482 2653/2653/2653 2172/2172/2172
f 2482/2482/2482 2172/2172/2172 2136/2136/2136
f 2495/2495/2495 2484/2484/2484 2140/2140/2140
f 2490/2490/2490 2135/2135/2135 2007/2007/2007
f 2009/2009/2009 2139/2139/2139 2047/2047/2047
f 2047/2047/2047 2139/2139/2139 2153/2153/2153
f 2009/2009/2009 2047/2047/2047 2278/2278/2278
f 2009/2009/2009 2278/2278/2278 2270/2270/2270
f 2290/2290/2290 2152/2152/2152 2494/2494/2494
f 2152/2152/2152 2290/2290/2290 2046/2046/2046
f 2046/2046/2046 2290/2290/2290 2479/2479/2479
f 2046/2046/2046 2479/2479/2479 2277/2277/2277
f 2289/2289/2289 2493/2493/2493 2178/2178/2178
f 2176/2176/2176 2491/2491/2491 2008/2008/2008
f 2176/2176/2176 2008/2008/2008 2269/2269/2269
f 2176/2176/2176 2269/2269/2269 2404/2404/2404
f 2478/2478/2478 2288/2288/2288 2405/2405/2405
f 2405/2405/2405 2288/2288/2288 2177/2177/2177
f 2480/2480/2480 2406/2406/2406 2279/2279/2279
f 2279/2279/2279 2406/2406/2406 2271/2271/2271
f 2658/2658/2658 2523/2523/2523 2220/2220/2220
f 2658/2658/2658 2220/2220/2220 2442/2442/2442
f 2442/2442/2442 2220/2220/2220 2069/2069/2069
f 2442/2442/2442 2069/2069/2069 2224/2224/2224
f 2658/2658/2658 2442/2442/2442 2660/2660/2660
f 2658/2658/2658 2660/2660/2660 2801/2801/2801
f 2221/2221/2221 2524/2524/2524 2441/2441/2441
f 2441/2441/2441 2524/2524/2524 2659/2659/2659
f 2221/2221/2221 2441/2441/2441 2070/2070/2070
f 2441/2441/2441 2659/2659/2659 2802/2802/2802
f 2070/2070/2070 2441/2441/2441 2225/2225/2225
f 2441/2441/2441 2802/2802/2802 2661/2661/2661
f 2225/2225/2225 2441/2441/2441 2443/2443/2443
f 2443/2443/2443 2441/2441/2441 2661/2661/2661
f 2910/2910/2910 2908/2908/2908 3130/3130/3130
f 3130/3130/3130 2908/2908/2908 3085/3085/3085
f 2910/2910/2910 3130/3130/3130 3029/3029/3029
f 3130/3130/3130 3085/3085/3085 3258/3258/3258
f 3029/3029/3029 3130/3130/3130 3164/3164/3164
f 3130/3130/3130 3258/3258/3258 3428/3428/3428
f 3164/3164/3164 3130/3130/3130 3433/3433/3433
f 3433/3433/3433 3130/3130/3130 3428/3428/3428
f 2909/2909/2909 3030/3030/3030 3165/3165/3165
f 2909/2909/2909 3165/3165/3165 2907/2907/2907
f 2907/2907/2907 3165/3165/3165 3257/3257/3257
f 3257/3257/3257 3165/3165/3165 3434/3434/3434
f 3257/3257/3257 3434/3434/3434 3427/3427/3427
f 3084/3084/3084 2906/2906/2906 3256/3256/3256
f 2234/2234/2234 2080/2080/2080 2376/2376/2376
f 2080/2080/2080 2234/2234/2234 2027/2027/2027
f 2027/2027/2027 2234/2234/2234 2076/2076/2076
f 2164/2164/2164 2081/2081/2081 2028/2028/2028
f 2164/2164/2164 2028/2028/2028 2077/2077/2077
f 5434/5434/5434 5683/5683/5683 5833/5833/5833
f 5833/5833/5833 5683/5683/5683 5915/5915/5915
f 5915/5915/5915 5683/5683/5683 5825/5825/5825
f 5434/5434/5434 5833/5833/5833 5514/5514/5514
f 5434/5434/5434 5514/5514/5514 4872/4872/4872
f 5435/5435/5435 4873/4873/4873 5408/5408/5408
f 5433/5433/5433 5406/5406/5406 5627/5627/5627
f 4869/4869/4869 5513/5513/5513 5136/5136/5136
f 5832/5832/5832 5585/5585/5585 5513/5513/5513
f 5513/5513/5513 5585/5585/5585 5136/5136/5136
f 5136/5136/5136 5585/5585/5585 5695/5695/5695
f 5136/5136/5136 5695/5695/5695 5692/5692/5692
f 5692/5692/5692 5695/5695/5695 5918/5918/5918
f 5136/5136/5136 5692/5692/5692 5747/5747/5747
f 5747/5747/5747 5692/5692/5692 5973/5973/5973
f 5136/5136/5136 5747/5747/5747 5291/5291/5291
f 5584/5584/5584 5831/5831/5831 5830/5830/5830
f 5830/5830/5830 5831/5831/5831 5914/5914/5914
f 5830/5830/5830 5914/5914/5914 5851/5851/5851
f 5851/5851/5851 5914/5914/5914 6051/6051/6051
f 5031/5031/5031 4781/4781/4781 4857/4857/4857
f 5694/5694/5694 5583/5583/5583 5916/5916/5916
f 5916/5916/5916 5583/5583/5583 5829/5829/5829
f 5916/5916/5916 5829/5829/5829 6054/6054/6054
f 6054/6054/6054 5829/5829/5829 5850/5850/5850
f 6054/6054/6054 5850/5850/5850 6119/6119/6119
f 6119/6119/6119 5850/5850/5850 6042/6042/6042
f 5288/5288/5288 5746/5746/5746 5688/5688/5688
f 5688/5688/5688 5746/5746/5746 5972/5972/5972
f 5688/5688/5688 5972/5972/5972 5890/5890/5890
f 5890/5890/5890 5972/5972/5972 6095/6095/6095
f 5890/5890/5890 6095/6095/6095 6009/6009/6009
f 5691/5691/5691 5917/5917/5917 5887/5887/5887
f 5887/5887/5887 5917/5917/5917 6055/6055/6055
f 5887/5887/5887 6055/6055/6055 5969/5969/5969
f 5969/5969/5969 6055/6055/6055 6120/6120/6120
f 5969/5969/5969 6120/6120/6120 6077/6077/6077
f 6077/6077/6077 6120/6120/6120 6187/6187/6187
f 6077/6077/6077 6187/6187/6187 6167/6167/6167
f 6167/6167/6167 6187/6187/6187 6269/6269/6269
f 6167/6167/6167 6269/6269/6269 6266/6266/6266
f 5693/5693/5693 5888/5888/5888 5974/5974/5974
f 5974/5974/5974 5888/5888/5888 6097/6097/6097
f 6097/6097/6097 5888/5888/5888 5971/5971/5971
f 6097/6097/6097 5971/5971/5971 6196/6196/6196
f 5687/5687/5687 5889/5889/5889 5778/5778/5778
f 5778/5778/5778 5889/5889/5889 6008/6008/6008
f 5964/5964/5964 5913/5913/5913 5824/5824/5824
f 5913/5913/5913 5964/5964/5964 6050/6050/6050
f 6050/6050/6050 5964/5964/5964 6088/6088/6088
f 6088/6088/6088 5964/5964/5964 6082/6082/6082
f 6088/6088/6088 6082/6082/6082 6151/6151/6151
f 5852/5852/5852 6052/6052/6052 6048/6048/6048
f 6053/6053/6053 6090/6090/6090 6049/6049/6049
f 6123/6123/6123 6047/6047/6047 6089/6089/6089
f 6123/6123/6123 6089/6089/6089 6152/6152/6152
f 6083/6083/6083 6124/6124/6124 6153/6153/6153
f 6121/6121/6121 6043/6043/6043 6188/6188/6188
f 6188/6188/6188 6043/6043/6043 6138/6138/6138
f 6188/6188/6188 6138/6138/6138 6270/6270/6270
f 6139/6139/6139 6226/6226/6226 6271/6271/6271
f 6271/6271/6271 6226/6226/6226 6330/6330/6330
f 6267/6267/6267 6272/6272/6272 6331/6331/6331
f 6332/6332/6332 6227/6227/6227 6268/6268/6268
f 5970/5970/5970 6171/6171/6171 6194/6194/6194
f 6194/6194/6194 6171/6171/6171 6278/6278/6278
f 6169/6169/6169 6010/6010/6010 6096/6096/6096
f 6169/6169/6169 6096/6096/6096 6195/6195/6195
f 6169/6169/6169 6195/6195/6195 6280/6280/6280
f 6169/6169/6169 6280/6280/6280 6276/6276/6276
f 6276/6276/6276 6280/6280/6280 6322/6322/6322
f 6172/6172/6172 6232/6232/6232 6279/6279/6279
f 6279/6279/6279 6232/6232/6232 6321/6321/6321
f 6323/6323/6323 6233/6233/6233 6277/6277/6277
f 5574/5574/5574 5681/5681/5681 5628/5628/5628
f 5681/5681/5681 5574/5574/5574 5772/5772/5772
f 5772/5772/5772 5574/5574/5574 5776/5776/5776
f 5772/5772/5772 5776/5776/5776 5900/5900/5900
f 5900/5900/5900 5776/5776/5776 5903/5903/5903
f 5900/5900/5900 5903/5903/5903 6000/6000/6000
f 5572/5572/5572 5624/5624/5624 5405/5405/5405
f 5626/5626/5626 5680/5680/5680 5131/5131/5131
f 5679/5679/5679 5770/5770/5770 5130/5130/5130
f 5511/5511/5511 5132/5132/5132 5771/5771/5771
f 5511/5511/5511 5771/5771/5771 5820/5820/5820
f 5820/5820/5820 5771/5771/5771 5899/5899/5899
f 5820/5820/5820 5899/5899/5899 5958/5958/5958
f 5510/5510/5510 5818/5818/5818 5773/5773/5773
f 5774/5774/5774 5819/5819/5819 5902/5902/5902
f 5904/5904/5904 5822/5822/5822 6004/6004/6004
f 5821/5821/5821 5959/5959/5959 6002/6002/6002
f 6002/6002/6002 5959/5959/5959 6114/6114/6114
f 5957/5957/5957 5898/5898/5898 6033/6033/6033
f 6034/6034/6034 5901/5901/5901 6001/6001/6001
f 5960/5960/5960 6035/6035/6035 6115/6115/6115
f 6003/6003/6003 6116/6116/6116 6036/6036/6036
f 4657/4657/4657 4599/4599/4599 5128/5128/5128
f 4932/4932/4932 4656/4656/4656 4831/4831/4831
f 4932/4932/4932 4831/4831/4831 5079/5079/5079
f 5079/5079/5079 4831/4831/4831 5073/5073/5073
f 4833/4833/4833 4659/4659/4659 5135/5135/5135
f 5080/5080/5080 5126/5126/5126 4933/4933/4933
f 5126/5126/5126 5080/5080/5080 5211/5211/5211
f 5211/5211/5211 5080/5080/5080 5171/5171/5171
f 5211/5211/5211 5171/5171/5171 5324/5324/5324
f 5324/5324/5324 5171/5171/5171 5273/5273/5273
f 4832/4832/4832 5125/5125/5125 4983/4983/4983
f 5078/5078/5078 4834/4834/4834 4985/4985/4985
f 5078/5078/5078 4985/4985/4985 5167/5167/5167
f 5129/5129/5129 5212/5212/5212 4984/4984/4984
f 4984/4984/4984 5212/5212/5212 5165/5165/5165
f 5165/5165/5165 5212/5212/5212 5325/5325/5325
f 5172/5172/5172 5081/5081/5081 5074/5074/5074
f 5076/5076/5076 5166/5166/5166 5271/5271/5271
f 5271/5271/5271 5166/5166/5166 5326/5326/5326
f 5173/5173/5173 5077/5077/5077 5275/5275/5275
f 5274/5274/5274 5075/5075/5075 5270/5270/5270
f 5274/5274/5274 5270/5270/5270 5368/5368/5368
f 5272/5272/5272 5327/5327/5327 5369/5369/5369
f 5276/5276/5276 5370/5370/5370 5328/5328/5328
f 3232/3232/3232 3497/3497/3497 3574/3574/3574
f 3232/3232/3232 3574/3574/3574 3110/3110/3110
f 3496/3496/3496 3231/3231/3231 3499/3499/3499
f 3499/3499/3499 3231/3231/3231 3070/3070/3070
f 3070/3070/3070 3231/3231/3231 3109/3109/3109
f 3499/3499/3499 3070/3070/3070 3575/3575/3575
f 3575/3575/3575 3070/3070/3070 3578/3578/3578
f 3070/3070/3070 3109/3109/3109 2829/2829/2829
f 3578/3578/3578 3070/3070/3070 3577/3577/3577
f 3577/3577/3577 3070/3070/3070 3413/3413/3413
f 3577/3577/3577 3413/3413/3413 3576/3576/3576
f 3577/3577/3577 3576/3576/3576 3651/3651/3651
f 3651/3651/3651 3576/3576/3576 3730/3730/3730
f 3413/3413/3413 3070/3070/3070 3071/3071/3071
f 3070/3070/3070 2829/2829/2829 3001/3001/3001
f 3070/3070/3070 3001/3001/3001 3071/3071/3071
f 3001/3001/3001 2829/2829/2829 2681/2681/2681
f 3001/3001/3001 2681/2681/2681 3000/3000/3000
f 3000/3000/3000 2681/2681/2681 2891/2891/2891
f 3000/3000/3000 2891/2891/2891 2949/2949/2949
f 2891/2891/2891 2681/2681/2681 2828/2828/2828
f 2891/2891/2891 2828/2828/2828 2947/2947/2947
f 3071/3071/3071 3001/3001/3001 3233/3233/3233
f 3071/3071/3071 3233/3233/3233 3344/3344/3344
f 3233/3233/3233 3001/3001/3001 3159/3159/3159
f 3233/3233/3233 3159/3159/3159 3498/3498/3498
f 3233/3233/3233 3498/3498/3498 3412/3412/3412
f 3414/3414/3414 3072/3072/3072 3345/3345/3345
f 2890/2890/2890 2946/2946/2946 2948/2948/2948
f 4305/4305/4305 4249/4249/4249 4371/4371/4371
f 4249/4249/4249 4305/4305/4305 4183/4183/4183
f 4304/4304/4304 4370/4370/4370 4419/4419/4419
f 4304/4304/4304 4419/4419/4419 4416/4416/4416
f 4418/4418/4418 4369/4369/4369 4315/4315/4315
f 4315/4315/4315 4369/4369/4369 4248/4248/4248
f 4315/4315/4315 4248/4248/4248 4372/4372/4372
f 4417/4417/4417 4420/4420/4420 4309/4309/4309
f 4309/4309/4309 4420/4420/4420 4316/4316/4316
f 4303/4303/4303 4415/4415/4415 4181/4181/4181
f 4181/4181/4181 4415/4415/4415 4308/4308/4308
f 4181/4181/4181 4308/4308/4308 4252/4252/4252
f 4252/4252/4252 4308/4308/4308 4323/4323/4323
f 4310/4310/4310 4318/4318/4318 4326/4326/4326
f 4182/4182/4182 4254/4254/4254 4319/4319/4319
f 4319/4319/4319 4254/4254/4254 4539/4539/4539
f 4184/4184/4184 4321/4321/4321 4250/4250/4250
f 4317/4317/4317 4374/4374/4374 4324/4324/4324
f 4373/4373/4373 4251/4251/4251 4320/4320/4320
f 4255/4255/4255 4327/4327/4327 4549/4549/4549
f 4549/4549/4549 4327/4327/4327 4545/4545/4545
f 4537/4537/4537 4253/4253/4253 4547/4547/4547
f 4537/4537/4537 4547/4547/4547 4721/4721/4721
f 4721/4721/4721 4547/4547/4547 4818/4818/4818
f 4377/4377/4377 4322/4322/4322 4535/4535/4535
f 4535/4535/4535 4322/4322/4322 4540/4540/4540
f 4325/4325/4325 4375/4375/4375 4546/4546/4546
f 4543/4543/4543 4376/4376/4376 4534/4534/4534
f 4548/4548/4548 4542/4542/4542 4819/4819/4819
f 4544/4544/4544 4536/4536/4536 4774/4774/4774
f 4774/4774/4774 4536/4536/4536 4720/4720/4720
f 4541/4541/4541 4771/4771/4771 4817/4817/4817
f 4817/4817/4817 4771/4771/4771 4917/4917/4917
f 4718/4718/4718 4533/4533/4533 4538/4538/4538
f 4718/4718/4718 4538/4538/4538 4722/4722/4722
f 4718/4718/4718 4722/4722/4722 4767/4767/4767
f 4724/4724/4724 4820/4820/4820 4766/4766/4766
f 4766/4766/4766 4820/4820/4820 4920/4920/4920
f 4773/4773/4773 4719/4719/4719 4814/4814/4814
f 4814/4814/4814 4719/4719/4719 4770/4770/4770
f 4769/4769/4769 4723/4723/4723 4765/4765/4765
f 4772/4772/4772 4813/4813/4813 4919/4919/4919
f 4918/4918/4918 4812/4812/4812 4768/4768/4768
f 4918/4918/4918 4768/4768/4768 4764/4764/4764
f 4585/4585/4585 4489/4489/4489 4486/4486/4486
f 4487/4487/4487 4490/4490/4490 4494/4494/4494
f 4488/4488/4488 4496/4496/4496 4586/4586/4586
f 4586/4586/4586 4496/4496/4496 4654/4654/4654
f 4495/4495/4495 4491/4491/4491 4529/4529/4529
f 4492/4492/4492 4584/4584/4584 4644/4644/4644
f 4493/4493/4493 4645/4645/4645 4530/4530/4530
f 4497/4497/4497 4531/4531/4531 4595/4595/4595
f 4594/4594/4594 4532/4532/4532 4646/4646/4646
f 4653/4653/4653 4498/4498/4498 4596/4596/4596
f 4583/4583/4583 4651/4651/4651 4648/4648/4648
f 4583/4583/4583 4648/4648/4648 4643/4643/4643
f 4643/4643/4643 4648/4648/4648 4822/4822/4822
f 4597/4597/4597 4647/4647/4647 4824/4824/4824
f 4649/4649/4649 4652/4652/4652 4925/4925/4925
f 4925/4925/4925 4652/4652/4652 4921/4921/4921
f 4650/4650/4650 4927/4927/4927 4825/4825/4825
f 4922/4922/4922 4655/4655/4655 4598/4598/4598
f 4922/4922/4922 4598/4598/4598 4829/4829/4829
f 4593/4593/4593 4821/4821/4821 4828/4828/4828
f 4828/4828/4828 4821/4821/4821 4987/4987/4987
f 4923/4923/4923 4830/4830/4830 5028/5028/5028
f 4924/4924/4924 5029/5029/5029 4928/4928/4928
f 4827/4827/4827 4986/4986/4986 5026/5026/5026
f 5026/5026/5026 4986/4986/4986 5082/5082/5082
f 4991/4991/4991 4826/4826/4826 4929/4929/4929
f 4823/4823/4823 4990/4990/4990 4988/4988/4988
f 4988/4988/4988 4990/4990/4990 5084/5084/5084
f 4989/4989/4989 4926/4926/4926 5027/5027/5027
f 4989/4989/4989 5027/5027/5027 5083/5083/5083
