# NCA textured piece from futuristic+chess+pawn+3d+model.glb
o pawn
mtllib pawn.mtl
usemtl pawn
v 0.236448 -0.001321 1.154501
v -0.170401 -0.001321 1.170352
v -0.249658 -0.003963 1.120157
v -0.249658 -0.003963 1.120157
v 0.223239 -0.003963 1.146575
v 0.239090 -0.003963 1.151859
v -0.188894 -0.003963 1.167710
v 0.268151 -0.006605 0.982779
v 0.236448 -0.006605 0.988063
v 0.236448 -0.006605 0.988063
v -0.210029 -0.006605 0.993346
v -0.210029 -0.006605 0.993346
v -0.310421 -0.006605 1.048826
v -0.310421 -0.006605 1.048826
v -0.313063 -0.006605 1.051468
v -0.313063 -0.006605 1.051468
v -0.313063 -0.006605 1.067319
v -0.033024 -0.006605 1.347358
v 0.033023 -0.006605 1.347358
v 0.257583 -0.009247 0.980137
v 0.281360 -0.009247 1.030333
v 0.307779 -0.009247 1.032975
v 0.310421 -0.009247 1.032975
v 0.228522 -0.009247 1.143933
v -0.217955 -0.011888 1.149217
v -0.217955 -0.011888 1.149217
v -0.062084 -0.011888 1.336791
v 0.064726 -0.011888 1.336791
v 0.064726 -0.011888 1.336791
v -0.030382 -0.011888 1.347358
v 0.030382 -0.011888 1.347358
v -0.252299 -0.014530 0.988063
v -0.210029 -0.014530 1.154501
v -0.228523 -0.014530 1.157143
v -0.228523 -0.014530 1.157143
v -0.217955 -0.017172 0.990705
v -0.299853 -0.017172 1.035616
v -0.299853 -0.017172 1.035616
v -0.223239 -0.017172 1.159785
v -0.091145 -0.017172 1.320939
v 0.093787 -0.017172 1.320939
v 0.093787 -0.017172 1.320939
v -0.027740 -0.017172 1.347358
v 0.027740 -0.017172 1.347358
v -0.125489 -0.019814 0.745010
v -0.125489 -0.019814 0.789922
v -0.241732 -0.019814 0.985421
v -0.297211 -0.019814 1.038258
v -0.231164 -0.019814 1.159785
v -0.231164 -0.019814 1.159785
v -0.138699 -0.022456 0.676321
v -0.138699 -0.022456 0.676321
v -0.265509 -0.022456 1.032975
v 0.117564 -0.022456 1.297162
v 0.117564 -0.022456 1.297162
v 0.117564 -0.022456 1.297162
v -0.117564 -0.022456 1.299804
v -0.022456 -0.022456 1.347358
v 0.025098 -0.022456 1.347358
v -0.138699 -0.025098 0.848043
v -0.059442 -0.025098 1.336791
v 0.059442 -0.025098 1.336791
v -0.159834 -0.025098 0.604990
v 0.122847 -0.027740 0.745010
v 0.122847 -0.027740 0.745010
v 0.122847 -0.027740 0.787280
v 0.122847 -0.027740 0.787280
v 0.146624 -0.027740 1.220548
v 0.146624 -0.027740 1.220548
v -0.143982 -0.027740 1.223190
v -0.143982 -0.027740 1.249609
v 0.146624 -0.027740 1.249609
v 0.146624 -0.027740 1.249609
v 0.146624 -0.027740 1.249609
v -0.136057 -0.027740 1.270744
v -0.136057 -0.027740 1.270744
v 0.138699 -0.027740 1.270744
v 0.138699 -0.027740 1.270744
v -0.017172 -0.027740 1.347358
v 0.019814 -0.027740 1.347358
v 0.136057 -0.030382 0.848043
v 0.136057 -0.030382 0.848043
v 0.162476 -0.030382 1.202055
v 0.162476 -0.030382 1.202055
v 0.162476 -0.030382 1.202055
v 0.162476 -0.030382 1.202055
v -0.151908 -0.030382 1.239041
v 0.151908 -0.030382 1.239041
v 0.151908 -0.030382 1.239041
v 0.151908 -0.030382 1.239041
v -0.006605 -0.030382 1.347358
v -0.011888 -0.030382 1.347358
v 0.006605 -0.030382 1.347358
v 0.014530 -0.030382 1.347358
v 0.136057 -0.030382 0.673679
v 0.136057 -0.030382 0.673679
v 0.165117 -0.033024 0.908806
v 0.165117 -0.033024 0.908806
v -0.165117 -0.033023 0.911448
v 0.170401 -0.033024 1.167710
v 0.170401 -0.033024 1.167710
v -0.159834 -0.033023 1.202055
v -0.159834 -0.033023 1.202055
v -0.159834 -0.033023 1.202055
v -0.159834 -0.033023 1.202055
v -0.165117 -0.033023 1.249609
v 0.167759 -0.033024 1.249609
v 0.167759 -0.033024 1.249609
v 0.167759 -0.033024 1.249609
v 0.001321 -0.033023 1.347358
v -0.188894 -0.033023 0.538943
v -0.178327 -0.035665 1.159785
v 0.178327 -0.035665 1.159785
v 0.178327 -0.035665 1.159785
v 0.178327 -0.035665 1.191487
v 0.178327 -0.035665 1.191487
v -0.178327 -0.035665 1.194129
v 0.186252 -0.035665 1.199413
v 0.186252 -0.035665 1.199413
v -0.186253 -0.035665 1.202055
v 0.186252 -0.035665 1.209980
v 0.186252 -0.035665 1.209980
v -0.183611 -0.035665 1.212622
v -0.085861 -0.035665 1.320939
v 0.088503 -0.035665 1.320939
v -0.054159 -0.035665 1.336791
v 0.054158 -0.035665 1.336791
v 0.157192 -0.035665 0.602348
v 0.199462 -0.038307 0.911448
v -0.199462 -0.038307 0.914090
v -0.196820 -0.038307 0.974853
v -0.196820 -0.038307 0.974853
v 0.199462 -0.038307 0.974853
v 0.199462 -0.038307 0.974853
v 0.199462 -0.038307 0.974853
v 0.188894 -0.038307 1.165068
v 0.188894 -0.038307 1.165068
v 0.186252 -0.038307 0.536301
v -0.207388 -0.040949 0.927299
v 0.207387 -0.040949 0.927299
v 0.207387 -0.040949 0.927299
v -0.281360 -0.040949 1.093738
v -0.281360 -0.040949 1.093738
v -0.217955 -0.040949 0.478180
v 0.215313 -0.040949 0.475538
v -0.120206 -0.043591 0.745010
v 0.215313 -0.043591 0.935225
v 0.215313 -0.043591 0.935225
v -0.215313 -0.043591 0.937867
v -0.215313 -0.043591 0.937867
v -0.215313 -0.043591 0.937867
v 0.215313 -0.043591 0.948434
v 0.215313 -0.043591 0.948434
v -0.212671 -0.043591 0.951076
v -0.212671 -0.043591 0.951076
v -0.289286 -0.043591 1.104305
v -0.289286 -0.043591 1.104305
v -0.165117 -0.043591 1.170352
v -0.130773 -0.046233 0.676321
v -0.130773 -0.046233 0.676321
v -0.117564 -0.046233 0.789922
v 0.112280 -0.046233 1.297162
v 0.112280 -0.046233 1.297162
v -0.109638 -0.046233 1.299804
v 0.046233 -0.046233 1.336791
v -0.046233 -0.046233 1.339432
v -0.236448 -0.046233 0.438552
v 0.236448 -0.046233 0.435910
v -0.284002 -0.048875 1.091096
v -0.291928 -0.048875 1.109589
v -0.183611 -0.048875 1.167710
v -0.249658 -0.048875 0.435910
v 0.249658 -0.048875 0.433268
v 0.114922 -0.051517 0.745010
v 0.114922 -0.051517 0.745010
v 0.114922 -0.051517 0.787280
v 0.114922 -0.051517 0.787280
v -0.130773 -0.051517 0.848043
v -0.291928 -0.051517 1.101663
v -0.077935 -0.051517 1.320939
v 0.077935 -0.051517 1.320939
v 0.128131 -0.051517 0.673679
v 0.128131 -0.051517 0.673679
v 0.128131 -0.051517 0.673679
v 0.128131 -0.054159 0.848043
v 0.128131 -0.054159 0.848043
v -0.128131 -0.054159 1.270744
v -0.128131 -0.054159 1.270744
v 0.130773 -0.054159 1.270744
v 0.035665 -0.054159 1.336791
v -0.035665 -0.054159 1.339432
v -0.278718 -0.054158 0.414775
v 0.276076 -0.054159 0.412133
v -0.281360 -0.054158 0.404207
v 0.278718 -0.054159 0.401566
v -0.273435 -0.054158 0.388356
v 0.270793 -0.054159 0.388356
v -0.276076 -0.054158 0.351370
v 0.273434 -0.054159 0.348728
v 0.273434 -0.054159 0.348728
v 0.112280 -0.056800 0.734442
v 0.136057 -0.056800 1.220548
v -0.136057 -0.056800 1.223190
v -0.138699 -0.056800 1.249609
v 0.141340 -0.056800 1.249609
v 0.114922 -0.056800 0.673679
v 0.114922 -0.056800 0.673679
v 0.114922 -0.056800 0.673679
v 0.125489 -0.056800 0.673679
v 0.125489 -0.056800 0.673679
v -0.151908 -0.056800 0.604990
v 0.109638 -0.059442 0.731800
v 0.101712 -0.059442 0.734442
v 0.101712 -0.059442 0.734442
v -0.114922 -0.059442 0.737084
v 0.106996 -0.059442 0.737084
v 0.109638 -0.059442 0.745010
v -0.143982 -0.059442 1.239041
v -0.143982 -0.059442 1.239041
v 0.143982 -0.059442 1.239041
v 0.025098 -0.059442 1.336791
v -0.025098 -0.059442 1.339432
v 0.122847 -0.059442 0.673679
v 0.122847 -0.059442 0.673679
v 0.149266 -0.059442 0.602348
v -0.302495 -0.059442 0.346086
v -0.302495 -0.059442 0.346086
v 0.299853 -0.059442 0.343444
v -0.122847 -0.062084 0.676321
v -0.122847 -0.062084 0.676321
v -0.101712 -0.062084 0.734442
v -0.109638 -0.062084 0.734442
v -0.112280 -0.062084 0.745010
v -0.151908 -0.062084 1.202055
v 0.151908 -0.062084 1.202055
v 0.151908 -0.062084 1.202055
v -0.011889 -0.062084 1.336791
v 0.014530 -0.062084 1.336791
v 0.143982 -0.062084 0.612916
v 0.133415 -0.062084 0.610274
v -0.099071 -0.064726 0.734442
v -0.109638 -0.064726 0.739726
v 0.154550 -0.064726 0.908806
v -0.154550 -0.064726 0.911448
v -0.157192 -0.064726 1.249609
v 0.157192 -0.064726 1.249609
v 0.101712 -0.064726 1.297162
v 0.101712 -0.064726 1.297162
v -0.099071 -0.064726 1.299804
v -0.067368 -0.064726 1.320939
v 0.001321 -0.064726 1.336791
v 0.141340 -0.064726 0.612916
v -0.323630 -0.064726 0.285323
v -0.323630 -0.064726 0.285323
v 0.323630 -0.064726 0.282681
v -0.112280 -0.067368 0.676321
v -0.112280 -0.067368 0.676321
v -0.106996 -0.067368 0.789922
v 0.067368 -0.067368 1.320939
v 0.138699 -0.067368 0.610274
v 0.143982 -0.067368 0.602348
v -0.120206 -0.070010 0.676321
v -0.120206 -0.070010 0.676321
v 0.093787 -0.070010 0.734442
v 0.093787 -0.070010 0.734442
v -0.104354 -0.070010 0.739726
v -0.106996 -0.070010 0.745010
v -0.167759 -0.070010 1.159785
v 0.167759 -0.070010 1.159785
v -0.188894 -0.070010 1.162427
v 0.167759 -0.070010 1.191487
v -0.167759 -0.070010 1.194129
v -0.178327 -0.070010 0.538943
v -0.106996 -0.072652 0.676321
v -0.106996 -0.072652 0.676321
v 0.099070 -0.072652 0.737084
v 0.099070 -0.072652 0.737084
v 0.101712 -0.072652 0.787280
v 0.249658 -0.072652 1.117515
v 0.249658 -0.072652 1.117515
v 0.249658 -0.072652 1.117515
v 0.249658 -0.072652 1.117515
v 0.175685 -0.072652 1.199413
v -0.173043 -0.072652 1.202055
v 0.175685 -0.072652 1.209980
v -0.173043 -0.072652 1.212622
v 0.175685 -0.072652 0.536301
v -0.373826 -0.072652 0.124168
v -0.373826 -0.072652 0.124168
v 0.373826 -0.072652 0.118885
v -0.373826 -0.072652 0.092466
v 0.371184 -0.072652 0.089824
v 0.099070 -0.075294 0.745010
v 0.099070 -0.075294 0.745010
v -0.117564 -0.075294 0.848043
v -0.202104 -0.075294 1.167710
v 0.104354 -0.075294 0.673679
v 0.104354 -0.075294 0.673679
v -0.136057 -0.075294 0.615558
v -0.128131 -0.075294 0.612916
v -0.141341 -0.075294 0.612916
v 0.085861 -0.077935 0.734442
v -0.088503 -0.077935 0.737084
v 0.186252 -0.077935 0.911448
v 0.186252 -0.077935 0.911448
v -0.186253 -0.077935 0.914090
v -0.186253 -0.077935 0.974853
v 0.186252 -0.077935 0.974853
v 0.186252 -0.077935 0.974853
v -0.191536 -0.077935 1.159785
v -0.210029 -0.077935 1.167710
v -0.114922 -0.077935 1.270744
v -0.114922 -0.077935 1.270744
v 0.117564 -0.077935 1.270744
v -0.051517 -0.077935 1.320939
v 0.054158 -0.077935 1.320939
v -0.141341 -0.077935 0.604990
v -0.397603 -0.077935 0.137378
v 0.397603 -0.077935 0.134736
v 0.114922 -0.080577 0.848043
v -0.194178 -0.080577 0.927299
v -0.194178 -0.080577 0.927299
v 0.194178 -0.080577 0.927299
v 0.194178 -0.080577 0.927299
v -0.202104 -0.080577 1.165068
v -0.202104 -0.080577 1.165068
v 0.122847 -0.080577 1.220548
v -0.122847 -0.080577 1.223190
v -0.122847 -0.080577 1.223190
v -0.122847 -0.080577 1.249609
v -0.122847 -0.080577 1.249609
v 0.125489 -0.080577 1.249609
v -0.136057 -0.080577 0.612916
v -0.413454 -0.080577 0.203425
v 0.410812 -0.080577 0.200783
v -0.410812 -0.080577 0.081898
v -0.410812 -0.080577 0.081898
v 0.408170 -0.080577 0.076614
v -0.410812 -0.080577 0.002642
v -0.410812 -0.080577 0.002642
v 0.408170 -0.080577 0.000000
v -0.085861 -0.083219 0.734442
v 0.091145 -0.083219 0.737084
v -0.093787 -0.083219 0.739726
v -0.096429 -0.083219 0.745010
v 0.091145 -0.083219 0.745010
v 0.091145 -0.083219 0.745010
v -0.093787 -0.083219 0.789922
v 0.202104 -0.083219 0.935225
v 0.202104 -0.083219 0.935225
v -0.202104 -0.083219 0.937867
v -0.202104 -0.083219 0.937867
v 0.202104 -0.083219 0.948434
v 0.202104 -0.083219 0.948434
v -0.199462 -0.083219 0.951076
v -0.085861 -0.083219 1.299804
v -0.122847 -0.083219 0.610274
v -0.204746 -0.083219 0.478180
v 0.202104 -0.083219 0.475538
v -0.418738 -0.083219 0.190215
v 0.418738 -0.083219 0.187573
v -0.418738 -0.083219 0.179648
v 0.416096 -0.083219 0.174364
v -0.418738 -0.083219 0.063405
v -0.418738 -0.083219 0.063405
v 0.418738 -0.083219 0.060763
v -0.418738 -0.083219 0.015851
v -0.418738 -0.083219 0.015851
v 0.416096 -0.083219 0.010568
v 0.088503 -0.085861 0.731800
v -0.252299 -0.085861 1.114873
v -0.252299 -0.085861 1.114873
v -0.146624 -0.085861 1.170352
v 0.146624 -0.085861 1.170352
v -0.128131 -0.085861 1.239041
v -0.128131 -0.085861 1.239041
v 0.130773 -0.085861 1.239041
v 0.085861 -0.085861 1.297162
v -0.035665 -0.085861 1.320939
v 0.035665 -0.085861 1.320939
v -0.133415 -0.085861 0.612916
v 0.117564 -0.085861 0.610274
v -0.136057 -0.085861 0.604990
v -0.093787 -0.088503 0.676321
v -0.093787 -0.088503 0.676321
v -0.088503 -0.088503 0.734442
v 0.088503 -0.088503 0.734442
v -0.091145 -0.088503 0.737084
v 0.091145 -0.088503 0.673679
v 0.091145 -0.088503 0.673679
v -0.093787 -0.091145 0.676321
v -0.093787 -0.091145 0.676321
v 0.085861 -0.091145 0.742368
v -0.085861 -0.091145 0.745010
v 0.085861 -0.091145 0.787280
v 0.085861 -0.091145 0.787280
v 0.138699 -0.091145 0.908806
v -0.138699 -0.091145 0.911448
v -0.136057 -0.091145 1.202055
v 0.138699 -0.091145 1.202055
v -0.017172 -0.091145 1.320939
v 0.019814 -0.091145 1.320939
v 0.122847 -0.091145 0.610274
v -0.223239 -0.091145 0.438552
v 0.220597 -0.091145 0.435910
v -0.085861 -0.093787 0.737084
v -0.101712 -0.093787 0.848043
v -0.167759 -0.093787 1.167710
v -0.141341 -0.093787 1.249609
v -0.141341 -0.093787 1.249609
v 0.141340 -0.093787 1.249609
v 0.001321 -0.093787 1.320939
v 0.128131 -0.093787 0.602348
v 0.096429 -0.096429 0.673679
v 0.096429 -0.096429 0.673679
v -0.236448 -0.096429 0.435910
v 0.233806 -0.096429 0.433268
v -0.096429 -0.099070 0.676321
v -0.096429 -0.099070 0.676321
v 0.099070 -0.099070 0.848043
v 0.167759 -0.099070 1.165068
v -0.099071 -0.099070 1.270744
v 0.099070 -0.099070 1.270744
v 0.099070 -0.099070 1.270744
v 0.067368 -0.099070 1.297162
v -0.067368 -0.099070 1.299804
v 0.096429 -0.099070 0.673679
v 0.096429 -0.099070 0.673679
v -0.075294 -0.101712 0.745010
v -0.075294 -0.101712 0.789922
v -0.151908 -0.101712 1.159785
v 0.151908 -0.101712 1.159785
v 0.151908 -0.101712 1.191487
v -0.151908 -0.101712 1.194129
v 0.104354 -0.101712 0.610274
v -0.093787 -0.104354 0.676321
v -0.093787 -0.104354 0.676321
v -0.260225 -0.104354 1.099022
v -0.268151 -0.104354 1.114873
v -0.268151 -0.104354 1.114873
v 0.157192 -0.104354 1.199413
v -0.157192 -0.104354 1.202055
v -0.157192 -0.104354 1.212622
v 0.157192 -0.104354 1.212622
v 0.104354 -0.104354 1.220548
v -0.104354 -0.104354 1.223190
v 0.091145 -0.104354 0.673679
v 0.091145 -0.104354 0.673679
v -0.104354 -0.104354 0.610274
v -0.159834 -0.104354 0.538943
v -0.257583 -0.104354 0.388356
v 0.254941 -0.104354 0.388356
v 0.067368 -0.106996 0.745010
v 0.067368 -0.106996 0.787280
v -0.254941 -0.106996 1.104305
v -0.254941 -0.106996 1.104305
v -0.270793 -0.106996 1.109589
v -0.106996 -0.106996 1.249609
v 0.106996 -0.106996 1.249609
v -0.117564 -0.106996 0.612916
v 0.112280 -0.106996 0.610274
v 0.154550 -0.106996 0.538943
v -0.262867 -0.106996 0.414775
v 0.260225 -0.106996 0.412133
v -0.260225 -0.106996 0.351370
v 0.257583 -0.106996 0.348728
v 0.257583 -0.106996 0.348728
v -0.265509 -0.109638 1.112231
v -0.109638 -0.109638 1.239041
v 0.109638 -0.109638 1.239041
v -0.046233 -0.109638 1.299804
v 0.046233 -0.109638 1.299804
v 0.109638 -0.109638 0.615558
v -0.101712 -0.109638 0.612916
v -0.120206 -0.109638 0.604990
v 0.114922 -0.109638 0.602348
v -0.265509 -0.109638 0.404207
v 0.262867 -0.109638 0.401566
v -0.083219 -0.112280 0.676321
v -0.083219 -0.112280 0.676321
v 0.167759 -0.112280 0.911448
v -0.167759 -0.112280 0.914090
v 0.254941 -0.112280 0.919374
v 0.257583 -0.112280 0.919374
v 0.257583 -0.112280 0.919374
v 0.257583 -0.112280 0.919374
v 0.167759 -0.112280 0.974853
v -0.167759 -0.112280 0.977495
v -0.167759 -0.112280 0.977495
v -0.167759 -0.112280 0.977495
v -0.109638 -0.112280 0.612916
v 0.106996 -0.112280 0.612916
v -0.051517 -0.114922 0.745010
v -0.051517 -0.114922 0.745010
v -0.051517 -0.114922 0.789922
v -0.051517 -0.114922 0.789922
v -0.080577 -0.114922 0.848043
v 0.254941 -0.114922 0.919374
v 0.305137 -0.114922 0.922016
v 0.305137 -0.114922 0.922016
v -0.173043 -0.114922 0.927299
v -0.173043 -0.114922 0.927299
v -0.173043 -0.114922 0.927299
v 0.175685 -0.114922 0.927299
v -0.114922 -0.114922 1.202055
v -0.114922 -0.114922 1.202055
v 0.117564 -0.114922 1.202055
v -0.104354 -0.114922 0.615558
v 0.072652 -0.117564 0.676321
v 0.072652 -0.117564 0.676321
v 0.043591 -0.117564 0.745010
v 0.046233 -0.117564 0.787280
v 0.077935 -0.117564 0.848043
v 0.077935 -0.117564 0.848043
v 0.117564 -0.117564 0.908806
v -0.117564 -0.117564 0.911448
v -0.077935 -0.117564 1.270744
v 0.077935 -0.117564 1.270744
v 0.077935 -0.117564 1.270744
v -0.022456 -0.117564 1.299804
v 0.025098 -0.117564 1.299804
v 0.106996 -0.117564 0.604990
v -0.284002 -0.117564 0.346086
v -0.284002 -0.117564 0.346086
v -0.284002 -0.117564 0.346086
v 0.284002 -0.117564 0.343444
v -0.241732 -0.120205 0.922016
v -0.241732 -0.120205 0.924658
v -0.247016 -0.120205 0.924658
v -0.180969 -0.120205 0.937867
v -0.180969 -0.120205 0.937867
v 0.180969 -0.120206 0.948434
v -0.180969 -0.120205 0.951076
v -0.180969 -0.120205 0.951076
v -0.120206 -0.120205 1.170352
v 0.122847 -0.120206 1.170352
v -0.120206 -0.120205 1.249609
v -0.120206 -0.120205 1.249609
v 0.120205 -0.120206 1.249609
v 0.001321 -0.120205 1.299804
v -0.104354 -0.120205 0.612916
v -0.106996 -0.120205 0.604990
v -0.183611 -0.120205 0.478180
v 0.180969 -0.120206 0.478180
v -0.030382 -0.122847 0.745010
v -0.030382 -0.122847 0.789922
v 0.305137 -0.122847 0.919374
v -0.294570 -0.122847 0.924658
v 0.183611 -0.122847 0.935225
v 0.083219 -0.122847 1.220548
v -0.080577 -0.122847 1.223190
v -0.080577 -0.122847 1.249609
v 0.083219 -0.122847 1.249609
v 0.083219 -0.122847 1.249609
v -0.001321 -0.125489 0.745010
v 0.019814 -0.125489 0.745010
v -0.001321 -0.125489 0.789922
v 0.019814 -0.125489 0.789922
v 0.368542 -0.125489 0.908806
v 0.368542 -0.125489 0.908806
v -0.239090 -0.125489 1.114873
v -0.239090 -0.125489 1.114873
v -0.305137 -0.125489 0.285323
v -0.305137 -0.125489 0.285323
v 0.302495 -0.125489 0.282681
v -0.056800 -0.128131 0.676321
v -0.056800 -0.128131 0.676321
v -0.056800 -0.128131 0.676321
v 0.046233 -0.128131 0.676321
v 0.046233 -0.128131 0.676321
v 0.046233 -0.128131 0.676321
v -0.056800 -0.128131 0.848043
v 0.376468 -0.128131 0.911448
v 0.376468 -0.128131 0.911448
v 0.331556 -0.128131 0.914090
v 0.331556 -0.128131 0.914090
v 0.331556 -0.128131 0.914090
v -0.294570 -0.128131 0.924658
v -0.128131 -0.128131 1.159785
v 0.128131 -0.128131 1.159785
v 0.128131 -0.128131 1.191487
v -0.128131 -0.128131 1.194129
v -0.085861 -0.128131 1.239041
v 0.088503 -0.128131 1.239041
v 0.088503 -0.128131 1.239041
v 0.054158 -0.128131 1.270744
v 0.051517 -0.130773 0.848043
v 0.294569 -0.130773 0.890313
v -0.138699 -0.130773 1.167710
v -0.054159 -0.130773 1.270744
v -0.093787 -0.130773 0.604990
v -0.093787 -0.130773 0.604990
v -0.138699 -0.130773 0.538943
v -0.138699 -0.130773 0.538943
v 0.284002 -0.133415 0.879746
v 0.281360 -0.133415 0.882387
v 0.323630 -0.133415 0.914090
v 0.228522 -0.133415 1.117515
v 0.228522 -0.133415 1.117515
v 0.138699 -0.133415 1.167710
v 0.133415 -0.133415 1.199413
v -0.133415 -0.133415 1.202055
v -0.133415 -0.133415 1.212622
v -0.133415 -0.133415 1.212622
v 0.133415 -0.133415 1.212622
v -0.202104 -0.133415 0.438552
v -0.202104 -0.133415 0.438552
v 0.199462 -0.133415 0.435910
v -0.033024 -0.136057 0.676321
v -0.033024 -0.136057 0.676321
v -0.033024 -0.136057 0.676321
v -0.030382 -0.136057 0.848043
v -0.030382 -0.136057 0.848043
v 0.281360 -0.136057 0.879746
v 0.313063 -0.136057 0.879746
v 0.294569 -0.136057 0.892955
v -0.357975 -0.136057 0.914090
v -0.363258 -0.136057 0.916732
v -0.318346 -0.136057 0.919374
v -0.091145 -0.136057 1.202055
v -0.091145 -0.136057 1.202055
v 0.091145 -0.136057 1.202055
v -0.056800 -0.136057 1.223190
v 0.056800 -0.136057 1.223190
v 0.056800 -0.136057 1.223190
v -0.027740 -0.136057 1.270744
v 0.027740 -0.136057 1.270744
v 0.083219 -0.136057 0.604990
v 0.130773 -0.136057 0.538943
v -0.001321 -0.138699 0.676321
v -0.001321 -0.138699 0.676321
v 0.019814 -0.138699 0.676321
v 0.019814 -0.138699 0.676321
v 0.025098 -0.138699 0.848043
v 0.310421 -0.138699 0.877104
v -0.268151 -0.138699 0.885029
v 0.307779 -0.138699 0.887671
v -0.278718 -0.138699 0.892955
v 0.093787 -0.138699 0.908806
v 0.093787 -0.138699 0.908806
v -0.093787 -0.138699 0.911448
v 0.365900 -0.138699 0.911448
v 0.365900 -0.138699 0.911448
v -0.056800 -0.138699 1.249609
v 0.059442 -0.138699 1.249609
v 0.059442 -0.138699 1.249609
v -0.001321 -0.141341 0.848043
v -0.268151 -0.141340 0.882387
v -0.302495 -0.141340 0.882387
v -0.265509 -0.141340 0.885029
v -0.284002 -0.141340 0.898239
v 0.143982 -0.141341 0.911448
v -0.143982 -0.141341 0.914090
v -0.143982 -0.141341 0.914090
v -0.310421 -0.141340 0.919374
v 0.408170 -0.141341 0.940509
v 0.408170 -0.141341 0.940509
v 0.418738 -0.141341 0.956360
v 0.418738 -0.141341 0.956360
v 0.418738 -0.141341 0.959002
v 0.418738 -0.141341 0.959002
v -0.093787 -0.141341 1.249609
v 0.093787 -0.141341 1.249609
v 0.001321 -0.141341 1.270744
v -0.212671 -0.141340 0.435910
v -0.212671 -0.141340 0.435910
v 0.210029 -0.141341 0.433268
v -0.299853 -0.143982 0.882387
v -0.297211 -0.143982 0.892955
v 0.405528 -0.143982 0.945793
v 0.405528 -0.143982 0.945793
v 0.424022 -0.143982 0.966928
v 0.424022 -0.143982 0.966928
v 0.143982 -0.143982 0.974853
v -0.141341 -0.143982 0.977495
v -0.141341 -0.143982 0.977495
v 0.093787 -0.143982 1.170352
v -0.091145 -0.143982 1.172994
v -0.091145 -0.143982 1.172994
v -0.027740 -0.143982 1.223190
v 0.030382 -0.143982 1.223190
v -0.059442 -0.143982 1.239041
v 0.059442 -0.143982 1.239041
v -0.027740 -0.143982 1.249609
v 0.030382 -0.143982 1.249609
v -0.352691 -0.143982 0.124168
v 0.352691 -0.143982 0.121526
v -0.350049 -0.143982 0.092466
v -0.350049 -0.143982 0.092466
v 0.350049 -0.143982 0.089824
v 0.381751 -0.146624 0.900881
v -0.352691 -0.146624 0.916732
v -0.146624 -0.146624 0.927299
v -0.146624 -0.146624 0.927299
v 0.149266 -0.146624 0.927299
v -0.408170 -0.146624 0.961644
v -0.410812 -0.146624 0.964286
v 0.424022 -0.146624 0.966928
v 0.424022 -0.146624 0.966928
v 0.001321 -0.146624 1.223190
v 0.001321 -0.146624 1.249609
v -0.064726 -0.146624 0.604990
v -0.064726 -0.146624 0.604990
v -0.397603 -0.149266 0.945793
v 0.056800 -0.149266 0.604990
v 0.056800 -0.149266 0.604990
v 0.350049 -0.151908 0.874462
v 0.365900 -0.151908 0.900881
v 0.365900 -0.151908 0.900881
v 0.389677 -0.151908 0.900881
v -0.151908 -0.151908 0.951076
v -0.151908 -0.151908 0.951076
v -0.392319 -0.151908 0.951076
v -0.392319 -0.151908 0.951076
v 0.165117 -0.151908 1.136008
v -0.101712 -0.151908 1.159785
v -0.101712 -0.151908 1.159785
v 0.101712 -0.151908 1.159785
v -0.101712 -0.151908 1.194129
v -0.101712 -0.151908 1.194129
v 0.101712 -0.151908 1.194129
v -0.062084 -0.151908 1.202055
v 0.064726 -0.151908 1.202055
v 0.064726 -0.151908 1.202055
v -0.030382 -0.151908 1.239041
v 0.030382 -0.151908 1.239041
v 0.064726 -0.154550 0.908806
v 0.064726 -0.154550 0.908806
v -0.064726 -0.154550 0.911448
v -0.154550 -0.154550 0.937867
v -0.154550 -0.154550 0.937867
v 0.154550 -0.154550 0.937867
v 0.154550 -0.154550 0.948434
v 0.157192 -0.154550 1.138650
v -0.104354 -0.154550 1.212622
v -0.104354 -0.154550 1.212622
v 0.104354 -0.154550 1.212622
v 0.001321 -0.154550 1.239041
v -0.064726 -0.154550 1.249609
v 0.064726 -0.154550 1.249609
v 0.064726 -0.154550 1.249609
v -0.109638 -0.154550 0.538943
v -0.109638 -0.154550 0.538943
v -0.157192 -0.154550 0.478180
v -0.157192 -0.154550 0.478180
v 0.154550 -0.154550 0.478180
v -0.231164 -0.154550 0.390998
v -0.231164 -0.154550 0.390998
v 0.231164 -0.154550 0.388356
v -0.233806 -0.154550 0.351370
v -0.233806 -0.154550 0.351370
v 0.231164 -0.154550 0.348728
v 0.231164 -0.154550 0.348728
v -0.376468 -0.154550 0.137378
v -0.376468 -0.154550 0.137378
v 0.373826 -0.154550 0.134736
v 0.347407 -0.157192 0.874462
v 0.352691 -0.157192 0.874462
v -0.371184 -0.157192 0.903523
v -0.413454 -0.157192 0.972211
v 0.106996 -0.157192 1.199413
v -0.104354 -0.157192 1.202055
v -0.104354 -0.157192 1.202055
v -0.038307 -0.157192 0.604990
v 0.101712 -0.157192 0.538943
v -0.236448 -0.157192 0.414775
v -0.236448 -0.157192 0.414775
v 0.233806 -0.157192 0.412133
v -0.239090 -0.157192 0.404207
v -0.239090 -0.157192 0.404207
v 0.236448 -0.157192 0.401566
v -0.336840 -0.159834 0.879746
v 0.376468 -0.159834 0.898239
v 0.387035 -0.159834 0.898239
v -0.352691 -0.159834 0.906164
v 0.101712 -0.159834 1.167710
v -0.101712 -0.159834 1.170352
v -0.101712 -0.159834 1.170352
v -0.030382 -0.159834 1.202055
v 0.033023 -0.159834 1.202055
v 0.033023 -0.159834 1.202055
v -0.001321 -0.159834 0.604990
v 0.025098 -0.159834 0.604990
v -0.389677 -0.159834 0.203425
v -0.389677 -0.159834 0.203425
v 0.387035 -0.159834 0.200783
v -0.387035 -0.159834 0.081898
v -0.387035 -0.159834 0.081898
v 0.384393 -0.159834 0.079256
v -0.387035 -0.159834 0.002642
v 0.384393 -0.159834 0.000000
v -0.334198 -0.162476 0.879746
v 0.368542 -0.162476 0.900881
v 0.368542 -0.162476 0.900881
v -0.376468 -0.162476 0.906164
v -0.033024 -0.162476 0.911448
v -0.033024 -0.162476 0.911448
v 0.033023 -0.162476 0.911448
v 0.165117 -0.162476 1.154501
v 0.170401 -0.162476 1.154501
v 0.056800 -0.162476 1.170352
v 0.056800 -0.162476 1.170352
v -0.394961 -0.162476 0.190215
v -0.394961 -0.162476 0.190215
v 0.392319 -0.162476 0.187573
v -0.394961 -0.162476 0.179648
v -0.394961 -0.162476 0.179648
v 0.392319 -0.162476 0.174364
v -0.394961 -0.162476 0.063405
v -0.394961 -0.162476 0.063405
v 0.392319 -0.162476 0.060763
v -0.394961 -0.162476 0.015851
v 0.392319 -0.162476 0.010568
v -0.336840 -0.165117 0.879746
v 0.223239 -0.165117 0.919374
v 0.400245 -0.165117 0.990705
v 0.167759 -0.165117 1.157143
v -0.048875 -0.165117 1.170352
v 0.001321 -0.165117 1.202055
v -0.033024 -0.165117 1.249609
v 0.033023 -0.165117 1.249609
v -0.001321 -0.167759 0.911448
v 0.112280 -0.167759 0.911448
v 0.112280 -0.167759 0.911448
v -0.112280 -0.167759 0.914090
v 0.220597 -0.167759 0.922016
v 0.418738 -0.167759 0.924658
v -0.070010 -0.167759 1.159785
v 0.070010 -0.167759 1.159785
v -0.070010 -0.167759 1.194129
v 0.070010 -0.167759 1.194129
v 0.070010 -0.167759 1.194129
v 0.001321 -0.167759 1.249609
v -0.368542 -0.170401 0.903523
v -0.373826 -0.170401 0.903523
v -0.373826 -0.170401 0.903523
v -0.355333 -0.170401 0.906164
v 0.223239 -0.170401 0.922016
v 0.223239 -0.170401 0.922016
v 0.431947 -0.170401 0.937867
v 0.434589 -0.170401 0.940509
v 0.437231 -0.170401 0.951076
v 0.437231 -0.170401 0.953718
v 0.112280 -0.170401 0.974853
v -0.112280 -0.170401 0.977495
v -0.212671 -0.170401 1.112231
v -0.212671 -0.170401 1.112231
v -0.212671 -0.170401 1.112231
v -0.178327 -0.170401 1.120157
v -0.178327 -0.170401 1.120157
v -0.186253 -0.170401 1.120157
v -0.186253 -0.170401 1.120157
v 0.001321 -0.170401 1.170352
v -0.170401 -0.170401 0.438552
v 0.170401 -0.170401 0.435910
v -0.257583 -0.170401 0.346086
v 0.254941 -0.170401 0.343444
v -0.207388 -0.173043 0.924658
v -0.207388 -0.173043 0.924658
v -0.114922 -0.173043 0.927299
v -0.114922 -0.173043 0.927299
v 0.117564 -0.173043 0.927299
v 0.196820 -0.173043 1.120157
v 0.196820 -0.173043 1.120157
v 0.072652 -0.173043 1.199413
v 0.072652 -0.173043 1.199413
v -0.072652 -0.173043 1.202055
v -0.072652 -0.173043 1.212622
v 0.072652 -0.173043 1.212622
v 0.072652 -0.173043 1.212622
v 0.418738 -0.175685 0.922016
v -0.207388 -0.175685 0.924658
v -0.207388 -0.175685 0.924658
v -0.186253 -0.175685 1.138650
v -0.191536 -0.175685 1.138650
v -0.191536 -0.175685 1.138650
v -0.075294 -0.175685 0.538943
v 0.070010 -0.175685 0.538943
v 0.070010 -0.175685 0.538943
v -0.408170 -0.178327 0.927299
v -0.408170 -0.178327 0.927299
v -0.120206 -0.178327 0.951076
v -0.188894 -0.178327 1.141292
v -0.188894 -0.178327 1.141292
v -0.188894 -0.178327 1.141292
v -0.035665 -0.178327 1.159785
v 0.035665 -0.178327 1.159785
v 0.035665 -0.178327 1.159785
v -0.035665 -0.178327 1.194129
v 0.035665 -0.178327 1.194129
v 0.035665 -0.178327 1.194129
v -0.180969 -0.178327 0.435910
v 0.178327 -0.178327 0.433268
v 0.252299 -0.180969 0.879746
v 0.249657 -0.180969 0.882387
v -0.120206 -0.180969 0.937867
v 0.122847 -0.180969 0.937867
v 0.429305 -0.180969 0.940509
v -0.424022 -0.180969 0.943151
v 0.120205 -0.180969 0.951076
v -0.429305 -0.180969 0.956360
v 0.001321 -0.180969 1.159785
v 0.001321 -0.180969 1.194129
v -0.122847 -0.180969 0.478180
v 0.120205 -0.180969 0.478180
v -0.273435 -0.180969 0.285323
v 0.273434 -0.180969 0.282681
v 0.252299 -0.183611 0.879746
v 0.431947 -0.183611 0.937867
v -0.426664 -0.183611 0.945793
v -0.397603 -0.183611 0.988063
v -0.054159 -0.183611 1.167710
v -0.054159 -0.183611 1.167710
v 0.062084 -0.183611 1.167710
v 0.062084 -0.183611 1.167710
v 0.038307 -0.183611 1.199413
v 0.038307 -0.183611 1.199413
v -0.035665 -0.183611 1.202055
v -0.035665 -0.183611 1.212622
v 0.038307 -0.183611 1.212622
v 0.252299 -0.186253 0.882387
v 0.077935 -0.186252 0.911448
v -0.077935 -0.186252 0.914090
v -0.408170 -0.186252 0.924658
v -0.426664 -0.186252 0.959002
v -0.040949 -0.186252 0.538943
v 0.033023 -0.186252 0.538943
v -0.233806 -0.188894 0.885029
v -0.233806 -0.188894 0.885029
v -0.239090 -0.188894 0.885029
v -0.239090 -0.188894 0.885029
v 0.431947 -0.188894 0.951076
v 0.431947 -0.188894 0.953718
v -0.077935 -0.188894 0.974853
v 0.077935 -0.188894 0.974853
v 0.077935 -0.188894 0.974853
v 0.001321 -0.188894 1.199413
v 0.001321 -0.188894 1.212622
v -0.001321 -0.188894 0.538943
v -0.239090 -0.191536 0.885029
v 0.254941 -0.191536 0.890313
v -0.080577 -0.191536 0.927299
v -0.080577 -0.191536 0.927299
v 0.080577 -0.191536 0.927299
v 0.080577 -0.191536 0.927299
v 0.117564 -0.191536 0.993346
v -0.421380 -0.194178 0.943151
v 0.001321 -0.194178 1.167710
v 0.257583 -0.196820 0.895597
v -0.040949 -0.196820 0.914090
v -0.040949 -0.196820 0.914090
v 0.038307 -0.196820 0.914090
v -0.421380 -0.196820 0.943151
v -0.424022 -0.196820 0.959002
v 0.128131 -0.196820 0.993346
v -0.109638 -0.196820 0.995988
v -0.109638 -0.196820 0.995988
v -0.196820 -0.196820 0.390998
v 0.196820 -0.196820 0.388356
v -0.199462 -0.196820 0.351370
v 0.196820 -0.196820 0.348728
v 0.196820 -0.196820 0.348728
v -0.239090 -0.199462 0.895597
v -0.083219 -0.199462 0.937867
v -0.083219 -0.199462 0.937867
v -0.083219 -0.199462 0.951076
v 0.083219 -0.199462 0.951076
v 0.083219 -0.199462 0.951076
v -0.426664 -0.199462 0.953718
v -0.038307 -0.199462 0.974853
v -0.038307 -0.199462 0.974853
v -0.038307 -0.199462 0.974853
v -0.038307 -0.199462 0.974853
v 0.040949 -0.199462 0.974853
v -0.136057 -0.199462 0.438552
v 0.133415 -0.199462 0.438552
v -0.199462 -0.199462 0.414775
v 0.199462 -0.199462 0.412133
v -0.247016 -0.202104 0.898239
v -0.001321 -0.202104 0.914090
v -0.040949 -0.202104 0.927299
v -0.040949 -0.202104 0.927299
v 0.083219 -0.202104 0.937867
v 0.083219 -0.202104 0.937867
v -0.085861 -0.202104 0.478180
v 0.083219 -0.202104 0.478180
v 0.083219 -0.202104 0.478180
v -0.202104 -0.202104 0.404207
v 0.202104 -0.202104 0.401566
v 0.268151 -0.204746 0.890313
v 0.040949 -0.204746 0.927299
v 0.001321 -0.204746 0.974853
v 0.001321 -0.204746 0.974853
v -0.125489 -0.204746 0.995988
v 0.106996 -0.204746 1.136008
v 0.001321 -0.207387 0.927299
v 0.231164 -0.207388 1.077886
v 0.231164 -0.207388 1.077886
v 0.268151 -0.210029 0.879746
v 0.355333 -0.210029 0.900881
v 0.252299 -0.210029 0.924658
v -0.040949 -0.210029 0.951076
v -0.040949 -0.210029 0.951076
v -0.040949 -0.210029 0.951076
v -0.040949 -0.210029 0.951076
v -0.106996 -0.210029 0.993346
v -0.106996 -0.210029 0.993346
v 0.231164 -0.210029 1.075245
v -0.128131 -0.210029 1.130724
v -0.128131 -0.210029 1.130724
v 0.106996 -0.210029 1.133366
v -0.141341 -0.210029 0.435910
v 0.141340 -0.210029 0.433268
v -0.318346 -0.210029 0.124168
v 0.315704 -0.210029 0.121526
v -0.315705 -0.210029 0.092466
v 0.315704 -0.210029 0.089824
v -0.254941 -0.212671 0.882387
v -0.254941 -0.212671 0.882387
v 0.265509 -0.212671 0.882387
v -0.254941 -0.212671 0.892955
v 0.247016 -0.212671 0.924658
v 0.247016 -0.212671 0.924658
v -0.043591 -0.212671 0.937867
v -0.043591 -0.212671 0.937867
v 0.043591 -0.212671 0.937867
v 0.043591 -0.212671 0.951076
v 0.112280 -0.212671 0.993346
v 0.112280 -0.212671 0.993346
v 0.112280 -0.212671 0.993346
v 0.236448 -0.212671 1.088454
v 0.236448 -0.212671 1.088454
v 0.117564 -0.212671 1.151859
v -0.257583 -0.215313 0.885029
v -0.241732 -0.215313 0.924658
v 0.001321 -0.215313 0.951076
v 0.001321 -0.215313 0.951076
v 0.141340 -0.215313 0.985421
v -0.130773 -0.215313 1.122798
v -0.130773 -0.215313 1.122798
v -0.130773 -0.215313 1.122798
v 0.128131 -0.215313 1.122798
v 0.128131 -0.215313 1.122798
v 0.128131 -0.215313 1.122798
v -0.122847 -0.215313 1.130724
v -0.133415 -0.215313 1.146575
v 0.120205 -0.215313 1.151859
v -0.043591 -0.215313 0.478180
v 0.040949 -0.215313 0.478180
v -0.217955 -0.215313 0.346086
v 0.215313 -0.215313 0.343444
v -0.233806 -0.217955 0.927299
v 0.001321 -0.217955 0.937867
v 0.001321 -0.217955 0.937867
v 0.233806 -0.217955 1.088454
v 0.233806 -0.217955 1.088454
v -0.133415 -0.217955 1.146575
v -0.133415 -0.217955 1.146575
v -0.136057 -0.217955 1.149217
v -0.136057 -0.217955 1.149217
v 0.114922 -0.217955 1.151859
v -0.344765 -0.220597 0.903523
v -0.344765 -0.220597 0.903523
v -0.344765 -0.220597 0.903523
v 0.273434 -0.220597 0.919374
v -0.001321 -0.220597 0.478180
v -0.093787 -0.220597 0.438552
v 0.091145 -0.220597 0.438552
v 0.091145 -0.220597 0.438552
v -0.136057 -0.223239 0.988063
v 0.373826 -0.223239 0.990705
v -0.257583 -0.225881 0.922016
v 0.143982 -0.225881 0.988063
v -0.336840 -0.225881 0.137378
v 0.336839 -0.225881 0.134736
v 0.389677 -0.228523 0.922016
v 0.270793 -0.231164 0.916732
v 0.270793 -0.231164 0.916732
v 0.120205 -0.231164 0.985421
v 0.120205 -0.231164 0.985421
v -0.373826 -0.231164 0.988063
v -0.154550 -0.231164 0.388356
v 0.154550 -0.231164 0.388356
v -0.157192 -0.231164 0.351370
v 0.154550 -0.231164 0.348728
v 0.154550 -0.231164 0.348728
v -0.233806 -0.231164 0.285323
v 0.231164 -0.231164 0.282681
v -0.347407 -0.231164 0.081898
v 0.347407 -0.231164 0.079256
v -0.347407 -0.231164 0.002642
v 0.344765 -0.231164 0.000000
v 0.302495 -0.233806 0.877104
v -0.114922 -0.233806 0.988063
v -0.138699 -0.233806 0.990705
v -0.099071 -0.233806 0.435910
v 0.096429 -0.233806 0.433268
v 0.096429 -0.233806 0.433268
v -0.157192 -0.233806 0.414775
v 0.157192 -0.233806 0.414775
v -0.350049 -0.233806 0.203425
v 0.347407 -0.233806 0.200783
v 0.305137 -0.236448 0.877104
v 0.299853 -0.236448 0.879746
v -0.254941 -0.236448 0.919374
v 0.402886 -0.236448 0.937867
v 0.400245 -0.236448 0.940509
v 0.151908 -0.236448 1.035616
v -0.048875 -0.236448 0.438552
v 0.046233 -0.236448 0.438552
v -0.159834 -0.236448 0.404207
v 0.157192 -0.236448 0.401566
v -0.355333 -0.236448 0.190215
v 0.352691 -0.236448 0.187573
v -0.355333 -0.236448 0.179648
v 0.352691 -0.236448 0.177006
v -0.355333 -0.236448 0.063405
v 0.355333 -0.236448 0.060763
v -0.355333 -0.236448 0.015851
v 0.352691 -0.236448 0.013209
v -0.286644 -0.239090 0.879746
v -0.286644 -0.239090 0.879746
v -0.379110 -0.239090 0.924658
v 0.405528 -0.239090 0.953718
v 0.128131 -0.239090 0.988063
v 0.128131 -0.239090 0.988063
v -0.151908 -0.239090 1.038258
v -0.001321 -0.239090 0.438552
v -0.284002 -0.241732 0.882387
v -0.289286 -0.241732 0.882387
v -0.289286 -0.241732 0.882387
v 0.408170 -0.241732 0.951076
v -0.122847 -0.241732 0.990705
v -0.392319 -0.244374 0.943151
v -0.392319 -0.247016 0.943151
v 0.239090 -0.247016 1.064677
v 0.307779 -0.249658 0.903523
v 0.318346 -0.249658 0.903523
v 0.318346 -0.249658 0.903523
v -0.400245 -0.249657 0.953718
v -0.397603 -0.249657 0.959002
v 0.239090 -0.249658 1.069961
v -0.051517 -0.249658 0.435910
v 0.048875 -0.249658 0.433268
v 0.323630 -0.252299 0.900881
v 0.128131 -0.252299 1.035616
v 0.128131 -0.252299 1.035616
v -0.125489 -0.252299 1.038258
v -0.299853 -0.254941 0.906164
v -0.299853 -0.254941 0.906164
v 0.297211 -0.254941 0.914090
v 0.297211 -0.254941 0.914090
v -0.233806 -0.254941 1.069961
v -0.001321 -0.254941 0.435910
v -0.106996 -0.254941 0.388356
v 0.104354 -0.254941 0.388356
v 0.104354 -0.254941 0.388356
v -0.170401 -0.254941 0.346086
v 0.170401 -0.254941 0.343444
v 0.170401 -0.254941 0.343444
v 0.326272 -0.257583 0.903523
v -0.291928 -0.257583 0.908806
v 0.165117 -0.257583 1.040900
v -0.228523 -0.257583 1.067319
v -0.106996 -0.257583 0.351370
v 0.106996 -0.257583 0.348728
v 0.106996 -0.257583 0.348728
v 0.315704 -0.260225 0.903523
v 0.315704 -0.260225 0.903523
v 0.315704 -0.260225 0.903523
v 0.289286 -0.260225 0.914090
v 0.289286 -0.260225 0.914090
v -0.286644 -0.260225 0.916732
v -0.165118 -0.260225 1.043542
v -0.241732 -0.260225 1.085812
v -0.241732 -0.260225 1.085812
v -0.109638 -0.260225 0.414775
v 0.106996 -0.260225 0.414775
v 0.106996 -0.260225 0.414775
v 0.320988 -0.262867 0.903523
v 0.350049 -0.262867 0.990705
v 0.165117 -0.262867 1.040900
v 0.165117 -0.262867 1.040900
v 0.180969 -0.262867 1.067319
v 0.180969 -0.262867 1.067319
v -0.239090 -0.262867 1.085812
v -0.056800 -0.262867 1.120157
v -0.056800 -0.262867 1.120157
v -0.109638 -0.262867 0.404207
v 0.109638 -0.262867 0.401566
v 0.109638 -0.262867 0.401566
v -0.310421 -0.265509 0.903523
v -0.310421 -0.265509 0.903523
v 0.294569 -0.265509 0.916732
v 0.294569 -0.265509 0.916732
v -0.165118 -0.265509 1.043542
v 0.064726 -0.265509 1.114873
v 0.064726 -0.265509 1.114873
v -0.276076 -0.268151 0.916732
v 0.220597 -0.268151 1.062035
v 0.180969 -0.268151 1.069961
v 0.180969 -0.268151 1.069961
v -0.270793 -0.268151 0.124168
v 0.268151 -0.268151 0.121526
v -0.268151 -0.268151 0.092466
v 0.268151 -0.268151 0.089824
v -0.305137 -0.270793 0.906164
v -0.315705 -0.270793 0.906164
v -0.315705 -0.270793 0.906164
v 0.223239 -0.270793 1.067319
v 0.223239 -0.270793 1.067319
v -0.054159 -0.270793 0.388356
v 0.054158 -0.270793 0.388356
v -0.310421 -0.273434 0.908806
v -0.281360 -0.273434 0.916732
v -0.344765 -0.273434 0.990705
v -0.344765 -0.273434 0.990705
v 0.138699 -0.273435 1.040900
v 0.138699 -0.273435 1.040900
v 0.157192 -0.273435 1.054110
v 0.157192 -0.273435 1.054110
v 0.186252 -0.273435 1.083170
v 0.186252 -0.273435 1.083170
v 0.188894 -0.273435 1.085812
v 0.188894 -0.273435 1.085812
v -0.054159 -0.273434 0.351370
v 0.054158 -0.273434 0.348728
v -0.183611 -0.273434 0.285323
v 0.180969 -0.273435 0.285323
v 0.141340 -0.276076 1.040900
v 0.141340 -0.276076 1.040900
v 0.141340 -0.276076 1.040900
v 0.141340 -0.276076 1.040900
v -0.138699 -0.276076 1.043542
v 0.159834 -0.276076 1.072603
v 0.159834 -0.276076 1.072603
v 0.001321 -0.276076 1.114873
v 0.001321 -0.276076 1.114873
v 0.001321 -0.276076 1.114873
v -0.056800 -0.276076 0.414775
v 0.054158 -0.276076 0.414775
v 0.357975 -0.278718 0.924658
v -0.143982 -0.278718 1.043542
v -0.157192 -0.278718 1.054110
v 0.159834 -0.278718 1.056751
v 0.159834 -0.278718 1.056751
v -0.056800 -0.278718 0.401566
v 0.054158 -0.278718 0.401566
v -0.001321 -0.278718 0.388356
v -0.001321 -0.278718 0.351370
v -0.027740 -0.281360 0.924658
v 0.035665 -0.281360 0.924658
v 0.350049 -0.281360 0.927299
v 0.323630 -0.281360 0.951076
v -0.159834 -0.281360 1.059393
v -0.159834 -0.281360 1.075245
v -0.001321 -0.281360 0.414775
v -0.027740 -0.284002 0.924658
v -0.030382 -0.284002 0.924658
v -0.030382 -0.284002 0.924658
v 0.035665 -0.284002 0.924658
v 0.038307 -0.284002 0.924658
v 0.038307 -0.284002 0.924658
v -0.117564 -0.284002 0.346086
v 0.117564 -0.284002 0.343444
v 0.117564 -0.284002 0.343444
v 0.117564 -0.284002 0.343444
v 0.371184 -0.286644 0.940509
v 0.320988 -0.286644 0.945793
v 0.376468 -0.286644 0.951076
v 0.376468 -0.286644 0.956360
v -0.001321 -0.286644 0.401566
v -0.286644 -0.286644 0.137378
v 0.286644 -0.286644 0.137378
v -0.344765 -0.289286 0.927299
v -0.344765 -0.289286 0.927299
v 0.371184 -0.289286 0.940509
v -0.313063 -0.291928 0.951076
v -0.339482 -0.294569 0.929941
v 0.360616 -0.294570 0.943151
v 0.368542 -0.294570 0.956360
v 0.323630 -0.294570 0.964286
v 0.336839 -0.294570 0.972211
v -0.231164 -0.294569 1.067319
v -0.233806 -0.294569 1.072603
v -0.233806 -0.294569 1.072603
v -0.175685 -0.294569 1.080528
v -0.297211 -0.294569 0.081898
v 0.294569 -0.294570 0.079256
v -0.297211 -0.294569 0.002642
v 0.294569 -0.294570 0.000000
v -0.360617 -0.297211 0.943151
v -0.360617 -0.297211 0.943151
v 0.363258 -0.297211 0.943151
v -0.313063 -0.297211 0.948434
v 0.363258 -0.297211 0.953718
v -0.365900 -0.297211 0.956360
v -0.365900 -0.297211 0.956360
v -0.365900 -0.297211 0.959002
v -0.365900 -0.297211 0.959002
v 0.326272 -0.297211 0.966928
v -0.170401 -0.297211 1.083170
v -0.170401 -0.297211 1.083170
v -0.170401 -0.297211 1.083170
v -0.175685 -0.297211 1.093738
v -0.175685 -0.297211 1.093738
v -0.180969 -0.297211 1.093738
v -0.180969 -0.297211 1.093738
v -0.297211 -0.297211 0.203425
v 0.297211 -0.297211 0.200783
v -0.062084 -0.299853 0.346086
v 0.059442 -0.299853 0.343444
v -0.302495 -0.299853 0.190215
v 0.299853 -0.299853 0.187573
v -0.302495 -0.299853 0.179648
v 0.299853 -0.299853 0.177006
v -0.302495 -0.299853 0.063405
v 0.299853 -0.299853 0.060763
v -0.302495 -0.299853 0.015851
v 0.299853 -0.299853 0.013209
v -0.350049 -0.302495 0.945793
v -0.128131 -0.302495 0.285323
v 0.125489 -0.302495 0.285323
v 0.125489 -0.302495 0.285323
v -0.350049 -0.305137 0.945793
v -0.318347 -0.305137 0.964286
v -0.352691 -0.307779 0.961644
v -0.323630 -0.307779 0.972211
v -0.326272 -0.307779 0.974853
v -0.210029 -0.307779 1.069961
v -0.001321 -0.307779 0.346086
v -0.352691 -0.310421 0.956360
v -0.210029 -0.310421 1.075245
v -0.210029 -0.310421 1.075245
v -0.025098 -0.315705 0.887671
v 0.035665 -0.315705 0.887671
v -0.212671 -0.315705 0.124168
v 0.210029 -0.315705 0.121526
v -0.212671 -0.315705 0.092466
v 0.210029 -0.315705 0.092466
v -0.022456 -0.318346 0.885029
v -0.025098 -0.318346 0.885029
v 0.033023 -0.318346 0.885029
v 0.035665 -0.320988 0.885029
v -0.025098 -0.320988 0.887671
v 0.035665 -0.320988 0.887671
v -0.064726 -0.323630 0.285323
v 0.064726 -0.323630 0.285323
v -0.033024 -0.326272 0.895597
v 0.043591 -0.326272 0.895597
v -0.054159 -0.328914 0.927299
v -0.054159 -0.328914 0.927299
v 0.062084 -0.328914 0.927299
v 0.062084 -0.328914 0.927299
v -0.001321 -0.328914 0.285323
v -0.033024 -0.331556 0.900881
v 0.038307 -0.331556 0.900881
v -0.048875 -0.331556 0.927299
v 0.054158 -0.331556 0.927299
v -0.225881 -0.336840 0.137378
v 0.225881 -0.336840 0.137378
v -0.035665 -0.344765 0.895597
v 0.043591 -0.344765 0.895597
v 0.046233 -0.347407 0.885029
v -0.043591 -0.347407 0.887671
v 0.046233 -0.347407 0.887671
v -0.233806 -0.347407 0.203425
v 0.233806 -0.347407 0.200783
v -0.233806 -0.347407 0.081898
v 0.231164 -0.347407 0.079256
v -0.233806 -0.347407 0.002642
v 0.231164 -0.347407 0.000000
v -0.040949 -0.350049 0.885029
v -0.146624 -0.350049 0.092466
v 0.143982 -0.350049 0.092466
v 0.143982 -0.350049 0.092466
v 0.056800 -0.352691 0.922016
v -0.236448 -0.352691 0.190215
v 0.236448 -0.352691 0.190215
v -0.236448 -0.352691 0.179648
v 0.236448 -0.352691 0.177006
v -0.146624 -0.352691 0.124168
v 0.143982 -0.352691 0.121526
v 0.143982 -0.352691 0.121526
v -0.046233 -0.355333 0.924658
v -0.239090 -0.355333 0.063405
v 0.236448 -0.355333 0.060763
v -0.239090 -0.355333 0.015851
v 0.236448 -0.355333 0.013209
v -0.056800 -0.357975 0.922016
v -0.056800 -0.357975 0.922016
v 0.064726 -0.357975 0.922016
v -0.075294 -0.371184 0.092466
v 0.072652 -0.371184 0.092466
v -0.157192 -0.373826 0.137378
v 0.154550 -0.373826 0.137378
v 0.154550 -0.373826 0.137378
v -0.075294 -0.373826 0.121526
v 0.072652 -0.373826 0.121526
v -0.001321 -0.379110 0.092466
v -0.001321 -0.381752 0.121526
v -0.159834 -0.384393 0.081898
v 0.159834 -0.384393 0.079256
v 0.159834 -0.384393 0.079256
v -0.159834 -0.384393 0.002642
v 0.157192 -0.384393 0.000000
v 0.157192 -0.384393 0.000000
v -0.038307 -0.387035 0.882387
v 0.048875 -0.387035 0.882387
v 0.051517 -0.387035 0.885029
v -0.159834 -0.387035 0.203425
v 0.159834 -0.387035 0.200783
v 0.159834 -0.387035 0.200783
v -0.043591 -0.389677 0.885029
v -0.040949 -0.392319 0.885029
v 0.048875 -0.392319 0.885029
v -0.072652 -0.392319 0.919374
v -0.072652 -0.392319 0.919374
v -0.072652 -0.392319 0.919374
v 0.080577 -0.392319 0.919374
v 0.070010 -0.392319 0.922016
v -0.162476 -0.392319 0.190215
v 0.162475 -0.392319 0.190215
v 0.162475 -0.392319 0.190215
v -0.162476 -0.392319 0.179648
v 0.162475 -0.392319 0.177006
v 0.162475 -0.392319 0.177006
v -0.165118 -0.392319 0.063405
v 0.162475 -0.392319 0.063405
v 0.162475 -0.392319 0.063405
v -0.062084 -0.394961 0.922016
v -0.062084 -0.394961 0.922016
v -0.062084 -0.394961 0.922016
v -0.165118 -0.394961 0.015851
v 0.162475 -0.394961 0.013209
v 0.162475 -0.394961 0.013209
v -0.077936 -0.397603 0.922016
v -0.077936 -0.397603 0.922016
v -0.080577 -0.397603 0.137378
v 0.077935 -0.397603 0.137378
v 0.062084 -0.400245 0.911448
v 0.083219 -0.400245 0.922016
v -0.051517 -0.402887 0.911448
v -0.001321 -0.405528 0.137378
v -0.043591 -0.408170 0.908806
v 0.054158 -0.408170 0.908806
v -0.083219 -0.408170 0.081898
v 0.080577 -0.408170 0.079256
v -0.083219 -0.408170 0.002642
v 0.080577 -0.408170 0.002642
v -0.083219 -0.410812 0.203425
v 0.080577 -0.410812 0.200783
v -0.062084 -0.413454 0.908806
v -0.062084 -0.413454 0.908806
v 0.054158 -0.416096 0.908806
v 0.067368 -0.416096 0.911448
v -0.083219 -0.416096 0.177006
v 0.083219 -0.416096 0.177006
v -0.001321 -0.416096 0.079256
v -0.001321 -0.416096 0.002642
v -0.051517 -0.418738 0.908806
v -0.062084 -0.418738 0.911448
v -0.062084 -0.418738 0.911448
v -0.001321 -0.418738 0.200783
v -0.083219 -0.418738 0.190215
v 0.083219 -0.418738 0.190215
v -0.083219 -0.418738 0.063405
v 0.083219 -0.418738 0.063405
v -0.083219 -0.418738 0.013209
v 0.083219 -0.418738 0.013209
v -0.054159 -0.424022 0.908806
v -0.054159 -0.424022 0.908806
v 0.059442 -0.424022 0.908806
v 0.059442 -0.424022 0.908806
v 0.067368 -0.424022 0.914090
v -0.001321 -0.424022 0.177006
v 0.001321 -0.426663 0.908806
v 0.001321 -0.426663 0.908806
v -0.001321 -0.426663 0.190215
v -0.001321 -0.426663 0.063405
v -0.001321 -0.426663 0.013209
v 0.080577 -0.429305 0.953718
v 0.080577 -0.429305 0.953718
v -0.077936 -0.429305 0.956360
v -0.077936 -0.429305 0.956360
v 0.085861 -0.431947 0.951076
v -0.083219 -0.431947 0.953718
v -0.083219 -0.431947 0.953718
v -0.051517 -0.431947 1.006556
v -0.051517 -0.431947 1.006556
v -0.051517 -0.431947 1.006556
v -0.088503 -0.434589 0.969569
v -0.088503 -0.434589 0.969569
v -0.091145 -0.437231 0.972211
v -0.091145 -0.437231 0.972211
v 0.059442 -0.437231 0.998630
v 0.088503 -0.439873 0.966928
v 0.091145 -0.439873 0.969569
v -0.088503 -0.439873 0.985421
v -0.088503 -0.439873 0.985421
v -0.001321 -0.439873 1.001272
v 0.088503 -0.445157 0.977495
v 0.088503 -0.447798 0.980137
v -0.064726 -0.458366 0.937867
v 0.070010 -0.458366 0.937867
v 0.070010 -0.458366 0.937867
v -0.056800 -0.461008 0.935225
v 0.059442 -0.461008 0.935225
v 0.001321 -0.466292 0.935225
v 0.072652 -0.466292 0.951076
v -0.070010 -0.468934 0.951076
v -0.070010 -0.468934 0.951076
v 0.072652 -0.468934 0.953718
v -0.056801 -0.471575 0.951076
v 0.062084 -0.471575 0.951076
v -0.070010 -0.471575 0.953718
v -0.070010 -0.471575 0.953718
v 0.075293 -0.471575 0.964286
v 0.072652 -0.471575 0.966928
v -0.072652 -0.471575 0.969569
v 0.001321 -0.474217 0.948434
v -0.072652 -0.474217 0.964286
v -0.072652 -0.474217 0.964286
v -0.059442 -0.476859 0.951076
v 0.001321 -0.476859 0.951076
v 0.062084 -0.476859 0.951076
v -0.056801 -0.479501 0.961644
v 0.056800 -0.479501 0.961644
v -0.056801 -0.479501 0.966928
v 0.056800 -0.479501 0.966928
v 0.001321 -0.482143 0.961644
v 0.001321 -0.482143 0.966928
v -0.141341 0.001321 0.676321
v -0.141341 0.001321 0.676321
v 0.138699 0.001321 0.676321
v 0.138699 0.001321 0.676321
v -0.128131 0.001321 0.745010
v 0.125489 0.001321 0.745010
v 0.125489 0.001321 0.787280
v -0.128131 0.001321 0.789922
v -0.141341 0.001321 0.848043
v 0.141340 0.001321 0.848043
v 0.167759 0.001321 0.908806
v -0.167759 0.001321 0.911448
v 0.202104 0.001321 0.911448
v -0.202104 0.001321 0.914090
v -0.210029 0.001321 0.927299
v 0.210029 0.001321 0.927299
v 0.220597 0.001321 0.935225
v -0.217955 0.001321 0.937867
v -0.217955 0.001321 0.937867
v 0.220597 0.001321 0.948434
v -0.217955 0.001321 0.951076
v -0.202104 0.001321 0.974853
v 0.202104 0.001321 0.974853
v 0.286644 0.001321 1.088454
v 0.286644 0.001321 1.088454
v 0.286644 0.001321 1.088454
v 0.252299 0.001321 1.117515
v 0.252299 0.001321 1.117515
v 0.241732 0.001321 1.151859
v 0.241732 0.001321 1.151859
v -0.180969 0.001321 1.159785
v 0.183611 0.001321 1.159785
v 0.191536 0.001321 1.165068
v 0.173043 0.001321 1.170352
v 0.183611 0.001321 1.191487
v -0.180969 0.001321 1.194129
v 0.188894 0.001321 1.199413
v -0.165117 0.001321 1.202055
v -0.188894 0.001321 1.202055
v 0.165117 0.001321 1.202055
v 0.188894 0.001321 1.209980
v -0.188894 0.001321 1.212622
v 0.146624 0.001321 1.220548
v -0.146624 0.001321 1.223190
v -0.154550 0.001321 1.239041
v 0.154550 0.001321 1.239041
v 0.154550 0.001321 1.239041
v -0.146624 0.001321 1.249609
v -0.170401 0.001321 1.249609
v 0.146624 0.001321 1.249609
v 0.146624 0.001321 1.249609
v 0.170401 0.001321 1.249609
v 0.170401 0.001321 1.249609
v -0.138699 0.001321 1.270744
v -0.138699 0.001321 1.270744
v 0.141340 0.001321 1.270744
v 0.120205 0.001321 1.297162
v -0.120206 0.001321 1.299804
v -0.120206 0.001321 1.299804
v -0.093787 0.001321 1.320939
v 0.096429 0.001321 1.320939
v -0.064726 0.001321 1.336791
v 0.064726 0.001321 1.336791
v -0.033024 0.001321 1.347358
v 0.033023 0.001321 1.347358
v 0.033023 0.001321 1.347358
v 0.001321 0.001321 1.350000
v 0.001321 0.001321 1.350000
v -0.162476 0.001321 0.604990
v 0.159834 0.001321 0.602348
v -0.191536 0.001321 0.538943
v 0.188894 0.001321 0.536301
v -0.220597 0.001321 0.478180
v 0.220597 0.001321 0.475538
v -0.241732 0.001321 0.438552
v -0.254941 0.001321 0.435910
v 0.239090 0.001321 0.435910
v 0.252299 0.001321 0.433268
v -0.284002 0.001321 0.414775
v 0.281360 0.001321 0.412133
v -0.286644 0.001321 0.404207
v 0.286644 0.001321 0.401566
v -0.278718 0.001321 0.388356
v 0.278718 0.001321 0.385714
v -0.281360 0.001321 0.351370
v -0.281360 0.001321 0.351370
v 0.278718 0.001321 0.348728
v -0.307779 0.001321 0.346086
v -0.307779 0.001321 0.346086
v 0.307779 0.001321 0.343444
v 0.307779 0.001321 0.343444
v -0.331556 0.001321 0.285323
v 0.328914 0.001321 0.282681
v -0.421380 0.001321 0.203425
v 0.418738 0.001321 0.198141
v -0.426663 0.001321 0.190215
v 0.426663 0.001321 0.187573
v -0.426663 0.001321 0.179648
v 0.426663 0.001321 0.174364
v -0.408170 0.001321 0.137378
v 0.405528 0.001321 0.134736
v -0.381752 0.001321 0.121526
v 0.381751 0.001321 0.118885
v -0.379110 0.001321 0.092466
v 0.379110 0.001321 0.089824
v -0.418738 0.001321 0.081898
v 0.416096 0.001321 0.076614
v -0.426663 0.001321 0.063405
v 0.426663 0.001321 0.060763
v -0.429305 0.001321 0.015851
v 0.426663 0.001321 0.010568
v -0.418738 0.001321 0.002642
v -0.001321 0.001321 0.000000
v -0.001321 0.001321 0.000000
v -0.001321 0.001321 0.000000
v -0.001321 0.001321 0.000000
v 0.416096 0.001321 0.000000
v -0.254941 0.003963 0.988063
v -0.254941 0.003963 0.988063
v -0.223239 0.003963 0.990705
v -0.223239 0.003963 0.990705
v 0.297211 0.003963 1.099022
v 0.297211 0.003963 1.099022
v 0.297211 0.003963 1.099022
v -0.244374 0.006605 0.985421
v -0.244374 0.006605 0.985421
v -0.302495 0.006605 1.035616
v 0.318346 0.006605 1.046184
v 0.323630 0.006605 1.048826
v 0.320988 0.006605 1.062035
v 0.289286 0.006605 1.085812
v -0.030382 0.006605 1.347358
v 0.033023 0.006605 1.347358
v 0.033023 0.006605 1.347358
v -0.270793 0.009247 1.032975
v -0.297211 0.009247 1.035616
v 0.299853 0.009247 1.093738
v 0.297211 0.009247 1.101663
v 0.297211 0.009247 1.101663
v 0.265509 0.011888 0.982779
v 0.265509 0.011888 0.982779
v 0.220597 0.011888 0.990705
v 0.257583 0.014530 0.980137
v 0.257583 0.014530 0.980137
v 0.233806 0.014530 0.988063
v 0.233806 0.014530 0.988063
v 0.233806 0.014530 0.988063
v -0.062084 0.014530 1.336791
v 0.064726 0.014530 1.336791
v -0.030382 0.014530 1.347358
v -0.030382 0.014530 1.347358
v 0.030382 0.014530 1.347358
v 0.278718 0.017172 1.030333
v 0.310421 0.017172 1.032975
v 0.307779 0.019814 1.032975
v -0.091145 0.019814 1.320939
v 0.093787 0.019814 1.320939
v -0.027740 0.019814 1.347358
v -0.027740 0.019814 1.347358
v 0.027740 0.019814 1.347358
v 0.125489 0.022456 0.745010
v 0.125489 0.022456 0.787280
v -0.022456 0.022456 1.347358
v -0.022456 0.022456 1.347358
v 0.136057 0.022456 0.673679
v 0.136057 0.022456 0.673679
v 0.138699 0.025098 0.848043
v 0.117564 0.025098 1.297162
v -0.117564 0.025098 1.299804
v -0.059442 0.025098 1.336791
v -0.059442 0.025098 1.336791
v -0.059442 0.025098 1.336791
v 0.059442 0.025098 1.336791
v 0.025098 0.025098 1.347358
v -0.136057 0.027740 1.270744
v -0.136057 0.027740 1.270744
v 0.138699 0.027740 1.270744
v 0.138699 0.027740 1.270744
v -0.017172 0.027740 1.347358
v 0.019814 0.027740 1.347358
v 0.157192 0.027740 0.602348
v -0.125489 0.030382 0.745010
v -0.125489 0.030382 0.745010
v -0.122847 0.030382 0.789922
v -0.122847 0.030382 0.789922
v -0.138699 0.030382 0.848043
v -0.138699 0.030382 0.848043
v 0.146624 0.030382 1.220548
v -0.143982 0.030382 1.223190
v 0.151908 0.030382 1.236399
v 0.151908 0.030382 1.236399
v -0.151908 0.030382 1.239041
v -0.143982 0.030382 1.249609
v -0.143982 0.030382 1.249609
v 0.146624 0.030382 1.249609
v 0.146624 0.030382 1.249609
v -0.011888 0.030382 1.347358
v 0.011888 0.030382 1.347358
v 0.165117 0.033023 0.908806
v -0.165117 0.033024 0.911448
v -0.165117 0.033024 0.911448
v -0.159834 0.033024 1.202055
v -0.159834 0.033024 1.202055
v 0.162476 0.033023 1.202055
v -0.165117 0.033024 1.249609
v -0.165117 0.033024 1.249609
v 0.167759 0.033023 1.249609
v -0.006605 0.033023 1.347358
v 0.001321 0.033023 1.347358
v 0.006605 0.033023 1.347358
v -0.136057 0.035665 0.676321
v -0.136057 0.035665 0.676321
v -0.136057 0.035665 0.676321
v 0.178327 0.035665 1.157143
v -0.178327 0.035665 1.159785
v 0.178327 0.035665 1.191487
v -0.178327 0.035665 1.194129
v -0.178327 0.035665 1.194129
v -0.085861 0.035665 1.320939
v -0.085861 0.035665 1.320939
v 0.088503 0.035665 1.320939
v -0.054159 0.035665 1.336791
v -0.054159 0.035665 1.336791
v 0.054158 0.035665 1.336791
v 0.186252 0.035665 0.536301
v 0.186252 0.038307 1.199413
v -0.186253 0.038307 1.202055
v -0.186253 0.038307 1.202055
v 0.186252 0.038307 1.209980
v -0.183611 0.038307 1.212622
v -0.183611 0.038307 1.212622
v -0.157192 0.038307 0.604990
v 0.199462 0.040949 0.911448
v -0.199462 0.040949 0.914090
v -0.207388 0.040949 0.927299
v -0.207388 0.040949 0.927299
v 0.207387 0.040949 0.927299
v -0.196820 0.040949 0.974853
v -0.196820 0.040949 0.974853
v 0.199462 0.040949 0.974853
v -0.186253 0.040949 0.538943
v 0.215313 0.043591 0.935225
v -0.215313 0.043591 0.937867
v -0.215313 0.043591 0.937867
v -0.215313 0.043591 0.937867
v 0.215313 0.043591 0.948434
v -0.212671 0.043591 0.951076
v -0.212671 0.043591 0.951076
v -0.165117 0.043591 1.170352
v -0.165117 0.043591 1.170352
v -0.217955 0.043591 0.478180
v 0.215313 0.043591 0.475538
v 0.117564 0.046233 0.745010
v 0.117564 0.046233 0.787280
v 0.112280 0.046233 1.297162
v -0.109638 0.046233 1.299804
v -0.109638 0.046233 1.299804
v -0.046233 0.046233 1.336791
v 0.046233 0.046233 1.336791
v -0.186253 0.048875 1.167710
v -0.186253 0.048875 1.167710
v 0.167759 0.048875 1.167710
v -0.236448 0.048875 0.438552
v 0.236448 0.048875 0.435910
v -0.114922 0.051517 0.789922
v 0.212671 0.051517 1.141292
v -0.077935 0.051517 1.320939
v -0.077935 0.051517 1.320939
v 0.128131 0.051517 0.673679
v 0.128131 0.051517 0.673679
v -0.249658 0.051517 0.435910
v 0.249658 0.051517 0.433268
v -0.114922 0.054159 0.745010
v 0.130773 0.054159 0.848043
v 0.225881 0.054158 1.146575
v 0.231164 0.054158 1.146575
v -0.128131 0.054159 1.270744
v -0.128131 0.054159 1.270744
v -0.128131 0.054159 1.270744
v 0.130773 0.054159 1.270744
v 0.077935 0.054159 1.320939
v -0.035665 0.054159 1.336791
v 0.035665 0.054159 1.336791
v -0.273435 0.054159 0.388356
v -0.273435 0.054159 0.388356
v 0.270793 0.054158 0.385714
v -0.276076 0.054159 0.351370
v -0.276076 0.054159 0.351370
v 0.273434 0.054158 0.348728
v -0.128131 0.056800 0.848043
v 0.215313 0.056800 1.138650
v 0.215313 0.056800 1.138650
v -0.215313 0.056800 1.143933
v -0.215313 0.056800 1.143933
v 0.188894 0.056800 1.165068
v 0.136057 0.056800 1.220548
v -0.136057 0.056800 1.223190
v -0.136057 0.056800 1.223190
v -0.278718 0.056800 0.414775
v 0.276076 0.056800 0.412133
v -0.281360 0.056800 0.401566
v 0.278718 0.056800 0.401566
v 0.278718 0.059442 1.080528
v 0.225881 0.059442 1.143933
v 0.225881 0.059442 1.143933
v 0.143982 0.059442 1.236399
v 0.143982 0.059442 1.236399
v -0.141341 0.059442 1.239041
v -0.141341 0.059442 1.239041
v -0.138699 0.059442 1.249609
v -0.138699 0.059442 1.249609
v 0.141340 0.059442 1.249609
v -0.025098 0.059442 1.336791
v 0.025098 0.059442 1.336791
v 0.149266 0.059442 0.602348
v -0.125489 0.062084 0.676321
v -0.125489 0.062084 0.676321
v 0.273434 0.062084 1.083170
v 0.273434 0.062084 1.083170
v 0.286644 0.062084 1.088454
v 0.286644 0.062084 1.093738
v 0.286644 0.062084 1.093738
v 0.286644 0.062084 1.093738
v 0.286644 0.062084 1.093738
v -0.210029 0.062084 1.146575
v -0.210029 0.062084 1.146575
v -0.223239 0.062084 1.162427
v -0.223239 0.062084 1.162427
v -0.302495 0.062084 0.346086
v 0.299853 0.062084 0.343444
v 0.299853 0.062084 0.343444
v 0.154550 0.064726 0.908806
v -0.154550 0.064726 0.911448
v 0.284002 0.064726 1.091096
v 0.284002 0.064726 1.091096
v -0.220597 0.064726 1.162427
v -0.220597 0.064726 1.162427
v -0.220597 0.064726 1.162427
v -0.223239 0.064726 1.162427
v -0.223239 0.064726 1.162427
v -0.223239 0.064726 1.162427
v -0.151908 0.064726 1.202055
v 0.151908 0.064726 1.202055
v -0.157192 0.064726 1.249609
v -0.157192 0.064726 1.249609
v 0.157192 0.064726 1.249609
v -0.011888 0.064726 1.336791
v 0.001321 0.064726 1.336791
v 0.011888 0.064726 1.336791
v -0.149266 0.064726 0.604990
v -0.323630 0.064726 0.285323
v 0.323630 0.064726 0.282681
v 0.104354 0.067368 0.745010
v 0.099070 0.067368 1.297162
v -0.099070 0.067368 1.299804
v -0.064726 0.067368 1.320939
v -0.064726 0.067368 1.320939
v 0.067368 0.067368 1.320939
v 0.104354 0.070010 0.787280
v 0.104354 0.070010 0.787280
v 0.167759 0.070010 1.157143
v -0.167759 0.070010 1.159785
v -0.167759 0.070010 1.159785
v 0.167759 0.070010 1.191487
v -0.167759 0.070010 1.194129
v -0.167759 0.070010 1.194129
v -0.173043 0.072652 1.199413
v -0.173043 0.072652 1.199413
v 0.175685 0.072652 1.199413
v 0.175685 0.072652 1.209980
v -0.173043 0.072652 1.212622
v -0.173043 0.072652 1.212622
v 0.175685 0.072652 0.536301
v -0.101712 0.075294 0.745010
v -0.101712 0.075294 0.789922
v -0.260225 0.075294 1.114873
v -0.260225 0.075294 1.114873
v -0.260225 0.075294 1.114873
v -0.260225 0.075294 1.114873
v 0.114922 0.075294 0.673679
v 0.114922 0.075294 0.673679
v -0.175685 0.075294 0.538943
v -0.373826 0.075294 0.121526
v 0.373826 0.075294 0.118885
v -0.373826 0.075294 0.092466
v 0.371184 0.075294 0.089824
v 0.085861 0.077935 0.734442
v 0.099070 0.077935 0.734442
v 0.117564 0.077935 0.848043
v 0.117564 0.077935 0.848043
v 0.186252 0.077935 0.911448
v -0.186252 0.077935 0.914090
v -0.186252 0.077935 0.914090
v -0.186252 0.077935 0.974853
v 0.186252 0.077935 0.974853
v 0.186252 0.077935 0.974853
v -0.114922 0.077935 1.270744
v 0.117564 0.077935 1.270744
v 0.117564 0.077935 1.270744
v -0.051517 0.077935 1.320939
v -0.051517 0.077935 1.320939
v 0.054158 0.077935 1.320939
v 0.093787 0.080577 0.731800
v 0.093787 0.080577 0.731800
v 0.096429 0.080577 0.745010
v 0.096429 0.080577 0.745010
v -0.194178 0.080577 0.927299
v -0.194178 0.080577 0.927299
v 0.194178 0.080577 0.927299
v -0.151908 0.080577 1.170352
v -0.397603 0.080577 0.137378
v 0.397603 0.080577 0.134736
v -0.114922 0.083219 0.676321
v -0.114922 0.083219 0.676321
v -0.085861 0.083219 0.737084
v 0.096429 0.083219 0.737084
v 0.096429 0.083219 0.737084
v -0.114922 0.083219 0.848043
v -0.199462 0.083219 0.951076
v -0.199462 0.083219 0.951076
v 0.122847 0.083219 1.220548
v -0.122847 0.083219 1.223190
v -0.122847 0.083219 1.249609
v 0.125489 0.083219 1.249609
v 0.099070 0.083219 0.673679
v 0.099070 0.083219 0.673679
v 0.099070 0.083219 0.673679
v 0.109638 0.083219 0.673679
v 0.109638 0.083219 0.673679
v -0.413454 0.083219 0.203425
v 0.410812 0.083219 0.198141
v -0.418738 0.083219 0.190215
v 0.418738 0.083219 0.187573
v -0.418738 0.083219 0.177006
v 0.416096 0.083219 0.174364
v -0.410812 0.083219 0.079256
v 0.408170 0.083219 0.076614
v -0.418738 0.083219 0.063405
v 0.418738 0.083219 0.060763
v -0.418738 0.083219 0.013209
v 0.416096 0.083219 0.010568
v -0.410812 0.083219 0.002642
v 0.408170 0.083219 0.000000
v 0.408170 0.083219 0.000000
v 0.080577 0.085861 0.734442
v -0.096429 0.085861 0.737084
v 0.204746 0.085861 0.935225
v -0.202104 0.085861 0.937867
v -0.202104 0.085861 0.937867
v 0.202104 0.085861 0.948434
v -0.307779 0.085861 1.083170
v -0.307779 0.085861 1.083170
v 0.128131 0.085861 1.236399
v -0.128131 0.085861 1.239041
v -0.083219 0.085861 1.297162
v 0.085861 0.085861 1.297162
v 0.104354 0.085861 0.673679
v 0.104354 0.085861 0.673679
v -0.204746 0.085861 0.478180
v 0.202104 0.085861 0.475538
v -0.096429 0.088503 0.676321
v -0.096429 0.088503 0.676321
v -0.091145 0.088503 0.734442
v -0.080577 0.088503 0.737084
v -0.080577 0.088503 0.737084
v -0.091145 0.088503 0.745010
v -0.313063 0.088503 1.096380
v -0.313063 0.088503 1.096380
v -0.313063 0.088503 1.096380
v -0.035665 0.088503 1.320939
v 0.035665 0.088503 1.320939
v 0.133415 0.088503 0.602348
v -0.088503 0.091145 0.737084
v 0.085861 0.091145 0.737084
v 0.085861 0.091145 0.745010
v 0.085861 0.091145 0.745010
v 0.085861 0.091145 0.787280
v 0.085861 0.091145 0.787280
v -0.307779 0.091145 1.083170
v -0.307779 0.091145 1.083170
v -0.307779 0.091145 1.083170
v -0.313063 0.091145 1.096380
v -0.313063 0.091145 1.096380
v -0.175685 0.091145 1.165068
v 0.146624 0.091145 1.167710
v -0.136057 0.091145 1.202055
v -0.136057 0.091145 1.202055
v -0.136057 0.091145 1.202055
v -0.136057 0.091145 1.202055
v 0.136057 0.091145 1.202055
v 0.114922 0.091145 0.610274
v -0.091145 0.093787 0.676321
v -0.091145 0.093787 0.676321
v -0.099070 0.093787 0.676321
v -0.099070 0.093787 0.676321
v -0.106996 0.093787 0.676321
v -0.106996 0.093787 0.676321
v -0.083219 0.093787 0.739726
v -0.083219 0.093787 0.739726
v 0.138699 0.093787 0.908806
v -0.138699 0.093787 0.911448
v 0.265509 0.093787 1.104305
v 0.265509 0.093787 1.104305
v -0.017172 0.093787 1.320939
v 0.001321 0.093787 1.320939
v 0.019814 0.093787 1.320939
v 0.088503 0.093787 0.673679
v 0.088503 0.093787 0.673679
v 0.088503 0.093787 0.673679
v 0.122847 0.093787 0.615558
v 0.128131 0.093787 0.612916
v -0.133415 0.093787 0.604990
v -0.223239 0.093787 0.438552
v 0.220597 0.093787 0.435910
v -0.070010 0.096429 0.734442
v 0.070010 0.096429 0.734442
v -0.085861 0.096429 0.745010
v -0.085861 0.096429 0.745010
v -0.083219 0.096429 0.789922
v -0.083219 0.096429 0.789922
v -0.141341 0.096429 1.249609
v 0.141340 0.096429 1.249609
v -0.114922 0.096429 0.612916
v 0.125489 0.096429 0.610274
v 0.128131 0.096429 0.602348
v 0.128131 0.096429 0.602348
v -0.099070 0.099070 1.270744
v 0.099070 0.099070 1.270744
v -0.064726 0.099070 1.297162
v -0.122847 0.099070 0.612916
v -0.236448 0.099070 0.435910
v 0.233806 0.099070 0.433268
v 0.233806 0.099070 0.433268
v -0.059442 0.101712 0.734442
v 0.062084 0.101712 0.734442
v 0.072652 0.101712 0.737084
v 0.072652 0.101712 0.745010
v 0.072652 0.101712 0.787280
v 0.099070 0.101712 0.848043
v 0.151908 0.101712 1.157143
v -0.151908 0.101712 1.159785
v 0.170401 0.101712 1.165068
v 0.151908 0.101712 1.191487
v -0.151908 0.101712 1.194129
v 0.067368 0.101712 1.297162
v -0.120206 0.101712 0.618200
v -0.125489 0.101712 0.604990
v 0.064726 0.104354 0.737084
v -0.072652 0.104354 0.739726
v -0.096429 0.104354 0.848043
v -0.096429 0.104354 0.848043
v 0.104354 0.104354 1.220548
v -0.104354 0.104354 1.223190
v -0.117564 0.104354 0.612916
v -0.104354 0.104354 0.610274
v 0.104354 0.104354 0.610274
v 0.104354 0.104354 0.610274
v 0.157192 0.104354 0.536301
v 0.157192 0.104354 0.536301
v -0.077935 0.106996 0.676321
v -0.077935 0.106996 0.676321
v -0.077935 0.106996 0.676321
v 0.062084 0.106996 0.731800
v -0.072652 0.106996 0.745010
v -0.070010 0.106996 0.787280
v -0.070010 0.106996 0.787280
v -0.254941 0.106996 0.922016
v -0.260225 0.106996 0.922016
v -0.260225 0.106996 0.922016
v -0.260225 0.106996 0.922016
v -0.260225 0.106996 0.922016
v -0.157192 0.106996 1.199413
v 0.157192 0.106996 1.199413
v 0.157192 0.106996 1.209980
v -0.157192 0.106996 1.212622
v -0.106996 0.106996 1.249609
v 0.106996 0.106996 1.249609
v 0.075294 0.106996 0.673679
v 0.075294 0.106996 0.673679
v -0.257583 0.106996 0.388356
v 0.254941 0.106996 0.385714
v 0.254941 0.106996 0.385714
v -0.260225 0.106996 0.351370
v -0.260225 0.106996 0.351370
v 0.257583 0.106996 0.348728
v 0.257583 0.106996 0.348728
v -0.064726 0.109638 0.734442
v -0.067368 0.109638 0.739726
v -0.064726 0.109638 0.745010
v 0.062084 0.109638 0.745010
v -0.254941 0.109638 0.919374
v -0.307779 0.109638 0.922016
v -0.307779 0.109638 0.922016
v 0.109638 0.109638 1.236399
v 0.109638 0.109638 1.236399
v -0.109638 0.109638 1.239041
v 0.112280 0.109638 0.610274
v 0.112280 0.109638 0.610274
v -0.157192 0.109638 0.538943
v -0.262867 0.109638 0.414775
v 0.260225 0.109638 0.412133
v 0.260225 0.109638 0.412133
v -0.265509 0.109638 0.401566
v 0.262867 0.109638 0.398924
v 0.059442 0.112280 0.734442
v -0.062084 0.112280 0.737084
v 0.167759 0.112280 0.911448
v 0.167759 0.112280 0.911448
v -0.167759 0.112280 0.914090
v -0.046233 0.112280 1.297162
v -0.046233 0.112280 1.297162
v 0.046233 0.112280 1.297162
v -0.109638 0.112280 0.612916
v 0.114922 0.112280 0.602348
v 0.114922 0.112280 0.602348
v -0.064726 0.114922 0.676321
v -0.064726 0.114922 0.676321
v 0.051517 0.114922 0.745010
v 0.080577 0.114922 0.848043
v 0.260225 0.114922 0.916732
v 0.262867 0.114922 0.916732
v -0.167759 0.114922 0.974853
v 0.167759 0.114922 0.974853
v 0.167759 0.114922 0.974853
v 0.167759 0.114922 0.974853
v 0.064726 0.114922 0.673679
v 0.064726 0.114922 0.673679
v -0.114922 0.114922 0.604990
v -0.046233 0.117564 0.787280
v 0.051517 0.117564 0.787280
v -0.077935 0.117564 0.848043
v -0.077935 0.117564 0.848043
v -0.368542 0.117564 0.908806
v -0.368542 0.117564 0.908806
v 0.260225 0.117564 0.916732
v -0.307779 0.117564 0.919374
v 0.310421 0.117564 0.919374
v -0.173043 0.117564 0.927299
v 0.175685 0.117564 0.927299
v 0.175685 0.117564 0.927299
v -0.114922 0.117564 1.202055
v 0.117564 0.117564 1.202055
v -0.077935 0.117564 1.270744
v 0.077935 0.117564 1.270744
v -0.022456 0.117564 1.297162
v 0.022456 0.117564 1.297162
v -0.284002 0.117564 0.346086
v 0.284002 0.117564 0.343444
v 0.284002 0.117564 0.343444
v 0.284002 0.117564 0.343444
v -0.070010 0.120205 0.676321
v -0.070010 0.120205 0.676321
v -0.046233 0.120205 0.745010
v -0.117564 0.120206 0.908806
v 0.117564 0.120205 0.908806
v 0.117564 0.120205 0.908806
v 0.117564 0.120205 0.908806
v -0.376468 0.120206 0.911448
v -0.376468 0.120206 0.911448
v -0.376468 0.120206 0.911448
v -0.334198 0.120206 0.914090
v -0.334198 0.120206 0.914090
v -0.180969 0.120206 0.951076
v -0.331556 0.120206 1.075245
v -0.334198 0.120206 1.080528
v -0.122847 0.120206 1.170352
v -0.120206 0.120206 1.249609
v 0.120205 0.120205 1.249609
v 0.001321 0.120205 1.297162
v 0.064726 0.120205 0.673679
v 0.064726 0.120205 0.673679
v -0.088503 0.120205 0.610274
v 0.083219 0.120205 0.610274
v -0.294570 0.122847 0.890313
v 0.310421 0.122847 0.916732
v 0.183611 0.122847 0.935225
v 0.183611 0.122847 0.935225
v -0.180969 0.122847 0.937867
v 0.183611 0.122847 0.948434
v -0.080577 0.122847 1.220548
v 0.083219 0.122847 1.220548
v -0.183611 0.122847 0.478180
v 0.180969 0.122847 0.475538
v 0.180969 0.122847 0.475538
v -0.064726 0.125489 0.676321
v -0.064726 0.125489 0.676321
v -0.022456 0.125489 0.745010
v 0.027740 0.125489 0.745010
v 0.027740 0.125489 0.745010
v -0.022456 0.125489 0.787280
v 0.027740 0.125489 0.787280
v 0.027740 0.125489 0.787280
v -0.284002 0.125489 0.879746
v -0.281360 0.125489 0.882387
v -0.326272 0.125489 0.916732
v -0.247016 0.125489 1.112231
v -0.247016 0.125489 1.112231
v 0.120205 0.125489 1.167710
v -0.080577 0.125489 1.249609
v 0.083219 0.125489 1.249609
v 0.083219 0.125489 1.249609
v 0.062084 0.125489 0.673679
v 0.062084 0.125489 0.673679
v 0.091145 0.125489 0.610274
v -0.305137 0.125489 0.285323
v 0.302495 0.125489 0.282681
v 0.302495 0.125489 0.282681
v -0.001321 0.128131 0.745010
v -0.001321 0.128131 0.787280
v -0.001321 0.128131 0.787280
v -0.284002 0.128131 0.879746
v -0.286644 0.128131 0.879746
v -0.286644 0.128131 0.879746
v -0.299853 0.128131 0.892955
v 0.336840 0.128131 0.908806
v 0.054158 0.128131 0.673679
v 0.054158 0.128131 0.673679
v -0.091145 0.128131 0.612916
v -0.051517 0.130773 0.676321
v -0.051517 0.130773 0.676321
v -0.051517 0.130773 0.676321
v -0.051517 0.130773 0.848043
v 0.056800 0.130773 0.848043
v -0.313063 0.130773 0.877104
v -0.313063 0.130773 0.877104
v -0.318346 0.130773 0.879746
v -0.310421 0.130773 0.887671
v -0.365900 0.130773 0.911448
v -0.365900 0.130773 0.911448
v -0.188894 0.130773 1.143933
v 0.128131 0.130773 1.157143
v -0.128131 0.130773 1.159785
v -0.202104 0.130773 1.162427
v -0.202104 0.130773 1.162427
v 0.128131 0.130773 1.191487
v -0.128131 0.130773 1.194129
v 0.085861 0.130773 1.236399
v 0.085861 0.130773 1.236399
v -0.085861 0.130773 1.239041
v -0.054159 0.130773 1.270744
v -0.054159 0.130773 1.270744
v 0.054158 0.130773 1.270744
v -0.075294 0.130773 0.610274
v 0.070010 0.130773 0.610274
v 0.093787 0.130773 0.602348
v 0.284002 0.133415 0.877104
v 0.318346 0.133415 0.877104
v 0.294569 0.133415 0.885029
v 0.371184 0.133415 0.903523
v 0.379110 0.133415 0.906164
v 0.379110 0.133415 0.906164
v -0.410812 0.133415 0.940509
v -0.410812 0.133415 0.940509
v -0.421380 0.133415 0.959002
v -0.421380 0.133415 0.959002
v -0.141341 0.133415 1.165068
v -0.204746 0.133415 1.165068
v -0.133415 0.133415 1.199413
v 0.133415 0.133415 1.199413
v 0.133415 0.133415 1.209980
v -0.133415 0.133415 1.212622
v -0.093787 0.133415 0.604990
v -0.202104 0.133415 0.438552
v 0.199462 0.133415 0.435910
v 0.199462 0.133415 0.435910
v 0.286644 0.136057 0.874462
v 0.286644 0.136057 0.877104
v 0.289286 0.136057 0.877104
v 0.299853 0.136057 0.890313
v 0.328914 0.136057 0.911448
v -0.405528 0.136057 0.945793
v -0.405528 0.136057 0.945793
v -0.426663 0.136057 0.966928
v -0.426663 0.136057 0.966928
v -0.426663 0.136057 0.966928
v -0.191536 0.136057 1.143933
v -0.191536 0.136057 1.143933
v -0.202104 0.136057 1.162427
v 0.141341 0.136057 1.165068
v -0.091145 0.136057 1.202055
v 0.091145 0.136057 1.202055
v 0.030382 0.136057 0.673679
v 0.030382 0.136057 0.673679
v 0.030382 0.136057 0.673679
v -0.075294 0.136057 0.615558
v 0.072652 0.136057 0.615558
v -0.077935 0.136057 0.612916
v 0.077935 0.136057 0.610274
v 0.133415 0.136057 0.536301
v -0.022456 0.138699 0.676321
v -0.022456 0.138699 0.676321
v -0.025098 0.138699 0.848043
v 0.030382 0.138699 0.848043
v 0.315705 0.138699 0.874462
v 0.313063 0.138699 0.885029
v -0.093787 0.138699 0.908806
v -0.093787 0.138699 0.908806
v 0.093787 0.138699 0.908806
v 0.093787 0.138699 0.908806
v -0.426663 0.138699 0.969569
v -0.426663 0.138699 0.969569
v -0.056800 0.138699 1.220548
v 0.056800 0.138699 1.220548
v 0.056800 0.138699 1.220548
v -0.027740 0.138699 1.270744
v -0.027740 0.138699 1.270744
v 0.027740 0.138699 1.270744
v -0.133415 0.138699 0.538943
v -0.001321 0.141341 0.676321
v -0.001321 0.141341 0.676321
v -0.001321 0.141341 0.848043
v -0.001321 0.141341 0.848043
v -0.368542 0.141341 0.900881
v -0.384393 0.141341 0.900881
v 0.371184 0.141340 0.906164
v -0.056800 0.141341 1.249609
v -0.093787 0.141341 1.249609
v 0.059442 0.141341 1.249609
v 0.059442 0.141341 1.249609
v 0.093787 0.141341 1.249609
v 0.093787 0.141341 1.249609
v 0.001321 0.141341 1.270744
v -0.075294 0.141341 0.612916
v 0.070010 0.141341 0.612916
v -0.080577 0.141341 0.604990
v 0.072652 0.141341 0.602348
v -0.212671 0.141341 0.433268
v 0.210029 0.141340 0.433268
v -0.352691 0.143982 0.877104
v -0.389677 0.143982 0.900881
v -0.143982 0.143982 0.911448
v 0.143982 0.143982 0.911448
v 0.143982 0.143982 0.911448
v 0.421380 0.143982 0.951076
v 0.241732 0.143982 1.104305
v 0.241732 0.143982 1.104305
v 0.059442 0.143982 1.236399
v 0.059442 0.143982 1.236399
v -0.059442 0.143982 1.239041
v -0.350049 0.146624 0.874462
v 0.410812 0.146624 0.935225
v 0.424022 0.146624 0.953718
v -0.141341 0.146624 0.974853
v 0.143982 0.146624 0.974853
v 0.143982 0.146624 0.974853
v -0.323630 0.146624 1.075245
v -0.328914 0.146624 1.080528
v 0.093787 0.146624 1.167710
v -0.027740 0.146624 1.220548
v -0.027740 0.146624 1.220548
v 0.030382 0.146624 1.220548
v -0.027740 0.146624 1.249609
v -0.027740 0.146624 1.249609
v 0.030382 0.146624 1.249609
v -0.352691 0.146624 0.121526
v 0.352691 0.146624 0.118885
v 0.352691 0.146624 0.118885
v -0.350049 0.146624 0.092466
v 0.350049 0.146624 0.089824
v 0.350049 0.146624 0.089824
v -0.352691 0.149266 0.874462
v -0.384393 0.149266 0.898239
v -0.149266 0.149266 0.927299
v 0.149266 0.149266 0.927299
v 0.149266 0.149266 0.927299
v 0.408170 0.149266 0.940509
v 0.001321 0.149266 1.220548
v 0.001321 0.149266 1.249609
v 0.062084 0.149266 0.602348
v 0.355333 0.151908 0.871820
v 0.355333 0.151908 0.871820
v 0.373826 0.151908 0.895597
v 0.373826 0.151908 0.895597
v -0.389677 0.151908 0.898239
v -0.371184 0.151908 0.900881
v 0.101712 0.151908 1.157143
v -0.101712 0.151908 1.159785
v -0.080577 0.151908 1.170352
v 0.101712 0.151908 1.191487
v -0.101712 0.151908 1.194129
v -0.062084 0.151908 1.202055
v 0.062084 0.151908 1.202055
v 0.062084 0.151908 1.202055
v 0.062084 0.151908 1.202055
v 0.062084 0.151908 1.202055
v 0.062084 0.151908 1.202055
v 0.062084 0.151908 1.202055
v 0.030382 0.151908 1.236399
v -0.030382 0.151908 1.239041
v -0.030382 0.151908 1.239041
v -0.059442 0.151908 0.604990
v -0.059442 0.151908 0.604990
v 0.384393 0.154550 0.892955
v 0.384393 0.154550 0.892955
v -0.064726 0.154550 0.908806
v 0.064726 0.154550 0.908806
v 0.064726 0.154550 0.908806
v -0.154550 0.154550 0.937867
v -0.154550 0.154550 0.951076
v 0.001321 0.154550 1.239041
v -0.231164 0.154550 0.388356
v -0.231164 0.154550 0.388356
v 0.231164 0.154550 0.385714
v 0.352691 0.157192 0.869178
v 0.352691 0.157192 0.869178
v 0.357975 0.157192 0.871820
v 0.389677 0.157192 0.895597
v 0.389677 0.157192 0.895597
v 0.154550 0.157192 0.935225
v 0.154550 0.157192 0.948434
v 0.154550 0.157192 0.948434
v 0.426663 0.157192 0.961644
v -0.284002 0.157192 1.077886
v -0.104354 0.157192 1.199413
v 0.106996 0.157192 1.199413
v 0.104354 0.157192 1.209980
v -0.104354 0.157192 1.212622
v -0.064726 0.157192 1.249609
v 0.064726 0.157192 1.249609
v 0.064726 0.157192 1.249609
v 0.035665 0.157192 0.602348
v 0.106996 0.157192 0.536301
v -0.157192 0.157192 0.478180
v 0.154550 0.157192 0.475538
v -0.236448 0.157192 0.414775
v 0.233806 0.157192 0.412133
v 0.233806 0.157192 0.412133
v -0.233806 0.157192 0.348728
v 0.231164 0.157192 0.348728
v -0.376468 0.157192 0.137378
v 0.373826 0.157192 0.134736
v 0.373826 0.157192 0.134736
v -0.421380 0.159834 0.924658
v -0.402887 0.159834 0.993346
v -0.402887 0.159834 0.993346
v -0.284002 0.159834 1.080528
v -0.297211 0.159834 1.099022
v -0.297211 0.159834 1.099022
v -0.027740 0.159834 0.602348
v -0.027740 0.159834 0.602348
v -0.104354 0.159834 0.538943
v -0.239090 0.159834 0.401566
v 0.236448 0.159834 0.398924
v 0.236448 0.159834 0.398924
v -0.387035 0.159834 0.079256
v 0.384393 0.159834 0.076614
v 0.384393 0.159834 0.076614
v -0.387035 0.159834 0.002642
v 0.384393 0.159834 0.000000
v 0.384393 0.159834 0.000000
v 0.373826 0.162476 0.895597
v -0.223239 0.162476 0.919374
v -0.225881 0.162476 0.919374
v -0.437231 0.162476 0.940509
v -0.439873 0.162476 0.951076
v -0.294570 0.162476 1.096380
v -0.294570 0.162476 1.096380
v -0.033024 0.162476 1.202055
v -0.033024 0.162476 1.202055
v 0.033023 0.162476 1.202055
v 0.033023 0.162476 1.202055
v 0.033023 0.162476 1.202055
v 0.033023 0.162476 1.202055
v -0.001321 0.162476 0.602348
v -0.389677 0.162476 0.200783
v 0.387035 0.162476 0.198141
v 0.387035 0.162476 0.198141
v -0.394961 0.162476 0.190215
v 0.392319 0.162476 0.187573
v 0.392319 0.162476 0.187573
v -0.394961 0.162476 0.177006
v 0.392319 0.162476 0.174364
v 0.392319 0.162476 0.174364
v -0.394961 0.162476 0.013209
v 0.392319 0.162476 0.010568
v 0.392319 0.162476 0.010568
v 0.381752 0.165117 0.892955
v 0.389677 0.165117 0.892955
v -0.033024 0.165117 0.908806
v 0.033023 0.165117 0.908806
v 0.033023 0.165117 0.908806
v -0.225881 0.165117 0.919374
v -0.225881 0.165117 0.919374
v -0.434589 0.165117 0.937867
v -0.439873 0.165117 0.953718
v 0.104354 0.165117 1.165068
v 0.001321 0.165117 1.202055
v -0.394961 0.165117 0.063405
v 0.392319 0.165117 0.060763
v 0.392319 0.165117 0.060763
v -0.001321 0.167759 0.908806
v -0.001321 0.167759 0.908806
v -0.001321 0.167759 0.908806
v -0.112280 0.167759 0.911448
v -0.112280 0.167759 0.911448
v 0.225881 0.167759 0.916732
v 0.228523 0.167759 0.916732
v -0.421380 0.167759 0.922016
v 0.070010 0.167759 1.157143
v -0.070010 0.167759 1.159785
v -0.046233 0.167759 1.167710
v -0.046233 0.167759 1.167710
v 0.043591 0.167759 1.167710
v -0.070010 0.167759 1.191487
v 0.070010 0.167759 1.191487
v -0.033024 0.167759 1.249609
v -0.033024 0.167759 1.249609
v 0.033023 0.167759 1.249609
v 0.033023 0.167759 1.249609
v 0.112280 0.170401 0.911448
v 0.225881 0.170401 0.916732
v 0.225881 0.170401 0.916732
v -0.112280 0.170401 0.974853
v -0.112280 0.170401 0.974853
v 0.112280 0.170401 0.974853
v -0.091145 0.170401 1.165068
v 0.001321 0.170401 1.249609
v -0.170401 0.170401 0.438552
v 0.170401 0.170401 0.435910
v -0.257583 0.170401 0.343444
v 0.254941 0.170401 0.343444
v -0.217955 0.173043 1.112231
v -0.217955 0.173043 1.112231
v 0.167759 0.173043 1.117515
v 0.167759 0.173043 1.117515
v 0.173043 0.173043 1.117515
v 0.173043 0.173043 1.117515
v -0.001321 0.173043 1.167710
v -0.257583 0.175685 0.879746
v -0.252299 0.175685 0.882387
v 0.421380 0.175685 0.916732
v -0.117564 0.175685 0.927299
v -0.117564 0.175685 0.927299
v 0.117564 0.175685 0.927299
v -0.434589 0.175685 0.937867
v -0.437231 0.175685 0.937867
v -0.072652 0.175685 1.199413
v 0.072652 0.175685 1.199413
v 0.072652 0.175685 1.209980
v 0.072652 0.175685 1.209980
v -0.072652 0.175685 1.212622
v 0.072652 0.175685 0.536301
v -0.254941 0.178327 0.879746
v 0.437231 0.178327 0.932583
v 0.439873 0.178327 0.932583
v -0.437231 0.178327 0.953718
v -0.035665 0.178327 1.159785
v -0.035665 0.178327 1.159785
v 0.035665 0.178327 1.159785
v -0.035665 0.178327 1.191487
v -0.035665 0.178327 1.191487
v -0.035665 0.178327 1.191487
v 0.035665 0.178327 1.191487
v -0.072652 0.178327 0.538943
v -0.072652 0.178327 0.538943
v 0.439873 0.180969 0.943151
v -0.437231 0.180969 0.948434
v -0.120206 0.180969 0.951076
v -0.120206 0.180969 0.951076
v 0.402887 0.180969 0.982779
v 0.175685 0.180969 1.133366
v -0.180969 0.180969 0.433268
v 0.178327 0.180969 0.433268
v 0.257583 0.183611 0.874462
v 0.252299 0.183611 0.877104
v 0.421380 0.183611 0.914090
v 0.122847 0.183611 0.935225
v -0.122847 0.183611 0.937867
v -0.122847 0.183611 0.937867
v 0.439873 0.183611 0.945793
v 0.122847 0.183611 0.948434
v 0.210029 0.183611 1.106947
v 0.210029 0.183611 1.106947
v 0.210029 0.183611 1.106947
v 0.178327 0.183611 1.133366
v 0.178327 0.183611 1.133366
v 0.001321 0.183611 1.159785
v 0.001321 0.183611 1.191487
v 0.001321 0.183611 1.191487
v -0.122847 0.183611 0.478180
v 0.120205 0.183611 0.475538
v -0.273435 0.183611 0.285323
v 0.273434 0.183611 0.282681
v 0.257583 0.186252 0.877104
v -0.257583 0.186253 0.890313
v 0.175685 0.186252 1.136008
v 0.175685 0.186252 1.136008
v -0.035665 0.186252 1.199413
v -0.035665 0.186252 1.199413
v 0.038307 0.186252 1.199413
v 0.038307 0.186252 1.209980
v 0.038307 0.186252 1.209980
v -0.035665 0.186252 1.212622
v -0.035665 0.186252 1.212622
v 0.038307 0.186252 0.536301
v -0.262867 0.188894 0.892955
v -0.077935 0.188894 0.911448
v 0.077935 0.188894 0.911448
v 0.434589 0.188894 0.929941
v 0.117564 0.188894 0.990705
v -0.048875 0.188894 1.165068
v 0.001321 0.188894 1.199413
v 0.001321 0.188894 1.199413
v 0.001321 0.188894 1.209980
v 0.001321 0.188894 1.209980
v -0.035665 0.188894 0.538943
v -0.035665 0.188894 0.538943
v 0.437231 0.191536 0.932583
v -0.077935 0.191536 0.974853
v 0.077935 0.191536 0.974853
v -0.128131 0.191536 0.990705
v -0.128131 0.191536 0.990705
v -0.128131 0.191536 0.990705
v 0.101712 0.191536 1.114873
v 0.101712 0.191536 1.114873
v 0.101712 0.191536 1.117515
v 0.048875 0.191536 1.165068
v -0.001321 0.191536 0.538943
v -0.080577 0.194178 0.927299
v 0.080577 0.194178 0.927299
v 0.437231 0.194178 0.945793
v 0.104354 0.194178 1.114873
v 0.088503 0.194178 1.117515
v 0.088503 0.194178 1.120157
v 0.257583 0.196820 0.885029
v 0.260225 0.196820 0.890313
v 0.439873 0.196820 0.943151
v 0.085861 0.196820 1.120157
v 0.109638 0.196820 1.122798
v 0.109638 0.196820 1.122798
v -0.196820 0.196820 0.388356
v -0.196820 0.196820 0.388356
v 0.196820 0.196820 0.385714
v -0.273435 0.199462 0.887671
v -0.040949 0.199462 0.911448
v 0.038307 0.199462 0.911448
v 0.130773 0.199462 0.988063
v -0.101712 0.199462 1.138650
v -0.096429 0.199462 1.141292
v -0.096429 0.199462 1.141292
v -0.199462 0.199462 0.414775
v 0.199462 0.199462 0.412133
v -0.199462 0.199462 0.348728
v 0.196820 0.199462 0.348728
v -0.270793 0.202104 0.877104
v -0.270793 0.202104 0.877104
v -0.363258 0.202104 0.898239
v -0.083219 0.202104 0.948434
v -0.038307 0.202104 0.974853
v 0.040949 0.202104 0.974853
v -0.112280 0.202104 0.990705
v 0.104354 0.202104 1.120157
v 0.109638 0.202104 1.138650
v -0.001321 0.202104 1.165068
v -0.001321 0.202104 1.165068
v -0.133415 0.202104 0.438552
v 0.133415 0.202104 0.435910
v -0.202104 0.202104 0.401566
v 0.202104 0.202104 0.398924
v 0.273434 0.204746 0.885029
v -0.001321 0.204746 0.911448
v -0.001321 0.204746 0.911448
v -0.257583 0.204746 0.922016
v -0.083219 0.204746 0.935225
v 0.083219 0.204746 0.935225
v 0.083219 0.204746 0.948434
v 0.112280 0.204746 0.988063
v 0.112280 0.204746 1.138650
v 0.109638 0.204746 1.141292
v 0.096429 0.204746 1.143933
v -0.085861 0.204746 0.478180
v -0.085861 0.204746 0.478180
v 0.083219 0.204746 0.475538
v -0.273435 0.207388 0.879746
v -0.252299 0.207388 0.922016
v -0.252299 0.207388 0.922016
v -0.040949 0.207387 0.927299
v 0.040949 0.207387 0.927299
v 0.001321 0.207387 0.974853
v 0.001321 0.207387 0.974853
v 0.001321 0.207387 0.974853
v 0.114922 0.207387 1.138650
v 0.093787 0.207387 1.141292
v 0.093787 0.207387 1.141292
v 0.096429 0.207387 1.143933
v 0.270793 0.210029 0.874462
v 0.270793 0.210029 0.877104
v 0.257583 0.210029 0.916732
v 0.001321 0.210029 0.927299
v 0.001321 0.210029 0.927299
v -0.141341 0.210029 0.982779
v -0.141341 0.210029 0.982779
v -0.141341 0.210029 0.982779
v 0.112280 0.210029 1.138650
v 0.112280 0.210029 1.138650
v 0.117564 0.210029 1.141292
v 0.117564 0.210029 1.141292
v -0.099070 0.210029 1.157143
v -0.276076 0.212671 0.916732
v -0.099070 0.212671 1.157143
v -0.101712 0.212671 1.157143
v -0.101712 0.212671 1.157143
v -0.141341 0.212671 0.433268
v 0.141341 0.212671 0.433268
v -0.318346 0.212671 0.121526
v 0.315705 0.212671 0.118885
v -0.315705 0.212671 0.092466
v 0.315705 0.212671 0.089824
v 0.360616 0.215313 0.892955
v 0.249658 0.215313 0.919374
v 0.249658 0.215313 0.919374
v -0.043591 0.215313 0.948434
v -0.379110 0.215313 0.988063
v -0.043591 0.217955 0.935225
v 0.043591 0.217955 0.935225
v 0.043591 0.217955 0.948434
v 0.141341 0.217955 0.980137
v 0.130773 0.217955 1.117515
v 0.130773 0.217955 1.117515
v -0.030382 0.217955 1.138650
v -0.043591 0.217955 0.478180
v 0.040949 0.217955 0.475538
v -0.217955 0.217955 0.343444
v 0.215313 0.217955 0.343444
v -0.394961 0.220597 0.919374
v 0.001321 0.220597 0.935225
v 0.001321 0.220597 0.935225
v 0.001321 0.220597 0.948434
v 0.001321 0.220597 0.948434
v -0.143982 0.220597 0.985421
v -0.143982 0.220597 0.985421
v -0.001321 0.220597 0.475538
v 0.276076 0.223239 0.911448
v 0.376468 0.223239 0.985421
v -0.122847 0.223239 1.117515
v -0.122847 0.223239 1.117515
v -0.122847 0.223239 1.117515
v -0.027740 0.223239 1.138650
v -0.027740 0.223239 1.138650
v -0.093787 0.223239 0.435910
v -0.093787 0.223239 0.435910
v 0.091145 0.223239 0.435910
v -0.307779 0.225881 0.871820
v -0.307779 0.225881 0.871820
v -0.310421 0.225881 0.874462
v -0.310421 0.225881 0.874462
v -0.276076 0.225881 0.914090
v -0.120205 0.225881 0.980137
v -0.336840 0.225881 0.137378
v 0.336840 0.225881 0.134736
v -0.305137 0.228523 0.874462
v -0.405528 0.228523 0.937867
v 0.120205 0.228523 0.980137
v 0.143982 0.228523 0.982779
v 0.273434 0.231164 0.908806
v 0.273434 0.231164 0.908806
v 0.273434 0.231164 0.908806
v -0.408170 0.231164 0.937867
v -0.151908 0.231164 1.032975
v -0.151908 0.231164 1.032975
v -0.033023 0.231164 1.154501
v -0.033023 0.231164 1.154501
v -0.154550 0.231164 0.388356
v -0.154550 0.231164 0.388356
v 0.154550 0.231164 0.385714
v -0.347407 0.231164 0.079256
v 0.347407 0.231164 0.076614
v -0.347407 0.231164 0.002642
v 0.344765 0.231164 0.000000
v 0.307779 0.233806 0.869178
v 0.307779 0.233806 0.869178
v 0.310421 0.233806 0.871820
v -0.413454 0.233806 0.948434
v -0.413454 0.233806 0.953718
v -0.128131 0.233806 0.985421
v -0.030382 0.233806 1.154501
v -0.033023 0.233806 1.157143
v -0.157192 0.233806 0.348728
v 0.154550 0.233806 0.348728
v -0.233806 0.233806 0.285323
v 0.231164 0.233806 0.282681
v -0.350049 0.233806 0.200783
v 0.347407 0.233806 0.198141
v 0.305137 0.236448 0.871820
v 0.305137 0.236448 0.871820
v 0.392319 0.236448 0.914090
v 0.128131 0.236448 0.982779
v -0.048875 0.236448 0.435910
v 0.046233 0.236448 0.435910
v -0.099070 0.236448 0.433268
v -0.099070 0.236448 0.433268
v 0.096429 0.236448 0.433268
v -0.157192 0.236448 0.414775
v 0.154550 0.236448 0.412133
v -0.355333 0.236448 0.190215
v 0.352691 0.236448 0.187573
v -0.355333 0.236448 0.177006
v 0.352691 0.236448 0.174364
v -0.355333 0.236448 0.063405
v 0.355333 0.236448 0.060763
v -0.355333 0.236448 0.013209
v 0.352691 0.236448 0.010568
v -0.323630 0.239090 0.898239
v -0.323630 0.239090 0.898239
v 0.154550 0.239090 1.030333
v -0.159834 0.239090 0.401566
v 0.157192 0.239090 0.401566
v -0.313063 0.241732 0.900881
v 0.405528 0.241732 0.929941
v 0.402887 0.241732 0.932583
v -0.001321 0.241732 0.435910
v 0.410812 0.244374 0.945793
v -0.302495 0.247016 0.911448
v 0.413454 0.247016 0.940509
v -0.128131 0.247016 1.030333
v 0.130773 0.247016 1.030333
v 0.323630 0.249658 0.895597
v -0.331556 0.249658 0.898239
v -0.331556 0.249658 0.898239
v -0.051517 0.249658 0.433268
v 0.048875 0.249658 0.433268
v 0.313063 0.252299 0.895597
v -0.334198 0.252299 0.898239
v -0.323630 0.254941 0.898239
v -0.323630 0.254941 0.898239
v 0.302495 0.254941 0.906164
v 0.302495 0.254941 0.906164
v -0.299853 0.254941 0.908806
v -0.299853 0.254941 0.908806
v -0.001321 0.254941 0.433268
v 0.323630 0.257583 0.892955
v -0.326272 0.257583 0.900881
v -0.355333 0.257583 0.988063
v -0.355333 0.257583 0.988063
v -0.167759 0.257583 1.035616
v -0.167759 0.257583 1.035616
v 0.215313 0.257583 1.046184
v 0.220597 0.257583 1.051468
v -0.106996 0.257583 0.388356
v -0.106996 0.257583 0.388356
v 0.104354 0.257583 0.385714
v -0.170401 0.257583 0.343444
v 0.170401 0.257583 0.343444
v -0.106996 0.260225 0.348728
v -0.106996 0.260225 0.348728
v -0.106996 0.260225 0.348728
v 0.106996 0.260225 0.348728
v -0.302495 0.262867 0.911448
v -0.170401 0.262867 1.032975
v -0.170401 0.262867 1.032975
v 0.165117 0.262867 1.032975
v 0.225881 0.262867 1.064677
v 0.225881 0.262867 1.064677
v -0.109638 0.262867 0.412133
v -0.109638 0.262867 0.412133
v 0.106996 0.262867 0.412133
v 0.328914 0.265509 0.892955
v 0.291928 0.265509 0.906164
v -0.109638 0.265509 0.401566
v -0.109638 0.265509 0.401566
v 0.109638 0.265509 0.401566
v 0.315705 0.268151 0.895597
v 0.315705 0.268151 0.895597
v 0.344765 0.268151 0.988063
v 0.344765 0.268151 0.988063
v 0.165117 0.268151 1.032975
v 0.223239 0.268151 1.067319
v 0.223239 0.268151 1.067319
v 0.223239 0.268151 1.067319
v 0.109638 0.268151 1.072603
v 0.109638 0.268151 1.072603
v 0.112280 0.268151 1.075245
v 0.112280 0.268151 1.075245
v -0.268151 0.268151 0.092466
v 0.268151 0.268151 0.089824
v 0.323630 0.270793 0.898239
v 0.323630 0.270793 0.898239
v 0.297211 0.270793 0.906164
v 0.109638 0.270793 1.072603
v 0.093787 0.270793 1.077886
v 0.093787 0.270793 1.077886
v 0.091145 0.270793 1.080528
v 0.091145 0.270793 1.080528
v 0.091145 0.270793 1.080528
v -0.270793 0.270793 0.121526
v 0.268151 0.270793 0.118885
v -0.365900 0.273435 0.919374
v -0.141341 0.273435 1.032975
v -0.146624 0.273435 1.032975
v 0.093787 0.273434 1.077886
v -0.051517 0.273434 1.106947
v -0.051517 0.273434 1.106947
v -0.054159 0.273434 0.388356
v 0.054159 0.273434 0.388356
v -0.183611 0.273435 0.285323
v 0.180969 0.273434 0.282681
v -0.357975 0.276076 0.922016
v 0.138699 0.276076 1.032975
v -0.162476 0.276076 1.046184
v -0.162476 0.276076 1.046184
v -0.165117 0.276076 1.064677
v -0.165117 0.276076 1.064677
v 0.048875 0.276076 1.106947
v 0.048875 0.276076 1.106947
v -0.054159 0.276076 0.348728
v 0.054159 0.276076 0.348728
v -0.027740 0.278718 0.916732
v -0.331556 0.278718 0.945793
v 0.143982 0.278718 1.030333
v 0.143982 0.278718 1.030333
v -0.165117 0.278718 1.048826
v -0.165117 0.278718 1.048826
v -0.165117 0.278718 1.048826
v 0.120205 0.278718 1.099022
v 0.120205 0.278718 1.099022
v -0.056800 0.278718 0.412133
v 0.054159 0.278718 0.412133
v -0.001321 0.278718 0.388356
v -0.027740 0.281360 0.916732
v -0.030382 0.281360 0.916732
v 0.035665 0.281360 0.916732
v 0.035665 0.281360 0.916732
v -0.379110 0.281360 0.935225
v -0.384393 0.281360 0.948434
v -0.384393 0.281360 0.951076
v 0.154550 0.281360 1.043542
v 0.154550 0.281360 1.043542
v -0.128131 0.281360 1.072603
v -0.130773 0.281360 1.075245
v 0.117564 0.281360 1.096380
v 0.117564 0.281360 1.096380
v 0.117564 0.281360 1.099022
v 0.117564 0.281360 1.099022
v -0.056800 0.281360 0.401566
v 0.054159 0.281360 0.401566
v -0.001321 0.281360 0.348728
v 0.038307 0.284002 0.916732
v -0.379110 0.284002 0.937867
v -0.328914 0.284002 0.940509
v 0.157192 0.284002 1.046184
v 0.157192 0.284002 1.046184
v 0.154550 0.284002 1.062035
v 0.154550 0.284002 1.062035
v 0.101712 0.284002 1.101663
v 0.101712 0.284002 1.101663
v -0.001321 0.284002 1.104305
v -0.001321 0.284002 1.104305
v -0.001321 0.284002 1.104305
v -0.001321 0.284002 1.104305
v 0.099070 0.284002 1.104305
v 0.101712 0.284002 1.104305
v 0.101712 0.284002 1.104305
v 0.101712 0.284002 1.104305
v -0.001321 0.284002 0.412133
v -0.117564 0.284002 0.343444
v -0.117564 0.284002 0.343444
v 0.117564 0.284002 0.343444
v 0.360616 0.286644 0.916732
v -0.130773 0.286644 1.085812
v -0.130773 0.286644 1.085812
v -0.001321 0.286644 0.401566
v -0.286644 0.286644 0.137378
v 0.286644 0.286644 0.134736
v -0.368542 0.289286 0.937867
v 0.326272 0.289286 0.937867
v -0.376468 0.289286 0.953718
v -0.128131 0.289286 1.085812
v 0.352691 0.291928 0.919374
v 0.352691 0.291928 0.919374
v 0.371184 0.291928 0.932583
v 0.326272 0.291928 0.935225
v -0.371184 0.291928 0.937867
v 0.379110 0.291928 0.943151
v -0.371184 0.291928 0.948434
v -0.334198 0.291928 0.956360
v -0.344765 0.291928 0.966928
v -0.344765 0.291928 0.966928
v 0.151908 0.291928 1.054110
v 0.151908 0.291928 1.054110
v 0.151908 0.291928 1.054110
v 0.157192 0.291928 1.054110
v 0.373826 0.294569 0.929941
v 0.379110 0.294569 0.945793
v -0.334198 0.294570 0.959002
v 0.212671 0.294569 1.043542
v 0.159834 0.294569 1.064677
v 0.159834 0.294569 1.064677
v 0.157192 0.294569 1.067319
v 0.157192 0.294569 1.067319
v 0.215313 0.297211 1.048826
v 0.215313 0.297211 1.048826
v -0.297211 0.297211 0.200783
v 0.297211 0.297211 0.198141
v -0.297211 0.297211 0.079256
v 0.294570 0.297211 0.076614
v -0.297211 0.297211 0.000000
v 0.294570 0.297211 0.000000
v 0.363258 0.299853 0.932583
v 0.363258 0.299853 0.932583
v -0.059442 0.299853 1.067319
v 0.363258 0.302495 0.932583
v 0.363258 0.302495 0.932583
v 0.331556 0.302495 0.951076
v -0.062084 0.302495 0.343444
v 0.059442 0.302495 0.343444
v -0.302495 0.302495 0.190215
v 0.299853 0.302495 0.187573
v -0.302495 0.302495 0.177006
v 0.299853 0.302495 0.174364
v -0.302495 0.302495 0.063405
v 0.299853 0.302495 0.060763
v -0.302495 0.302495 0.013209
v 0.299853 0.302495 0.010568
v 0.365900 0.305137 0.943151
v 0.365900 0.305137 0.943151
v 0.365900 0.305137 0.948434
v 0.365900 0.305137 0.948434
v 0.331556 0.305137 0.951076
v 0.336840 0.305137 0.959002
v 0.336840 0.305137 0.961644
v 0.336840 0.305137 0.961644
v 0.336840 0.305137 0.961644
v -0.056800 0.305137 1.069961
v -0.128131 0.305137 0.282681
v -0.128131 0.305137 0.282681
v 0.125489 0.305137 0.282681
v 0.188894 0.307779 1.043542
v 0.191536 0.307779 1.048826
v 0.191536 0.307779 1.048826
v -0.001321 0.307779 0.343444
v -0.025098 0.313063 0.877104
v -0.025098 0.313063 0.879746
v 0.033023 0.313063 0.879746
v 0.033023 0.313063 0.879746
v -0.059442 0.313063 1.083170
v -0.059442 0.313063 1.083170
v -0.064726 0.313063 1.085812
v -0.025098 0.315705 0.877104
v -0.027740 0.315705 0.877104
v 0.030382 0.315705 0.877104
v 0.030382 0.315705 0.877104
v 0.033023 0.315705 0.877104
v 0.033023 0.315705 0.877104
v 0.035665 0.315705 0.877104
v -0.117564 0.315705 1.062035
v -0.117564 0.315705 1.062035
v -0.212671 0.315705 0.092466
v 0.210029 0.315705 0.089824
v -0.117564 0.318346 1.067319
v -0.212671 0.318346 0.121526
v 0.210029 0.318346 0.118885
v 0.038307 0.323630 0.885029
v -0.033023 0.323630 0.887671
v -0.064726 0.323630 0.282681
v 0.064726 0.323630 0.282681
v 0.038307 0.326272 0.890313
v -0.054159 0.326272 0.919374
v 0.059442 0.326272 0.919374
v 0.059442 0.326272 0.919374
v -0.091145 0.326272 1.062035
v -0.091145 0.326272 1.062035
v -0.035665 0.328914 0.890313
v -0.091145 0.328914 1.064677
v -0.046233 0.331556 0.916732
v 0.054159 0.331556 0.919374
v -0.001321 0.331556 0.282681
v -0.225881 0.339481 0.137378
v 0.225881 0.339481 0.134736
v 0.051517 0.342123 0.877104
v -0.035665 0.342123 0.885029
v 0.043591 0.342123 0.885029
v -0.040949 0.344765 0.874462
v 0.043591 0.344765 0.874462
v 0.043591 0.344765 0.874462
v -0.043591 0.344765 0.877104
v -0.233806 0.347407 0.079256
v 0.231164 0.347407 0.076614
v -0.233806 0.347407 0.000000
v 0.231164 0.347407 0.000000
v -0.233806 0.350049 0.200783
v 0.233806 0.350049 0.198141
v -0.146624 0.350049 0.089824
v -0.146624 0.350049 0.089824
v 0.143982 0.350049 0.089824
v -0.048875 0.352691 0.911448
v 0.054159 0.352691 0.914090
v -0.146624 0.352691 0.121526
v -0.146624 0.352691 0.121526
v 0.143982 0.352691 0.118885
v 0.064726 0.355333 0.911448
v 0.064726 0.355333 0.911448
v -0.236448 0.355333 0.190215
v 0.236448 0.355333 0.187573
v -0.236448 0.355333 0.177006
v 0.236448 0.355333 0.174364
v -0.239090 0.355333 0.060763
v 0.236448 0.355333 0.060763
v -0.239090 0.355333 0.013209
v 0.236448 0.355333 0.010568
v -0.056800 0.357975 0.911448
v -0.075294 0.373826 0.121526
v 0.072652 0.373826 0.118885
v -0.075294 0.373826 0.089824
v 0.072652 0.373826 0.089824
v -0.157192 0.376468 0.137378
v -0.157192 0.376468 0.137378
v 0.154550 0.376468 0.134736
v -0.001321 0.379110 0.089824
v -0.001321 0.381752 0.121526
v -0.040949 0.384393 0.869178
v 0.048875 0.384393 0.869178
v 0.048875 0.384393 0.869178
v -0.043591 0.384393 0.871820
v 0.051517 0.384393 0.871820
v 0.048875 0.387035 0.871820
v 0.048875 0.387035 0.871820
v -0.077935 0.387035 0.906164
v -0.159834 0.387035 0.079256
v -0.159834 0.387035 0.079256
v 0.159834 0.387035 0.076614
v -0.159834 0.387035 0.000000
v -0.159834 0.387035 0.000000
v 0.157192 0.387035 0.000000
v -0.040949 0.389677 0.871820
v 0.075294 0.389677 0.906164
v 0.075294 0.389677 0.906164
v -0.062084 0.389677 0.908806
v -0.159834 0.389677 0.200783
v -0.159834 0.389677 0.200783
v 0.159834 0.389677 0.198141
v 0.070010 0.392319 0.908806
v 0.080577 0.394961 0.906164
v 0.080577 0.394961 0.906164
v -0.080577 0.394961 0.908806
v -0.162476 0.394961 0.187573
v -0.162476 0.394961 0.187573
v 0.162476 0.394961 0.187573
v -0.162476 0.394961 0.177006
v -0.162476 0.394961 0.177006
v 0.162476 0.394961 0.174364
v -0.165117 0.394961 0.060763
v -0.165117 0.394961 0.060763
v 0.162476 0.394961 0.060763
v -0.165117 0.394961 0.013209
v -0.165117 0.394961 0.013209
v 0.162476 0.394961 0.010568
v -0.054159 0.397603 0.898239
v 0.059442 0.400245 0.898239
v 0.059442 0.400245 0.898239
v 0.059442 0.400245 0.898239
v -0.080577 0.400245 0.134736
v 0.077935 0.400245 0.134736
v -0.046233 0.405528 0.895597
v 0.054159 0.405528 0.895597
v 0.054159 0.405528 0.895597
v 0.054159 0.405528 0.895597
v -0.001321 0.408170 0.134736
v -0.054159 0.410812 0.892955
v -0.054159 0.410812 0.892955
v 0.064726 0.410812 0.892955
v -0.067368 0.410812 0.895597
v -0.067368 0.410812 0.895597
v -0.083219 0.410812 0.079256
v 0.080577 0.410812 0.076614
v -0.083219 0.410812 0.000000
v 0.080577 0.410812 0.000000
v 0.054159 0.413454 0.892955
v 0.054159 0.413454 0.892955
v 0.054159 0.413454 0.892955
v -0.083219 0.413454 0.200783
v 0.080577 0.413454 0.198141
v 0.064726 0.416096 0.895597
v -0.067368 0.416096 0.898239
v -0.067368 0.416096 0.898239
v -0.059442 0.418738 0.895597
v -0.083219 0.418738 0.187573
v 0.083219 0.418738 0.187573
v -0.083219 0.418738 0.177006
v 0.083219 0.418738 0.174364
v -0.001321 0.418738 0.079256
v -0.083219 0.418738 0.060763
v 0.083219 0.418738 0.060763
v -0.083219 0.418738 0.013209
v 0.083219 0.418738 0.010568
v -0.001321 0.418738 0.000000
v -0.001321 0.421380 0.892955
v 0.054159 0.421380 0.892955
v 0.054159 0.421380 0.892955
v -0.001321 0.421380 0.200783
v -0.080577 0.426663 0.940509
v -0.080577 0.426663 0.940509
v -0.001321 0.426663 0.187573
v -0.001321 0.426663 0.174364
v -0.001321 0.426663 0.060763
v -0.001321 0.426663 0.010568
v -0.083219 0.429305 0.935225
v 0.083219 0.429305 0.935225
v 0.077935 0.429305 0.940509
v -0.059442 0.434589 0.988063
v -0.059442 0.434589 0.988063
v -0.059442 0.434589 0.988063
v -0.088503 0.437231 0.953718
v -0.088503 0.437231 0.953718
v 0.085861 0.437231 0.953718
v -0.091145 0.439873 0.953718
v 0.088503 0.439873 0.956360
v 0.048875 0.439873 0.985421
v 0.048875 0.439873 0.985421
v 0.083219 0.442515 0.964286
v -0.003963 0.442515 0.982779
v -0.003963 0.442515 0.982779
v -0.091145 0.445157 0.961644
v -0.088503 0.445157 0.964286
v -0.067368 0.453082 0.919374
v -0.067368 0.453082 0.919374
v -0.067368 0.453082 0.919374
v 0.062084 0.455724 0.919374
v -0.059442 0.458366 0.916732
v 0.056800 0.461008 0.916732
v 0.056800 0.461008 0.916732
v -0.001321 0.463650 0.916732
v -0.072652 0.466292 0.932583
v -0.072652 0.466292 0.932583
v 0.070010 0.468934 0.932583
v -0.072652 0.468934 0.935225
v 0.056800 0.471575 0.929941
v 0.056800 0.471575 0.929941
v 0.070010 0.471575 0.932583
v -0.062084 0.471575 0.935225
v -0.075294 0.471575 0.945793
v -0.075294 0.471575 0.945793
v -0.072652 0.471575 0.948434
v -0.072652 0.471575 0.948434
v -0.062084 0.474217 0.929941
v -0.062084 0.474217 0.929941
v -0.001321 0.474217 0.932583
v 0.067368 0.474217 0.943151
v 0.064726 0.474217 0.948434
v -0.001321 0.476859 0.929941
v 0.059442 0.476859 0.932583
v 0.059442 0.476859 0.932583
v -0.056800 0.476859 0.948434
v -0.056800 0.479501 0.943151
v 0.054159 0.479501 0.943151
v 0.054159 0.479501 0.943151
v 0.054159 0.479501 0.945793
v 0.054159 0.479501 0.945793
v -0.001321 0.482143 0.943151
v -0.001321 0.482143 0.945793
vt 0.054199 0.849365
vt 0.074219 0.202637
vt 0.114990 0.203613
vt 0.652100 0.626221
vt 0.047607 0.850098
vt 0.053711 0.846680
vt 0.082275 0.203369
vt 0.921143 0.067627
vt 0.094482 0.160889
vt 0.932617 0.067627
vt 0.076172 0.043945
vt 0.519531 0.626709
vt 0.493164 0.678467
vt 0.665283 0.573975
vt 0.494141 0.679932
vt 0.665283 0.575684
vt 0.663086 0.585205
vt 0.011475 0.563232
vt 0.004639 0.594971
vt 0.925537 0.066895
vt 0.903320 0.071289
vt 0.893555 0.069580
vt 0.892090 0.069824
vt 0.049072 0.846680
vt 0.526367 0.993652
vt 0.949463 0.911621
vt 0.019531 0.555908
vt 0.004150 0.606934
vt 0.177002 0.847412
vt 0.012207 0.565186
vt 0.006592 0.594482
vt 0.514404 0.643555
vt 0.952881 0.915283
vt 0.585449 0.992432
vt 0.959473 0.911865
vt 0.520020 0.632324
vt 0.501465 0.676514
vt 0.669434 0.567871
vt 0.959473 0.914551
vt 0.028564 0.548584
vt 0.004395 0.618652
vt 0.189941 0.858887
vt 0.012939 0.567139
vt 0.008545 0.593994
vt 0.462402 0.744141
vt 0.442627 0.737061
vt 0.521729 0.642090
vt 0.502686 0.674316
vt 0.584229 0.942383
vt 0.964600 0.914307
vt 0.222412 0.037598
vt 0.492432 0.753174
vt 0.509033 0.660156
vt 0.006592 0.630371
vt 0.203369 0.869873
vt 0.279297 0.950439
vt 0.037598 0.541016
vt 0.013428 0.569824
vt 0.010498 0.593506
vt 0.416748 0.726807
vt 0.022461 0.559570
vt 0.008301 0.606201
vt 0.220947 0.066162
vt 0.099365 0.036621
vt 0.613770 0.038818
vt 0.097656 0.052490
vt 0.629150 0.030762
vt 0.244141 0.888184
vt 0.999023 0.293945
vt 0.136475 0.946045
vt 0.718262 0.888184
vt 0.153320 0.803955
vt 0.871582 0.807861
vt 0.999756 0.931641
vt 0.048584 0.534424
vt 0.138184 0.968994
vt 0.216797 0.881104
vt 0.270020 0.928223
vt 0.014648 0.574707
vt 0.012695 0.592285
vt 0.093506 0.076172
vt 0.660645 0.025635
vt 0.157227 0.824707
vt 0.222656 0.308594
vt 0.360596 0.815918
vt 0.903076 0.808350
vt 0.136963 0.953857
vt 0.229736 0.893066
vt 0.253174 0.897461
vt 0.990967 0.290771
vt 0.015381 0.583496
vt 0.015625 0.579590
vt 0.013916 0.587646
vt 0.014160 0.590576
vt 0.101807 0.009766
vt 0.239502 0.566895
vt 0.090088 0.102539
vt 0.688232 0.020752
vt 0.386963 0.713135
vt 0.798340 0.705322
vt 0.919434 0.239990
vt 0.029053 0.386719
vt 0.125977 0.174561
vt 0.378418 0.922363
vt 0.721680 0.865234
vt 0.716309 0.897705
vt 0.148438 0.771484
vt 0.859131 0.801270
vt 0.989014 0.934570
vt 0.015381 0.586182
vt 0.217041 0.095703
vt 0.711426 0.940674
vt 0.148438 0.720947
vt 0.788330 0.792480
vt 0.148438 0.736572
vt 0.809326 0.796143
vt 0.713379 0.926025
vt 0.147461 0.743164
vt 0.817627 0.794678
vt 0.714600 0.921387
vt 0.146484 0.749756
vt 0.825928 0.794678
vt 0.714844 0.916504
vt 0.032227 0.554199
vt 0.014893 0.624023
vt 0.024414 0.563965
vt 0.012207 0.605469
vt 0.239502 0.594727
vt 0.088623 0.114746
vt 0.374023 0.702881
vt 0.086426 0.030273
vt 0.533936 0.621094
vt 0.083740 0.144043
vt 0.735596 0.011230
vt 0.949707 0.064697
vt 0.789795 0.703613
vt 0.907471 0.235107
vt 0.238770 0.623047
vt 0.368652 0.699463
vt 0.084473 0.120605
vt 0.711426 0.012207
vt 0.558838 0.972412
vt 0.937256 0.870850
vt 0.212646 0.123535
vt 0.238037 0.649170
vt 0.458252 0.755127
vt 0.084961 0.124268
vt 0.718018 0.011230
vt 0.082764 0.013428
vt 0.364014 0.696045
vt 0.534180 0.596924
vt 0.084229 0.130859
vt 0.724121 0.010010
vt 0.083984 0.018311
vt 0.533203 0.603271
vt 0.563232 0.968262
vt 1.000000 0.893799
vt 0.072266 0.220947
vt 0.211426 0.035889
vt 0.489990 0.762939
vt 0.437988 0.750488
vt 0.020752 0.634766
vt 0.264404 0.956787
vt 0.042480 0.548340
vt 0.016113 0.603271
vt 0.025146 0.568359
vt 0.210693 0.142578
vt 0.238525 0.666260
vt 0.558105 0.968506
vt 0.562744 0.963623
vt 0.080322 0.222656
vt 0.209473 0.148438
vt 0.238525 0.672119
vt 0.093262 0.035400
vt 0.621826 0.043945
vt 0.089600 0.051514
vt 0.637939 0.037354
vt 0.412354 0.739746
vt 0.560547 0.965088
vt 0.034912 0.560059
vt 0.019531 0.619141
vt 0.094971 0.009033
vt 0.248291 0.565674
vt 0.593506 0.041504
vt 0.085938 0.076904
vt 0.664551 0.034424
vt 0.053223 0.542969
vt 0.149902 0.968750
vt 0.253906 0.937012
vt 0.019531 0.600342
vt 0.026367 0.574219
vt 0.207031 0.163086
vt 0.238281 0.685791
vt 0.206543 0.167480
vt 0.238281 0.690430
vt 0.204590 0.174316
vt 0.239258 0.697021
vt 0.202637 0.189209
vt 0.239258 0.712891
vt 0.556885 0.267578
vt 0.616943 0.044678
vt 0.229980 0.903564
vt 0.149414 0.945801
vt 0.703369 0.888428
vt 0.868896 0.828613
vt 0.254639 0.563721
vt 0.324463 0.509766
vt 0.593994 0.045166
vt 0.250488 0.565430
vt 0.593018 0.042480
vt 0.207275 0.064209
vt 0.616455 0.045654
vt 0.342285 0.518799
vt 0.618164 0.047363
vt 0.459961 0.763672
vt 0.620117 0.047119
vt 0.623047 0.046631
vt 0.064209 0.537109
vt 0.149902 0.953369
vt 0.239746 0.912842
vt 0.022217 0.597168
vt 0.027100 0.579834
vt 0.251953 0.565186
vt 0.593506 0.042969
vt 0.250488 0.594238
vt 0.200928 0.199707
vt 0.729736 0.544189
vt 0.564209 0.263916
vt 0.204102 0.033691
vt 0.487793 0.769775
vt 0.460693 0.769775
vt 0.460693 0.766357
vt 0.455078 0.764404
vt 0.707031 0.867676
vt 0.352295 0.824951
vt 0.900879 0.831055
vt 0.027100 0.585205
vt 0.024170 0.593994
vt 0.252197 0.589600
vt 0.257080 0.588379
vt 0.459961 0.771484
vt 0.457275 0.766846
vt 0.690918 0.032715
vt 0.382080 0.728027
vt 0.701416 0.897217
vt 0.855957 0.826172
vt 0.033691 0.634521
vt 0.249756 0.966553
vt 0.045166 0.555176
vt 0.036621 0.565918
vt 0.026367 0.589844
vt 0.253906 0.589355
vt 0.187256 0.222168
vt 0.737061 0.525879
vt 0.582031 0.255371
vt 0.198486 0.030518
vt 0.486572 0.775635
vt 0.434814 0.761963
vt 0.024414 0.614746
vt 0.256348 0.590820
vt 0.254639 0.594238
vt 0.201172 0.032471
vt 0.487549 0.772705
vt 0.344482 0.524170
vt 0.618652 0.052734
vt 0.456055 0.770508
vt 0.453857 0.769043
vt 0.695068 0.938965
vt 0.788330 0.816895
vt 0.948242 0.943359
vt 0.809326 0.819824
vt 0.697266 0.924561
vt 0.201416 0.093018
vt 0.195801 0.029297
vt 0.485840 0.779541
vt 0.346436 0.524170
vt 0.621338 0.052490
vt 0.640381 0.049072
vt 0.033691 0.370605
vt 0.751709 0.702881
vt 0.815918 0.033447
vt 0.850098 0.226318
vt 0.817139 0.820312
vt 0.697754 0.920166
vt 0.824463 0.820801
vt 0.698242 0.915527
vt 0.253662 0.622314
vt 0.526123 0.392578
vt 0.750244 0.447266
vt 0.642822 0.217529
vt 0.751465 0.437012
vt 0.650391 0.212402
vt 0.349365 0.523438
vt 0.624512 0.053223
vt 0.408447 0.752686
vt 0.951904 0.946045
vt 0.263428 0.561768
vt 0.324219 0.516357
vt 0.197510 0.055908
vt 0.194580 0.053955
vt 0.198975 0.058350
vt 0.342773 0.525879
vt 0.457520 0.779053
vt 0.075928 0.114258
vt 0.705078 0.026611
vt 0.368408 0.721191
vt 0.555420 0.611816
vt 0.735107 0.025146
vt 0.955078 0.057129
vt 0.946045 0.946533
vt 0.954102 0.947754
vt 0.056885 0.551514
vt 0.165039 0.966309
vt 0.238281 0.946777
vt 0.038086 0.572998
vt 0.028076 0.610107
vt 0.197510 0.061523
vt 0.750244 0.457275
vt 0.635254 0.222900
vt 0.666504 0.047119
vt 0.362061 0.718262
vt 0.544189 0.587891
vt 0.073975 0.131592
vt 0.712402 0.025391
vt 0.520508 0.918213
vt 0.950928 0.950928
vt 0.216553 0.916016
vt 0.073975 0.544922
vt 0.160889 0.944092
vt 0.328613 0.936279
vt 0.690674 0.885986
vt 0.868408 0.850342
vt 0.195557 0.057373
vt 0.749756 0.484131
vt 0.614990 0.237061
vt 0.541992 0.400391
vt 0.756836 0.425781
vt 0.660645 0.206543
vt 0.564209 0.411865
vt 0.762939 0.400391
vt 0.683105 0.193359
vt 0.457764 0.781738
vt 0.346191 0.527588
vt 0.454102 0.778564
vt 0.451660 0.777100
vt 0.350830 0.526855
vt 0.625977 0.058594
vt 0.431885 0.772217
vt 0.072266 0.136719
vt 0.717041 0.024414
vt 0.358643 0.713623
vt 0.545410 0.593506
vt 0.071777 0.142578
vt 0.722412 0.023926
vt 0.546875 0.600830
vt 0.047852 0.562744
vt 0.191406 0.052490
vt 0.195068 0.120605
vt 0.255859 0.648926
vt 0.750488 0.479248
vt 0.619385 0.234131
vt 0.750732 0.474854
vt 0.623291 0.231689
vt 0.551025 0.405029
vt 0.758301 0.420410
vt 0.666016 0.203613
vt 0.560303 0.410156
vt 0.762451 0.405273
vt 0.679688 0.195312
vt 0.344238 0.528809
vt 0.117188 0.238525
vt 0.684814 0.641357
vt 0.065430 0.239990
vt 0.910645 0.278076
vt 0.068359 0.547119
vt 0.162598 0.951416
vt 0.225586 0.926758
vt 0.039307 0.627197
vt 0.038818 0.580078
vt 0.031494 0.604004
vt 0.192871 0.056885
vt 0.266846 0.585693
vt 0.193604 0.060059
vt 0.188477 0.024902
vt 0.482666 0.790283
vt 0.457275 0.783936
vt 0.345459 0.530273
vt 0.454346 0.782227
vt 0.271973 0.559814
vt 0.322510 0.523438
vt 0.187256 0.024902
vt 0.482178 0.791748
vt 0.348877 0.532959
vt 0.449951 0.783447
vt 0.366943 0.536377
vt 0.643555 0.060303
vt 0.692871 0.043945
vt 0.378418 0.742432
vt 0.695557 0.864502
vt 0.899658 0.860596
vt 0.038574 0.586914
vt 0.035156 0.599365
vt 0.267578 0.588867
vt 0.192871 0.138672
vt 0.257568 0.666504
vt 0.454346 0.785645
vt 0.405273 0.764648
vt 0.074951 0.242432
vt 0.325195 0.939697
vt 0.686279 0.895020
vt 0.854492 0.849609
vt 0.037354 0.593262
vt 0.267578 0.592285
vt 0.275635 0.560791
vt 0.323486 0.525879
vt 0.191162 0.144287
vt 0.257812 0.672363
vt 0.184082 0.023926
vt 0.481689 0.794434
vt 0.667969 0.057861
vt 0.893555 0.276123
vt 0.059814 0.560303
vt 0.048828 0.633301
vt 0.221436 0.959717
vt 0.042969 0.620117
vt 0.049805 0.571289
vt 0.276367 0.560791
vt 0.323242 0.527100
vt 0.449219 0.790527
vt 0.428955 0.784912
vt 0.679443 0.938232
vt 0.788574 0.842041
vt 0.809082 0.844971
vt 0.682129 0.924072
vt 0.273193 0.583252
vt 0.181152 0.023926
vt 0.481201 0.796143
vt 0.541504 0.950684
vt 0.546875 0.944092
vt 0.979492 0.961426
vt 0.816162 0.845215
vt 0.682861 0.919678
vt 0.683350 0.915039
vt 0.825439 0.846191
vt 0.200684 0.928955
vt 0.077148 0.554932
vt 0.279297 0.560303
vt 0.323730 0.529785
vt 0.181885 0.048340
vt 0.186035 0.088379
vt 0.184082 0.170654
vt 0.260254 0.696533
vt 0.350830 0.543457
vt 0.367920 0.546875
vt 0.537598 0.949463
vt 0.913330 0.956543
vt 0.545410 0.946289
vt 0.324463 0.927246
vt 0.868408 0.874512
vt 0.183838 0.053711
vt 0.275146 0.586426
vt 0.270264 0.618896
vt 0.187012 0.158203
vt 0.259766 0.685791
vt 0.180664 0.185547
vt 0.261719 0.712158
vt 0.545898 0.251221
vt 0.542969 0.945312
vt 0.071533 0.557129
vt 0.208740 0.939697
vt 0.050537 0.579590
vt 0.045166 0.612061
vt 0.277100 0.583984
vt 0.179688 0.047607
vt 0.182861 0.056396
vt 0.276123 0.589844
vt 0.185059 0.162842
vt 0.260742 0.690186
vt 0.176758 0.021973
vt 0.479492 0.800781
vt 0.708008 0.041992
vt 0.363525 0.739014
vt 0.331055 0.979736
vt 0.328613 0.979004
vt 0.768311 0.004150
vt 0.954834 0.030029
vt 0.738525 0.039795
vt 0.394775 0.000000
vt 0.561035 0.598145
vt 0.771729 0.796143
vt 0.179932 0.051025
vt 0.278564 0.584473
vt 0.341797 0.596191
vt 0.447021 0.802490
vt 0.358887 0.601562
vt 0.427002 0.797607
vt 0.401367 0.778809
vt 0.332520 0.979980
vt 0.318115 0.957520
vt 0.946289 0.019775
vt 0.357666 0.735596
vt 0.552490 0.575439
vt 0.783691 0.831787
vt 0.715332 0.040283
vt 0.341064 0.925293
vt 0.685059 0.858887
vt 0.898682 0.876221
vt 0.177979 0.047119
vt 0.287598 0.557373
vt 0.324219 0.539307
vt 0.351074 0.554688
vt 0.368652 0.556885
vt 0.392334 0.547363
vt 0.667969 0.070801
vt 0.695557 0.056152
vt 0.373535 0.758057
vt 0.062256 0.569824
vt 0.053711 0.624756
vt 0.205811 0.970459
vt 0.050781 0.588379
vt 0.047852 0.604736
vt 0.280518 0.587646
vt 0.177979 0.196045
vt 0.444580 0.368164
vt 0.755371 0.542969
vt 0.552734 0.246338
vt 0.593262 0.630859
vt 0.592041 0.630371
vt 0.587402 0.632568
vt 0.555420 0.580078
vt 0.781006 0.819092
vt 0.726562 0.040283
vt 0.558594 0.586182
vt 0.778809 0.805420
vt 0.056152 0.256104
vt 0.908936 0.307373
vt 0.320068 0.931396
vt 0.671875 0.897705
vt 0.854980 0.874023
vt 0.049805 0.596680
vt 0.176270 0.048584
vt 0.177002 0.053223
vt 0.179443 0.115479
vt 0.272705 0.645508
vt 0.344727 0.587402
vt 0.362549 0.592285
vt 0.323730 0.957031
vt 0.580322 0.653076
vt 0.720947 0.041016
vt 0.185303 0.939697
vt 0.079590 0.566162
vt 0.321289 0.917236
vt 0.298584 0.859863
vt 0.875732 0.892090
vt 0.348389 0.574707
vt 0.349854 0.565186
vt 0.365967 0.579346
vt 0.367920 0.569580
vt 0.054688 0.500244
vt 0.924805 0.010986
vt 0.112549 0.255859
vt 0.699219 0.653320
vt 0.460449 0.373779
vt 0.755371 0.531494
vt 0.569092 0.236572
vt 0.165527 0.017334
vt 0.314453 0.595215
vt 0.476807 0.812012
vt 0.297363 0.552979
vt 0.314209 0.387695
vt 0.324463 0.551514
vt 0.399170 0.791504
vt 0.054199 0.496826
vt 0.919434 0.010742
vt 0.062988 0.512451
vt 0.332031 0.943848
vt 0.940186 0.010742
vt 0.584717 0.654785
vt 0.665283 0.940674
vt 0.788086 0.867920
vt 0.809082 0.870850
vt 0.667725 0.926270
vt 0.073730 0.567383
vt 0.070068 0.631348
vt 0.193115 0.950439
vt 0.061035 0.617676
vt 0.392822 0.561035
vt 0.337402 0.965332
vt 0.064453 0.259521
vt 0.063477 0.579346
vt 0.171631 0.048584
vt 0.354248 0.367920
vt 0.173828 0.082275
vt 0.375488 0.366943
vt 0.342285 0.969238
vt 0.341553 0.970947
vt 0.330566 0.949951
vt 0.060547 0.369873
vt 0.837646 0.267822
vt 0.894775 0.306641
vt 0.816650 0.872070
vt 0.667969 0.921631
vt 0.305420 0.938965
vt 0.667969 0.916992
vt 0.825684 0.872314
vt 0.174561 0.134033
vt 0.405273 0.367432
vt 0.275879 0.664062
vt 0.158447 0.010986
vt 0.316406 0.587158
vt 0.329590 0.372070
vt 0.385742 0.599609
vt 0.397705 0.803955
vt 0.342773 0.970215
vt 0.343262 0.955811
vt 0.336426 0.962402
vt 0.575684 0.686523
vt 0.575195 0.691162
vt 0.587891 0.665527
vt 0.338623 0.915283
vt 0.677979 0.851807
vt 0.904053 0.893555
vt 0.081543 0.576172
vt 0.079346 0.620850
vt 0.168701 0.950928
vt 0.063721 0.588623
vt 0.062744 0.608398
vt 0.291992 0.584229
vt 0.284912 0.615234
vt 0.320068 0.573975
vt 0.324219 0.378662
vt 0.320068 0.383057
vt 0.322266 0.563965
vt 0.391602 0.573975
vt 0.345459 0.957031
vt 0.598145 0.645996
vt 0.339111 0.957275
vt 0.594482 0.650391
vt 0.418213 0.551025
vt 0.695801 0.067627
vt 0.370117 0.772949
vt 0.062256 0.503662
vt 0.929443 0.005615
vt 0.316406 0.907227
vt 0.302002 0.866211
vt 0.882568 0.907471
vt 0.389648 0.586426
vt 0.600098 0.645264
vt 0.604004 0.657227
vt 0.599365 0.643799
vt 0.593506 0.652588
vt 0.710449 0.055664
vt 0.357666 0.755615
vt 0.771729 0.837891
vt 0.588135 0.660645
vt 0.039062 0.481934
vt 0.906250 0.003662
vt 0.033936 0.471924
vt 0.894287 0.005127
vt 0.033447 0.470703
vt 0.893311 0.004883
vt 0.314209 0.921143
vt 0.857422 0.897461
vt 0.063965 0.598877
vt 0.171387 0.140381
vt 0.408691 0.368164
vt 0.277100 0.669189
vt 0.606689 0.655273
vt 0.596436 0.656982
vt 0.035645 0.479248
vt 0.901611 0.004639
vt 0.034668 0.466064
vt 0.888672 0.003174
vt 0.742432 0.056885
vt 0.413818 0.007568
vt 0.754883 0.805176
vt 0.912598 0.332520
vt 0.045166 0.267822
vt 0.419678 0.805664
vt 0.082275 0.587891
vt 0.081055 0.610352
vt 0.075439 0.578125
vt 0.073242 0.620117
vt 0.312988 0.895996
vt 0.307129 0.874756
vt 0.515137 0.403809
vt 0.630127 0.197754
vt 0.521973 0.409180
vt 0.770020 0.437500
vt 0.637939 0.191650
vt 0.062256 0.498779
vt 0.583252 0.680176
vt 0.353027 0.753174
vt 0.768066 0.831299
vt 0.717773 0.057129
vt 0.736816 0.569092
vt 0.736572 0.570557
vt 0.035400 0.465576
vt 0.887939 0.002197
vt 0.082031 0.599365
vt 0.308838 0.884766
vt 0.162354 0.040283
vt 0.348877 0.375977
vt 0.576904 0.712646
vt 0.302490 0.578613
vt 0.324463 0.402100
vt 0.351074 0.939453
vt 0.068848 0.503174
vt 0.350342 0.927246
vt 0.060791 0.495605
vt 0.561768 0.566895
vt 0.761963 0.816650
vt 0.575439 0.716309
vt 0.739258 0.562012
vt 0.872070 0.776367
vt 0.280518 0.934570
vt 0.651855 0.944580
vt 0.786865 0.893799
vt 0.292236 0.929932
vt 0.654053 0.930908
vt 0.809814 0.896240
vt 0.332275 0.904053
vt 0.318115 0.858643
vt 0.913574 0.912109
vt 0.076172 0.588623
vt 0.074951 0.609863
vt 0.422119 0.563232
vt 0.697754 0.077881
vt 0.366943 0.787842
vt 0.560059 0.560059
vt 0.765137 0.823242
vt 0.723877 0.057617
vt 0.728516 0.057617
vt 0.866455 0.774658
vt 0.300537 0.927490
vt 0.653809 0.923340
vt 0.826660 0.896973
vt 0.075684 0.599609
vt 0.310303 0.910156
vt 0.295410 0.866211
vt 0.855713 0.919189
vt 0.162354 0.074219
vt 0.370361 0.375732
vt 0.163574 0.109375
vt 0.389893 0.374512
vt 0.290039 0.642090
vt 0.162842 0.166016
vt 0.422607 0.374756
vt 0.282227 0.693359
vt 0.159912 0.180176
vt 0.431152 0.380615
vt 0.283691 0.709473
vt 0.533936 0.234619
vt 0.508301 0.398682
vt 0.770752 0.461426
vt 0.622314 0.201660
vt 0.353271 0.939941
vt 0.353760 0.937012
vt 0.588867 0.692139
vt 0.738525 0.575928
vt 0.816406 0.895752
vt 0.296143 0.928711
vt 0.653320 0.927246
vt 0.344238 0.382812
vt 0.298584 0.611084
vt 0.166748 0.152100
vt 0.416748 0.372070
vt 0.281494 0.682861
vt 0.164551 0.157227
vt 0.419678 0.372314
vt 0.281494 0.687500
vt 0.603027 0.675781
vt 0.068848 0.498291
vt 0.065674 0.496094
vt 0.592529 0.685059
vt 0.901123 0.336670
vt 0.050537 0.273926
vt 0.422852 0.811523
vt 0.328613 0.892334
vt 0.324951 0.868408
vt 0.933105 0.920898
vt 0.337158 0.390869
vt 0.331787 0.396484
vt 0.491699 0.385010
vt 0.771240 0.489746
vt 0.603271 0.214844
vt 0.531494 0.413086
vt 0.777344 0.416748
vt 0.647949 0.185059
vt 0.551270 0.423340
vt 0.668945 0.172119
vt 0.604980 0.676025
vt 0.074219 0.500488
vt 0.355957 0.926025
vt 0.589844 0.695801
vt 0.364502 0.801758
vt 0.412842 0.608154
vt 0.418945 0.578857
vt 0.870850 0.762207
vt 0.874268 0.761230
vt 0.368164 0.807373
vt 0.922119 0.358887
vt 0.494385 0.386719
vt 0.771973 0.483887
vt 0.607178 0.212402
vt 0.498047 0.389160
vt 0.772217 0.479492
vt 0.610840 0.210449
vt 0.536377 0.414551
vt 0.778564 0.409668
vt 0.653320 0.182373
vt 0.546387 0.421631
vt 0.666016 0.174316
vt 0.606201 0.676758
vt 0.355469 0.995117
vt 0.045898 0.451660
vt 0.871826 0.759277
vt 0.404541 0.811768
vt 0.324951 0.880371
vt 0.305420 0.898682
vt 0.297852 0.876465
vt 0.416992 0.594238
vt 0.436523 0.558594
vt 0.706055 0.070068
vt 0.354248 0.773926
vt 0.355957 0.996826
vt 0.053223 0.484375
vt 0.276123 0.921631
vt 0.782959 0.917725
vt 0.287842 0.917480
vt 0.260742 0.874268
vt 0.806885 0.919189
vt 0.301025 0.886719
vt 0.602051 0.693604
vt 0.593994 0.697266
vt 0.762451 0.543457
vt 0.605713 0.686279
vt 0.357910 0.999756
vt 0.772217 0.028076
vt 0.044678 0.477051
vt 0.044922 0.475830
vt 0.043701 0.472412
vt 0.044189 0.471680
vt 0.739746 0.076416
vt 0.737305 0.815674
vt 0.103760 0.276367
vt 0.467529 0.177979
vt 0.717529 0.667480
vt 0.497559 0.938965
vt 0.678467 0.979492
vt 0.494873 0.943115
vt 0.679932 0.983643
vt 0.386963 0.811768
vt 0.399658 0.379150
vt 0.294434 0.660400
vt 0.438477 0.382324
vt 0.540527 0.228516
vt 0.360352 0.021484
vt 0.599365 0.615723
vt 0.347656 0.774414
vt 0.750732 0.842041
vt 0.716309 0.072021
vt 0.084717 0.361816
vt 0.838135 0.302246
vt 0.264404 0.874512
vt 0.813232 0.920166
vt 0.291504 0.916748
vt 0.295166 0.915527
vt 0.277344 0.867920
vt 0.823975 0.920898
vt 0.056641 0.484619
vt 0.360840 0.023682
vt 0.599121 0.614746
vt 0.493164 0.933350
vt 0.491455 0.936523
vt 0.678223 0.992920
vt 0.363525 0.385742
vt 0.312256 0.606201
vt 0.333252 0.417236
vt 0.591309 0.713379
vt 0.753906 0.561035
vt 0.744629 0.828125
vt 0.279053 0.862549
vt 0.491211 0.934814
vt 0.677979 0.994873
vt 0.270752 0.908691
vt 0.260986 0.883301
vt 0.779053 0.938232
vt 0.282959 0.904785
vt 0.272461 0.880371
vt 0.798584 0.937500
vt 0.402832 0.380127
vt 0.296143 0.665039
vt 0.360840 0.982422
vt 0.360840 0.984375
vt 0.747559 0.834961
vt 0.723633 0.073975
vt 0.053711 0.478760
vt 0.752441 0.568604
vt 0.728760 0.074463
vt 0.750488 0.573730
vt 0.265137 0.895508
vt 0.276855 0.892090
vt 0.383545 0.385010
vt 0.305664 0.636719
vt 0.453369 0.388184
vt 0.557617 0.217773
vt 0.362549 0.982666
vt 0.053223 0.477051
vt 0.752686 0.570068
vt 0.746582 0.588867
vt 0.033203 0.288818
vt 0.405762 0.818359
vt 0.365723 0.814453
vt 0.909668 0.366699
vt 0.275391 0.878662
vt 0.810059 0.938721
vt 0.286133 0.903564
vt 0.290283 0.902344
vt 0.281006 0.878174
vt 0.364014 0.983887
vt 0.435059 0.569336
vt 0.350586 0.790283
vt 0.758301 0.561523
vt 0.751709 0.575684
vt 0.356934 0.394287
vt 0.341797 0.410400
vt 0.344238 0.034912
vt 0.614746 0.632080
vt 0.344971 0.038818
vt 0.616211 0.634766
vt 0.052002 0.472168
vt 0.051270 0.470947
vt 0.719482 0.827148
vt 0.465576 0.574951
vt 0.741211 0.089600
vt 0.280273 0.891357
vt 0.284912 0.890137
vt 0.348877 0.403320
vt 0.346191 0.039062
vt 0.367920 0.986816
vt 0.344482 0.791504
vt 0.736084 0.853027
vt 0.442871 0.565918
vt 0.718750 0.087158
vt 0.749756 0.078125
vt 0.757324 0.570312
vt 0.386230 0.820312
vt 0.370850 0.986572
vt 0.348877 0.807129
vt 0.425781 0.614502
vt 0.434082 0.583252
vt 0.758057 0.571289
vt 0.756348 0.578125
vt 0.754883 0.078125
vt 0.438232 0.016846
vt 0.724365 0.808594
vt 0.416016 0.388184
vt 0.302979 0.688965
vt 0.424805 0.393066
vt 0.304688 0.704834
vt 0.522217 0.218750
vt 0.352295 0.041748
vt 0.339111 0.793213
vt 0.731934 0.847168
vt 0.728516 0.840332
vt 0.454834 0.567871
vt 0.731201 0.088379
vt 0.757324 0.575928
vt 0.042725 0.768066
vt 0.463623 0.617676
vt 0.521973 0.935059
vt 0.708252 0.842529
vt 0.462158 0.588379
vt 0.393311 0.390137
vt 0.311279 0.653564
vt 0.410400 0.385010
vt 0.300537 0.678223
vt 0.355957 0.045654
vt 0.430908 0.598389
vt 0.343506 0.810791
vt 0.430908 0.614746
vt 0.449219 0.567139
vt 0.725098 0.088623
vt 0.376465 0.395264
vt 0.321533 0.632080
vt 0.341553 0.432129
vt 0.412842 0.386230
vt 0.302246 0.682617
vt 0.373779 0.981445
vt 0.440674 0.583496
vt 0.459229 0.602539
vt 0.512207 0.919678
vt 0.432373 0.029297
vt 0.821045 0.759766
vt 0.436279 0.599854
vt 0.620361 0.961670
vt 0.940430 0.790771
vt 0.371094 0.976074
vt 0.090088 0.490234
vt 0.378662 0.992432
vt 0.329834 0.810547
vt 0.457275 0.616211
vt 0.512207 0.941895
vt 0.716064 0.857178
vt 0.442383 0.019531
vt 0.718018 0.808105
vt 0.618896 0.961914
vt 0.513184 0.896240
vt 0.685791 0.944336
vt 0.817627 0.758057
vt 0.395752 0.392090
vt 0.312744 0.658936
vt 0.505615 0.418945
vt 0.616943 0.177734
vt 0.512695 0.424072
vt 0.625000 0.171875
vt 0.352539 0.051758
vt 0.628174 0.645508
vt 0.372803 0.977051
vt 0.356934 0.050781
vt 0.378906 0.996338
vt 0.788818 0.039795
vt 0.336182 0.810791
vt 0.452637 0.614502
vt 0.446045 0.584229
vt 0.451172 0.585693
vt 0.050049 0.659180
vt 0.481934 0.568848
vt 0.755371 0.088379
vt 0.623047 0.965576
vt 0.898682 0.693848
vt 0.827148 0.747070
vt 0.353516 0.052002
vt 0.365479 0.045410
vt 0.319092 0.824463
vt 0.447998 0.603027
vt 0.765869 0.081787
vt 0.071533 0.300293
vt 0.432129 0.837646
vt 0.493896 0.129150
vt 0.120117 0.345947
vt 0.481934 0.813721
vt 0.853516 0.354492
vt 0.515137 0.893799
vt 0.508545 0.891602
vt 0.827881 0.744629
vt 0.368408 0.405762
vt 0.351562 0.424072
vt 0.430908 0.395508
vt 0.528320 0.212891
vt 0.374512 0.043701
vt 0.326660 0.823730
vt 0.441162 0.603516
vt 0.622559 0.968018
vt 0.895996 0.689697
vt 0.311523 0.743164
vt 0.508789 0.889160
vt 0.308594 0.842529
vt 0.507324 0.890137
vt 0.823730 0.744873
vt 0.339355 0.096436
vt 0.620605 0.700439
vt 0.786865 0.559082
vt 0.383301 0.984863
vt 0.359863 0.415527
vt 0.385010 0.401367
vt 0.327393 0.649414
vt 0.348877 0.439941
vt 0.436279 0.040039
vt 0.070068 0.447266
vt 0.371094 0.053955
vt 0.771240 0.085693
vt 0.499268 0.415527
vt 0.608887 0.181885
vt 0.080322 0.480469
vt 0.389160 0.980713
vt 0.799561 0.044434
vt 0.061523 0.653564
vt 0.761475 0.095947
vt 0.763672 0.601074
vt 0.408691 0.401123
vt 0.322510 0.682373
vt 0.416748 0.406006
vt 0.325439 0.698730
vt 0.510498 0.206055
vt 0.445312 0.403320
vt 0.543701 0.199951
vt 0.521484 0.428711
vt 0.634521 0.164795
vt 0.540039 0.441650
vt 0.656250 0.150391
vt 0.381104 0.961426
vt 0.452393 0.028809
vt 0.439697 0.045898
vt 0.387695 0.403564
vt 0.331299 0.653320
vt 0.348877 0.445068
vt 0.402832 0.396973
vt 0.318359 0.670898
vt 0.482666 0.402100
vt 0.588379 0.194580
vt 0.382080 0.960693
vt 0.382568 0.962891
vt 0.375977 0.061768
vt 0.075439 0.472900
vt 0.075928 0.474365
vt 0.780762 0.101074
vt 0.376465 0.413086
vt 0.357910 0.433105
vt 0.405273 0.398438
vt 0.320801 0.676025
vt 0.486572 0.404541
vt 0.593018 0.191895
vt 0.489014 0.406494
vt 0.596191 0.189941
vt 0.526367 0.431152
vt 0.639404 0.161133
vt 0.536621 0.438721
vt 0.651855 0.152588
vt 0.355713 0.068359
vt 0.637695 0.665527
vt 0.779785 0.572510
vt 0.072754 0.465576
vt 0.062500 0.646729
vt 0.766113 0.096436
vt 0.457520 0.068604
vt 0.366943 0.423340
vt 0.358887 0.067871
vt 0.356934 0.070801
vt 0.640137 0.667969
vt 0.073730 0.467285
vt 0.455811 0.036377
vt 0.777100 0.580566
vt 0.777588 0.581787
vt 0.609131 0.973633
vt 0.394531 0.961670
vt 0.116211 0.487549
vt 0.395020 0.957520
vt 0.774658 0.587158
vt 0.773926 0.590088
vt 0.610596 0.975342
vt 0.378906 0.415283
vt 0.359619 0.436768
vt 0.112793 0.485596
vt 0.082520 0.629395
vt 0.779053 0.110840
vt 0.464844 0.060059
vt 0.356689 0.083984
vt 0.636719 0.680908
vt 0.398193 0.965088
vt 0.816406 0.052246
vt 0.729004 0.984131
vt 0.369385 0.426514
vt 0.400391 0.413574
vt 0.341797 0.676270
vt 0.359131 0.457520
vt 0.422119 0.410400
vt 0.334717 0.704834
vt 0.515381 0.197998
vt 0.111328 0.483398
vt 0.365967 0.080811
vt 0.790039 0.107422
vt 0.729980 0.980957
vt 0.407227 0.419678
vt 0.345215 0.692383
vt 0.365723 0.464600
vt 0.115479 0.481445
vt 0.399414 0.955566
vt 0.827148 0.055664
vt 0.401855 0.964844
vt 0.817627 0.056641
vt 0.372070 0.079834
vt 0.460693 0.081787
vt 0.258057 0.809814
vt 0.729980 0.993652
vt 0.394775 0.408936
vt 0.336670 0.663818
vt 0.354248 0.452148
vt 0.114258 0.480469
vt 0.087158 0.442871
vt 0.153076 0.406494
vt 0.791992 0.109375
vt 0.596191 0.945312
vt 0.747559 0.785889
vt 0.259766 0.808838
vt 0.404541 0.850586
vt 0.539795 0.132324
vt 0.396729 0.410889
vt 0.339600 0.669434
vt 0.357422 0.453857
vt 0.361816 0.089600
vt 0.638672 0.693848
vt 0.125488 0.476807
vt 0.819824 0.058350
vt 0.462158 0.084473
vt 0.514648 0.797607
vt 0.859619 0.409180
vt 0.380859 0.083008
vt 0.602295 0.982178
vt 0.593994 0.945801
vt 0.837891 0.668945
vt 0.495850 0.435303
vt 0.603271 0.157715
vt 0.502441 0.440430
vt 0.611084 0.152100
vt 0.366943 0.088867
vt 0.362061 0.093262
vt 0.804932 0.572266
vt 0.604492 0.983643
vt 0.865479 0.650879
vt 0.390625 0.425781
vt 0.369629 0.448486
vt 0.365234 0.093018
vt 0.379883 0.086914
vt 0.391357 0.150879
vt 0.779785 0.614014
vt 0.096191 0.626953
vt 0.788818 0.116211
vt 0.153564 0.397705
vt 0.499268 0.866211
vt 0.594971 0.995850
vt 0.847656 0.671875
vt 0.620117 0.995361
vt 0.851074 0.672852
vt 0.396729 0.432617
vt 0.376221 0.455811
vt 0.436035 0.418457
vt 0.529297 0.184082
vt 0.098877 0.627686
vt 0.157959 0.398682
vt 0.505859 0.874512
vt 0.790771 0.116943
vt 0.473633 0.076904
vt 0.146240 0.387695
vt 0.500244 0.852539
vt 0.384033 0.854248
vt 0.534180 0.773926
vt 0.883545 0.445312
vt 0.385254 0.420654
vt 0.364990 0.443115
vt 0.102295 0.472168
vt 0.474854 0.081543
vt 0.472168 0.089355
vt 0.149414 0.395508
vt 0.500732 0.861572
vt 0.388184 0.422607
vt 0.367432 0.445068
vt 0.380859 0.437500
vt 0.386719 0.444336
vt 0.078613 0.751465
vt 0.073730 0.733154
vt 0.105713 0.470459
vt 0.113281 0.458984
vt 0.473145 0.092285
vt 0.476318 0.099365
vt 0.375000 0.432617
vt 0.079346 0.751709
vt 0.077881 0.755859
vt 0.663086 0.830322
vt 0.074951 0.732422
vt 0.071045 0.729248
vt 0.498291 0.600098
vt 0.412598 0.424316
vt 0.357422 0.698730
vt 0.368408 0.471680
vt 0.503174 0.184570
vt 0.097656 0.466553
vt 0.114502 0.462402
vt 0.094727 0.462402
vt 0.094238 0.460449
vt 0.378174 0.434570
vt 0.489746 0.431641
vt 0.594238 0.163086
vt 0.362305 0.115967
vt 0.799561 0.587402
vt 0.097900 0.465820
vt 0.383301 0.114258
vt 0.366211 0.115723
vt 0.102051 0.463867
vt 0.098389 0.459473
vt 0.110840 0.451660
vt 0.104736 0.448242
vt 0.744873 0.981201
vt 0.252686 0.797363
vt 0.746094 0.984375
vt 0.739258 0.951904
vt 0.510986 0.445801
vt 0.619873 0.144531
vt 0.528076 0.458252
vt 0.640625 0.128906
vt 0.364990 0.128418
vt 0.795898 0.596924
vt 0.101318 0.463379
vt 0.380615 0.111816
vt 0.100586 0.459473
vt 0.366943 0.138916
vt 0.792480 0.599609
vt 0.368896 0.140625
vt 0.791260 0.601562
vt 0.109131 0.450195
vt 0.286621 0.784180
vt 0.583740 0.876709
vt 0.739746 0.948975
vt 0.288574 0.788818
vt 0.744385 0.948242
vt 0.288818 0.790527
vt 0.460449 0.832031
vt 0.472900 0.419434
vt 0.574219 0.174805
vt 0.402588 0.436768
vt 0.380615 0.461670
vt 0.476318 0.421143
vt 0.578369 0.172119
vt 0.478760 0.422852
vt 0.581299 0.170166
vt 0.515137 0.448486
vt 0.624756 0.140381
vt 0.524902 0.455811
vt 0.636719 0.131348
vt 0.370361 0.125977
vt 0.426025 0.433105
vt 0.377686 0.485352
vt 0.515869 0.170410
vt 0.371094 0.127197
vt 0.389404 0.123779
vt 0.375977 0.134766
vt 0.391113 0.129395
vt 0.391602 0.131592
vt 0.748535 0.967773
vt 0.391602 0.449951
vt 0.374756 0.133057
vt 0.267578 0.789062
vt 0.751221 0.967041
vt 0.094482 0.748535
vt 0.088867 0.730957
vt 0.485107 0.452148
vt 0.589111 0.139160
vt 0.491699 0.457031
vt 0.596924 0.134033
vt 0.095703 0.747314
vt 0.096191 0.748535
vt 0.092041 0.731689
vt 0.094971 0.732178
vt 0.096680 0.750488
vt 0.089111 0.728027
vt 0.414307 0.448486
vt 0.391357 0.474609
vt 0.097656 0.756592
vt 0.085938 0.720459
vt 0.097412 0.767578
vt 0.647949 0.811768
vt 0.080566 0.705078
vt 0.519775 0.594482
vt 0.403320 0.461914
vt 0.099609 0.758301
vt 0.087891 0.717529
vt 0.098145 0.766113
vt 0.084961 0.709473
vt 0.478760 0.447754
vt 0.580322 0.144043
vt 0.105957 0.758301
vt 0.093018 0.717041
vt 0.100586 0.728271
vt 0.109375 0.754150
vt 0.096191 0.721191
vt 0.463379 0.436523
vt 0.559082 0.156250
vt 0.499268 0.463135
vt 0.605469 0.125000
vt 0.515625 0.476074
vt 0.625732 0.107178
vt 0.111084 0.751709
vt 0.479736 0.473145
vt 0.429932 0.532959
vt 0.584961 0.115479
vt 0.091797 0.705811
vt 0.466553 0.438721
vt 0.562744 0.153564
vt 0.468994 0.440430
vt 0.566650 0.151123
vt 0.473145 0.468262
vt 0.424072 0.528320
vt 0.577637 0.120605
vt 0.106201 0.764893
vt 0.503418 0.466309
vt 0.609619 0.120361
vt 0.512695 0.473389
vt 0.621582 0.110107
vt 0.115479 0.768555
vt 0.634766 0.805664
vt 0.094971 0.701904
vt 0.467529 0.488770
vt 0.441650 0.520020
vt 0.467773 0.463623
vt 0.416992 0.524658
vt 0.567871 0.124268
vt 0.461426 0.484375
vt 0.435791 0.514893
vt 0.454590 0.505371
vt 0.449463 0.500488
vt 0.486816 0.479980
vt 0.433838 0.542480
vt 0.591797 0.107178
vt 0.503174 0.493652
vt 0.448730 0.558594
vt 0.612061 0.084961
vt 0.123047 0.745850
vt 0.109619 0.717773
vt 0.108887 0.715088
vt 0.451172 0.452637
vt 0.398926 0.513672
vt 0.544678 0.136719
vt 0.125000 0.747803
vt 0.125977 0.746826
vt 0.112305 0.716553
vt 0.135254 0.760254
vt 0.528076 0.007324
vt 0.648193 0.845215
vt 0.113037 0.692383
vt 0.109863 0.697998
vt 0.454346 0.455078
vt 0.401367 0.515869
vt 0.548828 0.134033
vt 0.456787 0.457031
vt 0.404785 0.518311
vt 0.553223 0.131348
vt 0.490967 0.483154
vt 0.436279 0.546875
vt 0.594971 0.101074
vt 0.131348 0.758545
vt 0.529541 0.001465
vt 0.619385 0.795410
vt 0.500000 0.490234
vt 0.445068 0.556885
vt 0.606689 0.089844
vt 0.530273 0.011719
vt 0.647217 0.842529
vt 0.455322 0.479980
vt 0.428711 0.510498
vt 0.118408 0.704590
vt 0.117188 0.691650
vt 0.132568 0.751953
vt 0.442627 0.496094
vt 0.135742 0.741943
vt 0.124756 0.709473
vt 0.473877 0.495850
vt 0.447754 0.528320
vt 0.491699 0.509766
vt 0.463867 0.541992
vt 0.438232 0.468018
vt 0.412109 0.498535
vt 0.138184 0.753174
vt 0.640137 0.845947
vt 0.130127 0.705566
vt 0.126221 0.701416
vt 0.444336 0.473389
vt 0.417480 0.503906
vt 0.461182 0.512695
vt 0.478271 0.526367
vt 0.139893 0.743164
vt 0.139893 0.751221
vt 0.638428 0.844727
vt 0.427002 0.484863
vt 0.441406 0.470947
vt 0.414795 0.501221
vt 0.477783 0.499756
vt 0.450439 0.532227
vt 0.487793 0.507568
vt 0.460205 0.540283
vt 0.141602 0.745117
vt 0.635254 0.847900
vt 0.134521 0.703125
vt 0.602783 0.876709
vt 0.130371 0.699707
vt 0.432373 0.489746
vt 0.142822 0.720703
vt 0.619385 0.861572
vt 0.429688 0.487305
vt 0.464111 0.516357
vt 0.475098 0.523682
vt 0.136719 0.685303
vt 0.576904 0.872070
vt 0.550293 0.039795
vt 0.637939 0.825928
vt 0.134521 0.686523
vt 0.548828 0.035645
vt 0.638672 0.828125
vt 0.398193 0.921387
vt 0.573486 0.070312
vt 0.600098 0.806152
vt 0.552490 0.052002
vt 0.636475 0.820557
vt 0.553711 0.054199
vt 0.634277 0.815430
vt 0.572266 0.843018
vt 0.574219 0.865967
vt 0.572998 0.864502
vt 0.555908 0.062012
vt 0.618896 0.802490
vt 0.587402 0.822754
vt 0.572998 0.860352
vt 0.573242 0.858643
vt 0.627441 0.831543
vt 0.142334 0.693359
vt 0.589355 0.871338
vt 0.625488 0.833984
vt 0.593994 0.867188
vt 0.609375 0.849365
vt 0.585938 0.865234
vt 0.567383 0.039551
vt 0.624268 0.823975
vt 0.585693 0.863281
vt 0.621338 0.828369
vt 0.590576 0.862305
vt 0.570801 0.047363
vt 0.623291 0.822754
vt 0.583496 0.859619
vt 0.583496 0.858154
vt 0.619873 0.817383
vt 0.606445 0.844238
vt 0.571777 0.052002
vt 0.621338 0.818604
vt 0.620605 0.826172
vt 0.605713 0.843018
vt 0.590332 0.860352
vt 0.617432 0.823730
vt 0.589355 0.855713
vt 0.615967 0.822266
vt 0.588135 0.854248
vt 0.602783 0.839600
vt 0.601318 0.838135
vt 0.232910 0.038330
vt 0.496338 0.743164
vt 0.113525 0.011475
vt 0.225830 0.565918
vt 0.465820 0.734619
vt 0.111572 0.037598
vt 0.110107 0.053223
vt 0.446289 0.727051
vt 0.421143 0.714600
vt 0.107666 0.077637
vt 0.104248 0.103027
vt 0.392822 0.698486
vt 0.102539 0.116699
vt 0.380371 0.687744
vt 0.375732 0.683594
vt 0.101562 0.123291
vt 0.101074 0.128174
vt 0.065430 0.020508
vt 0.372803 0.679199
vt 0.100342 0.133057
vt 0.066650 0.026855
vt 0.069824 0.037842
vt 0.099365 0.146240
vt 0.041260 0.812988
vt 0.577881 0.102783
vt 0.965088 1.000000
vt 0.764893 0.672119
vt 0.843750 0.064697
vt 0.056885 0.849854
vt 0.996826 0.065918
vt 0.728516 0.941895
vt 0.165527 0.724365
vt 0.796387 0.687012
vt 0.804199 0.690674
vt 0.164551 0.740723
vt 0.729980 0.927002
vt 0.163574 0.745850
vt 0.735352 0.867432
vt 0.730713 0.922119
vt 0.166260 0.815674
vt 0.162598 0.751465
vt 0.731201 0.917480
vt 0.996338 0.306641
vt 0.124268 0.945557
vt 0.123535 0.953125
vt 0.218262 0.904785
vt 0.987549 0.304932
vt 0.731445 0.888916
vt 0.731934 0.898926
vt 0.162598 0.793701
vt 0.999512 0.916748
vt 0.163086 0.775146
vt 0.987305 0.916992
vt 0.042480 0.526367
vt 0.124756 0.968262
vt 0.206299 0.891846
vt 0.194824 0.878906
vt 0.033447 0.533936
vt 0.120605 0.982666
vt 0.024414 0.543701
vt 0.183594 0.865723
vt 0.016846 0.552246
vt 0.171875 0.851807
vt 0.008789 0.562988
vt 0.001953 0.594482
vt 0.161133 0.838623
vt 0.004395 0.583740
vt 0.150391 0.826172
vt 0.232666 0.066895
vt 0.224121 0.594482
vt 0.231934 0.096436
vt 0.222412 0.622314
vt 0.230469 0.125000
vt 0.220703 0.649170
vt 0.230225 0.143799
vt 0.229736 0.149658
vt 0.219482 0.666504
vt 0.218750 0.671875
vt 0.228516 0.164062
vt 0.217041 0.686035
vt 0.228516 0.168457
vt 0.217041 0.690674
vt 0.228027 0.175293
vt 0.217041 0.697754
vt 0.224854 0.190674
vt 0.707275 0.546631
vt 0.217041 0.711914
vt 0.221436 0.200195
vt 0.711182 0.539307
vt 0.217285 0.723389
vt 0.574951 0.283936
vt 0.717041 0.518799
vt 0.593018 0.275879
vt 0.726562 0.478516
vt 0.629883 0.256348
vt 0.727539 0.473877
vt 0.633545 0.254150
vt 0.728027 0.469971
vt 0.637207 0.251709
vt 0.727783 0.454102
vt 0.648926 0.242676
vt 0.728271 0.443848
vt 0.656250 0.236328
vt 0.729736 0.434570
vt 0.664062 0.231445
vt 0.733154 0.422119
vt 0.675537 0.226807
vt 0.733887 0.416504
vt 0.680420 0.224121
vt 0.736328 0.402832
vt 0.694092 0.216064
vt 0.736328 0.397705
vt 0.314209 0.196289
vt 0.588623 0.554443
vt 0.686768 0.276367
vt 0.762451 0.102051
vt 0.697998 0.213379
vt 0.085205 0.061035
vt 0.503418 0.640137
vt 0.076172 0.051270
vt 0.512939 0.628906
vt 0.057373 0.819092
vt 0.585449 0.103760
vt 0.974854 0.038818
vt 0.081299 0.058350
vt 0.507568 0.638184
vt 0.489014 0.671143
vt 0.884277 0.075195
vt 0.882080 0.074707
vt 0.875732 0.073242
vt 0.579590 0.100098
vt 0.006836 0.563477
vt 0.000244 0.593994
vt 0.158936 0.840332
vt 0.494873 0.657227
vt 0.489746 0.667969
vt 0.584717 0.100586
vt 0.587646 0.102051
vt 0.977539 0.037842
vt 0.923096 0.080078
vt 0.999756 0.282471
vt 0.103027 0.155518
vt 0.927246 0.082520
vt 0.996582 0.283203
vt 0.104492 0.160645
vt 0.935059 0.078125
vt 0.988525 0.286377
vt 0.012695 0.549561
vt 0.166748 0.856201
vt 0.004150 0.562500
vt 0.134521 0.818359
vt 0.155029 0.842041
vt 0.903076 0.080322
vt 0.890625 0.082520
vt 0.892090 0.082764
vt 0.019043 0.539795
vt 0.175537 0.871094
vt 0.002197 0.562744
vt 0.133545 0.821289
vt 0.152100 0.842773
vt 0.120117 0.037842
vt 0.119629 0.053955
vt 0.000488 0.563965
vt 0.134277 0.824219
vt 0.120605 0.011475
vt 0.217041 0.565430
vt 0.118164 0.077881
vt 0.184570 0.885986
vt 0.026855 0.528809
vt 0.009521 0.547852
vt 0.119629 0.810791
vt 0.457031 0.927979
vt 0.160889 0.857666
vt 0.149170 0.843506
vt 0.033936 0.519043
vt 0.112061 0.966797
vt 0.192627 0.901367
vt 0.969727 0.315918
vt 0.134033 0.828125
vt 0.146484 0.842285
vt 0.213135 0.593262
vt 0.202881 0.455078
vt 0.470703 0.722412
vt 0.218994 0.453613
vt 0.452393 0.714111
vt 0.240967 0.448730
vt 0.426514 0.702148
vt 0.993652 0.319580
vt 0.111816 0.943848
vt 0.205078 0.915527
vt 0.986084 0.318115
vt 0.111328 0.951416
vt 0.744873 0.888916
vt 0.822266 0.952881
vt 0.178955 0.785645
vt 0.999268 0.901611
vt 0.134766 0.831055
vt 0.142822 0.840088
vt 0.117432 0.103516
vt 0.266602 0.443115
vt 0.397461 0.685303
vt 0.746582 0.862061
vt 0.820557 0.936768
vt 0.176025 0.808350
vt 0.746338 0.897217
vt 0.817627 0.961914
vt 0.177734 0.775391
vt 0.135498 0.833984
vt 0.138184 0.836914
vt 0.139893 0.839111
vt 0.177734 0.459229
vt 0.248535 0.037109
vt 0.500977 0.729736
vt 0.181885 0.726562
vt 0.744141 0.942871
vt 0.180664 0.743164
vt 0.745117 0.928223
vt 0.817139 0.993164
vt 0.013916 0.537354
vt 0.455322 0.939209
vt 0.167725 0.874512
vt 0.117676 0.816650
vt 0.461182 0.928223
vt 0.155273 0.859375
vt 0.208008 0.621094
vt 0.179932 0.748779
vt 0.746826 0.922607
vt 0.816650 0.989746
vt 0.178955 0.753906
vt 0.747314 0.917480
vt 0.816406 0.983398
vt 0.249023 0.065918
vt 0.117432 0.117676
vt 0.389160 0.672607
vt 0.290039 0.437256
vt 0.384766 0.667969
vt 0.116699 0.124512
vt 0.044922 0.043213
vt 0.313232 0.439209
vt 0.117188 0.147705
vt 0.249023 0.095459
vt 0.116943 0.129150
vt 0.049316 0.025391
vt 0.296387 0.436523
vt 0.377930 0.662354
vt 0.116455 0.134521
vt 0.049072 0.031250
vt 0.303711 0.436768
vt 0.072266 0.182861
vt 0.307617 0.248291
vt 0.248535 0.123779
vt 0.204346 0.647217
vt 0.130615 0.037354
vt 0.130371 0.053467
vt 0.173828 0.891602
vt 0.019775 0.525146
vt 0.454102 0.950928
vt 0.116455 0.823242
vt 0.148438 0.860352
vt 0.081299 0.180908
vt 0.304688 0.241943
vt 0.815186 0.671875
vt 0.250244 0.142578
vt 0.201660 0.663818
vt 0.220703 0.462402
vt 0.028564 0.867188
vt 0.101318 0.812500
vt 0.461426 0.939697
vt 0.133057 0.010742
vt 0.204834 0.563232
vt 0.250244 0.148193
vt 0.199951 0.669434
vt 0.204102 0.465332
vt 0.131348 0.077393
vt 0.037598 0.876465
vt 0.039062 0.879150
vt 0.025879 0.514160
vt 0.098145 0.963135
vt 0.453613 0.963379
vt 0.179932 0.907471
vt 0.157227 0.877441
vt 0.116943 0.830078
vt 0.141846 0.859619
vt 0.250732 0.175537
vt 0.685547 0.552246
vt 0.196289 0.695068
vt 0.245850 0.189941
vt 0.688477 0.542725
vt 0.196289 0.710693
vt 0.243164 0.459473
vt 0.024170 0.871338
vt 0.936523 0.964844
vt 0.392090 0.937988
vt 0.959961 0.112549
vt 0.807861 0.664551
vt 0.993164 0.332520
vt 0.100586 0.941406
vt 0.453857 0.981445
vt 0.251221 0.163086
vt 0.196777 0.682861
vt 0.250977 0.168945
vt 0.196533 0.687500
vt 0.580566 0.081055
vt 0.033691 0.879150
vt 0.941162 0.957764
vt 0.187500 0.925049
vt 0.984131 0.332031
vt 0.098389 0.948242
vt 0.453613 0.975342
vt 0.753418 0.884033
vt 0.830078 0.954834
vt 0.193359 0.784912
vt 0.118408 0.835938
vt 0.136230 0.856201
vt 0.200195 0.591064
vt 0.179199 0.467285
vt 0.261475 0.035400
vt 0.578369 0.078613
vt 0.970703 0.973389
vt 0.584961 0.081055
vt 0.056152 0.915039
vt 0.587646 0.081055
vt 0.974609 0.966064
vt 0.996582 0.022461
vt 0.102295 0.342285
vt 0.388916 0.938965
vt 0.387451 0.930420
vt 0.960693 0.037842
vt 0.689941 0.533936
vt 0.193359 0.722412
vt 0.583984 0.302734
vt 0.131592 0.103271
vt 0.269287 0.455078
vt 0.586182 0.079590
vt 0.974121 0.968018
vt 0.028076 0.087402
vt 0.109375 0.343750
vt 0.386230 0.931152
vt 0.012451 0.343018
vt 0.028809 0.086426
vt 0.386475 0.930176
vt 0.831543 0.939697
vt 0.189697 0.805664
vt 0.756104 0.893066
vt 0.826904 0.961182
vt 0.193604 0.776855
vt 0.121094 0.843506
vt 0.125488 0.848633
vt 0.129150 0.852539
vt 0.260986 0.064453
vt 0.695312 0.514648
vt 0.603271 0.293945
vt 0.140625 0.035645
vt 0.161377 0.894531
vt 0.462402 0.951416
vt 0.099854 0.823975
vt 0.468506 0.938965
vt 0.148682 0.878662
vt 0.028320 0.176270
vt 0.141846 0.052002
vt 0.199463 0.728760
vt 0.756836 0.945801
vt 0.825439 0.997803
vt 0.197754 0.744629
vt 0.757080 0.932861
vt 0.825928 0.986328
vt 0.759277 0.925781
vt 0.825684 0.983398
vt 0.196777 0.750000
vt 0.196045 0.755127
vt 0.760010 0.915527
vt 0.825684 0.978271
vt 0.193359 0.618408
vt 0.206055 0.475342
vt 0.222656 0.473389
vt 0.119873 0.169434
vt 0.281738 0.224609
vt 0.623047 0.631836
vt 0.813232 0.594971
vt 0.143555 0.010010
vt 0.194824 0.559814
vt 0.264404 0.093506
vt 0.705078 0.442139
vt 0.668701 0.255127
vt 0.706299 0.432861
vt 0.677002 0.250488
vt 0.040039 0.160400
vt 0.144531 0.031738
vt 0.014404 0.198486
vt 0.142822 0.075928
vt 0.132812 0.116699
vt 0.282471 0.449219
vt 0.399414 0.658447
vt 0.311035 0.452148
vt 0.133301 0.146973
vt 0.949219 0.276855
vt 0.463379 0.963623
vt 0.165771 0.911377
vt 0.969238 0.347412
vt 0.100342 0.832764
vt 0.474121 0.937256
vt 0.140137 0.878662
vt 0.037842 0.159668
vt 0.146484 0.031006
vt 0.035400 0.163086
vt 0.145508 0.035889
vt 0.288330 0.448242
vt 0.379395 0.646729
vt 0.133545 0.123535
vt 0.295166 0.258301
vt 0.703369 0.451172
vt 0.661133 0.260254
vt 0.180176 0.478271
vt 0.270996 0.033203
vt 0.200439 0.484863
vt 0.037598 0.161865
vt 0.147217 0.033203
vt 0.245605 0.472168
vt 0.039551 0.027588
vt 0.299072 0.447998
vt 0.993408 0.345947
vt 0.465820 0.981689
vt 0.841064 0.954834
vt 0.207764 0.786377
vt 0.046631 0.139648
vt 0.149658 0.009766
vt 0.188721 0.554932
vt 0.145996 0.009766
vt 0.191406 0.558350
vt 0.702393 0.476562
vt 0.641357 0.277832
vt 0.703613 0.471436
vt 0.645020 0.274658
vt 0.704346 0.466797
vt 0.649658 0.271484
vt 0.708008 0.420898
vt 0.688721 0.247070
vt 0.709229 0.415527
vt 0.693848 0.244385
vt 0.711914 0.399902
vt 0.706787 0.237793
vt 0.712402 0.395752
vt 0.347412 0.336182
vt 0.710938 0.236328
vt 0.042236 0.163086
vt 0.202148 0.480225
vt 0.133789 0.129150
vt 0.036377 0.015625
vt 0.293945 0.448242
vt 0.134033 0.134521
vt 0.436035 0.917236
vt 0.989258 0.076416
vt 0.985596 0.345947
vt 0.464355 0.975830
vt 0.470703 0.950928
vt 0.149902 0.896729
vt 0.147949 0.009766
vt 0.190186 0.557129
vt 0.267090 0.121826
vt 0.187256 0.644287
vt 0.180420 0.485840
vt 0.280762 0.029053
vt 0.200195 0.482910
vt 0.201904 0.487793
vt 0.791016 0.441650
vt 0.206543 0.482178
vt 0.047363 0.345459
vt 0.384033 0.881348
vt 0.992432 0.071777
vt 0.101807 0.842529
vt 0.129395 0.877197
vt 0.186768 0.587158
vt 0.203125 0.483887
vt 0.040283 0.165283
vt 0.037354 0.167236
vt 0.148926 0.034912
vt 0.033447 0.182373
vt 0.150146 0.051270
vt 0.054199 0.344971
vt 0.429199 0.970459
vt 0.991211 0.077393
vt 0.046875 0.345459
vt 0.383057 0.881104
vt 0.285645 0.253906
vt 0.831787 0.658447
vt 0.000977 0.420654
vt 0.001465 0.553223
vt 0.764160 0.848633
vt 0.840576 0.937256
vt 0.202393 0.806885
vt 0.180908 0.577393
vt 0.179688 0.487549
vt 0.283936 0.028076
vt 0.180664 0.484375
vt 0.279053 0.030518
vt 0.180176 0.482910
vt 0.276611 0.031738
vt 0.204590 0.485596
vt 0.792480 0.438965
vt 0.143555 0.101807
vt 0.271729 0.468018
vt 0.774902 0.630371
vt 0.810547 0.100830
vt 0.108154 0.854736
vt 0.114990 0.861816
vt 0.121094 0.874756
vt 0.051025 0.143066
vt 0.183350 0.552979
vt 0.578125 0.375732
vt 0.184082 0.579102
vt 0.185303 0.581543
vt 0.275635 0.061523
vt 0.269775 0.140137
vt 0.183105 0.661133
vt 0.794678 0.443359
vt 0.046875 0.166504
vt 0.207031 0.485840
vt 0.792236 0.437012
vt 0.223877 0.484619
vt 0.789062 0.423096
vt 0.839844 0.962891
vt 0.210938 0.777344
vt 0.284180 0.053711
vt 0.182861 0.582031
vt 0.182861 0.586426
vt 0.561035 0.375244
vt 0.472412 0.962646
vt 0.151611 0.913330
vt 0.478271 0.948730
vt 0.279541 0.057129
vt 0.270264 0.146484
vt 0.180664 0.666504
vt 0.509033 0.373779
vt 0.797363 0.442139
vt 0.049805 0.168457
vt 0.045898 0.168701
vt 0.044434 0.171143
vt 0.039795 0.185303
vt 0.021729 0.204346
vt 0.217041 0.730225
vt 0.837891 0.997803
vt 0.822754 0.648193
vt 0.215088 0.746094
vt 0.838135 0.986328
vt 0.137695 0.896973
vt 0.280762 0.054688
vt 0.280518 0.060547
vt 0.049316 0.170166
vt 0.795898 0.437744
vt 0.246826 0.484375
vt 0.781982 0.402832
vt 0.994385 0.358643
vt 0.476562 0.980469
vt 0.283447 0.056641
vt 0.288330 0.051758
vt 0.175537 0.574951
vt 0.562500 0.371826
vt 0.179688 0.614502
vt 0.538330 0.374756
vt 0.178467 0.492432
vt 0.291504 0.025391
vt 0.797363 0.461670
vt 0.051514 0.168701
vt 0.795898 0.435059
vt 0.223389 0.489258
vt 0.794434 0.418701
vt 0.624023 0.870361
vt 0.033447 0.086670
vt 0.343750 0.445312
vt 0.625732 0.865967
vt 0.954346 0.594482
vt 0.838379 0.983154
vt 0.215088 0.751465
vt 0.214600 0.756592
vt 0.838379 0.978271
vt 0.851318 0.954834
vt 0.223633 0.788330
vt 0.057861 0.146973
vt 0.580078 0.370605
vt 0.273193 0.172852
vt 0.175293 0.692139
vt 0.488037 0.370850
vt 0.275146 0.187012
vt 0.669678 0.540039
vt 0.174561 0.707275
vt 0.479492 0.370605
vt 0.799805 0.440674
vt 0.797852 0.436768
vt 0.798340 0.434326
vt 0.050049 0.173828
vt 0.624023 0.872070
vt 0.042969 0.107666
vt 0.943115 0.581543
vt 0.153564 0.932617
vt 0.986572 0.359619
vt 0.475098 0.974609
vt 0.176758 0.579102
vt 0.559814 0.371094
vt 0.281006 0.090820
vt 0.272217 0.161133
vt 0.175781 0.679932
vt 0.500244 0.373047
vt 0.272461 0.166504
vt 0.176270 0.685547
vt 0.053711 0.170166
vt 0.800537 0.438721
vt 0.147705 0.115234
vt 0.658203 0.659912
vt 0.284912 0.465332
vt 0.085205 0.849121
vt 0.485840 0.946289
vt 0.125732 0.895020
vt 0.288818 0.055420
vt 0.177490 0.583252
vt 0.558105 0.371094
vt 0.297852 0.022949
vt 0.802490 0.460449
vt 0.054932 0.175293
vt 0.030029 0.207031
vt 0.949463 0.235352
vt 0.957764 0.235352
vt 0.311768 0.467041
vt 0.150879 0.145752
vt 0.643799 0.698486
vt 0.933105 0.275879
vt 0.062012 0.149902
vt 0.581299 0.366943
vt 0.287842 0.059082
vt 0.801514 0.416748
vt 0.050293 0.190186
vt 0.249268 0.492432
vt 0.786865 0.396973
vt 0.056396 0.135986
vt 0.916260 0.564697
vt 0.948730 0.234131
vt 0.942139 0.576416
vt 0.974854 0.229736
vt 0.290527 0.465576
vt 0.149414 0.122314
vt 0.655029 0.665771
vt 0.854248 0.938721
vt 0.216797 0.808350
vt 0.481934 0.960205
vt 0.136963 0.913818
vt 0.095947 0.866943
vt 0.114014 0.890625
vt 0.669922 0.531738
vt 0.173096 0.717773
vt 0.472900 0.369141
vt 0.590332 0.319580
vt 0.300781 0.022949
vt 0.804688 0.458496
vt 0.804443 0.433838
vt 0.272949 0.481201
vt 0.009033 0.224365
vt 0.155273 0.100830
vt 0.670410 0.661133
vt 0.057373 0.139160
vt 0.427246 0.651367
vt 0.912842 0.564941
vt 0.041992 0.119873
vt 0.928223 0.573486
vt 0.300781 0.465576
vt 0.052002 0.329590
vt 0.050537 0.329102
vt 0.285889 0.274414
vt 0.851318 0.961914
vt 0.226318 0.779297
vt 0.104736 0.876953
vt 0.063721 0.150635
vt 0.581299 0.365967
vt 0.295654 0.049072
vt 0.565918 0.365479
vt 0.947510 0.571777
vt 0.972900 0.225342
vt 0.149658 0.126709
vt 0.650635 0.675781
vt 0.295898 0.465820
vt 0.148926 0.132324
vt 0.487061 0.979248
vt 0.996338 0.371338
vt 0.284668 0.118408
vt 0.171875 0.639404
vt 0.522705 0.369873
vt 0.303955 0.022949
vt 0.807129 0.458984
vt 0.811523 0.431396
vt 0.065186 0.179443
vt 0.825684 0.429688
vt 0.808350 0.415039
vt 0.060303 0.194336
vt 0.821777 0.413818
vt 0.631348 0.881348
vt 0.630859 0.880615
vt 0.935547 0.574951
vt 0.258057 0.230225
vt 0.808105 0.530029
vt 0.848877 0.648926
vt 0.863770 0.953857
vt 0.015625 0.905762
vt 0.238037 0.791016
vt 0.065674 0.151611
vt 0.581543 0.364746
vt 0.563721 0.364990
vt 0.673584 0.512207
vt 0.456787 0.364990
vt 0.609619 0.313965
vt 0.817871 0.430420
vt 0.067627 0.191895
vt 0.814209 0.413818
vt 0.631348 0.881836
vt 0.632080 0.881348
vt 0.952881 0.570068
vt 0.944580 0.571289
vt 0.977539 0.216797
vt 0.068848 0.153320
vt 0.582520 0.363037
vt 0.297363 0.051758
vt 0.308838 0.020752
vt 0.602783 0.345459
vt 0.810059 0.458252
vt 0.794922 0.392090
vt 0.040039 0.210938
vt 0.647217 0.878906
vt 0.942627 0.562012
vt 0.940430 0.563965
vt 0.940918 0.568359
vt 0.046875 0.133545
vt 0.918457 0.560791
vt 0.100586 0.308350
vt 0.235107 0.732422
vt 0.851807 0.996582
vt 0.006592 0.074219
vt 0.109131 0.310303
vt 0.233643 0.747803
vt 0.851562 0.984863
vt 0.136963 0.933105
vt 0.988770 0.374023
vt 0.485840 0.971924
vt 0.069824 0.856445
vt 0.490723 0.956787
vt 0.123047 0.911865
vt 0.301270 0.047363
vt 0.567871 0.361572
vt 0.561523 0.363525
vt 0.953125 0.220215
vt 0.964844 0.208740
vt 0.960205 0.216064
vt 0.990234 0.206299
vt 0.910156 0.153809
vt 0.993408 0.202881
vt 0.416016 0.672363
vt 0.891846 0.565918
vt 0.414062 0.681641
vt 0.877930 0.565186
vt 0.275879 0.272461
vt 0.008301 0.072510
vt 0.851074 0.982178
vt 0.232178 0.752686
vt 0.231445 0.758057
vt 0.851074 0.977539
vt 0.298828 0.055420
vt 0.287842 0.136230
vt 0.168213 0.655029
vt 0.512451 0.366211
vt 0.954346 0.216309
vt 0.954346 0.214844
vt 0.955322 0.216309
vt 0.964355 0.216797
vt 0.975098 0.218750
vt 0.416260 0.675293
vt 0.887695 0.567383
vt 0.411133 0.685303
vt 0.595947 0.551758
vt 0.872559 0.561523
vt 0.001953 0.068604
vt 0.100098 0.304688
vt 0.007080 0.072021
vt 0.839844 0.637207
vt 0.865234 0.938477
vt 0.229980 0.812744
vt 0.078613 0.156982
vt 0.586182 0.356934
vt 0.828125 0.457520
vt 0.303955 0.046387
vt 0.568604 0.360107
vt 0.302979 0.049316
vt 0.565918 0.360352
vt 0.542236 0.364014
vt 0.596436 0.347656
vt 0.816406 0.456299
vt 0.804443 0.389893
vt 0.049561 0.215088
vt 0.959961 0.207764
vt 0.967041 0.213867
vt 0.273438 0.492432
vt 0.775391 0.372070
vt 0.019531 0.229004
vt 0.676270 0.665771
vt 0.596680 0.554199
vt 0.871582 0.560547
vt 0.497803 0.974365
vt 0.116699 0.938721
vt 0.999512 0.385010
vt 0.083496 0.883301
vt 0.499268 0.952393
vt 0.109375 0.908447
vt 0.296387 0.086914
vt 0.592285 0.349609
vt 0.821289 0.456299
vt 0.060059 0.219727
vt 0.812988 0.388428
vt 0.919922 0.556885
vt 0.913086 0.555420
vt 0.986816 0.206299
vt 0.874023 0.952637
vt 0.863037 0.960938
vt 0.018311 0.920166
vt 0.906982 0.916992
vt 0.022461 0.903809
vt 0.242920 0.783447
vt 0.095947 0.891846
vt 0.306152 0.048340
vt 0.568359 0.358154
vt 0.304932 0.052246
vt 0.565186 0.357666
vt 0.289307 0.142334
vt 0.509277 0.364258
vt 0.929443 0.557129
vt 0.910645 0.554932
vt 0.285889 0.480957
vt 0.162842 0.123535
vt 0.662109 0.674316
vt 0.877197 0.150391
vt 0.792725 0.612793
vt 0.796875 0.121826
vt 0.121094 0.930908
vt 0.992188 0.386963
vt 0.495605 0.967773
vt 0.930176 0.555420
vt 0.889648 0.155273
vt 0.875244 0.150879
vt 0.315430 0.483887
vt 0.655518 0.709717
vt 0.917480 0.276367
vt 0.053711 0.318848
vt 0.051514 0.318359
vt 0.863770 0.645508
vt 0.073486 0.926758
vt 0.507812 0.971680
vt 0.102051 0.935059
vt 0.042725 0.962646
vt 0.883545 0.949707
vt 0.028320 0.934082
vt 0.681396 0.439453
vt 0.400879 0.340332
vt 0.679932 0.272949
vt 0.682129 0.430420
vt 0.393799 0.336426
vt 0.687744 0.268311
vt 0.929199 0.554199
vt 0.913330 0.552002
vt 0.292236 0.481689
vt 0.160889 0.131348
vt 0.656738 0.678711
vt 0.886475 0.153809
vt 0.087891 0.930664
vt 0.036621 0.948242
vt 0.567139 0.354004
vt 0.917969 0.179932
vt 0.971924 0.195068
vt 0.912109 0.173340
vt 0.984863 0.199707
vt 0.910889 0.551514
vt 0.918213 0.550781
vt 0.251221 0.733154
vt 0.864502 0.995850
vt 0.284180 0.295898
vt 0.251953 0.748047
vt 0.864014 0.984131
vt 0.875488 0.936279
vt 0.000000 0.446777
vt 0.000244 0.902588
vt 0.027832 0.487793
vt 0.117432 0.322754
vt 0.241943 0.818604
vt 0.895264 0.935791
vt 0.104248 0.926758
vt 0.074707 0.916992
vt 0.504883 0.963135
vt 0.313232 0.047363
vt 0.591797 0.330811
vt 0.909668 0.167480
vt 0.988037 0.195557
vt 0.786377 0.368652
vt 0.032715 0.233643
vt 0.686768 0.669189
vt 0.297363 0.481689
vt 0.302734 0.482178
vt 0.090576 0.921143
vt 0.295166 0.169434
vt 0.649658 0.549072
vt 0.493652 0.360107
vt 0.917969 0.183105
vt 0.969238 0.193115
vt 0.916748 0.182617
vt 0.907959 0.166504
vt 0.989990 0.193848
vt 0.657471 0.687012
vt 0.163086 0.140625
vt 0.655518 0.691650
vt 0.869629 0.153809
vt 0.064209 0.315918
vt 0.864014 0.981201
vt 0.249756 0.753662
vt 0.249512 0.759277
vt 0.863770 0.976318
vt 0.875000 0.958984
vt 0.028320 0.914551
vt 0.258789 0.783447
vt 0.571533 0.347168
vt 0.546631 0.355225
vt 0.302246 0.114502
vt 0.527100 0.358154
vt 0.292480 0.156494
vt 0.161377 0.679199
vt 0.500244 0.363037
vt 0.649414 0.537598
vt 0.485107 0.357178
vt 0.679932 0.448730
vt 0.407227 0.344971
vt 0.672607 0.280029
vt 0.892822 0.554199
vt 0.304932 0.172363
vt 0.857910 0.544189
vt 0.062988 0.314453
vt 0.030762 0.038086
vt 0.046631 0.307617
vt 0.324951 0.042969
vt 0.585449 0.333984
vt 0.310059 0.080811
vt 0.294189 0.162109
vt 0.158447 0.692871
vt 0.497070 0.361572
vt 0.683838 0.417725
vt 0.384277 0.333984
vt 0.698975 0.267090
vt 0.687012 0.393555
vt 0.363281 0.327393
vt 0.733643 0.241943
vt 0.910645 0.178955
vt 0.611816 0.887939
vt 0.612305 0.888184
vt 0.882568 0.554443
vt 0.877930 0.553955
vt 0.028076 0.036621
vt 0.050293 0.307861
vt 0.018799 0.983643
vt 0.885254 0.932861
vt 0.004150 0.947754
vt 0.009766 0.459229
vt 0.898682 0.916016
vt 0.906982 0.943604
vt 0.578613 0.338135
vt 0.678223 0.470947
vt 0.424316 0.356445
vt 0.652588 0.298340
vt 0.679443 0.467041
vt 0.421143 0.355225
vt 0.656250 0.295166
vt 0.679932 0.462646
vt 0.418457 0.353271
vt 0.660400 0.291992
vt 0.686768 0.397461
vt 0.367188 0.328857
vt 0.717285 0.259521
vt 0.908203 0.176270
vt 0.906250 0.170410
vt 0.797363 0.365723
vt 0.045166 0.239014
vt 0.696533 0.670654
vt 0.345703 0.472656
vt 0.607666 0.890625
vt 0.884521 0.554443
vt 0.876709 0.552734
vt 0.863770 0.635742
vt 0.012695 0.963867
vt 0.683594 0.412109
vt 0.379150 0.333008
vt 0.705322 0.266113
vt 0.055664 0.244385
vt 0.706787 0.669189
vt 0.806885 0.364014
vt 0.285156 0.495117
vt 0.770508 0.359619
vt 0.933594 0.238525
vt 0.932617 0.236084
vt 0.893066 0.550781
vt 0.267578 0.732422
vt 0.877686 0.995117
vt 0.283936 0.311035
vt 0.927246 0.659668
vt 0.887939 0.648926
vt 0.876709 0.983887
vt 0.267090 0.748047
vt 0.055420 0.961426
vt 0.885742 0.955811
vt 0.040039 0.929199
vt 0.291260 0.763672
vt 0.672119 0.680908
vt 0.607910 0.704834
vt 0.929199 0.240234
vt 0.312744 0.498779
vt 0.760010 0.333740
vt 0.665771 0.710449
vt 0.272705 0.295410
vt 0.048096 0.945312
vt 0.307617 0.132080
vt 0.516602 0.354492
vt 0.649902 0.529541
vt 0.478027 0.355225
vt 0.239746 0.248535
vt 0.816162 0.480713
vt 0.312012 0.963135
vt 0.476562 0.868408
vt 0.310547 0.960205
vt 0.478516 0.869385
vt 0.907959 0.653076
vt 0.615723 0.898193
vt 0.614502 0.896484
vt 0.888672 0.168213
vt 0.293457 0.496094
vt 0.768799 0.353027
vt 0.669922 0.686768
vt 0.883789 0.549316
vt 0.882568 0.549561
vt 0.876709 0.979736
vt 0.266846 0.754395
vt 0.037109 0.900635
vt 0.266113 0.762451
vt 0.876465 0.974854
vt 0.552490 0.344971
vt 0.614014 0.901611
vt 0.879150 0.167236
vt 0.878174 0.167480
vt 0.875488 0.546875
vt 0.314941 0.724365
vt 0.890625 0.994385
vt 0.283691 0.731201
vt 0.092285 0.962402
vt 0.313477 0.736816
vt 0.889160 0.983398
vt 0.282227 0.744385
vt 0.323975 0.074951
vt 0.581543 0.315674
vt 0.873291 0.166260
vt 0.877930 0.546387
vt 0.304199 0.498047
vt 0.765625 0.342285
vt 0.854736 0.160400
vt 0.476074 0.877197
vt 0.309570 0.138428
vt 0.513672 0.352783
vt 0.937500 0.216553
vt 0.934326 0.218018
vt 0.888184 0.171387
vt 0.668701 0.691650
vt 0.297607 0.497559
vt 0.766357 0.347656
vt 0.872070 0.166748
vt 0.666748 0.696533
vt 0.155029 0.492676
vt 0.783203 0.137207
vt 0.812012 0.600342
vt 0.309082 0.952148
vt 0.477295 0.878418
vt 0.298828 0.728516
vt 0.085205 0.945801
vt 0.297119 0.742188
vt 0.318359 0.107910
vt 0.532715 0.346924
vt 0.650879 0.510254
vt 0.462158 0.349854
vt 0.933838 0.215576
vt 0.608398 0.906006
vt 0.308838 0.950439
vt 0.474365 0.879395
vt 0.086426 0.962158
vt 0.889893 0.978271
vt 0.281250 0.750488
vt 0.066162 0.926758
vt 0.280273 0.756104
vt 0.079590 0.962402
vt 0.889404 0.972656
vt 0.558350 0.335693
vt 0.607666 0.908447
vt 0.782715 0.354492
vt 0.683350 0.683350
vt 0.879150 0.171875
vt 0.663818 0.721680
vt 0.274658 0.312744
vt 0.080078 0.945068
vt 0.297607 0.745605
vt 0.073975 0.944336
vt 0.298340 0.750488
vt 0.337402 0.072510
vt 0.572510 0.318604
vt 0.876709 0.172119
vt 0.773926 0.323486
vt 0.676758 0.716064
vt 0.322998 0.500488
vt 0.528564 0.915283
vt 0.751953 0.324707
vt 0.634033 0.948975
vt 0.982910 0.145020
vt 0.981445 0.146240
vt 0.890381 0.627441
vt 0.566162 0.326172
vt 0.780518 0.348145
vt 0.681885 0.690430
vt 0.870117 0.170166
vt 0.982178 0.149414
vt 0.977539 0.138916
vt 0.976807 0.140137
vt 0.928711 0.218506
vt 0.926758 0.217773
vt 0.871582 0.171875
vt 0.975098 0.137939
vt 0.324951 0.986816
vt 0.448730 0.862793
vt 0.316895 0.162842
vt 0.630615 0.549072
vt 0.498535 0.346924
vt 0.609619 0.914795
vt 0.793701 0.351562
vt 0.694580 0.684814
vt 0.653809 0.724854
vt 0.782227 0.989502
vt 0.054443 0.998779
vt 0.784180 0.991943
vt 0.313721 0.150635
vt 0.505127 0.350098
vt 0.630615 0.537598
vt 0.490479 0.343262
vt 0.615479 0.912354
vt 0.950684 0.531006
vt 0.914062 0.527588
vt 0.777588 0.337402
vt 0.792969 0.320801
vt 0.690918 0.713623
vt 0.755615 0.318604
vt 0.445312 0.861572
vt 0.971191 0.152100
vt 0.283447 0.332520
vt 0.913330 0.627197
vt 0.326416 0.124512
vt 0.522705 0.342529
vt 0.315674 0.155762
vt 0.501953 0.348633
vt 0.924561 0.212891
vt 0.706055 0.684326
vt 0.805176 0.350098
vt 0.598389 0.911377
vt 0.779541 0.342773
vt 0.680420 0.696289
vt 0.679443 0.701904
vt 0.668945 0.726318
vt 0.970703 0.154297
vt 0.969482 0.153320
vt 0.965576 0.147217
vt 0.333984 0.101562
vt 0.569824 0.297852
vt 0.538818 0.335938
vt 0.612793 0.916260
vt 0.361572 0.485840
vt 0.592773 0.910400
vt 0.792725 0.343994
vt 0.692871 0.692383
vt 0.008789 0.103027
vt 0.703369 0.710205
vt 0.812012 0.318115
vt 0.446777 0.871338
vt 0.024170 0.134033
vt 0.962891 0.145508
vt 0.964600 0.148438
vt 0.930176 0.206055
vt 0.929443 0.206787
vt 0.921143 0.219727
vt 0.704590 0.690186
vt 0.804932 0.343506
vt 0.540039 0.924072
vt 0.744385 0.318359
vt 0.955566 0.427490
vt 0.015869 0.859131
vt 0.445068 0.871338
vt 0.011230 0.756836
vt 0.446533 0.873535
vt 0.060303 0.996826
vt 0.600098 0.917725
vt 0.061035 0.996582
vt 0.061279 0.997559
vt 0.775146 0.993408
vt 0.328613 0.130371
vt 0.519531 0.341309
vt 0.657959 0.437256
vt 0.407959 0.324219
vt 0.657959 0.428467
vt 0.400879 0.320801
vt 0.900635 0.190430
vt 0.603027 0.723145
vt 0.916992 0.225586
vt 0.790283 0.332275
vt 0.861084 0.518799
vt 0.791260 0.338379
vt 0.691895 0.697266
vt 0.690918 0.702881
vt 0.650146 0.733154
vt 0.146729 0.528320
vt 0.851074 0.595459
vt 0.809814 0.992432
vt 0.561523 0.306152
vt 0.546143 0.324707
vt 0.629150 0.529785
vt 0.484375 0.340820
vt 0.895508 0.526611
vt 0.704346 0.695557
vt 0.804443 0.338379
vt 0.703857 0.700195
vt 0.804688 0.332520
vt 0.740723 0.315430
vt 0.952637 0.426758
vt 0.553467 0.314697
vt 0.918457 0.215088
vt 0.842529 0.178223
vt 0.007812 0.752197
vt 0.230225 0.291504
vt 0.912598 0.380615
vt 0.056396 0.966553
vt 0.812012 0.991455
vt 0.343018 0.119385
vt 0.563477 0.287842
vt 0.529785 0.330566
vt 0.620850 0.934082
vt 0.935303 0.518799
vt 0.621094 0.936279
vt 0.934082 0.518311
vt 0.600342 0.924316
vt 0.752441 0.309570
vt 0.656006 0.446533
vt 0.414795 0.328613
vt 0.618652 0.932129
vt 0.885254 0.525146
vt 0.669678 0.740234
vt 0.650879 0.737305
vt 0.593994 0.730469
vt 0.906006 0.229004
vt 0.916504 0.210449
vt 0.883789 0.524414
vt 0.719727 0.307129
vt 0.940186 0.416748
vt 0.054688 0.971680
vt 0.809082 1.000000
vt 0.338379 0.156006
vt 0.612793 0.550293
vt 0.505371 0.333984
vt 0.659180 0.416992
vt 0.391846 0.317139
vt 0.661133 0.390869
vt 0.371582 0.306396
vt 0.909424 0.214355
vt 0.928711 0.189453
vt 0.908936 0.212402
vt 0.878906 0.523682
vt 0.876709 0.523438
vt 0.747070 0.307617
vt 0.057129 0.970947
vt 0.056396 0.971924
vt 0.612061 0.538818
vt 0.497559 0.329102
vt 0.629150 0.509766
vt 0.469238 0.334473
vt 0.653809 0.469971
vt 0.431885 0.339600
vt 0.908936 0.215820
vt 0.927490 0.191406
vt 0.884766 0.192139
vt 0.666992 0.743652
vt 0.554443 0.297119
vt 0.537354 0.318848
vt 0.346680 0.123291
vt 0.560791 0.285400
vt 0.526855 0.328613
vt 0.334961 0.143066
vt 0.512207 0.337158
vt 0.654297 0.465820
vt 0.428955 0.337891
vt 0.654541 0.461426
vt 0.425781 0.335693
vt 0.659180 0.411377
vt 0.387451 0.315674
vt 0.660400 0.395264
vt 0.375244 0.308838
vt 0.619141 0.944580
vt 0.925293 0.511230
vt 0.650879 0.753418
vt 0.336670 0.148926
vt 0.509521 0.335938
vt 0.614014 0.940430
vt 0.874023 0.191895
vt 0.875732 0.192871
vt 0.545410 0.307373
vt 0.863281 0.189941
vt 0.607666 0.938477
vt 0.866455 0.190918
vt 0.727051 0.300293
vt 0.655273 0.755371
vt 0.901611 0.206299
vt 0.621094 0.949951
vt 0.919434 0.505615
vt 0.552246 0.294434
vt 0.534668 0.316895
vt 0.901123 0.215088
vt 0.917480 0.505371
vt 0.617676 0.949219
vt 0.919189 0.501953
vt 0.584229 0.744629
vt 0.900146 0.221191
vt 0.608643 0.942871
vt 0.921387 0.491699
vt 0.542969 0.305176
vt 0.899902 0.207275
vt 0.917236 0.501465
vt 0.233154 0.197266
vt 0.860352 0.496094
vt 0.708740 0.298340
vt 0.930420 0.419922
vt 0.271484 0.972412
vt 0.270752 0.969971
vt 0.358643 0.147461
vt 0.550293 0.273193
vt 0.513184 0.320068
vt 0.610107 0.531006
vt 0.490967 0.325684
vt 0.365479 0.159912
vt 0.542725 0.267090
vt 0.594971 0.541748
vt 0.505127 0.315186
vt 0.917725 0.491211
vt 0.710205 0.294922
vt 0.926270 0.422119
vt 0.645508 0.763184
vt 0.062744 0.790527
vt 0.267822 0.965332
vt 0.355225 0.135742
vt 0.555420 0.277588
vt 0.519531 0.324219
vt 0.896484 0.210205
vt 0.588379 0.750244
vt 0.356689 0.139648
vt 0.552734 0.276611
vt 0.516602 0.323242
vt 0.577881 0.750244
vt 0.896973 0.215820
vt 0.219727 0.511475
vt 0.830566 0.197266
vt 0.645996 0.766113
vt 0.059326 0.791260
vt 0.268066 0.963379
vt 0.471924 0.932617
vt 0.634521 0.916504
vt 0.995850 0.103516
vt 0.635742 0.916992
vt 0.993896 0.187988
vt 0.634521 0.427734
vt 0.408936 0.303223
vt 0.574219 0.752686
vt 0.895020 0.215088
vt 0.585693 0.753174
vt 0.634766 0.915527
vt 0.628906 0.913818
vt 0.980713 0.102295
vt 0.028809 0.093750
vt 0.627686 0.913574
vt 0.978516 0.102051
vt 0.633301 0.437012
vt 0.415771 0.306641
vt 0.897461 0.503906
vt 0.721436 0.290039
vt 0.718994 0.289307
vt 0.629150 0.912842
vt 0.242188 0.332764
vt 0.288574 0.431641
vt 0.540283 0.284424
vt 0.521973 0.307861
vt 0.608398 0.511230
vt 0.476562 0.318359
vt 0.898438 0.500732
vt 0.656982 0.767822
vt 0.707275 0.289795
vt 0.918701 0.415283
vt 0.029541 0.730713
vt 0.914307 0.410645
vt 0.097412 0.535156
vt 0.897705 0.581299
vt 0.533203 0.277588
vt 0.514404 0.301758
vt 0.812500 0.287109
vt 0.895752 0.487061
vt 0.166504 0.571777
vt 0.656738 0.770508
vt 0.038086 0.727295
vt 0.707275 0.287842
vt 0.915771 0.415527
vt 0.645508 0.915039
vt 0.970703 0.187012
vt 0.545654 0.288574
vt 0.527344 0.311523
vt 0.531250 0.295166
vt 0.811768 0.284424
vt 0.810059 0.285400
vt 0.018555 0.137451
vt 0.831299 0.285156
vt 0.887695 0.502686
vt 0.881104 0.502441
vt 0.879883 0.501953
vt 0.166992 0.566162
vt 0.649902 0.773438
vt 0.778320 0.954102
vt 0.777344 0.954834
vt 0.009277 0.088867
vt 0.644531 0.913574
vt 0.645508 0.913574
vt 0.968262 0.188232
vt 0.543457 0.286865
vt 0.525146 0.309814
vt 0.523682 0.288574
vt 0.017822 0.138672
vt 0.886230 0.501953
vt 0.899170 0.489014
vt 0.164795 0.563965
vt 0.649170 0.775391
vt 0.162354 0.557373
vt 0.650879 0.778809
vt 0.016113 0.094238
vt 0.632812 0.903564
vt 0.078125 0.537109
vt 0.128174 0.488037
vt 0.255859 0.345947
vt 0.920654 0.581299
vt 0.016357 0.095703
vt 0.015137 0.095703
vt 0.646973 0.907715
vt 0.962891 0.183838
vt 0.536133 0.299561
vt 0.539307 0.261475
vt 0.592041 0.533936
vt 0.499756 0.311768
vt 0.877197 0.213379
vt 0.099121 0.999268
vt 0.773682 0.952881
vt 0.533936 0.297852
vt 0.631836 0.445801
vt 0.421875 0.311279
vt 0.888916 0.497070
vt 0.575684 0.769775
vt 0.879883 0.497803
vt 0.099121 0.997803
vt 0.564209 0.764893
vt 0.877197 0.216797
vt 0.868896 0.211914
vt 0.575439 0.768555
vt 0.886475 0.497314
vt 0.858398 0.209473
vt 0.882568 0.495850
vt 0.886963 0.484375
vt 0.173828 0.229004
vt 0.876709 0.485596
vt 0.035156 0.811523
vt 0.279541 0.998047
vt 0.439209 0.806885
vt 0.279053 0.995850
vt 0.866455 0.211670
vt 0.855957 0.209961
vt 0.885010 0.483643
vt 0.263428 0.979980
vt 0.033447 0.806885
vt 0.404053 0.908203
vt 0.033447 0.808105
vt 0.273682 1.000000
vt 0.065186 0.799316
vt 0.261719 0.979248
vt 0.628906 0.470459
vt 0.438477 0.322021
vt 0.634277 0.415039
vt 0.399658 0.297852
vt 0.633789 0.389648
vt 0.381104 0.287842
vt 0.559814 0.772217
vt 0.866455 0.216064
vt 0.804199 0.953857
vt 0.560059 0.773438
vt 0.864990 0.216797
vt 0.575195 0.776611
vt 0.528564 0.271729
vt 0.508545 0.297363
vt 0.629395 0.466064
vt 0.435791 0.319824
vt 0.629639 0.461426
vt 0.432617 0.317871
vt 0.633301 0.409180
vt 0.395020 0.296631
vt 0.634277 0.394531
vt 0.383301 0.290771
vt 0.559570 0.778076
vt 0.856934 0.216309
vt 0.560547 0.779541
vt 0.853760 0.215576
vt 0.574707 0.777588
vt 0.572998 0.781250
vt 0.229736 0.518555
vt 0.572998 0.781982
vt 0.837646 0.216064
vt 0.806396 0.952881
vt 0.528564 0.247559
vt 0.589111 0.513184
vt 0.485840 0.302734
vt 0.264404 0.990234
vt 0.052734 0.804199
vt 0.261963 0.991699
vt 0.518555 0.283936
vt 0.820312 0.266602
vt 0.820068 0.267822
vt 0.028076 0.152588
vt 0.831543 0.267822
vt 0.094482 0.968506
vt 0.811279 0.950928
vt 0.094482 0.971191
vt 0.815918 0.264893
vt 0.815430 0.266113
vt 0.028564 0.154053
vt 0.831543 0.265137
vt 0.027588 0.154053
vt 0.836182 0.252197
vt 0.026855 0.154297
vt 0.108887 0.988281
vt 0.785156 0.942627
vt 0.611572 0.426758
vt 0.418213 0.285156
vt 0.107178 0.987061
vt 0.610107 0.435791
vt 0.424561 0.288818
vt 0.023682 0.155029
vt 0.809814 0.266357
vt 0.516602 0.260254
vt 0.495117 0.287842
vt 0.021729 0.156006
vt 0.793213 0.272949
vt 0.007568 0.153809
vt 0.724121 0.750732
vt 0.106445 0.973145
vt 0.797852 0.942383
vt 0.807861 0.265137
vt 0.105225 0.974365
vt 0.798828 0.268066
vt 0.011230 0.156006
vt 0.505615 0.272949
vt 0.607910 0.445312
vt 0.431885 0.293701
vt 0.022705 0.164795
vt 0.807129 0.260986
vt 0.020752 0.162109
vt 0.811279 0.254883
vt 0.025146 0.165771
vt 0.835693 0.239746
vt 0.810303 0.255615
vt 0.610596 0.414551
vt 0.409424 0.279785
vt 0.609375 0.386963
vt 0.391113 0.268799
vt 0.604736 0.469482
vt 0.447266 0.304199
vt 0.473877 0.203369
vt 0.589844 0.424072
vt 0.428711 0.267578
vt 0.797363 0.263428
vt 0.010254 0.161377
vt 0.480713 0.208252
vt 0.588379 0.433838
vt 0.435303 0.271484
vt 0.006592 0.165527
vt 0.724609 0.763672
vt 0.604736 0.465088
vt 0.444580 0.302490
vt 0.604980 0.460205
vt 0.441406 0.300293
vt 0.609375 0.408203
vt 0.405273 0.277344
vt 0.608643 0.392334
vt 0.394287 0.270996
vt 0.791748 0.260010
vt 0.468994 0.222168
vt 0.446045 0.254395
vt 0.461914 0.217529
vt 0.439697 0.250244
vt 0.489014 0.211914
vt 0.584717 0.444336
vt 0.441895 0.275879
vt 0.450684 0.233887
vt 0.457520 0.238037
vt 0.804199 0.240723
vt 0.021729 0.180664
vt 0.827881 0.224121
vt 0.802490 0.241699
vt 0.020020 0.180420
vt 0.020752 0.181641
vt 0.827148 0.222900
vt 0.776611 0.246338
vt 0.468262 0.194824
vt 0.586914 0.412598
vt 0.420166 0.261475
vt 0.452393 0.179688
vt 0.581543 0.385254
vt 0.402832 0.250244
vt 0.802734 0.239258
vt 0.137695 0.635742
vt 0.722656 0.782471
vt 0.784912 0.247314
vt 0.505371 0.222412
vt 0.580078 0.469971
vt 0.458008 0.286133
vt 0.722900 0.778809
vt 0.136230 0.631836
vt 0.720703 0.786865
vt 0.773926 0.243164
vt 0.502197 0.219727
vt 0.580078 0.464355
vt 0.455322 0.284180
vt 0.500000 0.218262
vt 0.581299 0.459473
vt 0.452148 0.282227
vt 0.464844 0.189453
vt 0.584229 0.405762
vt 0.416260 0.258789
vt 0.455811 0.181152
vt 0.583008 0.391602
vt 0.405518 0.252441
vt 0.788574 0.242188
vt 0.005371 0.182373
vt 0.134277 0.641846
vt 0.729248 0.781494
vt 0.476562 0.226318
vt 0.453125 0.258789
vt 0.790039 0.235840
vt 0.007324 0.185059
vt 0.132812 0.643799
vt 0.815674 0.213135
vt 0.464111 0.241943
vt 0.170410 0.332031
vt 0.785645 0.235840
vt 0.131592 0.640137
vt 0.174316 0.331543
vt 0.781006 0.238281
vt 0.455566 0.209961
vt 0.432129 0.243652
vt 0.439697 0.196533
vt 0.414551 0.232666
vt 0.129639 0.644043
vt 0.142090 0.351318
vt 0.814453 0.208984
vt 0.492920 0.237305
vt 0.469727 0.268799
vt 0.130127 0.639404
vt 0.176514 0.332031
vt 0.780273 0.234863
vt 0.174072 0.334229
vt 0.489502 0.234863
vt 0.466553 0.267090
vt 0.487305 0.233154
vt 0.463623 0.264893
vt 0.443848 0.226318
vt 0.452148 0.206299
vt 0.428223 0.241455
vt 0.442383 0.199219
vt 0.417236 0.234619
vt 0.425537 0.214844
vt 0.158203 0.345703
vt 0.127686 0.643555
vt 0.144287 0.354492
vt 0.481201 0.252441
vt 0.037842 0.651367
vt 0.763184 0.228027
vt 0.478027 0.250244
vt 0.475098 0.248047
vt 0.439453 0.223877
vt 0.428955 0.216553
vt 0.765381 0.228760
vt 0.125977 0.625244
vt 0.125244 0.622314
vt 0.011230 0.661377
vt 0.206787 0.400391
vt 0.219971 0.382080
vt 0.034668 0.656982
vt 0.757080 0.223877
vt 0.123291 0.616211
vt 0.033203 0.656982
vt 0.122559 0.614258
vt 0.101807 0.610107
vt 0.166748 0.419434
vt 0.120605 0.610352
vt 0.185791 0.414795
vt 0.246826 0.409424
vt 0.029541 0.657471
vt 0.027832 0.657471
vt 0.036377 0.640381
vt 0.183838 0.353760
vt 0.772461 0.221680
vt 0.118408 0.635498
vt 0.182129 0.356689
vt 0.116455 0.637451
vt 0.154785 0.376465
vt 0.168213 0.367920
vt 0.031738 0.643066
vt 0.190918 0.360352
vt 0.115234 0.630615
vt 0.030273 0.643799
vt 0.111816 0.634521
vt 0.158447 0.384766
vt 0.114746 0.630371
vt 0.188477 0.364502
vt 0.026611 0.645508
vt 0.197998 0.372070
vt 0.024658 0.645752
vt 0.198242 0.373535
vt 0.030518 0.639404
vt 0.189941 0.366943
vt 0.172119 0.377441
vt 0.113281 0.627441
vt 0.112305 0.625732
vt 0.173096 0.379150
vt 0.111084 0.632324
vt 0.159180 0.387939
vt 0.192871 0.376221
vt 0.191162 0.374023
vt 0.108643 0.629150
vt 0.162598 0.392822
vt 0.108643 0.628418
vt 0.163086 0.394043
vt 0.177002 0.386963
vt 0.177490 0.388672
vn -0.283195 -0.032676 0.958506
vn -0.133650 0.002522 0.991025
vn -0.601027 -0.024198 0.798862
vn -0.651854 -0.028398 0.757812
vn -0.857606 -0.224446 -0.462747
vn 0.335153 -0.913094 0.232232
vn -0.505520 -0.014765 0.862689
vn 0.639489 0.684789 -0.349454
vn 0.069490 0.199204 -0.977491
vn -0.128804 0.460812 -0.878101
vn -0.733333 -0.133333 -0.666667
vn -0.086306 0.302072 -0.949370
vn -0.305997 -0.623092 -0.719807
vn -0.312204 0.649587 -0.693228
vn -0.643583 -0.700906 -0.307461
vn -0.983354 0.179644 0.027244
vn -0.734029 -0.026710 0.678593
vn -0.236088 -0.047218 0.970584
vn 0.195965 -0.039193 0.979827
vn -0.301921 0.201590 -0.931775
vn 0.588352 0.669388 -0.453611
vn 0.068640 0.652078 -0.755038
vn 0.524711 0.686160 -0.503849
vn 0.010632 -0.999435 -0.031897
vn 0.620513 0.124321 -0.774279
vn 0.557994 0.290759 -0.777240
vn -0.410345 -0.082069 0.908230
vn 0.379104 -0.121855 0.917296
vn 0.398726 0.000000 0.917070
vn -0.229578 -0.080352 0.969968
vn 0.239028 -0.110977 0.964650
vn -0.712287 0.600184 -0.363905
vn 0.483564 0.354336 0.800382
vn -0.387345 0.919946 -0.060523
vn -0.437779 0.892396 0.109445
vn -0.034371 0.508693 -0.860261
vn -0.634171 0.691247 -0.346417
vn -0.268031 0.637186 -0.722602
vn 0.173029 0.306129 0.936133
vn -0.549184 -0.103202 0.829305
vn 0.609692 -0.157340 0.776865
vn 0.550832 -0.061204 0.832369
vn -0.194595 -0.124324 0.972973
vn 0.209002 -0.127724 0.969538
vn -0.978328 -0.157141 0.134837
vn -0.968751 -0.218389 -0.117594
vn 0.218289 0.268208 -0.938304
vn 0.021107 0.557960 -0.829599
vn -0.613025 -0.076469 0.786354
vn -0.574324 -0.032632 0.817977
vn -0.943714 -0.168520 0.284612
vn -0.960146 -0.213365 0.180540
vn -0.564494 0.703998 -0.430968
vn 0.681901 -0.151534 0.715575
vn 0.725813 -0.086849 0.682388
vn 0.753250 -0.167389 0.636078
vn -0.702128 -0.162301 0.693307
vn -0.186200 -0.085939 0.978746
vn 0.172570 -0.167177 0.970707
vn -0.923734 -0.201566 -0.325710
vn -0.401780 -0.146102 0.904006
vn 0.367868 -0.186854 0.910911
vn -0.919519 -0.168650 0.355024
vn 0.978539 -0.182325 0.096011
vn 0.934373 -0.311458 0.173032
vn 0.969290 -0.185414 -0.161549
vn 0.948683 -0.316228 0.000000
vn 0.895773 -0.325736 -0.302469
vn 0.940027 -0.040871 -0.338643
vn -0.866589 -0.183822 -0.463932
vn 0.970645 0.176481 0.163408
vn -0.939406 0.040844 -0.340365
vn -0.866921 0.157622 0.472866
vn 0.000000 0.000000 1.000000
vn -0.816758 -0.167540 0.552121
vn -0.882795 -0.133757 0.450314
vn 0.833203 -0.080309 0.547104
vn 0.831437 -0.229492 0.506010
vn -0.109254 -0.145671 0.983282
vn 0.127679 -0.199846 0.971473
vn 0.919955 -0.183991 -0.346165
vn 0.926529 -0.308843 -0.214848
vn -0.247605 0.020634 0.968641
vn 0.000000 0.000000 1.000000
vn 0.000000 0.000000 1.000000
vn -0.929373 0.242445 -0.278363
vn -0.969003 -0.184110 0.164731
vn 0.918939 -0.079908 0.386221
vn 0.958475 -0.284862 -0.013405
vn 0.955409 -0.079617 -0.284348
vn 0.015755 -0.236322 0.971547
vn -0.062969 -0.176313 0.982318
vn 0.053896 -0.252899 0.965990
vn 0.039496 -0.197482 0.979511
vn 0.968762 -0.163222 0.186707
vn 0.926374 -0.233669 0.295348
vn 0.554944 -0.100072 -0.825846
vn 0.674786 -0.224929 -0.702902
vn -0.627387 -0.108654 -0.771090
vn 0.202522 -0.049396 0.978031
vn 0.175067 -0.046341 0.983465
vn 0.000000 0.000000 1.000000
vn 0.000000 0.000000 1.000000
vn 0.000000 0.000000 1.000000
vn 0.935071 0.160298 0.316143
vn -0.685851 -0.123101 0.717255
vn 0.902217 -0.069401 0.425661
vn 0.768252 -0.236385 0.594903
vn 0.000000 0.000000 1.000000
vn -0.020792 -0.233912 0.972035
vn -0.892196 -0.153545 0.424747
vn -0.975610 -0.219512 0.000000
vn 0.989949 -0.141421 0.000000
vn 0.955779 -0.294086 0.000000
vn 0.955939 -0.125182 -0.265539
vn 0.950434 -0.292442 -0.105604
vn -0.972523 -0.160110 -0.169006
vn 0.962481 -0.068749 -0.262495
vn 0.824733 -0.240798 -0.511696
vn -0.930823 -0.193130 -0.310274
vn 0.922411 -0.068030 0.380170
vn 0.919805 -0.262801 0.291367
vn -0.902681 -0.190952 0.385623
vn -0.541479 -0.200390 0.816483
vn 0.521924 -0.250089 0.815507
vn -0.361066 -0.134944 0.922725
vn 0.348728 -0.219361 0.911191
vn 0.929072 -0.131054 0.345905
vn 0.387385 -0.077477 -0.918657
vn -0.339140 -0.067828 -0.938287
vn -0.931567 -0.118520 0.343708
vn -0.034834 0.335594 -0.941362
vn 0.980851 -0.052249 -0.187620
vn 0.801784 -0.267262 0.534522
vn 0.442326 -0.147442 -0.884652
vn 0.579494 -0.027175 0.814523
vn 0.468467 -0.162945 0.868325
vn 0.886787 -0.183128 0.424350
vn -0.806547 -0.171535 -0.565737
vn 0.797326 -0.125294 -0.590401
vn 0.839254 -0.279752 -0.466252
vn 0.548297 0.280905 -0.787694
vn -0.324736 0.938126 -0.120273
vn -0.876893 -0.193180 0.440158
vn 0.871902 -0.190729 0.451009
vn -0.942330 -0.314624 0.114128
vn 0.941264 -0.182180 -0.284311
vn 0.652929 -0.217643 -0.725476
vn -0.978953 -0.057585 0.195791
vn -0.782872 -0.114169 -0.611619
vn -0.932055 -0.310684 0.186411
vn 0.884917 -0.161533 0.436840
vn 0.948683 -0.316228 0.000000
vn -0.930303 -0.095046 0.354264
vn -0.841854 -0.280618 0.461015
vn -0.559370 0.828434 0.028323
vn -0.676998 0.570802 0.464606
vn -0.133713 -0.030017 0.990565
vn -0.904534 -0.301511 0.301511
vn -0.917223 -0.366889 0.155223
vn -0.913172 -0.388927 -0.121876
vn 0.644182 -0.224063 0.731317
vn 0.731192 -0.292477 0.616291
vn -0.696760 -0.304289 0.649564
vn 0.282051 -0.287582 0.915284
vn -0.334116 -0.227308 0.914712
vn -0.733471 -0.117425 0.669501
vn 0.812125 -0.169453 0.558336
vn -0.552742 -0.241387 -0.797627
vn -0.659993 -0.100071 0.744577
vn -0.518921 -0.081786 0.850901
vn -0.523602 -0.100601 0.846002
vn 0.432943 -0.082353 0.897651
vn 0.948683 -0.316228 0.000000
vn 0.913490 -0.393840 0.102107
vn 0.926529 -0.308843 -0.214848
vn 0.884415 -0.446045 -0.137310
vn -0.868788 -0.376431 -0.321725
vn -0.931933 -0.312109 -0.184628
vn -0.496515 -0.286096 0.819526
vn 0.490293 -0.330415 0.806497
vn 0.920475 -0.345178 0.183243
vn 0.885231 -0.354093 0.301634
vn 0.901773 -0.396991 0.170890
vn 0.859417 -0.286473 -0.423481
vn 0.871427 -0.361324 -0.331752
vn -0.766063 -0.357657 0.534069
vn -0.854788 -0.244225 0.457922
vn 0.796684 -0.349475 0.493115
vn 0.207954 -0.355711 0.911167
vn -0.243690 -0.354458 0.902760
vn -0.756515 -0.146718 0.637307
vn 0.661636 -0.127625 0.738884
vn -0.953083 -0.160593 -0.256599
vn 0.960551 -0.206462 -0.186319
vn -0.977869 -0.179543 -0.107405
vn 0.969662 -0.239771 -0.047602
vn -0.788800 -0.184543 0.586292
vn 0.948188 -0.165509 0.271196
vn 0.184464 -0.042569 0.981917
vn 0.775424 -0.614801 0.144007
vn 0.864679 -0.334715 -0.374561
vn -0.809400 -0.377720 -0.449667
vn 0.905304 0.408847 0.115191
vn -0.930661 0.348998 0.109870
vn 0.635198 -0.735692 0.235118
vn 0.856359 -0.489348 0.164889
vn -0.173898 -0.982904 -0.060486
vn 0.786450 -0.546313 0.288165
vn 0.768815 -0.616743 0.168970
vn -0.880983 -0.299180 0.366553
vn 0.137146 -0.990499 0.010159
vn 0.830786 -0.528682 0.174038
vn 0.041154 -0.987692 -0.150898
vn -0.858152 -0.491361 0.148793
vn 0.553961 -0.577042 -0.600124
vn 0.820349 -0.570861 -0.033829
vn -0.776195 -0.431220 0.459968
vn -0.924679 -0.374870 0.066644
vn 0.928608 -0.355807 0.105306
vn 0.123598 -0.363523 0.923349
vn -0.086442 -0.429331 0.899001
vn 0.000000 -0.996241 0.086630
vn 0.000000 -1.000000 0.000000
vn 0.876405 -0.326519 0.353976
vn -0.583884 -0.167477 0.794375
vn -0.939118 -0.081662 0.333751
vn 0.820788 -0.202964 0.533959
vn -0.839273 -0.440669 0.318483
vn -0.908023 -0.393477 0.143770
vn -0.434321 -0.894190 0.108580
vn -0.025547 -0.996325 0.081750
vn -0.889001 -0.456232 0.039106
vn 0.944912 0.314970 0.089083
vn 0.000000 0.000000 1.000000
vn -0.886850 0.415711 0.201697
vn -0.038556 -0.424118 0.904786
vn 0.094789 -0.419069 0.902993
vn 0.764446 -0.578794 0.283937
vn 0.580144 -0.694322 0.425851
vn -0.769327 -0.634445 -0.074934
vn -0.566820 -0.623502 -0.538479
vn 0.628436 -0.295063 -0.719726
vn -0.653483 -0.267741 -0.708008
vn -0.667761 -0.234619 0.706434
vn 0.651641 -0.305024 0.694496
vn 0.583430 -0.403413 0.704888
vn 0.635999 -0.466399 0.614799
vn -0.604024 -0.400709 0.688903
vn -0.425353 -0.423806 0.799664
vn -0.005435 -0.407645 0.913124
vn 0.009689 -0.993170 0.116274
vn -0.897218 -0.285478 0.336900
vn -0.794785 -0.149229 0.588258
vn 0.797641 -0.155644 0.582704
vn -0.462398 -0.856653 0.228765
vn -0.123005 -0.984039 0.128596
vn -0.814773 -0.570146 -0.105258
vn 0.420674 -0.414912 0.806772
vn 0.425760 -0.380143 0.821109
vn 0.774246 -0.469077 0.424865
vn -0.241933 -0.956476 0.163164
vn -0.428265 -0.888973 0.162221
vn 0.757026 -0.648879 0.076604
vn 0.381000 -0.254000 -0.889001
vn -0.607553 -0.511624 -0.607553
vn -0.797498 -0.603235 -0.010224
vn -0.917857 -0.396911 0.000000
vn 0.938343 -0.345706 0.000000
vn 0.938618 0.289407 0.187724
vn 0.903423 -0.376829 -0.204518
vn -0.925825 -0.351966 -0.137726
vn -0.841682 -0.335498 0.423099
vn -0.723570 -0.633124 0.274957
vn -0.753112 -0.631948 0.182932
vn 0.703737 -0.591139 -0.394093
vn 0.759393 -0.479616 -0.439648
vn 0.790359 -0.595579 -0.143588
vn 0.602497 -0.104021 0.791314
vn 0.608516 -0.021733 0.793244
vn 0.647805 -0.023136 0.761455
vn 0.537698 -0.187026 0.822133
vn 0.859792 -0.348310 -0.373414
vn -0.870309 -0.365594 -0.330005
vn 0.866647 -0.349246 0.356301
vn -0.857994 -0.359396 0.366989
vn 0.827406 -0.376037 0.417127
vn -0.810922 -0.240273 -0.533549
vn -0.846605 -0.150271 -0.510566
vn 0.776717 -0.174365 -0.605234
vn -0.616615 -0.115462 0.778752
vn 0.894060 -0.180941 0.409777
vn 0.688247 -0.688247 -0.229416
vn 0.817745 -0.575242 -0.019739
vn -0.782616 -0.533973 -0.319976
vn 0.198710 0.154293 0.967837
vn 0.760921 -0.591827 0.265970
vn 0.772279 -0.609694 0.178490
vn -0.443813 -0.853486 0.273116
vn -0.169721 -0.944934 0.279811
vn -0.801920 -0.504494 0.320015
vn 0.839251 -0.532288 0.111029
vn -0.794989 -0.598857 0.096759
vn 0.377720 -0.125907 -0.917320
vn 0.387914 -0.166823 -0.906473
vn -0.336676 -0.133350 -0.932130
vn 0.326678 0.345009 -0.879915
vn 0.665751 -0.240033 -0.706512
vn -0.326603 0.389323 -0.861254
vn 0.674615 -0.023439 -0.737797
vn -0.558191 -0.196872 0.806018
vn -0.712583 -0.460237 0.529534
vn -0.771262 -0.462757 0.437048
vn 0.693012 -0.502183 0.517249
vn -0.313822 -0.487126 0.815000
vn 0.308166 -0.496072 0.811755
vn -0.805072 -0.440843 0.396884
vn -0.816792 -0.162553 -0.553559
vn 0.792547 -0.157696 -0.589069
vn 0.792170 -0.523638 -0.313482
vn -0.774652 -0.350786 -0.526179
vn -0.659900 -0.391052 -0.641569
vn 0.652928 -0.217643 -0.725476
vn 0.760999 -0.345909 -0.548842
vn 0.112845 -0.921570 0.371449
vn 0.162277 -0.919573 0.357843
vn 0.766737 -0.465519 -0.442048
vn -0.714997 -0.556108 -0.423702
vn -0.796186 -0.442326 -0.412838
vn 0.832335 0.499401 0.240452
vn 0.785252 0.610752 0.101792
vn -0.852537 0.511522 0.107357
vn -0.584206 -0.408944 0.701047
vn -0.684708 -0.134840 0.716236
vn 0.685111 -0.134329 0.715946
vn -0.244759 -0.073428 0.966800
vn -0.531114 -0.106384 0.840595
vn 0.483710 -0.098621 0.869654
vn -0.064220 -0.019266 -0.997750
vn -0.037219 -0.003602 -0.999301
vn 0.036625 -0.006301 -0.999309
vn -0.998580 -0.008759 0.052557
vn 0.658145 -0.365636 -0.658145
vn -0.499870 -0.354746 -0.790117
vn -0.734987 -0.678032 0.008136
vn 0.821890 -0.569001 -0.027095
vn 0.743166 -0.668849 -0.018579
vn -0.711698 -0.690366 -0.129928
vn 0.948683 -0.316228 0.000000
vn 0.812979 -0.340927 -0.472052
vn -0.744209 -0.248069 -0.620174
vn -0.896850 -0.436842 -0.069498
vn 0.801784 -0.267262 0.534523
vn 0.847316 -0.382123 0.368832
vn -0.834779 -0.327670 0.442466
vn -0.565639 -0.496411 0.658505
vn -0.684258 -0.598916 0.416041
vn -0.812022 -0.374816 0.447362
vn 0.824548 -0.350460 0.444183
vn -0.953860 -0.188261 0.233901
vn 0.949779 -0.195480 0.244350
vn -0.917710 -0.186241 -0.350889
vn 0.921510 -0.181011 -0.343591
vn -0.872957 -0.261886 0.411537
vn -0.977232 -0.163915 0.134719
vn 0.967052 -0.215553 0.135454
vn -0.948908 -0.284672 -0.136148
vn -0.971359 -0.182596 -0.152051
vn 0.970804 -0.176674 -0.162251
vn 0.945038 0.326379 0.019485
vn -0.564662 -0.115499 0.817201
vn -0.639637 -0.055931 0.766639
vn -0.107093 -0.060686 0.992395
vn 0.179376 -0.066510 0.981530
vn -0.764573 -0.586765 0.266711
vn -0.861273 -0.507930 0.014723
vn 0.825589 -0.552462 0.114838
vn 0.529832 -0.518408 0.671216
vn -0.192176 -0.548268 0.813923
vn 0.193263 -0.505119 0.841133
vn -0.439679 -0.341972 0.830504
vn 0.778182 -0.530579 0.336033
vn -0.745399 -0.537644 0.394105
vn -0.752138 -0.601710 0.268764
vn -0.809601 -0.561110 0.172341
vn -0.993398 0.004776 0.114623
vn 0.964139 -0.234854 0.123608
vn -0.805535 -0.467730 -0.363790
vn 0.973754 -0.065401 0.218005
vn 0.971604 -0.197480 0.130337
vn -0.992088 0.019581 0.124011
vn -0.945732 0.315244 0.078811
vn 0.706400 -0.697807 0.118593
vn -0.680672 -0.732043 0.028254
vn 0.669685 -0.737173 -0.089984
vn 0.715404 -0.668512 -0.203199
vn 0.619725 -0.458268 -0.637128
vn -0.653975 -0.429286 -0.622921
vn 0.810883 0.559229 -0.172429
vn -0.719470 0.479647 0.502297
vn -0.131431 -0.543977 0.828743
vn 0.131374 -0.564553 0.814874
vn 0.440077 -0.298117 0.847030
vn -0.764264 -0.281623 0.580164
vn 0.627207 -0.266257 0.731928
vn -0.696612 -0.690528 0.194686
vn -0.684164 -0.654476 -0.321840
vn -0.455799 -0.219033 0.862712
vn 0.000000 0.000000 1.000000
vn -0.700092 -0.424298 0.574318
vn 0.575074 -0.413334 0.706006
vn -0.003746 -0.558149 0.829732
vn 0.726032 -0.535136 0.431864
vn 0.889843 0.444921 0.101118
vn 0.893689 0.446844 0.040622
vn -0.432858 -0.189592 0.881299
vn 0.489134 -0.188445 0.851608
vn -0.984371 0.156342 0.081066
vn -0.990830 0.000000 0.135113
vn 0.683656 -0.647674 -0.336352
vn 0.456484 -0.215571 0.863222
vn -0.632154 -0.588305 0.504261
vn 0.597022 -0.557221 0.577122
vn 0.628179 -0.604018 0.490463
vn 0.413324 -0.597644 0.687012
vn -0.415991 -0.589425 0.692481
vn 0.772592 -0.571593 0.276374
vn 0.892999 -0.413669 0.177287
vn -0.536265 -0.835238 0.121645
vn -0.581370 -0.800958 -0.143093
vn -0.800000 -0.600000 0.000000
vn 0.850798 -0.525493 0.000000
vn 0.796918 -0.580471 -0.167255
vn -0.833288 -0.531394 -0.152487
vn 0.828556 -0.416645 0.374034
vn -0.684902 -0.673810 0.277288
vn -0.755488 -0.621076 0.208570
vn -0.044740 -0.278383 -0.959428
vn -0.619079 -0.233116 0.749932
vn -0.599610 -0.219857 0.769500
vn 0.782410 -0.546493 -0.298630
vn -0.796100 -0.525227 -0.300602
vn -0.770666 -0.519751 0.368691
vn 0.783020 -0.512931 0.351826
vn 0.673221 -0.619364 -0.403933
vn -0.612517 -0.665779 -0.426099
vn 0.608240 -0.741598 0.282978
vn 0.633581 -0.752263 0.180762
vn -0.746203 -0.503893 0.435055
vn -0.757005 -0.497941 0.423082
vn -0.914875 -0.396293 -0.077166
vn 0.921653 -0.351613 -0.164086
vn 0.524712 -0.842969 0.118660
vn 0.524803 -0.842691 -0.120219
vn 0.670975 -0.040239 -0.740387
vn 0.663429 -0.019513 -0.747984
vn -0.762164 -0.418653 -0.493796
vn 0.684308 0.712821 0.153652
vn -0.716498 0.687838 0.116232
vn -0.101586 -0.093120 0.990459
vn 0.526785 -0.136574 0.838955
vn 0.753825 -0.499180 0.427280
vn -0.630406 -0.238977 0.738565
vn 0.678353 -0.292763 0.673890
vn -0.755994 -0.318313 0.571969
vn 0.924311 -0.377022 0.059188
vn 0.168293 -0.070860 0.983187
vn 0.071957 -0.952381 0.296297
vn -0.700172 -0.700172 0.139706
vn 0.688264 -0.697303 0.200152
vn -0.266236 -0.692685 0.670303
vn 0.298082 -0.683901 0.665903
vn 0.929564 0.335931 0.151859
vn -0.971449 0.187850 0.144912
vn -0.702023 -0.596898 0.388429
vn 0.702620 -0.571035 0.424552
vn -0.919024 -0.362040 -0.155956
vn 0.884047 -0.374630 -0.279486
vn -0.518209 -0.806102 0.285761
vn -0.565121 -0.801933 0.193756
vn 0.294092 -0.185742 -0.937555
vn -0.312005 -0.215920 -0.925220
vn -0.000000 0.047565 0.998868
vn 0.035335 0.902397 -0.429454
vn -0.506557 0.266029 -0.820140
vn -0.216395 0.501283 -0.837788
vn -0.389106 0.200112 -0.899195
vn 0.632514 -0.027645 -0.774055
vn 0.128445 -0.015413 -0.991597
vn -0.665640 -0.554700 0.499230
vn -0.425864 -0.390375 0.816239
vn 0.732466 -0.619781 0.281718
vn -0.349719 -0.932582 0.089373
vn -0.481938 -0.867488 0.123287
vn -0.348621 -0.929655 -0.119187
vn -0.427124 -0.893750 -0.137025
vn -0.566810 -0.759121 -0.320096
vn -0.632483 0.409006 -0.657783
vn 0.134975 0.782855 -0.607388
vn 0.057295 0.545987 -0.835832
vn -0.742405 -0.534532 -0.403869
vn -0.610751 -0.422828 -0.669477
vn -0.528143 -0.440119 -0.726196
vn 0.657712 -0.446305 -0.606817
vn 0.747893 0.623244 -0.228523
vn 0.720320 0.640285 -0.266786
vn -0.629245 0.738680 -0.241667
vn -0.978100 -0.038356 0.204570
vn 0.486532 -0.822900 0.293464
vn 0.468889 -0.866854 0.169431
vn 0.361032 -0.930385 0.063556
vn 0.373742 -0.912399 -0.166867
vn 0.476352 -0.833615 -0.279598
vn 0.619419 -0.703885 -0.347658
vn 0.443462 -0.442740 -0.779309
vn -0.460561 -0.425244 -0.779134
vn -0.491113 -0.713572 0.499622
vn 0.424522 -0.709723 0.562205
vn 0.595880 -0.681005 0.425628
vn -0.148696 -0.704536 0.693915
vn 0.167514 -0.740140 0.651255
vn 0.597428 -0.722376 0.348215
vn -0.590560 -0.195281 0.783010
vn -0.775247 -0.414832 0.476347
vn -0.897014 -0.273004 0.347614
vn 0.704325 -0.310796 0.638226
vn 0.639832 0.454618 -0.619627
vn 0.423999 0.317999 0.847998
vn 0.232869 0.645323 -0.727551
vn -0.747291 -0.512796 -0.422606
vn -0.763176 -0.587058 0.270047
vn 0.756683 -0.498398 0.423119
vn -0.832931 -0.489959 0.257229
vn -0.663244 -0.580338 0.472562
vn -0.116437 -0.064988 0.991070
vn 0.094058 -0.085508 0.991888
vn -0.272407 -0.340508 0.899916
vn -0.693073 -0.561058 0.452619
vn 0.473448 -0.528077 0.704970
vn -0.019857 -0.736125 0.676554
vn -0.704743 -0.653674 0.275769
vn -0.582560 -0.711456 0.393007
vn -0.740947 -0.493965 0.454968
vn 0.750246 -0.483461 0.450995
vn -0.209360 -0.970739 0.117618
vn -0.216744 -0.966278 -0.139027
vn 0.438504 0.724270 -0.532117
vn 0.068594 0.529476 -0.845547
vn 0.778143 -0.529700 -0.337508
vn 0.538784 -0.756766 -0.370157
vn -0.487377 -0.758142 -0.433225
vn 0.511074 0.851789 0.115149
vn 0.000000 0.000000 1.000000
vn -0.581226 0.813717 -0.006458
vn -0.054056 -0.991031 0.122214
vn 0.188960 -0.972373 0.137057
vn -0.029299 -0.989282 -0.143050
vn 0.183921 -0.975026 -0.124489
vn -0.219382 0.219382 -0.950654
vn -0.141122 0.407510 -0.902231
vn -0.477736 -0.289129 0.829562
vn -0.536519 -0.276410 0.797336
vn -0.681246 -0.389283 0.619970
vn -0.701578 -0.212217 0.680259
vn 0.701286 -0.285909 0.653035
vn -0.429723 -0.859445 0.276933
vn -0.326323 -0.924581 0.196630
vn -0.491498 -0.848951 0.194193
vn 0.352670 -0.881675 0.313485
vn 0.352670 -0.881675 0.313485
vn 0.362172 -0.917504 0.164371
vn -0.354646 -0.876943 -0.324340
vn 0.618108 0.577795 -0.533006
vn 0.540892 0.749859 -0.380982
vn 0.131008 0.619311 -0.774139
vn 0.234707 0.910004 -0.341767
vn 0.076343 0.561344 -0.824054
vn -0.457812 0.728337 -0.509836
vn -0.694595 -0.719401 0.000000
vn 0.719401 -0.694595 0.000000
vn 0.688018 -0.705497 -0.170018
vn -0.702948 -0.692274 -0.163157
vn -0.550607 -0.825910 0.121265
vn 0.439040 -0.861193 0.256107
vn 0.595399 -0.803430 -0.000000
vn 0.329331 -0.804245 0.494703
vn 0.356204 -0.876376 -0.324165
vn 0.256929 0.881573 -0.396001
vn -0.379920 -0.369983 0.847805
vn -0.336258 -0.803845 0.490677
vn -0.517310 -0.802482 0.297344
vn -0.460128 -0.788791 0.407542
vn -0.676751 -0.613675 0.406708
vn -0.567385 -0.693471 0.444041
vn 0.064617 0.872330 -0.484628
vn -0.638700 0.420468 -0.644413
vn 0.051435 0.822951 -0.565779
vn 0.529720 -0.265078 0.805686
vn 0.507620 -0.245435 0.825884
vn 0.318273 -0.307922 0.896597
vn 0.681840 -0.646420 -0.342396
vn -0.655620 -0.684830 -0.318073
vn -0.546600 -0.717412 0.431912
vn -0.722958 -0.638524 0.263853
vn 0.659453 -0.654622 0.369584
vn -0.680533 -0.408521 0.608264
vn -0.594862 -0.509881 0.621418
vn 0.679331 -0.437072 0.589472
vn -0.304430 -0.913288 0.270604
vn -0.151530 -0.969792 0.191161
vn -0.211960 -0.932625 0.292034
vn -0.197288 -0.928979 -0.313171
vn -0.272787 -0.909288 -0.314297
vn -0.111604 0.051510 -0.992417
vn 0.194501 0.921763 -0.335443
vn 0.419673 0.825356 -0.377706
vn 0.178954 0.371465 -0.911038
vn -0.511789 0.751331 -0.416621
vn -0.196235 0.733421 -0.650835
vn 0.198041 0.297062 0.934095
vn 0.000000 0.000000 1.000000
vn -0.559229 0.810883 -0.172429
vn -0.295848 -0.833754 -0.466185
vn 0.348743 -0.813734 -0.464991
vn 0.389640 -0.850123 -0.354219
vn -0.177447 -0.838744 0.514801
vn 0.205328 -0.850645 0.483988
vn 0.493198 -0.795042 0.353078
vn 0.620700 -0.656836 0.428133
vn -0.035050 -0.981403 0.188731
vn -0.056277 -0.956709 0.285554
vn 0.187198 -0.935989 0.298130
vn 0.213206 -0.959427 0.184505
vn 0.165352 -0.933156 -0.319184
vn -0.069211 0.028249 -0.997202
vn -0.046284 0.902534 -0.428125
vn 0.037754 0.985804 -0.163602
vn -0.210489 0.908305 -0.361492
vn 0.424974 -0.811313 -0.401457
vn 0.372475 -0.427029 -0.823959
vn -0.485563 -0.619943 -0.616360
vn -0.134050 0.495986 -0.857921
vn -0.202550 0.344509 -0.916672
vn 0.323763 0.941854 0.089934
vn -0.134323 0.738780 0.660425
vn -0.510188 0.807798 -0.295248
vn -0.012464 -0.947230 -0.320313
vn 0.064446 0.037311 -0.997223
vn -0.246358 0.929037 -0.276040
vn 0.584213 0.489646 -0.647258
vn -0.249783 0.874241 -0.416305
vn 0.359717 -0.340007 -0.868907
vn -0.254457 -0.254457 -0.933008
vn -0.586977 -0.704373 -0.399145
vn -0.156188 0.827797 -0.538849
vn 0.723465 0.552609 -0.413790
vn 0.680498 0.685246 -0.259539
vn 0.492367 0.615457 -0.615457
vn 0.312549 0.646862 -0.695616
vn 0.769971 0.573703 -0.279303
vn 0.753356 0.619037 -0.221919
vn -0.387906 -0.591095 0.707203
vn 0.367931 -0.607086 0.704325
vn -0.001199 -0.870741 0.491741
vn -0.439528 -0.232691 0.867565
vn -0.330053 -0.282902 0.900573
vn 0.422514 -0.261827 0.867714
vn 0.051834 0.034870 -0.998047
vn -0.070495 0.986931 -0.144907
vn 0.613628 0.645367 -0.454931
vn 0.604366 0.687318 -0.402910
vn 0.824799 0.530227 -0.196381
vn 0.791268 0.597696 -0.129048
vn -0.382718 -0.313909 -0.868900
vn 0.434348 0.008372 -0.900706
vn -0.696573 -0.674487 0.244650
vn 0.078471 -0.117707 0.989943
vn -0.145160 -0.067741 0.987086
vn -0.015436 -0.154358 0.987894
vn -0.129397 -0.879899 -0.457202
vn 0.190852 -0.872466 -0.449865
vn -0.360710 -0.921813 0.141946
vn 0.345834 -0.922225 0.172917
vn 0.145076 0.986516 0.075762
vn -0.172566 0.977875 0.118240
vn -0.824798 -0.357366 -0.438175
vn 0.843504 -0.337545 -0.417810
vn -0.677822 -0.273056 0.682641
vn -0.708878 -0.236293 0.664573
vn 0.625702 -0.265463 0.733503
vn -0.088866 0.333246 -0.938643
vn 0.133521 0.410153 -0.902190
vn -0.710215 -0.586699 -0.389074
vn -0.508968 -0.571875 -0.643359
vn 0.569304 -0.596587 -0.565666
vn -0.328248 0.641212 -0.693614
vn -0.850753 0.523827 0.042721
vn 0.681640 0.074962 0.727838
vn 0.669515 -0.003132 0.742792
vn 0.027094 -0.894099 -0.447049
vn -0.058496 0.994424 0.087743
vn -0.394959 -0.877686 0.271432
vn -0.379678 -0.843139 0.380738
vn -0.692936 0.649893 -0.312216
vn 0.397694 -0.853745 0.336094
vn 0.313704 -0.887504 0.337529
vn 0.441012 0.773739 -0.454793
vn 0.020991 0.531768 -0.846630
vn 0.570725 0.746332 -0.342435
vn 0.664357 0.512108 -0.544404
vn -0.737154 -0.675725 0.000000
vn -0.640017 -0.662087 0.389896
vn -0.707109 0.000003 0.707105
vn -0.327288 0.646626 -0.689027
vn -0.163828 0.636940 -0.753304
vn -0.447214 -0.894427 0.000000
vn -0.668965 -0.743294 0.000000
vn 0.598103 -0.801419 0.000000
vn -0.435318 -0.870635 -0.229115
vn -0.667124 -0.741249 -0.074125
vn 0.526266 -0.831115 -0.179701
vn 0.411151 0.877123 -0.248214
vn -0.202540 0.931686 -0.301560
vn -0.379642 0.632737 0.674919
vn -0.181322 -0.973412 0.139968
vn 0.165958 -0.982985 0.078724
vn 0.243672 -0.731018 -0.637367
vn 0.036702 -0.067286 -0.997058
vn -0.283862 -0.648367 -0.706430
vn -0.589351 -0.453347 -0.668687
vn -0.673227 -0.710481 -0.204895
vn 0.659726 -0.699953 -0.273545
vn 0.673273 -0.615909 0.409096
vn -0.551468 0.599020 -0.580567
vn -0.460533 -0.783504 0.417171
vn -0.608478 -0.787442 0.098430
vn 0.515430 -0.774957 0.365751
vn 0.029761 -0.992040 0.122352
vn -0.295566 -0.646550 0.703288
vn 0.223409 -0.698152 0.680200
vn 0.275974 -0.607142 0.745129
vn -0.579558 -0.713301 0.394099
vn -0.504088 -0.751368 0.425842
vn -0.705253 -0.549395 0.448089
vn -0.579172 -0.675500 0.456354
vn 0.641038 -0.615745 0.458180
vn -0.877021 -0.467436 -0.111074
vn -0.759469 -0.618827 -0.200650
vn 0.838052 -0.538288 -0.088963
vn -0.822093 -0.443328 0.357245
vn -0.564906 -0.449225 0.692155
vn 0.828283 -0.560309 0.000000
vn 0.154344 -0.097179 0.983226
vn -0.653522 -0.338294 -0.677101
vn -0.753565 -0.207879 -0.623640
vn 0.686575 -0.309312 -0.657983
vn -0.058111 0.001490 -0.998309
vn 0.695357 -0.403372 -0.594785
vn 0.063693 0.324258 -0.943822
vn -0.709242 0.044422 0.703564
vn 0.532669 -0.814271 -0.230710
vn -0.465140 -0.877120 -0.119607
vn -0.594568 -0.706875 -0.383166
vn -0.187163 -0.917437 0.351112
vn 0.508671 -0.755334 0.413189
vn -0.630511 -0.335501 0.699925
vn -0.510974 -0.443741 0.736206
vn 0.558972 -0.390860 0.731286
vn -0.812895 -0.453916 -0.364913
vn -0.764649 -0.641318 -0.063427
vn 0.823481 -0.560275 -0.089275
vn -0.508841 0.750750 -0.421254
vn -0.150900 0.070246 -0.986050
vn 0.423367 -0.205758 -0.882283
vn -0.367619 0.715133 -0.594509
vn 0.291822 -0.439523 0.849506
vn -0.293115 -0.443430 0.847026
vn -0.014548 -0.145479 0.989254
vn 0.193452 0.967258 -0.164280
vn -0.016698 0.097408 0.995104
vn 0.000000 0.000000 1.000000
vn -0.039200 -0.936215 0.349235
vn 0.167835 -0.916793 0.362383
vn -0.600671 -0.330206 0.728119
vn -0.695761 -0.208728 0.687276
vn 0.656849 -0.276832 0.701366
vn -0.419519 -0.182349 0.889243
vn -0.872957 -0.261886 0.411537
vn 0.558907 -0.225583 0.797957
vn -0.047681 -0.021664 -0.998628
vn 0.034500 -0.013086 -0.999319
vn 0.053025 0.034088 -0.998011
vn -0.299985 0.165782 -0.939428
vn 0.769230 -0.348929 -0.535289
vn -0.644111 0.495945 -0.582374
vn -0.184209 -0.675840 -0.713658
vn -0.090333 -0.547210 -0.832107
vn 0.086022 -0.643389 -0.760691
vn -0.551984 0.547955 0.628537
vn 0.724246 0.606197 0.328623
vn 0.018248 -0.114704 0.993232
vn 0.065240 -0.118248 0.990839
vn -0.839710 -0.449845 0.304181
vn -0.944363 -0.283308 0.167080
vn 0.891223 -0.375753 0.254030
vn -0.840483 -0.450259 -0.301423
vn -0.879915 -0.254712 -0.401089
vn 0.869091 -0.335264 -0.363701
vn -0.905148 -0.389341 0.170647
vn -0.957826 -0.287347 0.000000
vn 0.914119 -0.364782 0.176979
vn -0.908147 -0.396058 -0.135674
vn 0.913370 -0.385182 -0.131867
vn -0.638256 -0.391312 -0.662951
vn -0.661027 0.389452 -0.641382
vn 0.596739 -0.180896 0.781780
vn 0.422549 -0.410488 0.808054
vn -0.014518 -0.142761 0.989651
vn 0.028530 0.998536 0.045964
vn -0.155126 -0.672214 0.723923
vn 0.126215 -0.685168 0.717366
vn -0.042684 -0.790544 -0.610916
vn 0.198627 -0.368878 -0.908007
vn 0.254882 -0.356287 -0.898941
vn -0.174883 -0.272170 -0.946224
vn -0.762493 0.457496 0.457494
vn 0.742511 0.419886 -0.521893
vn -0.345706 -0.938343 0.000000
vn 0.396911 -0.917857 0.000000
vn -0.382204 -0.914232 -0.134536
vn 0.294086 -0.955779 0.000000
vn 0.365316 -0.904271 -0.220994
vn -0.034842 -0.679417 0.732924
vn 0.118708 0.078557 -0.989817
vn -0.328660 0.065732 -0.942158
vn -0.434953 -0.207302 -0.876266
vn -0.595827 -0.345479 -0.725007
vn -0.810644 -0.498858 -0.306590
vn -0.541626 0.109690 -0.833432
vn 0.565260 0.552314 -0.612724
vn 0.838398 0.429678 -0.335359
vn 0.940727 0.287610 -0.179757
vn 0.733419 -0.083555 0.674622
vn 0.537070 -0.843280 -0.020841
vn -0.596710 -0.801641 -0.036164
vn -0.398081 -0.407522 0.821862
vn -0.364498 -0.476412 0.800108
vn -0.513843 -0.301923 0.802999
vn 0.457843 0.783525 0.420082
vn 0.373018 0.314303 -0.872967
vn 0.000000 0.961524 0.274721
vn -0.693510 0.621013 -0.365221
vn -0.005785 -0.117622 0.993042
vn -0.519573 -0.517063 0.680214
vn 0.547155 -0.530430 0.647507
vn -0.672079 -0.454107 0.584890
vn 0.647609 -0.485010 0.587680
vn 0.832050 0.000000 -0.554700
vn 0.737849 0.448142 -0.504725
vn -0.514077 -0.755995 -0.405213
vn -0.450918 -0.667112 -0.592988
vn 0.465541 -0.682794 -0.563084
vn 0.386304 -0.484333 0.784979
vn 0.394845 -0.413703 0.820334
vn 0.197546 -0.642024 -0.740797
vn 0.392848 -0.905421 -0.160880
vn -0.338570 -0.892002 -0.299505
vn -0.346321 -0.852099 0.392414
vn 0.273187 -0.887858 0.370240
vn 0.419979 -0.841842 0.338997
vn 0.644733 -0.292164 -0.706371
vn 0.818619 -0.540966 -0.192923
vn 0.511696 0.307167 -0.802381
vn 0.434535 0.750367 0.498125
vn 0.000000 0.936329 0.351123
vn -0.876207 0.476923 0.069320
vn -0.384303 -0.824902 0.414545
vn 0.444840 -0.791747 0.418633
vn 0.264113 -0.869562 0.417260
vn -0.746545 0.450298 -0.489797
vn -0.604326 0.558234 -0.568476
vn -0.518582 -0.785398 0.337968
vn -0.380849 -0.338532 0.860436
vn 0.259524 0.540675 0.800199
vn -0.713871 -0.013728 0.700143
vn -0.144799 -0.989461 0.000000
vn 0.188847 -0.982006 0.000000
vn 0.294086 -0.955779 0.000000
vn -0.213423 -0.965776 -0.147400
vn 0.154726 -0.982861 -0.100220
vn 0.197546 -0.642025 -0.740797
vn -0.362670 -0.357808 0.860490
vn 0.370047 -0.353722 0.859038
vn -0.072610 0.044373 -0.996373
vn -0.701986 0.327197 -0.632581
vn -0.510486 -0.790925 -0.337403
vn 0.487749 -0.767563 -0.415870
vn 0.650809 -0.287474 -0.702714
vn -0.577612 0.518609 -0.630404
vn 0.528901 -0.773298 0.349676
vn -0.948922 0.302205 0.090660
vn 0.024992 -0.999688 0.000000
vn -0.014400 -0.983997 -0.177600
vn -0.492500 -0.738751 0.460099
vn 0.491497 -0.742739 0.454719
vn -0.668355 -0.430408 0.606672
vn 0.641838 -0.438831 0.628864
vn -0.638915 -0.344031 -0.688063
vn 0.739558 -0.298418 -0.603324
vn -0.858483 0.294517 -0.419842
vn -0.577065 -0.218936 0.786806
vn -0.235119 -0.558617 0.795403
vn -0.169327 -0.426939 0.888286
vn 0.081612 -0.469271 0.879275
vn 0.215621 -0.502573 0.837214
vn 0.182760 -0.893032 -0.411210
vn 0.294086 -0.955779 0.000000
vn -0.203897 -0.942252 -0.265684
vn -0.169450 -0.911103 0.375738
vn 0.217546 -0.907650 0.358951
vn -0.778066 -0.538662 -0.323196
vn 0.106177 -0.396124 -0.912037
vn -0.128696 -0.360060 -0.924010
vn -0.594170 -0.264331 -0.759665
vn -0.716841 -0.054306 0.695119
vn -0.164785 -0.894172 0.416297
vn 0.153462 -0.892869 0.423361
vn 0.680414 -0.680414 -0.272166
vn 0.639351 0.402924 -0.654891
vn 0.124035 0.000000 -0.992278
vn 0.047150 0.005239 -0.998874
vn 0.874844 -0.400022 -0.273186
vn 0.643917 -0.296830 0.705168
vn -0.525295 0.044467 -0.849757
vn 0.475402 0.187087 -0.859646
vn 0.511720 -0.676201 -0.529995
vn 0.012204 -0.939723 -0.341718
vn 0.007343 -0.925210 0.379385
vn -0.021215 -0.904845 0.425213
vn 0.708807 -0.616117 -0.343499
vn -0.724710 -0.597526 -0.343158
vn -0.308054 -0.794583 -0.523202
vn -0.374032 -0.694631 -0.614481
vn 0.329124 -0.815655 -0.475799
vn 0.365312 -0.716299 -0.594528
vn 0.290448 -0.391474 -0.873148
vn -0.666642 -0.325659 -0.670473
vn -0.009229 -0.459050 0.888363
vn -0.648381 -0.648381 -0.399004
vn -0.100599 -0.352097 -0.930542
vn -0.048347 -0.362606 -0.930688
vn 0.037669 -0.344674 -0.937966
vn -0.704890 -0.359638 -0.611384
vn -0.672493 -0.313189 0.670571
vn -0.473118 -0.190070 -0.860252
vn 0.093149 -0.186299 -0.978068
vn -0.461997 -0.443195 -0.768204
vn -0.701207 -0.708983 -0.075176
vn 0.690904 -0.710988 -0.130950
vn -0.599917 -0.599917 0.529339
vn 0.731055 -0.682318 0.000000
vn 0.134282 -0.134282 0.981803
vn 0.669459 -0.626268 -0.399516
vn -0.309427 -0.928279 -0.206284
vn -0.371470 -0.863417 -0.341351
vn -0.339006 -0.886520 0.314892
vn 0.289645 -0.917210 0.273554
vn 0.417740 -0.812127 0.407361
vn -0.860882 -0.394993 -0.320721
vn 0.000000 0.510539 -0.859855
vn 0.074416 0.558123 -0.826414
vn -0.120286 -0.902148 0.414320
vn 0.012045 0.018068 -0.999764
vn -0.070469 0.201736 -0.976901
vn -0.442107 -0.666932 0.599786
vn 0.460995 -0.690742 0.557098
vn -0.493469 -0.516600 0.699723
vn 0.556311 -0.540417 0.631243
vn 0.636973 -0.699627 -0.323708
vn -0.005347 -0.384990 -0.922905
vn -0.187073 -0.797983 -0.572911
vn -0.110575 -0.864856 -0.489690
vn 0.248064 -0.863797 -0.438543
vn 0.453822 -0.869472 -0.195101
vn -0.359522 -0.819196 0.446834
vn 0.427895 -0.779092 0.458171
vn 0.275255 -0.848377 0.452206
vn -0.700569 -0.695340 -0.160329
vn 0.675769 -0.706027 -0.211808
vn -0.853237 -0.514130 -0.087512
vn 0.169975 -0.826547 -0.536589
vn -0.000000 0.351123 -0.936329
vn -0.120286 -0.902148 0.414320
vn 0.471820 -0.085613 -0.877528
vn -0.504301 0.521800 -0.688045
vn -0.002405 -0.824951 -0.565199
vn -0.347330 0.663084 -0.663084
vn -0.013805 0.720312 -0.693513
vn -0.093928 -0.024385 -0.995280
vn 0.332577 -0.252081 -0.908762
vn -0.450026 -0.760544 -0.468027
vn -0.214221 -0.948691 0.232582
vn -0.113488 -0.907908 0.403515
vn -0.120286 -0.902148 0.414320
vn -0.232656 -0.930623 0.282511
vn -0.223078 0.277340 -0.934515
vn -0.629068 0.144781 -0.763748
vn 0.063367 0.326975 -0.942906
vn 0.584811 0.793849 0.166733
vn 0.416628 0.281418 -0.864422
vn -0.737418 -0.651002 -0.180034
vn -0.293115 -0.411919 0.862790
vn 0.255783 -0.402703 0.878866
vn -0.704572 -0.481085 -0.521666
vn 0.729185 -0.455002 -0.511138
vn -0.637420 -0.391243 0.663796
vn 0.600309 -0.427558 0.675887
vn 0.634815 -0.575302 -0.515788
vn 0.062424 0.040075 -0.997245
vn -0.742536 -0.629217 -0.229620
vn 0.853374 -0.495374 -0.162349
vn -0.641695 -0.430001 -0.635080
vn -0.537997 -0.238430 -0.808524
vn -0.207317 -0.900123 -0.383143
vn -0.114602 -0.974120 0.194824
vn 0.186049 -0.928006 -0.322785
vn 0.186750 -0.919384 0.346205
vn 0.484007 0.227659 -0.844931
vn 0.570453 0.205491 -0.795209
vn 0.065372 0.091521 -0.993655
vn 0.985307 0.152760 -0.076381
vn 0.763330 0.542137 0.351305
vn -0.570276 0.466226 0.676327
vn 0.723984 -0.596918 -0.345739
vn 0.476338 -0.741989 -0.471758
vn -0.121054 -0.968435 0.217898
vn 0.006306 -0.926928 0.375185
vn -0.351291 0.068643 -0.933747
vn -0.340513 -0.488638 0.803295
vn -0.283213 -0.486472 0.826520
vn -0.319710 -0.493420 0.808902
vn 0.376162 -0.496185 0.782498
vn 0.293016 -0.534324 0.792868
vn 0.314907 -0.502648 0.805096
vn 0.884064 -0.463081 0.063147
vn 0.488410 0.706534 0.512119
vn 0.342490 -0.480119 0.807581
vn -0.162198 -0.876093 0.454042
vn 0.202082 -0.868163 0.453273
vn -0.577119 -0.577813 0.577119
vn 0.588703 -0.616640 0.522671
vn 0.590686 -0.147104 -0.793379
vn -0.081701 -0.694456 -0.714881
vn 0.012989 -0.968982 -0.246792
vn 0.455020 -0.390890 0.800102
vn 0.493530 -0.391175 0.776795
vn 0.539164 -0.646997 0.539164
vn 0.705379 -0.574340 0.415421
vn -0.366508 -0.366508 0.855186
vn 0.477090 0.069395 0.876110
vn -0.556149 -0.814641 0.164495
vn -0.266866 -0.204074 -0.941879
vn 0.000000 0.000000 -1.000000
vn -0.402739 -0.256288 -0.878702
vn -0.722181 -0.428196 -0.543234
vn 0.009974 -0.891151 0.453598
vn -0.288883 -0.674475 0.679434
vn 0.325180 -0.646138 0.690481
vn 0.238998 -0.681354 0.691836
vn 0.447430 -0.145949 -0.882329
vn 0.554080 -0.284527 0.782330
vn 0.772592 -0.350529 -0.529369
vn -0.300272 -0.890745 -0.341190
vn -0.604953 -0.419295 -0.676922
vn 0.604903 -0.420645 -0.676129
vn 0.478817 -0.318118 -0.818252
vn -0.698239 -0.612154 -0.371119
vn -0.506119 -0.411528 -0.757950
vn 0.070860 0.359026 -0.930634
vn -0.101944 0.135926 -0.985460
vn -0.533601 -0.290522 0.794271
vn -0.527545 -0.833352 -0.164989
vn 0.524853 -0.845374 -0.099361
vn -0.483203 -0.731861 0.480515
vn 0.523040 -0.742322 0.418792
vn 0.115148 -0.141721 0.983187
vn -0.546738 -0.509790 0.664222
vn 0.542923 -0.552592 0.632357
vn -0.441598 -0.287953 0.849750
vn 0.438804 -0.303299 0.845849
vn -0.042618 -0.030413 -0.998628
vn 0.036591 -0.023294 -0.999059
vn -0.076834 -0.007318 -0.997017
vn -0.143879 0.312369 -0.939002
vn 0.220259 -0.943443 -0.247792
vn -0.204451 -0.476546 0.855046
vn 0.228690 -0.431971 0.872412
vn 0.158091 -0.497330 0.853036
vn -0.390905 -0.586357 0.709492
vn 0.401103 -0.552304 0.730805
vn -0.573609 -0.396961 0.716515
vn 0.597399 -0.376341 0.708154
vn 0.568208 -0.422210 -0.706314
vn -0.472003 -0.789316 -0.392675
vn 0.588208 -0.397868 -0.704068
vn 0.750449 -0.432774 -0.499532
vn 0.619326 -0.361602 -0.696906
vn -0.280488 -0.881243 -0.380444
vn -0.164551 -0.780693 0.602861
vn 0.166656 -0.785871 0.595510
vn -0.551664 -0.818493 -0.160425
vn 0.528210 -0.842621 -0.104804
vn -0.803762 -0.545410 0.237684
vn 0.807216 -0.538909 0.240789
vn -0.762659 -0.521571 -0.382511
vn 0.775970 -0.517448 -0.360719
vn -0.831882 -0.539120 0.131616
vn 0.831287 -0.548317 0.091160
vn -0.808967 -0.568984 -0.147752
vn 0.803207 -0.552587 -0.222502
vn 0.373795 -0.441758 -0.815553
vn 0.001608 -0.001608 -0.999997
vn -0.474664 -0.307199 -0.824817
vn 0.623450 -0.327238 0.710089
vn 0.950804 -0.151366 -0.270296
vn 0.542606 -0.737322 -0.402412
vn 0.323966 -0.884511 -0.335688
vn -0.002437 -0.725149 0.688587
vn 0.534793 -0.732255 -0.421664
vn 0.000000 -0.857493 -0.514496
vn -0.679466 -0.444353 -0.583846
vn 0.854609 -0.487466 -0.178943
vn -0.910485 -0.188142 -0.368265
vn -0.629464 -0.386808 -0.673910
vn -0.710606 -0.444687 -0.545245
vn 0.144521 0.244123 -0.958915
vn -0.471153 -0.669037 -0.574807
vn -0.367184 0.178492 -0.912861
vn 0.670405 -0.479481 -0.566264
vn -0.833992 -0.514146 -0.200278
vn -0.626960 -0.357360 0.692254
vn 0.568905 -0.426162 0.703373
vn -0.094204 -0.452950 0.886545
vn 0.110595 -0.511622 0.852063
vn -0.027531 -0.035397 -0.998994
vn 0.962136 -0.096271 -0.255003
vn 0.380378 -0.576330 -0.723295
vn -0.906062 -0.200465 -0.372647
vn 0.091899 -0.631808 -0.769658
vn -0.324252 -0.215185 -0.921171
vn -0.591105 -0.308402 -0.745307
vn -0.458520 -0.116172 -0.881058
vn -0.748703 0.469817 -0.467671
vn 0.001880 -0.513250 0.858237
vn -0.367243 -0.926348 -0.083734
vn 0.432771 -0.884357 -0.174990
vn 0.294905 -0.954932 -0.033703
vn -0.426780 -0.680167 0.596013
vn 0.087930 -0.159872 0.983214
vn 0.465088 -0.651715 0.599134
vn 0.367457 -0.321090 -0.872855
vn 0.477765 -0.745313 -0.465025
vn -0.489351 -0.401657 -0.774084
vn 0.344964 0.270085 -0.898918
vn -0.271538 -0.648565 0.711077
vn 0.429701 -0.832634 0.349396
vn 0.234930 -0.783103 0.575811
vn -0.298674 -0.328541 -0.896022
vn -0.269069 -0.201801 -0.941742
vn -0.284988 -0.641223 -0.712470
vn -0.496139 -0.000000 -0.868243
vn -0.461750 -0.236286 -0.854959
vn 0.473384 -0.245745 -0.845882
vn 0.594437 -0.432770 -0.677758
vn -0.365040 -0.365040 0.856441
vn -0.886666 0.444669 -0.126857
vn -0.300019 -0.687974 0.660818
vn 0.336477 -0.631075 0.698948
vn 0.226460 -0.765967 0.601673
vn -0.102592 -0.820734 -0.562024
vn 0.473766 -0.398678 0.785240
vn -0.337710 -0.843540 -0.417604
vn -0.629583 0.000001 -0.776933
vn -0.142085 0.223547 -0.964282
vn -0.391573 0.427731 -0.814688
vn -0.364983 -0.372683 0.853167
vn -0.115313 -0.531941 0.838893
vn -0.321610 -0.536364 0.780308
vn -0.373712 -0.906933 -0.194451
vn 0.473960 -0.853128 -0.218022
vn 0.268746 -0.910752 -0.313538
vn -0.126697 -0.218839 -0.967501
vn 0.109516 0.066927 -0.991729
vn -0.313661 -0.878400 -0.360598
vn -0.470877 -0.793562 -0.385401
vn 0.425333 -0.779391 -0.460045
vn 0.166467 -0.558984 0.812296
vn 0.200658 -0.526522 0.826142
vn 0.451461 -0.032019 -0.891716
vn 0.015251 -0.480398 -0.876918
vn -0.105409 -0.843274 -0.527046
vn -0.709513 -0.672170 -0.211609
vn -0.572272 -0.557875 -0.601066
vn 0.641994 -0.637021 -0.426670
vn -0.584351 -0.567051 0.580506
vn 0.457921 -0.457922 0.761981
vn 0.352623 -0.235082 -0.905756
vn -0.166020 -0.478903 -0.862026
vn -0.402107 -0.299500 -0.865222
vn 0.499224 -0.713177 0.492092
vn 0.049875 -0.997509 -0.049875
vn -0.207189 -0.963538 -0.169315
vn 0.193153 -0.973071 -0.125793
vn 0.174835 -0.836069 -0.520021
vn 0.420639 -0.852571 -0.310137
vn -0.378259 -0.472823 0.795838
vn -0.536862 -0.325592 0.778312
vn 0.731929 0.267351 -0.626741
vn 0.098163 -0.163605 -0.981630
vn -0.383821 -0.600249 -0.701700
vn 0.655915 0.119692 -0.745285
vn -0.080713 -0.928204 -0.363210
vn -0.545274 -0.833778 0.086551
vn 0.444979 -0.407897 0.797254
vn 0.413986 -0.459985 0.785512
vn -0.166282 -0.787393 0.593601
vn 0.179591 -0.722416 0.667729
vn -0.426599 -0.625041 0.653710
vn 0.440631 -0.664905 0.603113
vn 0.957187 -0.204687 -0.204687
vn 0.449666 -0.809400 -0.377720
vn 0.750363 0.055424 -0.658699
vn 0.000000 0.000000 -1.000000
vn -0.560327 0.230379 -0.795587
vn 0.353295 -0.584351 0.730559
vn 0.387997 -0.552851 0.737438
vn -0.013449 -0.550505 0.834724
vn 0.051400 -0.569705 0.820240
vn 0.089650 -0.537900 0.838228
vn -0.148569 -0.731304 0.665674
vn 0.148993 -0.704066 0.694328
vn 0.482070 -0.416441 -0.770834
vn -0.871303 -0.084490 -0.483417
vn -0.165939 -0.343565 -0.924352
vn -0.116888 -0.992972 -0.018517
vn 0.936606 -0.308235 -0.166614
vn -0.225966 -0.933874 -0.277161
vn 0.207449 -0.960413 -0.185936
vn -0.011056 -0.989923 -0.141175
vn 0.051799 -0.898166 0.436595
vn 0.000000 0.000000 -1.000000
vn 0.000000 0.000000 1.000000
vn -0.088993 -0.860269 -0.502014
vn -0.295771 -0.880528 -0.370392
vn -0.550673 -0.817599 -0.168200
vn -0.337550 -0.568869 0.749966
vn 0.024674 -0.696014 0.717604
vn 0.000000 0.745386 -0.666633
vn -0.249956 0.534791 -0.807168
vn -0.232818 0.360334 -0.903302
vn 0.056398 0.704974 -0.706988
vn 0.227101 0.539054 -0.811077
vn 0.129685 0.454583 -0.881213
vn -0.288729 -0.751812 0.592802
vn 0.088604 -0.160330 0.983079
vn 0.235473 -0.761740 0.603576
vn 0.445491 -0.830233 0.335039
vn 0.447820 -0.355745 -0.820306
vn -0.230136 -0.937726 -0.260207
vn 0.763445 -0.575765 -0.292654
vn 0.564154 -0.445313 0.695289
vn -0.020468 -0.996088 -0.085964
vn -0.564677 -0.576806 -0.590283
vn 0.557662 -0.551111 -0.620717
vn -0.248069 -0.620174 -0.744208
vn -0.524591 -0.374897 -0.764366
vn 0.759423 -0.528294 -0.379713
vn 0.320441 -0.888079 -0.329596
vn 0.087472 -0.872292 -0.481097
vn -0.256978 -0.744578 -0.616089
vn 0.441836 -0.694314 0.568075
vn -0.428193 -0.623387 -0.654248
vn 0.337280 -0.584142 0.738256
vn -0.528238 -0.148211 -0.836061
vn -0.369850 -0.409195 0.834129
vn -0.809244 -0.425918 -0.404622
vn 0.410418 0.175994 -0.894753
vn -0.383870 -0.369555 0.846211
vn 0.382619 -0.385280 0.839739
vn -0.036731 -0.037627 -0.998617
vn 0.033862 -0.031372 -0.998934
vn -0.433078 -0.732901 -0.524690
vn -0.660103 -0.405272 -0.632470
vn 0.077463 -0.945055 -0.317601
vn 0.288648 -0.922072 -0.257810
vn 0.200086 -0.969167 0.143812
vn -0.695321 -0.713150 -0.089144
vn -0.743381 -0.517134 -0.424212
vn -0.440471 -0.531361 0.723630
vn -0.638955 -0.428336 0.638955
vn -0.051240 -0.996107 0.071736
vn 0.706910 -0.612656 0.353455
vn 0.857143 -0.514286 0.028571
vn 0.485673 0.103335 -0.868011
vn 0.505902 -0.666104 0.548060
vn 0.371973 -0.894506 -0.247982
vn -0.330563 -0.413027 0.848609
vn 0.526721 -0.667180 0.526721
vn -0.485429 -0.509880 0.710198
vn 0.503026 -0.484890 0.715434
vn -0.158270 -0.773764 0.613384
vn 0.165885 -0.759541 0.628951
vn -0.677541 -0.698317 0.230849
vn 0.700046 -0.692104 0.175862
vn -0.653088 -0.680300 -0.332667
vn 0.650614 -0.674136 -0.349631
vn -0.716200 -0.687079 0.122391
vn 0.696412 -0.707248 0.121695
vn -0.699602 -0.702341 -0.131432
vn 0.712701 -0.686776 -0.142813
vn 0.248230 -0.816215 -0.521704
vn -0.297083 -0.722495 0.624294
vn 0.231800 -0.708924 0.666105
vn 0.366358 -0.699412 0.613681
vn 0.134763 -0.808581 -0.572745
vn 0.416409 -0.730757 -0.540923
vn -0.399028 -0.703550 0.588042
vn 0.168444 -0.985031 -0.036618
vn -0.356627 -0.592418 0.722397
vn 0.285635 -0.201243 -0.936970
vn 0.009277 -0.801283 0.598213
vn -0.144453 -0.966726 -0.211124
vn -0.345112 -0.424395 0.837130
vn -0.059855 -0.912789 -0.404022
vn -0.062506 0.750072 -0.658396
vn 0.032241 0.754445 -0.655571
vn -0.485105 -0.716214 -0.501708
vn 0.459122 -0.653795 -0.601464
vn -0.356426 -0.514837 0.779681
vn 0.451802 -0.675797 0.582386
vn 0.000000 0.151804 -0.988411
vn -0.035326 0.017663 -0.999220
vn 0.060871 0.446384 -0.892769
vn 0.088199 0.037799 -0.995385
vn -0.825149 0.380003 -0.418003
vn 0.794382 0.394374 -0.461981
vn -0.168928 -0.815013 0.554272
vn 0.169314 -0.814924 0.554284
vn -0.852216 0.290214 -0.435321
vn 0.883750 0.200635 -0.422767
vn -0.690823 0.286439 -0.663864
vn -0.554413 0.184804 -0.811464
vn 0.667011 0.231142 -0.708286
vn 0.546463 0.213194 -0.809893
vn 0.005777 -0.746981 0.664821
vn -0.895443 0.127921 -0.426401
vn 0.948683 0.000000 -0.316228
vn -0.856992 -0.088494 -0.507675
vn 0.823317 -0.049597 -0.565411
vn -0.437821 -0.650098 -0.621036
vn 0.442243 -0.672536 -0.593394
vn -0.876217 0.468853 -0.111449
vn 0.863227 0.463585 -0.199821
vn 0.034531 0.036302 -0.998744
vn -0.916420 0.266435 -0.298642
vn 0.905342 0.259921 -0.335853
vn -0.398225 -0.600645 0.693284
vn 0.402417 -0.568066 0.717886
vn -0.302253 -0.443093 0.843986
vn 0.302555 -0.449376 0.840548
vn -0.027257 -0.044159 -0.998653
vn 0.027012 -0.037325 -0.998938
vn -0.037660 0.057556 -0.997632
vn -0.310801 -0.690423 0.653237
vn 0.169688 -0.570859 0.803322
vn 0.353535 -0.679875 0.642482
vn 0.692194 0.397371 -0.602465
vn -0.532193 -0.811878 0.240053
vn 0.544884 -0.813410 0.203632
vn -0.513580 -0.779940 -0.357672
vn 0.537841 -0.783318 -0.311672
vn -0.337545 -0.843504 -0.417810
vn 0.265295 -0.895370 -0.357675
vn 0.408330 -0.756947 -0.510194
vn -0.729663 0.337807 -0.594540
vn -0.568037 -0.810640 0.142114
vn 0.540725 -0.829140 0.141925
vn -0.539283 -0.831775 -0.131622
vn 0.577061 -0.799564 -0.166425
vn -0.887411 0.206881 -0.411948
vn -0.652459 0.137909 -0.745170
vn 0.758408 0.174330 -0.628034
vn -0.169197 -0.804068 0.569953
vn 0.154899 -0.814212 0.559522
vn -0.315782 -0.701406 -0.638993
vn 0.214248 -0.696986 -0.684330
vn 0.361633 -0.697435 -0.618713
vn -0.174365 -0.776717 -0.605234
vn 0.150523 -0.749127 -0.645098
vn 0.001286 -0.657912 0.753094
vn -0.009172 -0.890691 -0.454517
vn -0.214727 -0.544166 0.811034
vn 0.185045 -0.593541 0.783242
vn 0.208960 -0.402654 0.891182
vn -0.017602 -0.046082 -0.998783
vn -0.021370 -0.042129 -0.998884
vn 0.027930 -0.053933 -0.998154
vn -0.025432 -0.054043 -0.998215
vn 0.015360 0.032640 -0.999349
vn 0.903495 0.013630 -0.428381
vn -0.290288 -0.644756 0.707123
vn 0.205909 -0.678821 0.704843
vn 0.325735 -0.613492 0.719392
vn -0.904417 -0.073593 -0.420254
vn -0.011780 -0.804585 -0.593720
vn 0.038519 -0.737645 -0.674089
vn 0.329293 0.548821 -0.768350
vn -0.246159 0.327709 -0.912147
vn -0.549442 0.137361 -0.824164
vn 0.310401 0.279361 -0.908630
vn 0.306556 0.296696 -0.904431
vn -0.376627 -0.889067 0.260215
vn 0.304759 -0.948139 0.090299
vn 0.446556 -0.833572 0.325185
vn -0.337096 -0.874341 -0.349134
vn 0.268125 -0.880982 -0.389845
vn 0.439225 -0.829648 -0.344623
vn -0.373722 -0.921920 0.101957
vn 0.312037 -0.936112 0.162259
vn 0.441512 -0.867396 0.229547
vn -0.408426 0.343938 -0.845514
vn -0.026876 0.371529 -0.928032
vn -0.703526 0.100504 -0.703527
vn -0.377630 -0.903291 -0.203618
vn 0.293584 -0.943089 -0.156176
vn 0.459940 -0.883807 -0.085675
vn -0.920606 -0.054920 -0.386611
vn -0.777076 -0.284928 -0.561222
vn -0.159350 -0.803590 -0.573455
vn 0.163253 -0.819665 -0.549088
vn 0.843648 -0.005681 -0.536867
vn 0.939386 -0.116511 -0.322458
vn -0.830259 0.000000 -0.557377
vn 0.009590 -0.760799 -0.648917
vn -0.053909 -0.542089 -0.838590
vn 0.068005 -0.737085 -0.672370
vn -0.075292 -0.468677 0.880155
vn 0.098226 -0.460290 0.882318
vn -0.007168 -0.042209 -0.999083
vn -0.005361 -0.047847 -0.998840
vn -0.135730 -0.685635 0.715180
vn 0.135024 -0.682191 0.718598
vn -0.043669 0.375549 -0.925773
vn -0.663792 -0.041487 -0.746766
vn 0.011857 0.003952 -0.999922
vn 0.383867 0.100139 -0.917943
vn -0.175763 -0.918246 -0.354868
vn 0.191780 -0.919221 -0.343881
vn 0.013903 -0.570480 0.821194
vn 0.001178 -0.043007 -0.999074
vn -0.010581 -0.007936 -0.999913
vn -0.238620 -0.178965 -0.954480
vn -0.778445 -0.326187 -0.536307
vn 0.006517 -0.707092 0.707092
vn -0.194906 -0.951143 0.239456
vn 0.192615 -0.960782 0.199494
vn -0.197759 -0.953532 0.227304
vn 0.218348 -0.955658 0.197590
vn -0.200887 -0.971547 -0.125465
vn 0.155483 -0.972561 -0.173060
vn -0.039178 0.019589 -0.999040
vn -0.102272 -0.560775 -0.821627
vn 0.253503 -0.188317 -0.948827
vn 0.063864 -0.567679 -0.820769
vn 0.775656 -0.333076 -0.536115
vn 0.005970 -0.923296 -0.384043
vn 0.000000 0.000000 -1.000000
vn 0.000000 -0.554700 -0.832050
vn -0.003459 -0.975443 0.220224
vn 0.000000 -0.995893 0.090536
vn -0.007420 -0.972573 -0.232478
vn 0.151620 -0.530669 0.833908
vn 0.854723 -0.063090 -0.515237
vn -0.896558 -0.179706 -0.404833
vn -0.933060 -0.321745 -0.160872
vn 0.935469 -0.281252 -0.213996
vn -0.943805 -0.242855 -0.224174
vn -0.825362 -0.354761 -0.439228
vn -0.051540 -0.558058 0.828200
vn -0.330588 -0.533430 0.778566
vn -0.051265 -0.590684 0.805273
vn -0.744944 0.033715 -0.666275
vn -0.896221 -0.313677 -0.313677
vn -0.928060 -0.352771 -0.119400
vn -0.874963 -0.370747 -0.311427
vn 0.214379 -0.556756 0.802536
vn 0.751072 0.041470 -0.658916
vn 0.924539 -0.331275 -0.188372
vn -0.377153 -0.556152 0.740575
vn -0.303301 -0.581943 0.754553
vn 0.044002 -0.581205 0.812567
vn 0.917930 -0.396712 0.004883
vn 0.381765 -0.565519 0.731056
vn -0.769510 -0.368027 -0.521929
vn 0.808719 -0.391316 -0.439143
vn 0.623630 -0.517027 -0.586319
vn -0.103369 -0.698724 -0.707884
vn 0.097337 -0.697142 -0.710295
vn -0.000000 -0.615699 -0.787982
vn 0.816674 -0.247609 -0.521281
vn -0.765656 -0.067843 -0.639662
vn -0.734330 -0.407275 -0.543034
vn 0.813733 -0.464991 -0.348743
vn -0.088828 -0.697938 -0.710628
vn 0.125410 -0.705432 -0.697594
vn -0.689246 -0.034462 -0.723708
vn -0.733531 -0.557484 -0.388772
vn 0.785631 -0.609826 -0.104385
vn 0.304626 -0.628096 0.716029
vn -0.333333 -0.666667 0.666667
vn -0.000000 -0.764688 -0.644400
vn -0.883827 -0.460074 0.084751
vn -0.769015 -0.622125 -0.146891
vn -0.078140 -0.781405 -0.619113
vn -0.011250 -0.894371 -0.447185
vn 0.122392 -0.843147 -0.523567
vn -0.110570 -0.964977 -0.237894
vn 0.135925 -0.987720 -0.077024
vn -0.101413 -0.665475 0.739499
vn 0.097601 -0.658809 0.745953
vn -0.004892 -0.963786 -0.266631
vn 0.020988 -0.674403 0.738065
vn -0.955219 0.079602 0.284993
vn -0.981772 -0.000000 0.190061
vn 0.982006 0.000000 0.188848
vn 0.959214 0.000000 0.282682
vn -0.992869 0.026917 0.116130
vn 0.991446 -0.029100 0.127230
vn 0.990608 -0.059415 -0.123151
vn -0.992627 0.029398 -0.117593
vn -0.947230 0.012464 -0.320313
vn 0.949151 -0.026004 -0.313746
vn 0.776660 -0.040784 -0.628598
vn -0.791515 0.021368 -0.610776
vn 0.422172 -0.000000 -0.906516
vn -0.369973 -0.000000 -0.929043
vn -0.824628 -0.009506 -0.565595
vn 0.774512 0.014211 -0.632400
vn 0.907772 0.016210 -0.419150
vn -0.996902 -0.039876 0.067789
vn -0.797890 0.016623 -0.602573
vn 0.928909 -0.016016 0.369962
vn -0.897049 0.005524 0.441896
vn -0.982872 0.000000 0.184289
vn 0.969718 0.000000 0.244225
vn -0.526420 -0.531938 -0.663267
vn -0.227921 -0.341882 -0.911685
vn -0.665600 -0.207045 -0.717014
vn 0.613328 0.003900 0.789819
vn 0.643103 0.001002 0.765779
vn 0.620589 0.157198 0.768218
vn 0.644739 0.184658 0.741763
vn -0.999703 -0.024383 0.000000
vn 0.998612 0.052665 0.000000
vn 0.491167 0.001317 0.871064
vn 0.274710 0.008862 0.961486
vn 0.987228 -0.033710 -0.155709
vn -0.982077 0.015273 -0.187862
vn 0.948664 -0.006453 -0.316221
vn 0.958458 -0.026624 -0.283988
vn -0.935280 -0.016070 -0.353542
vn -0.821065 0.000000 0.570835
vn 0.938633 0.013444 0.344654
vn -0.925370 -0.029931 0.377880
vn 0.928344 0.016879 -0.371338
vn -0.892362 -0.026246 -0.450556
vn -0.986085 -0.009668 0.165959
vn 0.924841 0.041003 0.378137
vn 0.933987 -0.011773 -0.357113
vn 0.993889 0.056794 0.094656
vn -0.677561 0.034747 0.734645
vn -0.937226 -0.027565 -0.347631
vn 0.000000 0.000000 1.000000
vn 0.844295 -0.021649 0.535442
vn 0.000000 0.000000 1.000000
vn -0.841191 -0.076472 0.535304
vn -0.881954 0.041063 0.469543
vn 0.863236 -0.002481 0.504795
vn 0.745089 -0.001447 0.666963
vn -0.749513 -0.027439 0.661420
vn -0.840675 0.084067 0.534975
vn -0.558149 0.003746 0.829732
vn 0.596343 -0.016720 0.802555
vn -0.410534 0.015995 0.911705
vn 0.400627 -0.016025 0.916101
vn -0.232534 0.046507 0.971476
vn 0.174370 0.000000 0.984680
vn 0.316228 0.000000 0.948683
vn -0.009297 -0.032539 0.999427
vn 0.018142 0.063497 0.997817
vn -0.936283 0.037632 0.349225
vn 0.941339 0.000000 0.337461
vn -0.904845 0.021215 0.425213
vn 0.905325 0.000000 0.424720
vn -0.896726 -0.010036 0.442472
vn 0.892635 -0.000000 0.450781
vn -0.725149 0.002437 0.688587
vn -0.491678 0.013037 0.870680
vn 0.701372 -0.000000 0.712795
vn 0.547597 0.000000 0.836742
vn -0.674934 -0.016462 0.737695
vn 0.752577 0.000000 0.658505
vn -0.989316 0.013954 -0.145118
vn 0.995037 0.000000 -0.099504
vn -0.994759 0.012982 -0.101423
vn 0.991883 -0.001205 -0.127149
vn -0.883344 -0.033264 0.467544
vn -0.196078 0.019608 0.980392
vn 0.713163 0.006095 0.700972
vn -0.196088 -0.017051 0.980438
vn -0.875894 0.003085 0.482494
vn 0.178884 0.004066 0.983862
vn 0.904641 -0.002433 0.426167
vn -0.731811 0.000000 0.681507
vn 0.746910 0.005778 0.664900
vn -0.721006 0.004531 0.692914
vn 0.706944 0.006502 0.707240
vn -0.977096 0.000000 0.212800
vn 0.959416 -0.009019 0.281850
vn -0.937400 -0.041651 -0.345754
vn 0.927513 -0.014920 -0.373492
vn -0.760310 0.011267 -0.649462
vn 0.811434 0.028224 -0.583762
vn -0.898357 0.007843 -0.439197
vn 0.817693 -0.016657 -0.575414
vn -0.831781 -0.025463 0.554520
vn 0.765266 0.010136 0.643634
vn -0.499013 -0.000431 0.866594
vn 0.560710 0.007009 0.827982
vn -0.988571 0.040805 0.145131
vn 0.997684 0.000000 0.068024
vn -0.991286 -0.020758 -0.130080
vn 0.976364 -0.007448 -0.216004
vn -0.052373 -0.001969 -0.998626
vn 0.000000 0.000000 -1.000000
vn -0.006164 -0.005616 -0.999965
vn -0.006736 -0.002577 -0.999974
vn 0.000000 0.000000 -1.000000
vn 0.036673 0.001577 -0.999326
vn -0.199615 -0.687049 -0.698654
vn -0.680567 -0.711237 -0.175984
vn 0.037654 -0.526430 -0.849384
vn 0.231179 0.042033 -0.972003
vn 0.346695 -0.905260 0.245576
vn 0.702147 -0.610563 -0.366338
vn 0.657707 -0.336874 0.673749
vn 0.266664 -0.307775 -0.913326
vn 0.020544 -0.000000 -0.999789
vn -0.476691 -0.731431 -0.487621
vn 0.344385 -0.015743 -0.938696
vn 0.999081 -0.014650 -0.040286
vn 0.693377 0.006502 0.720546
vn 0.394469 -0.082838 -0.915168
vn -0.195965 0.039193 0.979827
vn 0.083045 0.000000 0.996546
vn 0.266483 0.058717 0.962049
vn -0.558048 -0.703806 -0.439590
vn -0.005553 -0.672994 -0.739627
vn 0.924066 0.105007 -0.367526
vn 0.930039 0.197281 0.310013
vn 0.644739 0.184658 0.741763
vn 0.794401 -0.584372 -0.165638
vn 0.149800 -0.628195 -0.763499
vn 0.365397 0.009616 -0.930802
vn -0.080032 0.007276 -0.996766
vn -0.320567 -0.258920 -0.911151
vn 0.234385 -0.057568 -0.970438
vn -0.333783 -0.019634 -0.942446
vn -0.184592 -0.438673 -0.879484
vn -0.390794 0.096360 0.915421
vn 0.407109 0.092084 0.908726
vn -0.216121 0.032746 0.975817
vn -0.290957 0.145479 0.945611
vn 0.191129 0.076452 0.978583
vn 0.580179 -0.723359 -0.374357
vn 0.504051 -0.717146 -0.481285
vn 0.065974 -0.620564 -0.781375
vn -0.540102 0.140896 0.829722
vn 0.621253 0.128535 0.772996
vn -0.055385 0.055385 0.996928
vn -0.239386 0.205188 0.948995
vn 0.220797 0.110398 0.969052
vn 0.977316 0.197697 0.075952
vn 0.973572 0.162651 -0.160317
vn -0.039841 0.079682 0.996024
vn -0.158832 0.207704 0.965211
vn 0.968119 0.193824 0.158675
vn 0.932679 0.211723 0.292033
vn 0.917238 0.211670 -0.337446
vn 0.740509 0.117291 0.661732
vn -0.705811 0.156433 0.690912
vn -0.396760 0.099190 0.912548
vn -0.365148 0.182574 0.912871
vn -0.436436 0.218218 0.872872
vn 0.339358 0.162892 0.926446
vn 0.187655 0.163441 0.968541
vn -0.808505 0.209613 0.549893
vn -0.865946 0.192233 0.461718
vn 0.854289 0.163993 0.493250
vn 0.898430 0.245026 0.364398
vn -0.126994 0.198774 0.971783
vn 0.117112 0.218255 0.968839
vn 0.924516 0.162603 0.344719
vn -0.906738 0.402995 0.124179
vn -0.989629 0.115457 0.085468
vn -0.926769 0.368715 -0.071750
vn -0.976326 0.145503 -0.160053
vn -0.889623 0.349695 -0.293743
vn -0.933443 0.082293 -0.349159
vn 0.908007 0.198626 -0.368878
vn -0.885818 0.138409 -0.442909
vn 0.923872 0.117110 0.364344
vn 0.983924 0.170509 -0.053110
vn -0.962893 0.200603 0.180542
vn 0.988119 -0.145312 -0.050052
vn 0.000000 0.000000 1.000000
vn -0.984772 -0.173783 -0.004827
vn 0.000000 0.000000 1.000000
vn -0.090670 0.181339 0.979232
vn 0.102828 0.241250 0.965000
vn 0.604366 0.110900 -0.788951
vn -0.771416 0.279996 -0.571419
vn -0.439337 0.041396 -0.897368
vn 0.939288 -0.163354 0.301752
vn 0.964555 -0.241139 -0.107173
vn -0.869718 -0.124245 0.477655
vn -0.581042 0.139450 0.801838
vn -0.878762 0.219691 0.423689
vn 0.719362 0.113583 0.685287
vn -0.050263 0.251316 0.966599
vn 0.000000 0.237089 0.971488
vn 0.048970 0.195881 0.979404
vn -0.907199 0.381979 0.176298
vn -0.922428 0.251571 0.292982
vn -0.977172 0.122147 0.173824
vn 0.968664 0.248375 0.000000
vn -0.988372 0.152057 0.000000
vn 0.957880 0.206940 -0.199101
vn -0.950302 0.172216 -0.259362
vn -0.955779 0.294086 0.000000
vn -0.516067 0.162466 0.840999
vn -0.528383 0.264191 0.806855
vn 0.499277 0.234228 0.834182
vn -0.341619 0.209630 0.916161
vn -0.374270 0.311891 0.873296
vn 0.354420 0.212652 0.910586
vn 0.884241 0.180488 0.430745
vn 0.912323 0.185723 -0.364929
vn -0.955037 0.187109 -0.229988
vn -0.644686 0.191018 -0.740197
vn 0.912799 0.193772 0.359514
vn -0.885937 0.191005 0.422649
vn -0.955779 0.294086 0.000000
vn -0.918712 0.197686 0.341891
vn 0.386897 0.080048 -0.918642
vn -0.338714 0.070079 -0.938276
vn -0.801784 0.267262 -0.534522
vn -0.818947 0.127707 -0.559479
vn 0.803467 0.166572 -0.571572
vn -0.596769 -0.432246 -0.676039
vn 0.392663 -0.112190 -0.912814
vn 0.957022 0.113982 -0.266676
vn -0.881721 0.193705 0.430170
vn 0.917998 0.183117 -0.351779
vn -0.977972 0.162995 0.130396
vn -0.721886 0.225590 -0.654209
vn -0.772694 0.149554 -0.616909
vn 0.888345 0.182894 0.421180
vn -0.872865 0.194854 0.447368
vn -0.919709 0.306570 0.245256
vn -0.120531 0.014180 0.992608
vn -0.146875 0.076934 0.986159
vn -0.881277 0.154689 0.446567
vn 0.867938 0.189861 0.458951
vn 0.914137 0.393890 0.095938
vn 0.901381 0.406606 -0.148946
vn 0.678623 0.296550 0.671959
vn -0.712819 0.243738 0.657633
vn -0.688092 0.359124 0.630523
vn -0.277239 0.305529 0.910928
vn 0.293513 0.287868 0.911582
vn -0.535952 -0.001646 0.844247
vn -0.454247 0.168240 0.874846
vn 0.160322 0.043924 0.986087
vn -0.789502 0.154468 0.593992
vn 0.812125 0.169453 0.558336
vn -0.894757 0.425866 -0.134345
vn -0.757336 -0.180637 -0.627545
vn -0.436436 0.218218 0.872872
vn -0.464069 0.358411 0.810050
vn 0.893948 0.415047 0.169093
vn 0.902500 0.310234 0.298744
vn -0.445184 0.082442 0.891636
vn 0.432943 0.082353 0.897651
vn -0.891093 0.431196 0.141507
vn 0.873998 0.364166 -0.321732
vn -0.298132 0.093532 0.949931
vn 0.611943 0.268346 0.743987
vn -0.789144 0.236743 0.566749
vn -0.874446 0.262334 0.408075
vn -0.777782 0.416245 0.470951
vn 0.802343 0.337828 0.492055
vn 0.495416 0.328482 0.804153
vn -0.223736 0.338332 0.914042
vn 0.218104 0.341138 0.914361
vn -0.970340 0.176326 -0.165374
vn -0.955592 0.286678 0.068257
vn 0.961193 0.220829 -0.165355
vn -0.992533 0.099253 0.070895
vn -0.446106 0.117501 0.887233
vn 0.851235 0.182309 0.492099
vn -0.865157 0.381506 -0.325511
vn -0.765063 0.033264 -0.643096
vn -0.688825 -0.028701 -0.724360
vn -0.148834 -0.978866 -0.140247
vn 0.549178 0.000000 -0.835705
vn 0.523908 0.075660 0.848408
vn 0.808836 0.404418 -0.426886
vn -0.874157 0.291386 -0.388514
vn -0.838116 0.419058 -0.349215
vn -0.719266 0.141297 0.680214
vn 0.661636 0.127625 0.738884
vn -0.937463 0.198133 -0.286192
vn 0.973098 0.195980 -0.121127
vn 0.368824 0.117353 -0.922061
vn 0.335212 0.701850 0.628522
vn -0.103857 0.994513 -0.012589
vn 0.851491 0.358523 0.382654
vn 0.919321 0.390561 0.048069
vn -0.907505 0.308210 0.285379
vn -0.893807 0.446903 0.037242
vn 0.932098 -0.169473 -0.320114
vn 0.865514 -0.370935 0.336589
vn -0.897724 -0.418938 0.136321
vn -0.154993 0.342276 0.926728
vn 0.179486 0.370190 0.911452
vn 0.868577 0.341313 0.359277
vn -0.898168 0.399186 0.184240
vn -0.859758 0.415056 0.297566
vn -0.460548 -0.059045 -0.885669
vn -0.688567 0.162398 -0.706755
vn 0.732557 0.135174 -0.667150
vn 0.642747 0.272906 0.715820
vn 0.949793 0.251416 0.186234
vn 0.348743 0.813733 0.464991
vn 0.632931 0.237136 0.736998
vn 0.630870 -0.251941 -0.733845
vn 0.659156 -0.291056 -0.693398
vn -0.397260 -0.863719 0.310119
vn -0.322090 -0.944798 0.060123
vn -0.828096 0.196222 0.525122
vn 0.183075 0.031466 0.982595
vn 0.912112 0.186568 0.365025
vn 0.656941 0.253781 -0.709946
vn -0.651291 0.296542 -0.698486
vn 0.279752 0.839254 -0.466252
vn -0.042455 0.997688 0.053069
vn 0.000000 0.000000 1.000000
vn 0.793740 -0.222247 0.566201
vn 0.577351 -0.577350 0.577351
vn -0.570112 0.100202 0.815433
vn -0.518805 0.107846 0.848063
vn -0.581238 0.000000 0.813733
vn 0.875231 -0.423499 -0.233709
vn -0.916313 -0.333205 -0.222136
vn 0.000000 0.000000 1.000000
vn -0.721869 0.292650 0.627106
vn 0.688843 0.260643 0.676432
vn -0.072488 0.416806 0.906100
vn 0.000000 0.410365 0.911922
vn 0.096760 0.381665 0.919222
vn -0.867392 0.366827 0.336258
vn -0.795564 0.152005 0.586492
vn 0.819070 0.172376 0.547185
vn 0.844349 0.521276 0.123878
vn 0.599643 0.410665 0.686864
vn -0.599779 0.428626 0.675681
vn -0.348155 0.348155 0.870388
vn -0.433286 0.463693 0.772821
vn 0.427965 0.404189 0.808379
vn 0.752577 0.658505 0.000000
vn 0.820579 0.557221 -0.127103
vn 0.917857 0.396911 0.000000
vn -0.955779 0.294086 0.000000
vn -0.928477 0.371391 0.000000
vn 0.917034 0.351429 -0.188535
vn -0.657906 0.202433 -0.725383
vn -0.914083 0.391750 -0.104810
vn -0.903290 0.364790 0.225822
vn -0.849517 0.336524 -0.406291
vn 0.839933 0.359971 -0.406121
vn 0.853809 0.370454 0.365750
vn -0.848017 0.260928 0.461284
vn -0.895019 0.338301 0.290676
vn 0.830316 0.369635 0.417066
vn -0.834804 0.539245 0.110985
vn -0.822224 0.548715 -0.151194
vn -0.586795 -0.024281 0.809372
vn -0.549259 0.187667 0.814307
vn -0.665557 -0.039053 0.745324
vn -0.671657 -0.073718 0.737185
vn 0.849525 0.495556 0.180917
vn 0.830241 0.469267 0.300812
vn -0.836874 0.355424 0.416313
vn -0.843503 0.185188 -0.504190
vn 0.841370 0.162692 -0.515391
vn -0.720635 0.129626 0.681088
vn 0.746234 0.156306 0.647073
vn 0.549985 0.828905 0.102140
vn 0.690650 0.706588 0.154068
vn 0.744401 0.578978 -0.332643
vn 0.790043 0.526695 -0.313727
vn 0.383858 0.155654 -0.910179
vn -0.339887 0.146254 -0.929024
vn -0.329280 0.117600 -0.936880
vn 0.265257 -0.084533 -0.960465
vn 0.890426 0.340456 0.302046
vn -0.337098 -0.434778 -0.835064
vn -0.730026 0.473833 0.492488
vn 0.695751 0.483553 0.531137
vn 0.770391 0.527109 0.358684
vn -0.316228 0.446439 0.837074
vn -0.414943 0.553257 0.722308
vn 0.332509 0.477311 0.813395
vn -0.320199 0.947256 -0.013342
vn 0.209512 0.973217 0.094618
vn 0.653385 0.746725 0.124454
vn 0.801095 0.598519 0.004604
vn -0.742483 0.341992 -0.575987
vn -0.744208 0.248070 -0.620174
vn 0.698012 0.318777 -0.641218
vn -0.175339 0.112996 0.978002
vn -0.756097 0.177689 -0.629876
vn 0.744625 0.142892 -0.652009
vn -0.833802 0.511620 0.207413
vn -0.827671 0.482808 0.286108
vn -0.315729 0.947188 0.056130
vn 0.304506 0.634387 -0.710513
vn 0.845154 -0.507093 -0.169031
vn -0.785482 0.526546 -0.325219
vn -0.789015 0.263005 0.555233
vn -0.849497 0.361991 0.383820
vn 0.758302 0.533620 -0.374470
vn -0.801300 0.486504 -0.348184
vn 0.833222 -0.535643 0.137217
vn -0.807356 -0.576683 0.124948
vn 0.408438 0.897412 0.166827
vn -0.447214 0.894427 -0.000000
vn 0.444133 0.866601 0.227483
vn 0.692257 0.698914 0.179721
vn 0.701359 0.643259 0.307104
vn -0.681067 0.147574 0.717196
vn 0.681294 0.136116 0.719243
vn -0.962635 0.189371 0.193579
vn 0.956570 0.200833 0.211281
vn -0.920639 0.155374 -0.358166
vn 0.901959 0.195991 -0.384782
vn -0.536619 0.114344 0.836041
vn 0.464233 0.100438 0.880000
vn -0.967873 0.221506 0.118980
vn 0.962582 0.220462 0.157584
vn -0.976460 0.181470 -0.116592
vn 0.971061 0.168880 -0.168880
vn -0.045561 0.007610 -0.998933
vn 0.749277 0.232534 -0.620091
vn 0.024751 0.004869 -0.999682
vn 0.734224 0.678524 0.022786
vn -0.721927 0.658040 0.214023
vn 0.850468 0.349770 -0.392892
vn -0.937550 0.292985 0.187510
vn -0.849855 0.394481 -0.349473
vn 0.834247 0.336189 0.437046
vn -0.362559 -0.925557 0.109062
vn -0.168579 -0.950956 -0.259352
vn 0.834013 0.548745 0.057450
vn -0.829581 0.529732 0.176577
vn -0.478454 0.544350 0.689032
vn 0.540517 0.510736 0.668573
vn 0.000000 0.995893 0.090536
vn 0.000000 0.990830 0.135113
vn -0.820909 0.348646 0.452277
vn 0.819312 0.353508 0.451397
vn 0.356496 0.933680 0.033952
vn -0.364366 0.908350 0.205277
vn 0.310251 0.950451 0.019698
vn -0.692796 0.710117 0.125569
vn -0.576196 0.808395 0.120399
vn -0.765798 0.642768 0.020087
vn -0.711619 -0.633514 -0.303740
vn -0.592390 0.000000 0.805651
vn -0.360076 -0.931961 0.042362
vn -0.229277 0.500790 0.834650
vn 0.244038 0.525212 0.815229
vn 0.813251 0.455332 0.362347
vn -0.179424 0.672842 -0.717698
vn 0.584206 0.701047 -0.408944
vn 0.697865 0.716229 0.000000
vn 0.706417 0.706417 0.044151
vn 0.677442 0.716875 -0.164811
vn 0.730193 0.638919 -0.242075
vn 0.374847 -0.249898 -0.892771
vn 0.521125 -0.097159 -0.847932
vn 0.437466 0.000000 -0.899235
vn -0.559363 0.096697 0.823264
vn -0.592390 0.000000 0.805651
vn -0.438492 0.233801 0.867791
vn 0.093346 0.050732 0.994340
vn 0.000000 0.000000 1.000000
vn 0.000000 0.000000 1.000000
vn 0.000000 0.000000 1.000000
vn 0.553540 -0.381752 0.740175
vn -0.829503 -0.543468 -0.128716
vn 0.374480 0.818630 0.435442
vn -0.695375 0.695375 0.181402
vn -0.685253 0.685253 0.246691
vn 0.447121 0.894242 0.020324
vn 0.545726 0.835295 -0.066823
vn -0.508828 0.840475 0.186267
vn -0.606320 0.756305 0.245719
vn -0.475665 0.739923 -0.475665
vn -0.506208 0.506208 -0.698217
vn 0.656186 0.416231 -0.629422
vn -0.651355 0.444188 -0.615169
vn 0.574158 0.146203 0.805585
vn 0.630510 0.084840 0.771530
vn -0.095037 0.620240 0.778634
vn 0.017146 0.594411 0.803979
vn 0.095409 0.596308 0.797065
vn 0.723530 0.663236 0.191368
vn 0.678280 0.678280 0.282617
vn 0.624506 0.738053 0.255480
vn -0.113434 0.986007 0.122160
vn 0.700295 0.647109 0.301393
vn -0.799870 0.493224 0.341961
vn -0.677744 0.288135 0.676492
vn 0.664423 0.288334 0.689496
vn -0.524856 0.848472 0.067987
vn 0.628600 0.767306 0.126901
vn -0.831696 0.554464 -0.029182
vn -0.622517 0.782593 -0.004447
vn -0.732332 0.657936 -0.175527
vn -0.619823 0.783894 0.036460
vn -0.553056 0.410332 0.725090
vn 0.616553 0.380812 0.689089
vn 0.208238 0.949765 0.233632
vn 0.303774 0.477359 0.824530
vn 0.725643 0.581082 0.368491
vn 0.695401 0.579501 0.424966
vn -0.616065 0.602485 0.507421
vn 0.604312 0.619233 0.501355
vn -0.421913 0.580598 0.696344
vn -0.670297 0.698226 0.251361
vn -0.458671 0.200811 0.865619
vn 0.492279 0.194455 0.848439
vn 0.432571 0.243321 0.868146
vn -0.999239 0.024372 -0.030465
vn 0.777732 0.627204 0.041814
vn 0.485586 0.690043 -0.536700
vn 0.609640 0.792532 -0.015241
vn 0.587827 0.793975 -0.155121
vn 0.643677 0.680458 -0.350224
vn 0.816968 0.576683 0.000000
vn -0.857493 0.514496 0.000000
vn 0.445340 0.247030 0.860609
vn 0.838081 0.521909 -0.158842
vn -0.811513 0.558902 -0.170513
vn 0.422529 0.610954 0.669480
vn 0.118562 0.988019 0.098802
vn -0.697549 0.590656 0.405648
vn 0.602557 0.733548 -0.314378
vn -0.529813 0.529813 -0.662266
vn -0.683445 0.644632 -0.342566
vn -0.567979 0.795171 -0.212375
vn 0.624665 0.651824 -0.430023
vn -0.670734 0.624794 -0.399685
vn -0.420131 0.584530 0.694129
vn -0.611761 0.702216 0.364200
vn 0.702481 0.624427 0.341484
vn 0.552199 0.736265 0.391141
vn 0.772629 0.478163 0.417619
vn 0.724947 0.543710 0.422886
vn -0.695375 0.695375 0.181402
vn -0.605161 0.756451 0.248116
vn -0.523865 0.822631 0.221005
vn 0.962882 0.261285 0.067741
vn -0.546612 0.835996 -0.048231
vn -0.635092 0.732798 -0.244266
vn -0.497909 0.863868 -0.076284
vn 0.311977 -0.163416 0.935930
vn 0.068677 -0.536206 -0.841289
vn 0.504809 -0.259199 -0.823398
vn -0.000001 -0.973841 0.227230
vn -0.035876 -0.908857 -0.415563
vn -0.798912 0.492877 -0.344692
vn 0.756587 0.529930 -0.383082
vn 0.758919 0.549730 0.349054
vn -0.792346 0.500811 0.348390
vn 0.729893 -0.673748 0.115410
vn -0.659018 -0.744976 0.103469
vn 0.666750 0.722313 0.183598
vn 0.646201 0.726976 0.232228
vn -0.912093 0.370608 -0.175317
vn 0.943619 0.309957 -0.116234
vn 0.889645 0.455065 -0.038044
vn -0.919645 0.387219 0.065689
vn -0.763365 0.330234 0.555175
vn 0.773498 0.232049 0.589792
vn 0.716501 0.377106 0.586871
vn -0.986554 0.141902 0.081087
vn -0.517357 0.560470 -0.646696
vn -0.447092 0.894185 0.023286
vn 0.579221 0.814789 -0.024943
vn 0.627417 -0.419636 -0.655937
vn -0.008700 -0.549851 -0.835217
vn -0.117270 -0.806676 -0.579243
vn 0.633927 0.661489 0.400710
vn 0.755934 0.648348 -0.090599
vn -0.726753 0.673927 0.132864
vn 0.242885 0.242885 0.939156
vn 0.396427 0.438155 0.806762
vn -0.747603 0.508516 0.427202
vn -0.717117 0.314119 0.622151
vn 0.722319 0.290674 0.627507
vn 0.843519 0.468622 0.262428
vn -0.899355 0.372147 -0.229491
vn 0.897241 0.340636 -0.280937
vn 0.581265 0.796080 0.168483
vn -0.557344 0.809891 0.182879
vn 0.360038 0.213604 -0.908155
vn 0.059536 0.044652 -0.997227
vn -0.287632 0.141040 -0.947299
vn -0.217796 0.681797 0.698368
vn -0.410051 0.630631 0.658910
vn 0.263495 0.704724 0.658737
vn -0.204765 0.266194 0.941919
vn 0.709587 0.591323 0.383177
vn 0.645396 0.645395 0.408570
vn -0.799186 0.553500 0.234390
vn -0.691195 0.691195 0.210949
vn 0.428153 0.899286 0.089267
vn 0.522990 0.784485 -0.333264
vn 0.000000 0.000000 -1.000000
vn -0.245366 -0.657187 -0.712672
vn 0.394889 -0.254400 -0.882804
vn 0.709813 0.432813 0.555732
vn 0.698005 0.523504 0.488603
vn -0.506462 -0.311669 -0.803964
vn 0.766441 0.620817 0.164785
vn 0.804294 0.555909 0.209944
vn -0.600826 0.683509 0.414515
vn -0.360936 0.924685 -0.121172
vn 0.420330 0.896867 -0.137666
vn -0.551982 0.735976 -0.391987
vn -0.449615 0.851901 -0.268534
vn 0.155556 -0.428164 -0.890212
vn 0.192450 -0.192450 -0.962250
vn -0.676834 -0.433868 -0.594688
vn -0.424824 -0.762751 -0.487582
vn -0.164854 -0.557996 -0.813304
vn -0.691026 0.449926 -0.565730
vn 0.660140 0.414703 -0.626287
vn 0.695401 0.579500 -0.424967
vn 0.662330 -0.745121 0.078192
vn -0.731347 -0.675089 0.096888
vn -0.467986 0.699772 0.539730
vn 0.506431 0.709003 0.490756
vn -0.144891 0.736113 0.661169
vn 0.106274 0.719682 0.686122
vn -0.695214 0.329730 0.638714
vn 0.178259 0.052173 0.982599
vn 0.719120 0.377469 0.583424
vn 0.897218 0.285478 0.336900
vn -0.996241 0.000000 0.086630
vn -0.961224 -0.274636 0.024967
vn -0.338341 0.931597 0.132865
vn -0.432774 0.428952 -0.792910
vn 0.649500 0.649500 -0.395348
vn 0.564276 0.451421 -0.691239
vn 0.051098 0.052860 -0.997294
vn -0.418587 -0.762632 -0.493130
vn -0.486050 -0.795266 -0.362363
vn -0.597784 -0.575644 -0.557932
vn -0.070923 -0.595242 -0.800410
vn -0.179330 -0.885204 -0.429248
vn -0.786528 0.489488 0.376529
vn -0.062416 -0.217509 -0.974061
vn -0.658052 0.064305 0.750222
vn -0.155422 0.174376 0.972336
vn -0.472147 0.526626 0.706924
vn 0.519900 0.519900 0.677796
vn 0.000000 0.740446 0.672116
vn 0.965402 0.241351 0.098734
vn 0.951588 0.237897 0.194643
vn -0.602808 0.702111 0.379028
vn 0.583690 0.713398 0.387775
vn -0.188658 -0.897221 -0.399253
vn 0.413252 -0.766142 -0.492188
vn 0.713357 0.475571 -0.514736
vn 0.700515 0.592744 -0.397408
vn -0.803573 0.531911 -0.267097
vn 0.776060 0.506481 0.375776
vn -0.557639 0.699013 -0.447682
vn 0.491153 0.764015 -0.418390
vn -0.743132 0.495422 0.449791
vn 0.773714 0.442122 0.453757
vn 0.710753 0.541834 0.448605
vn -0.519173 0.804718 0.287905
vn -0.522537 0.831538 0.188415
vn -0.183008 0.975435 0.122616
vn 0.315547 0.945646 0.078638
vn 0.090132 0.991453 0.094324
vn -0.227566 0.964089 -0.136918
vn 0.189035 0.973047 -0.132082
vn 0.088486 0.973343 -0.211596
vn 0.000000 -0.707105 -0.707108
vn 0.629392 -0.421034 -0.653143
vn 0.019941 -0.850803 -0.525106
vn -0.530803 0.252324 0.809062
vn -0.535187 0.302984 0.788528
vn 0.082608 0.075319 0.993732
vn 0.576683 -0.807356 0.124948
vn -0.545455 -0.818182 0.181818
vn -0.540883 -0.832128 0.122508
vn 0.710367 0.680266 0.180602
vn 0.649225 0.709900 0.273039
vn 0.287546 0.373809 0.881807
vn -0.697307 0.293766 0.653808
vn 0.707838 0.353919 0.611315
vn 0.709592 0.232172 0.665263
vn 0.033384 0.992775 0.115254
vn 0.090536 0.995893 0.000000
vn -0.023991 0.988835 -0.147074
vn 0.152416 -0.086506 -0.984523
vn -0.338721 -0.903251 -0.263447
vn -0.013591 -0.890230 -0.455309
vn -0.377853 -0.865403 -0.329097
vn 0.119664 -0.750412 -0.650048
vn 0.373483 0.911355 0.173042
vn 0.337379 0.893061 0.297687
vn -0.215387 0.287183 0.933346
vn -0.354093 0.885231 0.301634
vn -0.229625 0.928741 0.291054
vn -0.294066 0.941013 0.167392
vn -0.364166 0.873998 -0.321732
vn 0.441921 0.847016 -0.295415
vn 0.088806 -0.053283 -0.994623
vn 0.022076 -0.195007 -0.980553
vn -0.217126 -0.917852 -0.332269
vn -0.043690 -0.985019 -0.166818
vn 0.169207 -0.392635 -0.903995
vn 0.094231 -0.533978 -0.840231
vn 0.673639 -0.193881 -0.713176
vn 0.681419 0.731894 0.000000
vn -0.731055 0.682318 0.000000
vn 0.513746 -0.100243 0.852066
vn 0.797733 -0.198281 0.569480
vn 0.716947 0.682158 -0.143692
vn -0.678102 0.717893 -0.157505
vn 0.495553 0.770859 0.400254
vn 0.533233 0.719865 -0.444361
vn -0.577550 0.805164 0.134710
vn -0.199800 0.759241 0.619381
vn -0.367116 0.799609 0.475239
vn 0.334810 0.825400 0.454551
vn -0.775203 0.532952 0.339151
vn 0.833605 0.448062 0.323022
vn 0.517563 0.745718 0.419562
vn -0.611273 -0.476070 -0.632221
vn 0.177269 -0.923139 -0.341160
vn 0.172361 -0.896742 -0.407610
vn -0.146042 -0.434565 -0.888721
vn 0.544680 -0.761076 -0.352259
vn 0.271842 -0.645117 -0.714091
vn -0.654303 -0.723628 -0.219659
vn -0.712030 -0.554384 -0.430896
vn -0.397173 -0.703851 -0.588937
vn -0.587256 -0.621799 -0.518167
vn -0.322093 0.405621 0.855410
vn -0.504931 0.191920 0.841553
vn -0.666967 0.687077 -0.288237
vn 0.672721 0.679381 -0.293066
vn 0.634533 0.689339 0.349541
vn -0.654255 0.672702 0.345575
vn -0.550596 0.717389 0.426846
vn -0.671555 0.458800 0.581822
vn 0.723828 0.398910 0.562978
vn 0.612767 0.471901 0.633897
vn 0.033296 -0.033296 -0.998891
vn 0.077267 0.047219 -0.995892
vn 0.200022 -0.918619 -0.340778
vn 0.249783 -0.874241 -0.416306
vn 0.013418 -0.852042 -0.523302
vn -0.603199 -0.719266 -0.344685
vn -0.647824 -0.647823 -0.400812
vn -0.689741 -0.686186 -0.231099
vn -0.816497 -0.408248 0.408248
vn -0.876563 -0.476952 -0.064454
vn 0.234435 0.962857 0.133963
vn 0.415784 0.886213 -0.204328
vn 0.168243 0.959697 0.225114
vn 0.370405 0.400097 0.838285
vn 0.541913 -0.827131 -0.148947
vn -0.261014 -0.391521 0.882373
vn 0.312625 0.937874 0.150523
vn 0.247565 0.922841 0.295088
vn 0.134687 0.976481 0.168359
vn -0.988103 -0.009593 0.153492
vn 0.973628 0.138408 0.181362
vn -0.224381 0.299175 0.927441
vn 0.350213 0.470599 0.809869
vn 0.668646 0.606508 0.430186
vn -0.163128 0.946143 0.279648
vn -0.206167 0.962114 0.178414
vn -0.206876 0.922986 -0.324498
vn 0.213422 0.924827 -0.314874
vn -0.087578 -0.124218 -0.988382
vn -0.011682 -0.996894 -0.077883
vn -0.443452 0.570153 -0.691575
vn -0.318749 0.605264 -0.729421
vn 0.507573 0.761360 -0.403361
vn 0.039173 0.060267 -0.997413
vn -0.699752 -0.081397 0.709733
vn -0.689942 -0.041318 0.722685
vn -0.394773 0.845942 -0.358519
vn 0.259828 0.909398 -0.324785
vn 0.482278 0.803796 -0.348311
vn -0.107969 0.840408 0.531091
vn -0.251920 0.881723 0.398875
vn 0.154296 0.845850 0.510618
vn -0.615901 0.660623 0.429235
vn 0.091659 0.955295 0.281089
vn 0.006744 0.981984 0.188843
vn 0.075906 0.936179 -0.343229
vn -0.046247 0.948070 -0.314683
vn -0.370317 -0.730973 -0.573187
vn 0.063483 -0.336462 -0.939555
vn -0.153602 -0.437174 -0.886163
vn 0.407767 -0.902913 0.135922
vn -0.372629 0.585559 0.719908
vn -0.355809 -0.889521 0.286624
vn -0.333205 -0.916313 -0.222137
vn 0.000000 0.000000 1.000000
vn 0.493209 0.686204 0.534667
vn 0.000000 0.860926 0.508729
vn -0.568986 0.766895 0.296862
vn 0.513242 0.812633 0.276062
vn -0.452101 0.796843 0.400807
vn 0.453134 0.798267 0.396786
vn -0.387447 0.300588 0.871511
vn 0.406187 0.293304 0.865439
vn -0.417520 -0.786044 -0.455863
vn -0.640365 -0.536277 -0.549854
vn -0.365600 0.301872 -0.880460
vn 0.685994 0.514495 -0.514496
vn 0.283954 0.282110 -0.916397
vn 0.339694 -0.680151 -0.649617
vn 0.491391 0.316412 0.811430
vn 0.526711 0.294452 0.797417
vn 0.327205 0.909200 0.257473
vn 0.440225 0.800409 -0.406875
vn -0.349245 0.914010 0.206431
vn 0.036922 -0.055384 -0.997782
vn 0.686251 -0.665856 -0.292737
vn 0.867806 -0.471238 0.157631
vn 0.397171 0.298415 -0.867873
vn -0.370880 0.454313 -0.809968
vn -0.471047 -0.353285 -0.808273
vn -0.253093 0.547789 -0.797415
vn -0.709101 0.466514 0.528716
vn 0.065198 0.103834 0.992455
vn -0.086778 0.954554 -0.285126
vn -0.251087 0.920655 -0.298914
vn 0.134999 0.944994 -0.297929
vn 0.076472 -0.841191 0.535303
vn 0.262417 -0.962197 -0.072894
vn -0.116428 -0.989633 0.084086
vn -0.737224 0.282208 -0.613889
vn 0.828346 0.450857 -0.332522
vn 0.895370 0.265295 -0.357675
vn -0.689551 0.287859 0.664573
vn 0.689564 0.358573 0.629228
vn 0.577558 0.173167 0.797772
vn -0.699672 0.340866 -0.627909
vn 0.072801 -0.059028 -0.995598
vn -0.601169 0.601169 -0.526490
vn 0.493012 0.410843 -0.766907
vn 0.557997 0.592512 -0.581007
vn 0.544607 -0.687210 -0.480776
vn -0.028237 0.960068 -0.278339
vn 0.028427 -0.994943 0.096336
vn 0.337892 0.880512 0.332457
vn 0.791960 -0.141421 -0.593970
vn 0.362176 -0.813271 -0.455432
vn 0.588172 0.000000 -0.808736
vn 0.281515 -0.811642 -0.511846
vn -0.480268 0.153781 -0.863536
vn -0.631391 0.282111 -0.722328
vn 0.507020 0.861934 0.000000
vn -0.566529 0.824042 0.000000
vn -0.102332 0.218780 0.970394
vn 0.546940 0.816492 -0.184925
vn -0.515057 0.844216 -0.148377
vn 0.331786 -0.912413 -0.239624
vn 0.000000 0.000000 1.000000
vn -0.542228 -0.813341 -0.210866
vn 0.000000 0.000000 1.000000
vn 0.000000 0.000000 1.000000
vn -0.207528 -0.380467 0.901209
vn -0.333205 -0.916313 -0.222137
vn 0.215696 0.962699 0.163358
vn -0.084849 0.995346 0.045688
vn -0.260116 0.953761 0.150594
vn -0.328619 0.872063 0.362651
vn -0.207908 0.931314 0.299046
vn -0.104685 0.000000 -0.994505
vn 0.217413 -0.511561 -0.831286
vn -0.279958 0.708504 -0.647801
vn 0.379280 0.838408 -0.391431
vn 0.030607 0.064815 -0.997428
vn -0.691702 0.656231 -0.301511
vn -0.659771 0.642086 0.390421
vn 0.012814 0.980253 0.197332
vn -0.818346 0.482777 -0.311826
vn -0.812607 0.575419 0.092535
vn 0.820840 0.546096 -0.167334
vn 0.525488 0.297776 -0.796989
vn -0.099123 -0.076388 -0.992139
vn 0.678880 0.381380 -0.627432
vn 0.659864 -0.503402 -0.557823
vn 0.576215 -0.531891 -0.620538
vn 0.655287 0.683291 -0.322043
vn 0.700140 0.592426 0.398541
vn 0.673465 0.653362 0.345779
vn 0.696792 -0.020503 0.716980
vn 0.455331 -0.166944 -0.874530
vn -0.548014 0.772762 -0.320188
vn 0.541396 0.788985 -0.290505
vn 0.515782 0.770074 0.375441
vn -0.541204 0.764406 0.350403
vn -0.252245 0.666647 0.701395
vn 0.152728 0.458183 0.875638
vn 0.441503 0.781121 0.441503
vn 0.203704 0.917150 0.342550
vn 0.509102 0.749314 0.423489
vn -0.643516 0.624003 0.443292
vn 0.622552 0.635880 0.456165
vn -0.581697 0.418214 0.697657
vn 0.523944 0.291080 0.800471
vn 0.606295 0.414159 0.678880
vn -0.602302 0.414384 0.682289
vn 0.678477 0.444183 0.585125
vn -0.711039 0.323986 -0.624065
vn 0.640493 0.347854 -0.684665
vn 0.762483 0.232304 -0.603867
vn -0.736942 -0.467497 -0.488224
vn -0.568165 0.191638 0.800290
vn -0.612851 0.187517 0.767627
vn 0.170727 0.968874 -0.179263
vn -0.542830 0.160839 0.824298
vn -0.559468 0.108939 0.821661
vn -0.191280 0.897544 0.397274
vn -0.167603 0.918505 0.358130
vn -0.499993 0.758655 0.417672
vn -0.807799 0.551478 -0.208164
vn 0.863601 0.454527 -0.218173
vn 0.821831 0.567455 -0.050875
vn -0.538790 0.213635 0.814902
vn 0.407148 0.211292 0.888587
vn 0.601827 0.189486 0.775821
vn -0.040374 0.015746 -0.999061
vn 0.065100 0.030225 -0.997421
vn 0.000000 0.000000 -1.000000
vn 0.480762 0.209787 -0.851386
vn 0.885831 -0.464007 0.000000
vn 0.668265 -0.367546 -0.646785
vn -0.769977 -0.491929 -0.406376
vn -0.919702 -0.352353 -0.173191
vn 0.082562 0.959783 0.268327
vn 0.056110 0.994871 -0.084165
vn 0.079988 -0.959855 -0.268848
vn 0.081227 -0.223375 0.971342
vn -0.124619 -0.955409 -0.267699
vn 0.000000 0.000000 1.000000
vn 0.000000 0.000000 1.000000
vn -0.333205 -0.916313 -0.222137
vn 0.043099 0.936000 0.349352
vn -0.647095 0.288334 0.705785
vn 0.615327 0.327489 0.717025
vn 0.681533 0.206731 0.701979
vn -0.905265 0.376822 0.196215
vn 0.840970 0.455525 0.292003
vn 0.949835 0.305304 0.067845
vn -0.878819 0.324836 -0.349513
vn 0.830594 0.445777 -0.333761
vn 0.900061 0.270018 -0.342023
vn -0.922330 0.355581 -0.151224
vn 0.879437 0.446972 -0.163729
vn 0.950581 0.295059 -0.096619
vn -0.098422 -0.070302 -0.992658
vn 0.429994 0.171308 -0.886431
vn -0.109352 0.595932 -0.795555
vn 0.146786 0.905181 -0.398875
vn 0.014434 0.072172 -0.997288
vn 0.532922 -0.135027 -0.835322
vn 0.801663 0.550046 -0.234062
vn -0.537300 -0.598270 -0.594460
vn -0.871524 -0.010894 0.490231
vn 0.249221 0.418838 0.873192
vn -0.026624 -0.958458 -0.283988
vn -0.902559 0.410446 0.130080
vn 0.867676 0.449906 0.211477
vn 0.944186 0.304576 0.125485
vn 0.070369 0.914797 -0.397738
vn 0.005480 0.071246 -0.997444
vn -0.058824 0.705882 -0.705882
vn -0.264667 0.335924 -0.903940
vn -0.278582 0.497468 -0.821533
vn 0.000000 0.000000 1.000000
vn -0.650476 -0.422810 -0.630962
vn -0.627236 0.240669 -0.740712
vn 0.347060 0.937843 0.000000
vn -0.398285 0.917262 0.000000
vn -0.042032 0.158237 0.986506
vn -0.010651 0.090531 0.995837
vn 0.037423 0.106657 0.993591
vn -0.355094 0.914988 -0.191586
vn 0.379963 0.904313 -0.194541
vn -0.044743 0.797242 0.601999
vn -0.176160 0.528480 0.830468
vn 0.126177 0.605650 0.785663
vn 0.264582 0.859891 0.436560
vn 0.234141 0.351212 -0.906547
vn -0.607061 0.362968 -0.706917
vn -0.572964 -0.206622 -0.793107
vn -0.600796 0.734306 -0.315974
vn -0.497412 0.808294 -0.315027
vn 0.562003 0.826475 -0.033059
vn -0.248256 0.419002 0.873388
vn 0.018440 0.719173 0.694586
vn -0.535231 0.542122 0.647790
vn 0.496428 0.477377 0.725031
vn -0.653798 0.469555 0.593351
vn 0.658956 0.450865 0.602078
vn -0.395112 0.455839 0.797557
vn -0.332889 0.566380 0.753923
vn -0.316235 -0.474562 -0.821454
vn -0.258031 -0.806347 0.532189
vn 0.769600 -0.606853 -0.198607
vn 0.291386 -0.874157 0.388514
vn 0.007200 0.095401 0.995413
vn 0.141411 -0.082490 -0.986508
vn 0.671781 -0.351060 -0.652278
vn 0.692921 -0.506534 -0.513112
vn -0.529626 0.617898 -0.581118
vn -0.363696 0.727393 -0.581915
vn 0.446596 0.683029 -0.577948
vn -0.569870 0.215913 -0.792862
vn -0.849130 0.319398 -0.420670
vn -0.376078 0.855230 -0.356578
vn 0.349537 0.850226 -0.393623
vn 0.282167 0.846499 0.451466
vn 0.385267 0.856691 0.343002
vn -0.372377 0.854207 0.362859
vn 0.370618 0.825507 0.425652
vn 0.752922 0.547581 -0.365053
vn 0.527088 -0.540960 -0.655393
vn 0.904893 -0.367333 -0.215024
vn -0.665567 0.255438 0.701265
vn -0.141421 0.989949 0.000000
vn -0.294086 0.955779 0.000000
vn 0.200944 0.979603 0.000000
vn -0.100504 0.703526 -0.703526
vn -0.141421 0.989949 0.000000
vn -0.274941 0.905015 -0.324583
vn 0.230779 0.956538 -0.178257
vn -0.354014 0.837576 0.416101
vn -0.248146 0.868510 0.429085
vn 0.963280 -0.255787 0.081633
vn -0.934840 0.351678 -0.048968
vn -0.550284 0.699683 0.455665
vn -0.452610 0.811094 0.370500
vn 0.591266 0.220089 0.775864
vn -0.227962 -0.744102 0.627970
vn -0.349422 0.358892 0.865506
vn 0.371619 0.387321 0.843731
vn -0.012498 0.012498 -0.999844
vn -0.691839 -0.396134 -0.603686
vn 0.600025 0.273291 -0.751853
vn 0.472767 0.742345 -0.474779
vn -0.645058 0.748960 -0.151524
vn -0.423997 0.785511 -0.450776
vn 0.780488 0.031220 0.624391
vn 0.519484 0.758022 0.394384
vn 0.337774 0.542901 0.768874
vn 0.504668 0.328605 0.798329
vn 0.386820 0.435036 0.813089
vn 0.901302 -0.402935 0.159053
vn 0.655610 -0.655610 0.374634
vn -0.048723 0.998812 0.000000
vn -0.082032 0.765632 -0.638027
vn 0.057635 0.997087 -0.049950
vn -0.501465 0.738911 0.450048
vn 0.477947 0.749443 0.458150
vn -0.645705 0.438606 0.625052
vn 0.675328 0.433475 0.596684
vn -0.255831 0.115695 -0.959774
vn 0.685197 0.637865 -0.351615
vn 0.767476 0.088342 0.634962
vn 0.273419 0.480356 0.833367
vn -0.082479 0.907265 -0.412393
vn -0.268198 0.938693 -0.216622
vn 0.161358 0.898545 -0.408142
vn 0.069401 0.902217 0.425661
vn 0.252072 0.932141 0.259949
vn -0.047308 0.955028 0.292718
vn -0.266689 0.876841 0.400033
vn 0.203547 0.878603 0.432001
vn 0.626497 0.673250 -0.392729
vn -0.135765 0.330655 -0.933935
vn 0.144372 0.387594 -0.910455
vn 0.558660 0.292453 -0.776125
vn 0.193255 0.325482 -0.925589
vn -0.208590 0.510231 0.834359
vn -0.070282 0.983955 -0.163992
vn 0.084446 0.889929 -0.448213
vn -0.015313 0.915986 0.400918
vn 0.071247 0.997459 0.000000
vn -0.247882 0.867587 0.431100
vn -0.142029 0.890436 0.432378
vn 0.807412 0.346034 -0.477856
vn -0.412061 0.092981 -0.906400
vn 0.445682 0.082696 -0.891364
vn 0.391965 0.201529 -0.897636
vn 0.475969 0.101579 -0.873576
vn -0.192732 0.308371 -0.931537
vn 0.641599 -0.420358 -0.641599
vn -0.152175 -0.505613 -0.849234
vn 0.122859 -0.921443 0.368577
vn 0.202095 0.484711 0.851007
vn 0.031946 0.903747 0.426872
vn -0.353047 0.733820 -0.580402
vn 0.318443 0.722814 -0.613297
vn 0.654869 0.244721 0.715024
vn 0.937414 -0.255272 -0.236835
vn -0.380220 -0.421951 -0.823037
vn -0.134004 -0.898613 0.417776
vn -0.701786 0.572933 -0.423373
vn -0.419058 0.838116 -0.349215
vn 0.881155 0.415504 -0.225662
vn -0.995271 0.052660 0.081623
vn -0.250512 -0.481376 -0.839953
vn -0.340438 -0.893956 0.291454
vn -0.615310 0.587963 -0.525065
vn -0.679309 0.727832 0.093809
vn 0.697261 0.712039 -0.082623
vn 0.840415 0.528362 -0.120566
vn -0.080048 0.386897 -0.918642
vn 0.077477 0.387385 -0.918657
vn -0.465553 0.129903 -0.875434
vn -0.897196 -0.435481 -0.073455
vn 0.234553 -0.790343 0.565988
vn 0.150901 -0.683141 -0.714526
vn -0.494197 0.471879 0.730137
vn 0.545984 0.521512 0.655688
vn -0.545929 0.515182 0.660718
vn 0.589368 0.589367 0.552532
vn 0.173293 0.044721 -0.983855
vn 0.074801 -0.059457 -0.995424
vn -0.357186 0.197392 -0.912938
vn -0.367124 0.874269 0.317606
vn -0.227635 -0.365841 -0.902409
vn -0.052068 -0.251662 -0.966414
vn -0.385241 -0.257568 -0.886142
vn -0.936381 0.330169 -0.119077
vn 0.140675 -0.888475 0.436833
vn -0.111425 0.538765 0.835055
vn 0.069956 0.486957 0.870620
vn -0.448773 0.681173 0.578451
vn 0.455943 0.683914 0.569542
vn -0.693417 0.713614 -0.099637
vn 0.701947 0.677870 -0.218548
vn -0.831469 0.538010 -0.138578
vn 0.041636 0.412398 -0.910052
vn -0.042528 0.431352 -0.901181
vn 0.436243 0.756464 -0.487293
vn -0.386789 0.852858 -0.350753
vn 0.352988 0.861947 -0.363933
vn 0.390677 0.872789 0.292592
vn 0.422662 -0.267252 -0.865987
vn 0.988929 -0.145908 -0.027020
vn 0.349045 0.390930 0.851670
vn -0.260173 -0.805297 0.532735
vn -0.397018 0.803990 0.442692
vn -0.264833 0.862876 0.430475
vn 0.333035 0.824698 0.457123
vn 0.726647 0.644652 -0.237503
vn 0.525084 0.251989 -0.812889
vn 0.560201 0.365912 -0.743157
vn -0.170302 0.807721 -0.564432
vn 0.150756 0.807271 -0.570601
vn 0.883887 -0.464973 -0.050445
vn -0.021932 -0.009138 -0.999718
vn 0.003613 -0.505832 -0.862624
vn -0.277786 -0.721414 0.634347
vn -0.931478 0.208246 0.298298
vn -0.924385 0.206994 0.320416
vn 0.217502 0.422921 0.879676
vn -0.122597 -0.039898 -0.991654
vn -0.737422 0.617090 -0.274605
vn -0.374694 0.753849 -0.539738
vn 0.055196 0.827940 -0.558093
vn -0.047044 0.764471 -0.642940
vn 0.442511 0.100152 -0.891153
vn 0.086634 -0.234423 -0.968267
vn 0.473849 0.323246 -0.819134
vn -0.676688 0.650494 0.344893
vn -0.787366 0.548382 0.281659
vn 0.215397 0.594430 0.774763
vn 0.214966 0.483243 0.848685
vn 0.221553 -0.730653 0.645803
vn 0.722181 0.428195 -0.543234
vn -0.202876 0.597358 0.775889
vn -0.356325 0.518291 0.777436
vn -0.953483 -0.253386 0.163293
vn -0.269634 0.388628 0.881059
vn 0.247127 0.365369 0.897460
vn -0.745311 0.488712 -0.453512
vn 0.714147 0.497374 -0.492557
vn -0.539449 0.370284 0.756231
vn 0.641743 0.403189 0.652383
vn 0.311479 0.188527 -0.931364
vn -0.545503 0.193616 -0.815438
vn -0.659748 0.452399 -0.600057
vn -0.179303 0.912335 0.368098
vn -0.556788 0.304384 0.772876
vn -0.183136 0.913272 -0.363863
vn 0.159492 0.874859 -0.457366
vn 0.191106 0.906387 0.376751
vn -0.365343 -0.098397 -0.925658
vn 0.311730 0.558230 0.768898
vn 0.309979 0.530256 0.789140
vn 0.227930 -0.730051 -0.644262
vn -0.143408 0.887847 0.437220
vn 0.160643 0.882138 0.442748
vn -0.574126 0.619155 0.535748
vn 0.564774 0.524555 0.637082
vn -0.520577 0.266147 -0.811274
vn 0.051470 0.809481 -0.584885
vn -0.079113 0.971337 -0.224155
vn 0.060523 0.968364 0.242091
vn -0.110921 0.942829 0.314276
vn -0.547752 0.632405 -0.547752
vn 0.395724 0.843037 -0.364267
vn 0.012866 0.899150 0.437451
vn -0.729675 0.320806 -0.603869
vn 0.535180 0.326831 0.778951
vn -0.275089 0.560826 0.780897
vn -0.307613 0.544749 0.780143
vn -0.386601 0.478886 0.788167
vn 0.958484 0.283633 -0.029341
vn 0.963425 0.083228 -0.254727
vn -0.342108 0.717324 0.606966
vn -0.197659 0.674237 0.711573
vn 0.249761 0.633403 0.732407
vn 0.338643 0.474100 -0.812743
vn 0.035284 -0.052085 -0.998019
vn -0.363696 0.727393 -0.581914
vn -0.696066 0.371534 -0.614373
vn 0.560356 0.390058 -0.730654
vn -0.096869 -0.348565 -0.932266
vn -0.616940 0.436800 -0.654668
vn 0.661276 0.429139 -0.615267
vn 0.423220 0.806324 -0.413191
vn -0.660597 0.330902 -0.673881
vn 0.106069 -0.337491 -0.935334
vn -0.333741 0.883945 -0.327503
vn -0.509510 0.431124 -0.744669
vn -0.532298 0.727601 -0.432731
vn -0.807083 0.451541 -0.380431
vn -0.686836 0.384163 -0.616989
vn -0.533895 0.661729 -0.526375
vn 0.467610 0.802765 -0.370012
vn 0.268205 -0.713900 0.646848
vn 0.272649 -0.716281 0.642343
vn -0.517703 0.803598 -0.293622
vn -0.546852 0.832166 0.091935
vn 0.533185 0.828488 -0.171235
vn -0.484554 0.311671 0.817355
vn 0.443808 0.289877 0.847942
vn -0.045626 0.009501 -0.998913
vn 0.030522 0.021405 -0.999305
vn 0.645348 0.408720 -0.645348
vn -0.117649 -0.037511 -0.992346
vn 0.617908 0.407556 -0.672374
vn -0.842426 0.446741 -0.301231
vn -0.636241 0.345323 0.689891
vn -0.917354 0.271575 -0.291048
vn 0.932442 0.355763 0.063119
vn -0.119466 0.611960 0.781814
vn -0.468093 0.675876 0.569281
vn 0.449489 0.673018 0.587373
vn -0.545293 0.557065 0.626366
vn 0.533759 0.543924 0.647494
vn -0.583665 0.381151 0.716979
vn 0.578459 0.406460 0.707231
vn -0.334292 0.829688 -0.447065
vn -0.585808 0.682822 -0.436558
vn 0.493143 0.305880 -0.814400
vn 0.883898 0.265053 -0.385319
vn -0.180731 0.782271 0.596145
vn 0.152529 0.791804 0.591423
vn -0.222466 0.446377 0.866751
vn -0.147907 0.512107 0.846091
vn 0.213939 0.476690 0.852641
vn -0.402168 0.594380 0.696401
vn 0.386875 0.577192 0.719150
vn -0.810305 0.542105 0.222549
vn 0.814268 0.532186 0.231832
vn -0.768119 0.510094 -0.387037
vn 0.765949 0.543173 -0.343926
vn -0.812144 0.574220 0.103405
vn 0.835408 0.539517 0.104953
vn -0.834245 0.530883 -0.148988
vn 0.806865 0.565970 -0.169254
vn -0.079270 0.604434 -0.792701
vn -0.401750 0.200875 -0.893446
vn -0.353191 0.826067 -0.439169
vn -0.527130 0.799783 -0.287195
vn 0.579873 0.800629 -0.150798
vn 0.443745 0.671380 -0.593581
vn 0.653152 0.404435 -0.640175
vn 0.614545 0.386167 -0.687903
vn -0.008849 0.820030 0.572252
vn 0.625793 0.361432 0.691195
vn 0.452332 0.212610 -0.866137
vn 0.790171 0.504831 -0.347529
vn -0.900253 0.124967 -0.417047
vn 0.926659 0.174573 -0.332907
vn 0.610314 0.409879 -0.677876
vn 0.000000 0.000000 -1.000000
vn -0.003030 0.012120 -0.999922
vn -0.085782 0.441524 0.893140
vn 0.097586 0.501236 0.859790
vn -0.470585 0.663496 -0.581655
vn -0.375717 0.292355 -0.879412
vn 0.285490 0.076863 -0.955294
vn 0.225414 0.544751 -0.807734
vn -0.451294 0.064351 -0.890052
vn -0.585862 0.422588 -0.691509
vn 0.353515 -0.311512 -0.882036
vn 0.467985 0.367009 -0.803924
vn -0.013755 0.469383 0.882888
vn -0.171167 -0.092167 -0.980921
vn 0.059392 0.800694 -0.596122
vn -0.520485 0.318074 0.792417
vn -0.481848 0.417105 0.770614
vn -0.096100 -0.010296 -0.995318
vn 0.636997 0.371581 -0.675398
vn -0.248551 -0.428317 -0.868773
vn 0.817712 -0.469428 -0.333143
vn -0.468578 0.852811 -0.230540
vn -0.287166 0.957221 -0.035554
vn 0.397546 0.910770 -0.111606
vn -0.410147 0.618496 0.670256
vn 0.491454 0.727715 0.478438
vn -0.484821 0.872677 0.058178
vn -0.243008 0.810029 0.533666
vn -0.389159 0.739401 0.549400
vn 0.323960 0.833706 0.447195
vn 0.421759 0.798330 -0.429870
vn -0.236499 0.532123 -0.812966
vn 0.378180 0.790134 -0.482357
vn -0.593148 0.284170 -0.753275
vn 0.912871 0.365148 0.182573
vn 0.936614 -0.345069 0.060671
vn -0.318767 0.643382 0.696023
vn -0.225454 0.751513 0.619999
vn 0.248424 0.663758 0.705486
vn 0.341438 0.321291 -0.883285
vn -0.445888 0.031653 -0.894529
vn -0.467600 0.881376 -0.067280
vn -0.268328 0.894427 -0.357771
vn 0.402598 0.891909 -0.205944
vn -0.374207 0.152455 -0.914728
vn -0.409378 0.186081 -0.893187
vn 0.340343 0.548720 0.763592
vn 0.516860 0.363477 0.775075
vn -0.395628 0.757682 -0.519035
vn 0.226677 0.582795 0.780364
vn 0.775938 0.074789 0.626360
vn 0.283875 0.514044 0.809428
vn 0.491266 -0.359002 -0.793584
vn -0.309383 -0.427368 -0.849493
vn 0.738858 -0.223376 -0.635761
vn 0.928966 -0.247156 -0.275565
vn -0.533388 0.522842 0.664931
vn 0.575709 0.571351 0.584908
vn -0.208503 0.856253 -0.472607
vn 0.000000 0.707107 -0.707107
vn -0.428867 0.816143 -0.387276
vn 0.175096 0.856025 -0.486378
vn -0.393919 0.000000 -0.919145
vn -0.486605 -0.375860 -0.788635
vn -0.957020 0.205076 0.205076
vn -0.754829 0.646997 -0.107833
vn -0.977140 0.150329 0.150329
vn -0.608978 0.614373 -0.501688
vn 0.577911 0.560955 -0.592747
vn -0.519762 0.363478 -0.773131
vn -0.574852 -0.327406 -0.749900
vn -0.864047 0.079360 -0.497117
vn -0.200990 0.851252 -0.484741
vn -0.194190 0.573639 0.795756
vn -0.008111 0.593371 0.804888
vn -0.203723 0.965003 -0.165123
vn 0.207044 0.973598 -0.096127
vn -0.421883 0.673496 0.606974
vn 0.407087 0.641394 0.650303
vn 0.073234 0.842193 -0.534179
vn 0.598311 -0.237883 -0.765138
vn -0.661484 -0.046420 -0.748521
vn 0.422362 0.566670 -0.707457
vn -0.388407 0.582210 0.714263
vn -0.329925 0.624786 0.707666
vn 0.266045 0.581951 0.768474
vn 0.177350 0.565532 0.805432
vn -0.162278 0.810205 0.563235
vn 0.125798 0.753418 0.645396
vn 0.000000 -0.617821 -0.786318
vn 0.264918 0.882104 -0.389501
vn 0.918540 0.167962 -0.357873
vn 0.117377 -0.514223 -0.849586
vn -0.932835 0.316812 -0.171606
vn -0.732291 -0.053396 -0.678895
vn 0.069860 0.996885 0.036593
vn 0.816310 0.393038 -0.423272
vn 0.965822 -0.194978 -0.170795
vn -0.123967 0.675618 0.726755
vn 0.131822 0.730089 0.670517
vn -0.006478 0.997619 -0.068667
vn 0.000000 -0.732793 -0.680451
vn -0.497358 -0.511173 -0.700955
vn 0.619586 -0.619586 -0.481900
vn 0.012920 -0.688306 -0.725305
vn -0.622676 0.379020 -0.684557
vn -0.783585 0.539887 -0.307436
vn -0.636110 0.420448 0.646983
vn 0.772152 -0.025616 -0.634921
vn -0.401262 0.466095 -0.788507
vn 0.029977 -0.542769 -0.839347
vn -0.959078 -0.271977 0.078730
vn 0.164399 0.986394 0.000000
vn 0.194876 0.889121 -0.414111
vn 0.274721 0.961524 0.000000
vn 0.353361 0.416617 0.837596
vn -0.184652 0.956358 -0.226460
vn 0.214333 0.953696 -0.211009
vn -0.000000 0.839570 0.543251
vn 0.873063 -0.431599 -0.226898
vn -0.748886 0.445458 -0.490649
vn 0.204706 0.936422 -0.284971
vn 0.916910 0.398498 -0.021802
vn -0.195840 0.968824 -0.151744
vn 0.355144 0.569347 0.741429
vn -0.125115 0.991981 -0.017874
vn -0.199502 0.947634 -0.249377
vn -0.076696 0.920358 -0.383482
vn 0.051743 0.595049 0.802022
vn -0.009267 0.608308 0.793647
vn -0.084805 0.601426 0.794415
vn 0.051743 0.595049 0.802022
vn -0.929518 0.240679 0.279409
vn 0.027918 0.586281 0.809626
vn 0.164399 0.986394 0.000000
vn 0.188354 0.440920 0.877560
vn 0.016462 0.674934 0.737695
vn -0.242599 0.778687 0.578612
vn -0.375923 0.715536 0.588804
vn 0.269277 0.721123 0.638335
vn 0.533808 0.425300 -0.730868
vn -0.734007 0.496866 0.462989
vn -0.995070 -0.099094 -0.004129
vn 0.015163 0.987128 -0.159214
vn -0.567328 0.568337 -0.595930
vn 0.570447 0.566387 -0.594808
vn 0.213149 0.735708 -0.642885
vn -0.338139 0.838362 -0.427565
vn -0.436642 0.596539 0.673413
vn -0.235164 0.606585 0.759442
vn -0.259633 0.893442 -0.366540
vn 0.206018 0.671030 -0.712233
vn 0.512542 0.411786 -0.753481
vn -0.274744 0.912429 -0.303297
vn -0.164121 0.927289 -0.336450
vn 0.768058 0.571578 -0.288766
vn -0.228663 0.969096 0.092554
vn 0.412306 0.595999 -0.689049
vn -0.338411 0.561733 0.754940
vn -0.308048 0.661204 0.684044
vn -0.786722 0.584783 0.197732
vn 0.000000 -0.493605 -0.869686
vn -0.915777 0.370208 -0.155877
vn -0.321597 -0.416537 -0.850337
vn 0.594459 0.479402 -0.645594
vn 0.560238 0.434127 0.705456
vn 0.038405 0.998524 0.038405
vn 0.558523 0.142442 -0.817167
vn 0.229051 0.570665 0.788592
vn -0.310870 0.718887 0.621740
vn -0.670787 0.639483 0.375641
vn -0.391579 0.916652 -0.080096
vn 0.411335 0.566556 0.714015
vn 0.742781 0.371391 -0.557086
vn -0.507445 0.483323 0.713371
vn 0.509497 0.492554 0.705551
vn -0.377838 0.381481 0.843630
vn 0.398931 0.408384 0.821022
vn -0.043210 0.018021 -0.998903
vn 0.025506 0.026702 -0.999318
vn -0.347627 0.754847 -0.556203
vn 0.314158 0.342717 -0.885353
vn 0.155002 -0.541624 -0.826207
vn -0.163299 0.898146 -0.408248
vn 0.442807 0.752773 -0.487088
vn -0.444897 0.557965 -0.700529
vn -0.161283 0.788493 0.593520
vn 0.157843 0.789213 0.593488
vn -0.674131 0.684226 0.278177
vn 0.698357 0.677750 0.230114
vn -0.669745 0.653410 -0.352841
vn 0.668284 0.668284 -0.326791
vn -0.698394 0.704810 0.124454
vn 0.709411 0.702604 0.055535
vn -0.721731 0.680614 -0.125975
vn 0.709840 0.680445 -0.181994
vn -0.024444 0.994074 -0.105926
vn 0.652893 0.738053 -0.170319
vn 0.000000 1.000000 0.000000
vn 0.561748 0.493656 0.663884
vn -0.198550 0.954071 -0.224336
vn -0.100494 0.994887 0.010049
vn 0.334053 0.594201 0.731665
vn -0.099504 0.995037 0.000000
vn 0.410365 0.547153 0.729537
vn 0.896362 0.340570 -0.283808
vn -0.210426 0.703023 0.679322
vn -0.366160 0.692572 0.621508
vn 0.295035 0.724846 0.622537
vn -0.249003 0.114221 -0.961744
vn 0.217741 0.527032 0.821478
vn 0.113205 0.976393 -0.183958
vn -0.000000 0.812102 0.583515
vn 0.000000 -0.707107 -0.707107
vn -0.002136 -0.766817 -0.641862
vn 0.371236 -0.698797 -0.611447
vn 0.000000 -0.755689 -0.654931
vn 0.829625 0.531231 0.171803
vn 0.879474 0.464686 -0.102917
vn -0.190457 0.622335 0.759227
vn -0.001589 -0.088960 -0.996034
vn -0.834055 -0.400779 -0.379116
vn 0.000000 -0.707107 -0.707107
vn 0.016442 -0.707011 -0.707011
vn 0.000000 -0.224860 -0.974391
vn 0.000000 -0.090536 -0.995893
vn 0.819129 -0.356718 -0.449200
vn -0.758175 0.583212 -0.291606
vn -0.127694 -0.202689 -0.970882
vn -0.418472 0.618416 0.665164
vn 0.366831 0.541247 0.756628
vn -0.306437 0.667594 0.678539
vn -0.470674 0.724159 -0.504043
vn 0.466487 0.703212 -0.536547
vn 0.922759 -0.234276 -0.305993
vn -0.888986 -0.277142 -0.364548
vn -0.167910 0.810106 0.561724
vn 0.167897 0.815085 0.554479
vn 0.898702 -0.256772 -0.355531
vn -0.420274 -0.338152 -0.842035
vn 0.869731 -0.395858 -0.294726
vn 0.145448 -0.365142 -0.919519
vn 0.000000 0.795432 -0.606043
vn 0.306177 0.250116 -0.918530
vn -0.912871 -0.182574 -0.365148
vn -0.072643 0.835397 0.544825
vn -0.865551 -0.059852 -0.497231
vn 0.881775 -0.036175 -0.470280
vn 0.005910 0.733651 0.679501
vn -0.421339 0.662459 -0.619372
vn 0.435019 0.639733 -0.633640
vn 0.891859 -0.289565 -0.347477
vn -0.879141 -0.461853 -0.117489
vn 0.830994 -0.553996 -0.050363
vn -0.029170 -0.124507 -0.991790
vn 0.330675 -0.144140 -0.932672
vn 0.000000 -0.109212 -0.994018
vn -0.935662 -0.278091 -0.217259
vn -0.302074 0.463381 0.833084
vn 0.252892 0.395180 0.883107
vn -0.026662 0.037524 -0.998940
vn 0.019312 0.031530 -0.999316
vn -0.401501 0.580438 0.708441
vn 0.402121 0.569156 0.717189
vn -0.223586 0.706403 0.671569
vn -0.401169 0.807086 0.433216
vn 0.317057 0.741567 0.591230
vn -0.716588 -0.400803 -0.570841
vn 0.686689 -0.485538 -0.541028
vn -0.221475 0.700038 -0.678893
vn -0.354481 0.675522 -0.646540
vn 0.282274 0.726633 -0.626360
vn 0.913003 -0.242776 -0.327851
vn 0.582966 -0.211988 -0.784354
vn -0.530834 0.803869 0.268347
vn 0.544961 0.803100 0.240930
vn -0.545682 0.758994 -0.355189
vn 0.515057 0.773588 -0.369158
vn -0.536665 0.833198 0.133312
vn 0.545678 0.812195 0.206336
vn -0.568372 0.808351 -0.153370
vn 0.557652 0.822410 -0.112540
vn -0.717898 -0.222153 -0.659750
vn -0.166669 0.870770 -0.462581
vn 0.159161 0.869069 -0.468388
vn -0.115462 0.616615 0.778752
vn 0.133500 0.622193 0.771398
vn -0.257436 0.798863 -0.543640
vn -0.369074 0.685423 -0.627678
vn 0.318000 0.706398 -0.632359
vn 0.012439 0.809480 0.587016
vn -0.009700 0.839531 -0.543226
vn -0.025429 -0.001589 -0.999675
vn 0.700973 -0.131432 -0.700973
vn 0.000000 -0.095268 -0.995452
vn -0.911852 0.023532 -0.409843
vn 0.899722 0.022353 -0.435890
vn 0.577350 0.577350 -0.577350
vn 0.019728 0.737829 -0.674699
vn -0.317690 -0.320018 -0.892559
vn -0.188994 0.625313 0.757143
vn -0.197999 0.400540 0.894631
vn 0.213136 0.522254 0.825726
vn -0.009219 0.029705 -0.999516
vn -0.028704 0.053582 -0.998151
vn 0.013086 0.034500 -0.999319
vn -0.011328 0.783904 -0.620779
vn 0.218218 -0.436436 -0.872872
vn 0.194527 -0.381782 -0.903550
vn -0.190040 -0.368203 -0.910116
vn -0.216149 0.699411 0.681252
vn -0.324142 0.615326 0.718544
vn 0.289744 0.636195 0.715055
vn 0.358694 -0.307311 -0.881419
vn 0.916218 0.199810 -0.347305
vn 0.920466 -0.001509 -0.390821
vn -0.926252 0.072936 -0.369780
vn -0.283308 0.944363 0.167080
vn -0.442031 0.835965 0.325225
vn 0.374569 0.895759 0.239404
vn -0.268328 0.894427 -0.357771
vn -0.444474 0.828125 -0.341543
vn 0.331277 0.875876 -0.350852
vn -0.277922 0.957290 0.079714
vn -0.460772 0.860108 0.218867
vn 0.381373 0.921651 0.071507
vn -0.275139 0.936784 -0.216181
vn -0.470423 0.878122 -0.087200
vn 0.381136 0.900527 -0.209251
vn -0.813705 -0.077213 -0.576127
vn 0.937437 0.091255 -0.335984
vn 0.079556 -0.477334 -0.875113
vn 0.558325 -0.291300 -0.776800
vn -0.163015 0.718912 -0.675716
vn 0.176730 0.752017 -0.635009
vn -0.113381 0.642490 -0.757860
vn 0.682480 0.506985 -0.526485
vn -0.038433 -0.384331 -0.922395
vn 0.011405 0.648963 -0.760735
vn -0.005285 0.772601 -0.634870
vn -0.030665 0.100758 -0.994438
vn -0.004417 -0.384298 -0.923199
vn 0.277540 -0.259037 -0.925133
vn -0.264906 0.264907 -0.927173
vn -0.265765 -0.366166 -0.891791
vn -0.101356 0.528233 0.843028
vn 0.093803 0.528562 0.843696
vn -0.010527 0.045619 -0.998903
vn 0.006020 0.036922 -0.999300
vn 0.093341 0.000000 -0.995634
vn 0.000000 0.000000 -1.000000
vn 0.007713 -0.316218 -0.948655
vn -0.136339 0.684936 0.715734
vn 0.146339 0.680894 0.717613
vn 0.737359 0.369668 -0.565374
vn -0.413350 0.446418 -0.793632
vn -0.842801 0.274465 -0.462986
vn -0.106832 0.460200 -0.881364
vn -0.189646 0.958392 0.213352
vn 0.188555 0.957193 0.219611
vn -0.193249 0.913616 -0.357716
vn 0.150780 0.929810 -0.335737
vn 0.005849 0.464436 0.885587
vn -0.175212 0.977018 0.121397
vn 0.171797 0.977279 0.124145
vn -0.208362 0.969596 -0.128329
vn 0.220789 0.965437 -0.138507
vn -0.001785 0.039968 -0.999199
vn -0.027728 0.389147 -0.920758
vn 0.513142 0.401590 -0.758558
vn 0.010892 0.468360 -0.883470
vn 0.014567 0.716227 0.697715
vn -0.864104 0.073229 -0.497958
vn -0.925071 0.217560 -0.311305
vn 0.000000 0.980780 0.195118
vn -0.013079 0.952718 -0.303575
vn 0.000000 0.983263 0.182193
vn 0.004358 0.994621 -0.103493
vn -0.927043 0.255384 -0.274538
vn 0.921252 0.299154 -0.248601
vn 0.923094 0.240403 -0.300172
vn -0.309604 0.575417 0.756995
vn -0.026386 0.629826 0.776288
vn -0.279393 0.561072 0.779190
vn -0.616350 -0.178788 -0.766908
vn -0.751977 -0.049495 -0.657329
vn 0.801602 0.003949 -0.597845
vn -0.884029 0.185431 -0.429078
vn 0.899195 0.436932 0.023219
vn 0.225023 0.588769 0.776348
vn -0.007235 0.631024 0.775730
vn 0.378289 0.586080 0.716525
vn -0.005691 0.627845 0.778318
vn -0.085778 0.605288 0.791371
vn -0.898083 0.437753 0.042646
vn -0.387077 0.600172 0.699975
vn -0.890871 0.089087 -0.445435
vn -0.441531 0.516075 -0.733973
vn -0.869393 0.341548 -0.357072
vn 0.768417 0.358319 -0.530229
vn -0.113800 0.647396 -0.753610
vn 0.562348 0.483422 -0.670871
vn 0.023827 0.655255 -0.755032
vn -0.020676 0.557717 -0.829774
vn -0.844560 0.073440 -0.530400
vn -0.000000 0.447214 -0.894427
vn 0.778470 0.165472 -0.605477
vn -0.820616 0.454800 -0.346043
vn 0.255261 0.616882 -0.744512
vn 0.000000 0.707107 -0.707107
vn 0.780588 0.557563 -0.282499
vn -0.126033 0.621761 -0.773000
vn -0.842505 0.527422 -0.109594
vn -0.404061 0.909137 -0.101015
vn -0.362580 0.629744 0.686993
vn -0.238447 0.708896 0.663784
vn -0.562253 0.722898 -0.401610
vn -0.117655 0.588276 -0.800055
vn -0.022105 0.685243 -0.727979
vn 0.736879 0.650820 0.182875
vn 0.393749 0.669374 0.630000
vn -0.004741 0.884239 -0.467011
vn 0.408248 0.816497 -0.408248
vn 0.007643 0.718458 -0.695528
vn -0.078467 0.722802 0.686586
vn -0.109977 0.974515 -0.195514
vn 0.402671 0.915162 -0.018303
vn 0.030500 0.958572 -0.283214
vn 0.333435 0.623243 0.707381
vn 0.018010 0.718159 0.695646
vn -0.006226 0.980562 -0.196112
vn -0.009655 0.699608 0.714462
f 790/790/790 1091/1091/1091 1119/1119/1119
f 1091/1091/1091 790/790/790 1646/1646/1646
f 1646/1646/1646 790/790/790 339/339/339
f 339/339/339 790/790/790 812/812/812
f 812/812/812 790/790/790 1119/1119/1119
f 339/339/339 812/812/812 367/367/367
f 367/367/367 812/812/812 809/809/809
f 812/812/812 1119/1119/1119 1117/1117/1117
f 812/812/812 1117/1117/1117 809/809/809
f 1319/1319/1319 1119/1119/1119 1091/1091/1091
f 1117/1117/1117 1119/1119/1119 1317/1317/1317
f 1317/1317/1317 1119/1119/1119 1319/1319/1319
f 1319/1319/1319 1091/1091/1091 1290/1290/1290
f 1290/1290/1290 1091/1091/1091 1646/1646/1646
f 1317/1317/1317 1319/1319/1319 1386/1386/1386
f 1319/1319/1319 1290/1290/1290 1388/1388/1388
f 1319/1319/1319 1388/1388/1388 1386/1386/1386
f 1388/1388/1388 1290/1290/1290 1371/1371/1371
f 1371/1371/1371 1290/1290/1290 1646/1646/1646
f 1386/1386/1386 1388/1388/1388 1428/1428/1428
f 1388/1388/1388 1371/1371/1371 1434/1434/1434
f 1388/1388/1388 1434/1434/1434 1428/1428/1428
f 1434/1434/1434 1371/1371/1371 1405/1405/1405
f 1405/1405/1405 1371/1371/1371 1646/1646/1646
f 1428/1428/1428 1434/1434/1434 1469/1469/1469
f 1469/1469/1469 1434/1434/1434 1405/1405/1405
f 1386/1386/1386 1428/1428/1428 1402/1402/1402
f 1405/1405/1405 1646/1646/1646 1449/1449/1449
f 1405/1405/1405 1449/1449/1449 1469/1469/1469
f 1428/1428/1428 1469/1469/1469 1467/1467/1467
f 1428/1428/1428 1467/1467/1467 1402/1402/1402
f 1469/1469/1469 1449/1449/1449 1481/1481/1481
f 1467/1467/1467 1469/1469/1469 1480/1480/1480
f 1480/1480/1480 1469/1469/1469 1481/1481/1481
f 1449/1449/1449 1646/1646/1646 1460/1460/1460
f 1449/1449/1449 1460/1460/1460 1481/1481/1481
f 1460/1460/1460 1646/1646/1646 1450/1450/1450
f 1450/1450/1450 1646/1646/1646 1406/1406/1406
f 1450/1450/1450 1406/1406/1406 1435/1435/1435
f 1460/1460/1460 1450/1450/1450 1470/1470/1470
f 1460/1460/1460 1470/1470/1470 1481/1481/1481
f 1470/1470/1470 1450/1450/1450 1435/1435/1435
f 1481/1481/1481 1470/1470/1470 1480/1480/1480
f 1470/1470/1470 1435/1435/1435 1468/1468/1468
f 1470/1470/1470 1468/1468/1468 1480/1480/1480
f 1468/1468/1468 1435/1435/1435 1429/1429/1429
f 1468/1468/1468 1429/1429/1429 1403/1403/1403
f 1480/1480/1480 1468/1468/1468 1459/1459/1459
f 1480/1480/1480 1459/1459/1459 1467/1467/1467
f 1468/1468/1468 1403/1403/1403 1448/1448/1448
f 1468/1468/1468 1448/1448/1448 1459/1459/1459
f 1448/1448/1448 1403/1403/1403 1375/1375/1375
f 1448/1448/1448 1375/1375/1375 1394/1394/1394
f 1448/1448/1448 1394/1394/1394 1459/1459/1459
f 1394/1394/1394 1375/1375/1375 1383/1383/1383
f 1467/1467/1467 1459/1459/1459 1447/1447/1447
f 1467/1467/1467 1447/1447/1447 1402/1402/1402
f 1459/1459/1459 1394/1394/1394 1400/1400/1400
f 1459/1459/1459 1400/1400/1400 1447/1447/1447
f 1394/1394/1394 1383/1383/1383 1399/1399/1399
f 1402/1402/1402 1447/1447/1447 1393/1393/1393
f 1393/1393/1393 1447/1447/1447 1400/1400/1400
f 1400/1400/1400 1394/1394/1394 1401/1401/1401
f 1400/1400/1400 1401/1401/1401 1393/1393/1393
f 1401/1401/1401 1394/1394/1394 1399/1399/1399
f 1399/1399/1399 1383/1383/1383 1396/1396/1396
f 1399/1399/1399 1396/1396/1396 1440/1440/1440
f 1440/1440/1440 1396/1396/1396 1426/1426/1426
f 1401/1401/1401 1399/1399/1399 1444/1444/1444
f 1444/1444/1444 1399/1399/1399 1440/1440/1440
f 1440/1440/1440 1426/1426/1426 1458/1458/1458
f 1458/1458/1458 1426/1426/1426 1423/1423/1423
f 1444/1444/1444 1440/1440/1440 1476/1476/1476
f 1476/1476/1476 1440/1440/1440 1458/1458/1458
f 1401/1401/1401 1444/1444/1444 1439/1439/1439
f 1439/1439/1439 1444/1444/1444 1476/1476/1476
f 1458/1458/1458 1423/1423/1423 1466/1466/1466
f 1458/1458/1458 1466/1466/1466 1476/1476/1476
f 1466/1466/1466 1423/1423/1423 1412/1412/1412
f 1466/1466/1466 1412/1412/1412 1452/1452/1452
f 1452/1452/1452 1412/1412/1412 1323/1323/1323
f 1476/1476/1476 1466/1466/1466 1479/1479/1479
f 1479/1479/1479 1466/1466/1466 1452/1452/1452
f 1476/1476/1476 1479/1479/1479 1457/1457/1457
f 1476/1476/1476 1457/1457/1457 1439/1439/1439
f 1479/1479/1479 1452/1452/1452 1464/1464/1464
f 1452/1452/1452 1323/1323/1323 1348/1348/1348
f 1348/1348/1348 1323/1323/1323 1266/1266/1266
f 1464/1464/1464 1452/1452/1452 1355/1355/1355
f 1355/1355/1355 1452/1452/1452 1348/1348/1348
f 1479/1479/1479 1464/1464/1464 1465/1465/1465
f 1479/1479/1479 1465/1465/1465 1457/1457/1457
f 1464/1464/1464 1355/1355/1355 1451/1451/1451
f 1464/1464/1464 1451/1451/1451 1465/1465/1465
f 1348/1348/1348 1266/1266/1266 1312/1312/1312
f 1457/1457/1457 1465/1465/1465 1425/1425/1425
f 1457/1457/1457 1425/1425/1425 1439/1439/1439
f 1312/1312/1312 1266/1266/1266 1227/1227/1227
f 1227/1227/1227 1266/1266/1266 1167/1167/1167
f 1348/1348/1348 1312/1312/1312 1331/1331/1331
f 1348/1348/1348 1331/1331/1331 1355/1355/1355
f 1331/1331/1331 1312/1312/1312 1227/1227/1227
f 1227/1227/1227 1167/1167/1167 1157/1157/1157
f 1227/1227/1227 1157/1157/1157 1213/1213/1213
f 1213/1213/1213 1157/1157/1157 1191/1191/1191
f 1227/1227/1227 1213/1213/1213 1250/1250/1250
f 1227/1227/1227 1250/1250/1250 1331/1331/1331
f 1213/1213/1213 1191/1191/1191 1248/1248/1248
f 1248/1248/1248 1191/1191/1191 1179/1179/1179
f 1250/1250/1250 1213/1213/1213 1249/1249/1249
f 1249/1249/1249 1213/1213/1213 1248/1248/1248
f 1331/1331/1331 1250/1250/1250 1226/1226/1226
f 1226/1226/1226 1250/1250/1250 1249/1249/1249
f 1248/1248/1248 1179/1179/1179 1241/1241/1241
f 1241/1241/1241 1179/1179/1179 1098/1098/1098
f 1249/1249/1249 1248/1248/1248 1272/1272/1272
f 1272/1272/1272 1248/1248/1248 1241/1241/1241
f 1241/1241/1241 1098/1098/1098 1144/1144/1144
f 1144/1144/1144 1098/1098/1098 1069/1069/1069
f 1241/1241/1241 1144/1144/1144 1257/1257/1257
f 1241/1241/1241 1257/1257/1257 1272/1272/1272
f 1144/1144/1144 1069/1069/1069 1110/1110/1110
f 1110/1110/1110 1069/1069/1069 987/987/987
f 1257/1257/1257 1144/1144/1144 1154/1154/1154
f 1154/1154/1154 1144/1144/1144 1110/1110/1110
f 1272/1272/1272 1257/1257/1257 1240/1240/1240
f 1240/1240/1240 1257/1257/1257 1154/1154/1154
f 1212/1212/1212 1249/1249/1249 1272/1272/1272
f 1249/1249/1249 1212/1212/1212 1226/1226/1226
f 1212/1212/1212 1272/1272/1272 1247/1247/1247
f 1247/1247/1247 1272/1272/1272 1240/1240/1240
f 1212/1212/1212 1247/1247/1247 1155/1155/1155
f 1212/1212/1212 1155/1155/1155 1226/1226/1226
f 1247/1247/1247 1240/1240/1240 1189/1189/1189
f 1247/1247/1247 1189/1189/1189 1155/1155/1155
f 1143/1143/1143 1240/1240/1240 1154/1154/1154
f 1143/1143/1143 1154/1154/1154 1128/1128/1128
f 1128/1128/1128 1154/1154/1154 1110/1110/1110
f 1240/1240/1240 1143/1143/1143 1096/1096/1096
f 1143/1143/1143 1128/1128/1128 1109/1109/1109
f 1143/1143/1143 1109/1109/1109 1096/1096/1096
f 1128/1128/1128 1110/1110/1110 1066/1066/1066
f 1128/1128/1128 1066/1066/1066 1109/1109/1109
f 1177/1177/1177 1189/1189/1189 1240/1240/1240
f 1177/1177/1177 1240/1240/1240 1096/1096/1096
f 1189/1189/1189 1177/1177/1177 1111/1111/1111
f 1177/1177/1177 1096/1096/1096 1099/1099/1099
f 1177/1177/1177 1099/1099/1099 1111/1111/1111
f 1189/1189/1189 1111/1111/1111 1082/1082/1082
f 1189/1189/1189 1082/1082/1082 1155/1155/1155
f 1111/1111/1111 1099/1099/1099 988/988/988
f 1082/1082/1082 1111/1111/1111 958/958/958
f 958/958/958 1111/1111/1111 988/988/988
f 1155/1155/1155 1082/1082/1082 1084/1084/1084
f 1084/1084/1084 1082/1082/1082 958/958/958
f 958/958/958 988/988/988 748/748/748
f 748/748/748 988/988/988 770/770/770
f 958/958/958 748/748/748 751/751/751
f 770/770/770 988/988/988 977/977/977
f 977/977/977 988/988/988 1099/1099/1099
f 770/770/770 977/977/977 767/767/767
f 958/958/958 751/751/751 960/960/960
f 958/958/958 960/960/960 1084/1084/1084
f 960/960/960 751/751/751 1050/1050/1050
f 960/960/960 1050/1050/1050 1084/1084/1084
f 1050/1050/1050 751/751/751 856/856/856
f 856/856/856 751/751/751 524/524/524
f 856/856/856 524/524/524 906/906/906
f 856/856/856 906/906/906 1050/1050/1050
f 906/906/906 524/524/524 563/563/563
f 906/906/906 563/563/563 784/784/784
f 906/906/906 784/784/784 1101/1101/1101
f 1101/1101/1101 784/784/784 803/803/803
f 1050/1050/1050 906/906/906 1087/1087/1087
f 1087/1087/1087 906/906/906 1101/1101/1101
f 1101/1101/1101 803/803/803 1113/1113/1113
f 1113/1113/1113 803/803/803 806/806/806
f 1087/1087/1087 1101/1101/1101 1309/1309/1309
f 1309/1309/1309 1101/1101/1101 1113/1113/1113
f 1050/1050/1050 1087/1087/1087 1228/1228/1228
f 1228/1228/1228 1087/1087/1087 1309/1309/1309
f 1113/1113/1113 806/806/806 1115/1115/1115
f 1309/1309/1309 1113/1113/1113 1313/1313/1313
f 1313/1313/1313 1113/1113/1113 1115/1115/1115
f 1309/1309/1309 1313/1313/1313 1367/1367/1367
f 1309/1309/1309 1367/1367/1367 1228/1228/1228
f 1115/1115/1115 806/806/806 754/754/754
f 1367/1367/1367 1313/1313/1313 1378/1378/1378
f 1313/1313/1313 1115/1115/1115 1315/1315/1315
f 1313/1313/1313 1315/1315/1315 1378/1378/1378
f 1228/1228/1228 1367/1367/1367 1411/1411/1411
f 1411/1411/1411 1367/1367/1367 1378/1378/1378
f 1158/1158/1158 1050/1050/1050 1228/1228/1228
f 1050/1050/1050 1158/1158/1158 1084/1084/1084
f 1228/1228/1228 1411/1411/1411 1322/1322/1322
f 1228/1228/1228 1322/1322/1322 1158/1158/1158
f 1084/1084/1084 1158/1158/1158 1165/1165/1165
f 1084/1084/1084 1165/1165/1165 1155/1155/1155
f 1155/1155/1155 1165/1165/1165 1226/1226/1226
f 1165/1165/1165 1158/1158/1158 1264/1264/1264
f 1165/1165/1165 1264/1264/1264 1226/1226/1226
f 1264/1264/1264 1158/1158/1158 1322/1322/1322
f 1226/1226/1226 1264/1264/1264 1311/1311/1311
f 1226/1226/1226 1311/1311/1311 1331/1331/1331
f 1311/1311/1311 1264/1264/1264 1347/1347/1347
f 1311/1311/1311 1347/1347/1347 1331/1331/1331
f 1347/1347/1347 1264/1264/1264 1322/1322/1322
f 1331/1331/1331 1347/1347/1347 1355/1355/1355
f 1355/1355/1355 1347/1347/1347 1451/1451/1451
f 1451/1451/1451 1347/1347/1347 1322/1322/1322
f 1451/1451/1451 1322/1322/1322 1411/1411/1411
f 1451/1451/1451 1411/1411/1411 1422/1422/1422
f 1451/1451/1451 1422/1422/1422 1465/1465/1465
f 1422/1422/1422 1411/1411/1411 1378/1378/1378
f 1465/1465/1465 1422/1422/1422 1425/1425/1425
f 1422/1422/1422 1378/1378/1378 1380/1380/1380
f 1422/1422/1422 1380/1380/1380 1425/1425/1425
f 1380/1380/1380 1378/1378/1378 1315/1315/1315
f 1425/1425/1425 1380/1380/1380 1395/1395/1395
f 1425/1425/1425 1395/1395/1395 1439/1439/1439
f 1380/1380/1380 1315/1315/1315 1273/1273/1273
f 1273/1273/1273 1315/1315/1315 1115/1115/1115
f 1395/1395/1395 1380/1380/1380 1360/1360/1360
f 1360/1360/1360 1380/1380/1380 1273/1273/1273
f 1439/1439/1439 1395/1395/1395 1398/1398/1398
f 1439/1439/1439 1398/1398/1398 1401/1401/1401
f 1401/1401/1401 1398/1398/1398 1393/1393/1393
f 1398/1398/1398 1395/1395/1395 1382/1382/1382
f 1398/1398/1398 1382/1382/1382 1393/1393/1393
f 1395/1395/1395 1360/1360/1360 1337/1337/1337
f 1395/1395/1395 1337/1337/1337 1382/1382/1382
f 1337/1337/1337 1360/1360/1360 1273/1273/1273
f 1393/1393/1393 1382/1382/1382 1374/1374/1374
f 1374/1374/1374 1382/1382/1382 1337/1337/1337
f 1393/1393/1393 1374/1374/1374 1402/1402/1402
f 1402/1402/1402 1374/1374/1374 1369/1369/1369
f 1402/1402/1402 1369/1369/1369 1386/1386/1386
f 1386/1386/1386 1369/1369/1369 1317/1317/1317
f 1369/1369/1369 1374/1374/1374 1339/1339/1339
f 1339/1339/1339 1374/1374/1374 1337/1337/1337
f 1317/1317/1317 1369/1369/1369 1288/1288/1288
f 1288/1288/1288 1369/1369/1369 1339/1339/1339
f 1317/1317/1317 1288/1288/1288 1117/1117/1117
f 1339/1339/1339 1337/1337/1337 1205/1205/1205
f 1339/1339/1339 1205/1205/1205 1288/1288/1288
f 1117/1117/1117 1288/1288/1288 1089/1089/1089
f 1089/1089/1089 1288/1288/1288 1205/1205/1205
f 1117/1117/1117 1089/1089/1089 809/809/809
f 1205/1205/1205 1337/1337/1337 1203/1203/1203
f 1203/1203/1203 1337/1337/1337 1273/1273/1273
f 809/809/809 1089/1089/1089 787/787/787
f 809/809/809 787/787/787 364/364/364
f 1089/1089/1089 1205/1205/1205 1016/1016/1016
f 1089/1089/1089 1016/1016/1016 787/787/787
f 787/787/787 1016/1016/1016 688/688/688
f 787/787/787 688/688/688 336/336/336
f 688/688/688 1016/1016/1016 686/686/686
f 688/688/688 686/686/686 288/288/288
f 288/288/288 686/686/686 754/754/754
f 686/686/686 1016/1016/1016 1014/1014/1014
f 1014/1014/1014 1016/1016/1016 1205/1205/1205
f 686/686/686 1014/1014/1014 754/754/754
f 1014/1014/1014 1205/1205/1205 1203/1203/1203
f 754/754/754 1014/1014/1014 1074/1074/1074
f 1074/1074/1074 1014/1014/1014 1203/1203/1203
f 1074/1074/1074 1203/1203/1203 1273/1273/1273
f 754/754/754 1074/1074/1074 1115/1115/1115
f 1115/1115/1115 1074/1074/1074 1273/1273/1273
f 368/368/368 810/810/810 365/365/365
f 788/788/788 337/337/337 365/365/365
f 368/368/368 365/365/365 1642/1642/1642
f 365/365/365 337/337/337 1638/1638/1638
f 368/368/368 1642/1642/1642 1644/1644/1644
f 368/368/368 1644/1644/1644 340/340/340
f 340/340/340 1644/1644/1644 1647/1647/1647
f 1644/1644/1644 1642/1642/1642 1974/1974/1974
f 1644/1644/1644 1974/1974/1974 1647/1647/1647
f 1642/1642/1642 365/365/365 1640/1640/1640
f 1640/1640/1640 365/365/365 1638/1638/1638
f 1974/1974/1974 1642/1642/1642 1972/1972/1972
f 1972/1972/1972 1642/1642/1642 1640/1640/1640
f 1974/1974/1974 1972/1972/1972 2480/2480/2480
f 1974/1974/1974 2480/2480/2480 1647/1647/1647
f 1972/1972/1972 1640/1640/1640 1970/1970/1970
f 2480/2480/2480 1972/1972/1972 2506/2506/2506
f 2506/2506/2506 1972/1972/1972 1970/1970/1970
f 1647/1647/1647 2480/2480/2480 2800/2800/2800
f 2800/2800/2800 2480/2480/2480 2506/2506/2506
f 1647/1647/1647 2800/2800/2800 3028/3028/3028
f 1970/1970/1970 1640/1640/1640 1968/1968/1968
f 1968/1968/1968 1640/1640/1640 1638/1638/1638
f 2800/2800/2800 2506/2506/2506 2833/2833/2833
f 2800/2800/2800 2833/2833/2833 3028/3028/3028
f 2506/2506/2506 1970/1970/1970 2520/2520/2520
f 2506/2506/2506 2520/2520/2520 2833/2833/2833
f 1970/1970/1970 1968/1968/1968 2477/2477/2477
f 1970/1970/1970 2477/2477/2477 2520/2520/2520
f 3110/3110/3110 1647/1647/1647 3028/3028/3028
f 1647/1647/1647 3110/3110/3110 3154/3154/3154
f 3028/3028/3028 2833/2833/2833 3044/3044/3044
f 3028/3028/3028 3044/3044/3044 3110/3110/3110
f 2833/2833/2833 2520/2520/2520 2831/2831/2831
f 2833/2833/2833 2831/2831/2831 3044/3044/3044
f 2520/2520/2520 2477/2477/2477 2798/2798/2798
f 2520/2520/2520 2798/2798/2798 2831/2831/2831
f 3154/3154/3154 3110/3110/3110 3130/3130/3130
f 3130/3130/3130 3110/3110/3110 3044/3044/3044
f 3154/3154/3154 3130/3130/3130 3177/3177/3177
f 3044/3044/3044 2831/2831/2831 3042/3042/3042
f 3044/3044/3044 3042/3042/3042 3130/3130/3130
f 3042/3042/3042 2831/2831/2831 2798/2798/2798
f 3177/3177/3177 3130/3130/3130 3128/3128/3128
f 3128/3128/3128 3130/3130/3130 3042/3042/3042
f 3177/3177/3177 3128/3128/3128 3174/3174/3174
f 3042/3042/3042 2798/2798/2798 3026/3026/3026
f 3042/3042/3042 3026/3026/3026 3128/3128/3128
f 3174/3174/3174 3128/3128/3128 3108/3108/3108
f 3108/3108/3108 3128/3128/3128 3026/3026/3026
f 3174/3174/3174 3108/3108/3108 3151/3151/3151
f 3026/3026/3026 2798/2798/2798 2739/2739/2739
f 3151/3151/3151 3108/3108/3108 3079/3079/3079
f 3151/3151/3151 3079/3079/3079 3115/3115/3115
f 3108/3108/3108 3026/3026/3026 2906/2906/2906
f 3108/3108/3108 2906/2906/2906 3079/3079/3079
f 2906/2906/2906 3026/3026/3026 2739/2739/2739
f 3115/3115/3115 3079/3079/3079 3082/3082/3082
f 3115/3115/3115 3082/3082/3082 3120/3120/3120
f 3079/3079/3079 2906/2906/2906 2917/2917/2917
f 3079/3079/3079 2917/2917/2917 3082/3082/3082
f 2906/2906/2906 2739/2739/2739 2737/2737/2737
f 2906/2906/2906 2737/2737/2737 2917/2917/2917
f 2390/2390/2390 2739/2739/2739 2798/2798/2798
f 2739/2739/2739 2390/2390/2390 2737/2737/2737
f 2390/2390/2390 2798/2798/2798 2477/2477/2477
f 2390/2390/2390 2477/2477/2477 1968/1968/1968
f 3099/3099/3099 3120/3120/3120 3082/3082/3082
f 3120/3120/3120 3099/3099/3099 3138/3138/3138
f 3138/3138/3138 3099/3099/3099 3171/3171/3171
f 3099/3099/3099 3082/3082/3082 2994/2994/2994
f 2994/2994/2994 3082/3082/3082 2917/2917/2917
f 3171/3171/3171 3099/3099/3099 3126/3126/3126
f 3126/3126/3126 3099/3099/3099 2994/2994/2994
f 3171/3171/3171 3126/3126/3126 3124/3124/3124
f 3171/3171/3171 3124/3124/3124 3168/3168/3168
f 2994/2994/2994 2917/2917/2917 2781/2781/2781
f 2781/2781/2781 2917/2917/2917 2737/2737/2737
f 3126/3126/3126 2994/2994/2994 3040/3040/3040
f 2994/2994/2994 2781/2781/2781 2829/2829/2829
f 2994/2994/2994 2829/2829/2829 3040/3040/3040
f 2781/2781/2781 2737/2737/2737 2462/2462/2462
f 2781/2781/2781 2462/2462/2462 2829/2829/2829
f 2462/2462/2462 2737/2737/2737 2387/2387/2387
f 2387/2387/2387 2737/2737/2737 2390/2390/2390
f 3126/3126/3126 3040/3040/3040 3038/3038/3038
f 3126/3126/3126 3038/3038/3038 3124/3124/3124
f 3040/3040/3040 2829/2829/2829 2827/2827/2827
f 3040/3040/3040 2827/2827/2827 3038/3038/3038
f 2829/2829/2829 2462/2462/2462 2503/2503/2503
f 2827/2827/2827 2829/2829/2829 2500/2500/2500
f 2500/2500/2500 2829/2829/2829 2503/2503/2503
f 2503/2503/2503 2462/2462/2462 1943/1943/1943
f 1943/1943/1943 2462/2462/2462 2387/2387/2387
f 2500/2500/2500 2503/2503/2503 1964/1964/1964
f 2503/2503/2503 1943/1943/1943 1966/1966/1966
f 2503/2503/2503 1966/1966/1966 1964/1964/1964
f 1943/1943/1943 2387/2387/2387 1915/1915/1915
f 1915/1915/1915 2387/2387/2387 2390/2390/2390
f 1966/1966/1966 1943/1943/1943 1632/1632/1632
f 1632/1632/1632 1943/1943/1943 1915/1915/1915
f 1915/1915/1915 2390/2390/2390 1917/1917/1917
f 1917/1917/1917 2390/2390/2390 1968/1968/1968
f 1917/1917/1917 1968/1968/1968 1638/1638/1638
f 1915/1915/1915 1917/1917/1917 1634/1634/1634
f 1915/1915/1915 1634/1634/1634 1632/1632/1632
f 1917/1917/1917 1638/1638/1638 1636/1636/1636
f 1917/1917/1917 1636/1636/1636 1634/1634/1634
f 1636/1636/1636 1638/1638/1638 291/291/291
f 291/291/291 1638/1638/1638 337/337/337
f 291/291/291 337/337/337 689/689/689
f 291/291/291 689/689/689 289/289/289
f 291/291/291 289/289/289 1636/1636/1636
f 1636/1636/1636 289/289/289 1634/1634/1634
f 1634/1634/1634 289/289/289 1632/1632/1632
f 1632/1632/1632 289/289/289 318/318/318
f 318/318/318 289/289/289 755/755/755
f 318/318/318 755/755/755 807/807/807
f 1632/1632/1632 318/318/318 1630/1630/1630
f 318/318/318 807/807/807 362/362/362
f 318/318/318 362/362/362 1630/1630/1630
f 362/362/362 807/807/807 804/804/804
f 1632/1632/1632 1630/1630/1630 1966/1966/1966
f 362/362/362 804/804/804 360/360/360
f 362/362/362 360/360/360 1630/1630/1630
f 360/360/360 804/804/804 785/785/785
f 1966/1966/1966 1630/1630/1630 1628/1628/1628
f 1628/1628/1628 1630/1630/1630 360/360/360
f 1966/1966/1966 1628/1628/1628 1964/1964/1964
f 360/360/360 785/785/785 334/334/334
f 360/360/360 334/334/334 1628/1628/1628
f 334/334/334 785/785/785 564/564/564
f 1964/1964/1964 1628/1628/1628 1626/1626/1626
f 1626/1626/1626 1628/1628/1628 334/334/334
f 1964/1964/1964 1626/1626/1626 1962/1962/1962
f 1964/1964/1964 1962/1962/1962 2500/2500/2500
f 1626/1626/1626 334/334/334 1624/1624/1624
f 1626/1626/1626 1624/1624/1624 1962/1962/1962
f 334/334/334 564/564/564 254/254/254
f 334/334/334 254/254/254 1624/1624/1624
f 254/254/254 564/564/564 525/525/525
f 1624/1624/1624 254/254/254 1621/1621/1621
f 1621/1621/1621 254/254/254 227/227/227
f 1962/1962/1962 1624/1624/1624 1883/1883/1883
f 1883/1883/1883 1624/1624/1624 1621/1621/1621
f 2497/2497/2497 2500/2500/2500 1962/1962/1962
f 2500/2500/2500 2497/2497/2497 2827/2827/2827
f 1962/1962/1962 1883/1883/1883 2237/2237/2237
f 1962/1962/1962 2237/2237/2237 2497/2497/2497
f 1883/1883/1883 1621/1621/1621 1861/1861/1861
f 1883/1883/1883 1861/1861/1861 2237/2237/2237
f 2827/2827/2827 2497/2497/2497 2814/2814/2814
f 2814/2814/2814 2497/2497/2497 2237/2237/2237
f 2827/2827/2827 2814/2814/2814 3038/3038/3038
f 1861/1861/1861 1621/1621/1621 1820/1820/1820
f 1820/1820/1820 1621/1621/1621 1618/1618/1618
f 2237/2237/2237 1861/1861/1861 2179/2179/2179
f 2179/2179/2179 1861/1861/1861 1820/1820/1820
f 2814/2814/2814 2237/2237/2237 2614/2614/2614
f 2614/2614/2614 2237/2237/2237 2179/2179/2179
f 3038/3038/3038 2814/2814/2814 3024/3024/3024
f 3024/3024/3024 2814/2814/2814 2614/2614/2614
f 3038/3038/3038 3024/3024/3024 3124/3124/3124
f 2179/2179/2179 1820/1820/1820 2116/2116/2116
f 2116/2116/2116 1820/1820/1820 1817/1817/1817
f 2179/2179/2179 2116/2116/2116 2460/2460/2460
f 2460/2460/2460 2116/2116/2116 2434/2434/2434
f 2614/2614/2614 2179/2179/2179 2552/2552/2552
f 2552/2552/2552 2179/2179/2179 2460/2460/2460
f 2460/2460/2460 2434/2434/2434 2675/2675/2675
f 2460/2460/2460 2675/2675/2675 2552/2552/2552
f 2675/2675/2675 2434/2434/2434 2664/2664/2664
f 2614/2614/2614 2552/2552/2552 2812/2812/2812
f 2614/2614/2614 2812/2812/2812 3024/3024/3024
f 2552/2552/2552 2675/2675/2675 2755/2755/2755
f 2552/2552/2552 2755/2755/2755 2812/2812/2812
f 2675/2675/2675 2664/2664/2664 2810/2810/2810
f 2810/2810/2810 2664/2664/2664 2796/2796/2796
f 2810/2810/2810 2796/2796/2796 2878/2878/2878
f 2810/2810/2810 2878/2878/2878 2988/2988/2988
f 2675/2675/2675 2810/2810/2810 2874/2874/2874
f 2675/2675/2675 2874/2874/2874 2755/2755/2755
f 2874/2874/2874 2810/2810/2810 2988/2988/2988
f 2755/2755/2755 2874/2874/2874 2927/2927/2927
f 2927/2927/2927 2874/2874/2874 2988/2988/2988
f 2755/2755/2755 2927/2927/2927 2812/2812/2812
f 2927/2927/2927 2988/2988/2988 3057/3057/3057
f 2927/2927/2927 3057/3057/3057 3161/3161/3161
f 2812/2812/2812 2927/2927/2927 3112/3112/3112
f 3112/3112/3112 2927/2927/2927 3161/3161/3161
f 2812/2812/2812 3112/3112/3112 3024/3024/3024
f 3112/3112/3112 3161/3161/3161 3168/3168/3168
f 3024/3024/3024 3112/3112/3112 3124/3124/3124
f 3124/3124/3124 3112/3112/3112 3168/3168/3168
f 1376/1376/1376 1404/1404/1404 1340/1340/1340
f 1376/1376/1376 1340/1340/1340 1384/1384/1384
f 1340/1340/1340 1404/1404/1404 1370/1370/1370
f 1370/1370/1370 1404/1404/1404 1430/1430/1430
f 1384/1384/1384 1340/1340/1340 1338/1338/1338
f 1384/1384/1384 1338/1338/1338 1361/1361/1361
f 1384/1384/1384 1361/1361/1361 1397/1397/1397
f 1397/1397/1397 1361/1361/1361 1427/1427/1427
f 1370/1370/1370 1430/1430/1430 1387/1387/1387
f 1387/1387/1387 1430/1430/1430 1436/1436/1436
f 1340/1340/1340 1370/1370/1370 1206/1206/1206
f 1338/1338/1338 1340/1340/1340 1204/1204/1204
f 1204/1204/1204 1340/1340/1340 1206/1206/1206
f 1206/1206/1206 1370/1370/1370 1289/1289/1289
f 1289/1289/1289 1370/1370/1370 1387/1387/1387
f 1206/1206/1206 1289/1289/1289 1017/1017/1017
f 1206/1206/1206 1017/1017/1017 1204/1204/1204
f 1338/1338/1338 1204/1204/1204 1274/1274/1274
f 1338/1338/1338 1274/1274/1274 1361/1361/1361
f 1274/1274/1274 1204/1204/1204 1075/1075/1075
f 1204/1204/1204 1017/1017/1017 1015/1015/1015
f 1204/1204/1204 1015/1015/1015 1075/1075/1075
f 1274/1274/1274 1075/1075/1075 1116/1116/1116
f 1075/1075/1075 1015/1015/1015 756/756/756
f 1075/1075/1075 756/756/756 1116/1116/1116
f 1361/1361/1361 1274/1274/1274 1316/1316/1316
f 1316/1316/1316 1274/1274/1274 1116/1116/1116
f 1361/1361/1361 1316/1316/1316 1381/1381/1381
f 1361/1361/1361 1381/1381/1381 1427/1427/1427
f 1427/1427/1427 1381/1381/1381 1379/1379/1379
f 1427/1427/1427 1379/1379/1379 1424/1424/1424
f 1381/1381/1381 1316/1316/1316 1314/1314/1314
f 1381/1381/1381 1314/1314/1314 1379/1379/1379
f 1316/1316/1316 1116/1116/1116 1114/1114/1114
f 1316/1316/1316 1114/1114/1114 1314/1314/1314
f 1424/1424/1424 1379/1379/1379 1368/1368/1368
f 1424/1424/1424 1368/1368/1368 1413/1413/1413
f 1379/1379/1379 1314/1314/1314 1310/1310/1310
f 1379/1379/1379 1310/1310/1310 1368/1368/1368
f 1413/1413/1413 1368/1368/1368 1229/1229/1229
f 1413/1413/1413 1229/1229/1229 1324/1324/1324
f 1324/1324/1324 1229/1229/1229 1267/1267/1267
f 1267/1267/1267 1229/1229/1229 1160/1160/1160
f 1310/1310/1310 1314/1314/1314 1102/1102/1102
f 1102/1102/1102 1314/1314/1314 1114/1114/1114
f 1368/1368/1368 1310/1310/1310 1088/1088/1088
f 1368/1368/1368 1088/1088/1088 1229/1229/1229
f 1310/1310/1310 1102/1102/1102 907/907/907
f 1310/1310/1310 907/907/907 1088/1088/1088
f 1102/1102/1102 1114/1114/1114 786/786/786
f 1051/1051/1051 1160/1160/1160 1229/1229/1229
f 1051/1051/1051 1229/1229/1229 1088/1088/1088
f 1160/1160/1160 1051/1051/1051 962/962/962
f 1160/1160/1160 962/962/962 1086/1086/1086
f 1051/1051/1051 1088/1088/1088 857/857/857
f 1051/1051/1051 857/857/857 962/962/962
f 857/857/857 1088/1088/1088 907/907/907
f 962/962/962 857/857/857 753/753/753
f 753/753/753 857/857/857 526/526/526
f 526/526/526 857/857/857 907/907/907
f 753/753/753 526/526/526 467/467/467
f 467/467/467 526/526/526 200/200/200
f 526/526/526 907/907/907 565/565/565
f 565/565/565 907/907/907 1102/1102/1102
f 200/200/200 526/526/526 228/228/228
f 228/228/228 526/526/526 565/565/565
f 565/565/565 1102/1102/1102 786/786/786
f 200/200/200 228/228/228 1623/1623/1623
f 565/565/565 786/786/786 335/335/335
f 228/228/228 565/565/565 255/255/255
f 228/228/228 255/255/255 1623/1623/1623
f 255/255/255 565/565/565 335/335/335
f 1623/1623/1623 255/255/255 1625/1625/1625
f 1625/1625/1625 255/255/255 335/335/335
f 1623/1623/1623 1625/1625/1625 1884/1884/1884
f 1623/1623/1623 1884/1884/1884 1863/1863/1863
f 1863/1863/1863 1884/1884/1884 2182/2182/2182
f 2182/2182/2182 1884/1884/1884 2239/2239/2239
f 2239/2239/2239 1884/1884/1884 1963/1963/1963
f 1963/1963/1963 1884/1884/1884 1625/1625/1625
f 2239/2239/2239 1963/1963/1963 2499/2499/2499
f 1625/1625/1625 335/335/335 1627/1627/1627
f 1625/1625/1625 1627/1627/1627 1963/1963/1963
f 805/805/805 335/335/335 786/786/786
f 805/805/805 786/786/786 1114/1114/1114
f 805/805/805 1114/1114/1114 1116/1116/1116
f 335/335/335 805/805/805 361/361/361
f 335/335/335 361/361/361 1627/1627/1627
f 805/805/805 1116/1116/1116 808/808/808
f 805/805/805 808/808/808 361/361/361
f 808/808/808 1116/1116/1116 756/756/756
f 1627/1627/1627 361/361/361 1629/1629/1629
f 1627/1627/1627 1629/1629/1629 1963/1963/1963
f 361/361/361 808/808/808 363/363/363
f 361/361/361 363/363/363 1629/1629/1629
f 808/808/808 756/756/756 319/319/319
f 808/808/808 319/319/319 363/363/363
f 1963/1963/1963 1629/1629/1629 1965/1965/1965
f 1963/1963/1963 1965/1965/1965 2499/2499/2499
f 2499/2499/2499 1965/1965/1965 2502/2502/2502
f 1629/1629/1629 363/363/363 1631/1631/1631
f 1629/1629/1629 1631/1631/1631 1965/1965/1965
f 1631/1631/1631 363/363/363 319/319/319
f 2502/2502/2502 1965/1965/1965 1967/1967/1967
f 1967/1967/1967 1965/1965/1965 1631/1631/1631
f 2502/2502/2502 1967/1967/1967 2505/2505/2505
f 2505/2505/2505 1967/1967/1967 2464/2464/2464
f 1967/1967/1967 1631/1631/1631 1633/1633/1633
f 1633/1633/1633 1631/1631/1631 319/319/319
f 2464/2464/2464 1967/1967/1967 1944/1944/1944
f 1944/1944/1944 1967/1967/1967 1633/1633/1633
f 1633/1633/1633 319/319/319 1635/1635/1635
f 1633/1633/1633 1635/1635/1635 1944/1944/1944
f 2464/2464/2464 1944/1944/1944 1916/1916/1916
f 1916/1916/1916 1944/1944/1944 1635/1635/1635
f 2464/2464/2464 1916/1916/1916 2389/2389/2389
f 1635/1635/1635 319/319/319 290/290/290
f 290/290/290 319/319/319 756/756/756
f 1916/1916/1916 1635/1635/1635 1637/1637/1637
f 2389/2389/2389 1916/1916/1916 1918/1918/1918
f 1918/1918/1918 1916/1916/1916 1637/1637/1637
f 2389/2389/2389 1918/1918/1918 2392/2392/2392
f 290/290/290 756/756/756 687/687/687
f 687/687/687 756/756/756 1015/1015/1015
f 1635/1635/1635 290/290/290 292/292/292
f 292/292/292 290/290/290 687/687/687
f 1635/1635/1635 292/292/292 1637/1637/1637
f 687/687/687 1015/1015/1015 690/690/690
f 687/687/687 690/690/690 292/292/292
f 690/690/690 1015/1015/1015 1017/1017/1017
f 1637/1637/1637 292/292/292 338/338/338
f 338/338/338 292/292/292 690/690/690
f 1639/1639/1639 1918/1918/1918 1637/1637/1637
f 1639/1639/1639 1637/1637/1637 338/338/338
f 1969/1969/1969 2392/2392/2392 1918/1918/1918
f 1969/1969/1969 1918/1918/1918 1639/1639/1639
f 2392/2392/2392 1969/1969/1969 2479/2479/2479
f 2479/2479/2479 1969/1969/1969 1971/1971/1971
f 1971/1971/1971 1969/1969/1969 1639/1639/1639
f 2479/2479/2479 1971/1971/1971 2522/2522/2522
f 2522/2522/2522 1971/1971/1971 2508/2508/2508
f 2508/2508/2508 1971/1971/1971 1973/1973/1973
f 2508/2508/2508 1973/1973/1973 1976/1976/1976
f 1971/1971/1971 1639/1639/1639 1641/1641/1641
f 1971/1971/1971 1641/1641/1641 1973/1973/1973
f 1641/1641/1641 1639/1639/1639 366/366/366
f 366/366/366 1639/1639/1639 338/338/338
f 1973/1973/1973 1641/1641/1641 1643/1643/1643
f 1976/1976/1976 1973/1973/1973 1649/1649/1649
f 1649/1649/1649 1973/1973/1973 1643/1643/1643
f 1643/1643/1643 1641/1641/1641 369/369/369
f 369/369/369 1641/1641/1641 366/366/366
f 1649/1649/1649 1643/1643/1643 341/341/341
f 341/341/341 1643/1643/1643 369/369/369
f 1976/1976/1976 1649/1649/1649 1648/1648/1648
f 1648/1648/1648 1649/1649/1649 341/341/341
f 1976/1976/1976 1648/1648/1648 2482/2482/2482
f 341/341/341 369/369/369 791/791/791
f 341/341/341 791/791/791 1648/1648/1648
f 369/369/369 366/366/366 813/813/813
f 369/369/369 813/813/813 791/791/791
f 1648/1648/1648 791/791/791 1092/1092/1092
f 1092/1092/1092 791/791/791 813/813/813
f 1648/1648/1648 1092/1092/1092 1291/1291/1291
f 813/813/813 366/366/366 811/811/811
f 811/811/811 366/366/366 338/338/338
f 1092/1092/1092 813/813/813 1120/1120/1120
f 1092/1092/1092 1120/1120/1120 1291/1291/1291
f 813/813/813 811/811/811 1118/1118/1118
f 813/813/813 1118/1118/1118 1120/1120/1120
f 811/811/811 338/338/338 789/789/789
f 811/811/811 789/789/789 1118/1118/1118
f 789/789/789 338/338/338 690/690/690
f 789/789/789 690/690/690 1090/1090/1090
f 789/789/789 1090/1090/1090 1118/1118/1118
f 1090/1090/1090 690/690/690 1017/1017/1017
f 1090/1090/1090 1017/1017/1017 1289/1289/1289
f 1090/1090/1090 1289/1289/1289 1318/1318/1318
f 1090/1090/1090 1318/1318/1318 1118/1118/1118
f 1318/1318/1318 1289/1289/1289 1387/1387/1387
f 1320/1320/1320 1120/1120/1120 1118/1118/1118
f 1320/1320/1320 1118/1118/1118 1318/1318/1318
f 1120/1120/1120 1320/1320/1320 1291/1291/1291
f 1318/1318/1318 1387/1387/1387 1389/1389/1389
f 1318/1318/1318 1389/1389/1389 1320/1320/1320
f 1389/1389/1389 1387/1387/1387 1436/1436/1436
f 1389/1389/1389 1436/1436/1436 1407/1407/1407
f 1320/1320/1320 1389/1389/1389 1372/1372/1372
f 1320/1320/1320 1372/1372/1372 1291/1291/1291
f 1372/1372/1372 1389/1389/1389 1407/1407/1407
f 1291/1291/1291 1372/1372/1372 1648/1648/1648
f 1648/1648/1648 1372/1372/1372 1407/1407/1407
f 253/253/253 523/523/523 226/226/226
f 226/226/226 523/523/523 198/198/198
f 198/198/198 523/523/523 465/465/465
f 465/465/465 523/523/523 750/750/750
f 465/465/465 750/750/750 451/451/451
f 465/465/465 451/451/451 198/198/198
f 451/451/451 750/750/750 747/747/747
f 451/451/451 747/747/747 769/769/769
f 226/226/226 198/198/198 1617/1617/1617
f 226/226/226 1617/1617/1617 1620/1620/1620
f 198/198/198 451/451/451 196/196/196
f 198/198/198 196/196/196 1617/1617/1617
f 451/451/451 769/769/769 477/477/477
f 451/451/451 477/477/477 196/196/196
f 477/477/477 769/769/769 766/766/766
f 1617/1617/1617 196/196/196 1615/1615/1615
f 1617/1617/1617 1615/1615/1615 1819/1819/1819
f 1819/1819/1819 1615/1615/1615 1816/1816/1816
f 1615/1615/1615 196/196/196 194/194/194
f 194/194/194 196/196/196 477/477/477
f 1816/1816/1816 1615/1615/1615 1613/1613/1613
f 1613/1613/1613 1615/1615/1615 194/194/194
f 194/194/194 477/477/477 192/192/192
f 194/194/194 192/192/192 1613/1613/1613
f 463/463/463 477/477/477 766/766/766
f 477/477/477 463/463/463 192/192/192
f 463/463/463 766/766/766 416/416/416
f 416/416/416 766/766/766 665/665/665
f 192/192/192 463/463/463 172/172/172
f 172/172/172 463/463/463 416/416/416
f 416/416/416 665/665/665 606/606/606
f 192/192/192 172/172/172 1611/1611/1611
f 192/192/192 1611/1611/1611 1613/1613/1613
f 172/172/172 416/416/416 167/167/167
f 416/416/416 606/606/606 404/404/404
f 416/416/416 404/404/404 167/167/167
f 1611/1611/1611 172/172/172 1608/1608/1608
f 1608/1608/1608 172/172/172 167/167/167
f 1613/1613/1613 1611/1611/1611 1831/1831/1831
f 1831/1831/1831 1611/1611/1611 1608/1608/1608
f 404/404/404 606/606/606 358/358/358
f 167/167/167 404/404/404 144/144/144
f 144/144/144 404/404/404 358/358/358
f 358/358/358 606/606/606 543/543/543
f 543/543/543 606/606/606 744/744/744
f 543/543/543 744/744/744 450/450/450
f 543/543/543 450/450/450 358/358/358
f 450/450/450 744/744/744 593/593/593
f 144/144/144 358/358/358 273/273/273
f 273/273/273 358/358/358 450/450/450
f 1605/1605/1605 167/167/167 144/144/144
f 144/144/144 273/273/273 111/111/111
f 144/144/144 111/111/111 1605/1605/1605
f 273/273/273 450/450/450 317/317/317
f 111/111/111 273/273/273 211/211/211
f 211/211/211 273/273/273 317/317/317
f 383/383/383 450/450/450 593/593/593
f 450/450/450 383/383/383 317/317/317
f 383/383/383 593/593/593 475/475/475
f 211/211/211 317/317/317 301/301/301
f 211/211/211 301/301/301 229/229/229
f 211/211/211 229/229/229 159/159/159
f 229/229/229 301/301/301 299/299/299
f 299/299/299 301/301/301 317/317/317
f 229/229/229 299/299/299 262/262/262
f 211/211/211 159/159/159 63/63/63
f 211/211/211 63/63/63 111/111/111
f 63/63/63 159/159/159 51/51/51
f 111/111/111 63/63/63 1603/1603/1603
f 63/63/63 51/51/51 1601/1601/1601
f 63/63/63 1601/1601/1601 1603/1603/1603
f 1601/1601/1601 51/51/51 1533/1533/1533
f 111/111/111 1603/1603/1603 1605/1605/1605
f 1601/1601/1601 1533/1533/1533 1764/1764/1764
f 1764/1764/1764 1533/1533/1533 1744/1744/1744
f 1603/1603/1603 1601/1601/1601 1773/1773/1773
f 1773/1773/1773 1601/1601/1601 1764/1764/1764
f 1605/1605/1605 1603/1603/1603 1783/1783/1783
f 1783/1783/1783 1603/1603/1603 1773/1773/1773
f 1764/1764/1764 1744/1744/1744 1882/1882/1882
f 1882/1882/1882 1744/1744/1744 1849/1849/1849
f 1773/1773/1773 1764/1764/1764 1914/1914/1914
f 1914/1914/1914 1764/1764/1764 1882/1882/1882
f 1783/1783/1783 1773/1773/1773 1991/1991/1991
f 1991/1991/1991 1773/1773/1773 1914/1914/1914
f 1605/1605/1605 1783/1783/1783 1795/1795/1795
f 1795/1795/1795 1783/1783/1783 1991/1991/1991
f 1882/1882/1882 1849/1849/1849 2044/2044/2044
f 1882/1882/1882 2044/2044/2044 1914/1914/1914
f 2044/2044/2044 1849/1849/1849 1946/1946/1946
f 2044/2044/2044 1946/1946/1946 2029/2029/2029
f 1914/1914/1914 2044/2044/2044 2131/2131/2131
f 1914/1914/1914 2131/2131/2131 1991/1991/1991
f 2044/2044/2044 2029/2029/2029 2062/2062/2062
f 2044/2044/2044 2062/2062/2062 2079/2079/2079
f 2044/2044/2044 2079/2079/2079 2131/2131/2131
f 2062/2062/2062 2029/2029/2029 2078/2078/2078
f 2062/2062/2062 2078/2078/2078 2079/2079/2079
f 2078/2078/2078 2029/2029/2029 2027/2027/2027
f 1991/1991/1991 2131/2131/2131 2214/2214/2214
f 2078/2078/2078 2027/2027/2027 2055/2055/2055
f 2055/2055/2055 2027/2027/2027 1994/1994/1994
f 2079/2079/2079 2078/2078/2078 2086/2086/2086
f 2086/2086/2086 2078/2078/2078 2055/2055/2055
f 2055/2055/2055 1994/1994/1994 2087/2087/2087
f 2087/2087/2087 1994/1994/1994 2025/2025/2025
f 2086/2086/2086 2055/2055/2055 2145/2145/2145
f 2145/2145/2145 2055/2055/2055 2087/2087/2087
f 2087/2087/2087 2025/2025/2025 2204/2204/2204
f 2087/2087/2087 2204/2204/2204 2145/2145/2145
f 2204/2204/2204 2025/2025/2025 2093/2093/2093
f 2204/2204/2204 2093/2093/2093 2148/2148/2148
f 2160/2160/2160 2079/2079/2079 2086/2086/2086
f 2160/2160/2160 2086/2086/2086 2145/2145/2145
f 2204/2204/2204 2148/2148/2148 2275/2275/2275
f 2079/2079/2079 2160/2160/2160 2340/2340/2340
f 2079/2079/2079 2340/2340/2340 2131/2131/2131
f 2250/2250/2250 2145/2145/2145 2204/2204/2204
f 2131/2131/2131 2340/2340/2340 2455/2455/2455
f 2275/2275/2275 2148/2148/2148 2317/2317/2317
f 2317/2317/2317 2148/2148/2148 2183/2183/2183
f 2204/2204/2204 2275/2275/2275 2319/2319/2319
f 2204/2204/2204 2319/2319/2319 2250/2250/2250
f 2319/2319/2319 2275/2275/2275 2317/2317/2317
f 2317/2317/2317 2183/2183/2183 2217/2217/2217
f 2250/2250/2250 2319/2319/2319 2294/2294/2294
f 2250/2250/2250 2294/2294/2294 2145/2145/2145
f 2145/2145/2145 2294/2294/2294 2160/2160/2160
f 2294/2294/2294 2319/2319/2319 2357/2357/2357
f 2357/2357/2357 2319/2319/2319 2317/2317/2317
f 2160/2160/2160 2294/2294/2294 2473/2473/2473
f 2160/2160/2160 2473/2473/2473 2340/2340/2340
f 2473/2473/2473 2294/2294/2294 2357/2357/2357
f 2357/2357/2357 2317/2317/2317 2355/2355/2355
f 2355/2355/2355 2317/2317/2317 2217/2217/2217
f 2355/2355/2355 2217/2217/2217 2423/2423/2423
f 2355/2355/2355 2423/2423/2423 2357/2357/2357
f 2423/2423/2423 2217/2217/2217 2251/2251/2251
f 2357/2357/2357 2423/2423/2423 2586/2586/2586
f 2357/2357/2357 2586/2586/2586 2473/2473/2473
f 2586/2586/2586 2423/2423/2423 2471/2471/2471
f 2473/2473/2473 2586/2586/2586 2703/2703/2703
f 2703/2703/2703 2586/2586/2586 2638/2638/2638
f 2612/2612/2612 2340/2340/2340 2473/2473/2473
f 2612/2612/2612 2473/2473/2473 2703/2703/2703
f 2340/2340/2340 2612/2612/2612 2455/2455/2455
f 2612/2612/2612 2703/2703/2703 2688/2688/2688
f 2612/2612/2612 2688/2688/2688 2455/2455/2455
f 2688/2688/2688 2703/2703/2703 2772/2772/2772
f 2688/2688/2688 2772/2772/2772 2822/2822/2822
f 2455/2455/2455 2214/2214/2214 2131/2131/2131
f 2214/2214/2214 2455/2455/2455 2295/2295/2295
f 2214/2214/2214 2295/2295/2295 1991/1991/1991
f 2455/2455/2455 2688/2688/2688 2550/2550/2550
f 2455/2455/2455 2550/2550/2550 2295/2295/2295
f 2688/2688/2688 2822/2822/2822 2735/2735/2735
f 2688/2688/2688 2735/2735/2735 2550/2550/2550
f 2735/2735/2735 2822/2822/2822 2825/2825/2825
f 2825/2825/2825 2822/2822/2822 2886/2886/2886
f 2550/2550/2550 2735/2735/2735 2594/2594/2594
f 2550/2550/2550 2594/2594/2594 2295/2295/2295
f 2594/2594/2594 2735/2735/2735 2825/2825/2825
f 2825/2825/2825 2886/2886/2886 2891/2891/2891
f 2825/2825/2825 2891/2891/2891 2838/2838/2838
f 2838/2838/2838 2891/2891/2891 2871/2871/2871
f 2838/2838/2838 2871/2871/2871 2795/2795/2795
f 2795/2795/2795 2871/2871/2871 2876/2876/2876
f 2838/2838/2838 2795/2795/2795 2690/2690/2690
f 2838/2838/2838 2690/2690/2690 2825/2825/2825
f 2690/2690/2690 2795/2795/2795 2663/2663/2663
f 2673/2673/2673 2594/2594/2594 2825/2825/2825
f 2673/2673/2673 2825/2825/2825 2690/2690/2690
f 2594/2594/2594 2673/2673/2673 2359/2359/2359
f 2594/2594/2594 2359/2359/2359 2295/2295/2295
f 2673/2673/2673 2690/2690/2690 2457/2457/2457
f 2673/2673/2673 2457/2457/2457 2359/2359/2359
f 2690/2690/2690 2663/2663/2663 2474/2474/2474
f 2690/2690/2690 2474/2474/2474 2457/2457/2457
f 2474/2474/2474 2663/2663/2663 2433/2433/2433
f 2295/2295/2295 2359/2359/2359 2045/2045/2045
f 2295/2295/2295 2045/2045/2045 1991/1991/1991
f 2359/2359/2359 2457/2457/2457 2063/2063/2063
f 2359/2359/2359 2063/2063/2063 2045/2045/2045
f 1991/1991/1991 2045/2045/2045 1795/1795/1795
f 1795/1795/1795 2045/2045/2045 2063/2063/2063
f 2132/2132/2132 2457/2457/2457 2474/2474/2474
f 2457/2457/2457 2132/2132/2132 2063/2063/2063
f 2132/2132/2132 2474/2474/2474 2135/2135/2135
f 2135/2135/2135 2474/2474/2474 2433/2433/2433
f 2063/2063/2063 2132/2132/2132 1831/1831/1831
f 1831/1831/1831 2132/2132/2132 2135/2135/2135
f 1795/1795/1795 2063/2063/2063 1803/1803/1803
f 1803/1803/1803 2063/2063/2063 1831/1831/1831
f 1795/1795/1795 1803/1803/1803 1607/1607/1607
f 1795/1795/1795 1607/1607/1607 1605/1605/1605
f 1605/1605/1605 1607/1607/1607 167/167/167
f 167/167/167 1607/1607/1607 1608/1608/1608
f 1608/1608/1608 1607/1607/1607 1803/1803/1803
f 1608/1608/1608 1803/1803/1803 1831/1831/1831
f 1833/1833/1833 1831/1831/1831 2135/2135/2135
f 1831/1831/1831 1833/1833/1833 1613/1613/1613
f 1613/1613/1613 1833/1833/1833 1816/1816/1816
f 1833/1833/1833 2135/2135/2135 2112/2112/2112
f 1833/1833/1833 2112/2112/2112 1816/1816/1816
f 2112/2112/2112 2135/2135/2135 2433/2433/2433
f 1816/1816/1816 2112/2112/2112 2115/2115/2115
f 2115/2115/2115 2112/2112/2112 2433/2433/2433
f 2877/2877/2877 2872/2872/2872 2937/2937/2937
f 2877/2877/2877 2937/2937/2937 2987/2987/2987
f 2937/2937/2937 2872/2872/2872 2925/2925/2925
f 2925/2925/2925 2872/2872/2872 2892/2892/2892
f 2925/2925/2925 2892/2892/2892 2966/2966/2966
f 2966/2966/2966 2892/2892/2892 2887/2887/2887
f 2925/2925/2925 2966/2966/2966 2950/2950/2950
f 2925/2925/2925 2950/2950/2950 2937/2937/2937
f 2966/2966/2966 2887/2887/2887 2948/2948/2948
f 3036/3036/3036 2987/2987/2987 2937/2937/2937
f 2948/2948/2948 2887/2887/2887 2823/2823/2823
f 2987/2987/2987 3036/3036/3036 3086/3086/3086
f 2987/2987/2987 3086/3086/3086 3056/3056/3056
f 3036/3036/3036 2937/2937/2937 3062/3062/3062
f 3036/3036/3036 3062/3062/3062 3086/3086/3086
f 3056/3056/3056 3086/3086/3086 3202/3202/3202
f 3056/3056/3056 3202/3202/3202 3160/3160/3160
f 3062/3062/3062 2937/2937/2937 2968/2968/2968
f 2968/2968/2968 2937/2937/2937 2950/2950/2950
f 2968/2968/2968 2950/2950/2950 2938/2938/2938
f 2968/2968/2968 2938/2938/2938 3062/3062/3062
f 3086/3086/3086 3062/3062/3062 3098/3098/3098
f 3086/3086/3086 3098/3098/3098 3202/3202/3202
f 3160/3160/3160 3202/3202/3202 3208/3208/3208
f 3160/3160/3160 3208/3208/3208 3167/3167/3167
f 3167/3167/3167 3208/3208/3208 3210/3210/3210
f 3167/3167/3167 3210/3210/3210 3170/3170/3170
f 3170/3170/3170 3210/3210/3210 3137/3137/3137
f 3137/3137/3137 3210/3210/3210 3183/3183/3183
f 3137/3137/3137 3183/3183/3183 3119/3119/3119
f 3119/3119/3119 3183/3183/3183 3133/3133/3133
f 3119/3119/3119 3133/3133/3133 3114/3114/3114
f 3183/3183/3183 3210/3210/3210 3189/3189/3189
f 3183/3183/3183 3189/3189/3189 3133/3133/3133
f 3225/3225/3225 3210/3210/3210 3208/3208/3208
f 3210/3210/3210 3225/3225/3225 3189/3189/3189
f 3225/3225/3225 3208/3208/3208 3224/3224/3224
f 3224/3224/3224 3208/3208/3208 3202/3202/3202
f 3225/3225/3225 3224/3224/3224 3211/3211/3211
f 3225/3225/3225 3211/3211/3211 3189/3189/3189
f 3224/3224/3224 3202/3202/3202 3221/3221/3221
f 3221/3221/3221 3202/3202/3202 3098/3098/3098
f 3211/3211/3211 3224/3224/3224 3209/3209/3209
f 3209/3209/3209 3224/3224/3224 3221/3221/3221
f 3221/3221/3221 3098/3098/3098 3203/3203/3203
f 3221/3221/3221 3203/3203/3203 3209/3209/3209
f 3141/3141/3141 3133/3133/3133 3189/3189/3189
f 3141/3141/3141 3189/3189/3189 3134/3134/3134
f 3133/3133/3133 3141/3141/3141 3140/3140/3140
f 3140/3140/3140 3141/3141/3141 3134/3134/3134
f 3184/3184/3184 3189/3189/3189 3211/3211/3211
f 3189/3189/3189 3184/3184/3184 3134/3134/3134
f 3172/3172/3172 3211/3211/3211 3209/3209/3209
f 3211/3211/3211 3172/3172/3172 3184/3184/3184
f 3172/3172/3172 3209/3209/3209 3169/3169/3169
f 3169/3169/3169 3209/3209/3209 3203/3203/3203
f 3184/3184/3184 3172/3172/3172 3139/3139/3139
f 3172/3172/3172 3169/3169/3169 3127/3127/3127
f 3172/3172/3172 3127/3127/3127 3139/3139/3139
f 3121/3121/3121 3134/3134/3134 3184/3184/3184
f 3121/3121/3121 3184/3184/3184 3139/3139/3139
f 3134/3134/3134 3121/3121/3121 3116/3116/3116
f 3121/3121/3121 3139/3139/3139 3083/3083/3083
f 3121/3121/3121 3083/3083/3083 3116/3116/3116
f 3139/3139/3139 3127/3127/3127 3100/3100/3100
f 3139/3139/3139 3100/3100/3100 3083/3083/3083
f 3100/3100/3100 3127/3127/3127 2995/2995/2995
f 3100/3100/3100 2995/2995/2995 3083/3083/3083
f 3134/3134/3134 3116/3116/3116 3136/3136/3136
f 3134/3134/3134 3136/3136/3136 3140/3140/3140
f 3136/3136/3136 3116/3116/3116 3152/3152/3152
f 3140/3140/3140 3136/3136/3136 3196/3196/3196
f 3196/3196/3196 3136/3136/3136 3152/3152/3152
f 3140/3140/3140 3196/3196/3196 3212/3212/3212
f 3140/3140/3140 3212/3212/3212 3135/3135/3135
f 3140/3140/3140 3135/3135/3135 3133/3133/3133
f 3133/3133/3133 3135/3135/3135 3114/3114/3114
f 3114/3114/3114 3135/3135/3135 3195/3195/3195
f 3195/3195/3195 3135/3135/3135 3212/3212/3212
f 3114/3114/3114 3195/3195/3195 3150/3150/3150
f 3212/3212/3212 3196/3196/3196 3226/3226/3226
f 3212/3212/3212 3226/3226/3226 3195/3195/3195
f 3150/3150/3150 3195/3195/3195 3213/3213/3213
f 3213/3213/3213 3195/3195/3195 3226/3226/3226
f 3150/3150/3150 3213/3213/3213 3173/3173/3173
f 3226/3226/3226 3196/3196/3196 3214/3214/3214
f 3214/3214/3214 3196/3196/3196 3152/3152/3152
f 3213/3213/3213 3226/3226/3226 3227/3227/3227
f 3227/3227/3227 3226/3226/3226 3214/3214/3214
f 3173/3173/3173 3213/3213/3213 3215/3215/3215
f 3215/3215/3215 3213/3213/3213 3227/3227/3227
f 3173/3173/3173 3215/3215/3215 3176/3176/3176
f 3176/3176/3176 3215/3215/3215 3197/3197/3197
f 3176/3176/3176 3197/3197/3197 3153/3153/3153
f 3153/3153/3153 3197/3197/3197 1645/1645/1645
f 3197/3197/3197 3215/3215/3215 3217/3217/3217
f 3217/3217/3217 3215/3215/3215 3227/3227/3227
f 3197/3197/3197 3217/3217/3217 1645/1645/1645
f 3217/3217/3217 3227/3227/3227 3198/3198/3198
f 3217/3217/3217 3198/3198/3198 1645/1645/1645
f 3198/3198/3198 3227/3227/3227 3216/3216/3216
f 3216/3216/3216 3227/3227/3227 3214/3214/3214
f 3198/3198/3198 3216/3216/3216 3155/3155/3155
f 3198/3198/3198 3155/3155/3155 1645/1645/1645
f 3216/3216/3216 3214/3214/3214 3175/3175/3175
f 3175/3175/3175 3214/3214/3214 3152/3152/3152
f 3155/3155/3155 3216/3216/3216 3178/3178/3178
f 3178/3178/3178 3216/3216/3216 3175/3175/3175
f 1645/1645/1645 3155/3155/3155 3111/3111/3111
f 3111/3111/3111 3155/3155/3155 3178/3178/3178
f 3111/3111/3111 3178/3178/3178 3131/3131/3131
f 3131/3131/3131 3178/3178/3178 3175/3175/3175
f 1645/1645/1645 3111/3111/3111 3029/3029/3029
f 3029/3029/3029 3111/3111/3111 3131/3131/3131
f 1645/1645/1645 3029/3029/3029 2801/2801/2801
f 1645/1645/1645 2801/2801/2801 2481/2481/2481
f 3029/3029/3029 3131/3131/3131 3045/3045/3045
f 3029/3029/3029 3045/3045/3045 2801/2801/2801
f 3131/3131/3131 3175/3175/3175 3129/3129/3129
f 3129/3129/3129 3175/3175/3175 3152/3152/3152
f 3045/3045/3045 3131/3131/3131 3043/3043/3043
f 3043/3043/3043 3131/3131/3131 3129/3129/3129
f 2801/2801/2801 3045/3045/3045 2834/2834/2834
f 2834/2834/2834 3045/3045/3045 3043/3043/3043
f 2801/2801/2801 2834/2834/2834 2481/2481/2481
f 2481/2481/2481 2834/2834/2834 2507/2507/2507
f 2481/2481/2481 2507/2507/2507 1975/1975/1975
f 2507/2507/2507 2834/2834/2834 2832/2832/2832
f 2832/2832/2832 2834/2834/2834 3043/3043/3043
f 2507/2507/2507 2832/2832/2832 2521/2521/2521
f 3027/3027/3027 3043/3043/3043 3129/3129/3129
f 3043/3043/3043 3027/3027/3027 2832/2832/2832
f 2521/2521/2521 2832/2832/2832 2799/2799/2799
f 2799/2799/2799 2832/2832/2832 3027/3027/3027
f 2521/2521/2521 2799/2799/2799 2478/2478/2478
f 3027/3027/3027 3129/3129/3129 3109/3109/3109
f 3109/3109/3109 3129/3129/3129 3152/3152/3152
f 3109/3109/3109 3152/3152/3152 3116/3116/3116
f 3109/3109/3109 3116/3116/3116 3080/3080/3080
f 3109/3109/3109 3080/3080/3080 3027/3027/3027
f 3080/3080/3080 3116/3116/3116 3083/3083/3083
f 3027/3027/3027 3080/3080/3080 2907/2907/2907
f 2907/2907/2907 3080/3080/3080 3083/3083/3083
f 3027/3027/3027 2907/2907/2907 2799/2799/2799
f 2907/2907/2907 3083/3083/3083 2918/2918/2918
f 2918/2918/2918 3083/3083/3083 2995/2995/2995
f 2799/2799/2799 2907/2907/2907 2740/2740/2740
f 2799/2799/2799 2740/2740/2740 2478/2478/2478
f 2478/2478/2478 2740/2740/2740 2391/2391/2391
f 2391/2391/2391 2740/2740/2740 2388/2388/2388
f 2740/2740/2740 2907/2907/2907 2738/2738/2738
f 2740/2740/2740 2738/2738/2738 2388/2388/2388
f 2738/2738/2738 2907/2907/2907 2918/2918/2918
f 2388/2388/2388 2738/2738/2738 2463/2463/2463
f 2738/2738/2738 2918/2918/2918 2782/2782/2782
f 2738/2738/2738 2782/2782/2782 2463/2463/2463
f 2782/2782/2782 2918/2918/2918 2995/2995/2995
f 2463/2463/2463 2782/2782/2782 2504/2504/2504
f 2782/2782/2782 2995/2995/2995 2830/2830/2830
f 2782/2782/2782 2830/2830/2830 2504/2504/2504
f 2830/2830/2830 2995/2995/2995 3041/3041/3041
f 3041/3041/3041 2995/2995/2995 3127/3127/3127
f 2504/2504/2504 2830/2830/2830 2828/2828/2828
f 2504/2504/2504 2828/2828/2828 2501/2501/2501
f 2830/2830/2830 3041/3041/3041 3039/3039/3039
f 2830/2830/2830 3039/3039/3039 2828/2828/2828
f 3041/3041/3041 3127/3127/3127 3125/3125/3125
f 3041/3041/3041 3125/3125/3125 3039/3039/3039
f 3125/3125/3125 3127/3127/3127 3169/3169/3169
f 2501/2501/2501 2828/2828/2828 2815/2815/2815
f 2501/2501/2501 2815/2815/2815 2498/2498/2498
f 2828/2828/2828 3039/3039/3039 3025/3025/3025
f 2828/2828/2828 3025/3025/3025 2815/2815/2815
f 3039/3039/3039 3125/3125/3125 3113/3113/3113
f 3039/3039/3039 3113/3113/3113 3025/3025/3025
f 3125/3125/3125 3169/3169/3169 3162/3162/3162
f 3125/3125/3125 3162/3162/3162 3113/3113/3113
f 3162/3162/3162 3169/3169/3169 3203/3203/3203
f 2615/2615/2615 2498/2498/2498 2815/2815/2815
f 2498/2498/2498 2615/2615/2615 2238/2238/2238
f 2813/2813/2813 2815/2815/2815 3025/3025/3025
f 2813/2813/2813 3025/3025/3025 3113/3113/3113
f 2815/2815/2815 2813/2813/2813 2615/2615/2615
f 2238/2238/2238 2615/2615/2615 2181/2181/2181
f 2813/2813/2813 3113/3113/3113 2928/2928/2928
f 2928/2928/2928 3113/3113/3113 3162/3162/3162
f 2181/2181/2181 2615/2615/2615 2553/2553/2553
f 2615/2615/2615 2813/2813/2813 2756/2756/2756
f 2615/2615/2615 2756/2756/2756 2553/2553/2553
f 2181/2181/2181 2553/2553/2553 2461/2461/2461
f 2461/2461/2461 2553/2553/2553 2756/2756/2756
f 2181/2181/2181 2461/2461/2461 2118/2118/2118
f 2118/2118/2118 2461/2461/2461 2114/2114/2114
f 2461/2461/2461 2756/2756/2756 2676/2676/2676
f 2114/2114/2114 2461/2461/2461 2435/2435/2435
f 2114/2114/2114 2435/2435/2435 2476/2476/2476
f 2461/2461/2461 2676/2676/2676 2665/2665/2665
f 2461/2461/2461 2665/2665/2665 2435/2435/2435
f 2676/2676/2676 2756/2756/2756 2811/2811/2811
f 2676/2676/2676 2811/2811/2811 2665/2665/2665
f 2875/2875/2875 2756/2756/2756 2813/2813/2813
f 2756/2756/2756 2875/2875/2875 2811/2811/2811
f 2875/2875/2875 2813/2813/2813 2928/2928/2928
f 2691/2691/2691 2476/2476/2476 2435/2435/2435
f 2691/2691/2691 2435/2435/2435 2665/2665/2665
f 2875/2875/2875 2928/2928/2928 3058/3058/3058
f 3058/3058/3058 2928/2928/2928 3162/3162/3162
f 3058/3058/3058 3162/3162/3162 3203/3203/3203
f 2875/2875/2875 3058/3058/3058 2989/2989/2989
f 2875/2875/2875 2989/2989/2989 2811/2811/2811
f 3058/3058/3058 3203/3203/3203 3087/3087/3087
f 3058/3058/3058 3087/3087/3087 2989/2989/2989
f 3087/3087/3087 3203/3203/3203 3098/3098/3098
f 3087/3087/3087 3098/3098/3098 3062/3062/3062
f 3087/3087/3087 3062/3062/3062 3037/3037/3037
f 3087/3087/3087 3037/3037/3037 2989/2989/2989
f 3037/3037/3037 3062/3062/3062 2938/2938/2938
f 3037/3037/3037 2938/2938/2938 2989/2989/2989
f 2879/2879/2879 2811/2811/2811 2989/2989/2989
f 2879/2879/2879 2989/2989/2989 2938/2938/2938
f 2879/2879/2879 2938/2938/2938 2926/2926/2926
f 2926/2926/2926 2938/2938/2938 2950/2950/2950
f 2811/2811/2811 2879/2879/2879 2873/2873/2873
f 2873/2873/2873 2879/2879/2879 2926/2926/2926
f 2926/2926/2926 2950/2950/2950 2993/2993/2993
f 2993/2993/2993 2950/2950/2950 2966/2966/2966
f 2873/2873/2873 2926/2926/2926 2967/2967/2967
f 2967/2967/2967 2926/2926/2926 2993/2993/2993
f 2993/2993/2993 2966/2966/2966 2948/2948/2948
f 2811/2811/2811 2873/2873/2873 2797/2797/2797
f 2811/2811/2811 2797/2797/2797 2665/2665/2665
f 2873/2873/2873 2967/2967/2967 2893/2893/2893
f 2873/2873/2873 2893/2893/2893 2797/2797/2797
f 2665/2665/2665 2797/2797/2797 2839/2839/2839
f 2839/2839/2839 2797/2797/2797 2893/2893/2893
f 2665/2665/2665 2839/2839/2839 2691/2691/2691
f 2691/2691/2691 2839/2839/2839 2674/2674/2674
f 2691/2691/2691 2674/2674/2674 2476/2476/2476
f 2839/2839/2839 2893/2893/2893 2826/2826/2826
f 2839/2839/2839 2826/2826/2826 2674/2674/2674
f 2476/2476/2476 2674/2674/2674 2459/2459/2459
f 2476/2476/2476 2459/2459/2459 2134/2134/2134
f 2459/2459/2459 2674/2674/2674 2360/2360/2360
f 2459/2459/2459 2360/2360/2360 2065/2065/2065
f 2065/2065/2065 2360/2360/2360 2297/2297/2297
f 2360/2360/2360 2674/2674/2674 2595/2595/2595
f 2595/2595/2595 2674/2674/2674 2826/2826/2826
f 2297/2297/2297 2360/2360/2360 2551/2551/2551
f 2551/2551/2551 2360/2360/2360 2595/2595/2595
f 2297/2297/2297 2551/2551/2551 2456/2456/2456
f 2297/2297/2297 2456/2456/2456 2216/2216/2216
f 2551/2551/2551 2595/2595/2595 2736/2736/2736
f 2736/2736/2736 2595/2595/2595 2826/2826/2826
f 2551/2551/2551 2736/2736/2736 2689/2689/2689
f 2551/2551/2551 2689/2689/2689 2456/2456/2456
f 2216/2216/2216 2456/2456/2456 2321/2321/2321
f 2216/2216/2216 2321/2321/2321 2091/2091/2091
f 2091/2091/2091 2321/2321/2321 2147/2147/2147
f 2321/2321/2321 2456/2456/2456 2454/2454/2454
f 2321/2321/2321 2454/2454/2454 2147/2147/2147
f 2456/2456/2456 2689/2689/2689 2613/2613/2613
f 2456/2456/2456 2613/2613/2613 2454/2454/2454
f 2613/2613/2613 2689/2689/2689 2705/2705/2705
f 2454/2454/2454 2613/2613/2613 2574/2574/2574
f 2574/2574/2574 2613/2613/2613 2705/2705/2705
f 2147/2147/2147 2454/2454/2454 2277/2277/2277
f 2774/2774/2774 2689/2689/2689 2736/2736/2736
f 2689/2689/2689 2774/2774/2774 2705/2705/2705
f 2774/2774/2774 2736/2736/2736 2824/2824/2824
f 2824/2824/2824 2736/2736/2736 2826/2826/2826
f 2705/2705/2705 2774/2774/2774 2821/2821/2821
f 2774/2774/2774 2824/2824/2824 2853/2853/2853
f 2774/2774/2774 2853/2853/2853 2821/2821/2821
f 2824/2824/2824 2826/2826/2826 2888/2888/2888
f 2824/2824/2824 2888/2888/2888 2853/2853/2853
f 2888/2888/2888 2826/2826/2826 2893/2893/2893
f 2888/2888/2888 2893/2893/2893 2967/2967/2967
f 2888/2888/2888 2967/2967/2967 2949/2949/2949
f 2888/2888/2888 2949/2949/2949 2853/2853/2853
f 2949/2949/2949 2967/2967/2967 2993/2993/2993
f 2949/2949/2949 2993/2993/2993 2986/2986/2986
f 2949/2949/2949 2986/2986/2986 2853/2853/2853
f 2986/2986/2986 2993/2993/2993 2948/2948/2948
f 2853/2853/2853 2986/2986/2986 2862/2862/2862
f 2862/2862/2862 2986/2986/2986 2948/2948/2948
f 2853/2853/2853 2862/2862/2862 2821/2821/2821
f 2862/2862/2862 2948/2948/2948 2852/2852/2852
f 2852/2852/2852 2948/2948/2948 2823/2823/2823
f 2852/2852/2852 2823/2823/2823 2773/2773/2773
f 2852/2852/2852 2773/2773/2773 2820/2820/2820
f 2852/2852/2852 2820/2820/2820 2862/2862/2862
f 2820/2820/2820 2773/2773/2773 2704/2704/2704
f 2821/2821/2821 2862/2862/2862 2843/2843/2843
f 2843/2843/2843 2862/2862/2862 2820/2820/2820
f 2820/2820/2820 2704/2704/2704 2753/2753/2753
f 2820/2820/2820 2753/2753/2753 2843/2843/2843
f 2753/2753/2753 2704/2704/2704 2639/2639/2639
f 2843/2843/2843 2753/2753/2753 2764/2764/2764
f 2843/2843/2843 2764/2764/2764 2821/2821/2821
f 2764/2764/2764 2753/2753/2753 2639/2639/2639
f 2821/2821/2821 2764/2764/2764 2754/2754/2754
f 2821/2821/2821 2754/2754/2754 2705/2705/2705
f 2764/2764/2764 2639/2639/2639 2650/2650/2650
f 2764/2764/2764 2650/2650/2650 2754/2754/2754
f 2705/2705/2705 2754/2754/2754 2627/2627/2627
f 2627/2627/2627 2754/2754/2754 2650/2650/2650
f 2705/2705/2705 2627/2627/2627 2574/2574/2574
f 2650/2650/2650 2639/2639/2639 2472/2472/2472
f 2472/2472/2472 2639/2639/2639 2587/2587/2587
f 2627/2627/2627 2650/2650/2650 2496/2496/2496
f 2496/2496/2496 2650/2650/2650 2472/2472/2472
f 2574/2574/2574 2627/2627/2627 2453/2453/2453
f 2453/2453/2453 2627/2627/2627 2496/2496/2496
f 2453/2453/2453 2496/2496/2496 2341/2341/2341
f 2341/2341/2341 2496/2496/2496 2322/2322/2322
f 2322/2322/2322 2496/2496/2496 2472/2472/2472
f 2322/2322/2322 2472/2472/2472 2252/2252/2252
f 2252/2252/2252 2472/2472/2472 2424/2424/2424
f 2453/2453/2453 2341/2341/2341 2315/2315/2315
f 2453/2453/2453 2315/2315/2315 2401/2401/2401
f 2453/2453/2453 2401/2401/2401 2574/2574/2574
f 2401/2401/2401 2315/2315/2315 2249/2249/2249
f 2574/2574/2574 2401/2401/2401 2358/2358/2358
f 2574/2574/2574 2358/2358/2358 2454/2454/2454
f 2401/2401/2401 2249/2249/2249 2356/2356/2356
f 2401/2401/2401 2356/2356/2356 2358/2358/2358
f 2356/2356/2356 2249/2249/2249 2235/2235/2235
f 2454/2454/2454 2358/2358/2358 2277/2277/2277
f 2356/2356/2356 2235/2235/2235 2318/2318/2318
f 2356/2356/2356 2318/2318/2318 2358/2358/2358
f 2318/2318/2318 2235/2235/2235 2203/2203/2203
f 2318/2318/2318 2203/2203/2203 2159/2159/2159
f 2358/2358/2358 2318/2318/2318 2320/2320/2320
f 2358/2358/2358 2320/2320/2320 2277/2277/2277
f 2318/2318/2318 2159/2159/2159 2276/2276/2276
f 2318/2318/2318 2276/2276/2276 2320/2320/2320
f 2276/2276/2276 2159/2159/2159 2205/2205/2205
f 2276/2276/2276 2205/2205/2205 2320/2320/2320
f 2205/2205/2205 2159/2159/2159 2111/2111/2111
f 2277/2277/2277 2320/2320/2320 2236/2236/2236
f 2236/2236/2236 2320/2320/2320 2205/2205/2205
f 2205/2205/2205 2111/2111/2111 2041/2041/2041
f 2205/2205/2205 2041/2041/2041 2089/2089/2089
f 2205/2205/2205 2089/2089/2089 2130/2130/2130
f 2205/2205/2205 2130/2130/2130 2236/2236/2236
f 2236/2236/2236 2130/2130/2130 2277/2277/2277
f 2277/2277/2277 2130/2130/2130 2147/2147/2147
f 2147/2147/2147 2130/2130/2130 2058/2058/2058
f 2323/2323/2323 2253/2253/2253 2185/2185/2185
f 2185/2185/2185 2253/2253/2253 2218/2218/2218
f 2323/2323/2323 2185/2185/2185 2219/2219/2219
f 2323/2323/2323 2219/2219/2219 2342/2342/2342
f 2342/2342/2342 2219/2219/2219 2240/2240/2240
f 2342/2342/2342 2240/2240/2240 2316/2316/2316
f 2316/2316/2316 2240/2240/2240 2221/2221/2221
f 2221/2221/2221 2240/2240/2240 2242/2242/2242
f 2240/2240/2240 2219/2219/2219 2222/2222/2222
f 2240/2240/2240 2222/2222/2222 2242/2242/2242
f 2222/2222/2222 2219/2219/2219 2161/2161/2161
f 2161/2161/2161 2219/2219/2219 2185/2185/2185
f 2242/2242/2242 2222/2222/2222 2324/2324/2324
f 2224/2224/2224 2242/2242/2242 2344/2344/2344
f 2344/2344/2344 2242/2242/2242 2324/2324/2324
f 2324/2324/2324 2222/2222/2222 2254/2254/2254
f 2254/2254/2254 2222/2222/2222 2161/2161/2161
f 2344/2344/2344 2324/2324/2324 2511/2511/2511
f 2344/2344/2344 2511/2511/2511 2525/2525/2525
f 2525/2525/2525 2511/2511/2511 2694/2694/2694
f 2511/2511/2511 2324/2324/2324 2427/2427/2427
f 2427/2427/2427 2324/2324/2324 2254/2254/2254
f 2694/2694/2694 2511/2511/2511 2667/2667/2667
f 2254/2254/2254 2161/2161/2161 2164/2164/2164
f 2427/2427/2427 2254/2254/2254 2329/2329/2329
f 2329/2329/2329 2254/2254/2254 2164/2164/2164
f 2511/2511/2511 2427/2427/2427 2629/2629/2629
f 2629/2629/2629 2427/2427/2427 2329/2329/2329
f 2511/2511/2511 2629/2629/2629 2667/2667/2667
f 2629/2629/2629 2329/2329/2329 2527/2527/2527
f 2694/2694/2694 2667/2667/2667 2709/2709/2709
f 2709/2709/2709 2667/2667/2667 2629/2629/2629
f 2694/2694/2694 2709/2709/2709 2722/2722/2722
f 2629/2629/2629 2527/2527/2527 2651/2651/2651
f 2629/2629/2629 2651/2651/2651 2709/2709/2709
f 2651/2651/2651 2527/2527/2527 2565/2565/2565
f 2651/2651/2651 2565/2565/2565 2601/2601/2601
f 2651/2651/2651 2601/2601/2601 2696/2696/2696
f 2651/2651/2651 2696/2696/2696 2709/2709/2709
f 2696/2696/2696 2601/2601/2601 2591/2591/2591
f 2746/2746/2746 2722/2722/2722 2709/2709/2709
f 2746/2746/2746 2709/2709/2709 2696/2696/2696
f 2722/2722/2722 2746/2746/2746 2759/2759/2759
f 2696/2696/2696 2591/2591/2591 2680/2680/2680
f 2696/2696/2696 2680/2680/2680 2746/2746/2746
f 2759/2759/2759 2746/2746/2746 2744/2744/2744
f 2744/2744/2744 2746/2746/2746 2680/2680/2680
f 2759/2759/2759 2744/2744/2744 2761/2761/2761
f 2680/2680/2680 2591/2591/2591 2641/2641/2641
f 2680/2680/2680 2641/2641/2641 2744/2744/2744
f 2641/2641/2641 2591/2591/2591 2546/2546/2546
f 2761/2761/2761 2744/2744/2744 2713/2713/2713
f 2641/2641/2641 2546/2546/2546 2645/2645/2645
f 2641/2641/2641 2645/2645/2645 2683/2683/2683
f 2683/2683/2683 2645/2645/2645 2724/2724/2724
f 2744/2744/2744 2641/2641/2641 2681/2681/2681
f 2744/2744/2744 2681/2681/2681 2713/2713/2713
f 2681/2681/2681 2641/2641/2641 3089/3089/3089
f 3089/3089/3089 2641/2641/2641 2683/2683/2683
f 2713/2713/2713 2681/2681/2681 2952/2952/2952
f 2952/2952/2952 2681/2681/2681 3089/3089/3089
f 2713/2713/2713 2952/2952/2952 2939/2939/2939
f 2713/2713/2713 2939/2939/2939 2954/2954/2954
f 2954/2954/2954 2939/2939/2939 2951/2951/2951
f 2951/2951/2951 2939/2939/2939 2952/2952/2952
f 2954/2954/2954 2951/2951/2951 3064/3064/3064
f 3064/3064/3064 2951/2951/2951 2952/2952/2952
f 2954/2954/2954 3064/3064/3064 3066/3066/3066
f 3066/3066/3066 3064/3064/3064 3073/3073/3073
f 3073/3073/3073 3064/3064/3064 3063/3063/3063
f 3073/3073/3073 3063/3063/3063 3070/3070/3070
f 3070/3070/3070 3063/3063/3063 3064/3064/3064
f 3064/3064/3064 2952/2952/2952 3071/3071/3071
f 3064/3064/3064 3071/3071/3071 3070/3070/3070
f 3071/3071/3071 2952/2952/2952 3085/3085/3085
f 3085/3085/3085 2952/2952/2952 3089/3089/3089
f 3070/3070/3070 3071/3071/3071 3104/3104/3104
f 3106/3106/3106 3075/3075/3075 3070/3070/3070
f 3106/3106/3106 3070/3070/3070 3104/3104/3104
f 3106/3106/3106 3104/3104/3104 3144/3144/3144
f 3104/3104/3104 3071/3071/3071 3107/3107/3107
f 3107/3107/3107 3071/3071/3071 3085/3085/3085
f 3144/3144/3144 3104/3104/3104 3142/3142/3142
f 3144/3144/3144 3142/3142/3142 3148/3148/3148
f 3104/3104/3104 3107/3107/3107 3145/3145/3145
f 3104/3104/3104 3145/3145/3145 3142/3142/3142
f 3148/3148/3148 3142/3142/3142 3156/3156/3156
f 3156/3156/3156 3142/3142/3142 3145/3145/3145
f 3148/3148/3148 3156/3156/3156 3188/3188/3188
f 3156/3156/3156 3145/3145/3145 3185/3185/3185
f 3156/3156/3156 3185/3185/3185 3188/3188/3188
f 3188/3188/3188 3185/3185/3185 3191/3191/3191
f 3188/3188/3188 3191/3191/3191 3201/3201/3201
f 3191/3191/3191 3185/3185/3185 3194/3194/3194
f 3185/3185/3185 3145/3145/3145 3179/3179/3179
f 3185/3185/3185 3179/3179/3179 3194/3194/3194
f 3179/3179/3179 3145/3145/3145 3132/3132/3132
f 3132/3132/3132 3145/3145/3145 3107/3107/3107
f 3194/3194/3194 3179/3179/3179 3159/3159/3159
f 3159/3159/3159 3179/3179/3179 3132/3132/3132
f 3194/3194/3194 3159/3159/3159 3149/3149/3149
f 3194/3194/3194 3149/3149/3149 3166/3166/3166
f 3194/3194/3194 3166/3166/3166 3206/3206/3206
f 3149/3149/3149 3159/3159/3159 2780/2780/2780
f 3159/3159/3159 3132/3132/3132 2683/2683/2683
f 3159/3159/3159 2683/2683/2683 2780/2780/2780
f 2780/2780/2780 2683/2683/2683 2724/2724/2724
f 2683/2683/2683 3132/3132/3132 3089/3089/3089
f 2780/2780/2780 2724/2724/2724 2762/2762/2762
f 3089/3089/3089 3132/3132/3132 3117/3117/3117
f 2780/2780/2780 2762/2762/2762 2807/2807/2807
f 2780/2780/2780 2807/2807/2807 3149/3149/3149
f 2807/2807/2807 2762/2762/2762 2791/2791/2791
f 3149/3149/3149 2807/2807/2807 3166/3166/3166
f 2807/2807/2807 2791/2791/2791 2847/2847/2847
f 2807/2807/2807 2847/2847/2847 3166/3166/3166
f 2847/2847/2847 2791/2791/2791 2867/2867/2867
f 3166/3166/3166 2847/2847/2847 2920/2920/2920
f 2920/2920/2920 2847/2847/2847 2867/2867/2867
f 2920/2920/2920 2867/2867/2867 2921/2921/2921
f 2920/2920/2920 2921/2921/2921 3166/3166/3166
f 2921/2921/2921 2867/2867/2867 2881/2881/2881
f 2921/2921/2921 2881/2881/2881 2931/2931/2931
f 2921/2921/2921 2931/2931/2931 3235/3235/3235
f 3235/3235/3235 2931/2931/2931 2944/2944/2944
f 2921/2921/2921 3235/3235/3235 3223/3223/3223
f 3166/3166/3166 2921/2921/2921 3228/3228/3228
f 3228/3228/3228 2921/2921/2921 3223/3223/3223
f 3166/3166/3166 3228/3228/3228 3206/3206/3206
f 3228/3228/3228 3223/3223/3223 3248/3248/3248
f 3228/3228/3228 3248/3248/3248 3206/3206/3206
f 2248/2248/2248 2314/2314/2314 2220/2220/2220
f 2241/2241/2241 2223/2223/2223 2220/2220/2220
f 2248/2248/2248 2220/2220/2220 2150/2150/2150
f 2220/2220/2220 2223/2223/2223 2162/2162/2162
f 2220/2220/2220 2162/2162/2162 2150/2150/2150
f 2248/2248/2248 2150/2150/2150 2137/2137/2137
f 2248/2248/2248 2137/2137/2137 2234/2234/2234
f 2137/2137/2137 2150/2150/2150 2122/2122/2122
f 2122/2122/2122 2150/2150/2150 2162/2162/2162
f 2234/2234/2234 2137/2137/2137 2095/2095/2095
f 2095/2095/2095 2137/2137/2137 2122/2122/2122
f 2234/2234/2234 2095/2095/2095 2202/2202/2202
f 2202/2202/2202 2095/2095/2095 2158/2158/2158
f 2325/2325/2325 2162/2162/2162 2223/2223/2223
f 2325/2325/2325 2223/2223/2223 2343/2343/2343
f 2325/2325/2325 2343/2343/2343 2512/2512/2512
f 2512/2512/2512 2343/2343/2343 2523/2523/2523
f 2325/2325/2325 2512/2512/2512 2428/2428/2428
f 2162/2162/2162 2325/2325/2325 2255/2255/2255
f 2255/2255/2255 2325/2325/2325 2428/2428/2428
f 2162/2162/2162 2255/2255/2255 2070/2070/2070
f 2162/2162/2162 2070/2070/2070 2122/2122/2122
f 2255/2255/2255 2428/2428/2428 2151/2151/2151
f 2255/2255/2255 2151/2151/2151 2070/2070/2070
f 2151/2151/2151 2428/2428/2428 2330/2330/2330
f 2151/2151/2151 2330/2330/2330 2071/2071/2071
f 2071/2071/2071 2330/2330/2330 2187/2187/2187
f 2071/2071/2071 2187/2187/2187 1921/1921/1921
f 2071/2071/2071 1921/1921/1921 2009/2009/2009
f 2071/2071/2071 2009/2009/2009 2151/2151/2151
f 2151/2151/2151 2009/2009/2009 2070/2070/2070
f 2069/2069/2069 2122/2122/2122 2070/2070/2070
f 2069/2069/2069 2070/2070/2070 2009/2009/2009
f 2122/2122/2122 2069/2069/2069 2080/2080/2080
f 2122/2122/2122 2080/2080/2080 2095/2095/2095
f 2069/2069/2069 2009/2009/2009 2007/2007/2007
f 2007/2007/2007 2009/2009/2009 1891/1891/1891
f 2080/2080/2080 2069/2069/2069 2068/2068/2068
f 2068/2068/2068 2069/2069/2069 2007/2007/2007
f 2095/2095/2095 2080/2080/2080 2067/2067/2067
f 2067/2067/2067 2080/2080/2080 2068/2068/2068
f 2095/2095/2095 2067/2067/2067 2158/2158/2158
f 2158/2158/2158 2067/2067/2067 2048/2048/2048
f 2048/2048/2048 2067/2067/2067 2068/2068/2068
f 2158/2158/2158 2048/2048/2048 2110/2110/2110
f 2110/2110/2110 2048/2048/2048 1977/1977/1977
f 1977/1977/1977 2048/2048/2048 2068/2068/2068
f 2110/2110/2110 1977/1977/1977 2039/2039/2039
f 2006/2006/2006 2068/2068/2068 2007/2007/2007
f 2068/2068/2068 2006/2006/2006 1977/1977/1977
f 2006/2006/2006 2007/2007/2007 1937/1937/1937
f 2006/2006/2006 1937/1937/1937 1948/1948/1948
f 2006/2006/2006 1948/1948/1948 1977/1977/1977
f 2039/2039/2039 1977/1977/1977 1919/1919/1919
f 1919/1919/1919 1977/1977/1977 1948/1948/1948
f 2039/2039/2039 1919/1919/1919 1957/1957/1957
f 1919/1919/1919 1948/1948/1948 1935/1935/1935
f 1919/1919/1919 1935/1935/1935 1957/1957/1957
f 1936/1936/1936 1949/1949/1949 1938/1938/1938
f 1989/1989/1989 1958/1958/1958 1936/1936/1936
f 1989/1989/1989 1936/1936/1936 1960/1960/1960
f 1936/1936/1936 1938/1938/1938 1920/1920/1920
f 1936/1936/1936 1920/1920/1920 1960/1960/1960
f 1960/1960/1960 1920/1920/1920 1885/1885/1885
f 1885/1885/1885 1920/1920/1920 1938/1938/1938
f 1960/1960/1960 1885/1885/1885 1912/1912/1912
f 1912/1912/1912 1885/1885/1885 1801/1801/1801
f 1885/1885/1885 1938/1938/1938 1892/1892/1892
f 1892/1892/1892 1938/1938/1938 2008/2008/2008
f 1801/1801/1801 1885/1885/1885 1785/1785/1785
f 1785/1785/1785 1885/1885/1885 1892/1892/1892
f 1801/1801/1801 1785/1785/1785 1697/1697/1697
f 1785/1785/1785 1892/1892/1892 1786/1786/1786
f 1697/1697/1697 1785/1785/1785 1693/1693/1693
f 1693/1693/1693 1785/1785/1785 1786/1786/1786
f 1697/1697/1697 1693/1693/1693 1538/1538/1538
f 1697/1697/1697 1538/1538/1538 1535/1535/1535
f 1693/1693/1693 1786/1786/1786 1694/1694/1694
f 1693/1693/1693 1694/1694/1694 1538/1538/1538
f 1535/1535/1535 1538/1538/1538 95/95/95
f 1922/1922/1922 1786/1786/1786 1892/1892/1892
f 1922/1922/1922 1892/1892/1892 2010/2010/2010
f 1786/1786/1786 1922/1922/1922 1806/1806/1806
f 1786/1786/1786 1806/1806/1806 1694/1694/1694
f 95/95/95 1538/1538/1538 64/64/64
f 95/95/95 64/64/64 182/182/182
f 1539/1539/1539 1538/1538/1538 1694/1694/1694
f 1538/1538/1538 1539/1539/1539 64/64/64
f 1806/1806/1806 1922/1922/1922 2032/2032/2032
f 2032/2032/2032 1922/1922/1922 2188/2188/2188
f 2032/2032/2032 2188/2188/2188 2139/2139/2139
f 1806/1806/1806 2032/2032/2032 1864/1864/1864
f 1864/1864/1864 2032/2032/2032 2139/2139/2139
f 1699/1699/1699 1694/1694/1694 1806/1806/1806
f 1699/1699/1699 1806/1806/1806 1864/1864/1864
f 1542/1542/1542 1539/1539/1539 1694/1694/1694
f 1542/1542/1542 1694/1694/1694 1699/1699/1699
f 66/66/66 64/64/64 1539/1539/1539
f 66/66/66 1539/1539/1539 1542/1542/1542
f 64/64/64 66/66/66 174/174/174
f 1699/1699/1699 1864/1864/1864 1731/1731/1731
f 1699/1699/1699 1731/1731/1731 1542/1542/1542
f 66/66/66 1542/1542/1542 81/81/81
f 66/66/66 81/81/81 176/176/176
f 81/81/81 1542/1542/1542 1543/1543/1543
f 1543/1543/1543 1542/1542/1542 1731/1731/1731
f 81/81/81 1543/1543/1543 97/97/97
f 81/81/81 97/97/97 185/185/185
f 1543/1543/1543 1731/1731/1731 1545/1545/1545
f 1543/1543/1543 1545/1545/1545 97/97/97
f 97/97/97 1545/1545/1545 129/129/129
f 97/97/97 129/129/129 304/304/304
f 304/304/304 129/129/129 140/140/140
f 140/140/140 129/129/129 1545/1545/1545
f 1545/1545/1545 1731/1731/1731 1765/1765/1765
f 1923/1923/1923 1731/1731/1731 1864/1864/1864
f 1731/1731/1731 1923/1923/1923 1765/1765/1765
f 1923/1923/1923 1864/1864/1864 2139/2139/2139
f 1545/1545/1545 1765/1765/1765 1769/1769/1769
f 1769/1769/1769 1765/1765/1765 1923/1923/1923
f 140/140/140 1545/1545/1545 1548/1548/1548
f 1548/1548/1548 1545/1545/1545 1769/1769/1769
f 1923/1923/1923 2139/2139/2139 1941/1941/1941
f 1923/1923/1923 1941/1941/1941 1769/1769/1769
f 1941/1941/1941 2139/2139/2139 2171/2171/2171
f 2171/2171/2171 2139/2139/2139 2364/2364/2364
f 1941/1941/1941 2171/2171/2171 2208/2208/2208
f 2208/2208/2208 2171/2171/2171 2396/2396/2396
f 1769/1769/1769 1941/1941/1941 1979/1979/1979
f 1979/1979/1979 1941/1941/1941 2208/2208/2208
f 1774/1774/1774 1548/1548/1548 1769/1769/1769
f 1774/1774/1774 1769/1769/1769 1979/1979/1979
f 1548/1548/1548 1774/1774/1774 1549/1549/1549
f 1548/1548/1548 1549/1549/1549 140/140/140
f 1979/1979/1979 2208/2208/2208 2211/2211/2211
f 2211/2211/2211 2208/2208/2208 2442/2442/2442
f 2211/2211/2211 2442/2442/2442 2155/2155/2155
f 1979/1979/1979 2211/2211/2211 1982/1982/1982
f 1982/1982/1982 2211/2211/2211 2155/2155/2155
f 1979/1979/1979 1982/1982/1982 1774/1774/1774
f 1982/1982/1982 2155/2155/2155 1927/1927/1927
f 1774/1774/1774 1982/1982/1982 1778/1778/1778
f 1778/1778/1778 1982/1982/1982 1927/1927/1927
f 1774/1774/1774 1778/1778/1778 1549/1549/1549
f 1778/1778/1778 1927/1927/1927 1772/1772/1772
f 1772/1772/1772 1927/1927/1927 1677/1677/1677
f 1549/1549/1549 1778/1778/1778 1552/1552/1552
f 1772/1772/1772 1677/1677/1677 1674/1674/1674
f 1674/1674/1674 1677/1677/1677 9/9/9
f 1674/1674/1674 9/9/9 133/133/133
f 1772/1772/1772 1674/1674/1674 1555/1555/1555
f 1772/1772/1772 1555/1555/1555 1778/1778/1778
f 1555/1555/1555 1674/1674/1674 133/133/133
f 1778/1778/1778 1555/1555/1555 1552/1552/1552
f 1555/1555/1555 133/133/133 152/152/152
f 1555/1555/1555 152/152/152 1552/1552/1552
f 152/152/152 133/133/133 353/353/353
f 147/147/147 1549/1549/1549 1552/1552/1552
f 147/147/147 1552/1552/1552 152/152/152
f 147/147/147 152/152/152 349/349/349
f 1549/1549/1549 147/147/147 140/140/140
f 140/140/140 147/147/147 323/323/323
f 2088/2088/2088 2040/2040/2040 1959/1959/1959
f 2088/2088/2088 1959/1959/1959 2023/2023/2023
f 2088/2088/2088 2023/2023/2023 2129/2129/2129
f 2129/2129/2129 2023/2023/2023 2056/2056/2056
f 2023/2023/2023 1959/1959/1959 2042/2042/2042
f 2023/2023/2023 2042/2042/2042 2056/2056/2056
f 2042/2042/2042 1959/1959/1959 1990/1990/1990
f 2129/2129/2129 2056/2056/2056 2057/2057/2057
f 2057/2057/2057 2056/2056/2056 2042/2042/2042
f 2042/2042/2042 1990/1990/1990 1961/1961/1961
f 2057/2057/2057 2042/2042/2042 2043/2043/2043
f 2043/2043/2043 2042/2042/2042 1961/1961/1961
f 2043/2043/2043 1961/1961/1961 2004/2004/2004
f 2043/2043/2043 2004/2004/2004 2057/2057/2057
f 2004/2004/2004 1961/1961/1961 1913/1913/1913
f 2057/2057/2057 2004/2004/2004 2090/2090/2090
f 2057/2057/2057 2090/2090/2090 2146/2146/2146
f 2004/2004/2004 1913/1913/1913 1847/1847/1847
f 1847/1847/1847 1913/1913/1913 1802/1802/1802
f 2090/2090/2090 2004/2004/2004 1905/1905/1905
f 1905/1905/1905 2004/2004/2004 1847/1847/1847
f 1847/1847/1847 1802/1802/1802 1713/1713/1713
f 1713/1713/1713 1802/1802/1802 1698/1698/1698
f 1905/1905/1905 1847/1847/1847 1757/1757/1757
f 1757/1757/1757 1847/1847/1847 1713/1713/1713
f 1713/1713/1713 1698/1698/1698 1536/1536/1536
f 2090/2090/2090 1905/1905/1905 1992/1992/1992
f 1992/1992/1992 1905/1905/1905 1757/1757/1757
f 2090/2090/2090 1992/1992/1992 2215/2215/2215
f 2215/2215/2215 1992/1992/1992 2296/2296/2296
f 1713/1713/1713 1536/1536/1536 1602/1602/1602
f 1992/1992/1992 1757/1757/1757 1784/1784/1784
f 1713/1713/1713 1602/1602/1602 1604/1604/1604
f 1713/1713/1713 1604/1604/1604 1757/1757/1757
f 1602/1602/1602 1536/1536/1536 128/128/128
f 1602/1602/1602 128/128/128 1604/1604/1604
f 128/128/128 1536/1536/1536 96/96/96
f 1784/1784/1784 1757/1757/1757 1606/1606/1606
f 1606/1606/1606 1757/1757/1757 1604/1604/1604
f 1992/1992/1992 1784/1784/1784 1796/1796/1796
f 1796/1796/1796 1784/1784/1784 1606/1606/1606
f 2046/2046/2046 2296/2296/2296 1992/1992/1992
f 2046/2046/2046 1992/1992/1992 1796/1796/1796
f 2296/2296/2296 2046/2046/2046 2064/2064/2064
f 138/138/138 1604/1604/1604 128/128/128
f 1604/1604/1604 138/138/138 1606/1606/1606
f 225/225/225 128/128/128 96/96/96
f 128/128/128 225/225/225 138/138/138
f 225/225/225 96/96/96 183/183/183
f 225/225/225 183/183/183 209/209/209
f 225/225/225 209/209/209 239/239/239
f 1606/1606/1606 138/138/138 145/145/145
f 239/239/239 209/209/209 252/252/252
f 252/252/252 209/209/209 223/223/223
f 225/225/225 239/239/239 261/261/261
f 261/261/261 239/239/239 252/252/252
f 252/252/252 223/223/223 206/206/206
f 287/287/287 138/138/138 225/225/225
f 287/287/287 225/225/225 261/261/261
f 138/138/138 287/287/287 359/359/359
f 138/138/138 359/359/359 145/145/145
f 287/287/287 261/261/261 462/462/462
f 287/287/287 462/462/462 359/359/359
f 260/260/260 261/261/261 252/252/252
f 240/240/240 252/252/252 206/206/206
f 252/252/252 240/240/240 260/260/260
f 240/240/240 206/206/206 382/382/382
f 382/382/382 206/206/206 297/297/297
f 260/260/260 240/240/240 403/403/403
f 403/403/403 240/240/240 382/382/382
f 260/260/260 403/403/403 261/261/261
f 382/382/382 297/297/297 435/435/435
f 382/382/382 435/435/435 403/403/403
f 435/435/435 297/297/297 389/389/389
f 403/403/403 435/435/435 461/461/461
f 435/435/435 389/389/389 473/473/473
f 435/435/435 473/473/473 461/461/461
f 473/473/473 389/389/389 414/414/414
f 473/473/473 414/414/414 427/427/427
f 461/461/461 473/473/473 476/476/476
f 461/461/461 476/476/476 403/403/403
f 473/473/473 427/427/427 492/492/492
f 473/473/473 492/492/492 476/476/476
f 492/492/492 427/427/427 522/522/522
f 492/492/492 522/522/522 476/476/476
f 522/522/522 427/427/427 447/447/447
f 403/403/403 476/476/476 413/413/413
f 403/403/403 413/413/413 261/261/261
f 261/261/261 413/413/413 462/462/462
f 413/413/413 476/476/476 629/629/629
f 413/413/413 629/629/629 462/462/462
f 629/629/629 476/476/476 522/522/522
f 522/522/522 447/447/447 509/509/509
f 462/462/462 629/629/629 746/746/746
f 522/522/522 509/509/509 628/628/628
f 628/628/628 509/509/509 705/705/705
f 705/705/705 509/509/509 569/569/569
f 628/628/628 705/705/705 878/878/878
f 522/522/522 628/628/628 765/765/765
f 522/522/522 765/765/765 629/629/629
f 765/765/765 628/628/628 878/878/878
f 629/629/629 765/765/765 905/905/905
f 905/905/905 765/765/765 878/878/878
f 629/629/629 905/905/905 746/746/746
f 905/905/905 878/878/878 986/986/986
f 905/905/905 986/986/986 976/976/976
f 905/905/905 976/976/976 746/746/746
f 976/976/976 986/986/986 1068/1068/1068
f 544/544/544 462/462/462 746/746/746
f 976/976/976 1068/1068/1068 1013/1013/1013
f 462/462/462 544/544/544 359/359/359
f 1013/1013/1013 1068/1068/1068 1097/1097/1097
f 544/544/544 746/746/746 608/608/608
f 544/544/544 608/608/608 359/359/359
f 855/855/855 746/746/746 976/976/976
f 746/746/746 855/855/855 608/608/608
f 855/855/855 976/976/976 1013/1013/1013
f 1013/1013/1013 1097/1097/1097 1178/1178/1178
f 608/608/608 855/855/855 893/893/893
f 893/893/893 855/855/855 1013/1013/1013
f 1013/1013/1013 1178/1178/1178 1100/1100/1100
f 1013/1013/1013 1100/1100/1100 893/893/893
f 1100/1100/1100 1178/1178/1178 1112/1112/1112
f 1112/1112/1112 1178/1178/1178 1190/1190/1190
f 893/893/893 1100/1100/1100 978/978/978
f 978/978/978 1100/1100/1100 1112/1112/1112
f 1112/1112/1112 1190/1190/1190 1156/1156/1156
f 893/893/893 978/978/978 768/768/768
f 1112/1112/1112 1156/1156/1156 1083/1083/1083
f 1083/1083/1083 1156/1156/1156 1166/1166/1166
f 978/978/978 1112/1112/1112 989/989/989
f 989/989/989 1112/1112/1112 1083/1083/1083
f 768/768/768 978/978/978 771/771/771
f 771/771/771 978/978/978 989/989/989
f 893/893/893 768/768/768 667/667/667
f 893/893/893 667/667/667 608/608/608
f 667/667/667 768/768/768 464/464/464
f 464/464/464 768/768/768 771/771/771
f 608/608/608 667/667/667 405/405/405
f 608/608/608 405/405/405 359/359/359
f 405/405/405 667/667/667 417/417/417
f 417/417/417 667/667/667 464/464/464
f 359/359/359 405/405/405 168/168/168
f 359/359/359 168/168/168 145/145/145
f 145/145/145 168/168/168 1606/1606/1606
f 168/168/168 405/405/405 173/173/173
f 173/173/173 405/405/405 417/417/417
f 1606/1606/1606 168/168/168 1609/1609/1609
f 1609/1609/1609 168/168/168 173/173/173
f 1606/1606/1606 1609/1609/1609 1796/1796/1796
f 173/173/173 417/417/417 193/193/193
f 193/193/193 417/417/417 464/464/464
f 1609/1609/1609 173/173/173 1610/1610/1610
f 1610/1610/1610 173/173/173 193/193/193
f 1796/1796/1796 1609/1609/1609 1804/1804/1804
f 1804/1804/1804 1609/1609/1609 1610/1610/1610
f 1796/1796/1796 1804/1804/1804 2046/2046/2046
f 2046/2046/2046 1804/1804/1804 2064/2064/2064
f 1804/1804/1804 1610/1610/1610 1832/1832/1832
f 1804/1804/1804 1832/1832/1832 2064/2064/2064
f 1610/1610/1610 193/193/193 1612/1612/1612
f 1610/1610/1610 1612/1612/1612 1832/1832/1832
f 1612/1612/1612 193/193/193 195/195/195
f 195/195/195 193/193/193 464/464/464
f 1832/1832/1832 1612/1612/1612 1834/1834/1834
f 2064/2064/2064 1832/1832/1832 2133/2133/2133
f 2064/2064/2064 2133/2133/2133 2458/2458/2458
f 2133/2133/2133 1832/1832/1832 1834/1834/1834
f 1612/1612/1612 195/195/195 1614/1614/1614
f 1612/1612/1612 1614/1614/1614 1834/1834/1834
f 2133/2133/2133 1834/1834/1834 2136/2136/2136
f 2133/2133/2133 2136/2136/2136 2475/2475/2475
f 2475/2475/2475 2136/2136/2136 2113/2113/2113
f 2136/2136/2136 1834/1834/1834 1818/1818/1818
f 2136/2136/2136 1818/1818/1818 2113/2113/2113
f 1834/1834/1834 1614/1614/1614 1616/1616/1616
f 1834/1834/1834 1616/1616/1616 1818/1818/1818
f 1616/1616/1616 1614/1614/1614 195/195/195
f 2113/2113/2113 1818/1818/1818 1821/1821/1821
f 1821/1821/1821 1818/1818/1818 1616/1616/1616
f 2113/2113/2113 1821/1821/1821 2117/2117/2117
f 2117/2117/2117 1821/1821/1821 2180/2180/2180
f 2180/2180/2180 1821/1821/1821 1862/1862/1862
f 1862/1862/1862 1821/1821/1821 1619/1619/1619
f 1619/1619/1619 1821/1821/1821 1616/1616/1616
f 1862/1862/1862 1619/1619/1619 1622/1622/1622
f 1622/1622/1622 1619/1619/1619 199/199/199
f 199/199/199 1619/1619/1619 1616/1616/1616
f 199/199/199 1616/1616/1616 197/197/197
f 197/197/197 1616/1616/1616 195/195/195
f 199/199/199 197/197/197 466/466/466
f 197/197/197 195/195/195 452/452/452
f 197/197/197 452/452/452 466/466/466
f 452/452/452 195/195/195 478/478/478
f 478/478/478 195/195/195 464/464/464
f 466/466/466 452/452/452 749/749/749
f 749/749/749 452/452/452 478/478/478
f 478/478/478 464/464/464 771/771/771
f 478/478/478 771/771/771 749/749/749
f 466/466/466 749/749/749 752/752/752
f 752/752/752 749/749/749 961/961/961
f 749/749/749 771/771/771 959/959/959
f 749/749/749 959/959/959 961/961/961
f 959/959/959 771/771/771 989/989/989
f 959/959/959 989/989/989 1083/1083/1083
f 961/961/961 959/959/959 1085/1085/1085
f 1085/1085/1085 959/959/959 1083/1083/1083
f 1085/1085/1085 1083/1083/1083 1166/1166/1166
f 1085/1085/1085 1166/1166/1166 1265/1265/1265
f 1085/1085/1085 1265/1265/1265 1159/1159/1159
f 415/415/415 390/390/390 370/370/370
f 415/415/415 370/370/370 428/428/428
f 370/370/370 390/390/390 302/302/302
f 302/302/302 390/390/390 298/298/298
f 428/428/428 370/370/370 387/387/387
f 207/207/207 213/213/213 298/298/298
f 298/298/298 213/213/213 264/264/264
f 298/298/298 264/264/264 302/302/302
f 302/302/302 264/264/264 343/343/343
f 302/302/302 343/343/343 370/370/370
f 343/343/343 264/264/264 276/276/276
f 370/370/370 343/343/343 346/346/346
f 346/346/346 343/343/343 276/276/276
f 370/370/370 346/346/346 387/387/387
f 346/346/346 276/276/276 293/293/293
f 387/387/387 346/346/346 393/393/393
f 387/387/387 393/393/393 428/428/428
f 393/393/393 346/346/346 395/395/395
f 428/428/428 393/393/393 448/448/448
f 448/448/448 393/393/393 453/453/453
f 453/453/453 393/393/393 395/395/395
f 448/448/448 453/453/453 510/510/510
f 510/510/510 453/453/453 571/571/571
f 453/453/453 395/395/395 454/454/454
f 454/454/454 395/395/395 513/513/513
f 571/571/571 453/453/453 511/511/511
f 511/511/511 453/453/453 454/454/454
f 454/454/454 513/513/513 512/512/512
f 454/454/454 512/512/512 511/511/511
f 512/512/512 513/513/513 587/587/587
f 587/587/587 513/513/513 639/639/639
f 511/511/511 512/512/512 558/558/558
f 558/558/558 512/512/512 587/587/587
f 571/571/571 511/511/511 556/556/556
f 556/556/556 511/511/511 558/558/558
f 571/571/571 556/556/556 633/633/633
f 633/633/633 556/556/556 630/630/630
f 587/587/587 639/639/639 727/727/727
f 630/630/630 556/556/556 555/555/555
f 555/555/555 556/556/556 558/558/558
f 630/630/630 555/555/555 610/610/610
f 634/634/634 558/558/558 587/587/587
f 634/634/634 587/587/587 727/727/727
f 555/555/555 558/558/558 557/557/557
f 557/557/557 558/558/558 634/634/634
f 610/610/610 555/555/555 545/545/545
f 545/545/545 555/555/555 557/557/557
f 610/610/610 545/545/545 567/567/567
f 567/567/567 545/545/545 493/493/493
f 493/493/493 545/545/545 546/546/546
f 546/546/546 545/545/545 557/557/557
f 493/493/493 546/546/546 495/495/495
f 495/495/495 546/546/546 612/612/612
f 546/546/546 557/557/557 647/647/647
f 546/546/546 647/647/647 612/612/612
f 647/647/647 557/557/557 634/634/634
f 612/612/612 647/647/647 822/822/822
f 612/612/612 822/822/822 797/797/797
f 647/647/647 634/634/634 798/798/798
f 647/647/647 798/798/798 822/822/822
f 798/798/798 634/634/634 727/727/727
f 797/797/797 822/822/822 980/980/980
f 980/980/980 822/822/822 798/798/798
f 797/797/797 980/980/980 951/951/951
f 951/951/951 980/980/980 982/982/982
f 980/980/980 798/798/798 952/952/952
f 798/798/798 727/727/727 922/922/922
f 798/798/798 922/922/922 952/952/952
f 922/922/922 727/727/727 823/823/823
f 922/922/922 823/823/823 944/944/944
f 952/952/952 922/922/922 991/991/991
f 991/991/991 922/922/922 944/944/944
f 952/952/952 991/991/991 980/980/980
f 991/991/991 944/944/944 983/983/983
f 996/996/996 982/982/982 980/980/980
f 996/996/996 980/980/980 991/991/991
f 982/982/982 996/996/996 1054/1054/1054
f 991/991/991 983/983/983 1026/1026/1026
f 991/991/991 1026/1026/1026 996/996/996
f 996/996/996 1026/1026/1026 1054/1054/1054
f 1026/1026/1026 983/983/983 967/967/967
f 1026/1026/1026 967/967/967 1027/1027/1027
f 1026/1026/1026 1027/1027/1027 1054/1054/1054
f 1027/1027/1027 967/967/967 935/935/935
f 1054/1054/1054 1027/1027/1027 1037/1037/1037
f 1054/1054/1054 1037/1037/1037 1025/1025/1025
f 1027/1027/1027 935/935/935 974/974/974
f 1027/1027/1027 974/974/974 1037/1037/1037
f 1029/1029/1029 1354/1354/1354 935/935/935
f 935/935/935 1354/1354/1354 1263/1263/1263
f 935/935/935 1263/1263/1263 974/974/974
f 1037/1037/1037 974/974/974 992/992/992
f 992/992/992 974/974/974 1263/1263/1263
f 1037/1037/1037 992/992/992 1003/1003/1003
f 992/992/992 1263/1263/1263 971/971/971
f 208/208/208 224/224/224 212/212/212
f 212/212/212 224/224/224 210/210/210
f 208/208/208 212/212/212 214/214/214
f 212/212/212 210/210/210 201/201/201
f 201/201/201 210/210/210 184/184/184
f 214/214/214 212/212/212 216/216/216
f 214/214/214 216/216/216 265/265/265
f 265/265/265 216/216/216 277/277/277
f 216/216/216 212/212/212 217/217/217
f 216/216/216 217/217/217 277/277/277
f 217/217/217 212/212/212 201/201/201
f 277/277/277 217/217/217 294/294/294
f 201/201/201 184/184/184 175/175/175
f 201/201/201 175/175/175 217/217/217
f 175/175/175 184/184/184 65/65/65
f 217/217/217 175/175/175 177/177/177
f 217/217/217 177/177/177 294/294/294
f 177/177/177 175/175/175 67/67/67
f 294/294/294 177/177/177 278/278/278
f 294/294/294 278/278/278 347/347/347
f 347/347/347 278/278/278 396/396/396
f 278/278/278 177/177/177 320/320/320
f 278/278/278 320/320/320 396/396/396
f 186/186/186 177/177/177 82/82/82
f 177/177/177 186/186/186 320/320/320
f 396/396/396 320/320/320 420/420/420
f 396/396/396 420/420/420 514/514/514
f 320/320/320 186/186/186 243/243/243
f 243/243/243 186/186/186 98/98/98
f 243/243/243 98/98/98 305/305/305
f 320/320/320 243/243/243 397/397/397
f 320/320/320 397/397/397 420/420/420
f 514/514/514 420/420/420 515/515/515
f 515/515/515 420/420/420 397/397/397
f 514/514/514 515/515/515 640/640/640
f 397/397/397 243/243/243 481/481/481
f 481/481/481 243/243/243 305/305/305
f 397/397/397 481/481/481 515/515/515
f 481/481/481 305/305/305 324/324/324
f 324/324/324 305/305/305 141/141/141
f 515/515/515 481/481/481 652/652/652
f 640/640/640 515/515/515 824/824/824
f 824/824/824 515/515/515 652/652/652
f 640/640/640 824/824/824 728/728/728
f 652/652/652 481/481/481 504/504/504
f 504/504/504 481/481/481 324/324/324
f 824/824/824 652/652/652 695/695/695
f 695/695/695 652/652/652 504/504/504
f 824/824/824 695/695/695 862/862/862
f 824/824/824 862/862/862 945/945/945
f 504/504/504 324/324/324 350/350/350
f 350/350/350 324/324/324 148/148/148
f 695/695/695 504/504/504 549/549/549
f 549/549/549 504/504/504 350/350/350
f 862/862/862 695/695/695 732/732/732
f 732/732/732 695/695/695 549/549/549
f 945/945/945 862/862/862 897/897/897
f 897/897/897 862/862/862 732/732/732
f 945/945/945 897/897/897 984/984/984
f 984/984/984 897/897/897 900/900/900
f 900/900/900 897/897/897 732/732/732
f 984/984/984 900/900/900 968/968/968
f 354/354/354 549/549/549 350/350/350
f 354/354/354 350/350/350 153/153/153
f 532/532/532 732/732/732 549/549/549
f 532/532/532 549/549/549 354/354/354
f 532/532/532 354/354/354 308/308/308
f 308/308/308 354/354/354 134/134/134
f 732/732/732 532/532/532 733/733/733
f 732/732/732 733/733/733 900/900/900
f 532/532/532 308/308/308 487/487/487
f 532/532/532 487/487/487 733/733/733
f 487/487/487 308/308/308 485/485/485
f 487/487/487 485/485/485 839/839/839
f 733/733/733 487/487/487 674/674/674
f 674/674/674 487/487/487 839/839/839
f 733/733/733 674/674/674 900/900/900
f 674/674/674 839/839/839 1023/1023/1023
f 900/900/900 674/674/674 844/844/844
f 900/900/900 844/844/844 968/968/968
f 968/968/968 844/844/844 936/936/936
f 936/936/936 844/844/844 946/946/946
f 946/946/946 844/844/844 674/674/674
f 936/936/936 946/946/946 1030/1030/1030
f 674/674/674 1023/1023/1023 955/955/955
f 674/674/674 955/955/955 946/946/946
f 946/946/946 955/955/955 1030/1030/1030
f 955/955/955 1023/1023/1023 1078/1078/1078
f 955/955/955 1078/1078/1078 1152/1152/1152
f 1030/1030/1030 955/955/955 1038/1038/1038
f 1038/1038/1038 955/955/955 1152/1152/1152
f 1030/1030/1030 1038/1038/1038 1080/1080/1080
f 1038/1038/1038 1152/1152/1152 1172/1172/1172
f 1080/1080/1080 1038/1038/1038 1126/1126/1126
f 1038/1038/1038 1172/1172/1172 1073/1073/1073
f 1038/1038/1038 1073/1073/1073 1126/1126/1126
f 1073/1073/1073 1172/1172/1172 1195/1195/1195
f 1195/1195/1195 1172/1172/1172 1170/1170/1170
f 1126/1126/1126 1073/1073/1073 1108/1108/1108
f 1108/1108/1108 1073/1073/1073 1195/1195/1195
f 1126/1126/1126 1108/1108/1108 1147/1147/1147
f 1108/1108/1108 1195/1195/1195 1163/1163/1163
f 1108/1108/1108 1163/1163/1163 1147/1147/1147
f 1163/1163/1163 1195/1195/1195 1183/1183/1183
f 1147/1147/1147 1163/1163/1163 1219/1219/1219
f 1163/1163/1163 1183/1183/1183 1233/1233/1233
f 1163/1163/1163 1233/1233/1233 1219/1219/1219
f 706/706/706 570/570/570 632/632/632
f 706/706/706 632/632/632 783/783/783
f 706/706/706 783/783/783 879/879/879
f 783/783/783 632/632/632 782/782/782
f 782/782/782 632/632/632 631/631/631
f 879/879/879 783/783/783 927/927/927
f 783/783/783 782/782/782 939/939/939
f 783/783/783 939/939/939 927/927/927
f 782/782/782 631/631/631 764/764/764
f 764/764/764 631/631/631 611/611/611
f 764/764/764 611/611/611 703/703/703
f 879/879/879 927/927/927 1049/1049/1049
f 879/879/879 1049/1049/1049 987/987/987
f 987/987/987 1049/1049/1049 1110/1110/1110
f 1110/1110/1110 1049/1049/1049 1066/1066/1066
f 1066/1066/1066 1049/1049/1049 927/927/927
f 1066/1066/1066 927/927/927 939/939/939
f 764/764/764 703/703/703 877/877/877
f 877/877/877 703/703/703 592/592/592
f 877/877/877 592/592/592 743/743/743
f 764/764/764 877/877/877 926/926/926
f 764/764/764 926/926/926 782/782/782
f 782/782/782 926/926/926 939/939/939
f 1066/1066/1066 939/939/939 1048/1048/1048
f 1048/1048/1048 939/939/939 926/926/926
f 1066/1066/1066 1048/1048/1048 1109/1109/1109
f 926/926/926 877/877/877 985/985/985
f 926/926/926 985/985/985 1048/1048/1048
f 1048/1048/1048 985/985/985 1109/1109/1109
f 985/985/985 877/877/877 743/743/743
f 1109/1109/1109 985/985/985 1067/1067/1067
f 1109/1109/1109 1067/1067/1067 1096/1096/1096
f 985/985/985 743/743/743 904/904/904
f 1067/1067/1067 985/985/985 975/975/975
f 975/975/975 985/985/985 904/904/904
f 904/904/904 743/743/743 745/745/745
f 904/904/904 745/745/745 975/975/975
f 745/745/745 743/743/743 594/594/594
f 1096/1096/1096 1067/1067/1067 1012/1012/1012
f 1012/1012/1012 1067/1067/1067 975/975/975
f 1096/1096/1096 1012/1012/1012 1099/1099/1099
f 1099/1099/1099 1012/1012/1012 977/977/977
f 977/977/977 1012/1012/1012 892/892/892
f 892/892/892 1012/1012/1012 975/975/975
f 977/977/977 892/892/892 767/767/767
f 767/767/767 892/892/892 666/666/666
f 892/892/892 975/975/975 854/854/854
f 892/892/892 854/854/854 666/666/666
f 854/854/854 975/975/975 745/745/745
f 666/666/666 854/854/854 607/607/607
f 607/607/607 854/854/854 745/745/745
f 2365/2365/2365 2140/2140/2140 2189/2189/2189
f 2365/2365/2365 2189/2189/2189 2542/2542/2542
f 2542/2542/2542 2189/2189/2189 2331/2331/2331
f 2542/2542/2542 2331/2331/2331 2429/2429/2429
f 2172/2172/2172 2365/2365/2365 2397/2397/2397
f 2397/2397/2397 2365/2365/2365 2542/2542/2542
f 2397/2397/2397 2542/2542/2542 2566/2566/2566
f 2542/2542/2542 2429/2429/2429 2630/2630/2630
f 2566/2566/2566 2542/2542/2542 2652/2652/2652
f 2652/2652/2652 2542/2542/2542 2630/2630/2630
f 2630/2630/2630 2429/2429/2429 2513/2513/2513
f 2397/2397/2397 2566/2566/2566 2599/2599/2599
f 2599/2599/2599 2566/2566/2566 2652/2652/2652
f 2630/2630/2630 2513/2513/2513 2668/2668/2668
f 2668/2668/2668 2513/2513/2513 2693/2693/2693
f 2693/2693/2693 2513/2513/2513 2524/2524/2524
f 2630/2630/2630 2668/2668/2668 2710/2710/2710
f 2710/2710/2710 2668/2668/2668 2693/2693/2693
f 2630/2630/2630 2710/2710/2710 2652/2652/2652
f 2710/2710/2710 2693/2693/2693 2721/2721/2721
f 2710/2710/2710 2721/2721/2721 2758/2758/2758
f 2710/2710/2710 2758/2758/2758 2747/2747/2747
f 2710/2710/2710 2747/2747/2747 2652/2652/2652
f 2747/2747/2747 2758/2758/2758 2760/2760/2760
f 2652/2652/2652 2747/2747/2747 2697/2697/2697
f 2652/2652/2652 2697/2697/2697 2599/2599/2599
f 2747/2747/2747 2760/2760/2760 2748/2748/2748
f 2747/2747/2747 2748/2748/2748 2697/2697/2697
f 2748/2748/2748 2760/2760/2760 2712/2712/2712
f 2748/2748/2748 2712/2712/2712 2682/2682/2682
f 2682/2682/2682 2712/2712/2712 3091/3091/3091
f 2697/2697/2697 2748/2748/2748 2698/2698/2698
f 2697/2697/2697 2698/2698/2698 2599/2599/2599
f 2748/2748/2748 2682/2682/2682 2642/2642/2642
f 2642/2642/2642 2682/2682/2682 3091/3091/3091
f 2748/2748/2748 2642/2642/2642 2698/2698/2698
f 2599/2599/2599 2698/2698/2698 2603/2603/2603
f 2603/2603/2603 2698/2698/2698 2642/2642/2642
f 2642/2642/2642 3091/3091/3091 2699/2699/2699
f 2699/2699/2699 3091/3091/3091 3123/3123/3123
f 2603/2603/2603 2642/2642/2642 2547/2547/2547
f 2599/2599/2599 2603/2603/2603 2441/2441/2441
f 2599/2599/2599 2441/2441/2441 2397/2397/2397
f 2397/2397/2397 2441/2441/2441 2209/2209/2209
f 2209/2209/2209 2441/2441/2441 2443/2443/2443
f 2443/2443/2443 2441/2441/2441 2603/2603/2603
f 2443/2443/2443 2603/2603/2603 2376/2376/2376
f 2376/2376/2376 2603/2603/2603 2547/2547/2547
f 2443/2443/2443 2376/2376/2376 2156/2156/2156
f 2632/2632/2632 2547/2547/2547 2642/2642/2642
f 2547/2547/2547 2632/2632/2632 2376/2376/2376
f 2632/2632/2632 2642/2642/2642 2699/2699/2699
f 2376/2376/2376 2632/2632/2632 2669/2669/2669
f 2669/2669/2669 2632/2632/2632 2699/2699/2699
f 2742/2742/2742 2543/2543/2543 2376/2376/2376
f 2742/2742/2742 2376/2376/2376 2669/2669/2669
f 2742/2742/2742 2669/2669/2669 2787/2787/2787
f 2787/2787/2787 2669/2669/2669 2858/2858/2858
f 2669/2669/2669 2699/2699/2699 2785/2785/2785
f 2858/2858/2858 2669/2669/2669 2749/2749/2749
f 2749/2749/2749 2669/2669/2669 2785/2785/2785
f 2785/2785/2785 2699/2699/2699 3163/3163/3163
f 3163/3163/3163 2699/2699/2699 3123/3123/3123
f 3163/3163/3163 3123/3123/3123 3182/3182/3182
f 3163/3163/3163 3182/3182/3182 3158/3158/3158
f 3163/3163/3163 3158/3158/3158 2785/2785/2785
f 2785/2785/2785 3158/3158/3158 2819/2819/2819
f 2785/2785/2785 2819/2819/2819 2749/2749/2749
f 2819/2819/2819 3158/3158/3158 3165/3165/3165
f 2890/2890/2890 2858/2858/2858 2749/2749/2749
f 2858/2858/2858 2890/2890/2890 2894/2894/2894
f 2749/2749/2749 2819/2819/2819 2786/2786/2786
f 2749/2749/2749 2786/2786/2786 2890/2890/2890
f 2819/2819/2819 3165/3165/3165 2848/2848/2848
f 2894/2894/2894 2890/2890/2890 2910/2910/2910
f 2910/2910/2910 2890/2890/2890 2786/2786/2786
f 2894/2894/2894 2910/2910/2910 2908/2908/2908
f 2786/2786/2786 2819/2819/2819 2837/2837/2837
f 2837/2837/2837 2819/2819/2819 2848/2848/2848
f 2786/2786/2786 2837/2837/2837 2910/2910/2910
f 2848/2848/2848 3165/3165/3165 2930/2930/2930
f 2848/2848/2848 2930/2930/2930 2837/2837/2837
f 2930/2930/2930 3165/3165/3165 2942/2942/2942
f 2910/2910/2910 2837/2837/2837 2883/2883/2883
f 2883/2883/2883 2837/2837/2837 2930/2930/2930
f 2930/2930/2930 2942/2942/2942 2898/2898/2898
f 2930/2930/2930 2898/2898/2898 2883/2883/2883
f 2883/2883/2883 2898/2898/2898 2910/2910/2910
f 2898/2898/2898 2942/2942/2942 2959/2959/2959
f 3003/3003/3003 2908/2908/2908 2910/2910/2910
f 3003/3003/3003 2910/2910/2910 2898/2898/2898
f 2908/2908/2908 3003/3003/3003 3000/3000/3000
f 3000/3000/3000 3003/3003/3003 2997/2997/2997
f 2997/2997/2997 3003/3003/3003 2898/2898/2898
f 3000/3000/3000 2997/2997/2997 3030/3030/3030
f 2898/2898/2898 2959/2959/2959 3035/3035/3035
f 2898/2898/2898 3035/3035/3035 2997/2997/2997
f 2997/2997/2997 3035/3035/3035 3030/3030/3030
f 3035/3035/3035 2959/2959/2959 2973/2973/2973
f 3030/3030/3030 3035/3035/3035 3050/3050/3050
f 3050/3050/3050 3035/3035/3035 2973/2973/2973
f 3030/3030/3030 3050/3050/3050 3033/3033/3033
f 3033/3033/3033 3050/3050/3050 3046/3046/3046
f 3050/3050/3050 2973/2973/2973 3051/3051/3051
f 3050/3050/3050 3051/3051/3051 3046/3046/3046
f 3051/3051/3051 2973/2973/2973 2975/2975/2975
f 3046/3046/3046 3051/3051/3051 3048/3048/3048
f 3051/3051/3051 2975/2975/2975 3053/3053/3053
f 3051/3051/3051 3053/3053/3053 3048/3048/3048
f 309/309/309 135/135/135 10/10/10
f 309/309/309 10/10/10 486/486/486
f 486/486/486 10/10/10 500/500/500
f 500/500/500 10/10/10 577/577/577
f 577/577/577 10/10/10 643/643/643
f 643/643/643 10/10/10 20/20/20
f 20/20/20 10/10/10 1678/1678/1678
f 643/643/643 20/20/20 560/560/560
f 20/20/20 1678/1678/1678 1675/1675/1675
f 560/560/560 20/20/20 8/8/8
f 8/8/8 20/20/20 1675/1675/1675
f 8/8/8 1675/1675/1675 1672/1672/1672
f 560/560/560 8/8/8 574/574/574
f 8/8/8 1672/1672/1672 21/21/21
f 8/8/8 21/21/21 574/574/574
f 21/21/21 1672/1672/1672 1685/1685/1685
f 1685/1685/1685 1672/1672/1672 2282/2282/2282
f 574/574/574 21/21/21 22/22/22
f 21/21/21 1685/1685/1685 1687/1687/1687
f 21/21/21 1687/1687/1687 22/22/22
f 1687/1687/1687 1685/1685/1685 2282/2282/2282
f 574/574/574 22/22/22 23/23/23
f 23/23/23 22/22/22 1687/1687/1687
f 574/574/574 23/23/23 657/657/657
f 657/657/657 23/23/23 671/671/671
f 671/671/671 23/23/23 659/659/659
f 23/23/23 1687/1687/1687 1686/1686/1686
f 1686/1686/1686 1687/1687/1687 2282/2282/2282
f 659/659/659 23/23/23 1660/1660/1660
f 1660/1660/1660 23/23/23 1686/1686/1686
f 659/659/659 1660/1660/1660 1661/1661/1661
f 659/659/659 1661/1661/1661 661/661/661
f 661/661/661 1661/1661/1661 673/673/673
f 673/673/673 1661/1661/1661 699/699/699
f 1686/1686/1686 2282/2282/2282 2373/2373/2373
f 2373/2373/2373 2282/2282/2282 2439/2439/2439
f 1660/1660/1660 1686/1686/1686 2366/2366/2366
f 1660/1660/1660 2366/2366/2366 1661/1661/1661
f 1686/1686/1686 2373/2373/2373 2398/2398/2398
f 1686/1686/1686 2398/2398/2398 2366/2366/2366
f 2373/2373/2373 2439/2439/2439 2563/2563/2563
f 2373/2373/2373 2563/2563/2563 2398/2398/2398
f 1662/1662/1662 699/699/699 1661/1661/1661
f 699/699/699 1662/1662/1662 1560/1560/1560
f 699/699/699 1560/1560/1560 281/281/281
f 1560/1560/1560 1662/1662/1662 2444/2444/2444
f 2444/2444/2444 1662/1662/1662 1661/1661/1661
f 1560/1560/1560 2444/2444/2444 2035/2035/2035
f 2398/2398/2398 2563/2563/2563 2576/2576/2576
f 2398/2398/2398 2576/2576/2576 2366/2366/2366
f 2374/2374/2374 1661/1661/1661 2366/2366/2366
f 1661/1661/1661 2374/2374/2374 2444/2444/2444
f 2366/2366/2366 2576/2576/2576 2577/2577/2577
f 2366/2366/2366 2577/2577/2577 2374/2374/2374
f 2576/2576/2576 2563/2563/2563 2598/2598/2598
f 2374/2374/2374 2577/2577/2577 2588/2588/2588
f 2374/2374/2374 2588/2588/2588 2444/2444/2444
f 2577/2577/2577 2576/2576/2576 2631/2631/2631
f 2631/2631/2631 2576/2576/2576 2598/2598/2598
f 2588/2588/2588 2577/2577/2577 2640/2640/2640
f 2640/2640/2640 2577/2577/2577 2631/2631/2631
f 2444/2444/2444 2588/2588/2588 2602/2602/2602
f 2588/2588/2588 2640/2640/2640 2659/2659/2659
f 2588/2588/2588 2659/2659/2659 2602/2602/2602
f 2640/2640/2640 2631/2631/2631 2841/2841/2841
f 2640/2640/2640 2841/2841/2841 2659/2659/2659
f 2631/2631/2631 2598/2598/2598 2842/2842/2842
f 2631/2631/2631 2842/2842/2842 2841/2841/2841
f 2659/2659/2659 2841/2841/2841 2846/2846/2846
f 2444/2444/2444 2602/2602/2602 2653/2653/2653
f 2653/2653/2653 2602/2602/2602 2659/2659/2659
f 2659/2659/2659 2846/2846/2846 2844/2844/2844
f 2659/2659/2659 2844/2844/2844 2653/2653/2653
f 2846/2846/2846 2841/2841/2841 3005/3005/3005
f 2846/2846/2846 3005/3005/3005 2844/2844/2844
f 2444/2444/2444 2653/2653/2653 2592/2592/2592
f 2592/2592/2592 2653/2653/2653 2844/2844/2844
f 2444/2444/2444 2592/2592/2592 2035/2035/2035
f 2035/2035/2035 2592/2592/2592 2368/2368/2368
f 2368/2368/2368 2592/2592/2592 2766/2766/2766
f 2766/2766/2766 2592/2592/2592 2844/2844/2844
f 2368/2368/2368 2766/2766/2766 2605/2605/2605
f 2605/2605/2605 2766/2766/2766 2897/2897/2897
f 2766/2766/2766 2844/2844/2844 3015/3015/3015
f 2766/2766/2766 3015/3015/3015 2897/2897/2897
f 3015/3015/3015 2844/2844/2844 3005/3005/3005
f 2897/2897/2897 3015/3015/3015 3054/3054/3054
f 3054/3054/3054 3015/3015/3015 3049/3049/3049
f 3049/3049/3049 3015/3015/3015 3005/3005/3005
f 3049/3049/3049 3005/3005/3005 3047/3047/3047
f 3047/3047/3047 3005/3005/3005 3014/3014/3014
f 3014/3014/3014 3005/3005/3005 2841/2841/2841
f 3047/3047/3047 3014/3014/3014 3034/3034/3034
f 3034/3034/3034 3014/3014/3014 3031/3031/3031
f 3014/3014/3014 2841/2841/2841 2842/2842/2842
f 3031/3031/3031 3014/3014/3014 3002/3002/3002
f 3002/3002/3002 3014/3014/3014 2842/2842/2842
f 3031/3031/3031 3002/3002/3002 3001/3001/3001
f 3002/3002/3002 2842/2842/2842 2990/2990/2990
f 3002/3002/3002 2990/2990/2990 3001/3001/3001
f 2990/2990/2990 2842/2842/2842 2818/2818/2818
f 3001/3001/3001 2990/2990/2990 2889/2889/2889
f 2889/2889/2889 2990/2990/2990 2818/2818/2818
f 2818/2818/2818 2842/2842/2842 2598/2598/2598
f 3001/3001/3001 2889/2889/2889 2909/2909/2909
f 2909/2909/2909 2889/2889/2889 2895/2895/2895
f 2818/2818/2818 2598/2598/2598 2510/2510/2510
f 2510/2510/2510 2598/2598/2598 2563/2563/2563
f 2510/2510/2510 2563/2563/2563 2439/2439/2439
f 2818/2818/2818 2510/2510/2510 2741/2741/2741
f 2818/2818/2818 2741/2741/2741 2889/2889/2889
f 2510/2510/2510 2439/2439/2439 2509/2509/2509
f 2510/2510/2510 2509/2509/2509 2741/2741/2741
f 2509/2509/2509 2439/2439/2439 2425/2425/2425
f 2889/2889/2889 2741/2741/2741 2863/2863/2863
f 2863/2863/2863 2741/2741/2741 2509/2509/2509
f 2889/2889/2889 2863/2863/2863 2895/2895/2895
f 2509/2509/2509 2425/2425/2425 2483/2483/2483
f 2509/2509/2509 2483/2483/2483 2863/2863/2863
f 2483/2483/2483 2425/2425/2425 2404/2404/2404
f 2483/2483/2483 2404/2404/2404 2402/2402/2402
f 2895/2895/2895 2863/2863/2863 2854/2854/2854
f 2895/2895/2895 2854/2854/2854 2859/2859/2859
f 2859/2859/2859 2854/2854/2854 2788/2788/2788
f 2788/2788/2788 2854/2854/2854 2816/2816/2816
f 2854/2854/2854 2863/2863/2863 2849/2849/2849
f 2854/2854/2854 2849/2849/2849 2816/2816/2816
f 2849/2849/2849 2863/2863/2863 2483/2483/2483
f 2483/2483/2483 2402/2402/2402 2438/2438/2438
f 2483/2483/2483 2438/2438/2438 2849/2849/2849
f 2438/2438/2438 2402/2402/2402 2436/2436/2436
f 2816/2816/2816 2849/2849/2849 2804/2804/2804
f 2804/2804/2804 2849/2849/2849 2438/2438/2438
f 2804/2804/2804 2438/2438/2438 2436/2436/2436
f 2816/2816/2816 2804/2804/2804 2802/2802/2802
f 2802/2802/2802 2804/2804/2804 2436/2436/2436
f 494/494/494 496/496/496 429/429/429
f 494/494/494 429/429/429 568/568/568
f 568/568/568 429/429/429 480/480/480
f 480/480/480 429/429/429 406/406/406
f 480/480/480 406/406/406 437/437/437
f 429/429/429 496/496/496 430/430/430
f 437/437/437 406/406/406 386/386/386
f 437/437/437 386/386/386 419/419/419
f 419/419/419 386/386/386 392/392/392
f 406/406/406 429/429/429 394/394/394
f 394/394/394 429/429/429 430/430/430
f 386/386/386 406/406/406 388/388/388
f 388/388/388 406/406/406 394/394/394
f 392/392/392 386/386/386 342/342/342
f 342/342/342 386/386/386 388/388/388
f 392/392/392 342/342/342 385/385/385
f 385/385/385 342/342/342 303/303/303
f 303/303/303 342/342/342 388/388/388
f 385/385/385 303/303/303 275/275/275
f 388/388/388 394/394/394 345/345/345
f 303/303/303 388/388/388 344/344/344
f 344/344/344 388/388/388 345/345/345
f 275/275/275 303/303/303 241/241/241
f 241/241/241 303/303/303 344/344/344
f 275/275/275 241/241/241 231/231/231
f 275/275/275 231/231/231 257/257/257
f 241/241/241 344/344/344 266/266/266
f 266/266/266 344/344/344 345/345/345
f 231/231/231 241/241/241 242/242/242
f 242/242/242 241/241/241 266/266/266
f 257/257/257 231/231/231 232/232/232
f 232/232/232 231/231/231 242/242/242
f 257/257/257 232/232/232 263/263/263
f 242/242/242 266/266/266 267/267/267
f 267/267/267 266/266/266 345/345/345
f 232/232/232 242/242/242 233/233/233
f 233/233/233 242/242/242 267/267/267
f 263/263/263 232/232/232 215/215/215
f 215/215/215 232/232/232 233/233/233
f 263/263/263 215/215/215 230/230/230
f 267/267/267 345/345/345 258/258/258
f 267/267/267 258/258/258 233/233/233
f 230/230/230 215/215/215 146/146/146
f 146/146/146 215/215/215 233/233/233
f 230/230/230 146/146/146 160/160/160
f 160/160/160 146/146/146 52/52/52
f 146/146/146 233/233/233 161/161/161
f 161/161/161 233/233/233 258/258/258
f 52/52/52 146/146/146 45/45/45
f 52/52/52 45/45/45 1534/1534/1534
f 146/146/146 161/161/161 46/46/46
f 146/146/146 46/46/46 45/45/45
f 1534/1534/1534 45/45/45 1537/1537/1537
f 1537/1537/1537 45/45/45 46/46/46
f 1534/1534/1534 1537/1537/1537 1745/1745/1745
f 1745/1745/1745 1537/1537/1537 1715/1715/1715
f 1715/1715/1715 1537/1537/1537 1540/1540/1540
f 1540/1540/1540 1537/1537/1537 46/46/46
f 1715/1715/1715 1540/1540/1540 1717/1717/1717
f 1717/1717/1717 1540/1540/1540 1541/1541/1541
f 1717/1717/1717 1541/1541/1541 1719/1719/1719
f 1540/1540/1540 46/46/46 60/60/60
f 1540/1540/1540 60/60/60 1541/1541/1541
f 60/60/60 46/46/46 178/178/178
f 178/178/178 46/46/46 161/161/161
f 1541/1541/1541 60/60/60 99/99/99
f 1719/1719/1719 1541/1541/1541 1544/1544/1544
f 1544/1544/1544 1541/1541/1541 99/99/99
f 1719/1719/1719 1544/1544/1544 1733/1733/1733
f 178/178/178 161/161/161 295/295/295
f 295/295/295 161/161/161 258/258/258
f 60/60/60 178/178/178 244/244/244
f 60/60/60 244/244/244 99/99/99
f 178/178/178 295/295/295 398/398/398
f 178/178/178 398/398/398 244/244/244
f 1733/1733/1733 1544/1544/1544 1546/1546/1546
f 1546/1546/1546 1544/1544/1544 99/99/99
f 1733/1733/1733 1546/1546/1546 1766/1766/1766
f 1733/1733/1733 1766/1766/1766 1925/1925/1925
f 1925/1925/1925 1766/1766/1766 1768/1768/1768
f 1768/1768/1768 1766/1766/1766 1546/1546/1546
f 1940/1940/1940 1768/1768/1768 1777/1777/1777
f 1777/1777/1777 1768/1768/1768 1551/1551/1551
f 1551/1551/1551 1768/1768/1768 1547/1547/1547
f 1547/1547/1547 1768/1768/1768 1546/1546/1546
f 1551/1551/1551 1547/1547/1547 150/150/150
f 150/150/150 1547/1547/1547 139/139/139
f 139/139/139 1547/1547/1547 1546/1546/1546
f 150/150/150 139/139/139 351/351/351
f 351/351/351 139/139/139 321/321/321
f 139/139/139 1546/1546/1546 130/130/130
f 130/130/130 1546/1546/1546 99/99/99
f 139/139/139 130/130/130 306/306/306
f 306/306/306 130/130/130 99/99/99
f 139/139/139 306/306/306 321/321/321
f 306/306/306 99/99/99 244/244/244
f 321/321/321 306/306/306 482/482/482
f 482/482/482 306/306/306 244/244/244
f 321/321/321 482/482/482 501/501/501
f 501/501/501 482/482/482 693/693/693
f 482/482/482 244/244/244 398/398/398
f 693/693/693 482/482/482 653/653/653
f 482/482/482 398/398/398 516/516/516
f 482/482/482 516/516/516 653/653/653
f 516/516/516 398/398/398 295/295/295
f 653/653/653 516/516/516 825/825/825
f 653/653/653 825/825/825 860/860/860
f 516/516/516 295/295/295 407/407/407
f 407/407/407 295/295/295 258/258/258
f 516/516/516 407/407/407 641/641/641
f 516/516/516 641/641/641 825/825/825
f 860/860/860 825/825/825 942/942/942
f 641/641/641 407/407/407 497/497/497
f 407/407/407 258/258/258 348/348/348
f 407/407/407 348/348/348 497/497/497
f 348/348/348 258/258/258 345/345/345
f 348/348/348 345/345/345 394/394/394
f 348/348/348 394/394/394 430/430/430
f 348/348/348 430/430/430 497/497/497
f 641/641/641 497/497/497 729/729/729
f 641/641/641 729/729/729 825/825/825
f 497/497/497 430/430/430 572/572/572
f 497/497/497 572/572/572 729/729/729
f 572/572/572 430/430/430 496/496/496
f 572/572/572 496/496/496 613/613/613
f 572/572/572 613/613/613 796/796/796
f 572/572/572 796/796/796 729/729/729
f 825/825/825 729/729/729 923/923/923
f 923/923/923 729/729/729 796/796/796
f 825/825/825 923/923/923 942/942/942
f 923/923/923 796/796/796 950/950/950
f 923/923/923 950/950/950 981/981/981
f 923/923/923 981/981/981 942/942/942
f 942/942/942 981/981/981 1024/1024/1024
f 1024/1024/1024 981/981/981 1053/1053/1053
f 942/942/942 1024/1024/1024 964/964/964
f 964/964/964 1024/1024/1024 1002/1002/1002
f 1002/1002/1002 1024/1024/1024 1036/1036/1036
f 1004/1004/1004 993/993/993 972/972/972
f 1005/1005/1005 973/973/973 966/966/966
f 1005/1005/1005 966/966/966 965/965/965
f 966/966/966 973/973/973 934/934/934
f 934/934/934 973/973/973 1260/1260/1260
f 934/934/934 1260/1260/1260 1352/1352/1352
f 934/934/934 1352/1352/1352 1007/1007/1007
f 1007/1007/1007 1352/1352/1352 1391/1391/1391
f 1007/1007/1007 1391/1391/1391 1433/1433/1433
f 934/934/934 1007/1007/1007 957/957/957
f 934/934/934 957/957/957 845/845/845
f 845/845/845 957/957/957 676/676/676
f 882/882/882 966/966/966 934/934/934
f 882/882/882 934/934/934 845/845/845
f 534/534/534 676/676/676 490/490/490
f 676/676/676 534/534/534 712/712/712
f 676/676/676 712/712/712 845/845/845
f 845/845/845 712/712/712 882/882/882
f 966/966/966 882/882/882 896/896/896
f 882/882/882 712/712/712 731/731/731
f 882/882/882 731/731/731 896/896/896
f 731/731/731 712/712/712 531/531/531
f 966/966/966 896/896/896 965/965/965
f 965/965/965 896/896/896 861/861/861
f 965/965/965 861/861/861 943/943/943
f 896/896/896 731/731/731 694/694/694
f 896/896/896 694/694/694 861/861/861
f 694/694/694 731/731/731 503/503/503
f 861/861/861 694/694/694 654/654/654
f 502/502/502 730/730/730 530/530/530
f 502/502/502 530/530/530 322/322/322
f 322/322/322 530/530/530 352/352/352
f 352/352/352 530/530/530 533/533/533
f 533/533/533 530/530/530 711/711/711
f 352/352/352 533/533/533 355/355/355
f 352/352/352 355/355/355 151/151/151
f 151/151/151 355/355/355 155/155/155
f 355/355/355 533/533/533 489/489/489
f 155/155/155 355/355/355 132/132/132
f 355/355/355 489/489/489 307/307/307
f 355/355/355 307/307/307 132/132/132
f 307/307/307 489/489/489 873/873/873
f 307/307/307 873/873/873 529/529/529
f 529/529/529 873/873/873 859/859/859
f 132/132/132 307/307/307 548/548/548
f 548/548/548 307/307/307 529/529/529
f 132/132/132 548/548/548 36/36/36
f 132/132/132 36/36/36 12/12/12
f 12/12/12 36/36/36 1653/1653/1653
f 1653/1653/1653 36/36/36 47/47/47
f 1653/1653/1653 47/47/47 1658/1658/1658
f 1658/1658/1658 47/47/47 32/32/32
f 1658/1658/1658 32/32/32 1651/1651/1651
f 47/47/47 36/36/36 692/692/692
f 1651/1651/1651 32/32/32 1667/1667/1667
f 1651/1651/1651 1667/1667/1667 2191/2191/2191
f 32/32/32 47/47/47 617/617/617
f 617/617/617 47/47/47 692/692/692
f 1667/1667/1667 32/32/32 53/53/53
f 692/692/692 36/36/36 619/619/619
f 619/619/619 36/36/36 548/548/548
f 2191/2191/2191 1667/1667/1667 1668/1668/1668
f 32/32/32 617/617/617 618/618/618
f 32/32/32 618/618/618 53/53/53
f 617/617/617 692/692/692 759/759/759
f 617/617/617 759/759/759 618/618/618
f 1667/1667/1667 53/53/53 48/48/48
f 1667/1667/1667 48/48/48 1668/1668/1668
f 48/48/48 53/53/53 618/618/618
f 2191/2191/2191 1668/1668/1668 1659/1659/1659
f 1659/1659/1659 1668/1668/1668 48/48/48
f 2191/2191/2191 1659/1659/1659 2284/2284/2284
f 2284/2284/2284 1659/1659/1659 2303/2303/2303
f 2303/2303/2303 1659/1659/1659 2286/2286/2286
f 15/15/15 2305/2305/2305 2286/2286/2286
f 15/15/15 2286/2286/2286 13/13/13
f 13/13/13 2286/2286/2286 1659/1659/1659
f 13/13/13 1659/1659/1659 37/37/37
f 37/37/37 1659/1659/1659 48/48/48
f 37/37/37 48/48/48 618/618/618
f 37/37/37 618/618/618 704/704/704
f 37/37/37 704/704/704 713/713/713
f 713/713/713 704/704/704 880/880/880
f 704/704/704 618/618/618 795/795/795
f 704/704/704 795/795/795 880/880/880
f 880/880/880 795/795/795 835/835/835
f 795/795/795 618/618/618 759/759/759
f 835/835/835 795/795/795 834/834/834
f 834/834/834 795/795/795 759/759/759
f 835/835/835 834/834/834 1063/1063/1063
f 1063/1063/1063 834/834/834 1193/1193/1193
f 1193/1193/1193 834/834/834 1150/1150/1150
f 1150/1150/1150 834/834/834 837/837/837
f 837/837/837 834/834/834 759/759/759
f 1150/1150/1150 837/837/837 1131/1131/1131
f 837/837/837 759/759/759 775/775/775
f 775/775/775 759/759/759 692/692/692
f 1131/1131/1131 837/837/837 814/814/814
f 1131/1131/1131 814/814/814 1122/1122/1122
f 837/837/837 775/775/775 772/772/772
f 837/837/837 772/772/772 814/814/814
f 775/775/775 692/692/692 619/619/619
f 775/775/775 619/619/619 772/772/772
f 1122/1122/1122 814/814/814 792/792/792
f 792/792/792 814/814/814 772/772/772
f 1122/1122/1122 792/792/792 1019/1019/1019
f 1019/1019/1019 792/792/792 668/668/668
f 668/668/668 792/792/792 772/772/772
f 1019/1019/1019 668/668/668 931/931/931
f 772/772/772 619/619/619 649/649/649
f 772/772/772 649/649/649 668/668/668
f 931/931/931 668/668/668 648/648/648
f 931/931/931 648/648/648 929/929/929
f 668/668/668 649/649/649 636/636/636
f 668/668/668 636/636/636 648/648/648
f 636/636/636 649/649/649 638/638/638
f 929/929/929 648/648/648 650/650/650
f 650/650/650 648/648/648 636/636/636
f 929/929/929 650/650/650 527/527/527
f 929/929/929 527/527/527 859/859/859
f 650/650/650 636/636/636 529/529/529
f 650/650/650 529/529/529 527/527/527
f 529/529/529 636/636/636 638/638/638
f 859/859/859 527/527/527 528/528/528
f 528/528/528 527/527/527 529/529/529
f 528/528/528 529/529/529 859/859/859
f 529/529/529 638/638/638 548/548/548
f 669/669/669 638/638/638 649/649/649
f 669/669/669 649/649/649 619/619/619
f 655/655/655 619/619/619 548/548/548
f 619/619/619 655/655/655 669/669/669
f 655/655/655 548/548/548 578/578/578
f 655/655/655 578/578/578 669/669/669
f 578/578/578 548/548/548 638/638/638
f 651/651/651 638/638/638 669/669/669
f 638/638/638 651/651/651 578/578/578
f 578/578/578 651/651/651 669/669/669
f 675/675/675 956/956/956 994/994/994
f 994/994/994 956/956/956 1006/1006/1006
f 675/675/675 994/994/994 1052/1052/1052
f 675/675/675 1052/1052/1052 488/488/488
f 994/994/994 1006/1006/1006 1094/1094/1094
f 1094/1094/1094 1006/1006/1006 1432/1432/1432
f 1094/1094/1094 1432/1432/1432 1418/1418/1418
f 994/994/994 1094/1094/1094 1070/1070/1070
f 1094/1094/1094 1418/1418/1418 1133/1133/1133
f 1094/1094/1094 1133/1133/1133 1070/1070/1070
f 1133/1133/1133 1418/1418/1418 1437/1437/1437
f 872/872/872 488/488/488 1052/1052/1052
f 1133/1133/1133 1437/1437/1437 1148/1148/1148
f 928/928/928 858/858/858 872/872/872
f 1133/1133/1133 1148/1148/1148 1095/1095/1095
f 1133/1133/1133 1095/1095/1095 1070/1070/1070
f 928/928/928 872/872/872 940/940/940
f 928/928/928 940/940/940 930/930/930
f 930/930/930 940/940/940 1018/1018/1018
f 940/940/940 872/872/872 963/963/963
f 963/963/963 872/872/872 1052/1052/1052
f 1018/1018/1018 940/940/940 1034/1034/1034
f 1034/1034/1034 940/940/940 963/963/963
f 1018/1018/1018 1034/1034/1034 1129/1129/1129
f 1018/1018/1018 1129/1129/1129 1121/1121/1121
f 1121/1121/1121 1129/1129/1129 1130/1130/1130
f 1130/1130/1130 1129/1129/1129 1149/1149/1149
f 963/963/963 1052/1052/1052 1035/1035/1035
f 963/963/963 1035/1035/1035 979/979/979
f 1035/1035/1035 1052/1052/1052 1072/1072/1072
f 963/963/963 979/979/979 1021/1021/1021
f 1021/1021/1021 979/979/979 1035/1035/1035
f 1021/1021/1021 1035/1035/1035 1072/1072/1072
f 963/963/963 1021/1021/1021 1034/1034/1034
f 1072/1072/1072 1052/1052/1052 1105/1105/1105
f 1072/1072/1072 1105/1105/1105 1021/1021/1021
f 1021/1021/1021 1105/1105/1105 1034/1034/1034
f 1034/1034/1034 1105/1105/1105 1129/1129/1129
f 1105/1105/1105 1052/1052/1052 994/994/994
f 1105/1105/1105 994/994/994 1070/1070/1070
f 1129/1129/1129 1105/1105/1105 1162/1162/1162
f 1129/1129/1129 1162/1162/1162 1149/1149/1149
f 1105/1105/1105 1070/1070/1070 1173/1173/1173
f 1105/1105/1105 1173/1173/1173 1162/1162/1162
f 1149/1149/1149 1162/1162/1162 1207/1207/1207
f 1207/1207/1207 1162/1162/1162 1173/1173/1173
f 1149/1149/1149 1207/1207/1207 1192/1192/1192
f 1173/1173/1173 1070/1070/1070 1199/1199/1199
f 1173/1173/1173 1199/1199/1199 1207/1207/1207
f 1199/1199/1199 1070/1070/1070 1095/1095/1095
f 1192/1192/1192 1207/1207/1207 1208/1208/1208
f 1192/1192/1192 1208/1208/1208 1062/1062/1062
f 1207/1207/1207 1199/1199/1199 1215/1215/1215
f 1215/1215/1215 1199/1199/1199 1095/1095/1095
f 1208/1208/1208 1207/1207/1207 1214/1214/1214
f 1214/1214/1214 1207/1207/1207 1215/1215/1215
f 1208/1208/1208 1214/1214/1214 1279/1279/1279
f 1208/1208/1208 1279/1279/1279 1275/1275/1275
f 1214/1214/1214 1215/1215/1215 1295/1295/1295
f 1214/1214/1214 1295/1295/1295 1279/1279/1279
f 1275/1275/1275 1279/1279/1279 1292/1292/1292
f 1215/1215/1215 1095/1095/1095 1127/1127/1127
f 1127/1127/1127 1095/1095/1095 1148/1148/1148
f 1215/1215/1215 1127/1127/1127 1174/1174/1174
f 1127/1127/1127 1148/1148/1148 1234/1234/1234
f 1127/1127/1127 1234/1234/1234 1174/1174/1174
f 1234/1234/1234 1148/1148/1148 1437/1437/1437
f 1215/1215/1215 1174/1174/1174 1196/1196/1196
f 1196/1196/1196 1174/1174/1174 1234/1234/1234
f 1215/1215/1215 1196/1196/1196 1295/1295/1295
f 1234/1234/1234 1437/1437/1437 1243/1243/1243
f 1234/1234/1234 1243/1243/1243 1196/1196/1196
f 1243/1243/1243 1437/1437/1437 1487/1487/1487
f 1243/1243/1243 1487/1487/1487 1484/1484/1484
f 1295/1295/1295 1196/1196/1196 1278/1278/1278
f 1295/1295/1295 1278/1278/1278 1279/1279/1279
f 1243/1243/1243 1484/1484/1484 1492/1492/1492
f 1492/1492/1492 1484/1484/1484 1511/1511/1511
f 1196/1196/1196 1243/1243/1243 1244/1244/1244
f 1244/1244/1244 1243/1243/1243 1492/1492/1492
f 1278/1278/1278 1196/1196/1196 1326/1326/1326
f 1326/1326/1326 1196/1196/1196 1244/1244/1244
f 1279/1279/1279 1278/1278/1278 1321/1321/1321
f 1321/1321/1321 1278/1278/1278 1326/1326/1326
f 1279/1279/1279 1321/1321/1321 1292/1292/1292
f 1292/1292/1292 1321/1321/1321 1325/1325/1325
f 1325/1325/1325 1321/1321/1321 1326/1326/1326
f 1292/1292/1292 1325/1325/1325 1332/1332/1332
f 1332/1332/1332 1325/1325/1325 1326/1326/1326
f 1292/1292/1292 1332/1332/1332 1297/1297/1297
f 1255/1255/1255 1326/1326/1326 1244/1244/1244
f 1255/1255/1255 1244/1244/1244 1492/1492/1492
f 1332/1332/1332 1326/1326/1326 1328/1328/1328
f 1328/1328/1328 1326/1326/1326 1255/1255/1255
f 1297/1297/1297 1332/1332/1332 1327/1327/1327
f 1327/1327/1327 1332/1332/1332 1328/1328/1328
f 1297/1297/1297 1327/1327/1327 1299/1299/1299
f 1255/1255/1255 1492/1492/1492 1494/1494/1494
f 1494/1494/1494 1492/1492/1492 1516/1516/1516
f 1299/1299/1299 1327/1327/1327 1329/1329/1329
f 1329/1329/1329 1327/1327/1327 1328/1328/1328
f 1299/1299/1299 1329/1329/1329 1216/1216/1216
f 1329/1329/1329 1328/1328/1328 1256/1256/1256
f 1256/1256/1256 1328/1328/1328 1255/1255/1255
f 1329/1329/1329 1256/1256/1256 1216/1216/1216
f 1216/1216/1216 1256/1256/1256 1041/1041/1041
f 1216/1216/1216 1041/1041/1041 847/847/847
f 1256/1256/1256 1255/1255/1255 1499/1499/1499
f 1256/1256/1256 1499/1499/1499 1041/1041/1041
f 1499/1499/1499 1255/1255/1255 1494/1494/1494
f 1499/1499/1499 1494/1494/1494 1522/1522/1522
f 1041/1041/1041 1499/1499/1499 1188/1188/1188
f 1188/1188/1188 1499/1499/1499 1490/1490/1490
f 149/149/149 154/154/154 1550/1550/1550
f 1550/1550/1550 154/154/154 1553/1553/1553
f 1553/1553/1553 154/154/154 131/131/131
f 1550/1550/1550 1553/1553/1553 1775/1775/1775
f 1553/1553/1553 131/131/131 1554/1554/1554
f 1554/1554/1554 131/131/131 11/11/11
f 1775/1775/1775 1553/1553/1553 1779/1779/1779
f 1775/1775/1775 1779/1779/1779 1980/1980/1980
f 1553/1553/1553 1554/1554/1554 1770/1770/1770
f 1770/1770/1770 1554/1554/1554 11/11/11
f 1553/1553/1553 1770/1770/1770 1779/1779/1779
f 1779/1779/1779 1770/1770/1770 1951/1951/1951
f 1770/1770/1770 11/11/11 1652/1652/1652
f 1770/1770/1770 1652/1652/1652 2100/2100/2100
f 2100/2100/2100 1652/1652/1652 2124/2124/2124
f 2124/2124/2124 1652/1652/1652 2193/2193/2193
f 2193/2193/2193 1652/1652/1652 2260/2260/2260
f 2260/2260/2260 1652/1652/1652 1657/1657/1657
f 2260/2260/2260 1657/1657/1657 2165/2165/2165
f 2165/2165/2165 1657/1657/1657 1650/1650/1650
f 2165/2165/2165 1650/1650/1650 2190/2190/2190
f 1732/1732/1732 1924/1924/1924 1865/1865/1865
f 1732/1732/1732 1865/1865/1865 1822/1822/1822
f 1732/1732/1732 1822/1822/1822 1718/1718/1718
f 1865/1865/1865 1924/1924/1924 2141/2141/2141
f 1718/1718/1718 1822/1822/1822 1797/1797/1797
f 1718/1718/1718 1797/1797/1797 1716/1716/1716
f 1822/1822/1822 1865/1865/1865 1950/1950/1950
f 1716/1716/1716 1797/1797/1797 1805/1805/1805
f 1716/1716/1716 1805/1805/1805 1714/1714/1714
f 1714/1714/1714 1805/1805/1805 1743/1743/1743
f 1743/1743/1743 1805/1805/1805 1848/1848/1848
f 1848/1848/1848 1805/1805/1805 1945/1945/1945
f 1907/1907/1907 1797/1797/1797 1822/1822/1822
f 1907/1907/1907 1822/1822/1822 1950/1950/1950
f 1805/1805/1805 1797/1797/1797 1906/1906/1906
f 1906/1906/1906 1797/1797/1797 1907/1907/1907
f 1805/1805/1805 1906/1906/1906 1945/1945/1945
f 1945/1945/1945 1906/1906/1906 1978/1978/1978
f 1945/1945/1945 1978/1978/1978 2028/2028/2028
f 1906/1906/1906 1907/1907/1907 1998/1998/1998
f 1906/1906/1906 1998/1998/1998 1978/1978/1978
f 2028/2028/2028 1978/1978/1978 1995/1995/1995
f 1995/1995/1995 1978/1978/1978 1998/1998/1998
f 2028/2028/2028 1995/1995/1995 2026/2026/2026
f 2026/2026/2026 1995/1995/1995 1993/1993/1993
f 1993/1993/1993 1995/1995/1995 1947/1947/1947
f 1993/1993/1993 1947/1947/1947 2024/2024/2024
f 2024/2024/2024 1947/1947/1947 1996/1996/1996
f 2024/2024/2024 1996/1996/1996 2092/2092/2092
f 1947/1947/1947 1995/1995/1995 2005/2005/2005
f 1947/1947/1947 2005/2005/2005 1996/1996/1996
f 2005/2005/2005 1995/1995/1995 1998/1998/1998
f 1996/1996/1996 2005/2005/2005 2030/2030/2030
f 2030/2030/2030 2005/2005/2005 1998/1998/1998
f 2030/2030/2030 1998/1998/1998 2049/2049/2049
f 2049/2049/2049 1998/1998/1998 2051/2051/2051
f 2051/2051/2051 1998/1998/1998 1907/1907/1907
f 2051/2051/2051 1907/1907/1907 1950/1950/1950
f 2051/2051/2051 1950/1950/1950 2082/2082/2082
f 2051/2051/2051 2082/2082/2082 2097/2097/2097
f 2082/2082/2082 1950/1950/1950 2033/2033/2033
f 2033/2033/2033 1950/1950/1950 1865/1865/1865
f 2082/2082/2082 2033/2033/2033 2186/2186/2186
f 2033/2033/2033 1865/1865/1865 2141/2141/2141
f 2033/2033/2033 2141/2141/2141 2186/2186/2186
f 2082/2082/2082 2186/2186/2186 2163/2163/2163
f 2163/2163/2163 2186/2186/2186 2328/2328/2328
f 2328/2328/2328 2186/2186/2186 2526/2526/2526
f 2186/2186/2186 2141/2141/2141 2363/2363/2363
f 2186/2186/2186 2363/2363/2363 2526/2526/2526
f 2526/2526/2526 2363/2363/2363 2395/2395/2395
f 2526/2526/2526 2395/2395/2395 2564/2564/2564
f 2363/2363/2363 2141/2141/2141 2170/2170/2170
f 2363/2363/2363 2170/2170/2170 2395/2395/2395
f 2170/2170/2170 2141/2141/2141 1939/1939/1939
f 1939/1939/1939 2141/2141/2141 1924/1924/1924
f 1939/1939/1939 1924/1924/1924 1767/1767/1767
f 2170/2170/2170 1939/1939/1939 1981/1981/1981
f 1981/1981/1981 1939/1939/1939 1776/1776/1776
f 2395/2395/2395 2170/2170/2170 2210/2210/2210
f 2210/2210/2210 2170/2170/2170 1981/1981/1981
f 2430/2430/2430 2564/2564/2564 2395/2395/2395
f 2430/2430/2430 2395/2395/2395 2210/2210/2210
f 2564/2564/2564 2430/2430/2430 2600/2600/2600
f 2210/2210/2210 1981/1981/1981 1952/1952/1952
f 1952/1952/1952 1981/1981/1981 1780/1780/1780
f 2430/2430/2430 2210/2210/2210 2195/2195/2195
f 2195/2195/2195 2210/2210/2210 1952/1952/1952
f 2600/2600/2600 2430/2430/2430 2431/2431/2431
f 2431/2431/2431 2430/2430/2430 2195/2195/2195
f 2600/2600/2600 2431/2431/2431 2590/2590/2590
f 2195/2195/2195 1952/1952/1952 1926/1926/1926
f 1926/1926/1926 1952/1952/1952 1771/1771/1771
f 1926/1926/1926 1771/1771/1771 2101/2101/2101
f 2195/2195/2195 1926/1926/1926 2154/2154/2154
f 2154/2154/2154 1926/1926/1926 2101/2101/2101
f 2195/2195/2195 2154/2154/2154 2431/2431/2431
f 2154/2154/2154 2101/2101/2101 2514/2514/2514
f 2375/2375/2375 2590/2590/2590 2431/2431/2431
f 2375/2375/2375 2431/2431/2431 2154/2154/2154
f 2375/2375/2375 2154/2154/2154 2514/2514/2514
f 2590/2590/2590 2375/2375/2375 2545/2545/2545
f 2375/2375/2375 2514/2514/2514 2707/2707/2707
f 2545/2545/2545 2375/2375/2375 2643/2643/2643
f 2643/2643/2643 2375/2375/2375 2707/2707/2707
f 2515/2515/2515 2102/2102/2102 2099/2099/2099
f 2099/2099/2099 2102/2102/2102 2123/2123/2123
f 2099/2099/2099 2123/2123/2123 2484/2484/2484
f 2099/2099/2099 2484/2484/2484 2515/2515/2515
f 2123/2123/2123 2102/2102/2102 2226/2226/2226
f 2226/2226/2226 2102/2102/2102 2244/2244/2244
f 2484/2484/2484 2123/2123/2123 2485/2485/2485
f 2484/2484/2484 2485/2485/2485 2515/2515/2515
f 2485/2485/2485 2123/2123/2123 2226/2226/2226
f 2515/2515/2515 2485/2485/2485 2562/2562/2562
f 2562/2562/2562 2485/2485/2485 2226/2226/2226
f 2226/2226/2226 2244/2244/2244 2225/2225/2225
f 2225/2225/2225 2244/2244/2244 2243/2243/2243
f 2225/2225/2225 2243/2243/2243 2226/2226/2226
f 2243/2243/2243 2244/2244/2244 2256/2256/2256
f 2226/2226/2226 2243/2243/2243 2561/2561/2561
f 2561/2561/2561 2243/2243/2243 2256/2256/2256
f 2226/2226/2226 2561/2561/2561 2562/2562/2562
f 2561/2561/2561 2256/2256/2256 2677/2677/2677
f 2562/2562/2562 2561/2561/2561 2575/2575/2575
f 2562/2562/2562 2575/2575/2575 2515/2515/2515
f 2575/2575/2575 2561/2561/2561 2677/2677/2677
f 2515/2515/2515 2575/2575/2575 2617/2617/2617
f 2575/2575/2575 2677/2677/2677 2706/2706/2706
f 2575/2575/2575 2706/2706/2706 2617/2617/2617
f 2706/2706/2706 2677/2677/2677 2783/2783/2783
f 2783/2783/2783 2677/2677/2677 2775/2775/2775
f 2783/2783/2783 2775/2775/2775 2777/2777/2777
f 2783/2783/2783 2777/2777/2777 2835/2835/2835
f 2515/2515/2515 2617/2617/2617 2708/2708/2708
f 2850/2850/2850 2856/2856/2856 2835/2835/2835
f 2835/2835/2835 2856/2856/2856 2840/2840/2840
f 2835/2835/2835 2840/2840/2840 2783/2783/2783
f 2840/2840/2840 2856/2856/2856 2860/2860/2860
f 2840/2840/2840 2860/2860/2860 2845/2845/2845
f 2845/2845/2845 2860/2860/2860 2723/2723/2723
f 2783/2783/2783 2840/2840/2840 2779/2779/2779
f 2779/2779/2779 2840/2840/2840 2845/2845/2845
f 2779/2779/2779 2845/2845/2845 2723/2723/2723
f 2783/2783/2783 2779/2779/2779 2706/2706/2706
f 2779/2779/2779 2723/2723/2723 2644/2644/2644
f 2779/2779/2779 2644/2644/2644 2708/2708/2708
f 2779/2779/2779 2708/2708/2708 2731/2731/2731
f 2706/2706/2706 2779/2779/2779 2666/2666/2666
f 2666/2666/2666 2779/2779/2779 2731/2731/2731
f 2706/2706/2706 2666/2666/2666 2617/2617/2617
f 2731/2731/2731 2708/2708/2708 2695/2695/2695
f 2731/2731/2731 2695/2695/2695 2666/2666/2666
f 2695/2695/2695 2708/2708/2708 2617/2617/2617
f 2617/2617/2617 2666/2666/2666 2628/2628/2628
f 2617/2617/2617 2628/2628/2628 2695/2695/2695
f 2695/2695/2695 2628/2628/2628 2666/2666/2666
f 2245/2245/2245 2103/2103/2103 2206/2206/2206
f 2206/2206/2206 2103/2103/2103 2125/2125/2125
f 2245/2245/2245 2206/2206/2206 2257/2257/2257
f 2206/2206/2206 2125/2125/2125 2168/2168/2168
f 2168/2168/2168 2125/2125/2125 2227/2227/2227
f 2206/2206/2206 2168/2168/2168 2246/2246/2246
f 2227/2227/2227 2125/2125/2125 2194/2194/2194
f 2246/2246/2246 2168/2168/2168 2259/2259/2259
f 2259/2259/2259 2168/2168/2168 2227/2227/2227
f 2246/2246/2246 2259/2259/2259 2206/2206/2206
f 2259/2259/2259 2227/2227/2227 2194/2194/2194
f 2206/2206/2206 2259/2259/2259 2258/2258/2258
f 2206/2206/2206 2258/2258/2258 2257/2257/2257
f 2258/2258/2258 2259/2259/2259 2194/2194/2194
f 2257/2257/2257 2258/2258/2258 2361/2361/2361
f 2361/2361/2361 2258/2258/2258 2194/2194/2194
f 2257/2257/2257 2361/2361/2361 2372/2372/2372
f 2257/2257/2257 2372/2372/2372 2678/2678/2678
f 2678/2678/2678 2372/2372/2372 2776/2776/2776
f 2776/2776/2776 2372/2372/2372 2778/2778/2778
f 2372/2372/2372 2361/2361/2361 2393/2393/2393
f 2372/2372/2372 2393/2393/2393 2778/2778/2778
f 2778/2778/2778 2393/2393/2393 2407/2407/2407
f 2407/2407/2407 2393/2393/2393 2361/2361/2361
f 2778/2778/2778 2407/2407/2407 2836/2836/2836
f 2345/2345/2345 2361/2361/2361 2194/2194/2194
f 2361/2361/2361 2345/2345/2345 2407/2407/2407
f 2345/2345/2345 2194/2194/2194 2261/2261/2261
f 2345/2345/2345 2261/2261/2261 2346/2346/2346
f 2345/2345/2345 2346/2346/2346 2407/2407/2407
f 2346/2346/2346 2261/2261/2261 2166/2166/2166
f 2836/2836/2836 2407/2407/2407 2394/2394/2394
f 2394/2394/2394 2407/2407/2407 2346/2346/2346
f 2346/2346/2346 2166/2166/2166 2192/2192/2192
f 2836/2836/2836 2394/2394/2394 2851/2851/2851
f 2346/2346/2346 2192/2192/2192 2362/2362/2362
f 2362/2362/2362 2192/2192/2192 2285/2285/2285
f 2394/2394/2394 2346/2346/2346 2406/2406/2406
f 2406/2406/2406 2346/2346/2346 2362/2362/2362
f 2362/2362/2362 2285/2285/2285 2465/2465/2465
f 2362/2362/2362 2465/2465/2465 2406/2406/2406
f 2465/2465/2465 2285/2285/2285 2304/2304/2304
f 2394/2394/2394 2406/2406/2406 2679/2679/2679
f 2394/2394/2394 2679/2679/2679 2851/2851/2851
f 2406/2406/2406 2465/2465/2465 2530/2530/2530
f 2679/2679/2679 2406/2406/2406 2757/2757/2757
f 2757/2757/2757 2406/2406/2406 2530/2530/2530
f 2679/2679/2679 2757/2757/2757 2855/2855/2855
f 2679/2679/2679 2855/2855/2855 2851/2851/2851
f 2757/2757/2757 2530/2530/2530 2784/2784/2784
f 2516/2516/2516 2465/2465/2465 2304/2304/2304
f 2530/2530/2530 2465/2465/2465 2567/2567/2567
f 2567/2567/2567 2465/2465/2465 2516/2516/2516
f 2530/2530/2530 2567/2567/2567 2784/2784/2784
f 2516/2516/2516 2304/2304/2304 2287/2287/2287
f 2516/2516/2516 2287/2287/2287 2486/2486/2486
f 2567/2567/2567 2516/2516/2516 2568/2568/2568
f 2568/2568/2568 2516/2516/2516 2486/2486/2486
f 2486/2486/2486 2287/2287/2287 2487/2487/2487
f 2486/2486/2486 2487/2487/2487 2568/2568/2568
f 2487/2487/2487 2287/2287/2287 2307/2307/2307
f 2567/2567/2567 2568/2568/2568 2790/2790/2790
f 2567/2567/2567 2790/2790/2790 2784/2784/2784
f 2487/2487/2487 2307/2307/2307 2517/2517/2517
f 2517/2517/2517 2307/2307/2307 2333/2333/2333
f 2568/2568/2568 2487/2487/2487 2589/2589/2589
f 2589/2589/2589 2487/2487/2487 2517/2517/2517
f 2790/2790/2790 2568/2568/2568 2805/2805/2805
f 2805/2805/2805 2568/2568/2568 2589/2589/2589
f 2589/2589/2589 2517/2517/2517 2578/2578/2578
f 2578/2578/2578 2517/2517/2517 2333/2333/2333
f 2578/2578/2578 2333/2333/2333 2467/2467/2467
f 2467/2467/2467 2333/2333/2333 1911/1911/1911
f 2578/2578/2578 2467/2467/2467 2745/2745/2745
f 2745/2745/2745 2467/2467/2467 2229/2229/2229
f 2589/2589/2589 2578/2578/2578 2806/2806/2806
f 2589/2589/2589 2806/2806/2806 2805/2805/2805
f 2806/2806/2806 2578/2578/2578 2745/2745/2745
f 2745/2745/2745 2229/2229/2229 2866/2866/2866
f 2745/2745/2745 2866/2866/2866 2806/2806/2806
f 2805/2805/2805 2806/2806/2806 2957/2957/2957
f 2957/2957/2957 2806/2806/2806 2866/2866/2866
f 2805/2805/2805 2957/2957/2957 2956/2956/2956
f 2805/2805/2805 2956/2956/2956 2790/2790/2790
f 2957/2957/2957 2866/2866/2866 2998/2998/2998
f 2957/2957/2957 2998/2998/2998 2956/2956/2956
f 2998/2998/2998 2866/2866/2866 3009/3009/3009
f 3009/3009/3009 2866/2866/2866 2555/2555/2555
f 2956/2956/2956 2998/2998/2998 3006/3006/3006
f 3006/3006/3006 2998/2998/2998 3009/3009/3009
f 2790/2790/2790 2956/2956/2956 2970/2970/2970
f 2790/2790/2790 2970/2970/2970 2784/2784/2784
f 2956/2956/2956 3006/3006/3006 3004/3004/3004
f 2956/2956/2956 3004/3004/3004 2970/2970/2970
f 3006/3006/3006 3009/3009/3009 3016/3016/3016
f 3006/3006/3006 3016/3016/3016 3004/3004/3004
f 2769/2769/2769 2934/2934/2934 3009/3009/3009
f 3009/3009/3009 2934/2934/2934 2945/2945/2945
f 3009/3009/3009 2945/2945/2945 3016/3016/3016
f 3016/3016/3016 2945/2945/2945 3007/3007/3007
f 3016/3016/3016 3007/3007/3007 3004/3004/3004
f 3007/3007/3007 2945/2945/2945 2932/2932/2932
f 3007/3007/3007 2932/2932/2932 2882/2882/2882
f 2955/2955/2955 2970/2970/2970 3004/3004/3004
f 2970/2970/2970 2955/2955/2955 2784/2784/2784
f 3004/3004/3004 3007/3007/3007 2996/2996/2996
f 3004/3004/3004 2996/2996/2996 2955/2955/2955
f 3007/3007/3007 2882/2882/2882 2940/2940/2940
f 3007/3007/3007 2940/2940/2940 2996/2996/2996
f 2784/2784/2784 2955/2955/2955 2919/2919/2919
f 2919/2919/2919 2955/2955/2955 2996/2996/2996
f 2784/2784/2784 2919/2919/2919 2757/2757/2757
f 2757/2757/2757 2919/2919/2919 2855/2855/2855
f 2919/2919/2919 2996/2996/2996 2929/2929/2929
f 2919/2919/2919 2929/2929/2929 2855/2855/2855
f 2929/2929/2929 2996/2996/2996 2940/2940/2940
f 2971/2971/2971 2940/2940/2940 2882/2882/2882
f 2940/2940/2940 2971/2971/2971 2929/2929/2929
f 2855/2855/2855 2929/2929/2929 2864/2864/2864
f 2864/2864/2864 2929/2929/2929 2971/2971/2971
f 2855/2855/2855 2864/2864/2864 2851/2851/2851
f 2851/2851/2851 2864/2864/2864 2857/2857/2857
f 2864/2864/2864 2971/2971/2971 2880/2880/2880
f 2880/2880/2880 2971/2971/2971 2882/2882/2882
f 2864/2864/2864 2880/2880/2880 2857/2857/2857
f 2880/2880/2880 2882/2882/2882 2868/2868/2868
f 2880/2880/2880 2868/2868/2868 2792/2792/2792
f 2857/2857/2857 2880/2880/2880 2861/2861/2861
f 2880/2880/2880 2792/2792/2792 2763/2763/2763
f 2880/2880/2880 2763/2763/2763 2861/2861/2861
f 2861/2861/2861 2763/2763/2763 2725/2725/2725
f 714/714/714 881/881/881 899/899/899
f 714/714/714 899/899/899 696/696/696
f 714/714/714 696/696/696 38/38/38
f 38/38/38 696/696/696 14/14/14
f 14/14/14 696/696/696 16/16/16
f 899/899/899 881/881/881 924/924/924
f 924/924/924 881/881/881 836/836/836
f 696/696/696 899/899/899 910/910/910
f 899/899/899 924/924/924 947/947/947
f 899/899/899 947/947/947 910/910/910
f 924/924/924 836/836/836 1123/1123/1123
f 1123/1123/1123 836/836/836 1064/1064/1064
f 1123/1123/1123 1064/1064/1064 1209/1209/1209
f 1123/1123/1123 1209/1209/1209 1276/1276/1276
f 924/924/924 1123/1123/1123 1134/1134/1134
f 1134/1134/1134 1123/1123/1123 1276/1276/1276
f 924/924/924 1134/1134/1134 947/947/947
f 1134/1134/1134 1276/1276/1276 1293/1293/1293
f 947/947/947 1134/1134/1134 953/953/953
f 947/947/947 953/953/953 910/910/910
f 1134/1134/1134 1293/1293/1293 1135/1135/1135
f 1134/1134/1134 1135/1135/1135 953/953/953
f 1135/1135/1135 1293/1293/1293 1298/1298/1298
f 910/910/910 953/953/953 969/969/969
f 969/969/969 953/953/953 1135/1135/1135
f 1135/1135/1135 1298/1298/1298 1140/1140/1140
f 1135/1135/1135 1140/1140/1140 969/969/969
f 1140/1140/1140 1298/1298/1298 1300/1300/1300
f 1140/1140/1140 1300/1300/1300 1141/1141/1141
f 1141/1141/1141 1300/1300/1300 1217/1217/1217
f 1141/1141/1141 1217/1217/1217 1081/1081/1081
f 1081/1081/1081 1217/1217/1217 848/848/848
f 1140/1140/1140 1141/1141/1141 954/954/954
f 1140/1140/1140 954/954/954 969/969/969
f 1141/1141/1141 1081/1081/1081 911/911/911
f 911/911/911 1081/1081/1081 848/848/848
f 1141/1141/1141 911/911/911 954/954/954
f 911/911/911 848/848/848 562/562/562
f 911/911/911 562/562/562 372/372/372
f 954/954/954 911/911/911 925/925/925
f 954/954/954 925/925/925 969/969/969
f 911/911/911 372/372/372 760/760/760
f 911/911/911 760/760/760 925/925/925
f 969/969/969 925/925/925 901/901/901
f 901/901/901 925/925/925 760/760/760
f 969/969/969 901/901/901 910/910/910
f 760/760/760 372/372/372 4/4/4
f 910/910/910 901/901/901 697/697/697
f 697/697/697 901/901/901 760/760/760
f 910/910/910 697/697/697 696/696/696
f 696/696/696 697/697/697 16/16/16
f 16/16/16 697/697/697 760/760/760
f 760/760/760 4/4/4 17/17/17
f 760/760/760 17/17/17 16/16/16
f 17/17/17 4/4/4 2332/2332/2332
f 17/17/17 2332/2332/2332 16/16/16
f 2332/2332/2332 4/4/4 1910/1910/1910
f 16/16/16 2332/2332/2332 2306/2306/2306
f 561/561/561 846/846/846 589/589/589
f 589/589/589 846/846/846 1039/1039/1039
f 912/912/912 777/777/777 1039/1039/1039
f 1039/1039/1039 777/777/777 589/589/589
f 589/589/589 777/777/777 535/535/535
f 535/535/535 777/777/777 678/678/678
f 589/589/589 535/535/535 373/373/373
f 561/561/561 589/589/589 408/408/408
f 408/408/408 589/589/589 373/373/373
f 561/561/561 408/408/408 371/371/371
f 408/408/408 373/373/373 171/171/171
f 408/408/408 171/171/171 371/371/371
f 171/171/171 373/373/373 158/158/158
f 371/371/371 171/171/171 3/3/3
f 171/171/171 158/158/158 7/7/7
f 171/171/171 7/7/7 3/3/3
f 7/7/7 158/158/158 2/2/2
f 3/3/3 7/7/7 1792/1792/1792
f 1792/1792/1792 7/7/7 2/2/2
f 3/3/3 1792/1792/1792 1908/1908/1908
f 1792/1792/1792 2/2/2 1781/1781/1781
f 679/679/679 778/778/778 818/818/818
f 818/818/818 778/778/778 913/913/913
f 818/818/818 913/913/913 853/853/853
f 853/853/853 913/913/913 948/948/948
f 853/853/853 948/948/948 801/801/801
f 801/801/801 948/948/948 914/914/914
f 914/914/914 948/948/948 1237/1237/1237
f 948/948/948 913/913/913 1187/1187/1187
f 948/948/948 1187/1187/1187 1237/1237/1237
f 1187/1187/1187 913/913/913 1040/1040/1040
f 1237/1237/1237 1187/1187/1187 1489/1489/1489
f 1793/1793/1793 1782/1782/1782 2016/2016/2016
f 2016/2016/2016 1782/1782/1782 1942/1942/1942
f 1793/1793/1793 2016/2016/2016 1909/1909/1909
f 1909/1909/1909 2016/2016/2016 2228/2228/2228
f 1909/1909/1909 2228/2228/2228 2466/2466/2466
f 2016/2016/2016 1942/1942/1942 2288/2288/2288
f 2228/2228/2228 2016/2016/2016 2554/2554/2554
f 2228/2228/2228 2554/2554/2554 2865/2865/2865
f 2554/2554/2554 2016/2016/2016 2288/2288/2288
f 2288/2288/2288 1942/1942/1942 2198/2198/2198
f 2554/2554/2554 2288/2288/2288 2768/2768/2768
f 2554/2554/2554 2768/2768/2768 3008/3008/3008
f 2288/2288/2288 2198/2198/2198 2548/2548/2548
f 2288/2288/2288 2548/2548/2548 2768/2768/2768
f 2548/2548/2548 2198/2198/2198 2410/2410/2410
f 2548/2548/2548 2410/2410/2410 2533/2533/2533
f 2548/2548/2548 2533/2533/2533 2633/2633/2633
f 2548/2548/2548 2633/2633/2633 2768/2768/2768
f 2633/2633/2633 2533/2533/2533 2686/2686/2686
f 2768/2768/2768 2633/2633/2633 2923/2923/2923
f 2923/2923/2923 2633/2633/2633 2686/2686/2686
f 2768/2768/2768 2923/2923/2923 3233/3233/3233
f 2923/2923/2923 2686/2686/2686 2980/2980/2980
f 2923/2923/2923 2980/2980/2980 3243/3243/3243
f 915/915/915 1239/1239/1239 1198/1198/1198
f 915/915/915 1198/1198/1198 1044/1044/1044
f 915/915/915 1044/1044/1044 776/776/776
f 915/915/915 776/776/776 802/802/802
f 776/776/776 1044/1044/1044 864/864/864
f 802/802/802 776/776/776 677/677/677
f 677/677/677 776/776/776 600/600/600
f 600/600/600 776/776/776 864/864/864
f 677/677/677 600/600/600 536/536/536
f 536/536/536 600/600/600 374/374/374
f 600/600/600 864/864/864 421/421/421
f 600/600/600 421/421/421 374/374/374
f 421/421/421 864/864/864 599/599/599
f 374/374/374 421/421/421 101/101/101
f 421/421/421 599/599/599 282/282/282
f 101/101/101 421/421/421 137/137/137
f 137/137/137 421/421/421 282/282/282
f 1238/1238/1238 1491/1491/1491 1501/1501/1501
f 1238/1238/1238 1501/1501/1501 1197/1197/1197
f 1501/1501/1501 1491/1491/1491 1529/1529/1529
f 1529/1529/1529 1491/1491/1491 1500/1500/1500
f 1197/1197/1197 1501/1501/1501 1496/1496/1496
f 1197/1197/1197 1496/1496/1496 1043/1043/1043
f 1043/1043/1043 1496/1496/1496 1236/1236/1236
f 1529/1529/1529 1500/1500/1500 1520/1520/1520
f 1520/1520/1520 1500/1500/1500 1523/1523/1523
f 1529/1529/1529 1520/1520/1520 1527/1527/1527
f 1527/1527/1527 1520/1520/1520 1523/1523/1523
f 1532/1532/1532 1501/1501/1501 1529/1529/1529
f 1501/1501/1501 1532/1532/1532 1496/1496/1496
f 1532/1532/1532 1529/1529/1529 1531/1531/1531
f 1531/1531/1531 1529/1529/1529 1527/1527/1527
f 1496/1496/1496 1532/1532/1532 1530/1530/1530
f 1527/1527/1527 1523/1523/1523 1517/1517/1517
f 1517/1517/1517 1523/1523/1523 1495/1495/1495
f 1530/1530/1530 1532/1532/1532 1528/1528/1528
f 1528/1528/1528 1532/1532/1532 1531/1531/1531
f 1496/1496/1496 1530/1530/1530 1519/1519/1519
f 1519/1519/1519 1530/1530/1530 1528/1528/1528
f 1496/1496/1496 1519/1519/1519 1503/1503/1503
f 1496/1496/1496 1503/1503/1503 1236/1236/1236
f 1519/1519/1519 1528/1528/1528 1518/1518/1518
f 1519/1519/1519 1518/1518/1518 1503/1503/1503
f 1528/1528/1528 1531/1531/1531 1526/1526/1526
f 1528/1528/1528 1526/1526/1526 1518/1518/1518
f 1236/1236/1236 1503/1503/1503 1502/1502/1502
f 1502/1502/1502 1503/1503/1503 1518/1518/1518
f 1236/1236/1236 1502/1502/1502 1246/1246/1246
f 1502/1502/1502 1518/1518/1518 1498/1498/1498
f 1502/1502/1502 1498/1498/1498 1246/1246/1246
f 1498/1498/1498 1518/1518/1518 1513/1513/1513
f 1513/1513/1513 1518/1518/1518 1526/1526/1526
f 1246/1246/1246 1498/1498/1498 1497/1497/1497
f 1246/1246/1246 1497/1497/1497 1221/1221/1221
f 1221/1221/1221 1497/1497/1497 1232/1232/1232
f 1232/1232/1232 1497/1497/1497 1483/1483/1483
f 1497/1497/1497 1498/1498/1498 1510/1510/1510
f 1497/1497/1497 1510/1510/1510 1483/1483/1483
f 1510/1510/1510 1498/1498/1498 1513/1513/1513
f 1510/1510/1510 1513/1513/1513 1526/1526/1526
f 1483/1483/1483 1510/1510/1510 1506/1506/1506
f 1510/1510/1510 1526/1526/1526 1515/1515/1515
f 1510/1510/1510 1515/1515/1515 1506/1506/1506
f 1506/1506/1506 1515/1515/1515 1508/1508/1508
f 1506/1506/1506 1508/1508/1508 1474/1474/1474
f 1515/1515/1515 1526/1526/1526 1521/1521/1521
f 1515/1515/1515 1521/1521/1521 1508/1508/1508
f 1474/1474/1474 1508/1508/1508 1509/1509/1509
f 1509/1509/1509 1508/1508/1508 1521/1521/1521
f 1474/1474/1474 1509/1509/1509 1478/1478/1478
f 1478/1478/1478 1509/1509/1509 1472/1472/1472
f 1472/1472/1472 1509/1509/1509 1507/1507/1507
f 1507/1507/1507 1509/1509/1509 1521/1521/1521
f 1472/1472/1472 1507/1507/1507 1504/1504/1504
f 1472/1472/1472 1504/1504/1504 1463/1463/1463
f 1463/1463/1463 1504/1504/1504 1488/1488/1488
f 1463/1463/1463 1488/1488/1488 1438/1438/1438
f 1463/1463/1463 1438/1438/1438 1454/1454/1454
f 1454/1454/1454 1438/1438/1438 1419/1419/1419
f 1488/1488/1488 1504/1504/1504 1485/1485/1485
f 1485/1485/1485 1504/1504/1504 1512/1512/1512
f 1512/1512/1512 1504/1504/1504 1507/1507/1507
f 1512/1512/1512 1507/1507/1507 1514/1514/1514
f 1514/1514/1514 1507/1507/1507 1521/1521/1521
f 1512/1512/1512 1514/1514/1514 1517/1517/1517
f 1512/1512/1512 1517/1517/1517 1493/1493/1493
f 1517/1517/1517 1514/1514/1514 1524/1524/1524
f 1524/1524/1524 1514/1514/1514 1521/1521/1521
f 1517/1517/1517 1524/1524/1524 1527/1527/1527
f 1524/1524/1524 1521/1521/1521 1525/1525/1525
f 1524/1524/1524 1525/1525/1525 1527/1527/1527
f 1525/1525/1525 1521/1521/1521 1526/1526/1526
f 1527/1527/1527 1525/1525/1525 1531/1531/1531
f 1531/1531/1531 1525/1525/1525 1526/1526/1526
f 863/863/863 1042/1042/1042 1283/1283/1283
f 1283/1283/1283 1042/1042/1042 1235/1235/1235
f 1283/1283/1283 1235/1235/1235 1245/1245/1245
f 863/863/863 1283/1283/1283 1181/1181/1181
f 863/863/863 1181/1181/1181 598/598/598
f 598/598/598 1181/1181/1181 1071/1071/1071
f 598/598/598 1071/1071/1071 816/816/816
f 598/598/598 816/816/816 279/279/279
f 1071/1071/1071 1181/1181/1181 1124/1124/1124
f 1071/1071/1071 1124/1124/1124 816/816/816
f 279/279/279 816/816/816 698/698/698
f 1124/1124/1124 1181/1181/1181 1271/1271/1271
f 1271/1271/1271 1181/1181/1181 1283/1283/1283
f 816/816/816 1124/1124/1124 933/933/933
f 1271/1271/1271 1283/1283/1283 1281/1281/1281
f 933/933/933 1124/1124/1124 1132/1132/1132
f 1132/1132/1132 1124/1124/1124 1271/1271/1271
f 816/816/816 933/933/933 843/843/843
f 816/816/816 843/843/843 698/698/698
f 933/933/933 1132/1132/1132 932/932/932
f 933/933/933 932/932/932 843/843/843
f 1132/1132/1132 1271/1271/1271 1270/1270/1270
f 1270/1270/1270 1271/1271/1271 1281/1281/1281
f 698/698/698 843/843/843 842/842/842
f 842/842/842 843/843/843 932/932/932
f 698/698/698 842/842/842 672/672/672
f 672/672/672 842/842/842 660/660/660
f 1106/1106/1106 932/932/932 1132/1132/1132
f 1106/1106/1106 1132/1132/1132 1270/1270/1270
f 842/842/842 932/932/932 909/909/909
f 909/909/909 932/932/932 1106/1106/1106
f 660/660/660 842/842/842 841/841/841
f 841/841/841 842/842/842 909/909/909
f 660/660/660 841/841/841 840/840/840
f 840/840/840 841/841/841 909/909/909
f 660/660/660 840/840/840 658/658/658
f 658/658/658 840/840/840 670/670/670
f 670/670/670 840/840/840 827/827/827
f 670/670/670 827/827/827 656/656/656
f 840/840/840 909/909/909 898/898/898
f 840/840/840 898/898/898 827/827/827
f 898/898/898 909/909/909 1107/1107/1107
f 1107/1107/1107 909/909/909 1106/1106/1106
f 827/827/827 898/898/898 871/871/871
f 871/871/871 898/898/898 1107/1107/1107
f 656/656/656 827/827/827 710/710/710
f 656/656/656 710/710/710 573/573/573
f 827/827/827 871/871/871 774/774/774
f 827/827/827 774/774/774 710/710/710
f 871/871/871 1107/1107/1107 1076/1076/1076
f 871/871/871 1076/1076/1076 774/774/774
f 573/573/573 710/710/710 691/691/691
f 691/691/691 710/710/710 774/774/774
f 573/573/573 691/691/691 559/559/559
f 559/559/559 691/691/691 642/642/642
f 642/642/642 691/691/691 708/708/708
f 642/642/642 708/708/708 575/575/575
f 708/708/708 691/691/691 793/793/793
f 793/793/793 691/691/691 773/773/773
f 773/773/773 691/691/691 774/774/774
f 793/793/793 773/773/773 1138/1138/1138
f 773/773/773 774/774/774 1000/1000/1000
f 1000/1000/1000 774/774/774 1076/1076/1076
f 1138/1138/1138 773/773/773 1145/1145/1145
f 1145/1145/1145 773/773/773 1000/1000/1000
f 1138/1138/1138 1145/1145/1145 1168/1168/1168
f 1000/1000/1000 1076/1076/1076 1161/1161/1161
f 1000/1000/1000 1161/1161/1161 1145/1145/1145
f 1168/1168/1168 1145/1145/1145 1180/1180/1180
f 1180/1180/1180 1145/1145/1145 1161/1161/1161
f 1168/1168/1168 1180/1180/1180 1194/1194/1194
f 1161/1161/1161 1076/1076/1076 1242/1242/1242
f 1242/1242/1242 1076/1076/1076 1107/1107/1107
f 1180/1180/1180 1161/1161/1161 1253/1253/1253
f 1253/1253/1253 1161/1161/1161 1242/1242/1242
f 1194/1194/1194 1180/1180/1180 1269/1269/1269
f 1269/1269/1269 1180/1180/1180 1253/1253/1253
f 1194/1194/1194 1269/1269/1269 1182/1182/1182
f 1242/1242/1242 1107/1107/1107 1268/1268/1268
f 1268/1268/1268 1107/1107/1107 1106/1106/1106
f 1268/1268/1268 1106/1106/1106 1277/1277/1277
f 1277/1277/1277 1106/1106/1106 1270/1270/1270
f 1268/1268/1268 1277/1277/1277 1294/1294/1294
f 1294/1294/1294 1277/1277/1277 1270/1270/1270
f 1242/1242/1242 1268/1268/1268 1280/1280/1280
f 1242/1242/1242 1280/1280/1280 1253/1253/1253
f 1280/1280/1280 1268/1268/1268 1294/1294/1294
f 1254/1254/1254 1269/1269/1269 1253/1253/1253
f 1254/1254/1254 1253/1253/1253 1280/1280/1280
f 1269/1269/1269 1254/1254/1254 1182/1182/1182
f 1254/1254/1254 1280/1280/1280 1282/1282/1282
f 1254/1254/1254 1282/1282/1282 1182/1182/1182
f 1282/1282/1282 1280/1280/1280 1294/1294/1294
f 1182/1182/1182 1282/1282/1282 1220/1220/1220
f 1182/1182/1182 1220/1220/1220 1231/1231/1231
f 1220/1220/1220 1282/1282/1282 1245/1245/1245
f 1245/1245/1245 1282/1282/1282 1301/1301/1301
f 1301/1301/1301 1282/1282/1282 1294/1294/1294
f 1245/1245/1245 1301/1301/1301 1283/1283/1283
f 1301/1301/1301 1294/1294/1294 1296/1296/1296
f 1301/1301/1301 1296/1296/1296 1283/1283/1283
f 1296/1296/1296 1294/1294/1294 1270/1270/1270
f 1283/1283/1283 1296/1296/1296 1281/1281/1281
f 1281/1281/1281 1296/1296/1296 1270/1270/1270
f 100/100/100 136/136/136 1565/1565/1565
f 100/100/100 1565/1565/1565 1566/1566/1566
f 1566/1566/1566 1565/1565/1565 1794/1794/1794
f 1565/1565/1565 136/136/136 1559/1559/1559
f 1559/1559/1559 136/136/136 280/280/280
f 1794/1794/1794 1565/1565/1565 1827/1827/1827
f 1827/1827/1827 1565/1565/1565 1559/1559/1559
f 1794/1794/1794 1827/1827/1827 2017/2017/2017
f 1827/1827/1827 1559/1559/1559 2034/2034/2034
f 2017/2017/2017 1827/1827/1827 2074/2074/2074
f 2074/2074/2074 1827/1827/1827 2034/2034/2034
f 2017/2017/2017 2074/2074/2074 2230/2230/2230
f 2074/2074/2074 2034/2034/2034 2367/2367/2367
f 2230/2230/2230 2074/2074/2074 2311/2311/2311
f 2311/2311/2311 2074/2074/2074 2367/2367/2367
f 2311/2311/2311 2367/2367/2367 2606/2606/2606
f 2230/2230/2230 2311/2311/2311 2380/2380/2380
f 2311/2311/2311 2606/2606/2606 2751/2751/2751
f 2380/2380/2380 2311/2311/2311 2518/2518/2518
f 2518/2518/2518 2311/2311/2311 2751/2751/2751
f 2380/2380/2380 2518/2518/2518 2535/2535/2535
f 2518/2518/2518 2751/2751/2751 2649/2649/2649
f 2518/2518/2518 2649/2649/2649 2535/2535/2535
f 2649/2649/2649 2751/2751/2751 2936/2936/2936
f 2535/2535/2535 2649/2649/2649 2560/2560/2560
f 2649/2649/2649 2936/2936/2936 2687/2687/2687
f 2649/2649/2649 2687/2687/2687 2560/2560/2560
f 2687/2687/2687 2936/2936/2936 2981/2981/2981
f 2560/2560/2560 2687/2687/2687 2534/2534/2534
f 2604/2604/2604 2896/2896/2896 2750/2750/2750
f 2750/2750/2750 2896/2896/2896 2974/2974/2974
f 2974/2974/2974 2896/2896/2896 3052/3052/3052
f 2750/2750/2750 2974/2974/2974 3241/3241/3241
f 2750/2750/2750 3241/3241/3241 2935/2935/2935
f 3241/3241/3241 2974/2974/2974 2972/2972/2972
f 3239/3239/3239 2978/2978/2978 2935/2935/2935
f 3239/3239/3239 2935/2935/2935 3241/3241/3241
f 3239/3239/3239 3241/3241/3241 3278/3278/3278
f 3278/3278/3278 3241/3241/3241 3270/3270/3270
f 3278/3278/3278 3270/3270/3270 3276/3276/3276
f 3270/3270/3270 3241/3241/3241 3269/3269/3269
f 3270/3270/3270 3269/3269/3269 3276/3276/3276
f 3238/3238/3238 3241/3241/3241 2972/2972/2972
f 3241/3241/3241 3238/3238/3238 3269/3269/3269
f 3276/3276/3276 3269/3269/3269 3260/3260/3260
f 3260/3260/3260 3269/3269/3269 3238/3238/3238
f 3276/3276/3276 3260/3260/3260 3272/3272/3272
f 3272/3272/3272 3260/3260/3260 3258/3258/3258
f 3238/3238/3238 2972/2972/2972 3236/3236/3236
f 3238/3238/3238 3236/3236/3236 3260/3260/3260
f 3236/3236/3236 2972/2972/2972 2958/2958/2958
f 3236/3236/3236 2958/2958/2958 2941/2941/2941
f 3258/3258/3258 3260/3260/3260 3256/3256/3256
f 3256/3256/3256 3260/3260/3260 3236/3236/3236
f 3258/3258/3258 3256/3256/3256 3251/3251/3251
f 3236/3236/3236 2941/2941/2941 3230/3230/3230
f 3236/3236/3236 3230/3230/3230 3256/3256/3256
f 3251/3251/3251 3256/3256/3256 3249/3249/3249
f 3249/3249/3249 3256/3256/3256 3230/3230/3230
f 3251/3251/3251 3249/3249/3249 3219/3219/3219
f 3230/3230/3230 2941/2941/2941 3229/3229/3229
f 3230/3230/3230 3229/3229/3229 3249/3249/3249
f 3229/3229/3229 2941/2941/2941 3164/3164/3164
f 3219/3219/3219 3249/3249/3249 3204/3204/3204
f 3204/3204/3204 3249/3249/3249 3229/3229/3229
f 3204/3204/3204 3229/3229/3229 3164/3164/3164
f 3219/3219/3219 3204/3204/3204 3199/3199/3199
f 3204/3204/3204 3164/3164/3164 3192/3192/3192
f 3204/3204/3204 3192/3192/3192 3199/3199/3199
f 3192/3192/3192 3164/3164/3164 3157/3157/3157
f 3199/3199/3199 3192/3192/3192 3187/3187/3187
f 3192/3192/3192 3157/3157/3157 3181/3181/3181
f 3192/3192/3192 3181/3181/3181 3187/3187/3187
f 3186/3186/3186 3180/3180/3180 3146/3146/3146
f 3186/3186/3186 3146/3146/3146 3147/3147/3147
f 3147/3147/3147 3146/3146/3146 3143/3143/3143
f 3143/3143/3143 3146/3146/3146 3105/3105/3105
f 3146/3146/3146 3180/3180/3180 3122/3122/3122
f 3105/3105/3105 3146/3146/3146 3101/3101/3101
f 3101/3101/3101 3146/3146/3146 3122/3122/3122
f 3105/3105/3105 3101/3101/3101 3076/3076/3076
f 3105/3105/3105 3076/3076/3076 3074/3074/3074
f 3074/3074/3074 3076/3076/3076 3065/3065/3065
f 3074/3074/3074 3065/3065/3065 3072/3072/3072
f 3065/3065/3065 3076/3076/3076 2969/2969/2969
f 3065/3065/3065 2969/2969/2969 2953/2953/2953
f 2953/2953/2953 2969/2969/2969 2711/2711/2711
f 2969/2969/2969 3076/3076/3076 3084/3084/3084
f 3084/3084/3084 3076/3076/3076 3101/3101/3101
f 2711/2711/2711 2969/2969/2969 3090/3090/3090
f 3090/3090/3090 2969/2969/2969 3084/3084/3084
f 3084/3084/3084 3101/3101/3101 3103/3103/3103
f 3103/3103/3103 3101/3101/3101 3122/3122/3122
f 3118/3118/3118 3122/3122/3122 3090/3090/3090
f 3122/3122/3122 3118/3118/3118 3103/3103/3103
f 3118/3118/3118 3090/3090/3090 3097/3097/3097
f 3118/3118/3118 3097/3097/3097 3103/3103/3103
f 3097/3097/3097 3090/3090/3090 3084/3084/3084
f 3084/3084/3084 3103/3103/3103 3088/3088/3088
f 3088/3088/3088 3103/3103/3103 3097/3097/3097
f 3088/3088/3088 3097/3097/3097 3084/3084/3084
f 3220/3220/3220 3200/3200/3200 3218/3218/3218
f 3218/3218/3218 3200/3200/3200 3190/3190/3190
f 3220/3220/3220 3218/3218/3218 3253/3253/3253
f 3218/3218/3218 3190/3190/3190 3207/3207/3207
f 3218/3218/3218 3207/3207/3207 3253/3253/3253
f 3207/3207/3207 3190/3190/3190 3193/3193/3193
f 3207/3207/3207 3193/3193/3193 3205/3205/3205
f 3220/3220/3220 3253/3253/3253 3252/3252/3252
f 3207/3207/3207 3205/3205/3205 3247/3247/3247
f 3252/3252/3252 3253/3253/3253 3268/3268/3268
f 3252/3252/3252 3268/3268/3268 3259/3259/3259
f 3253/3253/3253 3207/3207/3207 3250/3250/3250
f 3250/3250/3250 3207/3207/3207 3247/3247/3247
f 3253/3253/3253 3250/3250/3250 3268/3268/3268
f 3259/3259/3259 3268/3268/3268 3273/3273/3273
f 3250/3250/3250 3247/3247/3247 3261/3261/3261
f 3250/3250/3250 3261/3261/3261 3268/3268/3268
f 3261/3261/3261 3247/3247/3247 3255/3255/3255
f 3261/3261/3261 3255/3255/3255 3267/3267/3267
f 3261/3261/3261 3267/3267/3267 3268/3268/3268
f 3273/3273/3273 3268/3268/3268 3271/3271/3271
f 3271/3271/3271 3268/3268/3268 3267/3267/3267
f 3273/3273/3273 3271/3271/3271 3277/3277/3277
f 3271/3271/3271 3267/3267/3267 3275/3275/3275
f 3275/3275/3275 3267/3267/3267 3263/3263/3263
f 3275/3275/3275 3263/3263/3263 3265/3265/3265
f 3277/3277/3277 3271/3271/3271 3280/3280/3280
f 3280/3280/3280 3271/3271/3271 3275/3275/3275
f 3277/3277/3277 3280/3280/3280 3279/3279/3279
f 3275/3275/3275 3265/3265/3265 3274/3274/3274
f 3275/3275/3275 3274/3274/3274 3280/3280/3280
f 3274/3274/3274 3265/3265/3265 3232/3232/3232
f 3280/3280/3280 3274/3274/3274 3281/3281/3281
f 3281/3281/3281 3274/3274/3274 3232/3232/3232
f 3280/3280/3280 3281/3281/3281 3279/3279/3279
f 3281/3281/3281 3232/3232/3232 3242/3242/3242
f 3281/3281/3281 3242/3242/3242 3279/3279/3279
f 3242/3242/3242 3232/3232/3232 2924/2924/2924
f 3279/3279/3279 3242/3242/3242 3240/3240/3240
f 3240/3240/3240 3242/3242/3242 2979/2979/2979
f 3246/3246/3246 3222/3222/3222 3254/3254/3254
f 3254/3254/3254 3222/3222/3222 3234/3234/3234
f 3254/3254/3254 3234/3234/3234 3237/3237/3237
f 3237/3237/3237 3234/3234/3234 2943/2943/2943
f 3254/3254/3254 3237/3237/3237 3257/3257/3257
f 3254/3254/3254 3257/3257/3257 3266/3266/3266
f 3266/3266/3266 3257/3257/3257 3262/3262/3262
f 3262/3262/3262 3257/3257/3257 3237/3237/3237
f 3237/3237/3237 2943/2943/2943 3244/3244/3244
f 3237/3237/3237 3244/3244/3244 3262/3262/3262
f 3244/3244/3244 2943/2943/2943 2933/2933/2933
f 3262/3262/3262 3244/3244/3244 3245/3245/3245
f 3245/3245/3245 3244/3244/3244 2933/2933/2933
f 3262/3262/3262 3245/3245/3245 3264/3264/3264
f 3264/3264/3264 3245/3245/3245 3231/3231/3231
f 3231/3231/3231 3245/3245/3245 2933/2933/2933
f 3231/3231/3231 2933/2933/2933 2767/2767/2767
f 702/702/702 609/609/609 566/566/566
f 702/702/702 566/566/566 591/591/591
f 591/591/591 566/566/566 479/479/479
f 591/591/591 479/479/479 436/436/436
f 591/591/591 436/436/436 541/541/541
f 591/591/591 541/541/541 542/542/542
f 591/591/591 542/542/542 742/742/742
f 541/541/541 436/436/436 508/508/508
f 742/742/742 542/542/542 593/593/593
f 541/541/541 508/508/508 542/542/542
f 508/508/508 436/436/436 418/418/418
f 593/593/593 542/542/542 475/475/475
f 508/508/508 418/418/418 474/474/474
f 474/474/474 418/418/418 391/391/391
f 542/542/542 508/508/508 491/491/491
f 491/491/491 508/508/508 474/474/474
f 542/542/542 491/491/491 475/475/475
f 474/474/474 391/391/391 449/449/449
f 474/474/474 449/449/449 491/491/491
f 449/449/449 391/391/391 384/384/384
f 475/475/475 491/491/491 460/460/460
f 460/460/460 491/491/491 449/449/449
f 449/449/449 384/384/384 357/357/357
f 449/449/449 357/357/357 460/460/460
f 357/357/357 384/384/384 274/274/274
f 357/357/357 274/274/274 256/256/256
f 475/475/475 460/460/460 381/381/381
f 381/381/381 460/460/460 357/357/357
f 475/475/475 381/381/381 383/383/383
f 357/357/357 256/256/256 300/300/300
f 357/357/357 300/300/300 381/381/381
f 300/300/300 256/256/256 262/262/262
f 300/300/300 262/262/262 299/299/299
f 381/381/381 300/300/300 333/333/333
f 381/381/381 333/333/333 383/383/383
f 333/333/333 300/300/300 299/299/299
f 383/383/383 333/333/333 317/317/317
f 317/317/317 333/333/333 299/299/299
f 2098/2098/2098 2083/2083/2083 2164/2164/2164
f 2098/2098/2098 2164/2164/2164 2161/2161/2161
f 2098/2098/2098 2161/2161/2161 2185/2185/2185
f 2050/2050/2050 2052/2052/2052 2098/2098/2098
f 2050/2050/2050 2098/2098/2098 2096/2096/2096
f 2050/2050/2050 2096/2096/2096 2031/2031/2031
f 2098/2098/2098 2185/2185/2185 2121/2121/2121
f 2098/2098/2098 2121/2121/2121 2096/2096/2096
f 2121/2121/2121 2185/2185/2185 2138/2138/2138
f 2138/2138/2138 2185/2185/2185 2218/2218/2218
f 2096/2096/2096 2121/2121/2121 2120/2120/2120
f 2120/2120/2120 2121/2121/2121 2138/2138/2138
f 2031/2031/2031 2096/2096/2096 2081/2081/2081
f 2081/2081/2081 2096/2096/2096 2120/2120/2120
f 2031/2031/2031 2081/2081/2081 2047/2047/2047
f 2047/2047/2047 2081/2081/2081 2120/2120/2120
f 2031/2031/2031 2047/2047/2047 1997/1997/1997
f 1997/1997/1997 2047/2047/2047 2094/2094/2094
f 2094/2094/2094 2047/2047/2047 2149/2149/2149
f 2119/2119/2119 2138/2138/2138 2218/2218/2218
f 2138/2138/2138 2119/2119/2119 2120/2120/2120
f 2119/2119/2119 2218/2218/2218 2184/2184/2184
f 2047/2047/2047 2120/2120/2120 2066/2066/2066
f 2047/2047/2047 2066/2066/2066 2149/2149/2149
f 2066/2066/2066 2120/2120/2120 2119/2119/2119
f 2149/2149/2149 2066/2066/2066 2184/2184/2184
f 2184/2184/2184 2066/2066/2066 2119/2119/2119
f 2157/2157/2157 2377/2377/2377 2544/2544/2544
f 2157/2157/2157 2544/2544/2544 1928/1928/1928
f 1928/1928/1928 2544/2544/2544 2153/2153/2153
f 1928/1928/1928 2153/2153/2153 2169/2169/2169
f 1928/1928/1928 2169/2169/2169 1679/1679/1679
f 2153/2153/2153 2544/2544/2544 2528/2528/2528
f 2153/2153/2153 2528/2528/2528 2152/2152/2152
f 2152/2152/2152 2528/2528/2528 2529/2529/2529
f 2529/2529/2529 2528/2528/2528 2544/2544/2544
f 2152/2152/2152 2529/2529/2529 2167/2167/2167
f 2152/2152/2152 2167/2167/2167 2153/2153/2153
f 2529/2529/2529 2544/2544/2544 2597/2597/2597
f 2529/2529/2529 2597/2597/2597 2167/2167/2167
f 2153/2153/2153 2167/2167/2167 2278/2278/2278
f 2278/2278/2278 2167/2167/2167 2597/2597/2597
f 2153/2153/2153 2278/2278/2278 2300/2300/2300
f 2597/2597/2597 2544/2544/2544 2616/2616/2616
f 2278/2278/2278 2597/2597/2597 2596/2596/2596
f 2596/2596/2596 2597/2597/2597 2616/2616/2616
f 2278/2278/2278 2596/2596/2596 2298/2298/2298
f 2278/2278/2278 2298/2298/2298 2300/2300/2300
f 2298/2298/2298 2596/2596/2596 2299/2299/2299
f 2298/2298/2298 2299/2299/2299 2300/2300/2300
f 2299/2299/2299 2596/2596/2596 2616/2616/2616
f 2280/2280/2280 2153/2153/2153 2300/2300/2300
f 2153/2153/2153 2280/2280/2280 2169/2169/2169
f 2300/2300/2300 2299/2299/2299 2326/2326/2326
f 2326/2326/2326 2299/2299/2299 2616/2616/2616
f 2300/2300/2300 2326/2326/2326 2280/2280/2280
f 2657/2657/2657 2616/2616/2616 2544/2544/2544
f 2657/2657/2657 2544/2544/2544 2743/2743/2743
f 2326/2326/2326 2616/2616/2616 2718/2718/2718
f 2326/2326/2326 2718/2718/2718 2437/2437/2437
f 2437/2437/2437 2718/2718/2718 2803/2803/2803
f 2326/2326/2326 2437/2437/2437 2403/2403/2403
f 2803/2803/2803 2718/2718/2718 2817/2817/2817
f 2718/2718/2718 2616/2616/2616 2719/2719/2719
f 2718/2718/2718 2719/2719/2719 2817/2817/2817
f 2719/2719/2719 2616/2616/2616 2657/2657/2657
f 2817/2817/2817 2719/2719/2719 2789/2789/2789
f 2326/2326/2326 2403/2403/2403 2279/2279/2279
f 2326/2326/2326 2279/2279/2279 2280/2280/2280
f 2279/2279/2279 2403/2403/2403 2247/2247/2247
f 2247/2247/2247 2403/2403/2403 2405/2405/2405
f 2280/2280/2280 2279/2279/2279 2327/2327/2327
f 2327/2327/2327 2279/2279/2279 2247/2247/2247
f 2280/2280/2280 2327/2327/2327 2301/2301/2301
f 2280/2280/2280 2301/2301/2301 2207/2207/2207
f 2207/2207/2207 2301/2301/2301 2327/2327/2327
f 2280/2280/2280 2207/2207/2207 2169/2169/2169
f 2207/2207/2207 2327/2327/2327 2302/2302/2302
f 2207/2207/2207 2302/2302/2302 2169/2169/2169
f 2302/2302/2302 2327/2327/2327 2247/2247/2247
f 2302/2302/2302 2247/2247/2247 2169/2169/2169
f 2169/2169/2169 2247/2247/2247 1679/1679/1679
f 1679/1679/1679 2247/2247/2247 2347/2347/2347
f 2347/2347/2347 2247/2247/2247 2405/2405/2405
f 1679/1679/1679 2347/2347/2347 1676/1676/1676
f 2347/2347/2347 2405/2405/2405 2281/2281/2281
f 2347/2347/2347 2281/2281/2281 1676/1676/1676
f 1676/1676/1676 2281/2281/2281 1673/1673/1673
f 2281/2281/2281 2405/2405/2405 2426/2426/2426
f 1673/1673/1673 2281/2281/2281 2283/2283/2283
f 2283/2283/2283 2281/2281/2281 2426/2426/2426
f 2283/2283/2283 2426/2426/2426 2440/2440/2440
f 3102/3102/3102 3107/3107/3107 3085/3085/3085
f 3107/3107/3107 3102/3102/3102 3132/3132/3132
f 3132/3132/3132 3102/3102/3102 3117/3117/3117
f 3102/3102/3102 3085/3085/3085 3094/3094/3094
f 3117/3117/3117 3102/3102/3102 3096/3096/3096
f 3096/3096/3096 3102/3102/3102 3094/3094/3094
f 3096/3096/3096 3094/3094/3094 3085/3085/3085
f 3117/3117/3117 3096/3096/3096 3089/3089/3089
f 3089/3089/3089 3096/3096/3096 3085/3085/3085
f 1453/1453/1453 1417/1417/1417 1431/1431/1431
f 1453/1453/1453 1431/1431/1431 1443/1443/1443
f 1443/1443/1443 1431/1431/1431 1390/1390/1390
f 1453/1453/1453 1443/1443/1443 1445/1445/1445
f 1443/1443/1443 1390/1390/1390 1414/1414/1414
f 1443/1443/1443 1414/1414/1414 1445/1445/1445
f 1453/1453/1453 1445/1445/1445 1461/1461/1461
f 1453/1453/1453 1461/1461/1461 1462/1462/1462
f 1462/1462/1462 1461/1461/1461 1471/1471/1471
f 1471/1471/1471 1461/1461/1461 1477/1477/1477
f 1477/1477/1477 1461/1461/1461 1455/1455/1455
f 1455/1455/1455 1461/1461/1461 1445/1445/1445
f 1477/1477/1477 1455/1455/1455 1473/1473/1473
f 1455/1455/1455 1445/1445/1445 1446/1446/1446
f 1473/1473/1473 1455/1455/1455 1456/1456/1456
f 1456/1456/1456 1455/1455/1455 1446/1446/1446
f 1473/1473/1473 1456/1456/1456 1475/1475/1475
f 1473/1473/1473 1475/1475/1475 1505/1505/1505
f 1505/1505/1505 1475/1475/1475 1486/1486/1486
f 1505/1505/1505 1486/1486/1486 1482/1482/1482
f 1482/1482/1482 1486/1486/1486 1230/1230/1230
f 1486/1486/1486 1475/1475/1475 1442/1442/1442
f 1486/1486/1486 1442/1442/1442 1230/1230/1230
f 1442/1442/1442 1475/1475/1475 1456/1456/1456
f 1230/1230/1230 1442/1442/1442 1218/1218/1218
f 1218/1218/1218 1442/1442/1442 1146/1146/1146
f 1146/1146/1146 1442/1442/1442 1125/1125/1125
f 1125/1125/1125 1442/1442/1442 1420/1420/1420
f 1420/1420/1420 1442/1442/1442 1456/1456/1456
f 1125/1125/1125 1420/1420/1420 1079/1079/1079
f 1079/1079/1079 1420/1420/1420 1421/1421/1421
f 1421/1421/1421 1420/1420/1420 1456/1456/1456
f 1079/1079/1079 1421/1421/1421 1028/1028/1028
f 1421/1421/1421 1456/1456/1456 1441/1441/1441
f 1028/1028/1028 1421/1421/1421 1392/1392/1392
f 1392/1392/1392 1421/1421/1421 1441/1441/1441
f 1441/1441/1441 1456/1456/1456 1446/1446/1446
f 1028/1028/1028 1392/1392/1392 1353/1353/1353
f 1441/1441/1441 1446/1446/1446 1410/1410/1410
f 1441/1441/1441 1410/1410/1410 1392/1392/1392
f 1353/1353/1353 1392/1392/1392 1377/1377/1377
f 1353/1353/1353 1377/1377/1377 1359/1359/1359
f 1377/1377/1377 1392/1392/1392 1363/1363/1363
f 1377/1377/1377 1363/1363/1363 1359/1359/1359
f 1353/1353/1353 1359/1359/1359 1350/1350/1350
f 1359/1359/1359 1363/1363/1363 1357/1357/1357
f 1359/1359/1359 1357/1357/1357 1350/1350/1350
f 1350/1350/1350 1357/1357/1357 1363/1363/1363
f 1363/1363/1363 1392/1392/1392 1366/1366/1366
f 1363/1363/1363 1366/1366/1366 1350/1350/1350
f 1366/1366/1366 1392/1392/1392 1410/1410/1410
f 1353/1353/1353 1350/1350/1350 1262/1262/1262
f 1350/1350/1350 1366/1366/1366 1346/1346/1346
f 1350/1350/1350 1346/1346/1346 1262/1262/1262
f 1366/1366/1366 1410/1410/1410 1364/1364/1364
f 1346/1346/1346 1366/1366/1366 1344/1344/1344
f 1344/1344/1344 1366/1366/1366 1364/1364/1364
f 1346/1346/1346 1344/1344/1344 1343/1343/1343
f 1343/1343/1343 1344/1344/1344 1341/1341/1341
f 1341/1341/1341 1344/1344/1344 1364/1364/1364
f 1346/1346/1346 1343/1343/1343 1336/1336/1336
f 1336/1336/1336 1343/1343/1343 1341/1341/1341
f 1261/1261/1261 1262/1262/1262 1346/1346/1346
f 1261/1261/1261 1346/1346/1346 1336/1336/1336
f 1262/1262/1262 1261/1261/1261 1252/1252/1252
f 1252/1252/1252 1261/1261/1261 1251/1251/1251
f 1262/1262/1262 1252/1252/1252 1259/1259/1259
f 1259/1259/1259 1252/1252/1252 1251/1251/1251
f 1262/1262/1262 1259/1259/1259 970/970/970
f 1251/1251/1251 1261/1261/1261 1258/1258/1258
f 1258/1258/1258 1261/1261/1261 1336/1336/1336
f 1251/1251/1251 1258/1258/1258 1259/1259/1259
f 1258/1258/1258 1336/1336/1336 1335/1335/1335
f 1258/1258/1258 1335/1335/1335 1259/1259/1259
f 1335/1335/1335 1336/1336/1336 1341/1341/1341
f 1335/1335/1335 1341/1341/1341 1342/1342/1342
f 1342/1342/1342 1341/1341/1341 1364/1364/1364
f 1259/1259/1259 1335/1335/1335 1345/1345/1345
f 1345/1345/1345 1335/1335/1335 1342/1342/1342
f 1259/1259/1259 1345/1345/1345 1349/1349/1349
f 1342/1342/1342 1364/1364/1364 1373/1373/1373
f 1342/1342/1342 1373/1373/1373 1345/1345/1345
f 1259/1259/1259 1349/1349/1349 1351/1351/1351
f 1349/1349/1349 1345/1345/1345 1365/1365/1365
f 1365/1365/1365 1345/1345/1345 1373/1373/1373
f 1373/1373/1373 1364/1364/1364 1409/1409/1409
f 1409/1409/1409 1364/1364/1364 1410/1410/1410
f 1409/1409/1409 1410/1410/1410 1416/1416/1416
f 1416/1416/1416 1410/1410/1410 1446/1446/1446
f 1373/1373/1373 1409/1409/1409 1408/1408/1408
f 1408/1408/1408 1409/1409/1409 1416/1416/1416
f 1365/1365/1365 1373/1373/1373 1414/1414/1414
f 1414/1414/1414 1373/1373/1373 1408/1408/1408
f 1408/1408/1408 1416/1416/1416 1415/1415/1415
f 1415/1415/1415 1416/1416/1416 1446/1446/1446
f 1408/1408/1408 1415/1415/1415 1414/1414/1414
f 1415/1415/1415 1446/1446/1446 1445/1445/1445
f 1415/1415/1415 1445/1445/1445 1414/1414/1414
f 1365/1365/1365 1414/1414/1414 1390/1390/1390
f 1365/1365/1365 1390/1390/1390 1362/1362/1362
f 1365/1365/1365 1362/1362/1362 1349/1349/1349
f 1362/1362/1362 1390/1390/1390 1385/1385/1385
f 1385/1385/1385 1390/1390/1390 1351/1351/1351
f 1349/1349/1349 1362/1362/1362 1356/1356/1356
f 1362/1362/1362 1385/1385/1385 1358/1358/1358
f 1362/1362/1362 1358/1358/1358 1356/1356/1356
f 1358/1358/1358 1385/1385/1385 1351/1351/1351
f 1356/1356/1356 1358/1358/1358 1349/1349/1349
f 1349/1349/1349 1358/1358/1358 1351/1351/1351
f 1171/1171/1171 1151/1151/1151 1137/1137/1137
f 1171/1171/1171 1137/1137/1137 1169/1169/1169
f 1137/1137/1137 1151/1151/1151 1077/1077/1077
f 1169/1169/1169 1137/1137/1137 1139/1139/1139
f 1139/1139/1139 1137/1137/1137 1104/1104/1104
f 1104/1104/1104 1137/1137/1137 1077/1077/1077
f 1139/1139/1139 1104/1104/1104 1103/1103/1103
f 1139/1139/1139 1103/1103/1103 758/758/758
f 1139/1139/1139 758/758/758 794/794/794
f 794/794/794 758/758/758 707/707/707
f 794/794/794 707/707/707 709/709/709
f 758/758/758 1103/1103/1103 757/757/757
f 758/758/758 757/757/757 707/707/707
f 709/709/709 707/707/707 576/576/576
f 757/757/757 1103/1103/1103 1093/1093/1093
f 1093/1093/1093 1103/1103/1103 1104/1104/1104
f 707/707/707 757/757/757 635/635/635
f 635/635/635 757/757/757 1093/1093/1093
f 576/576/576 707/707/707 615/615/615
f 615/615/615 707/707/707 635/635/635
f 1093/1093/1093 1104/1104/1104 999/999/999
f 1093/1093/1093 999/999/999 635/635/635
f 999/999/999 1104/1104/1104 1020/1020/1020
f 1020/1020/1020 1104/1104/1104 1077/1077/1077
f 576/576/576 615/615/615 637/637/637
f 576/576/576 637/637/637 597/597/597
f 576/576/576 597/597/597 499/499/499
f 637/637/637 615/615/615 588/588/588
f 499/499/499 597/597/597 547/547/547
f 547/547/547 597/597/597 637/637/637
f 499/499/499 547/547/547 588/588/588
f 547/547/547 637/637/637 616/616/616
f 616/616/616 637/637/637 588/588/588
f 616/616/616 588/588/588 547/547/547
f 499/499/499 588/588/588 484/484/484
f 595/595/595 588/588/588 615/615/615
f 588/588/588 595/595/595 484/484/484
f 595/595/595 615/615/615 635/635/635
f 595/595/595 635/635/635 614/614/614
f 614/614/614 635/635/635 999/999/999
f 484/484/484 595/595/595 596/596/596
f 596/596/596 595/595/595 614/614/614
f 614/614/614 999/999/999 894/894/894
f 596/596/596 614/614/614 895/895/895
f 895/895/895 614/614/614 894/894/894
f 894/894/894 999/999/999 908/908/908
f 894/894/894 908/908/908 895/895/895
f 908/908/908 999/999/999 921/921/921
f 908/908/908 921/921/921 895/895/895
f 921/921/921 999/999/999 1020/1020/1020
f 498/498/498 484/484/484 596/596/596
f 484/484/484 498/498/498 483/483/483
f 484/484/484 483/483/483 838/838/838
f 895/895/895 921/921/921 838/838/838
f 483/483/483 498/498/498 826/826/826
f 483/483/483 826/826/826 838/838/838
f 498/498/498 596/596/596 815/815/815
f 498/498/498 815/815/815 826/826/826
f 815/815/815 596/596/596 895/895/895
f 826/826/826 815/815/815 838/838/838
f 838/838/838 815/815/815 895/895/895
f 941/941/941 838/838/838 921/921/921
f 941/941/941 921/921/921 1020/1020/1020
f 838/838/838 941/941/941 1022/1022/1022
f 941/941/941 1020/1020/1020 990/990/990
f 990/990/990 1020/1020/1020 1077/1077/1077
f 1065/1065/1065 1077/1077/1077 1022/1022/1022
f 1077/1077/1077 1065/1065/1065 990/990/990
f 1065/1065/1065 1022/1022/1022 1001/1001/1001
f 1001/1001/1001 1022/1022/1022 941/941/941
f 1065/1065/1065 1001/1001/1001 990/990/990
f 1001/1001/1001 941/941/941 949/949/949
f 949/949/949 941/941/941 990/990/990
f 949/949/949 990/990/990 1001/1001/1001
f 2692/2692/2692 2789/2789/2789 2719/2719/2719
f 2692/2692/2692 2719/2719/2719 2657/2657/2657
f 2789/2789/2789 2692/2692/2692 2765/2765/2765
f 2789/2789/2789 2765/2765/2765 2743/2743/2743
f 2692/2692/2692 2657/2657/2657 2658/2658/2658
f 2743/2743/2743 2765/2765/2765 2720/2720/2720
f 2743/2743/2743 2720/2720/2720 2657/2657/2657
f 2720/2720/2720 2765/2765/2765 2692/2692/2692
f 2657/2657/2657 2720/2720/2720 2658/2658/2658
f 2658/2658/2658 2720/2720/2720 2692/2692/2692
f 1186/1186/1186 1175/1175/1175 1285/1285/1285
f 1175/1175/1175 1186/1186/1186 883/883/883
f 883/883/883 1186/1186/1186 1059/1059/1059
f 1186/1186/1186 1285/1285/1285 1333/1333/1333
f 1059/1059/1059 1186/1186/1186 1307/1307/1307
f 1307/1307/1307 1186/1186/1186 1333/1333/1333
f 1307/1307/1307 1333/1333/1333 1305/1305/1305
f 1307/1307/1307 1305/1305/1305 1057/1057/1057
f 1057/1057/1057 1305/1305/1305 1302/1302/1302
f 1286/1286/1286 1176/1176/1176 1284/1284/1284
f 1286/1286/1286 1284/1284/1284 1334/1334/1334
f 885/885/885 876/876/876 1176/1176/1176
f 1176/1176/1176 876/876/876 852/852/852
f 1284/1284/1284 1176/1176/1176 1153/1153/1153
f 1153/1153/1153 1176/1176/1176 852/852/852
f 1153/1153/1153 852/852/852 1164/1164/1164
f 1153/1153/1153 1164/1164/1164 1284/1284/1284
f 1164/1164/1164 852/852/852 850/850/850
f 1164/1164/1164 850/850/850 1010/1010/1010
f 1330/1330/1330 1334/1334/1334 1284/1284/1284
f 1330/1330/1330 1284/1284/1284 1164/1164/1164
f 1334/1334/1334 1330/1330/1330 1306/1306/1306
f 1164/1164/1164 1010/1010/1010 1287/1287/1287
f 1164/1164/1164 1287/1287/1287 1330/1330/1330
f 1330/1330/1330 1287/1287/1287 1306/1306/1306
f 1287/1287/1287 1010/1010/1010 1304/1304/1304
f 1287/1287/1287 1304/1304/1304 1306/1306/1306
f 851/851/851 875/875/875 874/874/874
f 874/874/874 875/875/875 884/884/884
f 851/851/851 874/874/874 849/849/849
f 874/874/874 884/884/884 1060/1060/1060
f 849/849/849 874/874/874 1009/1009/1009
f 874/874/874 1060/1060/1060 1046/1046/1046
f 874/874/874 1046/1046/1046 1009/1009/1009
f 1046/1046/1046 1060/1060/1060 1058/1058/1058
f 1046/1046/1046 1058/1058/1058 1009/1009/1009
f 1058/1058/1058 1060/1060/1060 1308/1308/1308
f 1009/1009/1009 1058/1058/1058 1045/1045/1045
f 1009/1009/1009 1045/1045/1045 1303/1303/1303
f 1303/1303/1303 1045/1045/1045 1058/1058/1058
f 457/457/457 468/468/468 439/439/439
f 439/439/439 468/468/468 325/325/325
f 325/325/325 468/468/468 455/455/455
f 468/468/468 457/457/457 438/438/438
f 468/468/468 438/438/438 455/455/455
f 455/455/455 438/438/438 142/142/142
f 455/455/455 142/142/142 25/25/25
f 438/438/438 457/457/457 169/169/169
f 438/438/438 169/169/169 142/142/142
f 179/179/179 457/457/457 439/439/439
f 457/457/457 179/179/179 169/169/169
f 179/179/179 439/439/439 170/170/170
f 170/170/170 439/439/439 49/49/49
f 169/169/169 179/179/179 156/156/156
f 170/170/170 49/49/49 156/156/156
f 170/170/170 156/156/156 179/179/179
f 169/169/169 156/156/156 142/142/142
f 142/142/142 156/156/156 34/34/34
f 440/440/440 326/326/326 311/311/311
f 440/440/440 311/311/311 50/50/50
f 311/311/311 326/326/326 296/296/296
f 311/311/311 296/296/296 50/50/50
f 35/35/35 157/157/157 50/50/50
f 35/35/35 50/50/50 39/39/39
f 39/39/39 50/50/50 296/296/296
f 35/35/35 39/39/39 26/26/26
f 35/35/35 26/26/26 143/143/143
f 39/39/39 296/296/296 33/33/33
f 39/39/39 33/33/33 26/26/26
f 33/33/33 296/296/296 270/270/270
f 33/33/33 270/270/270 26/26/26
f 270/270/270 296/296/296 310/310/310
f 270/270/270 310/310/310 26/26/26
f 310/310/310 296/296/296 326/326/326
f 26/26/26 310/310/310 456/456/456
f 456/456/456 310/310/310 326/326/326
f 272/272/272 117/117/117 112/112/112
f 112/112/112 117/117/117 1563/1563/1563
f 272/272/272 112/112/112 268/268/268
f 1563/1563/1563 117/117/117 1568/1568/1568
f 1563/1563/1563 1568/1568/1568 1747/1747/1747
f 117/117/117 272/272/272 284/284/284
f 272/272/272 268/268/268 434/434/434
f 434/434/434 268/268/268 431/431/431
f 1747/1747/1747 1568/1568/1568 1749/1749/1749
f 1747/1747/1747 1749/1749/1749 1894/1894/1894
f 1568/1568/1568 117/117/117 120/120/120
f 120/120/120 117/117/117 284/284/284
f 1749/1749/1749 1568/1568/1568 1571/1571/1571
f 1571/1571/1571 1568/1568/1568 120/120/120
f 1749/1749/1749 1571/1571/1571 1759/1759/1759
f 1749/1749/1749 1759/1759/1759 1897/1897/1897
f 1571/1571/1571 120/120/120 123/123/123
f 120/120/120 284/284/284 286/286/286
f 120/120/120 286/286/286 123/123/123
f 1759/1759/1759 1571/1571/1571 1574/1574/1574
f 1574/1574/1574 1571/1571/1571 123/123/123
f 1759/1759/1759 1574/1574/1574 1762/1762/1762
f 1759/1759/1759 1762/1762/1762 1899/1899/1899
f 1574/1574/1574 123/123/123 106/106/106
f 123/123/123 286/286/286 245/245/245
f 123/123/123 245/245/245 106/106/106
f 245/245/245 286/286/286 410/410/410
f 245/245/245 410/410/410 331/331/331
f 410/410/410 286/286/286 443/443/443
f 443/443/443 286/286/286 284/284/284
f 410/410/410 443/443/443 538/538/538
f 538/538/538 443/443/443 604/604/604
f 443/443/443 284/284/284 442/442/442
f 443/443/443 442/442/442 604/604/604
f 442/442/442 284/284/284 272/272/272
f 442/442/442 272/272/272 434/434/434
f 604/604/604 442/442/442 602/602/602
f 602/602/602 442/442/442 434/434/434
f 604/604/604 602/602/602 736/736/736
f 736/736/736 602/602/602 763/763/763
f 602/602/602 434/434/434 582/582/582
f 602/602/602 582/582/582 763/763/763
f 582/582/582 434/434/434 431/431/431
f 763/763/763 582/582/582 720/720/720
f 582/582/582 431/431/431 579/579/579
f 582/582/582 579/579/579 720/720/720
f 720/720/720 579/579/579 717/717/717
f 719/719/719 716/716/716 830/830/830
f 830/830/830 716/716/716 828/828/828
f 719/719/719 830/830/830 867/867/867
f 719/719/719 867/867/867 762/762/762
f 830/830/830 828/828/828 889/889/889
f 889/889/889 828/828/828 886/886/886
f 867/867/867 830/830/830 918/918/918
f 918/918/918 830/830/830 889/889/889
f 762/762/762 867/867/867 868/868/868
f 762/762/762 868/868/868 735/735/735
f 867/867/867 918/918/918 919/919/919
f 867/867/867 919/919/919 868/868/868
f 889/889/889 886/886/886 903/903/903
f 903/903/903 886/886/886 902/902/902
f 918/918/918 889/889/889 937/937/937
f 937/937/937 889/889/889 903/903/903
f 919/919/919 918/918/918 938/938/938
f 938/938/938 918/918/918 937/937/937
f 903/903/903 902/902/902 890/890/890
f 890/890/890 902/902/902 887/887/887
f 890/890/890 887/887/887 831/831/831
f 903/903/903 890/890/890 916/916/916
f 903/903/903 916/916/916 937/937/937
f 916/916/916 890/890/890 865/865/865
f 937/937/937 916/916/916 920/920/920
f 937/937/937 920/920/920 938/938/938
f 920/920/920 916/916/916 869/869/869
f 920/920/920 869/869/869 740/740/740
f 938/938/938 920/920/920 821/821/821
f 821/821/821 920/920/920 740/740/740
f 821/821/821 740/740/740 645/645/645
f 645/645/645 740/740/740 553/553/553
f 938/938/938 821/821/821 833/833/833
f 821/821/821 645/645/645 685/685/685
f 821/821/821 685/685/685 833/833/833
f 685/685/685 645/645/645 723/723/723
f 938/938/938 833/833/833 919/919/919
f 685/685/685 723/723/723 780/780/780
f 919/919/919 833/833/833 820/820/820
f 919/919/919 820/820/820 868/868/868
f 833/833/833 685/685/685 701/701/701
f 833/833/833 701/701/701 820/820/820
f 701/701/701 685/685/685 780/780/780
f 868/868/868 820/820/820 739/739/739
f 868/868/868 739/739/739 735/735/735
f 820/820/820 701/701/701 684/684/684
f 820/820/820 684/684/684 739/739/739
f 701/701/701 780/780/780 819/819/819
f 701/701/701 819/819/819 684/684/684
f 735/735/735 739/739/739 662/662/662
f 735/735/735 662/662/662 603/603/603
f 603/603/603 662/662/662 537/537/537
f 662/662/662 739/739/739 644/644/644
f 644/644/644 739/739/739 684/684/684
f 537/537/537 662/662/662 552/552/552
f 552/552/552 662/662/662 644/644/644
f 552/552/552 644/644/644 722/722/722
f 644/644/644 684/684/684 779/779/779
f 644/644/644 779/779/779 722/722/722
f 779/779/779 684/684/684 819/819/819
f 722/722/722 779/779/779 620/620/620
f 620/620/620 779/779/779 819/819/819
f 722/722/722 620/620/620 552/552/552
f 620/620/620 819/819/819 780/780/780
f 458/458/458 537/537/537 552/552/552
f 458/458/458 552/552/552 620/620/620
f 537/537/537 458/458/458 409/409/409
f 409/409/409 458/458/458 330/330/330
f 330/330/330 458/458/458 505/505/505
f 505/505/505 458/458/458 620/620/620
f 620/620/620 780/780/780 104/104/104
f 104/104/104 780/780/780 235/235/235
f 104/104/104 235/235/235 85/85/85
f 832/832/832 888/888/888 829/829/829
f 832/832/832 829/829/829 721/721/721
f 721/721/721 829/829/829 718/718/718
f 721/721/721 718/718/718 581/581/581
f 581/581/581 718/718/718 580/580/580
f 832/832/832 721/721/721 761/761/761
f 721/721/721 581/581/581 601/601/601
f 721/721/721 601/601/601 761/761/761
f 581/581/581 580/580/580 433/433/433
f 433/433/433 580/580/580 432/432/432
f 601/601/601 581/581/581 441/441/441
f 441/441/441 581/581/581 433/433/433
f 832/832/832 761/761/761 866/866/866
f 832/832/832 866/866/866 891/891/891
f 433/433/433 432/432/432 271/271/271
f 271/271/271 432/432/432 269/269/269
f 271/271/271 269/269/269 116/116/116
f 116/116/116 269/269/269 114/114/114
f 271/271/271 116/116/116 119/119/119
f 433/433/433 271/271/271 283/283/283
f 283/283/283 271/271/271 119/119/119
f 433/433/433 283/283/283 441/441/441
f 283/283/283 119/119/119 122/122/122
f 283/283/283 122/122/122 285/285/285
f 283/283/283 285/285/285 441/441/441
f 285/285/285 122/122/122 108/108/108
f 441/441/441 285/285/285 444/444/444
f 285/285/285 108/108/108 246/246/246
f 285/285/285 246/246/246 444/444/444
f 246/246/246 108/108/108 73/73/73
f 441/441/441 444/444/444 601/601/601
f 246/246/246 73/73/73 205/205/205
f 205/205/205 73/73/73 86/86/86
f 205/205/205 86/86/86 236/236/236
f 246/246/246 205/205/205 411/411/411
f 246/246/246 411/411/411 444/444/444
f 601/601/601 444/444/444 605/605/605
f 605/605/605 444/444/444 411/411/411
f 601/601/601 605/605/605 761/761/761
f 411/411/411 205/205/205 332/332/332
f 332/332/332 205/205/205 236/236/236
f 605/605/605 411/411/411 539/539/539
f 539/539/539 411/411/411 332/332/332
f 761/761/761 605/605/605 737/737/737
f 737/737/737 605/605/605 539/539/539
f 761/761/761 737/737/737 866/866/866
f 866/866/866 737/737/737 870/870/870
f 866/866/866 870/870/870 917/917/917
f 870/870/870 737/737/737 663/663/663
f 663/663/663 737/737/737 539/539/539
f 870/870/870 663/663/663 741/741/741
f 741/741/741 663/663/663 554/554/554
f 663/663/663 539/539/539 459/459/459
f 663/663/663 459/459/459 554/554/554
f 459/459/459 539/539/539 332/332/332
f 554/554/554 459/459/459 507/507/507
f 459/459/459 332/332/332 400/400/400
f 459/459/459 400/400/400 507/507/507
f 400/400/400 332/332/332 236/236/236
f 400/400/400 236/236/236 781/781/781
f 400/400/400 781/781/781 724/724/724
f 507/507/507 400/400/400 622/622/622
f 507/507/507 622/622/622 554/554/554
f 622/622/622 400/400/400 724/724/724
f 554/554/554 622/622/622 646/646/646
f 646/646/646 622/622/622 724/724/724
f 115/115/115 113/113/113 1567/1567/1567
f 1567/1567/1567 113/113/113 1564/1564/1564
f 115/115/115 1567/1567/1567 1569/1569/1569
f 115/115/115 1569/1569/1569 118/118/118
f 1567/1567/1567 1564/1564/1564 1748/1748/1748
f 1748/1748/1748 1564/1564/1564 1746/1746/1746
f 1569/1569/1569 1567/1567/1567 1758/1758/1758
f 1758/1758/1758 1567/1567/1567 1748/1748/1748
f 118/118/118 1569/1569/1569 1573/1573/1573
f 118/118/118 1573/1573/1573 121/121/121
f 121/121/121 1573/1573/1573 1584/1584/1584
f 121/121/121 1584/1584/1584 107/107/107
f 1573/1573/1573 1569/1569/1569 1761/1761/1761
f 1761/1761/1761 1569/1569/1569 1758/1758/1758
f 1584/1584/1584 1573/1573/1573 1739/1739/1739
f 1739/1739/1739 1573/1573/1573 1761/1761/1761
f 1584/1584/1584 1739/1739/1739 1727/1727/1727
f 1761/1761/1761 1758/1758/1758 1902/1902/1902
f 1739/1739/1739 1761/1761/1761 1878/1878/1878
f 1878/1878/1878 1761/1761/1761 1902/1902/1902
f 1902/1902/1902 1758/1758/1758 1901/1901/1901
f 1901/1901/1901 1758/1758/1758 1748/1748/1748
f 1727/1727/1727 1739/1739/1739 1844/1844/1844
f 1844/1844/1844 1739/1739/1739 1878/1878/1878
f 1727/1727/1727 1844/1844/1844 1875/1875/1875
f 1727/1727/1727 1875/1875/1875 1736/1736/1736
f 1727/1727/1727 1736/1736/1736 1582/1582/1582
f 1875/1875/1875 1844/1844/1844 2022/2022/2022
f 1875/1875/1875 2022/2022/2022 1736/1736/1736
f 1844/1844/1844 1878/1878/1878 1956/1956/1956
f 1844/1844/1844 1956/1956/1956 2022/2022/2022
f 1736/1736/1736 2022/2022/2022 2174/2174/2174
f 2174/2174/2174 2022/2022/2022 1956/1956/1956
f 1582/1582/1582 1736/1736/1736 1572/1572/1572
f 1582/1582/1582 1572/1572/1572 72/72/72
f 72/72/72 1572/1572/1572 83/83/83
f 1572/1572/1572 1736/1736/1736 2313/2313/2313
f 1572/1572/1572 2313/2313/2313 83/83/83
f 2313/2313/2313 1736/1736/1736 2174/2174/2174
f 83/83/83 2313/2313/2313 2418/2418/2418
f 2418/2418/2418 2313/2313/2313 2233/2233/2233
f 2313/2313/2313 2174/2174/2174 2109/2109/2109
f 2313/2313/2313 2109/2109/2109 2233/2233/2233
f 2109/2109/2109 2174/2174/2174 1956/1956/1956
f 2233/2233/2233 2109/2109/2109 2200/2200/2200
f 2109/2109/2109 1956/1956/1956 2054/2054/2054
f 2054/2054/2054 1956/1956/1956 1878/1878/1878
f 2109/2109/2109 2054/2054/2054 2200/2200/2200
f 2054/2054/2054 1878/1878/1878 1902/1902/1902
f 2233/2233/2233 2200/2200/2200 2353/2353/2353
f 2054/2054/2054 1902/1902/1902 2106/2106/2106
f 2054/2054/2054 2106/2106/2106 2200/2200/2200
f 2106/2106/2106 1902/1902/1902 1901/1901/1901
f 2353/2353/2353 2200/2200/2200 2292/2292/2292
f 2292/2292/2292 2200/2200/2200 2106/2106/2106
f 2353/2353/2353 2292/2292/2292 2448/2448/2448
f 2353/2353/2353 2448/2448/2448 2452/2452/2452
f 2292/2292/2292 2106/2106/2106 2105/2105/2105
f 2105/2105/2105 2106/2106/2106 1901/1901/1901
f 2452/2452/2452 2448/2448/2448 2572/2572/2572
f 2448/2448/2448 2292/2292/2292 2291/2291/2291
f 2291/2291/2291 2292/2292/2292 2105/2105/2105
f 2572/2572/2572 2448/2448/2448 2447/2447/2447
f 2447/2447/2447 2448/2448/2448 2291/2291/2291
f 2105/2105/2105 1901/1901/1901 1896/1896/1896
f 1896/1896/1896 1901/1901/1901 1748/1748/1748
f 1896/1896/1896 1748/1748/1748 1746/1746/1746
f 1896/1896/1896 1746/1746/1746 1893/1893/1893
f 2105/2105/2105 1896/1896/1896 2075/2075/2075
f 2075/2075/2075 1896/1896/1896 1893/1893/1893
f 2105/2105/2105 2075/2075/2075 2291/2291/2291
f 2075/2075/2075 1893/1893/1893 2072/2072/2072
f 2291/2291/2291 2075/2075/2075 2267/2267/2267
f 2267/2267/2267 2075/2075/2075 2072/2072/2072
f 2291/2291/2291 2267/2267/2267 2447/2447/2447
f 2267/2267/2267 2072/2072/2072 2263/2263/2263
f 2267/2267/2267 2263/2263/2263 2411/2411/2411
f 2267/2267/2267 2411/2411/2411 2447/2447/2447
f 2411/2411/2411 2263/2263/2263 2408/2408/2408
f 2447/2447/2447 2411/2411/2411 2570/2570/2570
f 2447/2447/2447 2570/2570/2570 2572/2572/2572
f 2411/2411/2411 2408/2408/2408 2537/2537/2537
f 2411/2411/2411 2537/2537/2537 2570/2570/2570
f 2537/2537/2537 2408/2408/2408 2531/2531/2531
f 2572/2572/2572 2570/2570/2570 2624/2624/2624
f 2572/2572/2572 2624/2624/2624 2541/2541/2541
f 2624/2624/2624 2570/2570/2570 2622/2622/2622
f 2622/2622/2622 2570/2570/2570 2537/2537/2537
f 2624/2624/2624 2622/2622/2622 2637/2637/2637
f 2637/2637/2637 2622/2622/2622 2635/2635/2635
f 2622/2622/2622 2537/2537/2537 2585/2585/2585
f 2622/2622/2622 2585/2585/2585 2635/2635/2635
f 2585/2585/2585 2537/2537/2537 2531/2531/2531
f 2635/2635/2635 2585/2585/2585 2611/2611/2611
f 2585/2585/2585 2531/2531/2531 2581/2581/2581
f 2585/2585/2585 2581/2581/2581 2611/2611/2611
f 2611/2611/2611 2581/2581/2581 2609/2609/2609
f 2611/2611/2611 2609/2609/2609 2583/2583/2583
f 2583/2583/2583 2609/2609/2609 2579/2579/2579
f 2634/2634/2634 2610/2610/2610 2620/2620/2620
f 2620/2620/2620 2610/2610/2610 2582/2582/2582
f 2634/2634/2634 2620/2620/2620 2625/2625/2625
f 2634/2634/2634 2625/2625/2625 2636/2636/2636
f 2636/2636/2636 2625/2625/2625 2538/2538/2538
f 2636/2636/2636 2538/2538/2538 2549/2549/2549
f 2636/2636/2636 2549/2549/2549 2623/2623/2623
f 2549/2549/2549 2538/2538/2538 2384/2384/2384
f 2623/2623/2623 2549/2549/2549 2540/2540/2540
f 2549/2549/2549 2384/2384/2384 2400/2400/2400
f 2549/2549/2549 2400/2400/2400 2540/2540/2540
f 2400/2400/2400 2384/2384/2384 2490/2490/2490
f 2400/2400/2400 2490/2490/2490 2519/2519/2519
f 2519/2519/2519 2490/2490/2490 2492/2492/2492
f 2400/2400/2400 2519/2519/2519 2386/2386/2386
f 2386/2386/2386 2519/2519/2519 2492/2492/2492
f 2400/2400/2400 2386/2386/2386 2540/2540/2540
f 2386/2386/2386 2492/2492/2492 2350/2350/2350
f 2540/2540/2540 2386/2386/2386 2451/2451/2451
f 2451/2451/2451 2386/2386/2386 2350/2350/2350
f 2540/2540/2540 2451/2451/2451 2571/2571/2571
f 2451/2451/2451 2350/2350/2350 2352/2352/2352
f 2352/2352/2352 2350/2350/2350 2232/2232/2232
f 2232/2232/2232 2350/2350/2350 2415/2415/2415
f 2584/2584/2584 2580/2580/2580 2536/2536/2536
f 2536/2536/2536 2580/2580/2580 2532/2532/2532
f 2584/2584/2584 2536/2536/2536 2569/2569/2569
f 2584/2584/2584 2569/2569/2569 2621/2621/2621
f 2536/2536/2536 2532/2532/2532 2412/2412/2412
f 2412/2412/2412 2532/2532/2532 2409/2409/2409
f 2569/2569/2569 2536/2536/2536 2446/2446/2446
f 2446/2446/2446 2536/2536/2536 2412/2412/2412
f 2621/2621/2621 2569/2569/2569 2573/2573/2573
f 2621/2621/2621 2573/2573/2573 2626/2626/2626
f 2569/2569/2569 2446/2446/2446 2449/2449/2449
f 2569/2569/2569 2449/2449/2449 2573/2573/2573
f 2626/2626/2626 2573/2573/2573 2450/2450/2450
f 2626/2626/2626 2450/2450/2450 2539/2539/2539
f 2573/2573/2573 2449/2449/2449 2349/2349/2349
f 2573/2573/2573 2349/2349/2349 2450/2450/2450
f 2539/2539/2539 2450/2450/2450 2348/2348/2348
f 2539/2539/2539 2348/2348/2348 2385/2385/2385
f 2385/2385/2385 2348/2348/2348 2413/2413/2413
f 2385/2385/2385 2413/2413/2413 2491/2491/2491
f 2413/2413/2413 2348/2348/2348 2312/2312/2312
f 2413/2413/2413 2312/2312/2312 2491/2491/2491
f 2348/2348/2348 2450/2450/2450 2231/2231/2231
f 2348/2348/2348 2231/2231/2231 2312/2312/2312
f 2231/2231/2231 2450/2450/2450 2349/2349/2349
f 2491/2491/2491 2312/2312/2312 2173/2173/2173
f 2173/2173/2173 2312/2312/2312 2231/2231/2231
f 2491/2491/2491 2173/2173/2173 2021/2021/2021
f 2491/2491/2491 2021/2021/2021 2494/2494/2494
f 2173/2173/2173 2231/2231/2231 2108/2108/2108
f 2108/2108/2108 2231/2231/2231 2349/2349/2349
f 2173/2173/2173 2108/2108/2108 2021/2021/2021
f 2108/2108/2108 2349/2349/2349 2199/2199/2199
f 2199/2199/2199 2349/2349/2349 2449/2449/2449
f 2021/2021/2021 2108/2108/2108 1955/1955/1955
f 1955/1955/1955 2108/2108/2108 2199/2199/2199
f 2021/2021/2021 1955/1955/1955 1874/1874/1874
f 2021/2021/2021 1874/1874/1874 1735/1735/1735
f 1735/1735/1735 1874/1874/1874 1843/1843/1843
f 1843/1843/1843 1874/1874/1874 1955/1955/1955
f 2199/2199/2199 2449/2449/2449 2293/2293/2293
f 1955/1955/1955 2199/2199/2199 2053/2053/2053
f 1955/1955/1955 2053/2053/2053 1843/1843/1843
f 2053/2053/2053 2199/2199/2199 2293/2293/2293
f 2293/2293/2293 2449/2449/2449 2446/2446/2446
f 1843/1843/1843 2053/2053/2053 1877/1877/1877
f 1843/1843/1843 1877/1877/1877 1726/1726/1726
f 2053/2053/2053 2293/2293/2293 2107/2107/2107
f 2053/2053/2053 2107/2107/2107 1877/1877/1877
f 2293/2293/2293 2446/2446/2446 2290/2290/2290
f 2293/2293/2293 2290/2290/2290 2107/2107/2107
f 2290/2290/2290 2446/2446/2446 2412/2412/2412
f 1877/1877/1877 2107/2107/2107 1904/1904/1904
f 1877/1877/1877 1904/1904/1904 1738/1738/1738
f 2107/2107/2107 2290/2290/2290 2104/2104/2104
f 2107/2107/2107 2104/2104/2104 1904/1904/1904
f 2290/2290/2290 2412/2412/2412 2268/2268/2268
f 2290/2290/2290 2268/2268/2268 2104/2104/2104
f 2268/2268/2268 2412/2412/2412 2409/2409/2409
f 2268/2268/2268 2409/2409/2409 2264/2264/2264
f 2268/2268/2268 2264/2264/2264 2076/2076/2076
f 2268/2268/2268 2076/2076/2076 2104/2104/2104
f 2076/2076/2076 2264/2264/2264 2073/2073/2073
f 1900/1900/1900 1904/1904/1904 2104/2104/2104
f 1900/1900/1900 2104/2104/2104 2076/2076/2076
f 1904/1904/1904 1900/1900/1900 1763/1763/1763
f 2076/2076/2076 2073/2073/2073 1898/1898/1898
f 2076/2076/2076 1898/1898/1898 1900/1900/1900
f 1900/1900/1900 1898/1898/1898 1760/1760/1760
f 1898/1898/1898 2073/2073/2073 1895/1895/1895
f 1898/1898/1898 1895/1895/1895 1750/1750/1750
f 2351/2351/2351 2495/2495/2495 2419/2419/2419
f 2493/2493/2493 2019/2019/2019 2414/2414/2414
f 1842/1842/1842 1725/1725/1725 1734/1734/1734
f 1734/1734/1734 1725/1725/1725 1570/1570/1570
f 1734/1734/1734 1570/1570/1570 105/105/105
f 1734/1734/1734 105/105/105 2020/2020/2020
f 1570/1570/1570 1725/1725/1725 1580/1580/1580
f 1570/1570/1570 1580/1580/1580 105/105/105
f 1580/1580/1580 1725/1725/1725 1737/1737/1737
f 1737/1737/1737 1725/1725/1725 1876/1876/1876
f 105/105/105 1580/1580/1580 71/71/71
f 1580/1580/1580 1737/1737/1737 1581/1581/1581
f 1580/1580/1580 1581/1581/1581 71/71/71
f 1581/1581/1581 1737/1737/1737 1762/1762/1762
f 1762/1762/1762 1737/1737/1737 1903/1903/1903
f 1581/1581/1581 1762/1762/1762 1574/1574/1574
f 1581/1581/1581 1574/1574/1574 106/106/106
f 1581/1581/1581 106/106/106 71/71/71
f 105/105/105 71/71/71 234/234/234
f 105/105/105 234/234/234 621/621/621
f 71/71/71 106/106/106 204/204/204
f 71/71/71 204/204/204 234/234/234
f 204/204/204 106/106/106 245/245/245
f 204/204/204 245/245/245 331/331/331
f 234/234/234 204/204/204 399/399/399
f 234/234/234 399/399/399 621/621/621
f 399/399/399 204/204/204 331/331/331
f 621/621/621 399/399/399 506/506/506
f 506/506/506 399/399/399 331/331/331
f 2018/2018/2018 102/102/102 2416/2416/2416
f 103/103/103 84/84/84 2417/2417/2417
f 74/74/74 109/109/109 1583/1583/1583
f 1583/1583/1583 109/109/109 1585/1585/1585
f 1583/1583/1583 1585/1585/1585 1728/1728/1728
f 375/375/375 469/469/469 422/422/422
f 469/469/469 375/375/375 328/328/328
f 469/469/469 328/328/328 446/446/446
f 375/375/375 422/422/422 312/312/312
f 469/469/469 446/446/446 583/583/583
f 583/583/583 446/446/446 551/551/551
f 422/422/422 469/469/469 517/517/517
f 517/517/517 469/469/469 583/583/583
f 422/422/422 517/517/517 426/426/426
f 583/583/583 551/551/551 682/682/682
f 682/682/682 551/551/551 623/623/623
f 517/517/517 583/583/583 590/590/590
f 590/590/590 583/583/583 682/682/682
f 517/517/517 590/590/590 471/471/471
f 517/517/517 471/471/471 426/426/426
f 590/590/590 682/682/682 626/626/626
f 590/590/590 626/626/626 471/471/471
f 682/682/682 623/623/623 725/725/725
f 682/682/682 725/725/725 626/626/626
f 725/725/725 623/623/623 680/680/680
f 725/725/725 680/680/680 738/738/738
f 738/738/738 680/680/680 700/700/700
f 626/626/626 725/725/725 664/664/664
f 664/664/664 725/725/725 738/738/738
f 520/520/520 471/471/471 626/626/626
f 626/626/626 664/664/664 540/540/540
f 626/626/626 540/540/540 520/520/520
f 738/738/738 700/700/700 726/726/726
f 726/726/726 700/700/700 681/681/681
f 664/664/664 738/738/738 627/627/627
f 627/627/627 738/738/738 726/726/726
f 540/540/540 664/664/664 521/521/521
f 521/521/521 664/664/664 627/627/627
f 726/726/726 681/681/681 683/683/683
f 726/726/726 683/683/683 627/627/627
f 683/683/683 681/681/681 624/624/624
f 683/683/683 624/624/624 584/584/584
f 683/683/683 584/584/584 586/586/586
f 683/683/683 586/586/586 627/627/627
f 586/586/586 584/584/584 518/518/518
f 627/627/627 586/586/586 472/472/472
f 627/627/627 472/472/472 521/521/521
f 472/472/472 586/586/586 518/518/518
f 402/402/402 540/540/540 521/521/521
f 402/402/402 521/521/521 472/472/472
f 540/540/540 402/402/402 412/412/412
f 540/540/540 412/412/412 520/520/520
f 520/520/520 412/412/412 401/401/401
f 520/520/520 401/401/401 471/471/471
f 412/412/412 402/402/402 238/238/238
f 471/471/471 401/401/401 379/379/379
f 401/401/401 412/412/412 251/251/251
f 251/251/251 412/412/412 238/238/238
f 401/401/401 251/251/251 237/237/237
f 401/401/401 237/237/237 379/379/379
f 471/471/471 379/379/379 426/426/426
f 238/238/238 402/402/402 380/380/380
f 380/380/380 402/402/402 472/472/472
f 251/251/251 238/238/238 93/93/93
f 238/238/238 380/380/380 221/221/221
f 238/238/238 221/221/221 93/93/93
f 251/251/251 93/93/93 110/110/110
f 251/251/251 110/110/110 237/237/237
f 93/93/93 221/221/221 94/94/94
f 93/93/93 94/94/94 1599/1599/1599
f 93/93/93 1599/1599/1599 110/110/110
f 94/94/94 221/221/221 80/80/80
f 94/94/94 80/80/80 1599/1599/1599
f 190/190/190 221/221/221 380/380/380
f 221/221/221 190/190/190 80/80/80
f 91/91/91 237/237/237 110/110/110
f 91/91/91 110/110/110 1599/1599/1599
f 237/237/237 91/91/91 222/222/222
f 237/237/237 222/222/222 379/379/379
f 222/222/222 91/91/91 92/92/92
f 92/92/92 91/91/91 1599/1599/1599
f 379/379/379 222/222/222 315/315/315
f 379/379/379 315/315/315 426/426/426
f 222/222/222 92/92/92 191/191/191
f 222/222/222 191/191/191 315/315/315
f 191/191/191 92/92/92 79/79/79
f 79/79/79 92/92/92 1599/1599/1599
f 315/315/315 191/191/191 250/250/250
f 315/315/315 250/250/250 426/426/426
f 191/191/191 79/79/79 166/166/166
f 191/191/191 166/166/166 250/250/250
f 166/166/166 79/79/79 58/58/58
f 58/58/58 79/79/79 1599/1599/1599
f 250/250/250 166/166/166 180/180/180
f 166/166/166 58/58/58 126/126/126
f 166/166/166 126/126/126 180/180/180
f 126/126/126 58/58/58 43/43/43
f 43/43/43 58/58/58 1599/1599/1599
f 126/126/126 43/43/43 61/61/61
f 126/126/126 61/61/61 180/180/180
f 356/356/356 426/426/426 250/250/250
f 426/426/426 356/356/356 422/422/422
f 249/249/249 250/250/250 180/180/180
f 250/250/250 249/249/249 356/356/356
f 422/422/422 356/356/356 312/312/312
f 312/312/312 356/356/356 249/249/249
f 312/312/312 249/249/249 164/164/164
f 164/164/164 249/249/249 180/180/180
f 187/187/187 218/218/218 312/312/312
f 187/187/187 312/312/312 164/164/164
f 187/187/187 164/164/164 75/75/75
f 164/164/164 180/180/180 124/124/124
f 124/124/124 180/180/180 61/61/61
f 75/75/75 164/164/164 57/57/57
f 57/57/57 164/164/164 124/124/124
f 75/75/75 57/57/57 1590/1590/1590
f 75/75/75 1590/1590/1590 1586/1586/1586
f 57/57/57 124/124/124 40/40/40
f 57/57/57 40/40/40 1590/1590/1590
f 40/40/40 124/124/124 61/61/61
f 1590/1590/1590 40/40/40 1592/1592/1592
f 40/40/40 61/61/61 27/27/27
f 40/40/40 27/27/27 1592/1592/1592
f 27/27/27 61/61/61 30/30/30
f 30/30/30 61/61/61 43/43/43
f 30/30/30 43/43/43 1599/1599/1599
f 27/27/27 30/30/30 18/18/18
f 18/18/18 30/30/30 1599/1599/1599
f 1592/1592/1592 27/27/27 1594/1594/1594
f 1594/1594/1594 27/27/27 18/18/18
f 1701/1701/1701 1590/1590/1590 1592/1592/1592
f 1590/1590/1590 1701/1701/1701 1707/1707/1707
f 1707/1707/1707 1701/1701/1701 1788/1788/1788
f 1707/1707/1707 1788/1788/1788 1809/1809/1809
f 1701/1701/1701 1592/1592/1592 1688/1688/1688
f 1701/1701/1701 1688/1688/1688 1788/1788/1788
f 1688/1688/1688 1592/1592/1592 1594/1594/1594
f 1788/1788/1788 1688/1688/1688 1751/1751/1751
f 1751/1751/1751 1688/1688/1688 1680/1680/1680
f 1680/1680/1680 1688/1688/1688 1594/1594/1594
f 1751/1751/1751 1680/1680/1680 1702/1702/1702
f 1702/1702/1702 1680/1680/1680 1682/1682/1682
f 1680/1680/1680 1594/1594/1594 1596/1596/1596
f 1596/1596/1596 1594/1594/1594 18/18/18
f 1682/1682/1682 1680/1680/1680 1664/1664/1664
f 1664/1664/1664 1680/1680/1680 1596/1596/1596
f 1596/1596/1596 18/18/18 1599/1599/1599
f 1596/1596/1596 1599/1599/1599 1664/1664/1664
f 1664/1664/1664 1599/1599/1599 1682/1682/1682
f 1682/1682/1682 1599/1599/1599 1690/1690/1690
f 1690/1690/1690 1599/1599/1599 1695/1695/1695
f 1597/1597/1597 1665/1665/1665 1599/1599/1599
f 1597/1597/1597 1599/1599/1599 19/19/19
f 1597/1597/1597 19/19/19 28/28/28
f 19/19/19 1599/1599/1599 31/31/31
f 19/19/19 31/31/31 28/28/28
f 31/31/31 1599/1599/1599 44/44/44
f 44/44/44 1599/1599/1599 59/59/59
f 59/59/59 1599/1599/1599 80/80/80
f 59/59/59 80/80/80 190/190/190
f 44/44/44 59/59/59 165/165/165
f 165/165/165 59/59/59 190/190/190
f 31/31/31 44/44/44 127/127/127
f 127/127/127 44/44/44 165/165/165
f 62/62/62 28/28/28 31/31/31
f 62/62/62 31/31/31 127/127/127
f 28/28/28 62/62/62 125/125/125
f 28/28/28 125/125/125 41/41/41
f 41/41/41 125/125/125 162/162/162
f 41/41/41 162/162/162 54/54/54
f 162/162/162 125/125/125 247/247/247
f 125/125/125 62/62/62 181/181/181
f 125/125/125 181/181/181 247/247/247
f 181/181/181 62/62/62 127/127/127
f 247/247/247 181/181/181 378/378/378
f 247/247/247 378/378/378 423/423/423
f 423/423/423 378/378/378 518/518/518
f 181/181/181 127/127/127 259/259/259
f 181/181/181 259/259/259 378/378/378
f 259/259/259 127/127/127 165/165/165
f 518/518/518 378/378/378 425/425/425
f 425/425/425 378/378/378 259/259/259
f 518/518/518 425/425/425 472/472/472
f 259/259/259 165/165/165 316/316/316
f 259/259/259 316/316/316 425/425/425
f 425/425/425 316/316/316 472/472/472
f 316/316/316 165/165/165 190/190/190
f 472/472/472 316/316/316 380/380/380
f 380/380/380 316/316/316 190/190/190
f 329/329/329 376/376/376 203/203/203
f 203/203/203 376/376/376 219/219/219
f 219/219/219 376/376/376 313/313/313
f 203/203/203 219/219/219 70/70/70
f 70/70/70 219/219/219 87/87/87
f 87/87/87 219/219/219 188/188/188
f 70/70/70 87/87/87 1576/1576/1576
f 87/87/87 188/188/188 76/76/76
f 1576/1576/1576 87/87/87 1577/1577/1577
f 1577/1577/1577 87/87/87 76/76/76
f 1576/1576/1576 1577/1577/1577 1721/1721/1721
f 1577/1577/1577 76/76/76 1587/1587/1587
f 1721/1721/1721 1577/1577/1577 1724/1724/1724
f 1724/1724/1724 1577/1577/1577 1587/1587/1587
f 1721/1721/1721 1724/1724/1724 1829/1829/1829
f 1829/1829/1829 1724/1724/1724 1840/1840/1840
f 1724/1724/1724 1587/1587/1587 1708/1708/1708
f 1724/1724/1724 1708/1708/1708 1840/1840/1840
f 1708/1708/1708 1587/1587/1587 1591/1591/1591
f 1840/1840/1840 1708/1708/1708 1810/1810/1810
f 585/585/585 625/625/625 550/550/550
f 585/585/585 550/550/550 470/470/470
f 585/585/585 470/470/470 519/519/519
f 470/470/470 550/550/550 445/445/445
f 519/519/519 470/470/470 424/424/424
f 470/470/470 445/445/445 377/377/377
f 424/424/424 470/470/470 314/314/314
f 314/314/314 470/470/470 377/377/377
f 424/424/424 314/314/314 248/248/248
f 377/377/377 445/445/445 327/327/327
f 248/248/248 314/314/314 163/163/163
f 377/377/377 327/327/327 220/220/220
f 314/314/314 377/377/377 189/189/189
f 314/314/314 189/189/189 163/163/163
f 189/189/189 377/377/377 220/220/220
f 163/163/163 189/189/189 78/78/78
f 78/78/78 189/189/189 220/220/220
f 163/163/163 78/78/78 56/56/56
f 220/220/220 327/327/327 202/202/202
f 78/78/78 220/220/220 89/89/89
f 89/89/89 220/220/220 202/202/202
f 89/89/89 202/202/202 68/68/68
f 29/29/29 42/42/42 1595/1595/1595
f 29/29/29 1595/1595/1595 1598/1598/1598
f 1598/1598/1598 1595/1595/1595 1666/1666/1666
f 1595/1595/1595 42/42/42 1593/1593/1593
f 1593/1593/1593 42/42/42 55/55/55
f 1666/1666/1666 1595/1595/1595 1681/1681/1681
f 1681/1681/1681 1595/1595/1595 1593/1593/1593
f 1593/1593/1593 55/55/55 1589/1589/1589
f 1589/1589/1589 55/55/55 77/77/77
f 1681/1681/1681 1593/1593/1593 1689/1689/1689
f 1689/1689/1689 1593/1593/1593 1589/1589/1589
f 1666/1666/1666 1681/1681/1681 1705/1705/1705
f 1681/1681/1681 1689/1689/1689 1753/1753/1753
f 1681/1681/1681 1753/1753/1753 1705/1705/1705
f 1666/1666/1666 1705/1705/1705 1684/1684/1684
f 1666/1666/1666 1684/1684/1684 1600/1600/1600
f 1684/1684/1684 1705/1705/1705 1692/1692/1692
f 1684/1684/1684 1692/1692/1692 1600/1600/1600
f 1705/1705/1705 1753/1753/1753 1756/1756/1756
f 1705/1705/1705 1756/1756/1756 1692/1692/1692
f 1692/1692/1692 1756/1756/1756 1706/1706/1706
f 1692/1692/1692 1706/1706/1706 1600/1600/1600
f 1756/1756/1756 1753/1753/1753 1813/1813/1813
f 1706/1706/1706 1756/1756/1756 1791/1791/1791
f 1791/1791/1791 1756/1756/1756 1813/1813/1813
f 1706/1706/1706 1791/1791/1791 1712/1712/1712
f 1706/1706/1706 1712/1712/1712 1600/1600/1600
f 1813/1813/1813 1753/1753/1753 1787/1787/1787
f 1787/1787/1787 1753/1753/1753 1689/1689/1689
f 1791/1791/1791 1813/1813/1813 1890/1890/1890
f 1712/1712/1712 1791/1791/1791 1815/1815/1815
f 1815/1815/1815 1791/1791/1791 1890/1890/1890
f 1890/1890/1890 1813/1813/1813 1886/1886/1886
f 1886/1886/1886 1813/1813/1813 1787/1787/1787
f 1815/1815/1815 1890/1890/1890 1934/1934/1934
f 1890/1890/1890 1886/1886/1886 1988/1988/1988
f 1890/1890/1890 1988/1988/1988 1934/1934/1934
f 1988/1988/1988 1886/1886/1886 1930/1930/1930
f 1930/1930/1930 1886/1886/1886 1787/1787/1787
f 1730/1730/1730 1712/1712/1712 1815/1815/1815
f 1712/1712/1712 1730/1730/1730 1600/1600/1600
f 1815/1815/1815 1934/1934/1934 1846/1846/1846
f 1815/1815/1815 1846/1846/1846 1730/1730/1730
f 1930/1930/1930 1787/1787/1787 1812/1812/1812
f 1930/1930/1930 1812/1812/1812 1838/1838/1838
f 1838/1838/1838 1812/1812/1812 1709/1709/1709
f 1709/1709/1709 1812/1812/1812 1787/1787/1787
f 1709/1709/1709 1787/1787/1787 1700/1700/1700
f 1700/1700/1700 1787/1787/1787 1689/1689/1689
f 1700/1700/1700 1689/1689/1689 1589/1589/1589
f 1700/1700/1700 1589/1589/1589 1588/1588/1588
f 1700/1700/1700 1588/1588/1588 1709/1709/1709
f 1588/1588/1588 1589/1589/1589 77/77/77
f 1588/1588/1588 77/77/77 88/88/88
f 1588/1588/1588 88/88/88 1578/1578/1578
f 1588/1588/1588 1578/1578/1578 1709/1709/1709
f 1709/1709/1709 1578/1578/1578 1722/1722/1722
f 1881/1881/1881 1730/1730/1730 1846/1846/1846
f 1730/1730/1730 1881/1881/1881 1742/1742/1742
f 1730/1730/1730 1742/1742/1742 1600/1600/1600
f 1881/1881/1881 1846/1846/1846 2003/2003/2003
f 2003/2003/2003 1846/1846/1846 1934/1934/1934
f 1742/1742/1742 1881/1881/1881 1741/1741/1741
f 1742/1742/1742 1741/1741/1741 1600/1600/1600
f 2003/2003/2003 1934/1934/1934 2077/2077/2077
f 2077/2077/2077 1934/1934/1934 1988/1988/1988
f 2003/2003/2003 2077/2077/2077 2144/2144/2144
f 2077/2077/2077 1988/1988/1988 2060/2060/2060
f 2060/2060/2060 1988/1988/1988 1930/1930/1930
f 2060/2060/2060 1930/1930/1930 2126/2126/2126
f 2077/2077/2077 2060/2060/2060 2176/2176/2176
f 2176/2176/2176 2060/2060/2060 2126/2126/2126
f 2077/2077/2077 2176/2176/2176 2144/2144/2144
f 2176/2176/2176 2126/2126/2126 2269/2269/2269
f 2176/2176/2176 2269/2269/2269 2274/2274/2274
f 2176/2176/2176 2274/2274/2274 2144/2144/2144
f 2274/2274/2274 2269/2269/2269 2369/2369/2369
f 2038/2038/2038 2003/2003/2003 2144/2144/2144
f 2003/2003/2003 2038/2038/2038 1881/1881/1881
f 2144/2144/2144 2274/2274/2274 2339/2339/2339
f 2274/2274/2274 2369/2369/2369 2420/2420/2420
f 2274/2274/2274 2420/2420/2420 2339/2339/2339
f 2420/2420/2420 2369/2369/2369 2335/2335/2335
f 2420/2420/2420 2335/2335/2335 2383/2383/2383
f 2420/2420/2420 2383/2383/2383 2432/2432/2432
f 2420/2420/2420 2432/2432/2432 2339/2339/2339
f 2432/2432/2432 2383/2383/2383 2399/2399/2399
f 2432/2432/2432 2399/2399/2399 2421/2421/2421
f 2421/2421/2421 2399/2399/2399 2381/2381/2381
f 2432/2432/2432 2421/2421/2421 2337/2337/2337
f 2339/2339/2339 2432/2432/2432 2354/2354/2354
f 2354/2354/2354 2432/2432/2432 2337/2337/2337
f 2339/2339/2339 2354/2354/2354 2201/2201/2201
f 2201/2201/2201 2354/2354/2354 2337/2337/2337
f 2178/2178/2178 2144/2144/2144 2339/2339/2339
f 2178/2178/2178 2339/2339/2339 2201/2201/2201
f 2144/2144/2144 2178/2178/2178 2038/2038/2038
f 2201/2201/2201 2337/2337/2337 2177/2177/2177
f 2177/2177/2177 2337/2337/2337 2272/2272/2272
f 2177/2177/2177 2272/2272/2272 2142/2142/2142
f 2201/2201/2201 2177/2177/2177 2036/2036/2036
f 2036/2036/2036 2177/2177/2177 2142/2142/2142
f 2178/2178/2178 2201/2201/2201 2037/2037/2037
f 2178/2178/2178 2037/2037/2037 2038/2038/2038
f 2037/2037/2037 2201/2201/2201 2036/2036/2036
f 2038/2038/2038 2037/2037/2037 1880/1880/1880
f 2038/2038/2038 1880/1880/1880 1881/1881/1881
f 1881/1881/1881 1880/1880/1880 1741/1741/1741
f 1880/1880/1880 2037/2037/2037 1879/1879/1879
f 1879/1879/1879 2037/2037/2037 2036/2036/2036
f 1741/1741/1741 1880/1880/1880 1740/1740/1740
f 1740/1740/1740 1880/1880/1880 1879/1879/1879
f 1741/1741/1741 1740/1740/1740 1600/1600/1600
f 2002/2002/2002 2036/2036/2036 2142/2142/2142
f 2036/2036/2036 2002/2002/2002 1879/1879/1879
f 2002/2002/2002 2142/2142/2142 1932/1932/1932
f 1600/1600/1600 1740/1740/1740 1729/1729/1729
f 1740/1740/1740 1879/1879/1879 1845/1845/1845
f 1740/1740/1740 1845/1845/1845 1729/1729/1729
f 1845/1845/1845 1879/1879/1879 2002/2002/2002
f 1600/1600/1600 1729/1729/1729 1711/1711/1711
f 1711/1711/1711 1729/1729/1729 1845/1845/1845
f 1600/1600/1600 1711/1711/1711 1696/1696/1696
f 1845/1845/1845 2002/2002/2002 1814/1814/1814
f 1845/1845/1845 1814/1814/1814 1711/1711/1711
f 1814/1814/1814 2002/2002/2002 1932/1932/1932
f 1711/1711/1711 1814/1814/1814 1696/1696/1696
f 1814/1814/1814 1932/1932/1932 1790/1790/1790
f 1814/1814/1814 1790/1790/1790 1696/1696/1696
f 1790/1790/1790 1932/1932/1932 1888/1888/1888
f 1696/1696/1696 1790/1790/1790 1691/1691/1691
f 1790/1790/1790 1888/1888/1888 1754/1754/1754
f 1790/1790/1790 1754/1754/1754 1691/1691/1691
f 1691/1691/1691 1754/1754/1754 1683/1683/1683
f 1683/1683/1683 1754/1754/1754 1703/1703/1703
f 1703/1703/1703 1754/1754/1754 1799/1799/1799
f 1889/1889/1889 1933/1933/1933 2061/2061/2061
f 2061/2061/2061 1933/1933/1933 2143/2143/2143
f 2061/2061/2061 2143/2143/2143 2175/2175/2175
f 2175/2175/2175 2143/2143/2143 2273/2273/2273
f 1889/1889/1889 2061/2061/2061 1987/1987/1987
f 1987/1987/1987 2061/2061/2061 2175/2175/2175
f 2175/2175/2175 2273/2273/2273 2371/2371/2371
f 2371/2371/2371 2273/2273/2273 2338/2338/2338
f 2371/2371/2371 2338/2338/2338 2422/2422/2422
f 2371/2371/2371 2422/2422/2422 2382/2382/2382
f 2371/2371/2371 2382/2382/2382 2334/2334/2334
f 2371/2371/2371 2334/2334/2334 2271/2271/2271
f 2371/2371/2371 2271/2271/2271 2175/2175/2175
f 2271/2271/2271 2334/2334/2334 2212/2212/2212
f 2175/2175/2175 2271/2271/2271 2059/2059/2059
f 2175/2175/2175 2059/2059/2059 1987/1987/1987
f 2271/2271/2271 2212/2212/2212 2128/2128/2128
f 2271/2271/2271 2128/2128/2128 2059/2059/2059
f 2128/2128/2128 2212/2212/2212 2085/2085/2085
f 2128/2128/2128 2085/2085/2085 1986/1986/1986
f 1986/1986/1986 2085/2085/2085 1954/1954/1954
f 1986/1986/1986 1954/1954/1954 1841/1841/1841
f 1841/1841/1841 1954/1954/1954 1830/1830/1830
f 1986/1986/1986 1841/1841/1841 1811/1811/1811
f 2128/2128/2128 1986/1986/1986 1929/1929/1929
f 1929/1929/1929 1986/1986/1986 1811/1811/1811
f 2128/2128/2128 1929/1929/1929 2059/2059/2059
f 1929/1929/1929 1811/1811/1811 1789/1789/1789
f 2059/2059/2059 1929/1929/1929 1887/1887/1887
f 1887/1887/1887 1929/1929/1929 1789/1789/1789
f 2059/2059/2059 1887/1887/1887 1987/1987/1987
f 1887/1887/1887 1789/1789/1789 1752/1752/1752
f 1987/1987/1987 1887/1887/1887 1800/1800/1800
f 1800/1800/1800 1887/1887/1887 1752/1752/1752
f 1800/1800/1800 1752/1752/1752 1704/1704/1704
f 1987/1987/1987 1800/1800/1800 1889/1889/1889
f 1889/1889/1889 1800/1800/1800 1755/1755/1755
f 2336/2336/2336 2370/2370/2370 2213/2213/2213
f 2213/2213/2213 2370/2370/2370 2270/2270/2270
f 2213/2213/2213 2270/2270/2270 2084/2084/2084
f 2084/2084/2084 2270/2270/2270 2127/2127/2127
f 2084/2084/2084 2127/2127/2127 1953/1953/1953
f 1953/1953/1953 2127/2127/2127 1985/1985/1985
f 1985/1985/1985 2127/2127/2127 1931/1931/1931
f 1953/1953/1953 1985/1985/1985 1828/1828/1828
f 1985/1985/1985 1931/1931/1931 1839/1839/1839
f 1985/1985/1985 1839/1839/1839 1828/1828/1828
f 1828/1828/1828 1839/1839/1839 1720/1720/1720
f 1720/1720/1720 1839/1839/1839 1723/1723/1723
f 1723/1723/1723 1839/1839/1839 1710/1710/1710
f 1720/1720/1720 1723/1723/1723 1575/1575/1575
f 1575/1575/1575 1723/1723/1723 1579/1579/1579
f 1575/1575/1575 1579/1579/1579 69/69/69
f 69/69/69 1579/1579/1579 90/90/90
f 1999/1999/1999 2197/2197/2197 2196/2196/2196
f 1999/1999/1999 2196/2196/2196 2011/2011/2011
f 2197/2197/2197 1999/1999/1999 2014/2014/2014
f 2011/2011/2011 2196/2196/2196 2445/2445/2445
f 2197/2197/2197 2014/2014/2014 2470/2470/2470
f 2470/2470/2470 2014/2014/2014 1871/1871/1871
f 2197/2197/2197 2470/2470/2470 2379/2379/2379
f 2379/2379/2379 2470/2470/2470 2489/2489/2489
f 2378/2378/2378 2196/2196/2196 2197/2197/2197
f 2378/2378/2378 2197/2197/2197 2379/2379/2379
f 2378/2378/2378 2379/2379/2379 2489/2489/2489
f 2196/2196/2196 2378/2378/2378 2445/2445/2445
f 2378/2378/2378 2489/2489/2489 2468/2468/2468
f 2378/2378/2378 2468/2468/2468 2445/2445/2445
f 2468/2468/2468 2489/2489/2489 2309/2309/2309
f 2468/2468/2468 2309/2309/2309 2445/2445/2445
f 1857/1857/1857 2011/2011/2011 2445/2445/2445
f 2445/2445/2445 2309/2309/2309 2262/2262/2262
f 2445/2445/2445 2262/2262/2262 1857/1857/1857
f 2262/2262/2262 2309/2309/2309 2266/2266/2266
f 2262/2262/2262 2266/2266/2266 1857/1857/1857
f 1857/1857/1857 2266/2266/2266 1869/1869/1869
f 2308/2308/2308 2488/2488/2488 2310/2310/2310
f 2308/2308/2308 2310/2310/2310 2265/2265/2265
f 2310/2310/2310 2488/2488/2488 2289/2289/2289
f 2310/2310/2310 2289/2289/2289 2265/2265/2265
f 2289/2289/2289 2488/2488/2488 2469/2469/2469
f 2289/2289/2289 2469/2469/2469 1872/1872/1872
f 2289/2289/2289 1872/1872/1872 2265/2265/2265
f 2265/2265/2265 1872/1872/1872 1868/1868/1868
f 2015/2015/2015 2000/2000/2000 1859/1859/1859
f 2015/2015/2015 1859/1859/1859 1873/1873/1873
f 1873/1873/1873 1859/1859/1859 1870/1870/1870
f 1870/1870/1870 1859/1859/1859 1858/1858/1858
f 1858/1858/1858 1859/1859/1859 1825/1825/1825
f 1825/1825/1825 1859/1859/1859 1983/1983/1983
f 1858/1858/1858 1825/1825/1825 2012/2012/2012
f 1984/1984/1984 1860/1860/1860 2001/2001/2001
f 1984/1984/1984 2001/2001/2001 2013/2013/2013
f 1984/1984/1984 2013/2013/2013 1826/1826/1826
f 2670/2670/2670 2672/2672/2672 2734/2734/2734
f 2670/2670/2670 2734/2734/2734 2961/2961/2961
f 2961/2961/2961 2734/2734/2734 2992/2992/2992
f 2670/2670/2670 2961/2961/2961 2960/2960/2960
f 2960/2960/2960 2961/2961/2961 2992/2992/2992
f 2670/2670/2670 2960/2960/2960 2672/2672/2672
f 2960/2960/2960 2992/2992/2992 3078/3078/3078
f 2960/2960/2960 3078/3078/3078 3032/3032/3032
f 2960/2960/2960 3032/3032/3032 2672/2672/2672
f 3032/3032/3032 3078/3078/3078 3093/3093/3093
f 2672/2672/2672 3032/3032/3032 2752/2752/2752
f 2672/2672/2672 2752/2752/2752 2794/2794/2794
f 2794/2794/2794 2752/2752/2752 2771/2771/2771
f 2771/2771/2771 2752/2752/2752 3032/3032/3032
f 2771/2771/2771 3032/3032/3032 3055/3055/3055
f 3055/3055/3055 3032/3032/3032 3093/3093/3093
f 2771/2771/2771 3055/3055/3055 3068/3068/3068
f 3068/3068/3068 3055/3055/3055 3093/3093/3093
f 3077/3077/3077 2991/2991/2991 3081/3081/3081
f 3077/3077/3077 3081/3081/3081 3092/3092/3092
f 3092/3092/3092 3081/3081/3081 3095/3095/3095
f 3092/3092/3092 3095/3095/3095 3067/3067/3067
f 3081/3081/3081 2991/2991/2991 2999/2999/2999
f 2999/2999/2999 2991/2991/2991 2733/2733/2733
f 3095/3095/3095 3081/3081/3081 3069/3069/3069
f 3095/3095/3095 3069/3069/3069 3067/3067/3067
f 3069/3069/3069 3081/3081/3081 2999/2999/2999
f 2999/2999/2999 2733/2733/2733 2732/2732/2732
f 2999/2999/2999 2732/2732/2732 3069/3069/3069
f 2732/2732/2732 2733/2733/2733 2730/2730/2730
f 2730/2730/2730 2733/2733/2733 2671/2671/2671
f 2730/2730/2730 2671/2671/2671 2793/2793/2793
f 2730/2730/2730 2793/2793/2793 2732/2732/2732
f 3069/3069/3069 2732/2732/2732 2809/2809/2809
f 3069/3069/3069 2809/2809/2809 3067/3067/3067
f 2809/2809/2809 2732/2732/2732 2793/2793/2793
f 3067/3067/3067 2809/2809/2809 2808/2808/2808
f 2808/2808/2808 2809/2809/2809 2793/2793/2793
f 3067/3067/3067 2808/2808/2808 2770/2770/2770
f 2770/2770/2770 2808/2808/2808 2793/2793/2793
f 1047/1047/1047 1033/1033/1033 1061/1061/1061
f 1047/1047/1047 1061/1061/1061 1223/1223/1223
f 1047/1047/1047 1223/1223/1223 1225/1225/1225
f 1225/1225/1225 1223/1223/1223 1211/1211/1211
f 1047/1047/1047 1225/1225/1225 817/817/817
f 1047/1047/1047 817/817/817 1033/1033/1033
f 817/817/817 1225/1225/1225 1056/1056/1056
f 1223/1223/1223 1061/1061/1061 1011/1011/1011
f 1011/1011/1011 1061/1061/1061 1033/1033/1033
f 1223/1223/1223 1011/1011/1011 1202/1202/1202
f 1202/1202/1202 1011/1011/1011 1185/1185/1185
f 1011/1011/1011 1033/1033/1033 995/995/995
f 1011/1011/1011 995/995/995 1185/1185/1185
f 799/799/799 1033/1033/1033 817/817/817
f 800/800/800 817/817/817 1056/1056/1056
f 817/817/817 800/800/800 799/799/799
f 800/800/800 1056/1056/1056 1032/1032/1032
f 800/800/800 1032/1032/1032 998/998/998
f 715/715/715 998/998/998 1185/1185/1185
f 998/998/998 715/715/715 800/800/800
f 715/715/715 1185/1185/1185 734/734/734
f 715/715/715 734/734/734 800/800/800
f 800/800/800 734/734/734 799/799/799
f 734/734/734 1185/1185/1185 995/995/995
f 799/799/799 734/734/734 1033/1033/1033
f 1033/1033/1033 734/734/734 995/995/995
f 997/997/997 1031/1031/1031 1008/1008/1008
f 997/997/997 1008/1008/1008 1184/1184/1184
f 1008/1008/1008 1031/1031/1031 1136/1136/1136
f 1008/1008/1008 1136/1136/1136 1184/1184/1184
f 1136/1136/1136 1031/1031/1031 1142/1142/1142
f 1142/1142/1142 1031/1031/1031 1055/1055/1055
f 1142/1142/1142 1055/1055/1055 1224/1224/1224
f 1142/1142/1142 1224/1224/1224 1210/1210/1210
f 1136/1136/1136 1142/1142/1142 1200/1200/1200
f 1136/1136/1136 1200/1200/1200 1184/1184/1184
f 1200/1200/1200 1142/1142/1142 1210/1210/1210
f 1184/1184/1184 1200/1200/1200 1201/1201/1201
f 1200/1200/1200 1210/1210/1210 1222/1222/1222
f 1200/1200/1200 1222/1222/1222 1201/1201/1201
f 5/5/5 24/24/24 1/1/1
f 5/5/5 1/1/1 1807/1807/1807
f 1/1/1 24/24/24 6/6/6
f 24/24/24 5/5/5 1556/1556/1556
f 24/24/24 1556/1556/1556 6/6/6
f 1556/1556/1556 5/5/5 1798/1798/1798
f 1798/1798/1798 5/5/5 1807/1807/1807
f 6/6/6 1556/1556/1556 1654/1654/1654
f 1556/1556/1556 1798/1798/1798 1823/1823/1823
f 1823/1823/1823 1798/1798/1798 1807/1807/1807
f 6/6/6 1654/1654/1654 1561/1561/1561
f 6/6/6 1561/1561/1561 1/1/1
f 1/1/1 1561/1561/1561 1807/1807/1807
f 1823/1823/1823 1807/1807/1807 1836/1836/1836
f 1807/1807/1807 1561/1561/1561 1808/1808/1808
f 1807/1807/1807 1808/1808/1808 1836/1836/1836
f 1808/1808/1808 1561/1561/1561 1853/1853/1853
f 1808/1808/1808 1853/1853/1853 1836/1836/1836
f 1562/1562/1562 1656/1656/1656 1671/1671/1671
f 1562/1562/1562 1671/1671/1671 1856/1856/1856
f 1851/1851/1851 1558/1558/1558 1824/1824/1824
f 1851/1851/1851 1824/1824/1824 1837/1837/1837
f 1851/1851/1851 1837/1837/1837 1867/1867/1867
f 1867/1867/1867 1837/1837/1837 1855/1855/1855
f 1663/1663/1663 1655/1655/1655 1557/1557/1557
f 1663/1663/1663 1557/1557/1557 1850/1850/1850
f 1663/1663/1663 1850/1850/1850 1835/1835/1835
f 1835/1835/1835 1850/1850/1850 1866/1866/1866
f 1835/1835/1835 1866/1866/1866 1852/1852/1852
f 1835/1835/1835 1852/1852/1852 1663/1663/1663
f 1852/1852/1852 1866/1866/1866 1854/1854/1854
f 1655/1655/1655 1663/1663/1663 1669/1669/1669
f 1669/1669/1669 1663/1663/1663 1852/1852/1852
f 1669/1669/1669 1852/1852/1852 1854/1854/1854
f 1655/1655/1655 1669/1669/1669 1670/1670/1670
f 1670/1670/1670 1669/1669/1669 1854/1854/1854
f 2655/2655/2655 2647/2647/2647 2656/2656/2656
f 2647/2647/2647 2655/2655/2655 2903/2903/2903
f 2903/2903/2903 2655/2655/2655 2913/2913/2913
f 2913/2913/2913 2655/2655/2655 2660/2660/2660
f 2660/2660/2660 2655/2655/2655 2656/2656/2656
f 2913/2913/2913 2660/2660/2660 2916/2916/2916
f 2916/2916/2916 2660/2660/2660 2716/2716/2716
f 2656/2656/2656 2647/2647/2647 2648/2648/2648
f 2716/2716/2716 2660/2660/2660 2702/2702/2702
f 2702/2702/2702 2660/2660/2660 2656/2656/2656
f 2716/2716/2716 2702/2702/2702 2717/2717/2717
f 2716/2716/2716 2717/2717/2717 2985/2985/2985
f 2702/2702/2702 2656/2656/2656 2685/2685/2685
f 2685/2685/2685 2656/2656/2656 2648/2648/2648
f 2702/2702/2702 2685/2685/2685 2717/2717/2717
f 2985/2985/2985 2717/2717/2717 2965/2965/2965
f 2717/2717/2717 2685/2685/2685 2701/2701/2701
f 2717/2717/2717 2701/2701/2701 2965/2965/2965
f 2965/2965/2965 2701/2701/2701 2700/2700/2700
f 2700/2700/2700 2701/2701/2701 2685/2685/2685
f 2965/2965/2965 2700/2700/2700 2947/2947/2947
f 2685/2685/2685 2648/2648/2648 2654/2654/2654
f 2685/2685/2685 2654/2654/2654 2700/2700/2700
f 2700/2700/2700 2654/2654/2654 2947/2947/2947
f 2654/2654/2654 2648/2648/2648 2647/2647/2647
f 2947/2947/2947 2654/2654/2654 2905/2905/2905
f 2905/2905/2905 2654/2654/2654 2647/2647/2647
f 2904/2904/2904 2646/2646/2646 2902/2902/2902
f 2904/2904/2904 2902/2902/2902 2911/2911/2911
f 2904/2904/2904 2911/2911/2911 2946/2946/2946
f 2946/2946/2946 2911/2911/2911 2963/2963/2963
f 2946/2946/2946 2963/2963/2963 2964/2964/2964
f 2964/2964/2964 2963/2963/2963 2984/2984/2984
f 2963/2963/2963 2911/2911/2911 2977/2977/2977
f 2911/2911/2911 2902/2902/2902 2922/2922/2922
f 2911/2911/2911 2922/2922/2922 2977/2977/2977
f 2922/2922/2922 2902/2902/2902 2912/2912/2912
f 2977/2977/2977 2922/2922/2922 2915/2915/2915
f 2915/2915/2915 2922/2922/2922 2912/2912/2912
f 2983/2983/2983 2962/2962/2962 2976/2976/2976
f 2983/2983/2983 2976/2976/2976 2982/2982/2982
f 2983/2983/2983 2982/2982/2982 2715/2715/2715
f 2982/2982/2982 2976/2976/2976 2914/2914/2914
f 2982/2982/2982 2914/2914/2914 2715/2715/2715
f 2684/2684/2684 2662/2662/2662 2727/2727/2727
f 2662/2662/2662 2684/2684/2684 3012/3012/3012
f 3012/3012/3012 2684/2684/2684 2727/2727/2727
f 2727/2727/2727 2662/2662/2662 2714/2714/2714
f 2714/2714/2714 2662/2662/2662 2593/2593/2593
f 2593/2593/2593 2662/2662/2662 2557/2557/2557
f 2727/2727/2727 2714/2714/2714 2729/2729/2729
f 2727/2727/2727 2729/2729/2729 3019/3019/3019
f 2729/2729/2729 2714/2714/2714 2593/2593/2593
f 2593/2593/2593 2557/2557/2557 2559/2559/2559
f 2593/2593/2593 2559/2559/2559 2608/2608/2608
f 2593/2593/2593 2608/2608/2608 2619/2619/2619
f 2593/2593/2593 2619/2619/2619 2729/2729/2729
f 2729/2729/2729 2619/2619/2619 2901/2901/2901
f 3010/3010/3010 2726/2726/2726 3020/3020/3020
f 3020/3020/3020 2726/2726/2726 3018/3018/3018
f 3020/3020/3020 3018/3018/3018 3060/3060/3060
f 3060/3060/3060 3018/3018/3018 2899/2899/2899
f 2899/2899/2899 3018/3018/3018 2728/2728/2728
f 3060/3060/3060 2899/2899/2899 3022/3022/3022
f 3022/3022/3022 2899/2899/2899 2884/2884/2884
f 3013/3013/3013 2661/2661/2661 3011/3011/3011
f 2661/2661/2661 3013/3013/3013 2556/2556/2556
f 3013/3013/3013 3011/3011/3011 3021/3021/3021
f 3013/3013/3013 3021/3021/3021 3059/3059/3059
f 3059/3059/3059 3021/3021/3021 3061/3061/3061
f 2556/2556/2556 3013/3013/3013 2869/2869/2869
f 2869/2869/2869 3013/3013/3013 3059/3059/3059
f 2556/2556/2556 2869/2869/2869 2558/2558/2558
f 3059/3059/3059 3061/3061/3061 3017/3017/3017
f 3059/3059/3059 3017/3017/3017 2869/2869/2869
f 3017/3017/3017 3061/3061/3061 3023/3023/3023
f 2558/2558/2558 2869/2869/2869 2870/2870/2870
f 2870/2870/2870 2869/2869/2869 3017/3017/3017
f 3017/3017/3017 3023/3023/3023 2885/2885/2885
f 3017/3017/3017 2885/2885/2885 2870/2870/2870
f 2870/2870/2870 2885/2885/2885 2558/2558/2558
f 2558/2558/2558 2885/2885/2885 2607/2607/2607
f 2607/2607/2607 2885/2885/2885 2618/2618/2618
f 2618/2618/2618 2885/2885/2885 2900/2900/2900
